candidate,body_id,type,superclass,side,fast_sign,role
KCg-d-L-t1,10042,vCal2,visual_projection,L,-1,input_partner
KCg-d-L-t1,10149,LT79,visual_projection,L,1,input_partner
KCg-d-L-t1,10174,LT43,visual_projection,L,-1,input_partner
KCg-d-L-t1,10321,VL2p_adPN,cb_intrinsic,L,1,input_partner
KCg-d-L-t1,10368,CRE004,cb_intrinsic,L,1,input_partner
KCg-d-L-t1,10441,dCal1,ol_intrinsic,R,-1,input_partner
KCg-d-L-t1,10495,MBON05,cb_intrinsic,R,-1,output_mbon
KCg-d-L-t1,10521,CRE075,cb_intrinsic,L,-1,input_partner
KCg-d-L-t1,10540,APL,cb_intrinsic,R,-1,auxiliary_partner
KCg-d-L-t1,10556,MeVP47,visual_projection,L,1,input_partner
KCg-d-L-t1,10593,AL-MBDL1,cb_intrinsic,L,1,input_partner
KCg-d-L-t1,10597,LoVC20,cb_intrinsic,R,-1,input_partner
KCg-d-L-t1,10599,MBON35,cb_intrinsic,L,1,output_mbon
KCg-d-L-t1,10604,CL063,cb_intrinsic,L,-1,input_partner
KCg-d-L-t1,10653,VA5_lPN,cb_intrinsic,L,1,input_partner
KCg-d-L-t1,10704,MBON11,cb_intrinsic,L,-1,output_mbon
KCg-d-L-t1,10722,SLP447,cb_intrinsic,L,-1,input_partner
KCg-d-L-t1,10816,MBON31,cb_intrinsic,L,-1,output_mbon
KCg-d-L-t1,10826,MBON21,cb_intrinsic,L,1,output_mbon
KCg-d-L-t1,10916,CRE021,cb_intrinsic,L,-1,input_partner
KCg-d-L-t1,10955,vCal3,visual_projection,L,1,input_partner
KCg-d-L-t1,10958,MeVP52,visual_projection,L,1,input_partner
KCg-d-L-t1,10973,VP1m+VP5_ilPN,cb_intrinsic,L,1,input_partner
KCg-d-L-t1,10977,APL,cb_intrinsic,L,-1,auxiliary_partner
KCg-d-L-t1,11015,MeVPMe3,visual_projection,L,-1,input_partner
KCg-d-L-t1,11145,MBON20,cb_intrinsic,L,-1,output_mbon
KCg-d-L-t1,11190,LHCENT4,cb_intrinsic,L,-1,input_partner
KCg-d-L-t1,11318,CRE107,cb_intrinsic,R,-1,input_partner
KCg-d-L-t1,11322,MeVP36,visual_projection,L,1,input_partner
KCg-d-L-t1,11327,PPL101,cb_intrinsic,R,0,auxiliary_partner
KCg-d-L-t1,11358,MeVP29,visual_projection,L,1,input_partner
KCg-d-L-t1,11396,MeVPMe3,visual_projection,R,-1,input_partner
KCg-d-L-t1,11455,MBON32,cb_intrinsic,L,-1,output_mbon
KCg-d-L-t1,11564,DA1_lPN,cb_intrinsic,L,1,input_partner
KCg-d-L-t1,11618,PPL102,cb_intrinsic,L,0,auxiliary_partner
KCg-d-L-t1,11671,LT46,visual_centrifugal,R,-1,input_partner
KCg-d-L-t1,11695,LHPV6j1,cb_intrinsic,L,1,input_partner
KCg-d-L-t1,11703,VM1_lPN,cb_intrinsic,L,1,input_partner
KCg-d-L-t1,11734,DPM,cb_intrinsic,L,0,auxiliary_partner
KCg-d-L-t1,11735,MeVP49,visual_projection,L,-1,input_partner
KCg-d-L-t1,11752,PPL103,cb_intrinsic,L,0,auxiliary_partner
KCg-d-L-t1,11785,MBON33,cb_intrinsic,L,1,output_mbon
KCg-d-L-t1,11900,PPL101,cb_intrinsic,L,0,auxiliary_partner
KCg-d-L-t1,11956,LHAV2d1,cb_intrinsic,L,1,input_partner
KCg-d-L-t1,11990,MBON22,cb_intrinsic,R,1,output_mbon
KCg-d-L-t1,12162,LHCENT1,cb_intrinsic,L,-1,input_partner
KCg-d-L-t1,12211,aMe12,visual_projection,L,1,input_partner
KCg-d-L-t1,12257,pC1x_c,cb_intrinsic,L,1,input_partner
KCg-d-L-t1,12294,aMe20,visual_projection,L,1,input_partner
KCg-d-L-t1,12361,SMP012,cb_intrinsic,L,-1,input_partner
KCg-d-L-t1,12367,VM3_adPN,cb_intrinsic,L,1,input_partner
KCg-d-L-t1,12390,AVLP562,cb_intrinsic,R,1,input_partner
KCg-d-L-t1,12454,LHCENT5,cb_intrinsic,L,-1,input_partner
KCg-d-L-t1,12460,VA1d_adPN,cb_intrinsic,L,1,input_partner
KCg-d-L-t1,12500,LoVP96,visual_centrifugal,L,-1,input_partner
KCg-d-L-t1,12517,aMe12,visual_projection,L,1,input_partner
KCg-d-L-t1,12544,MeVP41,visual_projection,L,1,input_partner
KCg-d-L-t1,12569,DPM,cb_intrinsic,R,0,auxiliary_partner
KCg-d-L-t1,12611,MeVP38,visual_projection,L,1,input_partner
KCg-d-L-t1,12634,LT75,visual_projection,L,1,input_partner
KCg-d-L-t1,12662,MeVPMe4,visual_projection,R,-1,input_partner
KCg-d-L-t1,12737,aMe12,visual_projection,L,1,input_partner
KCg-d-L-t1,12740,aMe12,visual_projection,R,1,input_partner
KCg-d-L-t1,12780,AVLP475_a,cb_intrinsic,L,-1,input_partner
KCg-d-L-t1,12786,MeVP43,visual_projection,L,1,input_partner
KCg-d-L-t1,12840,DA4l_adPN,cb_intrinsic,L,1,input_partner
KCg-d-L-t1,12902,PPL108,cb_intrinsic,R,0,auxiliary_partner
KCg-d-L-t1,12918,MBON22,cb_intrinsic,L,1,output_mbon
KCg-d-L-t1,12945,MeVP30,visual_projection,L,1,input_partner
KCg-d-L-t1,13005,WEDPN12,cb_intrinsic,L,-1,input_partner
KCg-d-L-t1,13102,MeVP46,visual_projection,L,-1,input_partner
KCg-d-L-t1,13143,VA1v_adPN,cb_intrinsic,L,1,input_partner
KCg-d-L-t1,13152,MeVP25,visual_projection,L,1,input_partner
KCg-d-L-t1,13154,CL027,cb_intrinsic,L,-1,input_partner
KCg-d-L-t1,13168,PLP001,cb_intrinsic,L,-1,input_partner
KCg-d-L-t1,13190,aMe12,visual_projection,R,1,input_partner
KCg-d-L-t1,13220,AVLP257,cb_intrinsic,L,1,input_partner
KCg-d-L-t1,13334,VP1m+VP5_ilPN,cb_intrinsic,R,1,input_partner
KCg-d-L-t1,13356,VM4_adPN,cb_intrinsic,L,1,input_partner
KCg-d-L-t1,13368,MeVP50,visual_projection,L,1,input_partner
KCg-d-L-t1,13387,aMe9,visual_projection,L,1,input_partner
KCg-d-L-t1,13428,PPL102,cb_intrinsic,R,0,auxiliary_partner
KCg-d-L-t1,13450,LAL100,cb_intrinsic,L,-1,input_partner
KCg-d-L-t1,13451,PLP069,cb_intrinsic,L,-1,input_partner
KCg-d-L-t1,13531,5thsLNv_LNd6,visual_projection,L,1,input_partner
KCg-d-L-t1,13637,GNG322,cb_intrinsic,L,1,input_partner
KCg-d-L-t1,13669,CL027,cb_intrinsic,R,-1,input_partner
KCg-d-L-t1,13724,LAL100,cb_intrinsic,R,-1,input_partner
KCg-d-L-t1,13728,MBON12,cb_intrinsic,L,1,output_mbon
KCg-d-L-t1,13740,LoVP100,visual_projection,L,1,input_partner
KCg-d-L-t1,13745,DNpe035,descending_neuron,L,1,input_partner
KCg-d-L-t1,13761,LHPV6g1,cb_intrinsic,L,-1,input_partner
KCg-d-L-t1,13768,MBON12,cb_intrinsic,L,1,output_mbon
KCg-d-L-t1,13784,LoVP42,visual_projection,L,1,input_partner
KCg-d-L-t1,13807,SMP157,cb_intrinsic,L,1,input_partner
KCg-d-L-t1,13860,LAL154,cb_intrinsic,R,1,input_partner
KCg-d-L-t1,13899,PLP005,cb_intrinsic,R,-1,input_partner
KCg-d-L-t1,14077,MeVP32,visual_projection,L,1,input_partner
KCg-d-L-t1,14182,PPL103,cb_intrinsic,R,0,auxiliary_partner
KCg-d-L-t1,14205,PLP094,cb_intrinsic,L,1,input_partner
KCg-d-L-t1,14225,PPL105,cb_intrinsic,R,0,auxiliary_partner
KCg-d-L-t1,14240,MeVP42,visual_projection,L,1,input_partner
KCg-d-L-t1,14362,aMe17b,visual_centrifugal,L,-1,input_partner
KCg-d-L-t1,14437,VP3+VP1l_ivPN,cb_intrinsic,R,1,input_partner
KCg-d-L-t1,14454,LoVP70,visual_projection,L,1,input_partner
KCg-d-L-t1,14477,PS185,cb_intrinsic,L,1,input_partner
KCg-d-L-t1,14601,LHPV2h1,cb_intrinsic,L,1,input_partner
KCg-d-L-t1,14630,LT67,visual_projection,L,1,input_partner
KCg-d-L-t1,14633,5thsLNv_LNd6,visual_projection,L,1,input_partner
KCg-d-L-t1,14679,LT72,visual_projection,L,1,input_partner
KCg-d-L-t1,14705,PPL107,cb_intrinsic,R,0,auxiliary_partner
KCg-d-L-t1,15021,aMe9,visual_projection,R,1,input_partner
KCg-d-L-t1,15097,MeVP21,visual_projection,L,1,input_partner
KCg-d-L-t1,15104,aMe26,visual_projection,L,1,input_partner
KCg-d-L-t1,15271,SMP201,cb_intrinsic,L,-1,input_partner
KCg-d-L-t1,15310,PPL108,cb_intrinsic,L,0,auxiliary_partner
KCg-d-L-t1,15369,LoVP107,visual_projection,L,1,input_partner
KCg-d-L-t1,15375,PLP095,cb_intrinsic,L,1,input_partner
KCg-d-L-t1,15496,CL317,cb_intrinsic,L,-1,input_partner
KCg-d-L-t1,15525,LoVP72,visual_projection,L,1,input_partner
KCg-d-L-t1,15601,PLP197,cb_intrinsic,L,-1,input_partner
KCg-d-L-t1,15730,CL200,cb_intrinsic,L,1,input_partner
KCg-d-L-t1,15766,SMP152,cb_intrinsic,L,1,input_partner
KCg-d-L-t1,15769,LoVP74,visual_projection,L,1,input_partner
KCg-d-L-t1,15899,CL258,cb_intrinsic,L,1,input_partner
KCg-d-L-t1,15915,LoVP97,cb_intrinsic,L,1,input_partner
KCg-d-L-t1,15985,aMe24,cb_intrinsic,L,-1,input_partner
KCg-d-L-t1,16219,CB0510,cb_intrinsic,L,-1,input_partner
KCg-d-L-t1,16328,LHPV7c1,cb_intrinsic,L,1,input_partner
KCg-d-L-t1,16525,MeVP21,visual_projection,L,1,input_partner
KCg-d-L-t1,16533,aMe5,visual_projection,L,1,input_partner
KCg-d-L-t1,16582,AVLP043,cb_intrinsic,L,1,input_partner
KCg-d-L-t1,16648,VP1d_il2PN,cb_intrinsic,L,1,input_partner
KCg-d-L-t1,16674,aMe10,visual_projection,L,1,input_partner
KCg-d-L-t1,16840,LoVP57,visual_projection,L,1,input_partner
KCg-d-L-t1,16880,PLP231,cb_intrinsic,R,1,input_partner
KCg-d-L-t1,16984,PLP231,cb_intrinsic,L,1,input_partner
KCg-d-L-t1,17142,CB0670,cb_intrinsic,L,1,input_partner
KCg-d-L-t1,17225,VP3+_vPN,cb_intrinsic,L,-1,input_partner
KCg-d-L-t1,17468,SLP269,cb_intrinsic,L,1,input_partner
KCg-d-L-t1,18049,VP1d_il2PN,cb_intrinsic,R,1,input_partner
KCg-d-L-t1,18170,CL317,cb_intrinsic,R,-1,input_partner
KCg-d-L-t1,18220,MeVP12,visual_projection,L,1,input_partner
KCg-d-L-t1,18288,CL026,cb_intrinsic,L,-1,input_partner
KCg-d-L-t1,18294,PLP115_a,cb_intrinsic,L,1,input_partner
KCg-d-L-t1,18402,MeVP21,visual_projection,L,1,input_partner
KCg-d-L-t1,18534,MB-C1,cb_intrinsic,L,-1,input_partner
KCg-d-L-t1,18650,LoVP71,visual_projection,L,1,input_partner
KCg-d-L-t1,18713,MBON09,cb_intrinsic,L,-1,output_mbon
KCg-d-L-t1,18749,SMP116,cb_intrinsic,L,-1,input_partner
KCg-d-L-t1,18867,VM5d_adPN,cb_intrinsic,L,1,input_partner
KCg-d-L-t1,19267,MBON09,cb_intrinsic,L,-1,output_mbon
KCg-d-L-t1,19316,VES065,cb_intrinsic,L,1,input_partner
KCg-d-L-t1,19513,aMe10,visual_projection,R,1,input_partner
KCg-d-L-t1,19788,KCg-d,cb_intrinsic,L,1,seed_kc
KCg-d-L-t1,19845,VP3+VP1l_ivPN,cb_intrinsic,L,1,input_partner
KCg-d-L-t1,19947,CL282,cb_intrinsic,L,-1,input_partner
KCg-d-L-t1,20046,MeVPLo2,visual_projection,L,1,input_partner
KCg-d-L-t1,20194,CL234,cb_intrinsic,L,-1,input_partner
KCg-d-L-t1,20393,MeVP20,visual_projection,L,-1,input_partner
KCg-d-L-t1,20705,LAL155,cb_intrinsic,R,1,input_partner
KCg-d-L-t1,21145,PPL104,cb_intrinsic,R,0,auxiliary_partner
KCg-d-L-t1,21751,CL133,cb_intrinsic,L,-1,input_partner
KCg-d-L-t1,21970,PLP095,cb_intrinsic,L,1,input_partner
KCg-d-L-t1,21987,SLP094_b,cb_intrinsic,L,1,input_partner
KCg-d-L-t1,22463,SLP382,cb_intrinsic,L,-1,input_partner
KCg-d-L-t1,23020,CL102,cb_intrinsic,L,1,input_partner
KCg-d-L-t1,23260,CL134,cb_intrinsic,L,-1,input_partner
KCg-d-L-t1,23393,AVLP596,cb_intrinsic,L,1,input_partner
KCg-d-L-t1,23738,MeVPLo2,visual_projection,R,1,input_partner
KCg-d-L-t1,23808,CL127,cb_intrinsic,L,-1,input_partner
KCg-d-L-t1,24015,LoVP38,visual_projection,L,-1,input_partner
KCg-d-L-t1,24355,SLP223,cb_intrinsic,L,1,input_partner
KCg-d-L-t1,24461,PLP069,cb_intrinsic,L,-1,input_partner
KCg-d-L-t1,24471,AVLP044_a,cb_intrinsic,L,1,input_partner
KCg-d-L-t1,24516,PVLP008_b,cb_intrinsic,L,-1,input_partner
KCg-d-L-t1,24724,SIP128m,cb_intrinsic,L,1,input_partner
KCg-d-L-t1,24766,MeVP22,visual_projection,L,-1,input_partner
KCg-d-L-t1,24856,CRE082,cb_intrinsic,L,1,input_partner
KCg-d-L-t1,25103,LoVP38,visual_projection,L,-1,input_partner
KCg-d-L-t1,26754,SLP360_d,cb_intrinsic,L,1,input_partner
KCg-d-L-t1,26977,M_adPNm7,cb_intrinsic,L,1,input_partner
KCg-d-L-t1,27181,CL004,cb_intrinsic,L,-1,input_partner
KCg-d-L-t1,27403,CRE066,cb_intrinsic,R,1,input_partner
KCg-d-L-t1,27412,MeVP1,visual_projection,L,1,input_partner
KCg-d-L-t1,28203,CL359,cb_intrinsic,L,1,input_partner
KCg-d-L-t1,28434,PAM10,cb_intrinsic,R,0,auxiliary_partner
KCg-d-L-t1,28848,KCg-d,cb_intrinsic,L,1,seed_kc
KCg-d-L-t1,28995,CL096,cb_intrinsic,L,1,input_partner
KCg-d-L-t1,29565,PAM10,cb_intrinsic,R,0,auxiliary_partner
KCg-d-L-t1,29799,CRE027,cb_intrinsic,L,-1,input_partner
KCg-d-L-t1,30095,AN09B033,ascending_neuron,R,1,input_partner
KCg-d-L-t1,30109,LoVP37,cb_intrinsic,L,-1,input_partner
KCg-d-L-t1,31118,MeVPLo2,visual_projection,R,1,input_partner
KCg-d-L-t1,32357,PLP026,cb_intrinsic,L,-1,input_partner
KCg-d-L-t1,32474,CB1056,cb_intrinsic,R,-1,input_partner
KCg-d-L-t1,32683,KCg-d,cb_intrinsic,L,1,seed_kc
KCg-d-L-t1,32818,CRE060,cb_intrinsic,R,1,input_partner
KCg-d-L-t1,32865,PAM10,cb_intrinsic,L,0,auxiliary_partner
KCg-d-L-t1,32873,PLP119,cb_intrinsic,L,-1,input_partner
KCg-d-L-t1,33047,mALB1,cb_intrinsic,R,-1,input_partner
KCg-d-L-t1,33493,MeVP12,visual_projection,L,1,input_partner
KCg-d-L-t1,33681,LoVP66,visual_projection,L,1,input_partner
KCg-d-L-t1,34068,DL3_lPN,cb_intrinsic,L,1,input_partner
KCg-d-L-t1,34091,SMP445,cb_intrinsic,L,-1,input_partner
KCg-d-L-t1,34149,CB1087,cb_intrinsic,L,-1,input_partner
KCg-d-L-t1,34321,MB-C1,cb_intrinsic,L,-1,input_partner
KCg-d-L-t1,35109,LHPV2a1_a,cb_intrinsic,L,-1,input_partner
KCg-d-L-t1,35854,CL015_a,cb_intrinsic,L,-1,input_partner
KCg-d-L-t1,36124,PLP181,cb_intrinsic,L,-1,input_partner
KCg-d-L-t1,36624,PAM10,cb_intrinsic,R,0,auxiliary_partner
KCg-d-L-t1,37437,ER3d_e,cb_intrinsic,L,-1,input_partner
KCg-d-L-t1,37938,SLP137,cb_intrinsic,L,-1,input_partner
KCg-d-L-t1,38372,VES025,cb_intrinsic,R,1,input_partner
KCg-d-L-t1,38569,SMP122,cb_intrinsic,R,-1,input_partner
KCg-d-L-t1,39083,CB3140,cb_intrinsic,R,1,input_partner
KCg-d-L-t1,39246,CRE066,cb_intrinsic,R,1,input_partner
KCg-d-L-t1,39617,PAM07,cb_intrinsic,L,0,auxiliary_partner
KCg-d-L-t1,39619,PLP145,cb_intrinsic,L,1,input_partner
KCg-d-L-t1,40027,KCg-d,cb_intrinsic,L,1,seed_kc
KCg-d-L-t1,40289,CRE039,cb_intrinsic,R,-1,input_partner
KCg-d-L-t1,40385,LAL043_c,cb_intrinsic,L,-1,input_partner
KCg-d-L-t1,40550,CB1412,cb_intrinsic,L,-1,input_partner
KCg-d-L-t1,40914,SMP245,cb_intrinsic,L,1,input_partner
KCg-d-L-t1,42414,LoVP10,visual_projection,L,1,input_partner
KCg-d-L-t1,43942,VES034_b,cb_intrinsic,L,-1,input_partner
KCg-d-L-t1,44069,KCg-d,cb_intrinsic,L,1,seed_kc
KCg-d-L-t1,44247,,cb_intrinsic,L,1,input_partner
KCg-d-L-t1,45936,CRE067,cb_intrinsic,R,1,input_partner
KCg-d-L-t1,46691,PLP177,cb_intrinsic,L,1,input_partner
KCg-d-L-t1,47100,MeVP16,visual_projection,L,-1,input_partner
KCg-d-L-t1,47181,KCg-d,cb_intrinsic,L,1,seed_kc
KCg-d-L-t1,47196,PAM07,cb_intrinsic,R,0,auxiliary_partner
KCg-d-L-t1,47567,KCg-d,cb_intrinsic,L,1,seed_kc
KCg-d-L-t1,48113,PAM10,cb_intrinsic,L,0,auxiliary_partner
KCg-d-L-t1,48122,KCg-d,cb_intrinsic,L,1,seed_kc
KCg-d-L-t1,48526,MeVP1,visual_projection,L,1,input_partner
KCg-d-L-t1,48994,LPT101,visual_projection,L,1,input_partner
KCg-d-L-t1,49015,CL064,cb_intrinsic,L,-1,input_partner
KCg-d-L-t1,49043,PAM07,cb_intrinsic,R,0,auxiliary_partner
KCg-d-L-t1,50082,CRE044,cb_intrinsic,L,-1,input_partner
KCg-d-L-t1,50159,aMe9,visual_projection,L,1,input_partner
KCg-d-L-t1,50773,PLP089,cb_intrinsic,L,-1,input_partner
KCg-d-L-t1,50933,KCg-d,cb_intrinsic,L,1,seed_kc
KCg-d-L-t1,52114,LoVP71,visual_projection,L,1,input_partner
KCg-d-L-t1,53271,KCg-d,cb_intrinsic,L,1,seed_kc
KCg-d-L-t1,53285,PAM01,cb_intrinsic,L,0,auxiliary_partner
KCg-d-L-t1,53309,MeVP5,visual_projection,L,1,input_partner
KCg-d-L-t1,53552,PLP086,cb_intrinsic,L,-1,input_partner
KCg-d-L-t1,53680,KCg-d,cb_intrinsic,L,1,seed_kc
KCg-d-L-t1,54058,CRE054,cb_intrinsic,L,-1,input_partner
KCg-d-L-t1,54555,PVLP009,cb_intrinsic,L,1,input_partner
KCg-d-L-t1,55210,PAM08,cb_intrinsic,L,0,auxiliary_partner
KCg-d-L-t1,56145,KCg-d,cb_intrinsic,L,1,seed_kc
KCg-d-L-t1,56908,OCG02c,visual_projection,R,1,input_partner
KCg-d-L-t1,57799,LoVP8,visual_projection,L,1,input_partner
KCg-d-L-t1,57905,LoVP3,visual_projection,L,-1,input_partner
KCg-d-L-t1,58009,M_adPNm8,cb_intrinsic,L,1,input_partner
KCg-d-L-t1,58802,KCg-d,cb_intrinsic,L,1,seed_kc
KCg-d-L-t1,58941,PAM08,cb_intrinsic,L,0,auxiliary_partner
KCg-d-L-t1,58999,PLP067,cb_intrinsic,L,1,input_partner
KCg-d-L-t1,60273,PAM07,cb_intrinsic,L,0,auxiliary_partner
KCg-d-L-t1,60827,MeVP5,visual_projection,L,1,input_partner
KCg-d-L-t1,60930,PAM10,cb_intrinsic,L,0,auxiliary_partner
KCg-d-L-t1,61013,SLP122,cb_intrinsic,L,1,input_partner
KCg-d-L-t1,61020,MeVPLo2,visual_projection,L,1,input_partner
KCg-d-L-t1,61360,PAM12,cb_intrinsic,L,0,auxiliary_partner
KCg-d-L-t1,62593,SLP122,cb_intrinsic,L,1,input_partner
KCg-d-L-t1,62731,PAM01,cb_intrinsic,R,0,auxiliary_partner
KCg-d-L-t1,63391,PAM01,cb_intrinsic,R,0,auxiliary_partner
KCg-d-L-t1,63798,LHPV7a2,cb_intrinsic,L,1,input_partner
KCg-d-L-t1,64512,LHPV8c1,cb_intrinsic,L,1,input_partner
KCg-d-L-t1,65524,PAM08,cb_intrinsic,L,0,auxiliary_partner
KCg-d-L-t1,65559,PAM07,cb_intrinsic,R,0,auxiliary_partner
KCg-d-L-t1,65886,PAM08,cb_intrinsic,L,0,auxiliary_partner
KCg-d-L-t1,66195,LoVP1,visual_projection,L,-1,input_partner
KCg-d-L-t1,66659,KCg-d,cb_intrinsic,L,1,seed_kc
KCg-d-L-t1,66934,PAM10,cb_intrinsic,L,0,auxiliary_partner
KCg-d-L-t1,67593,MeVP5,visual_projection,L,1,input_partner
KCg-d-L-t1,69331,SLP361,cb_intrinsic,L,1,input_partner
KCg-d-L-t1,69722,PAM08,cb_intrinsic,L,0,auxiliary_partner
KCg-d-L-t1,69885,KCg-d,cb_intrinsic,L,1,seed_kc
KCg-d-L-t1,69966,CL258,cb_intrinsic,L,1,input_partner
KCg-d-L-t1,72601,PAM06,cb_intrinsic,L,0,auxiliary_partner
KCg-d-L-t1,74362,KCg-d,cb_intrinsic,L,1,seed_kc
KCg-d-L-t1,74743,PAM08,cb_intrinsic,L,0,auxiliary_partner
KCg-d-L-t1,74856,PAM01,cb_intrinsic,L,0,auxiliary_partner
KCg-d-L-t1,75129,WED181,cb_intrinsic,L,1,input_partner
KCg-d-L-t1,75485,LC24,visual_projection,L,1,input_partner
KCg-d-L-t1,75922,PAM08,cb_intrinsic,L,0,auxiliary_partner
KCg-d-L-t1,76362,PAM08,cb_intrinsic,L,0,auxiliary_partner
KCg-d-L-t1,76455,KCg-d,cb_intrinsic,L,1,seed_kc
KCg-d-L-t1,76585,MBON25-like,cb_intrinsic,R,-1,output_mbon
KCg-d-L-t1,78584,CL271,cb_intrinsic,L,1,input_partner
KCg-d-L-t1,79419,KCg-d,cb_intrinsic,L,1,seed_kc
KCg-d-L-t1,79488,PLP157,cb_intrinsic,L,-1,input_partner
KCg-d-L-t1,79955,SLP242,cb_intrinsic,L,1,input_partner
KCg-d-L-t1,80045,LoVP2,visual_projection,L,-1,input_partner
KCg-d-L-t1,80306,CB1896,cb_intrinsic,L,1,input_partner
KCg-d-L-t1,80744,PAM01,cb_intrinsic,L,0,auxiliary_partner
KCg-d-L-t1,80905,KCg-d,cb_intrinsic,L,1,seed_kc
KCg-d-L-t1,80919,CL127,cb_intrinsic,L,-1,input_partner
KCg-d-L-t1,80924,KCg-d,cb_intrinsic,L,1,seed_kc
KCg-d-L-t1,81518,PLP089,cb_intrinsic,L,-1,input_partner
KCg-d-L-t1,81577,KCg-d,cb_intrinsic,L,1,seed_kc
KCg-d-L-t1,81781,KCg-d,cb_intrinsic,L,1,seed_kc
KCg-d-L-t1,82728,KCg-d,cb_intrinsic,L,1,seed_kc
KCg-d-L-t1,83277,PAM01,cb_intrinsic,L,0,auxiliary_partner
KCg-d-L-t1,83852,PAM06,cb_intrinsic,R,0,auxiliary_partner
KCg-d-L-t1,84698,PVLP148,cb_intrinsic,L,1,input_partner
KCg-d-L-t1,85213,KCg-d,cb_intrinsic,L,1,seed_kc
KCg-d-L-t1,85368,KCg-d,cb_intrinsic,L,1,seed_kc
KCg-d-L-t1,86066,PAM07,cb_intrinsic,L,0,auxiliary_partner
KCg-d-L-t1,86156,PAM08,cb_intrinsic,R,0,auxiliary_partner
KCg-d-L-t1,86372,KCg-d,cb_intrinsic,L,1,seed_kc
KCg-d-L-t1,86431,PAM07,cb_intrinsic,L,0,auxiliary_partner
KCg-d-L-t1,86940,KCg-d,cb_intrinsic,L,1,seed_kc
KCg-d-L-t1,87177,PAM08,cb_intrinsic,L,0,auxiliary_partner
KCg-d-L-t1,87868,KCg-d,cb_intrinsic,L,1,seed_kc
KCg-d-L-t1,88477,PAM01,cb_intrinsic,L,0,auxiliary_partner
KCg-d-L-t1,88866,CRE030_b,cb_intrinsic,R,-1,input_partner
KCg-d-L-t1,89819,LoVP8,visual_projection,L,1,input_partner
KCg-d-L-t1,90678,PAM08,cb_intrinsic,L,0,auxiliary_partner
KCg-d-L-t1,90790,KCg-d,cb_intrinsic,L,1,seed_kc
KCg-d-L-t1,90867,PAM01,cb_intrinsic,R,0,auxiliary_partner
KCg-d-L-t1,90902,PAM08,cb_intrinsic,R,0,auxiliary_partner
KCg-d-L-t1,91384,SLP137,cb_intrinsic,L,-1,input_partner
KCg-d-L-t1,91391,PAM12,cb_intrinsic,L,0,auxiliary_partner
KCg-d-L-t1,91487,KCg-d,cb_intrinsic,L,1,seed_kc
KCg-d-L-t1,91875,PAM12,cb_intrinsic,L,0,auxiliary_partner
KCg-d-L-t1,91926,KCg-d,cb_intrinsic,L,1,seed_kc
KCg-d-L-t1,92008,KCg-d,cb_intrinsic,L,1,seed_kc
KCg-d-L-t1,92013,KCg-d,cb_intrinsic,L,1,seed_kc
KCg-d-L-t1,92168,KCg-d,cb_intrinsic,L,1,seed_kc
KCg-d-L-t1,92324,PAM06,cb_intrinsic,R,0,auxiliary_partner
KCg-d-L-t1,92817,CB3865,cb_intrinsic,L,-1,input_partner
KCg-d-L-t1,92967,KCg-d,cb_intrinsic,L,1,seed_kc
KCg-d-L-t1,93704,PAM01,cb_intrinsic,L,0,auxiliary_partner
KCg-d-L-t1,93744,PLP180,cb_intrinsic,L,-1,input_partner
KCg-d-L-t1,94250,PAM05,cb_intrinsic,L,0,auxiliary_partner
KCg-d-L-t1,94922,PAM05,cb_intrinsic,L,0,auxiliary_partner
KCg-d-L-t1,95291,KCg-d,cb_intrinsic,L,1,seed_kc
KCg-d-L-t1,95316,CB4033,cb_intrinsic,L,-1,input_partner
KCg-d-L-t1,95484,KCg-d,cb_intrinsic,L,1,seed_kc
KCg-d-L-t1,95523,PAM08,cb_intrinsic,L,0,auxiliary_partner
KCg-d-L-t1,96497,PAM07,cb_intrinsic,R,0,auxiliary_partner
KCg-d-L-t1,96571,PAM12,cb_intrinsic,L,0,auxiliary_partner
KCg-d-L-t1,97057,M_adPNm5,cb_intrinsic,L,1,input_partner
KCg-d-L-t1,97195,AOTU056,cb_intrinsic,L,-1,input_partner
KCg-d-L-t1,97510,CB1287,cb_intrinsic,L,-1,input_partner
KCg-d-L-t1,97591,KCg-d,cb_intrinsic,L,1,seed_kc
KCg-d-L-t1,97990,PAM06,cb_intrinsic,L,0,auxiliary_partner
KCg-d-L-t1,98265,PAM06,cb_intrinsic,L,0,auxiliary_partner
KCg-d-L-t1,98462,KCg-d,cb_intrinsic,L,1,seed_kc
KCg-d-L-t1,98554,PAM07,cb_intrinsic,L,0,auxiliary_partner
KCg-d-L-t1,98901,KCg-d,cb_intrinsic,L,1,seed_kc
KCg-d-L-t1,99089,PAM01,cb_intrinsic,L,0,auxiliary_partner
KCg-d-L-t1,100060,LC24,visual_projection,L,1,input_partner
KCg-d-L-t1,100258,PAM01,cb_intrinsic,R,0,auxiliary_partner
KCg-d-L-t1,100592,KCg-d,cb_intrinsic,L,1,seed_kc
KCg-d-L-t1,101647,KCg-d,cb_intrinsic,L,1,seed_kc
KCg-d-L-t1,102936,PAM08,cb_intrinsic,R,0,auxiliary_partner
KCg-d-L-t1,103255,PAM08,cb_intrinsic,R,0,auxiliary_partner
KCg-d-L-t1,103428,LC30,visual_projection,L,-1,input_partner
KCg-d-L-t1,103433,PAM14,cb_intrinsic,R,0,auxiliary_partner
KCg-d-L-t1,103715,KCg-d,cb_intrinsic,L,1,seed_kc
KCg-d-L-t1,103770,KCg-d,cb_intrinsic,L,1,seed_kc
KCg-d-L-t1,104460,PAM12,cb_intrinsic,L,0,auxiliary_partner
KCg-d-L-t1,104713,PAM08,cb_intrinsic,R,0,auxiliary_partner
KCg-d-L-t1,105362,PAM05,cb_intrinsic,R,0,auxiliary_partner
KCg-d-L-t1,105365,PAM08,cb_intrinsic,R,0,auxiliary_partner
KCg-d-L-t1,105447,PAM12,cb_intrinsic,L,0,auxiliary_partner
KCg-d-L-t1,105662,KCg-d,cb_intrinsic,L,1,seed_kc
KCg-d-L-t1,107285,PAM08,cb_intrinsic,L,0,auxiliary_partner
KCg-d-L-t1,107844,PLP120,cb_intrinsic,L,1,input_partner
KCg-d-L-t1,107967,PLP084,cb_intrinsic,L,-1,input_partner
KCg-d-L-t1,107986,PAM02,cb_intrinsic,L,0,auxiliary_partner
KCg-d-L-t1,108429,PAM04,cb_intrinsic,L,0,auxiliary_partner
KCg-d-L-t1,108576,PAM13,cb_intrinsic,R,0,auxiliary_partner
KCg-d-L-t1,109624,PAM08,cb_intrinsic,L,0,auxiliary_partner
KCg-d-L-t1,109793,PAM04,cb_intrinsic,L,0,auxiliary_partner
KCg-d-L-t1,110653,PAM05,cb_intrinsic,R,0,auxiliary_partner
KCg-d-L-t1,110746,KCg-d,cb_intrinsic,L,1,seed_kc
KCg-d-L-t1,111197,KCg-d,cb_intrinsic,L,1,seed_kc
KCg-d-L-t1,111665,PAM12,cb_intrinsic,R,0,auxiliary_partner
KCg-d-L-t1,113001,PAM12,cb_intrinsic,R,0,auxiliary_partner
KCg-d-L-t1,113067,PAM01,cb_intrinsic,R,0,auxiliary_partner
KCg-d-L-t1,114179,KCg-d,cb_intrinsic,L,1,seed_kc
KCg-d-L-t1,114216,PAM01,cb_intrinsic,L,0,auxiliary_partner
KCg-d-L-t1,114231,AVLP028,cb_intrinsic,L,1,input_partner
KCg-d-L-t1,114297,LC30,visual_projection,L,-1,input_partner
KCg-d-L-t1,114522,PAM07,cb_intrinsic,R,0,auxiliary_partner
KCg-d-L-t1,114661,PAM11,cb_intrinsic,R,0,auxiliary_partner
KCg-d-L-t1,114700,PAM01,cb_intrinsic,R,0,auxiliary_partner
KCg-d-L-t1,115470,KCg-d,cb_intrinsic,L,1,seed_kc
KCg-d-L-t1,115868,PAM14,cb_intrinsic,R,0,auxiliary_partner
KCg-d-L-t1,116917,KCg-d,cb_intrinsic,L,1,seed_kc
KCg-d-L-t1,117782,PAM08,cb_intrinsic,L,0,auxiliary_partner
KCg-d-L-t1,117936,KCg-d,cb_intrinsic,L,1,seed_kc
KCg-d-L-t1,118280,KCg-d,cb_intrinsic,L,1,seed_kc
KCg-d-L-t1,119126,SLP361,cb_intrinsic,L,1,input_partner
KCg-d-L-t1,119167,KCg-d,cb_intrinsic,L,1,seed_kc
KCg-d-L-t1,119499,PAM08,cb_intrinsic,L,0,auxiliary_partner
KCg-d-L-t1,119763,PAM11,cb_intrinsic,L,0,auxiliary_partner
KCg-d-L-t1,120259,PAM04,cb_intrinsic,R,0,auxiliary_partner
KCg-d-L-t1,120768,PAM07,cb_intrinsic,R,0,auxiliary_partner
KCg-d-L-t1,122062,PAM08,cb_intrinsic,R,0,auxiliary_partner
KCg-d-L-t1,122647,KCg-d,cb_intrinsic,L,1,seed_kc
KCg-d-L-t1,124097,KCg-d,cb_intrinsic,L,1,seed_kc
KCg-d-L-t1,124730,MeVPLo2,visual_projection,L,1,input_partner
KCg-d-L-t1,124918,PAM04,cb_intrinsic,L,0,auxiliary_partner
KCg-d-L-t1,125080,PAM04,cb_intrinsic,L,0,auxiliary_partner
KCg-d-L-t1,125182,CRE108,cb_intrinsic,L,1,input_partner
KCg-d-L-t1,125644,KCg-d,cb_intrinsic,L,1,seed_kc
KCg-d-L-t1,125813,KCg-d,cb_intrinsic,L,1,seed_kc
KCg-d-L-t1,125873,CB3496,cb_intrinsic,L,1,input_partner
KCg-d-L-t1,126501,PAM06,cb_intrinsic,L,0,auxiliary_partner
KCg-d-L-t1,126900,PAM12,cb_intrinsic,L,0,auxiliary_partner
KCg-d-L-t1,127577,KCg-d,cb_intrinsic,L,1,seed_kc
KCg-d-L-t1,127659,PAM02,cb_intrinsic,L,0,auxiliary_partner
KCg-d-L-t1,128708,SMP245,cb_intrinsic,L,1,input_partner
KCg-d-L-t1,129430,PAM08,cb_intrinsic,L,0,auxiliary_partner
KCg-d-L-t1,129563,PAM01,cb_intrinsic,R,0,auxiliary_partner
KCg-d-L-t1,130231,KCg-d,cb_intrinsic,L,1,seed_kc
KCg-d-L-t1,131419,PAM06,cb_intrinsic,R,0,auxiliary_partner
KCg-d-L-t1,131607,PAM07,cb_intrinsic,L,0,auxiliary_partner
KCg-d-L-t1,132513,PAM06,cb_intrinsic,R,0,auxiliary_partner
KCg-d-L-t1,133019,PAM08,cb_intrinsic,R,0,auxiliary_partner
KCg-d-L-t1,134265,PAM06,cb_intrinsic,R,0,auxiliary_partner
KCg-d-L-t1,134769,PAM06,cb_intrinsic,R,0,auxiliary_partner
KCg-d-L-t1,134869,PAM06,cb_intrinsic,L,0,auxiliary_partner
KCg-d-L-t1,135046,PAM02,cb_intrinsic,L,0,auxiliary_partner
KCg-d-L-t1,135171,PAM12,cb_intrinsic,R,0,auxiliary_partner
KCg-d-L-t1,135219,KCg-d,cb_intrinsic,L,1,seed_kc
KCg-d-L-t1,135241,KCg-d,cb_intrinsic,L,1,seed_kc
KCg-d-L-t1,135287,PAM05,cb_intrinsic,L,0,auxiliary_partner
KCg-d-L-t1,135290,PAM15,cb_intrinsic,R,0,auxiliary_partner
KCg-d-L-t1,135578,PAM08,cb_intrinsic,L,0,auxiliary_partner
KCg-d-L-t1,135662,KCg-d,cb_intrinsic,L,1,seed_kc
KCg-d-L-t1,135897,KCg-d,cb_intrinsic,L,1,seed_kc
KCg-d-L-t1,136024,PAM06,cb_intrinsic,L,0,auxiliary_partner
KCg-d-L-t1,136046,KCg-d,cb_intrinsic,L,1,seed_kc
KCg-d-L-t1,136144,PAM08,cb_intrinsic,R,0,auxiliary_partner
KCg-d-L-t1,136215,PAM06,cb_intrinsic,L,0,auxiliary_partner
KCg-d-L-t1,136912,KCg-d,cb_intrinsic,L,1,seed_kc
KCg-d-L-t1,137283,KCg-d,cb_intrinsic,L,1,seed_kc
KCg-d-L-t1,137302,KCg-d,cb_intrinsic,L,1,seed_kc
KCg-d-L-t1,137315,LoVP2,visual_projection,L,-1,input_partner
KCg-d-L-t1,137321,PAM04,cb_intrinsic,L,0,auxiliary_partner
KCg-d-L-t1,137373,PAM06,cb_intrinsic,L,0,auxiliary_partner
KCg-d-L-t1,137539,PAM11,cb_intrinsic,R,0,auxiliary_partner
KCg-d-L-t1,137595,PAM07,cb_intrinsic,R,0,auxiliary_partner
KCg-d-L-t1,137952,KCg-d,cb_intrinsic,L,1,seed_kc
KCg-d-L-t1,138186,KCg-d,cb_intrinsic,L,1,seed_kc
KCg-d-L-t1,138198,KCg-d,cb_intrinsic,L,1,seed_kc
KCg-d-L-t1,138488,PLP182,cb_intrinsic,L,-1,input_partner
KCg-d-L-t1,138585,PAM12,cb_intrinsic,L,0,auxiliary_partner
KCg-d-L-t1,138629,PAM01,cb_intrinsic,L,0,auxiliary_partner
KCg-d-L-t1,138822,PAM11,cb_intrinsic,L,0,auxiliary_partner
KCg-d-L-t1,139280,PAM12,cb_intrinsic,R,0,auxiliary_partner
KCg-d-L-t1,139378,PAM12,cb_intrinsic,R,0,auxiliary_partner
KCg-d-L-t1,139591,KCg-d,cb_intrinsic,L,1,seed_kc
KCg-d-L-t1,139706,PAM11,cb_intrinsic,R,0,auxiliary_partner
KCg-d-L-t1,140175,KCg-d,cb_intrinsic,L,1,seed_kc
KCg-d-L-t1,140271,PAM06,cb_intrinsic,R,0,auxiliary_partner
KCg-d-L-t1,141246,PAM02,cb_intrinsic,L,0,auxiliary_partner
KCg-d-L-t1,141510,PAM15,cb_intrinsic,R,0,auxiliary_partner
KCg-d-L-t1,141615,PAM01,cb_intrinsic,R,0,auxiliary_partner
KCg-d-L-t1,142069,KCg-d,cb_intrinsic,L,1,seed_kc
KCg-d-L-t1,142203,KCg-d,cb_intrinsic,L,1,seed_kc
KCg-d-L-t1,142238,PAM02,cb_intrinsic,R,0,auxiliary_partner
KCg-d-L-t1,142538,PAM08,cb_intrinsic,R,0,auxiliary_partner
KCg-d-L-t1,142660,PAM13,cb_intrinsic,R,0,auxiliary_partner
KCg-d-L-t1,142733,KCg-d,cb_intrinsic,L,1,seed_kc
KCg-d-L-t1,142898,PAM06,cb_intrinsic,R,0,auxiliary_partner
KCg-d-L-t1,143120,PAM10,cb_intrinsic,L,0,auxiliary_partner
KCg-d-L-t1,143262,KCg-d,cb_intrinsic,L,1,seed_kc
KCg-d-L-t1,144126,PAM02,cb_intrinsic,R,0,auxiliary_partner
KCg-d-L-t1,144256,MeVP3,visual_projection,L,1,input_partner
KCg-d-L-t1,144315,PAM01,cb_intrinsic,R,0,auxiliary_partner
KCg-d-L-t1,144578,KCg-d,cb_intrinsic,L,1,seed_kc
KCg-d-L-t1,144625,PAM12,cb_intrinsic,L,0,auxiliary_partner
KCg-d-L-t1,144678,PAM04,cb_intrinsic,R,0,auxiliary_partner
KCg-d-L-t1,144747,KCg-d,cb_intrinsic,L,1,seed_kc
KCg-d-L-t1,144819,KCg-d,cb_intrinsic,L,1,seed_kc
KCg-d-L-t1,145022,PAM02,cb_intrinsic,L,0,auxiliary_partner
KCg-d-L-t1,145085,KCg-d,cb_intrinsic,L,1,seed_kc
KCg-d-L-t1,145094,PAM01,cb_intrinsic,R,0,auxiliary_partner
KCg-d-L-t1,145148,PAM01,cb_intrinsic,L,0,auxiliary_partner
KCg-d-L-t1,145324,PAM02,cb_intrinsic,L,0,auxiliary_partner
KCg-d-L-t1,145371,PAM05,cb_intrinsic,L,0,auxiliary_partner
KCg-d-L-t1,145392,LC30,visual_projection,L,-1,input_partner
KCg-d-L-t1,145749,PAM11,cb_intrinsic,L,0,auxiliary_partner
KCg-d-L-t1,146058,PAM08,cb_intrinsic,R,0,auxiliary_partner
KCg-d-L-t1,146301,KCg-d,cb_intrinsic,L,1,seed_kc
KCg-d-L-t1,146418,PAM12,cb_intrinsic,R,0,auxiliary_partner
KCg-d-L-t1,146603,PAM01,cb_intrinsic,R,0,auxiliary_partner
KCg-d-L-t1,146773,PAM04,cb_intrinsic,R,0,auxiliary_partner
KCg-d-L-t1,146774,PAM14,cb_intrinsic,R,0,auxiliary_partner
KCg-d-L-t1,147140,PVLP009,cb_intrinsic,L,1,input_partner
KCg-d-L-t1,147184,PAM08,cb_intrinsic,L,0,auxiliary_partner
KCg-d-L-t1,147585,KCg-d,cb_intrinsic,L,1,seed_kc
KCg-d-L-t1,147591,PAM06,cb_intrinsic,R,0,auxiliary_partner
KCg-d-L-t1,147857,PAM11,cb_intrinsic,L,0,auxiliary_partner
KCg-d-L-t1,148137,KCg-d,cb_intrinsic,L,1,seed_kc
KCg-d-L-t1,148145,KCg-d,cb_intrinsic,L,1,seed_kc
KCg-d-L-t1,148150,KCg-d,cb_intrinsic,L,1,seed_kc
KCg-d-L-t1,148328,PAM02,cb_intrinsic,L,0,auxiliary_partner
KCg-d-L-t1,148469,PAM02,cb_intrinsic,L,0,auxiliary_partner
KCg-d-L-t1,149101,SMP331,cb_intrinsic,L,1,input_partner
KCg-d-L-t1,150177,PAM01,cb_intrinsic,L,0,auxiliary_partner
KCg-d-L-t1,150259,KCg-d,cb_intrinsic,L,1,seed_kc
KCg-d-L-t1,150828,PAM02,cb_intrinsic,L,0,auxiliary_partner
KCg-d-L-t1,150983,PAM14,cb_intrinsic,L,0,auxiliary_partner
KCg-d-L-t1,151013,PAM03,cb_intrinsic,L,0,auxiliary_partner
KCg-d-L-t1,151133,PAM06,cb_intrinsic,L,0,auxiliary_partner
KCg-d-L-t1,151944,KCg-d,cb_intrinsic,L,1,seed_kc
KCg-d-L-t1,151993,PAM05,cb_intrinsic,R,0,auxiliary_partner
KCg-d-L-t1,152019,PAM08,cb_intrinsic,R,0,auxiliary_partner
KCg-d-L-t1,152044,PAM08,cb_intrinsic,R,0,auxiliary_partner
KCg-d-L-t1,152056,PAM06,cb_intrinsic,L,0,auxiliary_partner
KCg-d-L-t1,152291,PAM14,cb_intrinsic,L,0,auxiliary_partner
KCg-d-L-t1,152326,PAM13,cb_intrinsic,L,0,auxiliary_partner
KCg-d-L-t1,152385,PAM08,cb_intrinsic,R,0,auxiliary_partner
KCg-d-L-t1,152428,PAM12,cb_intrinsic,L,0,auxiliary_partner
KCg-d-L-t1,152470,KCg-d,cb_intrinsic,L,1,seed_kc
KCg-d-L-t1,152688,KCg-d,cb_intrinsic,L,1,seed_kc
KCg-d-L-t1,152997,PAM05,cb_intrinsic,L,0,auxiliary_partner
KCg-d-L-t1,153035,PAM04,cb_intrinsic,L,0,auxiliary_partner
KCg-d-L-t1,153771,PAM07,cb_intrinsic,L,0,auxiliary_partner
KCg-d-L-t1,153931,PAM01,cb_intrinsic,L,0,auxiliary_partner
KCg-d-L-t1,154230,PAM05,cb_intrinsic,R,0,auxiliary_partner
KCg-d-L-t1,154320,CB2719,cb_intrinsic,L,1,input_partner
KCg-d-L-t1,154387,PAM14,cb_intrinsic,L,0,auxiliary_partner
KCg-d-L-t1,155329,PAM02,cb_intrinsic,R,0,auxiliary_partner
KCg-d-L-t1,155916,PAM01,cb_intrinsic,L,0,auxiliary_partner
KCg-d-L-t1,155996,KCg-d,cb_intrinsic,L,1,seed_kc
KCg-d-L-t1,156028,PAM01,cb_intrinsic,R,0,auxiliary_partner
KCg-d-L-t1,156046,PAM01,cb_intrinsic,L,0,auxiliary_partner
KCg-d-L-t1,156785,KCg-d,cb_intrinsic,L,1,seed_kc
KCg-d-L-t1,157016,PAM11,cb_intrinsic,L,0,auxiliary_partner
KCg-d-L-t1,157134,PAM08,cb_intrinsic,R,0,auxiliary_partner
KCg-d-L-t1,157257,PAM12,cb_intrinsic,L,0,auxiliary_partner
KCg-d-L-t1,157370,PAM13,cb_intrinsic,R,0,auxiliary_partner
KCg-d-L-t1,157683,PAM04,cb_intrinsic,R,0,auxiliary_partner
KCg-d-L-t1,157767,PAM05,cb_intrinsic,R,0,auxiliary_partner
KCg-d-L-t1,157816,PAM04,cb_intrinsic,L,0,auxiliary_partner
KCg-d-L-t1,158196,PAM04,cb_intrinsic,L,0,auxiliary_partner
KCg-d-L-t1,158372,PAM08,cb_intrinsic,L,0,auxiliary_partner
KCg-d-L-t1,158390,SLP285,cb_intrinsic,L,-1,input_partner
KCg-d-L-t1,158447,KCg-d,cb_intrinsic,L,1,seed_kc
KCg-d-L-t1,158651,PAM06,cb_intrinsic,L,0,auxiliary_partner
KCg-d-L-t1,158917,PAM12,cb_intrinsic,R,0,auxiliary_partner
KCg-d-L-t1,159062,PAM01,cb_intrinsic,L,0,auxiliary_partner
KCg-d-L-t1,159158,PAM01,cb_intrinsic,L,0,auxiliary_partner
KCg-d-L-t1,159484,SLP295,cb_intrinsic,L,-1,input_partner
KCg-d-L-t1,159831,PAM14,cb_intrinsic,L,0,auxiliary_partner
KCg-d-L-t1,160277,PAM06,cb_intrinsic,R,0,auxiliary_partner
KCg-d-L-t1,161079,PAM15,cb_intrinsic,L,0,auxiliary_partner
KCg-d-L-t1,161153,PAM08,cb_intrinsic,L,0,auxiliary_partner
KCg-d-L-t1,161596,PAM14,cb_intrinsic,R,0,auxiliary_partner
KCg-d-L-t1,161616,SLP295,cb_intrinsic,L,-1,input_partner
KCg-d-L-t1,162050,PAM08,cb_intrinsic,L,0,auxiliary_partner
KCg-d-L-t1,162116,PAM13,cb_intrinsic,L,0,auxiliary_partner
KCg-d-L-t1,162631,PAM13,cb_intrinsic,R,0,auxiliary_partner
KCg-d-L-t1,163194,PAM06,cb_intrinsic,R,0,auxiliary_partner
KCg-d-L-t1,163527,SLP285,cb_intrinsic,L,-1,input_partner
KCg-d-L-t1,163883,PAM03,cb_intrinsic,L,0,auxiliary_partner
KCg-d-L-t1,163951,PAM06,cb_intrinsic,R,0,auxiliary_partner
KCg-d-L-t1,164031,CRE039,cb_intrinsic,R,-1,input_partner
KCg-d-L-t1,164086,PAM01,cb_intrinsic,R,0,auxiliary_partner
KCg-d-L-t1,164279,PAM14,cb_intrinsic,R,0,auxiliary_partner
KCg-d-L-t1,164601,PAM14,cb_intrinsic,L,0,auxiliary_partner
KCg-d-L-t1,165187,PAM05,cb_intrinsic,R,0,auxiliary_partner
KCg-d-L-t1,165365,PAM01,cb_intrinsic,L,0,auxiliary_partner
KCg-d-L-t1,167009,PAM01,cb_intrinsic,R,0,auxiliary_partner
KCg-d-L-t1,167073,PAM14,cb_intrinsic,R,0,auxiliary_partner
KCg-d-L-t1,167758,CB0937,cb_intrinsic,L,-1,input_partner
KCg-d-L-t1,168020,PAM03,cb_intrinsic,L,0,auxiliary_partner
KCg-d-L-t1,168080,PAM03,cb_intrinsic,L,0,auxiliary_partner
KCg-d-L-t1,169027,PAM03,cb_intrinsic,R,0,auxiliary_partner
KCg-d-L-t1,169278,PAM01,cb_intrinsic,L,0,auxiliary_partner
KCg-d-L-t1,169674,PAM04,cb_intrinsic,L,0,auxiliary_partner
KCg-d-L-t1,170450,PAM10,cb_intrinsic,L,0,auxiliary_partner
KCg-d-L-t1,170467,PAM03,cb_intrinsic,R,0,auxiliary_partner
KCg-d-L-t1,171959,PAM02,cb_intrinsic,R,0,auxiliary_partner
KCg-d-L-t1,174255,PAM14,cb_intrinsic,L,0,auxiliary_partner
KCg-d-L-t1,174672,PAM08,cb_intrinsic,L,0,auxiliary_partner
KCg-d-L-t1,174862,PAM08,cb_intrinsic,R,0,auxiliary_partner
KCg-d-L-t1,175232,PAM13,cb_intrinsic,L,0,auxiliary_partner
KCg-d-L-t1,175459,PAM08,cb_intrinsic,L,0,auxiliary_partner
KCg-d-L-t1,175964,PAM08,cb_intrinsic,R,0,auxiliary_partner
KCg-d-L-t1,176429,PAM04,cb_intrinsic,L,0,auxiliary_partner
KCg-d-L-t1,176460,PAM15,cb_intrinsic,R,0,auxiliary_partner
KCg-d-L-t1,177202,PAM03,cb_intrinsic,L,0,auxiliary_partner
KCg-d-L-t1,177479,LoVP9,visual_projection,L,1,input_partner
KCg-d-L-t1,177603,PAM04,cb_intrinsic,L,0,auxiliary_partner
KCg-d-L-t1,178101,PAM08,cb_intrinsic,L,0,auxiliary_partner
KCg-d-L-t1,178487,PAM08,cb_intrinsic,R,0,auxiliary_partner
KCg-d-L-t1,178539,PAM04,cb_intrinsic,R,0,auxiliary_partner
KCg-d-L-t1,178945,PAM10,cb_intrinsic,R,0,auxiliary_partner
KCg-d-L-t1,181924,PAM01,cb_intrinsic,L,0,auxiliary_partner
KCg-d-L-t1,183567,PAM13,cb_intrinsic,L,0,auxiliary_partner
KCg-d-L-t1,184778,PAM08,cb_intrinsic,R,0,auxiliary_partner
KCg-d-L-t1,185518,PAM01,cb_intrinsic,L,0,auxiliary_partner
KCg-d-L-t1,186566,PAM04,cb_intrinsic,R,0,auxiliary_partner
KCg-d-L-t1,190296,PAM02,cb_intrinsic,R,0,auxiliary_partner
KCg-d-L-t1,190297,PAM03,cb_intrinsic,L,0,auxiliary_partner
KCg-d-L-t1,190635,PAM05,cb_intrinsic,R,0,auxiliary_partner
KCg-d-L-t1,192245,PAM05,cb_intrinsic,R,0,auxiliary_partner
KCg-d-L-t1,196030,PAM06,cb_intrinsic,L,0,auxiliary_partner
KCg-d-L-t1,196622,PAM12,cb_intrinsic,R,0,auxiliary_partner
KCg-d-L-t1,196985,PAM05,cb_intrinsic,R,0,auxiliary_partner
KCg-d-L-t1,197373,LoVP9,visual_projection,L,1,input_partner
KCg-d-L-t1,197691,PAM01,cb_intrinsic,L,0,auxiliary_partner
KCg-d-L-t1,197920,PAM08,cb_intrinsic,R,0,auxiliary_partner
KCg-d-L-t1,198507,PAM13,cb_intrinsic,L,0,auxiliary_partner
KCg-d-L-t1,198758,PAM01,cb_intrinsic,L,0,auxiliary_partner
KCg-d-L-t1,200973,PAM10,cb_intrinsic,R,0,auxiliary_partner
KCg-d-L-t1,202330,PAM13,cb_intrinsic,R,0,auxiliary_partner
KCg-d-L-t1,203682,PAM14,cb_intrinsic,R,0,auxiliary_partner
KCg-d-L-t1,203885,PAM13,cb_intrinsic,R,0,auxiliary_partner
KCg-d-L-t1,204930,PAM11,cb_intrinsic,L,0,auxiliary_partner
KCg-d-L-t1,205284,CL254,cb_intrinsic,L,1,input_partner
KCg-d-L-t1,205884,PAM01,cb_intrinsic,R,0,auxiliary_partner
KCg-d-L-t1,206851,PAM12,cb_intrinsic,R,0,auxiliary_partner
KCg-d-L-t1,207122,PAM13,cb_intrinsic,L,0,auxiliary_partner
KCg-d-L-t1,207463,PAM06,cb_intrinsic,R,0,auxiliary_partner
KCg-d-L-t1,209656,PAM13,cb_intrinsic,L,0,auxiliary_partner
KCg-d-L-t1,212085,PAM01,cb_intrinsic,R,0,auxiliary_partner
KCg-d-L-t1,212160,PAM08,cb_intrinsic,R,0,auxiliary_partner
KCg-d-L-t1,212684,PAM14,cb_intrinsic,L,0,auxiliary_partner
KCg-d-L-t1,213743,PAM05,cb_intrinsic,R,0,auxiliary_partner
KCg-d-L-t1,215931,PAM11,cb_intrinsic,R,0,auxiliary_partner
KCg-d-L-t1,215940,PAM13,cb_intrinsic,L,0,auxiliary_partner
KCg-d-L-t1,216580,KCg-d,cb_intrinsic,L,1,seed_kc
KCg-d-L-t1,217007,PAM06,cb_intrinsic,R,0,auxiliary_partner
KCg-d-L-t1,217737,PAM14,cb_intrinsic,L,0,auxiliary_partner
KCg-d-L-t1,218518,PAM13,cb_intrinsic,R,0,auxiliary_partner
KCg-d-L-t1,218583,PAM04,cb_intrinsic,R,0,auxiliary_partner
KCg-d-L-t1,224160,PAM14,cb_intrinsic,R,0,auxiliary_partner
KCg-d-L-t1,224205,PAM09,cb_intrinsic,R,0,auxiliary_partner
KCg-d-L-t1,224500,PAM11,cb_intrinsic,R,0,auxiliary_partner
KCg-d-L-t1,226452,PAM05,cb_intrinsic,R,0,auxiliary_partner
KCg-d-L-t1,226708,PAM08,cb_intrinsic,R,0,auxiliary_partner
KCg-d-L-t1,230802,PAM05,cb_intrinsic,L,0,auxiliary_partner
KCg-d-L-t1,231413,PAM14,cb_intrinsic,L,0,auxiliary_partner
KCg-d-L-t1,239873,PAM04,cb_intrinsic,L,0,auxiliary_partner
KCg-d-L-t1,242429,PAM08,cb_intrinsic,R,0,auxiliary_partner
KCg-d-L-t1,243477,PAM13,cb_intrinsic,R,0,auxiliary_partner
KCg-d-L-t1,252045,PAM01,cb_intrinsic,R,0,auxiliary_partner
KCg-d-L-t1,257650,PAM02,cb_intrinsic,R,0,auxiliary_partner
KCg-d-L-t1,259089,PAM02,cb_intrinsic,R,0,auxiliary_partner
KCg-d-L-t1,291665,PAM02,cb_intrinsic,R,0,auxiliary_partner
KCg-d-L-t1,292203,PAM04,cb_intrinsic,L,0,auxiliary_partner
KCg-d-L-t1,319321,PAM11,cb_intrinsic,R,0,auxiliary_partner
KCg-d-L-t1,325731,PAM01,cb_intrinsic,R,0,auxiliary_partner
KCg-d-L-t1,336850,PAM03,cb_intrinsic,L,0,auxiliary_partner
KCg-d-L-t1,341512,PAM04,cb_intrinsic,L,0,auxiliary_partner
KCg-d-L-t1,394860,MBON25,cb_intrinsic,R,-1,output_mbon
KCg-d-L-t1,506819,PAM01,cb_intrinsic,R,0,auxiliary_partner
KCg-d-L-t1,511788,LoVP41,visual_projection,L,1,input_partner
KCg-d-L-t1,512181,LoVP43,visual_projection,L,1,input_partner
KCg-d-L-t1,512187,SMP056,cb_intrinsic,L,-1,input_partner
KCg-d-L-t1,512326,PPL105,cb_intrinsic,L,0,auxiliary_partner
KCg-d-L-t1,513174,MBON30,cb_intrinsic,L,-1,output_mbon
KCg-d-L-t1,513336,PLP199,cb_intrinsic,L,-1,input_partner
KCg-d-L-t1,513594,LAL043_d,cb_intrinsic,L,-1,input_partner
KCg-d-L-t1,513649,LAL185,cb_intrinsic,L,1,input_partner
KCg-d-L-t1,514363,PLP007,cb_intrinsic,L,-1,input_partner
KCg-d-L-t1,514434,CL283_b,cb_intrinsic,L,-1,input_partner
KCg-d-L-t1,514582,PLP065,cb_intrinsic,L,1,input_partner
KCg-d-L-t1,514707,LoVP8,visual_projection,L,1,input_partner
KCg-d-L-t1,515015,MBON30,cb_intrinsic,R,-1,output_mbon
KCg-d-L-t1,515048,PPL104,cb_intrinsic,L,0,auxiliary_partner
KCg-d-L-t1,515091,PLP144,cb_intrinsic,L,-1,input_partner
KCg-d-L-t1,515142,LoVP35,visual_projection,L,1,input_partner
KCg-d-L-t1,515578,SLP003,cb_intrinsic,L,-1,input_partner
KCg-d-L-t1,515846,LC27,visual_projection,L,1,input_partner
KCg-d-L-t1,516044,PAM04,cb_intrinsic,R,0,auxiliary_partner
KCg-d-L-t1,516091,LHAV2g5,cb_intrinsic,L,1,input_partner
KCg-d-L-t1,516233,CRE056,cb_intrinsic,L,-1,input_partner
KCg-d-L-t1,517077,CRE056,cb_intrinsic,L,-1,input_partner
KCg-d-L-t1,517105,SLP381,cb_intrinsic,L,-1,input_partner
KCg-d-L-t1,517704,LoVC23,cb_intrinsic,R,-1,input_partner
KCg-d-L-t1,517915,AN09B033,ascending_neuron,R,1,input_partner
KCg-d-L-t1,518072,PAM09,cb_intrinsic,L,0,auxiliary_partner
KCg-d-L-t1,518073,SLP098,cb_intrinsic,L,-1,input_partner
KCg-d-L-t1,518137,PAM06,cb_intrinsic,L,0,auxiliary_partner
KCg-d-L-t1,518594,PVLP104,cb_intrinsic,L,-1,input_partner
KCg-d-L-t1,518734,LT43,visual_projection,L,-1,input_partner
KCg-d-L-t1,519128,MBON27,cb_intrinsic,L,1,output_mbon
KCg-d-L-t1,519318,mALB3,cb_intrinsic,R,-1,input_partner
KCg-d-L-t1,519371,MBON05,cb_intrinsic,L,-1,output_mbon
KCg-d-L-t1,519401,AVLP595,cb_intrinsic,L,1,input_partner
KCg-d-L-t1,519616,PPL107,cb_intrinsic,L,0,auxiliary_partner
KCg-d-L-t1,519619,MBON29,cb_intrinsic,L,1,output_mbon
KCg-d-L-t1,520024,AVLP281,cb_intrinsic,L,1,input_partner
KCg-d-L-t1,520119,mALD3,cb_intrinsic,R,-1,input_partner
KCg-d-L-t1,520151,MBON01,cb_intrinsic,L,-1,output_mbon
KCg-d-L-t1,520172,SLP295,cb_intrinsic,L,-1,input_partner
KCg-d-L-t1,520384,PAM12,cb_intrinsic,R,0,auxiliary_partner
KCg-d-L-t1,520403,PAM10,cb_intrinsic,L,0,auxiliary_partner
KCg-d-L-t1,520533,SLP360_c,cb_intrinsic,L,1,input_partner
KCg-d-L-t1,520616,PAM11,cb_intrinsic,L,0,auxiliary_partner
KCg-d-L-t1,520698,MeVC20,visual_centrifugal,L,-1,input_partner
KCg-d-L-t1,521020,CB3015,cb_intrinsic,L,1,input_partner
KCg-d-L-t1,521189,LHPV9b1,cb_intrinsic,L,-1,input_partner
KCg-d-L-t1,521256,PLP131,cb_intrinsic,L,-1,input_partner
KCg-d-L-t1,521587,CRE043_c2,cb_intrinsic,L,-1,input_partner
KCg-d-L-t1,521721,aMe22,cb_intrinsic,L,-1,input_partner
KCg-d-L-t1,521722,CL126,cb_intrinsic,L,-1,input_partner
KCg-d-L-t1,521931,PLP258,cb_intrinsic,L,-1,input_partner
KCg-d-L-t1,522715,CRE012,cb_intrinsic,L,-1,input_partner
KCg-d-L-t1,523060,MBON09,cb_intrinsic,R,-1,output_mbon
KCg-d-L-t1,523382,PAM08,cb_intrinsic,L,0,auxiliary_partner
KCg-d-L-t1,523553,PAM05,cb_intrinsic,L,0,auxiliary_partner
KCg-d-L-t1,523628,MBON21,cb_intrinsic,R,1,output_mbon
KCg-d-L-t1,523638,PAM01,cb_intrinsic,R,0,auxiliary_partner
KCg-d-L-t1,523684,PLP130,cb_intrinsic,L,1,input_partner
KCg-d-L-t1,523686,SMP342,cb_intrinsic,L,-1,input_partner
KCg-d-L-t1,523791,PAM04,cb_intrinsic,R,0,auxiliary_partner
KCg-d-L-t1,523942,PAM08,cb_intrinsic,R,0,auxiliary_partner
KCg-d-L-t1,523987,MBON29,cb_intrinsic,R,1,output_mbon
KCg-d-L-t1,524058,CB0656,cb_intrinsic,L,1,input_partner
KCg-d-L-t1,524069,PAM08,cb_intrinsic,R,0,auxiliary_partner
KCg-d-L-t1,524231,LoVP39,visual_projection,L,1,input_partner
KCg-d-L-t1,524398,aMe23,cb_intrinsic,L,-1,input_partner
KCg-d-L-t1,524455,KCg-d,cb_intrinsic,L,1,seed_kc
KCg-d-L-t1,524881,CL002,cb_intrinsic,L,-1,input_partner
KCg-d-L-t1,524883,PLP074,cb_intrinsic,R,-1,input_partner
KCg-d-L-t1,524893,MBON26,cb_intrinsic,L,1,output_mbon
KCg-d-L-t1,525188,LoVP106,visual_projection,L,1,input_partner
KCg-d-L-t1,525190,LC40,visual_projection,L,1,input_partner
KCg-d-L-t1,525349,SLP298,cb_intrinsic,L,-1,input_partner
KCg-d-L-t1,525777,SMP165,cb_intrinsic,R,-1,input_partner
KCg-d-L-t1,525780,MBON04,cb_intrinsic,R,-1,output_mbon
KCg-d-L-t1,525787,PAM05,cb_intrinsic,L,0,auxiliary_partner
KCg-d-L-t1,526613,MeVPLo2,visual_projection,L,1,input_partner
KCg-d-L-t1,527588,SMP163,cb_intrinsic,L,-1,input_partner
KCg-d-L-t1,528100,PAM09,cb_intrinsic,L,0,auxiliary_partner
KCg-d-L-t1,529491,CB1062,cb_intrinsic,R,-1,input_partner
KCg-d-L-t1,529512,PPL106,cb_intrinsic,R,0,auxiliary_partner
KCg-d-L-t1,529516,PPL106,cb_intrinsic,L,0,auxiliary_partner
KCg-d-L-t1,530620,MeVP14,visual_projection,L,1,input_partner
KCg-d-L-t1,530705,SLP094_c,cb_intrinsic,L,1,input_partner
KCg-d-L-t1,530800,SMP714m,cb_intrinsic,R,1,input_partner
KCg-d-L-t1,532334,aMe12,visual_projection,L,1,input_partner
KCg-d-L-t1,532715,PAM05,cb_intrinsic,L,0,auxiliary_partner
KCg-d-L-t1,532824,AVLP044_a,cb_intrinsic,L,1,input_partner
KCg-d-L-t1,532826,AVLP043,cb_intrinsic,L,1,input_partner
KCg-d-L-t1,533026,MeVP16,visual_projection,L,-1,input_partner
KCg-d-L-t1,533294,PAM01,cb_intrinsic,L,0,auxiliary_partner
KCg-d-L-t1,533359,LoVP51,visual_projection,L,1,input_partner
KCg-d-L-t1,533588,SLP230,cb_intrinsic,L,1,input_partner
KCg-d-L-t1,533590,CRE040,cb_intrinsic,L,-1,input_partner
KCg-d-L-t1,535795,KCg-d,cb_intrinsic,L,1,seed_kc
KCg-d-L-t1,536048,DNp27,descending_neuron,L,1,input_partner
KCg-d-L-t1,536051,PLP080,cb_intrinsic,L,-1,input_partner
KCg-d-L-t1,536283,MeVP3,visual_projection,L,1,input_partner
KCg-d-L-t1,536930,CB3676,cb_intrinsic,L,-1,input_partner
KCg-d-L-t1,537090,KCg-d,cb_intrinsic,L,1,seed_kc
KCg-d-L-t1,537135,CB0951,cb_intrinsic,R,-1,input_partner
KCg-d-L-t1,542176,SLP119,cb_intrinsic,L,1,input_partner
KCg-d-L-t1,542818,KCg-d,cb_intrinsic,L,1,seed_kc
KCg-d-L-t1,542876,CL225,cb_intrinsic,R,1,input_partner
KCg-d-L-t1,543677,PAM01,cb_intrinsic,R,0,auxiliary_partner
KCg-d-L-t1,544257,PAM10,cb_intrinsic,R,0,auxiliary_partner
KCg-d-L-t1,544359,PAM10,cb_intrinsic,R,0,auxiliary_partner
KCg-d-L-t1,544770,PAM04,cb_intrinsic,R,0,auxiliary_partner
KCg-d-L-t1,545959,LoVP1,visual_projection,L,-1,input_partner
KCg-d-L-t1,547260,PAM10,cb_intrinsic,R,0,auxiliary_partner
KCg-d-L-t1,552362,PAM12,cb_intrinsic,R,0,auxiliary_partner
KCg-d-L-t1,553201,PAM09,cb_intrinsic,R,0,auxiliary_partner
KCg-d-L-t1,553483,KCg-d,cb_intrinsic,L,1,seed_kc
KCg-d-L-t1,555382,VES003,cb_intrinsic,L,-1,input_partner
KCg-d-L-t1,556005,KCg-d,cb_intrinsic,L,1,seed_kc
KCg-d-L-t1,559335,PLP129,cb_intrinsic,L,-1,input_partner
KCg-d-L-t1,563873,M_lPNm11D,cb_intrinsic,L,1,input_partner
KCg-d-L-t1,577933,PAM06,cb_intrinsic,L,0,auxiliary_partner
KCg-d-L-t1,580579,PAM03,cb_intrinsic,R,0,auxiliary_partner
KCg-d-L-t1,914539,SLP461,cb_intrinsic,L,1,input_partner
KCg-d-L-t1,920537,PAM09,cb_intrinsic,L,0,auxiliary_partner
KCg-d-L-t1,933708,PAM14,cb_intrinsic,R,0,auxiliary_partner
KCg-d-L-t5,10149,LT79,visual_projection,L,1,input_partner
KCg-d-L-t5,10174,LT43,visual_projection,L,-1,input_partner
KCg-d-L-t5,10321,VL2p_adPN,cb_intrinsic,L,1,input_partner
KCg-d-L-t5,10495,MBON05,cb_intrinsic,R,-1,output_mbon
KCg-d-L-t5,10540,APL,cb_intrinsic,R,-1,auxiliary_partner
KCg-d-L-t5,10556,MeVP47,visual_projection,L,1,input_partner
KCg-d-L-t5,10599,MBON35,cb_intrinsic,L,1,output_mbon
KCg-d-L-t5,10604,CL063,cb_intrinsic,L,-1,input_partner
KCg-d-L-t5,10704,MBON11,cb_intrinsic,L,-1,output_mbon
KCg-d-L-t5,10816,MBON31,cb_intrinsic,L,-1,output_mbon
KCg-d-L-t5,10826,MBON21,cb_intrinsic,L,1,output_mbon
KCg-d-L-t5,10958,MeVP52,visual_projection,L,1,input_partner
KCg-d-L-t5,10973,VP1m+VP5_ilPN,cb_intrinsic,L,1,input_partner
KCg-d-L-t5,10977,APL,cb_intrinsic,L,-1,auxiliary_partner
KCg-d-L-t5,11145,MBON20,cb_intrinsic,L,-1,output_mbon
KCg-d-L-t5,11322,MeVP36,visual_projection,L,1,input_partner
KCg-d-L-t5,11327,PPL101,cb_intrinsic,R,0,auxiliary_partner
KCg-d-L-t5,11358,MeVP29,visual_projection,L,1,input_partner
KCg-d-L-t5,11455,MBON32,cb_intrinsic,L,-1,output_mbon
KCg-d-L-t5,11618,PPL102,cb_intrinsic,L,0,auxiliary_partner
KCg-d-L-t5,11695,LHPV6j1,cb_intrinsic,L,1,input_partner
KCg-d-L-t5,11703,VM1_lPN,cb_intrinsic,L,1,input_partner
KCg-d-L-t5,11734,DPM,cb_intrinsic,L,0,auxiliary_partner
KCg-d-L-t5,11752,PPL103,cb_intrinsic,L,0,auxiliary_partner
KCg-d-L-t5,11785,MBON33,cb_intrinsic,L,1,output_mbon
KCg-d-L-t5,11900,PPL101,cb_intrinsic,L,0,auxiliary_partner
KCg-d-L-t5,11956,LHAV2d1,cb_intrinsic,L,1,input_partner
KCg-d-L-t5,12211,aMe12,visual_projection,L,1,input_partner
KCg-d-L-t5,12294,aMe20,visual_projection,L,1,input_partner
KCg-d-L-t5,12517,aMe12,visual_projection,L,1,input_partner
KCg-d-L-t5,12544,MeVP41,visual_projection,L,1,input_partner
KCg-d-L-t5,12569,DPM,cb_intrinsic,R,0,auxiliary_partner
KCg-d-L-t5,12662,MeVPMe4,visual_projection,R,-1,input_partner
KCg-d-L-t5,12737,aMe12,visual_projection,L,1,input_partner
KCg-d-L-t5,12740,aMe12,visual_projection,R,1,input_partner
KCg-d-L-t5,12786,MeVP43,visual_projection,L,1,input_partner
KCg-d-L-t5,12902,PPL108,cb_intrinsic,R,0,auxiliary_partner
KCg-d-L-t5,12918,MBON22,cb_intrinsic,L,1,output_mbon
KCg-d-L-t5,12945,MeVP30,visual_projection,L,1,input_partner
KCg-d-L-t5,13152,MeVP25,visual_projection,L,1,input_partner
KCg-d-L-t5,13190,aMe12,visual_projection,R,1,input_partner
KCg-d-L-t5,13220,AVLP257,cb_intrinsic,L,1,input_partner
KCg-d-L-t5,13334,VP1m+VP5_ilPN,cb_intrinsic,R,1,input_partner
KCg-d-L-t5,13368,MeVP50,visual_projection,L,1,input_partner
KCg-d-L-t5,13428,PPL102,cb_intrinsic,R,0,auxiliary_partner
KCg-d-L-t5,13724,LAL100,cb_intrinsic,R,-1,input_partner
KCg-d-L-t5,13728,MBON12,cb_intrinsic,L,1,output_mbon
KCg-d-L-t5,13740,LoVP100,visual_projection,L,1,input_partner
KCg-d-L-t5,13768,MBON12,cb_intrinsic,L,1,output_mbon
KCg-d-L-t5,13784,LoVP42,visual_projection,L,1,input_partner
KCg-d-L-t5,14182,PPL103,cb_intrinsic,R,0,auxiliary_partner
KCg-d-L-t5,14225,PPL105,cb_intrinsic,R,0,auxiliary_partner
KCg-d-L-t5,14437,VP3+VP1l_ivPN,cb_intrinsic,R,1,input_partner
KCg-d-L-t5,14454,LoVP70,visual_projection,L,1,input_partner
KCg-d-L-t5,14705,PPL107,cb_intrinsic,R,0,auxiliary_partner
KCg-d-L-t5,15104,aMe26,visual_projection,L,1,input_partner
KCg-d-L-t5,15310,PPL108,cb_intrinsic,L,0,auxiliary_partner
KCg-d-L-t5,15369,LoVP107,visual_projection,L,1,input_partner
KCg-d-L-t5,15375,PLP095,cb_intrinsic,L,1,input_partner
KCg-d-L-t5,15525,LoVP72,visual_projection,L,1,input_partner
KCg-d-L-t5,15730,CL200,cb_intrinsic,L,1,input_partner
KCg-d-L-t5,15899,CL258,cb_intrinsic,L,1,input_partner
KCg-d-L-t5,15915,LoVP97,cb_intrinsic,L,1,input_partner
KCg-d-L-t5,16525,MeVP21,visual_projection,L,1,input_partner
KCg-d-L-t5,16582,AVLP043,cb_intrinsic,L,1,input_partner
KCg-d-L-t5,16648,VP1d_il2PN,cb_intrinsic,L,1,input_partner
KCg-d-L-t5,18049,VP1d_il2PN,cb_intrinsic,R,1,input_partner
KCg-d-L-t5,18402,MeVP21,visual_projection,L,1,input_partner
KCg-d-L-t5,18650,LoVP71,visual_projection,L,1,input_partner
KCg-d-L-t5,18713,MBON09,cb_intrinsic,L,-1,output_mbon
KCg-d-L-t5,19267,MBON09,cb_intrinsic,L,-1,output_mbon
KCg-d-L-t5,19788,KCg-d,cb_intrinsic,L,1,seed_kc
KCg-d-L-t5,19845,VP3+VP1l_ivPN,cb_intrinsic,L,1,input_partner
KCg-d-L-t5,21145,PPL104,cb_intrinsic,R,0,auxiliary_partner
KCg-d-L-t5,21970,PLP095,cb_intrinsic,L,1,input_partner
KCg-d-L-t5,24015,LoVP38,visual_projection,L,-1,input_partner
KCg-d-L-t5,25103,LoVP38,visual_projection,L,-1,input_partner
KCg-d-L-t5,26754,SLP360_d,cb_intrinsic,L,1,input_partner
KCg-d-L-t5,26977,M_adPNm7,cb_intrinsic,L,1,input_partner
KCg-d-L-t5,28434,PAM10,cb_intrinsic,R,0,auxiliary_partner
KCg-d-L-t5,28848,KCg-d,cb_intrinsic,L,1,seed_kc
KCg-d-L-t5,29565,PAM10,cb_intrinsic,R,0,auxiliary_partner
KCg-d-L-t5,30095,AN09B033,ascending_neuron,R,1,input_partner
KCg-d-L-t5,32683,KCg-d,cb_intrinsic,L,1,seed_kc
KCg-d-L-t5,32865,PAM10,cb_intrinsic,L,0,auxiliary_partner
KCg-d-L-t5,33681,LoVP66,visual_projection,L,1,input_partner
KCg-d-L-t5,36624,PAM10,cb_intrinsic,R,0,auxiliary_partner
KCg-d-L-t5,39617,PAM07,cb_intrinsic,L,0,auxiliary_partner
KCg-d-L-t5,39619,PLP145,cb_intrinsic,L,1,input_partner
KCg-d-L-t5,40027,KCg-d,cb_intrinsic,L,1,seed_kc
KCg-d-L-t5,44069,KCg-d,cb_intrinsic,L,1,seed_kc
KCg-d-L-t5,44247,,cb_intrinsic,L,1,input_partner
KCg-d-L-t5,47181,KCg-d,cb_intrinsic,L,1,seed_kc
KCg-d-L-t5,47196,PAM07,cb_intrinsic,R,0,auxiliary_partner
KCg-d-L-t5,47567,KCg-d,cb_intrinsic,L,1,seed_kc
KCg-d-L-t5,48113,PAM10,cb_intrinsic,L,0,auxiliary_partner
KCg-d-L-t5,48122,KCg-d,cb_intrinsic,L,1,seed_kc
KCg-d-L-t5,49043,PAM07,cb_intrinsic,R,0,auxiliary_partner
KCg-d-L-t5,50933,KCg-d,cb_intrinsic,L,1,seed_kc
KCg-d-L-t5,52114,LoVP71,visual_projection,L,1,input_partner
KCg-d-L-t5,53271,KCg-d,cb_intrinsic,L,1,seed_kc
KCg-d-L-t5,53285,PAM01,cb_intrinsic,L,0,auxiliary_partner
KCg-d-L-t5,53680,KCg-d,cb_intrinsic,L,1,seed_kc
KCg-d-L-t5,54555,PVLP009,cb_intrinsic,L,1,input_partner
KCg-d-L-t5,55210,PAM08,cb_intrinsic,L,0,auxiliary_partner
KCg-d-L-t5,56145,KCg-d,cb_intrinsic,L,1,seed_kc
KCg-d-L-t5,58802,KCg-d,cb_intrinsic,L,1,seed_kc
KCg-d-L-t5,58941,PAM08,cb_intrinsic,L,0,auxiliary_partner
KCg-d-L-t5,60273,PAM07,cb_intrinsic,L,0,auxiliary_partner
KCg-d-L-t5,60930,PAM10,cb_intrinsic,L,0,auxiliary_partner
KCg-d-L-t5,61013,SLP122,cb_intrinsic,L,1,input_partner
KCg-d-L-t5,61360,PAM12,cb_intrinsic,L,0,auxiliary_partner
KCg-d-L-t5,62731,PAM01,cb_intrinsic,R,0,auxiliary_partner
KCg-d-L-t5,63391,PAM01,cb_intrinsic,R,0,auxiliary_partner
KCg-d-L-t5,63798,LHPV7a2,cb_intrinsic,L,1,input_partner
KCg-d-L-t5,64512,LHPV8c1,cb_intrinsic,L,1,input_partner
KCg-d-L-t5,65524,PAM08,cb_intrinsic,L,0,auxiliary_partner
KCg-d-L-t5,65559,PAM07,cb_intrinsic,R,0,auxiliary_partner
KCg-d-L-t5,65886,PAM08,cb_intrinsic,L,0,auxiliary_partner
KCg-d-L-t5,66659,KCg-d,cb_intrinsic,L,1,seed_kc
KCg-d-L-t5,66934,PAM10,cb_intrinsic,L,0,auxiliary_partner
KCg-d-L-t5,69722,PAM08,cb_intrinsic,L,0,auxiliary_partner
KCg-d-L-t5,69885,KCg-d,cb_intrinsic,L,1,seed_kc
KCg-d-L-t5,69966,CL258,cb_intrinsic,L,1,input_partner
KCg-d-L-t5,72601,PAM06,cb_intrinsic,L,0,auxiliary_partner
KCg-d-L-t5,74362,KCg-d,cb_intrinsic,L,1,seed_kc
KCg-d-L-t5,74743,PAM08,cb_intrinsic,L,0,auxiliary_partner
KCg-d-L-t5,74856,PAM01,cb_intrinsic,L,0,auxiliary_partner
KCg-d-L-t5,75922,PAM08,cb_intrinsic,L,0,auxiliary_partner
KCg-d-L-t5,76362,PAM08,cb_intrinsic,L,0,auxiliary_partner
KCg-d-L-t5,76455,KCg-d,cb_intrinsic,L,1,seed_kc
KCg-d-L-t5,79419,KCg-d,cb_intrinsic,L,1,seed_kc
KCg-d-L-t5,80744,PAM01,cb_intrinsic,L,0,auxiliary_partner
KCg-d-L-t5,80905,KCg-d,cb_intrinsic,L,1,seed_kc
KCg-d-L-t5,80924,KCg-d,cb_intrinsic,L,1,seed_kc
KCg-d-L-t5,81577,KCg-d,cb_intrinsic,L,1,seed_kc
KCg-d-L-t5,81781,KCg-d,cb_intrinsic,L,1,seed_kc
KCg-d-L-t5,82728,KCg-d,cb_intrinsic,L,1,seed_kc
KCg-d-L-t5,83277,PAM01,cb_intrinsic,L,0,auxiliary_partner
KCg-d-L-t5,83852,PAM06,cb_intrinsic,R,0,auxiliary_partner
KCg-d-L-t5,85213,KCg-d,cb_intrinsic,L,1,seed_kc
KCg-d-L-t5,85368,KCg-d,cb_intrinsic,L,1,seed_kc
KCg-d-L-t5,86066,PAM07,cb_intrinsic,L,0,auxiliary_partner
KCg-d-L-t5,86156,PAM08,cb_intrinsic,R,0,auxiliary_partner
KCg-d-L-t5,86372,KCg-d,cb_intrinsic,L,1,seed_kc
KCg-d-L-t5,86431,PAM07,cb_intrinsic,L,0,auxiliary_partner
KCg-d-L-t5,86940,KCg-d,cb_intrinsic,L,1,seed_kc
KCg-d-L-t5,87177,PAM08,cb_intrinsic,L,0,auxiliary_partner
KCg-d-L-t5,87868,KCg-d,cb_intrinsic,L,1,seed_kc
KCg-d-L-t5,88477,PAM01,cb_intrinsic,L,0,auxiliary_partner
KCg-d-L-t5,90678,PAM08,cb_intrinsic,L,0,auxiliary_partner
KCg-d-L-t5,90790,KCg-d,cb_intrinsic,L,1,seed_kc
KCg-d-L-t5,90867,PAM01,cb_intrinsic,R,0,auxiliary_partner
KCg-d-L-t5,90902,PAM08,cb_intrinsic,R,0,auxiliary_partner
KCg-d-L-t5,91391,PAM12,cb_intrinsic,L,0,auxiliary_partner
KCg-d-L-t5,91487,KCg-d,cb_intrinsic,L,1,seed_kc
KCg-d-L-t5,91875,PAM12,cb_intrinsic,L,0,auxiliary_partner
KCg-d-L-t5,91926,KCg-d,cb_intrinsic,L,1,seed_kc
KCg-d-L-t5,92008,KCg-d,cb_intrinsic,L,1,seed_kc
KCg-d-L-t5,92013,KCg-d,cb_intrinsic,L,1,seed_kc
KCg-d-L-t5,92168,KCg-d,cb_intrinsic,L,1,seed_kc
KCg-d-L-t5,92967,KCg-d,cb_intrinsic,L,1,seed_kc
KCg-d-L-t5,93704,PAM01,cb_intrinsic,L,0,auxiliary_partner
KCg-d-L-t5,94250,PAM05,cb_intrinsic,L,0,auxiliary_partner
KCg-d-L-t5,94922,PAM05,cb_intrinsic,L,0,auxiliary_partner
KCg-d-L-t5,95291,KCg-d,cb_intrinsic,L,1,seed_kc
KCg-d-L-t5,95484,KCg-d,cb_intrinsic,L,1,seed_kc
KCg-d-L-t5,95523,PAM08,cb_intrinsic,L,0,auxiliary_partner
KCg-d-L-t5,96497,PAM07,cb_intrinsic,R,0,auxiliary_partner
KCg-d-L-t5,96571,PAM12,cb_intrinsic,L,0,auxiliary_partner
KCg-d-L-t5,97591,KCg-d,cb_intrinsic,L,1,seed_kc
KCg-d-L-t5,97990,PAM06,cb_intrinsic,L,0,auxiliary_partner
KCg-d-L-t5,98265,PAM06,cb_intrinsic,L,0,auxiliary_partner
KCg-d-L-t5,98462,KCg-d,cb_intrinsic,L,1,seed_kc
KCg-d-L-t5,98554,PAM07,cb_intrinsic,L,0,auxiliary_partner
KCg-d-L-t5,98901,KCg-d,cb_intrinsic,L,1,seed_kc
KCg-d-L-t5,99089,PAM01,cb_intrinsic,L,0,auxiliary_partner
KCg-d-L-t5,100258,PAM01,cb_intrinsic,R,0,auxiliary_partner
KCg-d-L-t5,100592,KCg-d,cb_intrinsic,L,1,seed_kc
KCg-d-L-t5,101647,KCg-d,cb_intrinsic,L,1,seed_kc
KCg-d-L-t5,102936,PAM08,cb_intrinsic,R,0,auxiliary_partner
KCg-d-L-t5,103255,PAM08,cb_intrinsic,R,0,auxiliary_partner
KCg-d-L-t5,103433,PAM14,cb_intrinsic,R,0,auxiliary_partner
KCg-d-L-t5,103715,KCg-d,cb_intrinsic,L,1,seed_kc
KCg-d-L-t5,103770,KCg-d,cb_intrinsic,L,1,seed_kc
KCg-d-L-t5,104460,PAM12,cb_intrinsic,L,0,auxiliary_partner
KCg-d-L-t5,104713,PAM08,cb_intrinsic,R,0,auxiliary_partner
KCg-d-L-t5,105365,PAM08,cb_intrinsic,R,0,auxiliary_partner
KCg-d-L-t5,105447,PAM12,cb_intrinsic,L,0,auxiliary_partner
KCg-d-L-t5,105662,KCg-d,cb_intrinsic,L,1,seed_kc
KCg-d-L-t5,107285,PAM08,cb_intrinsic,L,0,auxiliary_partner
KCg-d-L-t5,107844,PLP120,cb_intrinsic,L,1,input_partner
KCg-d-L-t5,107986,PAM02,cb_intrinsic,L,0,auxiliary_partner
KCg-d-L-t5,108429,PAM04,cb_intrinsic,L,0,auxiliary_partner
KCg-d-L-t5,108576,PAM13,cb_intrinsic,R,0,auxiliary_partner
KCg-d-L-t5,109624,PAM08,cb_intrinsic,L,0,auxiliary_partner
KCg-d-L-t5,109793,PAM04,cb_intrinsic,L,0,auxiliary_partner
KCg-d-L-t5,110653,PAM05,cb_intrinsic,R,0,auxiliary_partner
KCg-d-L-t5,110746,KCg-d,cb_intrinsic,L,1,seed_kc
KCg-d-L-t5,111197,KCg-d,cb_intrinsic,L,1,seed_kc
KCg-d-L-t5,111665,PAM12,cb_intrinsic,R,0,auxiliary_partner
KCg-d-L-t5,113001,PAM12,cb_intrinsic,R,0,auxiliary_partner
KCg-d-L-t5,113067,PAM01,cb_intrinsic,R,0,auxiliary_partner
KCg-d-L-t5,114179,KCg-d,cb_intrinsic,L,1,seed_kc
KCg-d-L-t5,114216,PAM01,cb_intrinsic,L,0,auxiliary_partner
KCg-d-L-t5,114522,PAM07,cb_intrinsic,R,0,auxiliary_partner
KCg-d-L-t5,114661,PAM11,cb_intrinsic,R,0,auxiliary_partner
KCg-d-L-t5,114700,PAM01,cb_intrinsic,R,0,auxiliary_partner
KCg-d-L-t5,115470,KCg-d,cb_intrinsic,L,1,seed_kc
KCg-d-L-t5,115868,PAM14,cb_intrinsic,R,0,auxiliary_partner
KCg-d-L-t5,116917,KCg-d,cb_intrinsic,L,1,seed_kc
KCg-d-L-t5,117782,PAM08,cb_intrinsic,L,0,auxiliary_partner
KCg-d-L-t5,117936,KCg-d,cb_intrinsic,L,1,seed_kc
KCg-d-L-t5,118280,KCg-d,cb_intrinsic,L,1,seed_kc
KCg-d-L-t5,119167,KCg-d,cb_intrinsic,L,1,seed_kc
KCg-d-L-t5,119499,PAM08,cb_intrinsic,L,0,auxiliary_partner
KCg-d-L-t5,119763,PAM11,cb_intrinsic,L,0,auxiliary_partner
KCg-d-L-t5,120259,PAM04,cb_intrinsic,R,0,auxiliary_partner
KCg-d-L-t5,120768,PAM07,cb_intrinsic,R,0,auxiliary_partner
KCg-d-L-t5,122062,PAM08,cb_intrinsic,R,0,auxiliary_partner
KCg-d-L-t5,122647,KCg-d,cb_intrinsic,L,1,seed_kc
KCg-d-L-t5,124097,KCg-d,cb_intrinsic,L,1,seed_kc
KCg-d-L-t5,124918,PAM04,cb_intrinsic,L,0,auxiliary_partner
KCg-d-L-t5,125080,PAM04,cb_intrinsic,L,0,auxiliary_partner
KCg-d-L-t5,125644,KCg-d,cb_intrinsic,L,1,seed_kc
KCg-d-L-t5,125813,KCg-d,cb_intrinsic,L,1,seed_kc
KCg-d-L-t5,125873,CB3496,cb_intrinsic,L,1,input_partner
KCg-d-L-t5,126501,PAM06,cb_intrinsic,L,0,auxiliary_partner
KCg-d-L-t5,126900,PAM12,cb_intrinsic,L,0,auxiliary_partner
KCg-d-L-t5,127577,KCg-d,cb_intrinsic,L,1,seed_kc
KCg-d-L-t5,127659,PAM02,cb_intrinsic,L,0,auxiliary_partner
KCg-d-L-t5,129430,PAM08,cb_intrinsic,L,0,auxiliary_partner
KCg-d-L-t5,129563,PAM01,cb_intrinsic,R,0,auxiliary_partner
KCg-d-L-t5,130231,KCg-d,cb_intrinsic,L,1,seed_kc
KCg-d-L-t5,131419,PAM06,cb_intrinsic,R,0,auxiliary_partner
KCg-d-L-t5,131607,PAM07,cb_intrinsic,L,0,auxiliary_partner
KCg-d-L-t5,132513,PAM06,cb_intrinsic,R,0,auxiliary_partner
KCg-d-L-t5,133019,PAM08,cb_intrinsic,R,0,auxiliary_partner
KCg-d-L-t5,134265,PAM06,cb_intrinsic,R,0,auxiliary_partner
KCg-d-L-t5,134769,PAM06,cb_intrinsic,R,0,auxiliary_partner
KCg-d-L-t5,135046,PAM02,cb_intrinsic,L,0,auxiliary_partner
KCg-d-L-t5,135171,PAM12,cb_intrinsic,R,0,auxiliary_partner
KCg-d-L-t5,135219,KCg-d,cb_intrinsic,L,1,seed_kc
KCg-d-L-t5,135241,KCg-d,cb_intrinsic,L,1,seed_kc
KCg-d-L-t5,135287,PAM05,cb_intrinsic,L,0,auxiliary_partner
KCg-d-L-t5,135290,PAM15,cb_intrinsic,R,0,auxiliary_partner
KCg-d-L-t5,135578,PAM08,cb_intrinsic,L,0,auxiliary_partner
KCg-d-L-t5,135662,KCg-d,cb_intrinsic,L,1,seed_kc
KCg-d-L-t5,135897,KCg-d,cb_intrinsic,L,1,seed_kc
KCg-d-L-t5,136024,PAM06,cb_intrinsic,L,0,auxiliary_partner
KCg-d-L-t5,136046,KCg-d,cb_intrinsic,L,1,seed_kc
KCg-d-L-t5,136144,PAM08,cb_intrinsic,R,0,auxiliary_partner
KCg-d-L-t5,136215,PAM06,cb_intrinsic,L,0,auxiliary_partner
KCg-d-L-t5,136912,KCg-d,cb_intrinsic,L,1,seed_kc
KCg-d-L-t5,137283,KCg-d,cb_intrinsic,L,1,seed_kc
KCg-d-L-t5,137302,KCg-d,cb_intrinsic,L,1,seed_kc
KCg-d-L-t5,137321,PAM04,cb_intrinsic,L,0,auxiliary_partner
KCg-d-L-t5,137373,PAM06,cb_intrinsic,L,0,auxiliary_partner
KCg-d-L-t5,137539,PAM11,cb_intrinsic,R,0,auxiliary_partner
KCg-d-L-t5,137595,PAM07,cb_intrinsic,R,0,auxiliary_partner
KCg-d-L-t5,137952,KCg-d,cb_intrinsic,L,1,seed_kc
KCg-d-L-t5,138186,KCg-d,cb_intrinsic,L,1,seed_kc
KCg-d-L-t5,138198,KCg-d,cb_intrinsic,L,1,seed_kc
KCg-d-L-t5,138585,PAM12,cb_intrinsic,L,0,auxiliary_partner
KCg-d-L-t5,138629,PAM01,cb_intrinsic,L,0,auxiliary_partner
KCg-d-L-t5,138822,PAM11,cb_intrinsic,L,0,auxiliary_partner
KCg-d-L-t5,139280,PAM12,cb_intrinsic,R,0,auxiliary_partner
KCg-d-L-t5,139378,PAM12,cb_intrinsic,R,0,auxiliary_partner
KCg-d-L-t5,139591,KCg-d,cb_intrinsic,L,1,seed_kc
KCg-d-L-t5,140175,KCg-d,cb_intrinsic,L,1,seed_kc
KCg-d-L-t5,141246,PAM02,cb_intrinsic,L,0,auxiliary_partner
KCg-d-L-t5,141510,PAM15,cb_intrinsic,R,0,auxiliary_partner
KCg-d-L-t5,141615,PAM01,cb_intrinsic,R,0,auxiliary_partner
KCg-d-L-t5,142069,KCg-d,cb_intrinsic,L,1,seed_kc
KCg-d-L-t5,142203,KCg-d,cb_intrinsic,L,1,seed_kc
KCg-d-L-t5,142238,PAM02,cb_intrinsic,R,0,auxiliary_partner
KCg-d-L-t5,142538,PAM08,cb_intrinsic,R,0,auxiliary_partner
KCg-d-L-t5,142660,PAM13,cb_intrinsic,R,0,auxiliary_partner
KCg-d-L-t5,142733,KCg-d,cb_intrinsic,L,1,seed_kc
KCg-d-L-t5,142898,PAM06,cb_intrinsic,R,0,auxiliary_partner
KCg-d-L-t5,143120,PAM10,cb_intrinsic,L,0,auxiliary_partner
KCg-d-L-t5,143262,KCg-d,cb_intrinsic,L,1,seed_kc
KCg-d-L-t5,144126,PAM02,cb_intrinsic,R,0,auxiliary_partner
KCg-d-L-t5,144315,PAM01,cb_intrinsic,R,0,auxiliary_partner
KCg-d-L-t5,144578,KCg-d,cb_intrinsic,L,1,seed_kc
KCg-d-L-t5,144625,PAM12,cb_intrinsic,L,0,auxiliary_partner
KCg-d-L-t5,144747,KCg-d,cb_intrinsic,L,1,seed_kc
KCg-d-L-t5,144819,KCg-d,cb_intrinsic,L,1,seed_kc
KCg-d-L-t5,145022,PAM02,cb_intrinsic,L,0,auxiliary_partner
KCg-d-L-t5,145085,KCg-d,cb_intrinsic,L,1,seed_kc
KCg-d-L-t5,145094,PAM01,cb_intrinsic,R,0,auxiliary_partner
KCg-d-L-t5,145148,PAM01,cb_intrinsic,L,0,auxiliary_partner
KCg-d-L-t5,145324,PAM02,cb_intrinsic,L,0,auxiliary_partner
KCg-d-L-t5,145371,PAM05,cb_intrinsic,L,0,auxiliary_partner
KCg-d-L-t5,145749,PAM11,cb_intrinsic,L,0,auxiliary_partner
KCg-d-L-t5,146058,PAM08,cb_intrinsic,R,0,auxiliary_partner
KCg-d-L-t5,146301,KCg-d,cb_intrinsic,L,1,seed_kc
KCg-d-L-t5,146418,PAM12,cb_intrinsic,R,0,auxiliary_partner
KCg-d-L-t5,146603,PAM01,cb_intrinsic,R,0,auxiliary_partner
KCg-d-L-t5,146773,PAM04,cb_intrinsic,R,0,auxiliary_partner
KCg-d-L-t5,146774,PAM14,cb_intrinsic,R,0,auxiliary_partner
KCg-d-L-t5,147140,PVLP009,cb_intrinsic,L,1,input_partner
KCg-d-L-t5,147184,PAM08,cb_intrinsic,L,0,auxiliary_partner
KCg-d-L-t5,147585,KCg-d,cb_intrinsic,L,1,seed_kc
KCg-d-L-t5,147857,PAM11,cb_intrinsic,L,0,auxiliary_partner
KCg-d-L-t5,148137,KCg-d,cb_intrinsic,L,1,seed_kc
KCg-d-L-t5,148145,KCg-d,cb_intrinsic,L,1,seed_kc
KCg-d-L-t5,148150,KCg-d,cb_intrinsic,L,1,seed_kc
KCg-d-L-t5,148328,PAM02,cb_intrinsic,L,0,auxiliary_partner
KCg-d-L-t5,148469,PAM02,cb_intrinsic,L,0,auxiliary_partner
KCg-d-L-t5,150177,PAM01,cb_intrinsic,L,0,auxiliary_partner
KCg-d-L-t5,150259,KCg-d,cb_intrinsic,L,1,seed_kc
KCg-d-L-t5,150828,PAM02,cb_intrinsic,L,0,auxiliary_partner
KCg-d-L-t5,150983,PAM14,cb_intrinsic,L,0,auxiliary_partner
KCg-d-L-t5,151013,PAM03,cb_intrinsic,L,0,auxiliary_partner
KCg-d-L-t5,151133,PAM06,cb_intrinsic,L,0,auxiliary_partner
KCg-d-L-t5,151944,KCg-d,cb_intrinsic,L,1,seed_kc
KCg-d-L-t5,151993,PAM05,cb_intrinsic,R,0,auxiliary_partner
KCg-d-L-t5,152019,PAM08,cb_intrinsic,R,0,auxiliary_partner
KCg-d-L-t5,152044,PAM08,cb_intrinsic,R,0,auxiliary_partner
KCg-d-L-t5,152056,PAM06,cb_intrinsic,L,0,auxiliary_partner
KCg-d-L-t5,152291,PAM14,cb_intrinsic,L,0,auxiliary_partner
KCg-d-L-t5,152326,PAM13,cb_intrinsic,L,0,auxiliary_partner
KCg-d-L-t5,152385,PAM08,cb_intrinsic,R,0,auxiliary_partner
KCg-d-L-t5,152428,PAM12,cb_intrinsic,L,0,auxiliary_partner
KCg-d-L-t5,152470,KCg-d,cb_intrinsic,L,1,seed_kc
KCg-d-L-t5,152688,KCg-d,cb_intrinsic,L,1,seed_kc
KCg-d-L-t5,152997,PAM05,cb_intrinsic,L,0,auxiliary_partner
KCg-d-L-t5,153771,PAM07,cb_intrinsic,L,0,auxiliary_partner
KCg-d-L-t5,153931,PAM01,cb_intrinsic,L,0,auxiliary_partner
KCg-d-L-t5,154230,PAM05,cb_intrinsic,R,0,auxiliary_partner
KCg-d-L-t5,154387,PAM14,cb_intrinsic,L,0,auxiliary_partner
KCg-d-L-t5,155329,PAM02,cb_intrinsic,R,0,auxiliary_partner
KCg-d-L-t5,155916,PAM01,cb_intrinsic,L,0,auxiliary_partner
KCg-d-L-t5,155996,KCg-d,cb_intrinsic,L,1,seed_kc
KCg-d-L-t5,156028,PAM01,cb_intrinsic,R,0,auxiliary_partner
KCg-d-L-t5,156046,PAM01,cb_intrinsic,L,0,auxiliary_partner
KCg-d-L-t5,156785,KCg-d,cb_intrinsic,L,1,seed_kc
KCg-d-L-t5,157016,PAM11,cb_intrinsic,L,0,auxiliary_partner
KCg-d-L-t5,157134,PAM08,cb_intrinsic,R,0,auxiliary_partner
KCg-d-L-t5,157257,PAM12,cb_intrinsic,L,0,auxiliary_partner
KCg-d-L-t5,157370,PAM13,cb_intrinsic,R,0,auxiliary_partner
KCg-d-L-t5,157683,PAM04,cb_intrinsic,R,0,auxiliary_partner
KCg-d-L-t5,157767,PAM05,cb_intrinsic,R,0,auxiliary_partner
KCg-d-L-t5,157816,PAM04,cb_intrinsic,L,0,auxiliary_partner
KCg-d-L-t5,158196,PAM04,cb_intrinsic,L,0,auxiliary_partner
KCg-d-L-t5,158372,PAM08,cb_intrinsic,L,0,auxiliary_partner
KCg-d-L-t5,158447,KCg-d,cb_intrinsic,L,1,seed_kc
KCg-d-L-t5,158651,PAM06,cb_intrinsic,L,0,auxiliary_partner
KCg-d-L-t5,158917,PAM12,cb_intrinsic,R,0,auxiliary_partner
KCg-d-L-t5,159062,PAM01,cb_intrinsic,L,0,auxiliary_partner
KCg-d-L-t5,159158,PAM01,cb_intrinsic,L,0,auxiliary_partner
KCg-d-L-t5,159831,PAM14,cb_intrinsic,L,0,auxiliary_partner
KCg-d-L-t5,160277,PAM06,cb_intrinsic,R,0,auxiliary_partner
KCg-d-L-t5,161079,PAM15,cb_intrinsic,L,0,auxiliary_partner
KCg-d-L-t5,161153,PAM08,cb_intrinsic,L,0,auxiliary_partner
KCg-d-L-t5,161596,PAM14,cb_intrinsic,R,0,auxiliary_partner
KCg-d-L-t5,162050,PAM08,cb_intrinsic,L,0,auxiliary_partner
KCg-d-L-t5,162116,PAM13,cb_intrinsic,L,0,auxiliary_partner
KCg-d-L-t5,162631,PAM13,cb_intrinsic,R,0,auxiliary_partner
KCg-d-L-t5,163194,PAM06,cb_intrinsic,R,0,auxiliary_partner
KCg-d-L-t5,164086,PAM01,cb_intrinsic,R,0,auxiliary_partner
KCg-d-L-t5,164279,PAM14,cb_intrinsic,R,0,auxiliary_partner
KCg-d-L-t5,164601,PAM14,cb_intrinsic,L,0,auxiliary_partner
KCg-d-L-t5,165187,PAM05,cb_intrinsic,R,0,auxiliary_partner
KCg-d-L-t5,165365,PAM01,cb_intrinsic,L,0,auxiliary_partner
KCg-d-L-t5,167009,PAM01,cb_intrinsic,R,0,auxiliary_partner
KCg-d-L-t5,167073,PAM14,cb_intrinsic,R,0,auxiliary_partner
KCg-d-L-t5,168020,PAM03,cb_intrinsic,L,0,auxiliary_partner
KCg-d-L-t5,169027,PAM03,cb_intrinsic,R,0,auxiliary_partner
KCg-d-L-t5,169278,PAM01,cb_intrinsic,L,0,auxiliary_partner
KCg-d-L-t5,169674,PAM04,cb_intrinsic,L,0,auxiliary_partner
KCg-d-L-t5,170450,PAM10,cb_intrinsic,L,0,auxiliary_partner
KCg-d-L-t5,170467,PAM03,cb_intrinsic,R,0,auxiliary_partner
KCg-d-L-t5,171959,PAM02,cb_intrinsic,R,0,auxiliary_partner
KCg-d-L-t5,174255,PAM14,cb_intrinsic,L,0,auxiliary_partner
KCg-d-L-t5,174672,PAM08,cb_intrinsic,L,0,auxiliary_partner
KCg-d-L-t5,174862,PAM08,cb_intrinsic,R,0,auxiliary_partner
KCg-d-L-t5,175232,PAM13,cb_intrinsic,L,0,auxiliary_partner
KCg-d-L-t5,175459,PAM08,cb_intrinsic,L,0,auxiliary_partner
KCg-d-L-t5,175964,PAM08,cb_intrinsic,R,0,auxiliary_partner
KCg-d-L-t5,176429,PAM04,cb_intrinsic,L,0,auxiliary_partner
KCg-d-L-t5,176460,PAM15,cb_intrinsic,R,0,auxiliary_partner
KCg-d-L-t5,177603,PAM04,cb_intrinsic,L,0,auxiliary_partner
KCg-d-L-t5,178101,PAM08,cb_intrinsic,L,0,auxiliary_partner
KCg-d-L-t5,178487,PAM08,cb_intrinsic,R,0,auxiliary_partner
KCg-d-L-t5,178539,PAM04,cb_intrinsic,R,0,auxiliary_partner
KCg-d-L-t5,178945,PAM10,cb_intrinsic,R,0,auxiliary_partner
KCg-d-L-t5,181924,PAM01,cb_intrinsic,L,0,auxiliary_partner
KCg-d-L-t5,183567,PAM13,cb_intrinsic,L,0,auxiliary_partner
KCg-d-L-t5,184778,PAM08,cb_intrinsic,R,0,auxiliary_partner
KCg-d-L-t5,185518,PAM01,cb_intrinsic,L,0,auxiliary_partner
KCg-d-L-t5,190296,PAM02,cb_intrinsic,R,0,auxiliary_partner
KCg-d-L-t5,196030,PAM06,cb_intrinsic,L,0,auxiliary_partner
KCg-d-L-t5,196622,PAM12,cb_intrinsic,R,0,auxiliary_partner
KCg-d-L-t5,197691,PAM01,cb_intrinsic,L,0,auxiliary_partner
KCg-d-L-t5,197920,PAM08,cb_intrinsic,R,0,auxiliary_partner
KCg-d-L-t5,198507,PAM13,cb_intrinsic,L,0,auxiliary_partner
KCg-d-L-t5,198758,PAM01,cb_intrinsic,L,0,auxiliary_partner
KCg-d-L-t5,200973,PAM10,cb_intrinsic,R,0,auxiliary_partner
KCg-d-L-t5,202330,PAM13,cb_intrinsic,R,0,auxiliary_partner
KCg-d-L-t5,203682,PAM14,cb_intrinsic,R,0,auxiliary_partner
KCg-d-L-t5,203885,PAM13,cb_intrinsic,R,0,auxiliary_partner
KCg-d-L-t5,204930,PAM11,cb_intrinsic,L,0,auxiliary_partner
KCg-d-L-t5,205884,PAM01,cb_intrinsic,R,0,auxiliary_partner
KCg-d-L-t5,206851,PAM12,cb_intrinsic,R,0,auxiliary_partner
KCg-d-L-t5,207122,PAM13,cb_intrinsic,L,0,auxiliary_partner
KCg-d-L-t5,209656,PAM13,cb_intrinsic,L,0,auxiliary_partner
KCg-d-L-t5,212085,PAM01,cb_intrinsic,R,0,auxiliary_partner
KCg-d-L-t5,212160,PAM08,cb_intrinsic,R,0,auxiliary_partner
KCg-d-L-t5,212684,PAM14,cb_intrinsic,L,0,auxiliary_partner
KCg-d-L-t5,213743,PAM05,cb_intrinsic,R,0,auxiliary_partner
KCg-d-L-t5,215931,PAM11,cb_intrinsic,R,0,auxiliary_partner
KCg-d-L-t5,215940,PAM13,cb_intrinsic,L,0,auxiliary_partner
KCg-d-L-t5,216580,KCg-d,cb_intrinsic,L,1,seed_kc
KCg-d-L-t5,217007,PAM06,cb_intrinsic,R,0,auxiliary_partner
KCg-d-L-t5,217737,PAM14,cb_intrinsic,L,0,auxiliary_partner
KCg-d-L-t5,218518,PAM13,cb_intrinsic,R,0,auxiliary_partner
KCg-d-L-t5,218583,PAM04,cb_intrinsic,R,0,auxiliary_partner
KCg-d-L-t5,224160,PAM14,cb_intrinsic,R,0,auxiliary_partner
KCg-d-L-t5,224205,PAM09,cb_intrinsic,R,0,auxiliary_partner
KCg-d-L-t5,224500,PAM11,cb_intrinsic,R,0,auxiliary_partner
KCg-d-L-t5,226452,PAM05,cb_intrinsic,R,0,auxiliary_partner
KCg-d-L-t5,226708,PAM08,cb_intrinsic,R,0,auxiliary_partner
KCg-d-L-t5,230802,PAM05,cb_intrinsic,L,0,auxiliary_partner
KCg-d-L-t5,231413,PAM14,cb_intrinsic,L,0,auxiliary_partner
KCg-d-L-t5,239873,PAM04,cb_intrinsic,L,0,auxiliary_partner
KCg-d-L-t5,242429,PAM08,cb_intrinsic,R,0,auxiliary_partner
KCg-d-L-t5,243477,PAM13,cb_intrinsic,R,0,auxiliary_partner
KCg-d-L-t5,252045,PAM01,cb_intrinsic,R,0,auxiliary_partner
KCg-d-L-t5,257650,PAM02,cb_intrinsic,R,0,auxiliary_partner
KCg-d-L-t5,259089,PAM02,cb_intrinsic,R,0,auxiliary_partner
KCg-d-L-t5,291665,PAM02,cb_intrinsic,R,0,auxiliary_partner
KCg-d-L-t5,292203,PAM04,cb_intrinsic,L,0,auxiliary_partner
KCg-d-L-t5,319321,PAM11,cb_intrinsic,R,0,auxiliary_partner
KCg-d-L-t5,325731,PAM01,cb_intrinsic,R,0,auxiliary_partner
KCg-d-L-t5,336850,PAM03,cb_intrinsic,L,0,auxiliary_partner
KCg-d-L-t5,341512,PAM04,cb_intrinsic,L,0,auxiliary_partner
KCg-d-L-t5,506819,PAM01,cb_intrinsic,R,0,auxiliary_partner
KCg-d-L-t5,511788,LoVP41,visual_projection,L,1,input_partner
KCg-d-L-t5,512326,PPL105,cb_intrinsic,L,0,auxiliary_partner
KCg-d-L-t5,513174,MBON30,cb_intrinsic,L,-1,output_mbon
KCg-d-L-t5,515048,PPL104,cb_intrinsic,L,0,auxiliary_partner
KCg-d-L-t5,515846,LC27,visual_projection,L,1,input_partner
KCg-d-L-t5,516044,PAM04,cb_intrinsic,R,0,auxiliary_partner
KCg-d-L-t5,517915,AN09B033,ascending_neuron,R,1,input_partner
KCg-d-L-t5,518072,PAM09,cb_intrinsic,L,0,auxiliary_partner
KCg-d-L-t5,518137,PAM06,cb_intrinsic,L,0,auxiliary_partner
KCg-d-L-t5,518734,LT43,visual_projection,L,-1,input_partner
KCg-d-L-t5,519128,MBON27,cb_intrinsic,L,1,output_mbon
KCg-d-L-t5,519616,PPL107,cb_intrinsic,L,0,auxiliary_partner
KCg-d-L-t5,520151,MBON01,cb_intrinsic,L,-1,output_mbon
KCg-d-L-t5,520384,PAM12,cb_intrinsic,R,0,auxiliary_partner
KCg-d-L-t5,520403,PAM10,cb_intrinsic,L,0,auxiliary_partner
KCg-d-L-t5,520533,SLP360_c,cb_intrinsic,L,1,input_partner
KCg-d-L-t5,520616,PAM11,cb_intrinsic,L,0,auxiliary_partner
KCg-d-L-t5,523382,PAM08,cb_intrinsic,L,0,auxiliary_partner
KCg-d-L-t5,523553,PAM05,cb_intrinsic,L,0,auxiliary_partner
KCg-d-L-t5,523638,PAM01,cb_intrinsic,R,0,auxiliary_partner
KCg-d-L-t5,523791,PAM04,cb_intrinsic,R,0,auxiliary_partner
KCg-d-L-t5,523942,PAM08,cb_intrinsic,R,0,auxiliary_partner
KCg-d-L-t5,524069,PAM08,cb_intrinsic,R,0,auxiliary_partner
KCg-d-L-t5,524455,KCg-d,cb_intrinsic,L,1,seed_kc
KCg-d-L-t5,524881,CL002,cb_intrinsic,L,-1,input_partner
KCg-d-L-t5,525787,PAM05,cb_intrinsic,L,0,auxiliary_partner
KCg-d-L-t5,528100,PAM09,cb_intrinsic,L,0,auxiliary_partner
KCg-d-L-t5,529512,PPL106,cb_intrinsic,R,0,auxiliary_partner
KCg-d-L-t5,529516,PPL106,cb_intrinsic,L,0,auxiliary_partner
KCg-d-L-t5,532334,aMe12,visual_projection,L,1,input_partner
KCg-d-L-t5,532715,PAM05,cb_intrinsic,L,0,auxiliary_partner
KCg-d-L-t5,532826,AVLP043,cb_intrinsic,L,1,input_partner
KCg-d-L-t5,533294,PAM01,cb_intrinsic,L,0,auxiliary_partner
KCg-d-L-t5,535795,KCg-d,cb_intrinsic,L,1,seed_kc
KCg-d-L-t5,537090,KCg-d,cb_intrinsic,L,1,seed_kc
KCg-d-L-t5,542818,KCg-d,cb_intrinsic,L,1,seed_kc
KCg-d-L-t5,543677,PAM01,cb_intrinsic,R,0,auxiliary_partner
KCg-d-L-t5,544257,PAM10,cb_intrinsic,R,0,auxiliary_partner
KCg-d-L-t5,544359,PAM10,cb_intrinsic,R,0,auxiliary_partner
KCg-d-L-t5,544770,PAM04,cb_intrinsic,R,0,auxiliary_partner
KCg-d-L-t5,547260,PAM10,cb_intrinsic,R,0,auxiliary_partner
KCg-d-L-t5,552362,PAM12,cb_intrinsic,R,0,auxiliary_partner
KCg-d-L-t5,553483,KCg-d,cb_intrinsic,L,1,seed_kc
KCg-d-L-t5,556005,KCg-d,cb_intrinsic,L,1,seed_kc
KCg-d-L-t5,577933,PAM06,cb_intrinsic,L,0,auxiliary_partner
KCg-d-L-t5,580579,PAM03,cb_intrinsic,R,0,auxiliary_partner
KCg-d-L-t5,920537,PAM09,cb_intrinsic,L,0,auxiliary_partner
KCg-d-L-t5,933708,PAM14,cb_intrinsic,R,0,auxiliary_partner
KCg-d-R-t1,10013,MBON01,cb_intrinsic,R,-1,output_mbon
KCg-d-R-t1,10035,AstA1,cb_intrinsic,L,-1,input_partner
KCg-d-R-t1,10039,VL2a_adPN,cb_intrinsic,R,1,input_partner
KCg-d-R-t1,10051,Li39,ol_intrinsic,L,-1,input_partner
KCg-d-R-t1,10063,DNp27,descending_neuron,R,1,input_partner
KCg-d-R-t1,10084,DP1m_adPN,cb_intrinsic,R,1,input_partner
KCg-d-R-t1,10209,LHPV12a1,cb_intrinsic,R,-1,input_partner
KCg-d-R-t1,10250,LT79,visual_projection,R,1,input_partner
KCg-d-R-t1,10335,LoVP102,visual_projection,R,1,input_partner
KCg-d-R-t1,10390,VA2_adPN,cb_intrinsic,R,1,input_partner
KCg-d-R-t1,10457,mALD1,cb_intrinsic,L,-1,input_partner
KCg-d-R-t1,10522,VL2p_adPN,cb_intrinsic,R,1,input_partner
KCg-d-R-t1,10530,VL1_ilPN,cb_intrinsic,L,1,input_partner
KCg-d-R-t1,10540,APL,cb_intrinsic,R,-1,auxiliary_partner
KCg-d-R-t1,10634,CRE062,cb_intrinsic,R,1,input_partner
KCg-d-R-t1,10669,CRE074,cb_intrinsic,R,-1,input_partner
KCg-d-R-t1,10683,SLP003,cb_intrinsic,R,-1,input_partner
KCg-d-R-t1,10803,MeVP47,visual_projection,R,1,input_partner
KCg-d-R-t1,10804,MBON20,cb_intrinsic,R,-1,output_mbon
KCg-d-R-t1,10826,MBON21,cb_intrinsic,L,1,output_mbon
KCg-d-R-t1,10882,MeVPMe11,visual_projection,L,-1,input_partner
KCg-d-R-t1,10901,MeVP52,visual_projection,R,1,input_partner
KCg-d-R-t1,10956,LoVC20,cb_intrinsic,L,-1,input_partner
KCg-d-R-t1,10973,VP1m+VP5_ilPN,cb_intrinsic,L,1,input_partner
KCg-d-R-t1,10977,APL,cb_intrinsic,L,-1,auxiliary_partner
KCg-d-R-t1,11015,MeVPMe3,visual_projection,L,-1,input_partner
KCg-d-R-t1,11046,MeVC23,visual_centrifugal,R,-1,input_partner
KCg-d-R-t1,11106,LoVC4,visual_centrifugal,R,-1,input_partner
KCg-d-R-t1,11161,LoVP100,visual_projection,R,1,input_partner
KCg-d-R-t1,11166,mALD4,cb_intrinsic,L,-1,input_partner
KCg-d-R-t1,11176,MBON26,cb_intrinsic,R,1,output_mbon
KCg-d-R-t1,11327,PPL101,cb_intrinsic,R,0,auxiliary_partner
KCg-d-R-t1,11341,LHCENT2,cb_intrinsic,R,-1,input_partner
KCg-d-R-t1,11396,MeVPMe3,visual_projection,R,-1,input_partner
KCg-d-R-t1,11402,MBON11,cb_intrinsic,R,-1,output_mbon
KCg-d-R-t1,11407,CL002,cb_intrinsic,R,-1,input_partner
KCg-d-R-t1,11454,MeVPaMe1,visual_projection,L,1,input_partner
KCg-d-R-t1,11607,CRE107,cb_intrinsic,L,-1,input_partner
KCg-d-R-t1,11618,PPL102,cb_intrinsic,L,0,auxiliary_partner
KCg-d-R-t1,11664,AVLP209,cb_intrinsic,R,-1,input_partner
KCg-d-R-t1,11690,MeVP29,visual_projection,R,1,input_partner
KCg-d-R-t1,11691,LHCENT11,cb_intrinsic,R,1,input_partner
KCg-d-R-t1,11701,mALD3,cb_intrinsic,L,-1,input_partner
KCg-d-R-t1,11734,DPM,cb_intrinsic,L,0,auxiliary_partner
KCg-d-R-t1,11741,mALB1,cb_intrinsic,L,-1,input_partner
KCg-d-R-t1,11752,PPL103,cb_intrinsic,L,0,auxiliary_partner
KCg-d-R-t1,11761,VP1d+VP4_l2PN1,cb_intrinsic,R,1,input_partner
KCg-d-R-t1,11773,MeVP36,visual_projection,R,1,input_partner
KCg-d-R-t1,11805,MBON31,cb_intrinsic,R,-1,output_mbon
KCg-d-R-t1,11893,PLP131,cb_intrinsic,R,-1,input_partner
KCg-d-R-t1,11900,PPL101,cb_intrinsic,L,0,auxiliary_partner
KCg-d-R-t1,11901,5thsLNv_LNd6,visual_projection,R,1,input_partner
KCg-d-R-t1,11903,LHPV3c1,cb_intrinsic,R,1,input_partner
KCg-d-R-t1,11962,SLP130,cb_intrinsic,R,1,input_partner
KCg-d-R-t1,11969,SLP004,cb_intrinsic,R,-1,input_partner
KCg-d-R-t1,11990,MBON22,cb_intrinsic,R,1,output_mbon
KCg-d-R-t1,12211,aMe12,visual_projection,L,1,input_partner
KCg-d-R-t1,12240,aMe17b,visual_centrifugal,R,-1,input_partner
KCg-d-R-t1,12295,aMe20,visual_projection,R,1,input_partner
KCg-d-R-t1,12313,SMP109,cb_intrinsic,R,1,input_partner
KCg-d-R-t1,12430,SMP146,cb_intrinsic,L,-1,input_partner
KCg-d-R-t1,12440,MeVPaMe1,visual_projection,R,1,input_partner
KCg-d-R-t1,12517,aMe12,visual_projection,L,1,input_partner
KCg-d-R-t1,12569,DPM,cb_intrinsic,R,0,auxiliary_partner
KCg-d-R-t1,12639,MeVP43,visual_projection,R,1,input_partner
KCg-d-R-t1,12646,PS291,cb_intrinsic,R,1,input_partner
KCg-d-R-t1,12650,PLP177,cb_intrinsic,R,1,input_partner
KCg-d-R-t1,12685,CL064,cb_intrinsic,R,-1,input_partner
KCg-d-R-t1,12686,LoVP96,visual_centrifugal,R,-1,input_partner
KCg-d-R-t1,12690,MBON06,cb_intrinsic,L,-1,output_mbon
KCg-d-R-t1,12721,GNG322,cb_intrinsic,R,1,input_partner
KCg-d-R-t1,12737,aMe12,visual_projection,L,1,input_partner
KCg-d-R-t1,12740,aMe12,visual_projection,R,1,input_partner
KCg-d-R-t1,12760,MeVPMe4,visual_projection,L,-1,input_partner
KCg-d-R-t1,12761,CRE042,cb_intrinsic,R,-1,input_partner
KCg-d-R-t1,12859,MBON07,cb_intrinsic,R,-1,output_mbon
KCg-d-R-t1,12863,MeVC20,visual_centrifugal,R,-1,input_partner
KCg-d-R-t1,12902,PPL108,cb_intrinsic,R,0,auxiliary_partner
KCg-d-R-t1,12926,ATL021,cb_intrinsic,R,-1,input_partner
KCg-d-R-t1,12947,PLP004,cb_intrinsic,R,-1,input_partner
KCg-d-R-t1,12979,LT75,visual_projection,R,1,input_partner
KCg-d-R-t1,13005,WEDPN12,cb_intrinsic,L,-1,input_partner
KCg-d-R-t1,13076,MeVP25,visual_projection,R,1,input_partner
KCg-d-R-t1,13085,AVLP571,cb_intrinsic,R,1,input_partner
KCg-d-R-t1,13174,MeVP50,visual_projection,R,1,input_partner
KCg-d-R-t1,13190,aMe12,visual_projection,R,1,input_partner
KCg-d-R-t1,13209,DA1_vPN,cb_intrinsic,R,-1,input_partner
KCg-d-R-t1,13214,MeVPMe4,visual_projection,L,-1,input_partner
KCg-d-R-t1,13285,MeVP41,visual_projection,R,1,input_partner
KCg-d-R-t1,13334,VP1m+VP5_ilPN,cb_intrinsic,R,1,input_partner
KCg-d-R-t1,13387,aMe9,visual_projection,L,1,input_partner
KCg-d-R-t1,13428,PPL102,cb_intrinsic,R,0,auxiliary_partner
KCg-d-R-t1,13436,GNG517,cb_intrinsic,L,1,input_partner
KCg-d-R-t1,13515,CL036,cb_intrinsic,R,-1,input_partner
KCg-d-R-t1,13523,SMP165,cb_intrinsic,L,-1,input_partner
KCg-d-R-t1,13563,WEDPN12,cb_intrinsic,R,-1,input_partner
KCg-d-R-t1,13663,MeVP33,visual_projection,R,1,input_partner
KCg-d-R-t1,13707,LoVP97,cb_intrinsic,R,1,input_partner
KCg-d-R-t1,13724,LAL100,cb_intrinsic,R,-1,input_partner
KCg-d-R-t1,13800,LAL145,cb_intrinsic,R,1,input_partner
KCg-d-R-t1,13874,LoVP42,visual_projection,R,1,input_partner
KCg-d-R-t1,13886,LHAV2d1,cb_intrinsic,R,1,input_partner
KCg-d-R-t1,13931,MeVP32,visual_projection,R,1,input_partner
KCg-d-R-t1,13938,MeVC24,visual_centrifugal,R,-1,input_partner
KCg-d-R-t1,14008,AVLP281,cb_intrinsic,R,1,input_partner
KCg-d-R-t1,14142,MeVP46,visual_projection,R,-1,input_partner
KCg-d-R-t1,14179,LT67,visual_projection,R,1,input_partner
KCg-d-R-t1,14182,PPL103,cb_intrinsic,R,0,auxiliary_partner
KCg-d-R-t1,14207,aMe3,visual_projection,R,-1,input_partner
KCg-d-R-t1,14225,PPL105,cb_intrinsic,R,0,auxiliary_partner
KCg-d-R-t1,14233,LoVP73,visual_projection,R,1,input_partner
KCg-d-R-t1,14275,LHPV7c1,cb_intrinsic,R,1,input_partner
KCg-d-R-t1,14294,SLP456,cb_intrinsic,R,1,input_partner
KCg-d-R-t1,14330,WED181,cb_intrinsic,R,1,input_partner
KCg-d-R-t1,14391,M_ilPNm90,cb_intrinsic,L,1,input_partner
KCg-d-R-t1,14437,VP3+VP1l_ivPN,cb_intrinsic,R,1,input_partner
KCg-d-R-t1,14461,PLP130,cb_intrinsic,R,1,input_partner
KCg-d-R-t1,14463,PLP001,cb_intrinsic,R,-1,input_partner
KCg-d-R-t1,14470,AVLP257,cb_intrinsic,R,1,input_partner
KCg-d-R-t1,14497,LHPV9b1,cb_intrinsic,R,-1,input_partner
KCg-d-R-t1,14499,aMe9,visual_projection,R,1,input_partner
KCg-d-R-t1,14613,aMe22,cb_intrinsic,R,-1,input_partner
KCg-d-R-t1,14657,SMP152,cb_intrinsic,R,1,input_partner
KCg-d-R-t1,14671,LT43,visual_projection,R,-1,input_partner
KCg-d-R-t1,14705,PPL107,cb_intrinsic,R,0,auxiliary_partner
KCg-d-R-t1,14721,SLP447,cb_intrinsic,R,-1,input_partner
KCg-d-R-t1,14882,MeVP30,visual_projection,R,1,input_partner
KCg-d-R-t1,15007,aMe26,visual_projection,R,1,input_partner
KCg-d-R-t1,15021,aMe9,visual_projection,R,1,input_partner
KCg-d-R-t1,15029,aMe26,visual_projection,R,1,input_partner
KCg-d-R-t1,15112,MeVP46,visual_projection,R,-1,input_partner
KCg-d-R-t1,15147,IB115,cb_intrinsic,R,1,input_partner
KCg-d-R-t1,15224,SLP080,cb_intrinsic,R,1,input_partner
KCg-d-R-t1,15310,PPL108,cb_intrinsic,L,0,auxiliary_partner
KCg-d-R-t1,15377,aMe26,visual_projection,R,1,input_partner
KCg-d-R-t1,15496,CL317,cb_intrinsic,L,-1,input_partner
KCg-d-R-t1,15737,LoVP107,visual_projection,R,1,input_partner
KCg-d-R-t1,15922,CL368,cb_intrinsic,R,-1,input_partner
KCg-d-R-t1,15987,LoVP46,visual_projection,R,-1,input_partner
KCg-d-R-t1,16169,SLP321,cb_intrinsic,R,1,input_partner
KCg-d-R-t1,16376,CRE067,cb_intrinsic,R,1,input_partner
KCg-d-R-t1,16473,CRE012,cb_intrinsic,R,-1,input_partner
KCg-d-R-t1,16507,CB3977,cb_intrinsic,R,1,input_partner
KCg-d-R-t1,16602,LoVC23,cb_intrinsic,L,-1,input_partner
KCg-d-R-t1,16617,CRE048,cb_intrinsic,R,-1,input_partner
KCg-d-R-t1,16648,VP1d_il2PN,cb_intrinsic,L,1,input_partner
KCg-d-R-t1,16674,aMe10,visual_projection,L,1,input_partner
KCg-d-R-t1,16717,LoVC23,cb_intrinsic,L,-1,input_partner
KCg-d-R-t1,16793,CL133,cb_intrinsic,R,-1,input_partner
KCg-d-R-t1,16834,SMP255,cb_intrinsic,R,1,input_partner
KCg-d-R-t1,16880,PLP231,cb_intrinsic,R,1,input_partner
KCg-d-R-t1,16912,CB0029,cb_intrinsic,R,1,input_partner
KCg-d-R-t1,16929,CL136,cb_intrinsic,R,1,input_partner
KCg-d-R-t1,16946,CB0645,cb_intrinsic,R,1,input_partner
KCg-d-R-t1,17291,SMP546,cb_intrinsic,R,1,input_partner
KCg-d-R-t1,17329,MeVP21,visual_projection,R,1,input_partner
KCg-d-R-t1,17397,SLP381,cb_intrinsic,R,-1,input_partner
KCg-d-R-t1,17405,MeVP21,visual_projection,R,1,input_partner
KCg-d-R-t1,17475,MeVP63,visual_projection,R,-1,input_partner
KCg-d-R-t1,17477,CL200,cb_intrinsic,R,1,input_partner
KCg-d-R-t1,17530,CL123_d,cb_intrinsic,R,1,input_partner
KCg-d-R-t1,17639,,cb_intrinsic,R,-1,input_partner
KCg-d-R-t1,17681,SLP269,cb_intrinsic,R,1,input_partner
KCg-d-R-t1,17855,SLP365,cb_intrinsic,R,-1,input_partner
KCg-d-R-t1,18001,LoVP39,visual_projection,R,1,input_partner
KCg-d-R-t1,18033,PLP095,cb_intrinsic,R,1,input_partner
KCg-d-R-t1,18049,VP1d_il2PN,cb_intrinsic,R,1,input_partner
KCg-d-R-t1,18070,PLP095,cb_intrinsic,R,1,input_partner
KCg-d-R-t1,18170,CL317,cb_intrinsic,R,-1,input_partner
KCg-d-R-t1,18190,PLP058,cb_intrinsic,R,1,input_partner
KCg-d-R-t1,18311,aMe5,visual_projection,R,1,input_partner
KCg-d-R-t1,18341,CL080,cb_intrinsic,R,1,input_partner
KCg-d-R-t1,18507,LoVP70,visual_projection,R,1,input_partner
KCg-d-R-t1,18683,LoVP44,visual_projection,R,1,input_partner
KCg-d-R-t1,18713,MBON09,cb_intrinsic,L,-1,output_mbon
KCg-d-R-t1,18844,MB-C1,cb_intrinsic,R,-1,input_partner
KCg-d-R-t1,18969,CL072,cb_intrinsic,R,1,input_partner
KCg-d-R-t1,19052,CL250,cb_intrinsic,R,1,input_partner
KCg-d-R-t1,19061,PLP231,cb_intrinsic,R,1,input_partner
KCg-d-R-t1,19102,KCg-d,cb_intrinsic,R,1,seed_kc
KCg-d-R-t1,19113,CL258,cb_intrinsic,R,1,input_partner
KCg-d-R-t1,19139,PLP006,cb_intrinsic,R,-1,input_partner
KCg-d-R-t1,19199,AVLP043,cb_intrinsic,R,1,input_partner
KCg-d-R-t1,19267,MBON09,cb_intrinsic,L,-1,output_mbon
KCg-d-R-t1,19290,ATL011,cb_intrinsic,R,-1,input_partner
KCg-d-R-t1,19362,SLP069,cb_intrinsic,R,-1,input_partner
KCg-d-R-t1,19459,LoVP34,visual_projection,R,1,input_partner
KCg-d-R-t1,19513,aMe10,visual_projection,R,1,input_partner
KCg-d-R-t1,19526,MeVP21,visual_projection,R,1,input_partner
KCg-d-R-t1,19619,PLP142,cb_intrinsic,R,-1,input_partner
KCg-d-R-t1,19742,CB0734,cb_intrinsic,R,1,input_partner
KCg-d-R-t1,19845,VP3+VP1l_ivPN,cb_intrinsic,L,1,input_partner
KCg-d-R-t1,20168,LHAD4a1,cb_intrinsic,R,-1,input_partner
KCg-d-R-t1,20311,DA2_lPN,cb_intrinsic,R,1,input_partner
KCg-d-R-t1,20448,PVLP104,cb_intrinsic,R,-1,input_partner
KCg-d-R-t1,20486,MeVPLo2,visual_projection,L,1,input_partner
KCg-d-R-t1,20615,SMP200,cb_intrinsic,R,-1,input_partner
KCg-d-R-t1,20674,aMe24,cb_intrinsic,R,-1,input_partner
KCg-d-R-t1,20700,MeVPLo2,visual_projection,R,1,input_partner
KCg-d-R-t1,20778,OCG02c,visual_projection,R,1,input_partner
KCg-d-R-t1,20889,CL127,cb_intrinsic,R,-1,input_partner
KCg-d-R-t1,20902,SLP223,cb_intrinsic,R,1,input_partner
KCg-d-R-t1,21145,PPL104,cb_intrinsic,R,0,auxiliary_partner
KCg-d-R-t1,21242,MBON09,cb_intrinsic,R,-1,output_mbon
KCg-d-R-t1,21283,PLP002,cb_intrinsic,R,-1,input_partner
KCg-d-R-t1,21468,PLP003,cb_intrinsic,R,-1,input_partner
KCg-d-R-t1,21508,AVLP284,cb_intrinsic,R,1,input_partner
KCg-d-R-t1,21782,LoVP41,visual_projection,R,1,input_partner
KCg-d-R-t1,21790,MB-C1,cb_intrinsic,R,-1,input_partner
KCg-d-R-t1,21869,CB3676,cb_intrinsic,R,-1,input_partner
KCg-d-R-t1,21963,CL127,cb_intrinsic,R,-1,input_partner
KCg-d-R-t1,22333,CL083,cb_intrinsic,R,1,input_partner
KCg-d-R-t1,22440,LoVP38,visual_projection,R,-1,input_partner
KCg-d-R-t1,22476,MeVP22,visual_projection,R,-1,input_partner
KCg-d-R-t1,22509,PLP069,cb_intrinsic,R,-1,input_partner
KCg-d-R-t1,22547,aMe5,visual_projection,R,1,input_partner
KCg-d-R-t1,22578,CL123_e,cb_intrinsic,R,1,input_partner
KCg-d-R-t1,22747,CL141,cb_intrinsic,R,-1,input_partner
KCg-d-R-t1,22870,CRE105,cb_intrinsic,L,1,input_partner
KCg-d-R-t1,23194,LHAD2c3,cb_intrinsic,R,1,input_partner
KCg-d-R-t1,23299,CL099,cb_intrinsic,R,1,input_partner
KCg-d-R-t1,23376,aMe23,cb_intrinsic,R,-1,input_partner
KCg-d-R-t1,23448,LoVP72,visual_projection,R,1,input_partner
KCg-d-R-t1,23469,CB0656,cb_intrinsic,R,1,input_partner
KCg-d-R-t1,23623,MeVP22,visual_projection,R,-1,input_partner
KCg-d-R-t1,23627,PLP069,cb_intrinsic,R,-1,input_partner
KCg-d-R-t1,23738,MeVPLo2,visual_projection,R,1,input_partner
KCg-d-R-t1,23761,LoVP71,visual_projection,R,1,input_partner
KCg-d-R-t1,23762,PLP067,cb_intrinsic,R,1,input_partner
KCg-d-R-t1,23848,MeVPLo2,visual_projection,R,1,input_partner
KCg-d-R-t1,24030,LHAD2c3,cb_intrinsic,R,1,input_partner
KCg-d-R-t1,24391,AVLP045,cb_intrinsic,R,1,input_partner
KCg-d-R-t1,24405,LoVP74,visual_projection,R,1,input_partner
KCg-d-R-t1,24542,LoVP38,visual_projection,R,-1,input_partner
KCg-d-R-t1,24843,PLP003,cb_intrinsic,R,-1,input_partner
KCg-d-R-t1,24866,LHPV2a1_a,cb_intrinsic,R,-1,input_partner
KCg-d-R-t1,24977,PLP180,cb_intrinsic,R,-1,input_partner
KCg-d-R-t1,25012,MeVP3,visual_projection,R,1,input_partner
KCg-d-R-t1,25026,CL090_b,cb_intrinsic,R,1,input_partner
KCg-d-R-t1,25191,LoVP71,visual_projection,R,1,input_partner
KCg-d-R-t1,25389,LoVP57,visual_projection,R,1,input_partner
KCg-d-R-t1,25492,,cb_intrinsic,R,1,input_partner
KCg-d-R-t1,25650,SMP245,cb_intrinsic,R,1,input_partner
KCg-d-R-t1,25763,FB5N,cb_intrinsic,R,-1,input_partner
KCg-d-R-t1,26071,M_lPNm11D,cb_intrinsic,R,1,input_partner
KCg-d-R-t1,26110,PLP188,cb_intrinsic,R,1,input_partner
KCg-d-R-t1,26335,CL134,cb_intrinsic,R,-1,input_partner
KCg-d-R-t1,26408,SLP360_d,cb_intrinsic,R,1,input_partner
KCg-d-R-t1,26451,AVLP042,cb_intrinsic,R,1,input_partner
KCg-d-R-t1,26720,CRE024,cb_intrinsic,R,1,input_partner
KCg-d-R-t1,27081,SLP223,cb_intrinsic,R,1,input_partner
KCg-d-R-t1,27180,AN09B033,ascending_neuron,L,1,input_partner
KCg-d-R-t1,27193,MeVPLo2,visual_projection,L,1,input_partner
KCg-d-R-t1,27371,CL149,cb_intrinsic,R,1,input_partner
KCg-d-R-t1,27794,PLP067,cb_intrinsic,R,1,input_partner
KCg-d-R-t1,27911,CL096,cb_intrinsic,R,1,input_partner
KCg-d-R-t1,27925,LoVP66,visual_projection,R,1,input_partner
KCg-d-R-t1,28159,LHAV2g5,cb_intrinsic,R,1,input_partner
KCg-d-R-t1,28352,SLP361,cb_intrinsic,R,1,input_partner
KCg-d-R-t1,28434,PAM10,cb_intrinsic,R,0,auxiliary_partner
KCg-d-R-t1,28939,PLP064_b,cb_intrinsic,R,1,input_partner
KCg-d-R-t1,29083,SLP360_d,cb_intrinsic,R,1,input_partner
KCg-d-R-t1,29565,PAM10,cb_intrinsic,R,0,auxiliary_partner
KCg-d-R-t1,29635,CL283_c,cb_intrinsic,R,-1,input_partner
KCg-d-R-t1,29799,CRE027,cb_intrinsic,L,-1,input_partner
KCg-d-R-t1,30080,MeVP16,visual_projection,R,-1,input_partner
KCg-d-R-t1,30096,CB2257,cb_intrinsic,R,1,input_partner
KCg-d-R-t1,30397,KCg-d,cb_intrinsic,R,1,seed_kc
KCg-d-R-t1,30437,CRE028,cb_intrinsic,L,-1,input_partner
KCg-d-R-t1,30933,SLP360_b,cb_intrinsic,R,1,input_partner
KCg-d-R-t1,31011,PVLP008_c,cb_intrinsic,R,-1,input_partner
KCg-d-R-t1,31118,MeVPLo2,visual_projection,R,1,input_partner
KCg-d-R-t1,31863,PLP180,cb_intrinsic,R,-1,input_partner
KCg-d-R-t1,31902,WED26,cb_intrinsic,R,-1,input_partner
KCg-d-R-t1,32075,PLP182,cb_intrinsic,R,-1,input_partner
KCg-d-R-t1,32505,PLP084,cb_intrinsic,R,-1,input_partner
KCg-d-R-t1,32648,PVLP009,cb_intrinsic,R,1,input_partner
KCg-d-R-t1,32766,AVLP187,cb_intrinsic,R,1,input_partner
KCg-d-R-t1,32865,PAM10,cb_intrinsic,L,0,auxiliary_partner
KCg-d-R-t1,32994,LoVP51,visual_projection,R,1,input_partner
KCg-d-R-t1,33437,LoVP37,cb_intrinsic,R,-1,input_partner
KCg-d-R-t1,33451,PLP_TBD1,cb_intrinsic,R,-1,input_partner
KCg-d-R-t1,33591,VP1m+VP2_lvPN2,cb_intrinsic,R,1,input_partner
KCg-d-R-t1,33601,SLP122,cb_intrinsic,R,1,input_partner
KCg-d-R-t1,33809,MeVP14,visual_projection,R,1,input_partner
KCg-d-R-t1,34049,MeVP20,visual_projection,R,-1,input_partner
KCg-d-R-t1,34580,AVLP149,cb_intrinsic,R,1,input_partner
KCg-d-R-t1,35027,MeVP20,visual_projection,R,-1,input_partner
KCg-d-R-t1,35180,KCg-d,cb_intrinsic,R,1,seed_kc
KCg-d-R-t1,35479,PVLP008_b,cb_intrinsic,R,-1,input_partner
KCg-d-R-t1,36190,OCG02c,visual_projection,L,1,input_partner
KCg-d-R-t1,36257,PVLP008_c,cb_intrinsic,R,-1,input_partner
KCg-d-R-t1,36595,MeVP20,visual_projection,R,-1,input_partner
KCg-d-R-t1,36624,PAM10,cb_intrinsic,R,0,auxiliary_partner
KCg-d-R-t1,36723,KCg-d,cb_intrinsic,R,1,seed_kc
KCg-d-R-t1,37118,PLP185,cb_intrinsic,R,-1,input_partner
KCg-d-R-t1,37182,MeVP12,visual_projection,R,1,input_partner
KCg-d-R-t1,37282,PLP145,cb_intrinsic,R,1,input_partner
KCg-d-R-t1,37623,AOTU054,cb_intrinsic,R,-1,input_partner
KCg-d-R-t1,37626,PLP119,cb_intrinsic,R,-1,input_partner
KCg-d-R-t1,37845,PAM04,cb_intrinsic,R,0,auxiliary_partner
KCg-d-R-t1,38578,PLP120,cb_intrinsic,R,1,input_partner
KCg-d-R-t1,38657,KCg-d,cb_intrinsic,R,1,seed_kc
KCg-d-R-t1,38764,CB1467,cb_intrinsic,R,1,input_partner
KCg-d-R-t1,39179,CL028,cb_intrinsic,L,-1,input_partner
KCg-d-R-t1,39316,KCg-d,cb_intrinsic,R,1,seed_kc
KCg-d-R-t1,39617,PAM07,cb_intrinsic,L,0,auxiliary_partner
KCg-d-R-t1,39707,SMP573,cb_intrinsic,R,1,input_partner
KCg-d-R-t1,39771,KCg-d,cb_intrinsic,R,1,seed_kc
KCg-d-R-t1,40203,CL272_a1,cb_intrinsic,R,1,input_partner
KCg-d-R-t1,40216,SMP201,cb_intrinsic,R,-1,input_partner
KCg-d-R-t1,40387,,cb_intrinsic,R,1,input_partner
KCg-d-R-t1,40643,AOTU056,cb_intrinsic,R,-1,input_partner
KCg-d-R-t1,40736,PLP186,cb_intrinsic,R,-1,input_partner
KCg-d-R-t1,40916,CL004,cb_intrinsic,R,-1,input_partner
KCg-d-R-t1,40983,LC40,visual_projection,R,1,input_partner
KCg-d-R-t1,41134,KCg-d,cb_intrinsic,R,1,seed_kc
KCg-d-R-t1,41489,LHPV8c1,cb_intrinsic,R,1,input_partner
KCg-d-R-t1,41496,,cb_intrinsic,R,1,input_partner
KCg-d-R-t1,41769,LC44,visual_projection,R,1,input_partner
KCg-d-R-t1,42370,KCg-d,cb_intrinsic,R,1,seed_kc
KCg-d-R-t1,42561,LoVP94,cb_intrinsic,R,-1,input_partner
KCg-d-R-t1,42730,MeVP1,visual_projection,R,1,input_partner
KCg-d-R-t1,42930,SLP275,cb_intrinsic,R,1,input_partner
KCg-d-R-t1,42969,KCg-d,cb_intrinsic,R,1,seed_kc
KCg-d-R-t1,42990,MeVP5,visual_projection,R,1,input_partner
KCg-d-R-t1,43625,,cb_intrinsic,R,1,input_partner
KCg-d-R-t1,43671,LoVP14,visual_projection,R,1,input_partner
KCg-d-R-t1,43867,KCg-d,cb_intrinsic,R,1,seed_kc
KCg-d-R-t1,44485,KCg-d,cb_intrinsic,R,1,seed_kc
KCg-d-R-t1,44642,MeVP12,visual_projection,R,1,input_partner
KCg-d-R-t1,44948,KCg-d,cb_intrinsic,R,1,seed_kc
KCg-d-R-t1,45430,M_lPNm11C,cb_intrinsic,R,1,input_partner
KCg-d-R-t1,45507,CB4072,cb_intrinsic,R,1,input_partner
KCg-d-R-t1,46196,KCg-d,cb_intrinsic,R,1,seed_kc
KCg-d-R-t1,46724,SLP360_c,cb_intrinsic,R,1,input_partner
KCg-d-R-t1,46794,PAM04,cb_intrinsic,R,0,auxiliary_partner
KCg-d-R-t1,47061,LC40,visual_projection,R,1,input_partner
KCg-d-R-t1,47196,PAM07,cb_intrinsic,R,0,auxiliary_partner
KCg-d-R-t1,47354,KCg-d,cb_intrinsic,R,1,seed_kc
KCg-d-R-t1,47847,KCg-d,cb_intrinsic,R,1,seed_kc
KCg-d-R-t1,48113,PAM10,cb_intrinsic,L,0,auxiliary_partner
KCg-d-R-t1,48147,KCg-d,cb_intrinsic,R,1,seed_kc
KCg-d-R-t1,48438,KCg-d,cb_intrinsic,R,1,seed_kc
KCg-d-R-t1,48533,KCg-d,cb_intrinsic,R,1,seed_kc
KCg-d-R-t1,48632,KCg-d,cb_intrinsic,R,1,seed_kc
KCg-d-R-t1,48641,KCg-d,cb_intrinsic,R,1,seed_kc
KCg-d-R-t1,48656,SMP358,cb_intrinsic,R,1,input_partner
KCg-d-R-t1,48736,VES004,cb_intrinsic,R,1,input_partner
KCg-d-R-t1,48978,KCg-d,cb_intrinsic,R,1,seed_kc
KCg-d-R-t1,49043,PAM07,cb_intrinsic,R,0,auxiliary_partner
KCg-d-R-t1,49052,KCg-d,cb_intrinsic,R,1,seed_kc
KCg-d-R-t1,49345,KCg-d,cb_intrinsic,R,1,seed_kc
KCg-d-R-t1,49501,CB3496,cb_intrinsic,R,1,input_partner
KCg-d-R-t1,49709,KCg-d,cb_intrinsic,R,1,seed_kc
KCg-d-R-t1,49710,KCg-d,cb_intrinsic,R,1,seed_kc
KCg-d-R-t1,50159,aMe9,visual_projection,L,1,input_partner
KCg-d-R-t1,50582,KCg-d,cb_intrinsic,R,1,seed_kc
KCg-d-R-t1,51447,MeVP5,visual_projection,R,1,input_partner
KCg-d-R-t1,51470,AOTU056,cb_intrinsic,R,-1,input_partner
KCg-d-R-t1,51679,KCg-d,cb_intrinsic,R,1,seed_kc
KCg-d-R-t1,51888,CB3496,cb_intrinsic,R,1,input_partner
KCg-d-R-t1,51950,MeVP5,visual_projection,R,1,input_partner
KCg-d-R-t1,51998,KCg-d,cb_intrinsic,R,1,seed_kc
KCg-d-R-t1,52594,KCg-d,cb_intrinsic,R,1,seed_kc
KCg-d-R-t1,52751,KCg-d,cb_intrinsic,R,1,seed_kc
KCg-d-R-t1,52907,KCg-d,cb_intrinsic,R,1,seed_kc
KCg-d-R-t1,52928,MeVP5,visual_projection,R,1,input_partner
KCg-d-R-t1,53217,KCg-d,cb_intrinsic,R,1,seed_kc
KCg-d-R-t1,53285,PAM01,cb_intrinsic,L,0,auxiliary_partner
KCg-d-R-t1,53505,KCg-d,cb_intrinsic,R,1,seed_kc
KCg-d-R-t1,53783,MeVP11,visual_projection,R,1,input_partner
KCg-d-R-t1,53797,LoVP8,visual_projection,R,1,input_partner
KCg-d-R-t1,54267,MeVP1,visual_projection,R,1,input_partner
KCg-d-R-t1,55210,PAM08,cb_intrinsic,L,0,auxiliary_partner
KCg-d-R-t1,56105,SLP082,cb_intrinsic,R,-1,input_partner
KCg-d-R-t1,56284,KCg-d,cb_intrinsic,R,1,seed_kc
KCg-d-R-t1,56546,LC24,visual_projection,R,1,input_partner
KCg-d-R-t1,56978,SLP082,cb_intrinsic,R,-1,input_partner
KCg-d-R-t1,57302,KCg-d,cb_intrinsic,R,1,seed_kc
KCg-d-R-t1,57413,KCg-d,cb_intrinsic,R,1,seed_kc
KCg-d-R-t1,57460,KCg-d,cb_intrinsic,R,1,seed_kc
KCg-d-R-t1,57498,KCg-d,cb_intrinsic,R,1,seed_kc
KCg-d-R-t1,57545,KCg-d,cb_intrinsic,R,1,seed_kc
KCg-d-R-t1,57550,KCg-d,cb_intrinsic,R,1,seed_kc
KCg-d-R-t1,57772,MB-C1,cb_intrinsic,R,-1,input_partner
KCg-d-R-t1,58501,KCg-d,cb_intrinsic,R,1,seed_kc
KCg-d-R-t1,58524,KCg-d,cb_intrinsic,R,1,seed_kc
KCg-d-R-t1,58782,KCg-d,cb_intrinsic,R,1,seed_kc
KCg-d-R-t1,58941,PAM08,cb_intrinsic,L,0,auxiliary_partner
KCg-d-R-t1,59460,CL015_a,cb_intrinsic,R,-1,input_partner
KCg-d-R-t1,59658,M_lPNm13,cb_intrinsic,R,1,input_partner
KCg-d-R-t1,59796,M_lPNm13,cb_intrinsic,R,1,input_partner
KCg-d-R-t1,59882,CRE067,cb_intrinsic,R,1,input_partner
KCg-d-R-t1,60273,PAM07,cb_intrinsic,L,0,auxiliary_partner
KCg-d-R-t1,60344,KCg-d,cb_intrinsic,R,1,seed_kc
KCg-d-R-t1,60475,AVLP560,cb_intrinsic,R,1,input_partner
KCg-d-R-t1,60708,KCg-d,cb_intrinsic,R,1,seed_kc
KCg-d-R-t1,60829,KCg-d,cb_intrinsic,R,1,seed_kc
KCg-d-R-t1,60930,PAM10,cb_intrinsic,L,0,auxiliary_partner
KCg-d-R-t1,61056,KCg-d,cb_intrinsic,R,1,seed_kc
KCg-d-R-t1,61360,PAM12,cb_intrinsic,L,0,auxiliary_partner
KCg-d-R-t1,61546,MeVP1,visual_projection,R,1,input_partner
KCg-d-R-t1,62076,KCg-d,cb_intrinsic,R,1,seed_kc
KCg-d-R-t1,62274,KCg-d,cb_intrinsic,R,1,seed_kc
KCg-d-R-t1,62731,PAM01,cb_intrinsic,R,0,auxiliary_partner
KCg-d-R-t1,62875,SMP717m,cb_intrinsic,R,1,input_partner
KCg-d-R-t1,63391,PAM01,cb_intrinsic,R,0,auxiliary_partner
KCg-d-R-t1,63490,MeVP1,visual_projection,R,1,input_partner
KCg-d-R-t1,63543,KCg-d,cb_intrinsic,R,1,seed_kc
KCg-d-R-t1,63949,CL231,cb_intrinsic,R,-1,input_partner
KCg-d-R-t1,64302,KCg-d,cb_intrinsic,R,1,seed_kc
KCg-d-R-t1,64310,KCg-d,cb_intrinsic,R,1,seed_kc
KCg-d-R-t1,65001,SMP578,cb_intrinsic,R,-1,input_partner
KCg-d-R-t1,65354,MeVP5,visual_projection,R,1,input_partner
KCg-d-R-t1,65524,PAM08,cb_intrinsic,L,0,auxiliary_partner
KCg-d-R-t1,65559,PAM07,cb_intrinsic,R,0,auxiliary_partner
KCg-d-R-t1,65886,PAM08,cb_intrinsic,L,0,auxiliary_partner
KCg-d-R-t1,66425,PLP115_b,cb_intrinsic,R,1,input_partner
KCg-d-R-t1,66934,PAM10,cb_intrinsic,L,0,auxiliary_partner
KCg-d-R-t1,66973,KCg-d,cb_intrinsic,R,1,seed_kc
KCg-d-R-t1,67355,KCg-d,cb_intrinsic,R,1,seed_kc
KCg-d-R-t1,67853,KCg-d,cb_intrinsic,R,1,seed_kc
KCg-d-R-t1,67984,KCg-d,cb_intrinsic,R,1,seed_kc
KCg-d-R-t1,68537,CB3135,cb_intrinsic,R,-1,input_partner
KCg-d-R-t1,68685,SLP295,cb_intrinsic,R,-1,input_partner
KCg-d-R-t1,69722,PAM08,cb_intrinsic,L,0,auxiliary_partner
KCg-d-R-t1,71486,KCg-d,cb_intrinsic,R,1,seed_kc
KCg-d-R-t1,71688,KCg-d,cb_intrinsic,R,1,seed_kc
KCg-d-R-t1,71769,FB4R,cb_intrinsic,R,-1,input_partner
KCg-d-R-t1,72230,KCg-d,cb_intrinsic,R,1,seed_kc
KCg-d-R-t1,72512,KCg-d,cb_intrinsic,R,1,seed_kc
KCg-d-R-t1,72601,PAM06,cb_intrinsic,L,0,auxiliary_partner
KCg-d-R-t1,72762,SLP286,cb_intrinsic,R,-1,input_partner
KCg-d-R-t1,73227,KCg-d,cb_intrinsic,R,1,seed_kc
KCg-d-R-t1,74094,KCg-d,cb_intrinsic,R,1,seed_kc
KCg-d-R-t1,74269,KCg-d,cb_intrinsic,R,1,seed_kc
KCg-d-R-t1,74542,KCg-d,cb_intrinsic,R,1,seed_kc
KCg-d-R-t1,74743,PAM08,cb_intrinsic,L,0,auxiliary_partner
KCg-d-R-t1,74856,PAM01,cb_intrinsic,L,0,auxiliary_partner
KCg-d-R-t1,75228,SMP357,cb_intrinsic,R,1,input_partner
KCg-d-R-t1,75922,PAM08,cb_intrinsic,L,0,auxiliary_partner
KCg-d-R-t1,76023,KCg-d,cb_intrinsic,R,1,seed_kc
KCg-d-R-t1,76076,KCg-d,cb_intrinsic,R,1,seed_kc
KCg-d-R-t1,76362,PAM08,cb_intrinsic,L,0,auxiliary_partner
KCg-d-R-t1,77538,LC24,visual_projection,R,1,input_partner
KCg-d-R-t1,78716,LoVP8,visual_projection,R,1,input_partner
KCg-d-R-t1,78768,KCg-d,cb_intrinsic,R,1,seed_kc
KCg-d-R-t1,79925,LoVP3,visual_projection,R,-1,input_partner
KCg-d-R-t1,80479,SMP447,cb_intrinsic,R,-1,input_partner
KCg-d-R-t1,80616,CL231,cb_intrinsic,R,-1,input_partner
KCg-d-R-t1,80744,PAM01,cb_intrinsic,L,0,auxiliary_partner
KCg-d-R-t1,81056,KCg-d,cb_intrinsic,R,1,seed_kc
KCg-d-R-t1,81177,KCg-d,cb_intrinsic,R,1,seed_kc
KCg-d-R-t1,81319,LC24,visual_projection,R,1,input_partner
KCg-d-R-t1,81656,KCg-d,cb_intrinsic,R,1,seed_kc
KCg-d-R-t1,83277,PAM01,cb_intrinsic,L,0,auxiliary_partner
KCg-d-R-t1,83584,KCg-d,cb_intrinsic,R,1,seed_kc
KCg-d-R-t1,83852,PAM06,cb_intrinsic,R,0,auxiliary_partner
KCg-d-R-t1,84011,KCg-d,cb_intrinsic,R,1,seed_kc
KCg-d-R-t1,84628,KCg-d,cb_intrinsic,R,1,seed_kc
KCg-d-R-t1,85349,KCg-d,cb_intrinsic,R,1,seed_kc
KCg-d-R-t1,85851,KCg-d,cb_intrinsic,R,1,seed_kc
KCg-d-R-t1,85923,KCg-d,cb_intrinsic,R,1,seed_kc
KCg-d-R-t1,86066,PAM07,cb_intrinsic,L,0,auxiliary_partner
KCg-d-R-t1,86156,PAM08,cb_intrinsic,R,0,auxiliary_partner
KCg-d-R-t1,86183,KCg-d,cb_intrinsic,R,1,seed_kc
KCg-d-R-t1,86431,PAM07,cb_intrinsic,L,0,auxiliary_partner
KCg-d-R-t1,86909,KCg-d,cb_intrinsic,R,1,seed_kc
KCg-d-R-t1,87077,MBON25,cb_intrinsic,L,-1,output_mbon
KCg-d-R-t1,87177,PAM08,cb_intrinsic,L,0,auxiliary_partner
KCg-d-R-t1,87387,KCg-d,cb_intrinsic,R,1,seed_kc
KCg-d-R-t1,88477,PAM01,cb_intrinsic,L,0,auxiliary_partner
KCg-d-R-t1,88797,PLP154,cb_intrinsic,L,1,input_partner
KCg-d-R-t1,89327,KCg-d,cb_intrinsic,R,1,seed_kc
KCg-d-R-t1,90678,PAM08,cb_intrinsic,L,0,auxiliary_partner
KCg-d-R-t1,90867,PAM01,cb_intrinsic,R,0,auxiliary_partner
KCg-d-R-t1,90902,PAM08,cb_intrinsic,R,0,auxiliary_partner
KCg-d-R-t1,91244,KCg-d,cb_intrinsic,R,1,seed_kc
KCg-d-R-t1,91391,PAM12,cb_intrinsic,L,0,auxiliary_partner
KCg-d-R-t1,91875,PAM12,cb_intrinsic,L,0,auxiliary_partner
KCg-d-R-t1,92324,PAM06,cb_intrinsic,R,0,auxiliary_partner
KCg-d-R-t1,92538,AVLP455,cb_intrinsic,R,1,input_partner
KCg-d-R-t1,93267,LHPV5b3,cb_intrinsic,R,1,input_partner
KCg-d-R-t1,93704,PAM01,cb_intrinsic,L,0,auxiliary_partner
KCg-d-R-t1,94250,PAM05,cb_intrinsic,L,0,auxiliary_partner
KCg-d-R-t1,94922,PAM05,cb_intrinsic,L,0,auxiliary_partner
KCg-d-R-t1,95523,PAM08,cb_intrinsic,L,0,auxiliary_partner
KCg-d-R-t1,96304,KCg-d,cb_intrinsic,R,1,seed_kc
KCg-d-R-t1,96497,PAM07,cb_intrinsic,R,0,auxiliary_partner
KCg-d-R-t1,96571,PAM12,cb_intrinsic,L,0,auxiliary_partner
KCg-d-R-t1,97990,PAM06,cb_intrinsic,L,0,auxiliary_partner
KCg-d-R-t1,98265,PAM06,cb_intrinsic,L,0,auxiliary_partner
KCg-d-R-t1,98554,PAM07,cb_intrinsic,L,0,auxiliary_partner
KCg-d-R-t1,99089,PAM01,cb_intrinsic,L,0,auxiliary_partner
KCg-d-R-t1,99391,KCg-d,cb_intrinsic,R,1,seed_kc
KCg-d-R-t1,100258,PAM01,cb_intrinsic,R,0,auxiliary_partner
KCg-d-R-t1,100901,LC24,visual_projection,R,1,input_partner
KCg-d-R-t1,102283,KCg-d,cb_intrinsic,R,1,seed_kc
KCg-d-R-t1,102936,PAM08,cb_intrinsic,R,0,auxiliary_partner
KCg-d-R-t1,103255,PAM08,cb_intrinsic,R,0,auxiliary_partner
KCg-d-R-t1,103433,PAM14,cb_intrinsic,R,0,auxiliary_partner
KCg-d-R-t1,103663,KCg-d,cb_intrinsic,R,1,seed_kc
KCg-d-R-t1,104460,PAM12,cb_intrinsic,L,0,auxiliary_partner
KCg-d-R-t1,104513,KCg-d,cb_intrinsic,R,1,seed_kc
KCg-d-R-t1,104713,PAM08,cb_intrinsic,R,0,auxiliary_partner
KCg-d-R-t1,105362,PAM05,cb_intrinsic,R,0,auxiliary_partner
KCg-d-R-t1,105365,PAM08,cb_intrinsic,R,0,auxiliary_partner
KCg-d-R-t1,105447,PAM12,cb_intrinsic,L,0,auxiliary_partner
KCg-d-R-t1,106301,KCg-d,cb_intrinsic,R,1,seed_kc
KCg-d-R-t1,107285,PAM08,cb_intrinsic,L,0,auxiliary_partner
KCg-d-R-t1,107986,PAM02,cb_intrinsic,L,0,auxiliary_partner
KCg-d-R-t1,108429,PAM04,cb_intrinsic,L,0,auxiliary_partner
KCg-d-R-t1,108576,PAM13,cb_intrinsic,R,0,auxiliary_partner
KCg-d-R-t1,108609,CRE060,cb_intrinsic,L,1,input_partner
KCg-d-R-t1,109624,PAM08,cb_intrinsic,L,0,auxiliary_partner
KCg-d-R-t1,109793,PAM04,cb_intrinsic,L,0,auxiliary_partner
KCg-d-R-t1,109863,SMP414,cb_intrinsic,R,1,input_partner
KCg-d-R-t1,110148,LoVP2,visual_projection,R,-1,input_partner
KCg-d-R-t1,110653,PAM05,cb_intrinsic,R,0,auxiliary_partner
KCg-d-R-t1,111665,PAM12,cb_intrinsic,R,0,auxiliary_partner
KCg-d-R-t1,111744,KCg-d,cb_intrinsic,R,1,seed_kc
KCg-d-R-t1,113001,PAM12,cb_intrinsic,R,0,auxiliary_partner
KCg-d-R-t1,113067,PAM01,cb_intrinsic,R,0,auxiliary_partner
KCg-d-R-t1,114216,PAM01,cb_intrinsic,L,0,auxiliary_partner
KCg-d-R-t1,114519,CB4072,cb_intrinsic,R,1,input_partner
KCg-d-R-t1,114522,PAM07,cb_intrinsic,R,0,auxiliary_partner
KCg-d-R-t1,114661,PAM11,cb_intrinsic,R,0,auxiliary_partner
KCg-d-R-t1,114700,PAM01,cb_intrinsic,R,0,auxiliary_partner
KCg-d-R-t1,115617,PAM04,cb_intrinsic,L,0,auxiliary_partner
KCg-d-R-t1,115868,PAM14,cb_intrinsic,R,0,auxiliary_partner
KCg-d-R-t1,117211,SLP395,cb_intrinsic,R,-1,input_partner
KCg-d-R-t1,117782,PAM08,cb_intrinsic,L,0,auxiliary_partner
KCg-d-R-t1,119499,PAM08,cb_intrinsic,L,0,auxiliary_partner
KCg-d-R-t1,119763,PAM11,cb_intrinsic,L,0,auxiliary_partner
KCg-d-R-t1,120259,PAM04,cb_intrinsic,R,0,auxiliary_partner
KCg-d-R-t1,120768,PAM07,cb_intrinsic,R,0,auxiliary_partner
KCg-d-R-t1,120949,KCg-d,cb_intrinsic,R,1,seed_kc
KCg-d-R-t1,122062,PAM08,cb_intrinsic,R,0,auxiliary_partner
KCg-d-R-t1,124918,PAM04,cb_intrinsic,L,0,auxiliary_partner
KCg-d-R-t1,125080,PAM04,cb_intrinsic,L,0,auxiliary_partner
KCg-d-R-t1,126501,PAM06,cb_intrinsic,L,0,auxiliary_partner
KCg-d-R-t1,126900,PAM12,cb_intrinsic,L,0,auxiliary_partner
KCg-d-R-t1,127046,KCg-d,cb_intrinsic,R,1,seed_kc
KCg-d-R-t1,127659,PAM02,cb_intrinsic,L,0,auxiliary_partner
KCg-d-R-t1,128076,PAM04,cb_intrinsic,R,0,auxiliary_partner
KCg-d-R-t1,128925,KCg-d,cb_intrinsic,R,1,seed_kc
KCg-d-R-t1,129243,CL190,cb_intrinsic,R,-1,input_partner
KCg-d-R-t1,129430,PAM08,cb_intrinsic,L,0,auxiliary_partner
KCg-d-R-t1,129563,PAM01,cb_intrinsic,R,0,auxiliary_partner
KCg-d-R-t1,131419,PAM06,cb_intrinsic,R,0,auxiliary_partner
KCg-d-R-t1,131607,PAM07,cb_intrinsic,L,0,auxiliary_partner
KCg-d-R-t1,132513,PAM06,cb_intrinsic,R,0,auxiliary_partner
KCg-d-R-t1,133019,PAM08,cb_intrinsic,R,0,auxiliary_partner
KCg-d-R-t1,134265,PAM06,cb_intrinsic,R,0,auxiliary_partner
KCg-d-R-t1,134769,PAM06,cb_intrinsic,R,0,auxiliary_partner
KCg-d-R-t1,134869,PAM06,cb_intrinsic,L,0,auxiliary_partner
KCg-d-R-t1,135046,PAM02,cb_intrinsic,L,0,auxiliary_partner
KCg-d-R-t1,135171,PAM12,cb_intrinsic,R,0,auxiliary_partner
KCg-d-R-t1,135287,PAM05,cb_intrinsic,L,0,auxiliary_partner
KCg-d-R-t1,135290,PAM15,cb_intrinsic,R,0,auxiliary_partner
KCg-d-R-t1,135421,KCg-d,cb_intrinsic,R,1,seed_kc
KCg-d-R-t1,135578,PAM08,cb_intrinsic,L,0,auxiliary_partner
KCg-d-R-t1,136024,PAM06,cb_intrinsic,L,0,auxiliary_partner
KCg-d-R-t1,136144,PAM08,cb_intrinsic,R,0,auxiliary_partner
KCg-d-R-t1,136215,PAM06,cb_intrinsic,L,0,auxiliary_partner
KCg-d-R-t1,136476,CB3574,cb_intrinsic,R,-1,input_partner
KCg-d-R-t1,137321,PAM04,cb_intrinsic,L,0,auxiliary_partner
KCg-d-R-t1,137373,PAM06,cb_intrinsic,L,0,auxiliary_partner
KCg-d-R-t1,137539,PAM11,cb_intrinsic,R,0,auxiliary_partner
KCg-d-R-t1,137595,PAM07,cb_intrinsic,R,0,auxiliary_partner
KCg-d-R-t1,138585,PAM12,cb_intrinsic,L,0,auxiliary_partner
KCg-d-R-t1,138629,PAM01,cb_intrinsic,L,0,auxiliary_partner
KCg-d-R-t1,138822,PAM11,cb_intrinsic,L,0,auxiliary_partner
KCg-d-R-t1,139280,PAM12,cb_intrinsic,R,0,auxiliary_partner
KCg-d-R-t1,139378,PAM12,cb_intrinsic,R,0,auxiliary_partner
KCg-d-R-t1,139706,PAM11,cb_intrinsic,R,0,auxiliary_partner
KCg-d-R-t1,140271,PAM06,cb_intrinsic,R,0,auxiliary_partner
KCg-d-R-t1,141246,PAM02,cb_intrinsic,L,0,auxiliary_partner
KCg-d-R-t1,141504,SMP359,cb_intrinsic,R,1,input_partner
KCg-d-R-t1,141510,PAM15,cb_intrinsic,R,0,auxiliary_partner
KCg-d-R-t1,141615,PAM01,cb_intrinsic,R,0,auxiliary_partner
KCg-d-R-t1,142238,PAM02,cb_intrinsic,R,0,auxiliary_partner
KCg-d-R-t1,142528,PAM09,cb_intrinsic,R,0,auxiliary_partner
KCg-d-R-t1,142538,PAM08,cb_intrinsic,R,0,auxiliary_partner
KCg-d-R-t1,142660,PAM13,cb_intrinsic,R,0,auxiliary_partner
KCg-d-R-t1,142898,PAM06,cb_intrinsic,R,0,auxiliary_partner
KCg-d-R-t1,143120,PAM10,cb_intrinsic,L,0,auxiliary_partner
KCg-d-R-t1,144126,PAM02,cb_intrinsic,R,0,auxiliary_partner
KCg-d-R-t1,144220,KCg-d,cb_intrinsic,R,1,seed_kc
KCg-d-R-t1,144315,PAM01,cb_intrinsic,R,0,auxiliary_partner
KCg-d-R-t1,144625,PAM12,cb_intrinsic,L,0,auxiliary_partner
KCg-d-R-t1,144678,PAM04,cb_intrinsic,R,0,auxiliary_partner
KCg-d-R-t1,145022,PAM02,cb_intrinsic,L,0,auxiliary_partner
KCg-d-R-t1,145094,PAM01,cb_intrinsic,R,0,auxiliary_partner
KCg-d-R-t1,145148,PAM01,cb_intrinsic,L,0,auxiliary_partner
KCg-d-R-t1,145324,PAM02,cb_intrinsic,L,0,auxiliary_partner
KCg-d-R-t1,145371,PAM05,cb_intrinsic,L,0,auxiliary_partner
KCg-d-R-t1,145749,PAM11,cb_intrinsic,L,0,auxiliary_partner
KCg-d-R-t1,146058,PAM08,cb_intrinsic,R,0,auxiliary_partner
KCg-d-R-t1,146208,SMP331,cb_intrinsic,R,1,input_partner
KCg-d-R-t1,146418,PAM12,cb_intrinsic,R,0,auxiliary_partner
KCg-d-R-t1,146603,PAM01,cb_intrinsic,R,0,auxiliary_partner
KCg-d-R-t1,146773,PAM04,cb_intrinsic,R,0,auxiliary_partner
KCg-d-R-t1,146774,PAM14,cb_intrinsic,R,0,auxiliary_partner
KCg-d-R-t1,147184,PAM08,cb_intrinsic,L,0,auxiliary_partner
KCg-d-R-t1,147591,PAM06,cb_intrinsic,R,0,auxiliary_partner
KCg-d-R-t1,147857,PAM11,cb_intrinsic,L,0,auxiliary_partner
KCg-d-R-t1,148328,PAM02,cb_intrinsic,L,0,auxiliary_partner
KCg-d-R-t1,148469,PAM02,cb_intrinsic,L,0,auxiliary_partner
KCg-d-R-t1,149869,PAM09,cb_intrinsic,L,0,auxiliary_partner
KCg-d-R-t1,150014,KCg-d,cb_intrinsic,R,1,seed_kc
KCg-d-R-t1,150034,PAM09,cb_intrinsic,R,0,auxiliary_partner
KCg-d-R-t1,150177,PAM01,cb_intrinsic,L,0,auxiliary_partner
KCg-d-R-t1,150828,PAM02,cb_intrinsic,L,0,auxiliary_partner
KCg-d-R-t1,150983,PAM14,cb_intrinsic,L,0,auxiliary_partner
KCg-d-R-t1,151013,PAM03,cb_intrinsic,L,0,auxiliary_partner
KCg-d-R-t1,151133,PAM06,cb_intrinsic,L,0,auxiliary_partner
KCg-d-R-t1,151993,PAM05,cb_intrinsic,R,0,auxiliary_partner
KCg-d-R-t1,152019,PAM08,cb_intrinsic,R,0,auxiliary_partner
KCg-d-R-t1,152044,PAM08,cb_intrinsic,R,0,auxiliary_partner
KCg-d-R-t1,152056,PAM06,cb_intrinsic,L,0,auxiliary_partner
KCg-d-R-t1,152291,PAM14,cb_intrinsic,L,0,auxiliary_partner
KCg-d-R-t1,152326,PAM13,cb_intrinsic,L,0,auxiliary_partner
KCg-d-R-t1,152385,PAM08,cb_intrinsic,R,0,auxiliary_partner
KCg-d-R-t1,152428,PAM12,cb_intrinsic,L,0,auxiliary_partner
KCg-d-R-t1,152997,PAM05,cb_intrinsic,L,0,auxiliary_partner
KCg-d-R-t1,153035,PAM04,cb_intrinsic,L,0,auxiliary_partner
KCg-d-R-t1,153545,KCg-d,cb_intrinsic,R,1,seed_kc
KCg-d-R-t1,153771,PAM07,cb_intrinsic,L,0,auxiliary_partner
KCg-d-R-t1,153931,PAM01,cb_intrinsic,L,0,auxiliary_partner
KCg-d-R-t1,154230,PAM05,cb_intrinsic,R,0,auxiliary_partner
KCg-d-R-t1,154387,PAM14,cb_intrinsic,L,0,auxiliary_partner
KCg-d-R-t1,154896,CRE037,cb_intrinsic,R,-1,input_partner
KCg-d-R-t1,155329,PAM02,cb_intrinsic,R,0,auxiliary_partner
KCg-d-R-t1,155916,PAM01,cb_intrinsic,L,0,auxiliary_partner
KCg-d-R-t1,156028,PAM01,cb_intrinsic,R,0,auxiliary_partner
KCg-d-R-t1,156046,PAM01,cb_intrinsic,L,0,auxiliary_partner
KCg-d-R-t1,157016,PAM11,cb_intrinsic,L,0,auxiliary_partner
KCg-d-R-t1,157134,PAM08,cb_intrinsic,R,0,auxiliary_partner
KCg-d-R-t1,157257,PAM12,cb_intrinsic,L,0,auxiliary_partner
KCg-d-R-t1,157325,KCg-d,cb_intrinsic,R,1,seed_kc
KCg-d-R-t1,157370,PAM13,cb_intrinsic,R,0,auxiliary_partner
KCg-d-R-t1,157683,PAM04,cb_intrinsic,R,0,auxiliary_partner
KCg-d-R-t1,157767,PAM05,cb_intrinsic,R,0,auxiliary_partner
KCg-d-R-t1,157816,PAM04,cb_intrinsic,L,0,auxiliary_partner
KCg-d-R-t1,158196,PAM04,cb_intrinsic,L,0,auxiliary_partner
KCg-d-R-t1,158372,PAM08,cb_intrinsic,L,0,auxiliary_partner
KCg-d-R-t1,158651,PAM06,cb_intrinsic,L,0,auxiliary_partner
KCg-d-R-t1,158917,PAM12,cb_intrinsic,R,0,auxiliary_partner
KCg-d-R-t1,159062,PAM01,cb_intrinsic,L,0,auxiliary_partner
KCg-d-R-t1,159158,PAM01,cb_intrinsic,L,0,auxiliary_partner
KCg-d-R-t1,159580,KCg-d,cb_intrinsic,R,1,seed_kc
KCg-d-R-t1,159831,PAM14,cb_intrinsic,L,0,auxiliary_partner
KCg-d-R-t1,160277,PAM06,cb_intrinsic,R,0,auxiliary_partner
KCg-d-R-t1,161079,PAM15,cb_intrinsic,L,0,auxiliary_partner
KCg-d-R-t1,161153,PAM08,cb_intrinsic,L,0,auxiliary_partner
KCg-d-R-t1,161596,PAM14,cb_intrinsic,R,0,auxiliary_partner
KCg-d-R-t1,162050,PAM08,cb_intrinsic,L,0,auxiliary_partner
KCg-d-R-t1,162116,PAM13,cb_intrinsic,L,0,auxiliary_partner
KCg-d-R-t1,162631,PAM13,cb_intrinsic,R,0,auxiliary_partner
KCg-d-R-t1,163194,PAM06,cb_intrinsic,R,0,auxiliary_partner
KCg-d-R-t1,163883,PAM03,cb_intrinsic,L,0,auxiliary_partner
KCg-d-R-t1,163951,PAM06,cb_intrinsic,R,0,auxiliary_partner
KCg-d-R-t1,164086,PAM01,cb_intrinsic,R,0,auxiliary_partner
KCg-d-R-t1,164279,PAM14,cb_intrinsic,R,0,auxiliary_partner
KCg-d-R-t1,164601,PAM14,cb_intrinsic,L,0,auxiliary_partner
KCg-d-R-t1,165187,PAM05,cb_intrinsic,R,0,auxiliary_partner
KCg-d-R-t1,165365,PAM01,cb_intrinsic,L,0,auxiliary_partner
KCg-d-R-t1,166540,CB4155,cb_intrinsic,R,-1,input_partner
KCg-d-R-t1,167009,PAM01,cb_intrinsic,R,0,auxiliary_partner
KCg-d-R-t1,167073,PAM14,cb_intrinsic,R,0,auxiliary_partner
KCg-d-R-t1,168020,PAM03,cb_intrinsic,L,0,auxiliary_partner
KCg-d-R-t1,168080,PAM03,cb_intrinsic,L,0,auxiliary_partner
KCg-d-R-t1,169027,PAM03,cb_intrinsic,R,0,auxiliary_partner
KCg-d-R-t1,169278,PAM01,cb_intrinsic,L,0,auxiliary_partner
KCg-d-R-t1,169674,PAM04,cb_intrinsic,L,0,auxiliary_partner
KCg-d-R-t1,170450,PAM10,cb_intrinsic,L,0,auxiliary_partner
KCg-d-R-t1,170467,PAM03,cb_intrinsic,R,0,auxiliary_partner
KCg-d-R-t1,171959,PAM02,cb_intrinsic,R,0,auxiliary_partner
KCg-d-R-t1,174255,PAM14,cb_intrinsic,L,0,auxiliary_partner
KCg-d-R-t1,174384,PAM03,cb_intrinsic,R,0,auxiliary_partner
KCg-d-R-t1,174672,PAM08,cb_intrinsic,L,0,auxiliary_partner
KCg-d-R-t1,174862,PAM08,cb_intrinsic,R,0,auxiliary_partner
KCg-d-R-t1,175232,PAM13,cb_intrinsic,L,0,auxiliary_partner
KCg-d-R-t1,175459,PAM08,cb_intrinsic,L,0,auxiliary_partner
KCg-d-R-t1,175964,PAM08,cb_intrinsic,R,0,auxiliary_partner
KCg-d-R-t1,176429,PAM04,cb_intrinsic,L,0,auxiliary_partner
KCg-d-R-t1,176460,PAM15,cb_intrinsic,R,0,auxiliary_partner
KCg-d-R-t1,177202,PAM03,cb_intrinsic,L,0,auxiliary_partner
KCg-d-R-t1,177603,PAM04,cb_intrinsic,L,0,auxiliary_partner
KCg-d-R-t1,177800,PAM04,cb_intrinsic,L,0,auxiliary_partner
KCg-d-R-t1,178101,PAM08,cb_intrinsic,L,0,auxiliary_partner
KCg-d-R-t1,178487,PAM08,cb_intrinsic,R,0,auxiliary_partner
KCg-d-R-t1,178539,PAM04,cb_intrinsic,R,0,auxiliary_partner
KCg-d-R-t1,178945,PAM10,cb_intrinsic,R,0,auxiliary_partner
KCg-d-R-t1,180403,PAM09,cb_intrinsic,R,0,auxiliary_partner
KCg-d-R-t1,181924,PAM01,cb_intrinsic,L,0,auxiliary_partner
KCg-d-R-t1,183567,PAM13,cb_intrinsic,L,0,auxiliary_partner
KCg-d-R-t1,184778,PAM08,cb_intrinsic,R,0,auxiliary_partner
KCg-d-R-t1,185518,PAM01,cb_intrinsic,L,0,auxiliary_partner
KCg-d-R-t1,186566,PAM04,cb_intrinsic,R,0,auxiliary_partner
KCg-d-R-t1,189384,AVLP042,cb_intrinsic,R,1,input_partner
KCg-d-R-t1,190296,PAM02,cb_intrinsic,R,0,auxiliary_partner
KCg-d-R-t1,190297,PAM03,cb_intrinsic,L,0,auxiliary_partner
KCg-d-R-t1,190635,PAM05,cb_intrinsic,R,0,auxiliary_partner
KCg-d-R-t1,192245,PAM05,cb_intrinsic,R,0,auxiliary_partner
KCg-d-R-t1,196030,PAM06,cb_intrinsic,L,0,auxiliary_partner
KCg-d-R-t1,196622,PAM12,cb_intrinsic,R,0,auxiliary_partner
KCg-d-R-t1,196985,PAM05,cb_intrinsic,R,0,auxiliary_partner
KCg-d-R-t1,197691,PAM01,cb_intrinsic,L,0,auxiliary_partner
KCg-d-R-t1,197920,PAM08,cb_intrinsic,R,0,auxiliary_partner
KCg-d-R-t1,198507,PAM13,cb_intrinsic,L,0,auxiliary_partner
KCg-d-R-t1,198758,PAM01,cb_intrinsic,L,0,auxiliary_partner
KCg-d-R-t1,200973,PAM10,cb_intrinsic,R,0,auxiliary_partner
KCg-d-R-t1,202330,PAM13,cb_intrinsic,R,0,auxiliary_partner
KCg-d-R-t1,203682,PAM14,cb_intrinsic,R,0,auxiliary_partner
KCg-d-R-t1,203885,PAM13,cb_intrinsic,R,0,auxiliary_partner
KCg-d-R-t1,204930,PAM11,cb_intrinsic,L,0,auxiliary_partner
KCg-d-R-t1,205284,CL254,cb_intrinsic,L,1,input_partner
KCg-d-R-t1,205884,PAM01,cb_intrinsic,R,0,auxiliary_partner
KCg-d-R-t1,206851,PAM12,cb_intrinsic,R,0,auxiliary_partner
KCg-d-R-t1,207122,PAM13,cb_intrinsic,L,0,auxiliary_partner
KCg-d-R-t1,207463,PAM06,cb_intrinsic,R,0,auxiliary_partner
KCg-d-R-t1,208566,MBON34,cb_intrinsic,L,-1,output_mbon
KCg-d-R-t1,209656,PAM13,cb_intrinsic,L,0,auxiliary_partner
KCg-d-R-t1,212085,PAM01,cb_intrinsic,R,0,auxiliary_partner
KCg-d-R-t1,212160,PAM08,cb_intrinsic,R,0,auxiliary_partner
KCg-d-R-t1,212684,PAM14,cb_intrinsic,L,0,auxiliary_partner
KCg-d-R-t1,213743,PAM05,cb_intrinsic,R,0,auxiliary_partner
KCg-d-R-t1,215931,PAM11,cb_intrinsic,R,0,auxiliary_partner
KCg-d-R-t1,215940,PAM13,cb_intrinsic,L,0,auxiliary_partner
KCg-d-R-t1,217007,PAM06,cb_intrinsic,R,0,auxiliary_partner
KCg-d-R-t1,217737,PAM14,cb_intrinsic,L,0,auxiliary_partner
KCg-d-R-t1,218518,PAM13,cb_intrinsic,R,0,auxiliary_partner
KCg-d-R-t1,218583,PAM04,cb_intrinsic,R,0,auxiliary_partner
KCg-d-R-t1,224160,PAM14,cb_intrinsic,R,0,auxiliary_partner
KCg-d-R-t1,224205,PAM09,cb_intrinsic,R,0,auxiliary_partner
KCg-d-R-t1,224500,PAM11,cb_intrinsic,R,0,auxiliary_partner
KCg-d-R-t1,226452,PAM05,cb_intrinsic,R,0,auxiliary_partner
KCg-d-R-t1,226708,PAM08,cb_intrinsic,R,0,auxiliary_partner
KCg-d-R-t1,230802,PAM05,cb_intrinsic,L,0,auxiliary_partner
KCg-d-R-t1,231413,PAM14,cb_intrinsic,L,0,auxiliary_partner
KCg-d-R-t1,238644,PAM11,cb_intrinsic,R,0,auxiliary_partner
KCg-d-R-t1,239873,PAM04,cb_intrinsic,L,0,auxiliary_partner
KCg-d-R-t1,242429,PAM08,cb_intrinsic,R,0,auxiliary_partner
KCg-d-R-t1,243477,PAM13,cb_intrinsic,R,0,auxiliary_partner
KCg-d-R-t1,252045,PAM01,cb_intrinsic,R,0,auxiliary_partner
KCg-d-R-t1,257650,PAM02,cb_intrinsic,R,0,auxiliary_partner
KCg-d-R-t1,259089,PAM02,cb_intrinsic,R,0,auxiliary_partner
KCg-d-R-t1,259486,PAM04,cb_intrinsic,R,0,auxiliary_partner
KCg-d-R-t1,273182,PAM11,cb_intrinsic,L,0,auxiliary_partner
KCg-d-R-t1,289948,CRE039,cb_intrinsic,L,-1,input_partner
KCg-d-R-t1,291665,PAM02,cb_intrinsic,R,0,auxiliary_partner
KCg-d-R-t1,292203,PAM04,cb_intrinsic,L,0,auxiliary_partner
KCg-d-R-t1,297139,PAM04,cb_intrinsic,R,0,auxiliary_partner
KCg-d-R-t1,319321,PAM11,cb_intrinsic,R,0,auxiliary_partner
KCg-d-R-t1,325731,PAM01,cb_intrinsic,R,0,auxiliary_partner
KCg-d-R-t1,336850,PAM03,cb_intrinsic,L,0,auxiliary_partner
KCg-d-R-t1,341512,PAM04,cb_intrinsic,L,0,auxiliary_partner
KCg-d-R-t1,394860,MBON25,cb_intrinsic,R,-1,output_mbon
KCg-d-R-t1,496514,LT43,visual_projection,R,-1,input_partner
KCg-d-R-t1,506819,PAM01,cb_intrinsic,R,0,auxiliary_partner
KCg-d-R-t1,508595,MBON35,cb_intrinsic,R,1,output_mbon
KCg-d-R-t1,512047,AVLP475_b,cb_intrinsic,R,-1,input_partner
KCg-d-R-t1,512326,PPL105,cb_intrinsic,L,0,auxiliary_partner
KCg-d-R-t1,512746,SMP238,cb_intrinsic,R,1,input_partner
KCg-d-R-t1,513174,MBON30,cb_intrinsic,L,-1,output_mbon
KCg-d-R-t1,513307,aMe26,visual_projection,L,1,input_partner
KCg-d-R-t1,513630,SMP012,cb_intrinsic,R,-1,input_partner
KCg-d-R-t1,515015,MBON30,cb_intrinsic,R,-1,output_mbon
KCg-d-R-t1,515034,MBON27,cb_intrinsic,R,1,output_mbon
KCg-d-R-t1,515048,PPL104,cb_intrinsic,L,0,auxiliary_partner
KCg-d-R-t1,515289,PLP129,cb_intrinsic,R,-1,input_partner
KCg-d-R-t1,516044,PAM04,cb_intrinsic,R,0,auxiliary_partner
KCg-d-R-t1,516433,VP5+Z_adPN,cb_intrinsic,R,1,input_partner
KCg-d-R-t1,516960,WED002,cb_intrinsic,R,1,input_partner
KCg-d-R-t1,518072,PAM09,cb_intrinsic,L,0,auxiliary_partner
KCg-d-R-t1,518137,PAM06,cb_intrinsic,L,0,auxiliary_partner
KCg-d-R-t1,518489,SMP358,cb_intrinsic,R,1,input_partner
KCg-d-R-t1,519131,MBON32,cb_intrinsic,R,-1,output_mbon
KCg-d-R-t1,519132,CRE011,cb_intrinsic,R,1,input_partner
KCg-d-R-t1,519368,MBON12,cb_intrinsic,R,1,output_mbon
KCg-d-R-t1,519371,MBON05,cb_intrinsic,L,-1,output_mbon
KCg-d-R-t1,519616,PPL107,cb_intrinsic,L,0,auxiliary_partner
KCg-d-R-t1,519619,MBON29,cb_intrinsic,L,1,output_mbon
KCg-d-R-t1,519757,DNd01,cb_intrinsic,L,-1,input_partner
KCg-d-R-t1,519892,LAL043_c,cb_intrinsic,R,-1,input_partner
KCg-d-R-t1,520151,MBON01,cb_intrinsic,L,-1,output_mbon
KCg-d-R-t1,520204,KCg-d,cb_intrinsic,R,1,seed_kc
KCg-d-R-t1,520206,KCg-d,cb_intrinsic,R,1,seed_kc
KCg-d-R-t1,520384,PAM12,cb_intrinsic,R,0,auxiliary_partner
KCg-d-R-t1,520403,PAM10,cb_intrinsic,L,0,auxiliary_partner
KCg-d-R-t1,520580,SMP157,cb_intrinsic,R,1,input_partner
KCg-d-R-t1,520616,PAM11,cb_intrinsic,L,0,auxiliary_partner
KCg-d-R-t1,520916,VM6_adPN,cb_intrinsic,R,1,input_partner
KCg-d-R-t1,521086,MBON12,cb_intrinsic,R,1,output_mbon
KCg-d-R-t1,521437,VA3_adPN,cb_intrinsic,R,1,input_partner
KCg-d-R-t1,521626,CRE081,cb_intrinsic,R,1,input_partner
KCg-d-R-t1,522377,DA3_adPN,cb_intrinsic,R,1,input_partner
KCg-d-R-t1,522444,MBON02,cb_intrinsic,R,-1,output_mbon
KCg-d-R-t1,522749,MBON02,cb_intrinsic,L,-1,output_mbon
KCg-d-R-t1,522828,LHCENT3,cb_intrinsic,R,-1,input_partner
KCg-d-R-t1,522984,SMP056,cb_intrinsic,R,-1,input_partner
KCg-d-R-t1,523043,MBON33,cb_intrinsic,R,1,output_mbon
KCg-d-R-t1,523060,MBON09,cb_intrinsic,R,-1,output_mbon
KCg-d-R-t1,523382,PAM08,cb_intrinsic,L,0,auxiliary_partner
KCg-d-R-t1,523553,PAM05,cb_intrinsic,L,0,auxiliary_partner
KCg-d-R-t1,523628,MBON21,cb_intrinsic,R,1,output_mbon
KCg-d-R-t1,523638,PAM01,cb_intrinsic,R,0,auxiliary_partner
KCg-d-R-t1,523791,PAM04,cb_intrinsic,R,0,auxiliary_partner
KCg-d-R-t1,523942,PAM08,cb_intrinsic,R,0,auxiliary_partner
KCg-d-R-t1,523987,MBON29,cb_intrinsic,R,1,output_mbon
KCg-d-R-t1,524069,PAM08,cb_intrinsic,R,0,auxiliary_partner
KCg-d-R-t1,524883,PLP074,cb_intrinsic,R,-1,input_partner
KCg-d-R-t1,525065,VP4_vPN,cb_intrinsic,R,-1,input_partner
KCg-d-R-t1,525069,LAL019,cb_intrinsic,R,1,input_partner
KCg-d-R-t1,525777,SMP165,cb_intrinsic,R,-1,input_partner
KCg-d-R-t1,525787,PAM05,cb_intrinsic,L,0,auxiliary_partner
KCg-d-R-t1,526613,MeVPLo2,visual_projection,L,1,input_partner
KCg-d-R-t1,526900,KCg-d,cb_intrinsic,R,1,seed_kc
KCg-d-R-t1,528100,PAM09,cb_intrinsic,L,0,auxiliary_partner
KCg-d-R-t1,529228,LoVP28,visual_projection,R,1,input_partner
KCg-d-R-t1,529512,PPL106,cb_intrinsic,R,0,auxiliary_partner
KCg-d-R-t1,529516,PPL106,cb_intrinsic,L,0,auxiliary_partner
KCg-d-R-t1,530798,CRE075,cb_intrinsic,R,-1,input_partner
KCg-d-R-t1,530875,MBON04,cb_intrinsic,L,-1,output_mbon
KCg-d-R-t1,531400,CL258,cb_intrinsic,R,1,input_partner
KCg-d-R-t1,531428,KCg-d,cb_intrinsic,R,1,seed_kc
KCg-d-R-t1,531768,CL063,cb_intrinsic,R,-1,input_partner
KCg-d-R-t1,532334,aMe12,visual_projection,L,1,input_partner
KCg-d-R-t1,532356,MeVPLo2,visual_projection,L,1,input_partner
KCg-d-R-t1,532715,PAM05,cb_intrinsic,L,0,auxiliary_partner
KCg-d-R-t1,533220,KCg-d,cb_intrinsic,R,1,seed_kc
KCg-d-R-t1,533294,PAM01,cb_intrinsic,L,0,auxiliary_partner
KCg-d-R-t1,533345,KCg-d,cb_intrinsic,R,1,seed_kc
KCg-d-R-t1,534301,CRE041,cb_intrinsic,R,-1,input_partner
KCg-d-R-t1,534786,KCg-d,cb_intrinsic,R,1,seed_kc
KCg-d-R-t1,535720,KCg-d,cb_intrinsic,R,1,seed_kc
KCg-d-R-t1,536363,KCg-d,cb_intrinsic,R,1,seed_kc
KCg-d-R-t1,539151,LAL020,cb_intrinsic,R,1,input_partner
KCg-d-R-t1,543339,CB2401,cb_intrinsic,R,-1,input_partner
KCg-d-R-t1,543677,PAM01,cb_intrinsic,R,0,auxiliary_partner
KCg-d-R-t1,544257,PAM10,cb_intrinsic,R,0,auxiliary_partner
KCg-d-R-t1,544359,PAM10,cb_intrinsic,R,0,auxiliary_partner
KCg-d-R-t1,544770,PAM04,cb_intrinsic,R,0,auxiliary_partner
KCg-d-R-t1,547260,PAM10,cb_intrinsic,R,0,auxiliary_partner
KCg-d-R-t1,552362,PAM12,cb_intrinsic,R,0,auxiliary_partner
KCg-d-R-t1,553201,PAM09,cb_intrinsic,R,0,auxiliary_partner
KCg-d-R-t1,564848,M_lvPNm45,cb_intrinsic,R,1,input_partner
KCg-d-R-t1,565155,SMP359,cb_intrinsic,R,1,input_partner
KCg-d-R-t1,567409,PAM04,cb_intrinsic,R,0,auxiliary_partner
KCg-d-R-t1,577933,PAM06,cb_intrinsic,L,0,auxiliary_partner
KCg-d-R-t1,579911,CB0670,cb_intrinsic,R,1,input_partner
KCg-d-R-t1,580579,PAM03,cb_intrinsic,R,0,auxiliary_partner
KCg-d-R-t1,909818,PAM03,cb_intrinsic,R,0,auxiliary_partner
KCg-d-R-t1,920537,PAM09,cb_intrinsic,L,0,auxiliary_partner
KCg-d-R-t1,933708,PAM14,cb_intrinsic,R,0,auxiliary_partner
KCg-d-R-t5,10013,MBON01,cb_intrinsic,R,-1,output_mbon
KCg-d-R-t5,10250,LT79,visual_projection,R,1,input_partner
KCg-d-R-t5,10335,LoVP102,visual_projection,R,1,input_partner
KCg-d-R-t5,10522,VL2p_adPN,cb_intrinsic,R,1,input_partner
KCg-d-R-t5,10540,APL,cb_intrinsic,R,-1,auxiliary_partner
KCg-d-R-t5,10803,MeVP47,visual_projection,R,1,input_partner
KCg-d-R-t5,10804,MBON20,cb_intrinsic,R,-1,output_mbon
KCg-d-R-t5,10901,MeVP52,visual_projection,R,1,input_partner
KCg-d-R-t5,10977,APL,cb_intrinsic,L,-1,auxiliary_partner
KCg-d-R-t5,11161,LoVP100,visual_projection,R,1,input_partner
KCg-d-R-t5,11176,MBON26,cb_intrinsic,R,1,output_mbon
KCg-d-R-t5,11327,PPL101,cb_intrinsic,R,0,auxiliary_partner
KCg-d-R-t5,11341,LHCENT2,cb_intrinsic,R,-1,input_partner
KCg-d-R-t5,11402,MBON11,cb_intrinsic,R,-1,output_mbon
KCg-d-R-t5,11407,CL002,cb_intrinsic,R,-1,input_partner
KCg-d-R-t5,11618,PPL102,cb_intrinsic,L,0,auxiliary_partner
KCg-d-R-t5,11690,MeVP29,visual_projection,R,1,input_partner
KCg-d-R-t5,11701,mALD3,cb_intrinsic,L,-1,input_partner
KCg-d-R-t5,11734,DPM,cb_intrinsic,L,0,auxiliary_partner
KCg-d-R-t5,11752,PPL103,cb_intrinsic,L,0,auxiliary_partner
KCg-d-R-t5,11761,VP1d+VP4_l2PN1,cb_intrinsic,R,1,input_partner
KCg-d-R-t5,11773,MeVP36,visual_projection,R,1,input_partner
KCg-d-R-t5,11805,MBON31,cb_intrinsic,R,-1,output_mbon
KCg-d-R-t5,11893,PLP131,cb_intrinsic,R,-1,input_partner
KCg-d-R-t5,11900,PPL101,cb_intrinsic,L,0,auxiliary_partner
KCg-d-R-t5,11903,LHPV3c1,cb_intrinsic,R,1,input_partner
KCg-d-R-t5,11990,MBON22,cb_intrinsic,R,1,output_mbon
KCg-d-R-t5,12211,aMe12,visual_projection,L,1,input_partner
KCg-d-R-t5,12295,aMe20,visual_projection,R,1,input_partner
KCg-d-R-t5,12517,aMe12,visual_projection,L,1,input_partner
KCg-d-R-t5,12569,DPM,cb_intrinsic,R,0,auxiliary_partner
KCg-d-R-t5,12639,MeVP43,visual_projection,R,1,input_partner
KCg-d-R-t5,12650,PLP177,cb_intrinsic,R,1,input_partner
KCg-d-R-t5,12685,CL064,cb_intrinsic,R,-1,input_partner
KCg-d-R-t5,12737,aMe12,visual_projection,L,1,input_partner
KCg-d-R-t5,12740,aMe12,visual_projection,R,1,input_partner
KCg-d-R-t5,12902,PPL108,cb_intrinsic,R,0,auxiliary_partner
KCg-d-R-t5,12947,PLP004,cb_intrinsic,R,-1,input_partner
KCg-d-R-t5,12979,LT75,visual_projection,R,1,input_partner
KCg-d-R-t5,13076,MeVP25,visual_projection,R,1,input_partner
KCg-d-R-t5,13174,MeVP50,visual_projection,R,1,input_partner
KCg-d-R-t5,13190,aMe12,visual_projection,R,1,input_partner
KCg-d-R-t5,13285,MeVP41,visual_projection,R,1,input_partner
KCg-d-R-t5,13387,aMe9,visual_projection,L,1,input_partner
KCg-d-R-t5,13428,PPL102,cb_intrinsic,R,0,auxiliary_partner
KCg-d-R-t5,13523,SMP165,cb_intrinsic,L,-1,input_partner
KCg-d-R-t5,13663,MeVP33,visual_projection,R,1,input_partner
KCg-d-R-t5,13707,LoVP97,cb_intrinsic,R,1,input_partner
KCg-d-R-t5,13874,LoVP42,visual_projection,R,1,input_partner
KCg-d-R-t5,13886,LHAV2d1,cb_intrinsic,R,1,input_partner
KCg-d-R-t5,14179,LT67,visual_projection,R,1,input_partner
KCg-d-R-t5,14182,PPL103,cb_intrinsic,R,0,auxiliary_partner
KCg-d-R-t5,14225,PPL105,cb_intrinsic,R,0,auxiliary_partner
KCg-d-R-t5,14437,VP3+VP1l_ivPN,cb_intrinsic,R,1,input_partner
KCg-d-R-t5,14497,LHPV9b1,cb_intrinsic,R,-1,input_partner
KCg-d-R-t5,14671,LT43,visual_projection,R,-1,input_partner
KCg-d-R-t5,14705,PPL107,cb_intrinsic,R,0,auxiliary_partner
KCg-d-R-t5,14882,MeVP30,visual_projection,R,1,input_partner
KCg-d-R-t5,15310,PPL108,cb_intrinsic,L,0,auxiliary_partner
KCg-d-R-t5,15737,LoVP107,visual_projection,R,1,input_partner
KCg-d-R-t5,15922,CL368,cb_intrinsic,R,-1,input_partner
KCg-d-R-t5,15987,LoVP46,visual_projection,R,-1,input_partner
KCg-d-R-t5,16169,SLP321,cb_intrinsic,R,1,input_partner
KCg-d-R-t5,16793,CL133,cb_intrinsic,R,-1,input_partner
KCg-d-R-t5,17329,MeVP21,visual_projection,R,1,input_partner
KCg-d-R-t5,17477,CL200,cb_intrinsic,R,1,input_partner
KCg-d-R-t5,18033,PLP095,cb_intrinsic,R,1,input_partner
KCg-d-R-t5,18049,VP1d_il2PN,cb_intrinsic,R,1,input_partner
KCg-d-R-t5,18070,PLP095,cb_intrinsic,R,1,input_partner
KCg-d-R-t5,18507,LoVP70,visual_projection,R,1,input_partner
KCg-d-R-t5,19102,KCg-d,cb_intrinsic,R,1,seed_kc
KCg-d-R-t5,19113,CL258,cb_intrinsic,R,1,input_partner
KCg-d-R-t5,19199,AVLP043,cb_intrinsic,R,1,input_partner
KCg-d-R-t5,19526,MeVP21,visual_projection,R,1,input_partner
KCg-d-R-t5,19845,VP3+VP1l_ivPN,cb_intrinsic,L,1,input_partner
KCg-d-R-t5,20311,DA2_lPN,cb_intrinsic,R,1,input_partner
KCg-d-R-t5,20902,SLP223,cb_intrinsic,R,1,input_partner
KCg-d-R-t5,21145,PPL104,cb_intrinsic,R,0,auxiliary_partner
KCg-d-R-t5,21242,MBON09,cb_intrinsic,R,-1,output_mbon
KCg-d-R-t5,21782,LoVP41,visual_projection,R,1,input_partner
KCg-d-R-t5,22440,LoVP38,visual_projection,R,-1,input_partner
KCg-d-R-t5,23448,LoVP72,visual_projection,R,1,input_partner
KCg-d-R-t5,23469,CB0656,cb_intrinsic,R,1,input_partner
KCg-d-R-t5,23761,LoVP71,visual_projection,R,1,input_partner
KCg-d-R-t5,24542,LoVP38,visual_projection,R,-1,input_partner
KCg-d-R-t5,25012,MeVP3,visual_projection,R,1,input_partner
KCg-d-R-t5,25191,LoVP71,visual_projection,R,1,input_partner
KCg-d-R-t5,25389,LoVP57,visual_projection,R,1,input_partner
KCg-d-R-t5,27081,SLP223,cb_intrinsic,R,1,input_partner
KCg-d-R-t5,27180,AN09B033,ascending_neuron,L,1,input_partner
KCg-d-R-t5,27925,LoVP66,visual_projection,R,1,input_partner
KCg-d-R-t5,28434,PAM10,cb_intrinsic,R,0,auxiliary_partner
KCg-d-R-t5,29565,PAM10,cb_intrinsic,R,0,auxiliary_partner
KCg-d-R-t5,30397,KCg-d,cb_intrinsic,R,1,seed_kc
KCg-d-R-t5,30933,SLP360_b,cb_intrinsic,R,1,input_partner
KCg-d-R-t5,32648,PVLP009,cb_intrinsic,R,1,input_partner
KCg-d-R-t5,32865,PAM10,cb_intrinsic,L,0,auxiliary_partner
KCg-d-R-t5,33591,VP1m+VP2_lvPN2,cb_intrinsic,R,1,input_partner
KCg-d-R-t5,35180,KCg-d,cb_intrinsic,R,1,seed_kc
KCg-d-R-t5,36624,PAM10,cb_intrinsic,R,0,auxiliary_partner
KCg-d-R-t5,36723,KCg-d,cb_intrinsic,R,1,seed_kc
KCg-d-R-t5,37282,PLP145,cb_intrinsic,R,1,input_partner
KCg-d-R-t5,38578,PLP120,cb_intrinsic,R,1,input_partner
KCg-d-R-t5,38657,KCg-d,cb_intrinsic,R,1,seed_kc
KCg-d-R-t5,39316,KCg-d,cb_intrinsic,R,1,seed_kc
KCg-d-R-t5,39617,PAM07,cb_intrinsic,L,0,auxiliary_partner
KCg-d-R-t5,39771,KCg-d,cb_intrinsic,R,1,seed_kc
KCg-d-R-t5,40387,,cb_intrinsic,R,1,input_partner
KCg-d-R-t5,40736,PLP186,cb_intrinsic,R,-1,input_partner
KCg-d-R-t5,41134,KCg-d,cb_intrinsic,R,1,seed_kc
KCg-d-R-t5,41489,LHPV8c1,cb_intrinsic,R,1,input_partner
KCg-d-R-t5,42370,KCg-d,cb_intrinsic,R,1,seed_kc
KCg-d-R-t5,42969,KCg-d,cb_intrinsic,R,1,seed_kc
KCg-d-R-t5,42990,MeVP5,visual_projection,R,1,input_partner
KCg-d-R-t5,43867,KCg-d,cb_intrinsic,R,1,seed_kc
KCg-d-R-t5,44485,KCg-d,cb_intrinsic,R,1,seed_kc
KCg-d-R-t5,44948,KCg-d,cb_intrinsic,R,1,seed_kc
KCg-d-R-t5,46196,KCg-d,cb_intrinsic,R,1,seed_kc
KCg-d-R-t5,46724,SLP360_c,cb_intrinsic,R,1,input_partner
KCg-d-R-t5,46794,PAM04,cb_intrinsic,R,0,auxiliary_partner
KCg-d-R-t5,47196,PAM07,cb_intrinsic,R,0,auxiliary_partner
KCg-d-R-t5,47354,KCg-d,cb_intrinsic,R,1,seed_kc
KCg-d-R-t5,47847,KCg-d,cb_intrinsic,R,1,seed_kc
KCg-d-R-t5,48113,PAM10,cb_intrinsic,L,0,auxiliary_partner
KCg-d-R-t5,48147,KCg-d,cb_intrinsic,R,1,seed_kc
KCg-d-R-t5,48438,KCg-d,cb_intrinsic,R,1,seed_kc
KCg-d-R-t5,48533,KCg-d,cb_intrinsic,R,1,seed_kc
KCg-d-R-t5,48632,KCg-d,cb_intrinsic,R,1,seed_kc
KCg-d-R-t5,48641,KCg-d,cb_intrinsic,R,1,seed_kc
KCg-d-R-t5,48978,KCg-d,cb_intrinsic,R,1,seed_kc
KCg-d-R-t5,49043,PAM07,cb_intrinsic,R,0,auxiliary_partner
KCg-d-R-t5,49052,KCg-d,cb_intrinsic,R,1,seed_kc
KCg-d-R-t5,49345,KCg-d,cb_intrinsic,R,1,seed_kc
KCg-d-R-t5,49501,CB3496,cb_intrinsic,R,1,input_partner
KCg-d-R-t5,49709,KCg-d,cb_intrinsic,R,1,seed_kc
KCg-d-R-t5,49710,KCg-d,cb_intrinsic,R,1,seed_kc
KCg-d-R-t5,50582,KCg-d,cb_intrinsic,R,1,seed_kc
KCg-d-R-t5,51679,KCg-d,cb_intrinsic,R,1,seed_kc
KCg-d-R-t5,51998,KCg-d,cb_intrinsic,R,1,seed_kc
KCg-d-R-t5,52594,KCg-d,cb_intrinsic,R,1,seed_kc
KCg-d-R-t5,52751,KCg-d,cb_intrinsic,R,1,seed_kc
KCg-d-R-t5,52907,KCg-d,cb_intrinsic,R,1,seed_kc
KCg-d-R-t5,52928,MeVP5,visual_projection,R,1,input_partner
KCg-d-R-t5,53217,KCg-d,cb_intrinsic,R,1,seed_kc
KCg-d-R-t5,53285,PAM01,cb_intrinsic,L,0,auxiliary_partner
KCg-d-R-t5,53505,KCg-d,cb_intrinsic,R,1,seed_kc
KCg-d-R-t5,55210,PAM08,cb_intrinsic,L,0,auxiliary_partner
KCg-d-R-t5,56284,KCg-d,cb_intrinsic,R,1,seed_kc
KCg-d-R-t5,57302,KCg-d,cb_intrinsic,R,1,seed_kc
KCg-d-R-t5,57413,KCg-d,cb_intrinsic,R,1,seed_kc
KCg-d-R-t5,57460,KCg-d,cb_intrinsic,R,1,seed_kc
KCg-d-R-t5,57498,KCg-d,cb_intrinsic,R,1,seed_kc
KCg-d-R-t5,57545,KCg-d,cb_intrinsic,R,1,seed_kc
KCg-d-R-t5,57550,KCg-d,cb_intrinsic,R,1,seed_kc
KCg-d-R-t5,58501,KCg-d,cb_intrinsic,R,1,seed_kc
KCg-d-R-t5,58524,KCg-d,cb_intrinsic,R,1,seed_kc
KCg-d-R-t5,58782,KCg-d,cb_intrinsic,R,1,seed_kc
KCg-d-R-t5,58941,PAM08,cb_intrinsic,L,0,auxiliary_partner
KCg-d-R-t5,59796,M_lPNm13,cb_intrinsic,R,1,input_partner
KCg-d-R-t5,60273,PAM07,cb_intrinsic,L,0,auxiliary_partner
KCg-d-R-t5,60344,KCg-d,cb_intrinsic,R,1,seed_kc
KCg-d-R-t5,60708,KCg-d,cb_intrinsic,R,1,seed_kc
KCg-d-R-t5,60829,KCg-d,cb_intrinsic,R,1,seed_kc
KCg-d-R-t5,60930,PAM10,cb_intrinsic,L,0,auxiliary_partner
KCg-d-R-t5,61056,KCg-d,cb_intrinsic,R,1,seed_kc
KCg-d-R-t5,61360,PAM12,cb_intrinsic,L,0,auxiliary_partner
KCg-d-R-t5,62076,KCg-d,cb_intrinsic,R,1,seed_kc
KCg-d-R-t5,62274,KCg-d,cb_intrinsic,R,1,seed_kc
KCg-d-R-t5,62731,PAM01,cb_intrinsic,R,0,auxiliary_partner
KCg-d-R-t5,63391,PAM01,cb_intrinsic,R,0,auxiliary_partner
KCg-d-R-t5,63543,KCg-d,cb_intrinsic,R,1,seed_kc
KCg-d-R-t5,64302,KCg-d,cb_intrinsic,R,1,seed_kc
KCg-d-R-t5,64310,KCg-d,cb_intrinsic,R,1,seed_kc
KCg-d-R-t5,65524,PAM08,cb_intrinsic,L,0,auxiliary_partner
KCg-d-R-t5,65559,PAM07,cb_intrinsic,R,0,auxiliary_partner
KCg-d-R-t5,65886,PAM08,cb_intrinsic,L,0,auxiliary_partner
KCg-d-R-t5,66934,PAM10,cb_intrinsic,L,0,auxiliary_partner
KCg-d-R-t5,66973,KCg-d,cb_intrinsic,R,1,seed_kc
KCg-d-R-t5,67355,KCg-d,cb_intrinsic,R,1,seed_kc
KCg-d-R-t5,67853,KCg-d,cb_intrinsic,R,1,seed_kc
KCg-d-R-t5,67984,KCg-d,cb_intrinsic,R,1,seed_kc
KCg-d-R-t5,69722,PAM08,cb_intrinsic,L,0,auxiliary_partner
KCg-d-R-t5,71486,KCg-d,cb_intrinsic,R,1,seed_kc
KCg-d-R-t5,71688,KCg-d,cb_intrinsic,R,1,seed_kc
KCg-d-R-t5,72230,KCg-d,cb_intrinsic,R,1,seed_kc
KCg-d-R-t5,72512,KCg-d,cb_intrinsic,R,1,seed_kc
KCg-d-R-t5,72601,PAM06,cb_intrinsic,L,0,auxiliary_partner
KCg-d-R-t5,73227,KCg-d,cb_intrinsic,R,1,seed_kc
KCg-d-R-t5,74094,KCg-d,cb_intrinsic,R,1,seed_kc
KCg-d-R-t5,74269,KCg-d,cb_intrinsic,R,1,seed_kc
KCg-d-R-t5,74542,KCg-d,cb_intrinsic,R,1,seed_kc
KCg-d-R-t5,74743,PAM08,cb_intrinsic,L,0,auxiliary_partner
KCg-d-R-t5,74856,PAM01,cb_intrinsic,L,0,auxiliary_partner
KCg-d-R-t5,75922,PAM08,cb_intrinsic,L,0,auxiliary_partner
KCg-d-R-t5,76023,KCg-d,cb_intrinsic,R,1,seed_kc
KCg-d-R-t5,76076,KCg-d,cb_intrinsic,R,1,seed_kc
KCg-d-R-t5,76362,PAM08,cb_intrinsic,L,0,auxiliary_partner
KCg-d-R-t5,78768,KCg-d,cb_intrinsic,R,1,seed_kc
KCg-d-R-t5,80744,PAM01,cb_intrinsic,L,0,auxiliary_partner
KCg-d-R-t5,81056,KCg-d,cb_intrinsic,R,1,seed_kc
KCg-d-R-t5,81177,KCg-d,cb_intrinsic,R,1,seed_kc
KCg-d-R-t5,81656,KCg-d,cb_intrinsic,R,1,seed_kc
KCg-d-R-t5,83277,PAM01,cb_intrinsic,L,0,auxiliary_partner
KCg-d-R-t5,83584,KCg-d,cb_intrinsic,R,1,seed_kc
KCg-d-R-t5,83852,PAM06,cb_intrinsic,R,0,auxiliary_partner
KCg-d-R-t5,84011,KCg-d,cb_intrinsic,R,1,seed_kc
KCg-d-R-t5,84628,KCg-d,cb_intrinsic,R,1,seed_kc
KCg-d-R-t5,85349,KCg-d,cb_intrinsic,R,1,seed_kc
KCg-d-R-t5,85851,KCg-d,cb_intrinsic,R,1,seed_kc
KCg-d-R-t5,85923,KCg-d,cb_intrinsic,R,1,seed_kc
KCg-d-R-t5,86066,PAM07,cb_intrinsic,L,0,auxiliary_partner
KCg-d-R-t5,86156,PAM08,cb_intrinsic,R,0,auxiliary_partner
KCg-d-R-t5,86183,KCg-d,cb_intrinsic,R,1,seed_kc
KCg-d-R-t5,86431,PAM07,cb_intrinsic,L,0,auxiliary_partner
KCg-d-R-t5,86909,KCg-d,cb_intrinsic,R,1,seed_kc
KCg-d-R-t5,87177,PAM08,cb_intrinsic,L,0,auxiliary_partner
KCg-d-R-t5,87387,KCg-d,cb_intrinsic,R,1,seed_kc
KCg-d-R-t5,88477,PAM01,cb_intrinsic,L,0,auxiliary_partner
KCg-d-R-t5,89327,KCg-d,cb_intrinsic,R,1,seed_kc
KCg-d-R-t5,90678,PAM08,cb_intrinsic,L,0,auxiliary_partner
KCg-d-R-t5,90867,PAM01,cb_intrinsic,R,0,auxiliary_partner
KCg-d-R-t5,90902,PAM08,cb_intrinsic,R,0,auxiliary_partner
KCg-d-R-t5,91244,KCg-d,cb_intrinsic,R,1,seed_kc
KCg-d-R-t5,91391,PAM12,cb_intrinsic,L,0,auxiliary_partner
KCg-d-R-t5,91875,PAM12,cb_intrinsic,L,0,auxiliary_partner
KCg-d-R-t5,92324,PAM06,cb_intrinsic,R,0,auxiliary_partner
KCg-d-R-t5,93704,PAM01,cb_intrinsic,L,0,auxiliary_partner
KCg-d-R-t5,94250,PAM05,cb_intrinsic,L,0,auxiliary_partner
KCg-d-R-t5,94922,PAM05,cb_intrinsic,L,0,auxiliary_partner
KCg-d-R-t5,95523,PAM08,cb_intrinsic,L,0,auxiliary_partner
KCg-d-R-t5,96304,KCg-d,cb_intrinsic,R,1,seed_kc
KCg-d-R-t5,96497,PAM07,cb_intrinsic,R,0,auxiliary_partner
KCg-d-R-t5,96571,PAM12,cb_intrinsic,L,0,auxiliary_partner
KCg-d-R-t5,97990,PAM06,cb_intrinsic,L,0,auxiliary_partner
KCg-d-R-t5,98265,PAM06,cb_intrinsic,L,0,auxiliary_partner
KCg-d-R-t5,98554,PAM07,cb_intrinsic,L,0,auxiliary_partner
KCg-d-R-t5,99089,PAM01,cb_intrinsic,L,0,auxiliary_partner
KCg-d-R-t5,99391,KCg-d,cb_intrinsic,R,1,seed_kc
KCg-d-R-t5,100258,PAM01,cb_intrinsic,R,0,auxiliary_partner
KCg-d-R-t5,102283,KCg-d,cb_intrinsic,R,1,seed_kc
KCg-d-R-t5,102936,PAM08,cb_intrinsic,R,0,auxiliary_partner
KCg-d-R-t5,103255,PAM08,cb_intrinsic,R,0,auxiliary_partner
KCg-d-R-t5,103433,PAM14,cb_intrinsic,R,0,auxiliary_partner
KCg-d-R-t5,103663,KCg-d,cb_intrinsic,R,1,seed_kc
KCg-d-R-t5,104460,PAM12,cb_intrinsic,L,0,auxiliary_partner
KCg-d-R-t5,104513,KCg-d,cb_intrinsic,R,1,seed_kc
KCg-d-R-t5,104713,PAM08,cb_intrinsic,R,0,auxiliary_partner
KCg-d-R-t5,105362,PAM05,cb_intrinsic,R,0,auxiliary_partner
KCg-d-R-t5,105365,PAM08,cb_intrinsic,R,0,auxiliary_partner
KCg-d-R-t5,105447,PAM12,cb_intrinsic,L,0,auxiliary_partner
KCg-d-R-t5,106301,KCg-d,cb_intrinsic,R,1,seed_kc
KCg-d-R-t5,107285,PAM08,cb_intrinsic,L,0,auxiliary_partner
KCg-d-R-t5,107986,PAM02,cb_intrinsic,L,0,auxiliary_partner
KCg-d-R-t5,108429,PAM04,cb_intrinsic,L,0,auxiliary_partner
KCg-d-R-t5,108576,PAM13,cb_intrinsic,R,0,auxiliary_partner
KCg-d-R-t5,109624,PAM08,cb_intrinsic,L,0,auxiliary_partner
KCg-d-R-t5,109793,PAM04,cb_intrinsic,L,0,auxiliary_partner
KCg-d-R-t5,110653,PAM05,cb_intrinsic,R,0,auxiliary_partner
KCg-d-R-t5,111665,PAM12,cb_intrinsic,R,0,auxiliary_partner
KCg-d-R-t5,111744,KCg-d,cb_intrinsic,R,1,seed_kc
KCg-d-R-t5,113001,PAM12,cb_intrinsic,R,0,auxiliary_partner
KCg-d-R-t5,113067,PAM01,cb_intrinsic,R,0,auxiliary_partner
KCg-d-R-t5,114216,PAM01,cb_intrinsic,L,0,auxiliary_partner
KCg-d-R-t5,114522,PAM07,cb_intrinsic,R,0,auxiliary_partner
KCg-d-R-t5,114661,PAM11,cb_intrinsic,R,0,auxiliary_partner
KCg-d-R-t5,114700,PAM01,cb_intrinsic,R,0,auxiliary_partner
KCg-d-R-t5,115617,PAM04,cb_intrinsic,L,0,auxiliary_partner
KCg-d-R-t5,115868,PAM14,cb_intrinsic,R,0,auxiliary_partner
KCg-d-R-t5,117782,PAM08,cb_intrinsic,L,0,auxiliary_partner
KCg-d-R-t5,119499,PAM08,cb_intrinsic,L,0,auxiliary_partner
KCg-d-R-t5,119763,PAM11,cb_intrinsic,L,0,auxiliary_partner
KCg-d-R-t5,120259,PAM04,cb_intrinsic,R,0,auxiliary_partner
KCg-d-R-t5,120768,PAM07,cb_intrinsic,R,0,auxiliary_partner
KCg-d-R-t5,120949,KCg-d,cb_intrinsic,R,1,seed_kc
KCg-d-R-t5,122062,PAM08,cb_intrinsic,R,0,auxiliary_partner
KCg-d-R-t5,124918,PAM04,cb_intrinsic,L,0,auxiliary_partner
KCg-d-R-t5,125080,PAM04,cb_intrinsic,L,0,auxiliary_partner
KCg-d-R-t5,126501,PAM06,cb_intrinsic,L,0,auxiliary_partner
KCg-d-R-t5,126900,PAM12,cb_intrinsic,L,0,auxiliary_partner
KCg-d-R-t5,127046,KCg-d,cb_intrinsic,R,1,seed_kc
KCg-d-R-t5,127659,PAM02,cb_intrinsic,L,0,auxiliary_partner
KCg-d-R-t5,128925,KCg-d,cb_intrinsic,R,1,seed_kc
KCg-d-R-t5,129430,PAM08,cb_intrinsic,L,0,auxiliary_partner
KCg-d-R-t5,129563,PAM01,cb_intrinsic,R,0,auxiliary_partner
KCg-d-R-t5,131419,PAM06,cb_intrinsic,R,0,auxiliary_partner
KCg-d-R-t5,131607,PAM07,cb_intrinsic,L,0,auxiliary_partner
KCg-d-R-t5,132513,PAM06,cb_intrinsic,R,0,auxiliary_partner
KCg-d-R-t5,133019,PAM08,cb_intrinsic,R,0,auxiliary_partner
KCg-d-R-t5,134265,PAM06,cb_intrinsic,R,0,auxiliary_partner
KCg-d-R-t5,134769,PAM06,cb_intrinsic,R,0,auxiliary_partner
KCg-d-R-t5,134869,PAM06,cb_intrinsic,L,0,auxiliary_partner
KCg-d-R-t5,135046,PAM02,cb_intrinsic,L,0,auxiliary_partner
KCg-d-R-t5,135171,PAM12,cb_intrinsic,R,0,auxiliary_partner
KCg-d-R-t5,135287,PAM05,cb_intrinsic,L,0,auxiliary_partner
KCg-d-R-t5,135290,PAM15,cb_intrinsic,R,0,auxiliary_partner
KCg-d-R-t5,135421,KCg-d,cb_intrinsic,R,1,seed_kc
KCg-d-R-t5,135578,PAM08,cb_intrinsic,L,0,auxiliary_partner
KCg-d-R-t5,136024,PAM06,cb_intrinsic,L,0,auxiliary_partner
KCg-d-R-t5,136144,PAM08,cb_intrinsic,R,0,auxiliary_partner
KCg-d-R-t5,136215,PAM06,cb_intrinsic,L,0,auxiliary_partner
KCg-d-R-t5,137321,PAM04,cb_intrinsic,L,0,auxiliary_partner
KCg-d-R-t5,137373,PAM06,cb_intrinsic,L,0,auxiliary_partner
KCg-d-R-t5,137539,PAM11,cb_intrinsic,R,0,auxiliary_partner
KCg-d-R-t5,137595,PAM07,cb_intrinsic,R,0,auxiliary_partner
KCg-d-R-t5,138585,PAM12,cb_intrinsic,L,0,auxiliary_partner
KCg-d-R-t5,138629,PAM01,cb_intrinsic,L,0,auxiliary_partner
KCg-d-R-t5,138822,PAM11,cb_intrinsic,L,0,auxiliary_partner
KCg-d-R-t5,139280,PAM12,cb_intrinsic,R,0,auxiliary_partner
KCg-d-R-t5,139378,PAM12,cb_intrinsic,R,0,auxiliary_partner
KCg-d-R-t5,139706,PAM11,cb_intrinsic,R,0,auxiliary_partner
KCg-d-R-t5,140271,PAM06,cb_intrinsic,R,0,auxiliary_partner
KCg-d-R-t5,141246,PAM02,cb_intrinsic,L,0,auxiliary_partner
KCg-d-R-t5,141510,PAM15,cb_intrinsic,R,0,auxiliary_partner
KCg-d-R-t5,141615,PAM01,cb_intrinsic,R,0,auxiliary_partner
KCg-d-R-t5,142238,PAM02,cb_intrinsic,R,0,auxiliary_partner
KCg-d-R-t5,142528,PAM09,cb_intrinsic,R,0,auxiliary_partner
KCg-d-R-t5,142538,PAM08,cb_intrinsic,R,0,auxiliary_partner
KCg-d-R-t5,142660,PAM13,cb_intrinsic,R,0,auxiliary_partner
KCg-d-R-t5,142898,PAM06,cb_intrinsic,R,0,auxiliary_partner
KCg-d-R-t5,143120,PAM10,cb_intrinsic,L,0,auxiliary_partner
KCg-d-R-t5,144126,PAM02,cb_intrinsic,R,0,auxiliary_partner
KCg-d-R-t5,144220,KCg-d,cb_intrinsic,R,1,seed_kc
KCg-d-R-t5,144315,PAM01,cb_intrinsic,R,0,auxiliary_partner
KCg-d-R-t5,144625,PAM12,cb_intrinsic,L,0,auxiliary_partner
KCg-d-R-t5,144678,PAM04,cb_intrinsic,R,0,auxiliary_partner
KCg-d-R-t5,145022,PAM02,cb_intrinsic,L,0,auxiliary_partner
KCg-d-R-t5,145094,PAM01,cb_intrinsic,R,0,auxiliary_partner
KCg-d-R-t5,145148,PAM01,cb_intrinsic,L,0,auxiliary_partner
KCg-d-R-t5,145324,PAM02,cb_intrinsic,L,0,auxiliary_partner
KCg-d-R-t5,145371,PAM05,cb_intrinsic,L,0,auxiliary_partner
KCg-d-R-t5,145749,PAM11,cb_intrinsic,L,0,auxiliary_partner
KCg-d-R-t5,146058,PAM08,cb_intrinsic,R,0,auxiliary_partner
KCg-d-R-t5,146418,PAM12,cb_intrinsic,R,0,auxiliary_partner
KCg-d-R-t5,146603,PAM01,cb_intrinsic,R,0,auxiliary_partner
KCg-d-R-t5,146773,PAM04,cb_intrinsic,R,0,auxiliary_partner
KCg-d-R-t5,146774,PAM14,cb_intrinsic,R,0,auxiliary_partner
KCg-d-R-t5,147184,PAM08,cb_intrinsic,L,0,auxiliary_partner
KCg-d-R-t5,147591,PAM06,cb_intrinsic,R,0,auxiliary_partner
KCg-d-R-t5,147857,PAM11,cb_intrinsic,L,0,auxiliary_partner
KCg-d-R-t5,148328,PAM02,cb_intrinsic,L,0,auxiliary_partner
KCg-d-R-t5,148469,PAM02,cb_intrinsic,L,0,auxiliary_partner
KCg-d-R-t5,150014,KCg-d,cb_intrinsic,R,1,seed_kc
KCg-d-R-t5,150034,PAM09,cb_intrinsic,R,0,auxiliary_partner
KCg-d-R-t5,150177,PAM01,cb_intrinsic,L,0,auxiliary_partner
KCg-d-R-t5,150828,PAM02,cb_intrinsic,L,0,auxiliary_partner
KCg-d-R-t5,150983,PAM14,cb_intrinsic,L,0,auxiliary_partner
KCg-d-R-t5,151013,PAM03,cb_intrinsic,L,0,auxiliary_partner
KCg-d-R-t5,151133,PAM06,cb_intrinsic,L,0,auxiliary_partner
KCg-d-R-t5,151993,PAM05,cb_intrinsic,R,0,auxiliary_partner
KCg-d-R-t5,152019,PAM08,cb_intrinsic,R,0,auxiliary_partner
KCg-d-R-t5,152044,PAM08,cb_intrinsic,R,0,auxiliary_partner
KCg-d-R-t5,152056,PAM06,cb_intrinsic,L,0,auxiliary_partner
KCg-d-R-t5,152291,PAM14,cb_intrinsic,L,0,auxiliary_partner
KCg-d-R-t5,152326,PAM13,cb_intrinsic,L,0,auxiliary_partner
KCg-d-R-t5,152385,PAM08,cb_intrinsic,R,0,auxiliary_partner
KCg-d-R-t5,152428,PAM12,cb_intrinsic,L,0,auxiliary_partner
KCg-d-R-t5,152997,PAM05,cb_intrinsic,L,0,auxiliary_partner
KCg-d-R-t5,153035,PAM04,cb_intrinsic,L,0,auxiliary_partner
KCg-d-R-t5,153545,KCg-d,cb_intrinsic,R,1,seed_kc
KCg-d-R-t5,153771,PAM07,cb_intrinsic,L,0,auxiliary_partner
KCg-d-R-t5,153931,PAM01,cb_intrinsic,L,0,auxiliary_partner
KCg-d-R-t5,154230,PAM05,cb_intrinsic,R,0,auxiliary_partner
KCg-d-R-t5,154387,PAM14,cb_intrinsic,L,0,auxiliary_partner
KCg-d-R-t5,155329,PAM02,cb_intrinsic,R,0,auxiliary_partner
KCg-d-R-t5,155916,PAM01,cb_intrinsic,L,0,auxiliary_partner
KCg-d-R-t5,156028,PAM01,cb_intrinsic,R,0,auxiliary_partner
KCg-d-R-t5,156046,PAM01,cb_intrinsic,L,0,auxiliary_partner
KCg-d-R-t5,157016,PAM11,cb_intrinsic,L,0,auxiliary_partner
KCg-d-R-t5,157134,PAM08,cb_intrinsic,R,0,auxiliary_partner
KCg-d-R-t5,157257,PAM12,cb_intrinsic,L,0,auxiliary_partner
KCg-d-R-t5,157325,KCg-d,cb_intrinsic,R,1,seed_kc
KCg-d-R-t5,157370,PAM13,cb_intrinsic,R,0,auxiliary_partner
KCg-d-R-t5,157683,PAM04,cb_intrinsic,R,0,auxiliary_partner
KCg-d-R-t5,157767,PAM05,cb_intrinsic,R,0,auxiliary_partner
KCg-d-R-t5,157816,PAM04,cb_intrinsic,L,0,auxiliary_partner
KCg-d-R-t5,158196,PAM04,cb_intrinsic,L,0,auxiliary_partner
KCg-d-R-t5,158372,PAM08,cb_intrinsic,L,0,auxiliary_partner
KCg-d-R-t5,158651,PAM06,cb_intrinsic,L,0,auxiliary_partner
KCg-d-R-t5,158917,PAM12,cb_intrinsic,R,0,auxiliary_partner
KCg-d-R-t5,159062,PAM01,cb_intrinsic,L,0,auxiliary_partner
KCg-d-R-t5,159158,PAM01,cb_intrinsic,L,0,auxiliary_partner
KCg-d-R-t5,159580,KCg-d,cb_intrinsic,R,1,seed_kc
KCg-d-R-t5,159831,PAM14,cb_intrinsic,L,0,auxiliary_partner
KCg-d-R-t5,160277,PAM06,cb_intrinsic,R,0,auxiliary_partner
KCg-d-R-t5,161079,PAM15,cb_intrinsic,L,0,auxiliary_partner
KCg-d-R-t5,161153,PAM08,cb_intrinsic,L,0,auxiliary_partner
KCg-d-R-t5,161596,PAM14,cb_intrinsic,R,0,auxiliary_partner
KCg-d-R-t5,162050,PAM08,cb_intrinsic,L,0,auxiliary_partner
KCg-d-R-t5,162116,PAM13,cb_intrinsic,L,0,auxiliary_partner
KCg-d-R-t5,162631,PAM13,cb_intrinsic,R,0,auxiliary_partner
KCg-d-R-t5,163194,PAM06,cb_intrinsic,R,0,auxiliary_partner
KCg-d-R-t5,163883,PAM03,cb_intrinsic,L,0,auxiliary_partner
KCg-d-R-t5,163951,PAM06,cb_intrinsic,R,0,auxiliary_partner
KCg-d-R-t5,164086,PAM01,cb_intrinsic,R,0,auxiliary_partner
KCg-d-R-t5,164279,PAM14,cb_intrinsic,R,0,auxiliary_partner
KCg-d-R-t5,164601,PAM14,cb_intrinsic,L,0,auxiliary_partner
KCg-d-R-t5,165187,PAM05,cb_intrinsic,R,0,auxiliary_partner
KCg-d-R-t5,165365,PAM01,cb_intrinsic,L,0,auxiliary_partner
KCg-d-R-t5,167009,PAM01,cb_intrinsic,R,0,auxiliary_partner
KCg-d-R-t5,167073,PAM14,cb_intrinsic,R,0,auxiliary_partner
KCg-d-R-t5,168020,PAM03,cb_intrinsic,L,0,auxiliary_partner
KCg-d-R-t5,168080,PAM03,cb_intrinsic,L,0,auxiliary_partner
KCg-d-R-t5,169027,PAM03,cb_intrinsic,R,0,auxiliary_partner
KCg-d-R-t5,169278,PAM01,cb_intrinsic,L,0,auxiliary_partner
KCg-d-R-t5,169674,PAM04,cb_intrinsic,L,0,auxiliary_partner
KCg-d-R-t5,170450,PAM10,cb_intrinsic,L,0,auxiliary_partner
KCg-d-R-t5,170467,PAM03,cb_intrinsic,R,0,auxiliary_partner
KCg-d-R-t5,171959,PAM02,cb_intrinsic,R,0,auxiliary_partner
KCg-d-R-t5,174255,PAM14,cb_intrinsic,L,0,auxiliary_partner
KCg-d-R-t5,174384,PAM03,cb_intrinsic,R,0,auxiliary_partner
KCg-d-R-t5,174672,PAM08,cb_intrinsic,L,0,auxiliary_partner
KCg-d-R-t5,174862,PAM08,cb_intrinsic,R,0,auxiliary_partner
KCg-d-R-t5,175232,PAM13,cb_intrinsic,L,0,auxiliary_partner
KCg-d-R-t5,175459,PAM08,cb_intrinsic,L,0,auxiliary_partner
KCg-d-R-t5,175964,PAM08,cb_intrinsic,R,0,auxiliary_partner
KCg-d-R-t5,176429,PAM04,cb_intrinsic,L,0,auxiliary_partner
KCg-d-R-t5,176460,PAM15,cb_intrinsic,R,0,auxiliary_partner
KCg-d-R-t5,177202,PAM03,cb_intrinsic,L,0,auxiliary_partner
KCg-d-R-t5,177603,PAM04,cb_intrinsic,L,0,auxiliary_partner
KCg-d-R-t5,178101,PAM08,cb_intrinsic,L,0,auxiliary_partner
KCg-d-R-t5,178487,PAM08,cb_intrinsic,R,0,auxiliary_partner
KCg-d-R-t5,178539,PAM04,cb_intrinsic,R,0,auxiliary_partner
KCg-d-R-t5,178945,PAM10,cb_intrinsic,R,0,auxiliary_partner
KCg-d-R-t5,180403,PAM09,cb_intrinsic,R,0,auxiliary_partner
KCg-d-R-t5,181924,PAM01,cb_intrinsic,L,0,auxiliary_partner
KCg-d-R-t5,183567,PAM13,cb_intrinsic,L,0,auxiliary_partner
KCg-d-R-t5,184778,PAM08,cb_intrinsic,R,0,auxiliary_partner
KCg-d-R-t5,185518,PAM01,cb_intrinsic,L,0,auxiliary_partner
KCg-d-R-t5,186566,PAM04,cb_intrinsic,R,0,auxiliary_partner
KCg-d-R-t5,190296,PAM02,cb_intrinsic,R,0,auxiliary_partner
KCg-d-R-t5,190635,PAM05,cb_intrinsic,R,0,auxiliary_partner
KCg-d-R-t5,192245,PAM05,cb_intrinsic,R,0,auxiliary_partner
KCg-d-R-t5,196030,PAM06,cb_intrinsic,L,0,auxiliary_partner
KCg-d-R-t5,196622,PAM12,cb_intrinsic,R,0,auxiliary_partner
KCg-d-R-t5,196985,PAM05,cb_intrinsic,R,0,auxiliary_partner
KCg-d-R-t5,197691,PAM01,cb_intrinsic,L,0,auxiliary_partner
KCg-d-R-t5,197920,PAM08,cb_intrinsic,R,0,auxiliary_partner
KCg-d-R-t5,198507,PAM13,cb_intrinsic,L,0,auxiliary_partner
KCg-d-R-t5,198758,PAM01,cb_intrinsic,L,0,auxiliary_partner
KCg-d-R-t5,200973,PAM10,cb_intrinsic,R,0,auxiliary_partner
KCg-d-R-t5,202330,PAM13,cb_intrinsic,R,0,auxiliary_partner
KCg-d-R-t5,203682,PAM14,cb_intrinsic,R,0,auxiliary_partner
KCg-d-R-t5,203885,PAM13,cb_intrinsic,R,0,auxiliary_partner
KCg-d-R-t5,204930,PAM11,cb_intrinsic,L,0,auxiliary_partner
KCg-d-R-t5,205884,PAM01,cb_intrinsic,R,0,auxiliary_partner
KCg-d-R-t5,206851,PAM12,cb_intrinsic,R,0,auxiliary_partner
KCg-d-R-t5,207122,PAM13,cb_intrinsic,L,0,auxiliary_partner
KCg-d-R-t5,207463,PAM06,cb_intrinsic,R,0,auxiliary_partner
KCg-d-R-t5,209656,PAM13,cb_intrinsic,L,0,auxiliary_partner
KCg-d-R-t5,212085,PAM01,cb_intrinsic,R,0,auxiliary_partner
KCg-d-R-t5,212160,PAM08,cb_intrinsic,R,0,auxiliary_partner
KCg-d-R-t5,212684,PAM14,cb_intrinsic,L,0,auxiliary_partner
KCg-d-R-t5,213743,PAM05,cb_intrinsic,R,0,auxiliary_partner
KCg-d-R-t5,215931,PAM11,cb_intrinsic,R,0,auxiliary_partner
KCg-d-R-t5,215940,PAM13,cb_intrinsic,L,0,auxiliary_partner
KCg-d-R-t5,217007,PAM06,cb_intrinsic,R,0,auxiliary_partner
KCg-d-R-t5,217737,PAM14,cb_intrinsic,L,0,auxiliary_partner
KCg-d-R-t5,218518,PAM13,cb_intrinsic,R,0,auxiliary_partner
KCg-d-R-t5,218583,PAM04,cb_intrinsic,R,0,auxiliary_partner
KCg-d-R-t5,224160,PAM14,cb_intrinsic,R,0,auxiliary_partner
KCg-d-R-t5,224205,PAM09,cb_intrinsic,R,0,auxiliary_partner
KCg-d-R-t5,224500,PAM11,cb_intrinsic,R,0,auxiliary_partner
KCg-d-R-t5,226452,PAM05,cb_intrinsic,R,0,auxiliary_partner
KCg-d-R-t5,226708,PAM08,cb_intrinsic,R,0,auxiliary_partner
KCg-d-R-t5,230802,PAM05,cb_intrinsic,L,0,auxiliary_partner
KCg-d-R-t5,231413,PAM14,cb_intrinsic,L,0,auxiliary_partner
KCg-d-R-t5,242429,PAM08,cb_intrinsic,R,0,auxiliary_partner
KCg-d-R-t5,243477,PAM13,cb_intrinsic,R,0,auxiliary_partner
KCg-d-R-t5,252045,PAM01,cb_intrinsic,R,0,auxiliary_partner
KCg-d-R-t5,257650,PAM02,cb_intrinsic,R,0,auxiliary_partner
KCg-d-R-t5,259089,PAM02,cb_intrinsic,R,0,auxiliary_partner
KCg-d-R-t5,259486,PAM04,cb_intrinsic,R,0,auxiliary_partner
KCg-d-R-t5,273182,PAM11,cb_intrinsic,L,0,auxiliary_partner
KCg-d-R-t5,291665,PAM02,cb_intrinsic,R,0,auxiliary_partner
KCg-d-R-t5,292203,PAM04,cb_intrinsic,L,0,auxiliary_partner
KCg-d-R-t5,297139,PAM04,cb_intrinsic,R,0,auxiliary_partner
KCg-d-R-t5,319321,PAM11,cb_intrinsic,R,0,auxiliary_partner
KCg-d-R-t5,325731,PAM01,cb_intrinsic,R,0,auxiliary_partner
KCg-d-R-t5,336850,PAM03,cb_intrinsic,L,0,auxiliary_partner
KCg-d-R-t5,341512,PAM04,cb_intrinsic,L,0,auxiliary_partner
KCg-d-R-t5,496514,LT43,visual_projection,R,-1,input_partner
KCg-d-R-t5,506819,PAM01,cb_intrinsic,R,0,auxiliary_partner
KCg-d-R-t5,508595,MBON35,cb_intrinsic,R,1,output_mbon
KCg-d-R-t5,512326,PPL105,cb_intrinsic,L,0,auxiliary_partner
KCg-d-R-t5,515034,MBON27,cb_intrinsic,R,1,output_mbon
KCg-d-R-t5,515048,PPL104,cb_intrinsic,L,0,auxiliary_partner
KCg-d-R-t5,516044,PAM04,cb_intrinsic,R,0,auxiliary_partner
KCg-d-R-t5,516433,VP5+Z_adPN,cb_intrinsic,R,1,input_partner
KCg-d-R-t5,518137,PAM06,cb_intrinsic,L,0,auxiliary_partner
KCg-d-R-t5,519131,MBON32,cb_intrinsic,R,-1,output_mbon
KCg-d-R-t5,519368,MBON12,cb_intrinsic,R,1,output_mbon
KCg-d-R-t5,519371,MBON05,cb_intrinsic,L,-1,output_mbon
KCg-d-R-t5,519616,PPL107,cb_intrinsic,L,0,auxiliary_partner
KCg-d-R-t5,520204,KCg-d,cb_intrinsic,R,1,seed_kc
KCg-d-R-t5,520206,KCg-d,cb_intrinsic,R,1,seed_kc
KCg-d-R-t5,520384,PAM12,cb_intrinsic,R,0,auxiliary_partner
KCg-d-R-t5,520403,PAM10,cb_intrinsic,L,0,auxiliary_partner
KCg-d-R-t5,520580,SMP157,cb_intrinsic,R,1,input_partner
KCg-d-R-t5,520616,PAM11,cb_intrinsic,L,0,auxiliary_partner
KCg-d-R-t5,520916,VM6_adPN,cb_intrinsic,R,1,input_partner
KCg-d-R-t5,521086,MBON12,cb_intrinsic,R,1,output_mbon
KCg-d-R-t5,523043,MBON33,cb_intrinsic,R,1,output_mbon
KCg-d-R-t5,523060,MBON09,cb_intrinsic,R,-1,output_mbon
KCg-d-R-t5,523382,PAM08,cb_intrinsic,L,0,auxiliary_partner
KCg-d-R-t5,523553,PAM05,cb_intrinsic,L,0,auxiliary_partner
KCg-d-R-t5,523628,MBON21,cb_intrinsic,R,1,output_mbon
KCg-d-R-t5,523638,PAM01,cb_intrinsic,R,0,auxiliary_partner
KCg-d-R-t5,523791,PAM04,cb_intrinsic,R,0,auxiliary_partner
KCg-d-R-t5,523942,PAM08,cb_intrinsic,R,0,auxiliary_partner
KCg-d-R-t5,524069,PAM08,cb_intrinsic,R,0,auxiliary_partner
KCg-d-R-t5,525065,VP4_vPN,cb_intrinsic,R,-1,input_partner
KCg-d-R-t5,525787,PAM05,cb_intrinsic,L,0,auxiliary_partner
KCg-d-R-t5,526900,KCg-d,cb_intrinsic,R,1,seed_kc
KCg-d-R-t5,528100,PAM09,cb_intrinsic,L,0,auxiliary_partner
KCg-d-R-t5,529512,PPL106,cb_intrinsic,R,0,auxiliary_partner
KCg-d-R-t5,529516,PPL106,cb_intrinsic,L,0,auxiliary_partner
KCg-d-R-t5,530798,CRE075,cb_intrinsic,R,-1,input_partner
KCg-d-R-t5,530875,MBON04,cb_intrinsic,L,-1,output_mbon
KCg-d-R-t5,531400,CL258,cb_intrinsic,R,1,input_partner
KCg-d-R-t5,531428,KCg-d,cb_intrinsic,R,1,seed_kc
KCg-d-R-t5,531768,CL063,cb_intrinsic,R,-1,input_partner
KCg-d-R-t5,532334,aMe12,visual_projection,L,1,input_partner
KCg-d-R-t5,532715,PAM05,cb_intrinsic,L,0,auxiliary_partner
KCg-d-R-t5,533220,KCg-d,cb_intrinsic,R,1,seed_kc
KCg-d-R-t5,533294,PAM01,cb_intrinsic,L,0,auxiliary_partner
KCg-d-R-t5,533345,KCg-d,cb_intrinsic,R,1,seed_kc
KCg-d-R-t5,534786,KCg-d,cb_intrinsic,R,1,seed_kc
KCg-d-R-t5,535720,KCg-d,cb_intrinsic,R,1,seed_kc
KCg-d-R-t5,536363,KCg-d,cb_intrinsic,R,1,seed_kc
KCg-d-R-t5,543677,PAM01,cb_intrinsic,R,0,auxiliary_partner
KCg-d-R-t5,544257,PAM10,cb_intrinsic,R,0,auxiliary_partner
KCg-d-R-t5,544359,PAM10,cb_intrinsic,R,0,auxiliary_partner
KCg-d-R-t5,544770,PAM04,cb_intrinsic,R,0,auxiliary_partner
KCg-d-R-t5,547260,PAM10,cb_intrinsic,R,0,auxiliary_partner
KCg-d-R-t5,552362,PAM12,cb_intrinsic,R,0,auxiliary_partner
KCg-d-R-t5,553201,PAM09,cb_intrinsic,R,0,auxiliary_partner
KCg-d-R-t5,567409,PAM04,cb_intrinsic,R,0,auxiliary_partner
KCg-d-R-t5,577933,PAM06,cb_intrinsic,L,0,auxiliary_partner
KCg-d-R-t5,580579,PAM03,cb_intrinsic,R,0,auxiliary_partner
KCg-d-R-t5,933708,PAM14,cb_intrinsic,R,0,auxiliary_partner
KCg-m-L-t1,10009,CT1,ol_intrinsic,L,-1,input_partner
KCg-m-L-t1,10013,MBON01,cb_intrinsic,R,-1,output_mbon
KCg-m-L-t1,10049,VA7m_lPN,cb_intrinsic,L,1,input_partner
KCg-m-L-t1,10070,AOTU019,cb_intrinsic,L,-1,input_partner
KCg-m-L-t1,10075,DA1_lPN,cb_intrinsic,L,1,input_partner
KCg-m-L-t1,10079,MBON06,cb_intrinsic,R,-1,output_mbon
KCg-m-L-t1,10111,DM3_adPN,cb_intrinsic,L,1,input_partner
KCg-m-L-t1,10126,DP1m_adPN,cb_intrinsic,L,1,input_partner
KCg-m-L-t1,10134,VL2a_adPN,cb_intrinsic,L,1,input_partner
KCg-m-L-t1,10208,DM1_lPN,cb_intrinsic,L,1,input_partner
KCg-m-L-t1,10209,LHPV12a1,cb_intrinsic,R,-1,input_partner
KCg-m-L-t1,10262,V_ilPN,cb_intrinsic,L,1,input_partner
KCg-m-L-t1,10268,CRE023,cb_intrinsic,L,-1,input_partner
KCg-m-L-t1,10273,SIP136m,cb_intrinsic,L,1,input_partner
KCg-m-L-t1,10285,CRE011,cb_intrinsic,L,1,input_partner
KCg-m-L-t1,10305,LHPV12a1,cb_intrinsic,L,-1,input_partner
KCg-m-L-t1,10321,VL2p_adPN,cb_intrinsic,L,1,input_partner
KCg-m-L-t1,10359,DL1_adPN,cb_intrinsic,L,1,input_partner
KCg-m-L-t1,10369,LAL198,cb_intrinsic,L,1,input_partner
KCg-m-L-t1,10429,VM6_adPN,cb_intrinsic,L,1,input_partner
KCg-m-L-t1,10470,DC1_adPN,cb_intrinsic,L,1,input_partner
KCg-m-L-t1,10495,MBON05,cb_intrinsic,R,-1,output_mbon
KCg-m-L-t1,10521,CRE075,cb_intrinsic,L,-1,input_partner
KCg-m-L-t1,10524,DP1l_adPN,cb_intrinsic,L,1,input_partner
KCg-m-L-t1,10530,VL1_ilPN,cb_intrinsic,L,1,input_partner
KCg-m-L-t1,10540,APL,cb_intrinsic,R,-1,auxiliary_partner
KCg-m-L-t1,10561,VA2_adPN,cb_intrinsic,L,1,input_partner
KCg-m-L-t1,10597,LoVC20,cb_intrinsic,R,-1,input_partner
KCg-m-L-t1,10599,MBON35,cb_intrinsic,L,1,output_mbon
KCg-m-L-t1,10604,CL063,cb_intrinsic,L,-1,input_partner
KCg-m-L-t1,10653,VA5_lPN,cb_intrinsic,L,1,input_partner
KCg-m-L-t1,10670,DM4_adPN,cb_intrinsic,L,1,input_partner
KCg-m-L-t1,10704,MBON11,cb_intrinsic,L,-1,output_mbon
KCg-m-L-t1,10716,DC3_adPN,cb_intrinsic,L,1,input_partner
KCg-m-L-t1,10736,VP2_adPN,cb_intrinsic,L,1,input_partner
KCg-m-L-t1,10767,DL5_adPN,cb_intrinsic,L,1,input_partner
KCg-m-L-t1,10808,VC1_lPN,cb_intrinsic,L,1,input_partner
KCg-m-L-t1,10816,MBON31,cb_intrinsic,L,-1,output_mbon
KCg-m-L-t1,10826,MBON21,cb_intrinsic,L,1,output_mbon
KCg-m-L-t1,10830,LAL159,cb_intrinsic,L,1,input_partner
KCg-m-L-t1,10877,VA6_adPN,cb_intrinsic,L,1,input_partner
KCg-m-L-t1,10916,CRE021,cb_intrinsic,L,-1,input_partner
KCg-m-L-t1,10973,VP1m+VP5_ilPN,cb_intrinsic,L,1,input_partner
KCg-m-L-t1,10977,APL,cb_intrinsic,L,-1,auxiliary_partner
KCg-m-L-t1,11030,LHCENT3,cb_intrinsic,L,-1,input_partner
KCg-m-L-t1,11050,VP1d+VP4_l2PN1,cb_intrinsic,L,1,input_partner
KCg-m-L-t1,11080,DM2_lPN,cb_intrinsic,L,1,input_partner
KCg-m-L-t1,11092,DM2_lPN,cb_intrinsic,L,1,input_partner
KCg-m-L-t1,11105,VC2_lPN,cb_intrinsic,L,1,input_partner
KCg-m-L-t1,11135,DA4m_adPN,cb_intrinsic,L,1,input_partner
KCg-m-L-t1,11143,VP1m_l2PN,cb_intrinsic,L,1,input_partner
KCg-m-L-t1,11145,MBON20,cb_intrinsic,L,-1,output_mbon
KCg-m-L-t1,11190,LHCENT4,cb_intrinsic,L,-1,input_partner
KCg-m-L-t1,11210,LHCENT8,cb_intrinsic,L,-1,input_partner
KCg-m-L-t1,11229,V_ilPN,cb_intrinsic,R,1,input_partner
KCg-m-L-t1,11283,VA1v_adPN,cb_intrinsic,L,1,input_partner
KCg-m-L-t1,11318,CRE107,cb_intrinsic,R,-1,input_partner
KCg-m-L-t1,11322,MeVP36,visual_projection,L,1,input_partner
KCg-m-L-t1,11327,PPL101,cb_intrinsic,R,0,auxiliary_partner
KCg-m-L-t1,11390,VL1_ilPN,cb_intrinsic,R,1,input_partner
KCg-m-L-t1,11396,MeVPMe3,visual_projection,R,-1,input_partner
KCg-m-L-t1,11402,MBON11,cb_intrinsic,R,-1,output_mbon
KCg-m-L-t1,11455,MBON32,cb_intrinsic,L,-1,output_mbon
KCg-m-L-t1,11467,VA4_lPN,cb_intrinsic,L,1,input_partner
KCg-m-L-t1,11471,VA1d_adPN,cb_intrinsic,L,1,input_partner
KCg-m-L-t1,11564,DA1_lPN,cb_intrinsic,L,1,input_partner
KCg-m-L-t1,11607,CRE107,cb_intrinsic,L,-1,input_partner
KCg-m-L-t1,11618,PPL102,cb_intrinsic,L,0,auxiliary_partner
KCg-m-L-t1,11678,SMP527,cb_intrinsic,L,1,input_partner
KCg-m-L-t1,11681,VES013,cb_intrinsic,L,1,input_partner
KCg-m-L-t1,11688,LHPV3c1,cb_intrinsic,L,1,input_partner
KCg-m-L-t1,11703,VM1_lPN,cb_intrinsic,L,1,input_partner
KCg-m-L-t1,11721,DA1_lPN,cb_intrinsic,L,1,input_partner
KCg-m-L-t1,11734,DPM,cb_intrinsic,L,0,auxiliary_partner
KCg-m-L-t1,11752,PPL103,cb_intrinsic,L,0,auxiliary_partner
KCg-m-L-t1,11785,MBON33,cb_intrinsic,L,1,output_mbon
KCg-m-L-t1,11817,VA5_lPN,cb_intrinsic,L,1,input_partner
KCg-m-L-t1,11829,DL4_adPN,cb_intrinsic,L,1,input_partner
KCg-m-L-t1,11900,PPL101,cb_intrinsic,L,0,auxiliary_partner
KCg-m-L-t1,11990,MBON22,cb_intrinsic,R,1,output_mbon
KCg-m-L-t1,12023,VA3_adPN,cb_intrinsic,L,1,input_partner
KCg-m-L-t1,12031,DC4_adPN,cb_intrinsic,L,1,input_partner
KCg-m-L-t1,12050,VA1d_adPN,cb_intrinsic,L,1,input_partner
KCg-m-L-t1,12057,VM3_adPN,cb_intrinsic,L,1,input_partner
KCg-m-L-t1,12061,DL1_adPN,cb_intrinsic,L,1,input_partner
KCg-m-L-t1,12152,DC2_adPN,cb_intrinsic,L,1,input_partner
KCg-m-L-t1,12162,LHCENT1,cb_intrinsic,L,-1,input_partner
KCg-m-L-t1,12241,M_l2PNm16,cb_intrinsic,L,1,input_partner
KCg-m-L-t1,12259,LHCENT8,cb_intrinsic,L,-1,input_partner
KCg-m-L-t1,12294,aMe20,visual_projection,L,1,input_partner
KCg-m-L-t1,12312,DC3_adPN,cb_intrinsic,L,1,input_partner
KCg-m-L-t1,12314,DA1_lPN,cb_intrinsic,L,1,input_partner
KCg-m-L-t1,12367,VM3_adPN,cb_intrinsic,L,1,input_partner
KCg-m-L-t1,12390,AVLP562,cb_intrinsic,R,1,input_partner
KCg-m-L-t1,12430,SMP146,cb_intrinsic,L,-1,input_partner
KCg-m-L-t1,12454,LHCENT5,cb_intrinsic,L,-1,input_partner
KCg-m-L-t1,12460,VA1d_adPN,cb_intrinsic,L,1,input_partner
KCg-m-L-t1,12476,SMP370,cb_intrinsic,L,-1,input_partner
KCg-m-L-t1,12506,ExR6,cb_intrinsic,L,-1,input_partner
KCg-m-L-t1,12509,VA3_adPN,cb_intrinsic,L,1,input_partner
KCg-m-L-t1,12517,aMe12,visual_projection,L,1,input_partner
KCg-m-L-t1,12544,MeVP41,visual_projection,L,1,input_partner
KCg-m-L-t1,12569,DPM,cb_intrinsic,R,0,auxiliary_partner
KCg-m-L-t1,12653,DA1_lPN,cb_intrinsic,L,1,input_partner
KCg-m-L-t1,12676,AVLP563,cb_intrinsic,L,1,input_partner
KCg-m-L-t1,12715,VP5+Z_adPN,cb_intrinsic,L,1,input_partner
KCg-m-L-t1,12756,VA5_lPN,cb_intrinsic,L,1,input_partner
KCg-m-L-t1,12809,CRE048,cb_intrinsic,L,-1,input_partner
KCg-m-L-t1,12840,DA4l_adPN,cb_intrinsic,L,1,input_partner
KCg-m-L-t1,12902,PPL108,cb_intrinsic,R,0,auxiliary_partner
KCg-m-L-t1,12918,MBON22,cb_intrinsic,L,1,output_mbon
KCg-m-L-t1,12945,MeVP30,visual_projection,L,1,input_partner
KCg-m-L-t1,12958,DL2d_adPN,cb_intrinsic,L,1,input_partner
KCg-m-L-t1,13027,VC5_lvPN,cb_intrinsic,L,1,input_partner
KCg-m-L-t1,13143,VA1v_adPN,cb_intrinsic,L,1,input_partner
KCg-m-L-t1,13190,aMe12,visual_projection,R,1,input_partner
KCg-m-L-t1,13230,VC5_lvPN,cb_intrinsic,L,1,input_partner
KCg-m-L-t1,13334,VP1m+VP5_ilPN,cb_intrinsic,R,1,input_partner
KCg-m-L-t1,13356,VM4_adPN,cb_intrinsic,L,1,input_partner
KCg-m-L-t1,13368,MeVP50,visual_projection,L,1,input_partner
KCg-m-L-t1,13375,LHAV3f1,cb_intrinsic,L,-1,input_partner
KCg-m-L-t1,13384,LHPV10b1,cb_intrinsic,L,1,input_partner
KCg-m-L-t1,13423,D_adPN,cb_intrinsic,L,1,input_partner
KCg-m-L-t1,13428,PPL102,cb_intrinsic,R,0,auxiliary_partner
KCg-m-L-t1,13470,DC3_adPN,cb_intrinsic,L,1,input_partner
KCg-m-L-t1,13479,DC2_adPN,cb_intrinsic,L,1,input_partner
KCg-m-L-t1,13483,DA1_lPN,cb_intrinsic,L,1,input_partner
KCg-m-L-t1,13523,SMP165,cb_intrinsic,L,-1,input_partner
KCg-m-L-t1,13582,VA1v_adPN,cb_intrinsic,L,1,input_partner
KCg-m-L-t1,13583,DA1_lPN,cb_intrinsic,L,1,input_partner
KCg-m-L-t1,13637,GNG322,cb_intrinsic,L,1,input_partner
KCg-m-L-t1,13684,VC3_adPN,cb_intrinsic,L,1,input_partner
KCg-m-L-t1,13728,MBON12,cb_intrinsic,L,1,output_mbon
KCg-m-L-t1,13740,LoVP100,visual_projection,L,1,input_partner
KCg-m-L-t1,13768,MBON12,cb_intrinsic,L,1,output_mbon
KCg-m-L-t1,13769,LoVP88,visual_projection,L,1,input_partner
KCg-m-L-t1,13784,LoVP42,visual_projection,L,1,input_partner
KCg-m-L-t1,13807,SMP157,cb_intrinsic,L,1,input_partner
KCg-m-L-t1,13831,SMP744,cb_intrinsic,L,1,input_partner
KCg-m-L-t1,13860,LAL154,cb_intrinsic,R,1,input_partner
KCg-m-L-t1,13870,CRE022,cb_intrinsic,R,-1,input_partner
KCg-m-L-t1,13972,VM7v_adPN,cb_intrinsic,L,1,input_partner
KCg-m-L-t1,14182,PPL103,cb_intrinsic,R,0,auxiliary_partner
KCg-m-L-t1,14225,PPL105,cb_intrinsic,R,0,auxiliary_partner
KCg-m-L-t1,14339,VA1v_adPN,cb_intrinsic,L,1,input_partner
KCg-m-L-t1,14427,VM5v_adPN,cb_intrinsic,L,1,input_partner
KCg-m-L-t1,14430,VM7d_adPN,cb_intrinsic,L,1,input_partner
KCg-m-L-t1,14437,VP3+VP1l_ivPN,cb_intrinsic,R,1,input_partner
KCg-m-L-t1,14442,VC3_adPN,cb_intrinsic,L,1,input_partner
KCg-m-L-t1,14454,LoVP70,visual_projection,L,1,input_partner
KCg-m-L-t1,14607,VM5v_adPN,cb_intrinsic,L,1,input_partner
KCg-m-L-t1,14661,D_adPN,cb_intrinsic,L,1,input_partner
KCg-m-L-t1,14665,VM2_adPN,cb_intrinsic,L,1,input_partner
KCg-m-L-t1,14685,VC3_adPN,cb_intrinsic,L,1,input_partner
KCg-m-L-t1,14705,PPL107,cb_intrinsic,R,0,auxiliary_partner
KCg-m-L-t1,14874,D_adPN,cb_intrinsic,L,1,input_partner
KCg-m-L-t1,14895,VM7d_adPN,cb_intrinsic,L,1,input_partner
KCg-m-L-t1,14925,WED182,cb_intrinsic,L,1,input_partner
KCg-m-L-t1,15126,CL201,cb_intrinsic,L,1,input_partner
KCg-m-L-t1,15133,VP4_vPN,cb_intrinsic,L,-1,input_partner
KCg-m-L-t1,15184,DM6_adPN,cb_intrinsic,L,1,input_partner
KCg-m-L-t1,15310,PPL108,cb_intrinsic,L,0,auxiliary_partner
KCg-m-L-t1,15369,LoVP107,visual_projection,L,1,input_partner
KCg-m-L-t1,15375,PLP095,cb_intrinsic,L,1,input_partner
KCg-m-L-t1,15626,MBON07,cb_intrinsic,L,-1,output_mbon
KCg-m-L-t1,15823,DM5_lPN,cb_intrinsic,L,1,input_partner
KCg-m-L-t1,15899,CL258,cb_intrinsic,L,1,input_partner
KCg-m-L-t1,15915,LoVP97,cb_intrinsic,L,1,input_partner
KCg-m-L-t1,15992,VM2_adPN,cb_intrinsic,L,1,input_partner
KCg-m-L-t1,16206,VA7m_lPN,cb_intrinsic,L,1,input_partner
KCg-m-L-t1,16207,VC5_lvPN,cb_intrinsic,L,1,input_partner
KCg-m-L-t1,16228,DL3_lPN,cb_intrinsic,L,1,input_partner
KCg-m-L-t1,16328,LHPV7c1,cb_intrinsic,L,1,input_partner
KCg-m-L-t1,16376,CRE067,cb_intrinsic,R,1,input_partner
KCg-m-L-t1,16433,VC4_adPN,cb_intrinsic,L,1,input_partner
KCg-m-L-t1,16524,VM7v_adPN,cb_intrinsic,L,1,input_partner
KCg-m-L-t1,16582,AVLP043,cb_intrinsic,L,1,input_partner
KCg-m-L-t1,16648,VP1d_il2PN,cb_intrinsic,L,1,input_partner
KCg-m-L-t1,16840,LoVP57,visual_projection,L,1,input_partner
KCg-m-L-t1,17027,DL2v_adPN,cb_intrinsic,L,1,input_partner
KCg-m-L-t1,17052,DM5_lPN,cb_intrinsic,L,1,input_partner
KCg-m-L-t1,17113,LAL129,cb_intrinsic,R,1,input_partner
KCg-m-L-t1,17225,VP3+_vPN,cb_intrinsic,L,-1,input_partner
KCg-m-L-t1,17350,DM6_adPN,cb_intrinsic,L,1,input_partner
KCg-m-L-t1,17540,DL2v_adPN,cb_intrinsic,L,1,input_partner
KCg-m-L-t1,17569,VC3_adPN,cb_intrinsic,L,1,input_partner
KCg-m-L-t1,17570,VM5d_adPN,cb_intrinsic,L,1,input_partner
KCg-m-L-t1,17639,,cb_intrinsic,R,-1,input_partner
KCg-m-L-t1,17878,GNG321,cb_intrinsic,R,1,input_partner
KCg-m-L-t1,17924,DA3_adPN,cb_intrinsic,L,1,input_partner
KCg-m-L-t1,18015,DM6_adPN,cb_intrinsic,L,1,input_partner
KCg-m-L-t1,18049,VP1d_il2PN,cb_intrinsic,R,1,input_partner
KCg-m-L-t1,18187,CL123_e,cb_intrinsic,L,1,input_partner
KCg-m-L-t1,18220,MeVP12,visual_projection,L,1,input_partner
KCg-m-L-t1,18406,MBON24,cb_intrinsic,L,1,output_mbon
KCg-m-L-t1,18534,MB-C1,cb_intrinsic,L,-1,input_partner
KCg-m-L-t1,18603,MBON07,cb_intrinsic,L,-1,output_mbon
KCg-m-L-t1,18650,LoVP71,visual_projection,L,1,input_partner
KCg-m-L-t1,18713,MBON09,cb_intrinsic,L,-1,output_mbon
KCg-m-L-t1,18776,DA2_lPN,cb_intrinsic,L,1,input_partner
KCg-m-L-t1,18777,LAL017,cb_intrinsic,L,1,input_partner
KCg-m-L-t1,18814,VP2+Z_lvPN,cb_intrinsic,L,1,input_partner
KCg-m-L-t1,18834,VM7d_adPN,cb_intrinsic,L,1,input_partner
KCg-m-L-t1,18867,VM5d_adPN,cb_intrinsic,L,1,input_partner
KCg-m-L-t1,18989,LHAV2k6,cb_intrinsic,L,1,input_partner
KCg-m-L-t1,19083,KCg-m,cb_intrinsic,L,1,seed_kc
KCg-m-L-t1,19118,ATL016,cb_intrinsic,L,-1,input_partner
KCg-m-L-t1,19266,FB4R,cb_intrinsic,L,-1,input_partner
KCg-m-L-t1,19267,MBON09,cb_intrinsic,L,-1,output_mbon
KCg-m-L-t1,19339,DA2_lPN,cb_intrinsic,L,1,input_partner
KCg-m-L-t1,19579,VC4_adPN,cb_intrinsic,L,1,input_partner
KCg-m-L-t1,19743,VA7m_lPN,cb_intrinsic,L,1,input_partner
KCg-m-L-t1,19845,VP3+VP1l_ivPN,cb_intrinsic,L,1,input_partner
KCg-m-L-t1,20105,DA2_lPN,cb_intrinsic,L,1,input_partner
KCg-m-L-t1,20298,SMP269,cb_intrinsic,L,1,input_partner
KCg-m-L-t1,20393,MeVP20,visual_projection,L,-1,input_partner
KCg-m-L-t1,20705,LAL155,cb_intrinsic,R,1,input_partner
KCg-m-L-t1,20910,M_lPNm11D,cb_intrinsic,L,1,input_partner
KCg-m-L-t1,20995,DA2_lPN,cb_intrinsic,L,1,input_partner
KCg-m-L-t1,21132,VC4_adPN,cb_intrinsic,L,1,input_partner
KCg-m-L-t1,21145,PPL104,cb_intrinsic,R,0,auxiliary_partner
KCg-m-L-t1,21242,MBON09,cb_intrinsic,R,-1,output_mbon
KCg-m-L-t1,21609,IB065,cb_intrinsic,L,-1,input_partner
KCg-m-L-t1,21700,FB4R,cb_intrinsic,L,-1,input_partner
KCg-m-L-t1,22494,VM5d_adPN,cb_intrinsic,L,1,input_partner
KCg-m-L-t1,22530,SMP115,cb_intrinsic,R,-1,input_partner
KCg-m-L-t1,22569,VM5d_adPN,cb_intrinsic,L,1,input_partner
KCg-m-L-t1,22717,M_lPNm11D,cb_intrinsic,L,1,input_partner
KCg-m-L-t1,23045,DL3_lPN,cb_intrinsic,L,1,input_partner
KCg-m-L-t1,23132,VM4_lvPN,cb_intrinsic,L,1,input_partner
KCg-m-L-t1,23260,CL134,cb_intrinsic,L,-1,input_partner
KCg-m-L-t1,23339,VM5d_adPN,cb_intrinsic,L,1,input_partner
KCg-m-L-t1,23494,DA3_adPN,cb_intrinsic,L,1,input_partner
KCg-m-L-t1,23718,DM5_lPN,cb_intrinsic,L,1,input_partner
KCg-m-L-t1,24064,LHPV2a1_c,cb_intrinsic,L,-1,input_partner
KCg-m-L-t1,24352,DM5_lPN,cb_intrinsic,L,1,input_partner
KCg-m-L-t1,24724,SIP128m,cb_intrinsic,L,1,input_partner
KCg-m-L-t1,24841,DL2v_adPN,cb_intrinsic,L,1,input_partner
KCg-m-L-t1,26423,DA2_lPN,cb_intrinsic,L,1,input_partner
KCg-m-L-t1,26845,DL2v_adPN,cb_intrinsic,L,1,input_partner
KCg-m-L-t1,27333,DL3_lPN,cb_intrinsic,L,1,input_partner
KCg-m-L-t1,28434,PAM10,cb_intrinsic,R,0,auxiliary_partner
KCg-m-L-t1,28680,VM5d_adPN,cb_intrinsic,L,1,input_partner
KCg-m-L-t1,28711,DN1pB,cb_intrinsic,L,-1,input_partner
KCg-m-L-t1,29217,DL2d_adPN,cb_intrinsic,L,1,input_partner
KCg-m-L-t1,29266,CRE044,cb_intrinsic,L,-1,input_partner
KCg-m-L-t1,29364,CRE072,cb_intrinsic,L,1,input_partner
KCg-m-L-t1,29565,PAM10,cb_intrinsic,R,0,auxiliary_partner
KCg-m-L-t1,29824,M_adPNm4,cb_intrinsic,L,1,input_partner
KCg-m-L-t1,31348,M_lPNm11D,cb_intrinsic,L,1,input_partner
KCg-m-L-t1,32818,CRE060,cb_intrinsic,R,1,input_partner
KCg-m-L-t1,32865,PAM10,cb_intrinsic,L,0,auxiliary_partner
KCg-m-L-t1,32880,VP1m+_lvPN,cb_intrinsic,L,-1,input_partner
KCg-m-L-t1,32958,LHPV2a1_c,cb_intrinsic,L,-1,input_partner
KCg-m-L-t1,33808,KCg-m,cb_intrinsic,L,1,seed_kc
KCg-m-L-t1,34068,DL3_lPN,cb_intrinsic,L,1,input_partner
KCg-m-L-t1,34149,CB1087,cb_intrinsic,L,-1,input_partner
KCg-m-L-t1,34321,MB-C1,cb_intrinsic,L,-1,input_partner
KCg-m-L-t1,35109,LHPV2a1_a,cb_intrinsic,L,-1,input_partner
KCg-m-L-t1,35182,VP1m+_lvPN,cb_intrinsic,L,-1,input_partner
KCg-m-L-t1,36624,PAM10,cb_intrinsic,R,0,auxiliary_partner
KCg-m-L-t1,36664,SMP539,cb_intrinsic,L,-1,input_partner
KCg-m-L-t1,37474,CRE043_c1,cb_intrinsic,L,-1,input_partner
KCg-m-L-t1,37845,PAM04,cb_intrinsic,R,0,auxiliary_partner
KCg-m-L-t1,37916,KCg-m,cb_intrinsic,L,1,seed_kc
KCg-m-L-t1,38113,KCg-m,cb_intrinsic,L,1,seed_kc
KCg-m-L-t1,38549,KCg-m,cb_intrinsic,L,1,seed_kc
KCg-m-L-t1,38569,SMP122,cb_intrinsic,R,-1,input_partner
KCg-m-L-t1,38962,KCg-m,cb_intrinsic,L,1,seed_kc
KCg-m-L-t1,39531,KCg-m,cb_intrinsic,L,1,seed_kc
KCg-m-L-t1,39608,MBON10,cb_intrinsic,L,-1,output_mbon
KCg-m-L-t1,39617,PAM07,cb_intrinsic,L,0,auxiliary_partner
KCg-m-L-t1,39619,PLP145,cb_intrinsic,L,1,input_partner
KCg-m-L-t1,39922,M_lPNm11D,cb_intrinsic,L,1,input_partner
KCg-m-L-t1,40289,CRE039,cb_intrinsic,R,-1,input_partner
KCg-m-L-t1,40385,LAL043_c,cb_intrinsic,L,-1,input_partner
KCg-m-L-t1,41131,KCg-m,cb_intrinsic,L,1,seed_kc
KCg-m-L-t1,41270,LHAV9a1_b,cb_intrinsic,L,1,input_partner
KCg-m-L-t1,41420,LHAV4a7,cb_intrinsic,L,-1,input_partner
KCg-m-L-t1,41920,KCg-m,cb_intrinsic,L,1,seed_kc
KCg-m-L-t1,42140,KCg-m,cb_intrinsic,L,1,seed_kc
KCg-m-L-t1,42744,KCg-m,cb_intrinsic,L,1,seed_kc
KCg-m-L-t1,43354,KCg-m,cb_intrinsic,L,1,seed_kc
KCg-m-L-t1,43639,KCg-m,cb_intrinsic,L,1,seed_kc
KCg-m-L-t1,43811,KCg-m,cb_intrinsic,L,1,seed_kc
KCg-m-L-t1,44260,KCg-m,cb_intrinsic,L,1,seed_kc
KCg-m-L-t1,44682,KCg-m,cb_intrinsic,L,1,seed_kc
KCg-m-L-t1,44999,SMP484,cb_intrinsic,L,1,input_partner
KCg-m-L-t1,45199,KCg-m,cb_intrinsic,L,1,seed_kc
KCg-m-L-t1,45217,SMP721m,cb_intrinsic,L,1,input_partner
KCg-m-L-t1,45244,CB3476,cb_intrinsic,L,1,input_partner
KCg-m-L-t1,45259,KCg-m,cb_intrinsic,L,1,seed_kc
KCg-m-L-t1,45380,KCg-m,cb_intrinsic,L,1,seed_kc
KCg-m-L-t1,45434,KCg-m,cb_intrinsic,L,1,seed_kc
KCg-m-L-t1,45460,KCg-m,cb_intrinsic,L,1,seed_kc
KCg-m-L-t1,45467,KCg-m,cb_intrinsic,L,1,seed_kc
KCg-m-L-t1,45620,KCg-m,cb_intrinsic,L,1,seed_kc
KCg-m-L-t1,45936,CRE067,cb_intrinsic,R,1,input_partner
KCg-m-L-t1,45950,KCg-m,cb_intrinsic,L,1,seed_kc
KCg-m-L-t1,46297,LH008m,cb_intrinsic,L,1,input_partner
KCg-m-L-t1,46497,KCg-m,cb_intrinsic,L,1,seed_kc
KCg-m-L-t1,46794,PAM04,cb_intrinsic,R,0,auxiliary_partner
KCg-m-L-t1,47101,KCg-m,cb_intrinsic,L,1,seed_kc
KCg-m-L-t1,47117,KCg-m,cb_intrinsic,L,1,seed_kc
KCg-m-L-t1,47196,PAM07,cb_intrinsic,R,0,auxiliary_partner
KCg-m-L-t1,47287,KCg-m,cb_intrinsic,L,1,seed_kc
KCg-m-L-t1,47694,KCg-m,cb_intrinsic,L,1,seed_kc
KCg-m-L-t1,47758,KCg-m,cb_intrinsic,L,1,seed_kc
KCg-m-L-t1,47802,VES017,cb_intrinsic,L,1,input_partner
KCg-m-L-t1,47988,KCg-m,cb_intrinsic,L,1,seed_kc
KCg-m-L-t1,48113,PAM10,cb_intrinsic,L,0,auxiliary_partner
KCg-m-L-t1,48337,KCg-m,cb_intrinsic,L,1,seed_kc
KCg-m-L-t1,48596,KCg-m,cb_intrinsic,L,1,seed_kc
KCg-m-L-t1,48629,AOTU102m,cb_intrinsic,L,-1,input_partner
KCg-m-L-t1,48759,KCg-m,cb_intrinsic,L,1,seed_kc
KCg-m-L-t1,49043,PAM07,cb_intrinsic,R,0,auxiliary_partner
KCg-m-L-t1,49124,KCg-m,cb_intrinsic,L,1,seed_kc
KCg-m-L-t1,49160,KCg-m,cb_intrinsic,L,1,seed_kc
KCg-m-L-t1,49526,KCg-m,cb_intrinsic,L,1,seed_kc
KCg-m-L-t1,49544,KCg-m,cb_intrinsic,L,1,seed_kc
KCg-m-L-t1,49545,KCg-m,cb_intrinsic,L,1,seed_kc
KCg-m-L-t1,49867,KCg-m,cb_intrinsic,L,1,seed_kc
KCg-m-L-t1,50411,KCg-m,cb_intrinsic,L,1,seed_kc
KCg-m-L-t1,50568,KCg-m,cb_intrinsic,L,1,seed_kc
KCg-m-L-t1,50591,KCg-m,cb_intrinsic,L,1,seed_kc
KCg-m-L-t1,50791,KCg-m,cb_intrinsic,L,1,seed_kc
KCg-m-L-t1,50820,KCg-m,cb_intrinsic,L,1,seed_kc
KCg-m-L-t1,51053,KCg-m,cb_intrinsic,L,1,seed_kc
KCg-m-L-t1,51055,KCg-m,cb_intrinsic,L,1,seed_kc
KCg-m-L-t1,51330,KCg-m,cb_intrinsic,L,1,seed_kc
KCg-m-L-t1,51459,KCg-m,cb_intrinsic,L,1,seed_kc
KCg-m-L-t1,51535,KCg-m,cb_intrinsic,L,1,seed_kc
KCg-m-L-t1,51552,KCg-m,cb_intrinsic,L,1,seed_kc
KCg-m-L-t1,51553,KCg-m,cb_intrinsic,L,1,seed_kc
KCg-m-L-t1,51583,KCg-m,cb_intrinsic,L,1,seed_kc
KCg-m-L-t1,51742,KCg-m,cb_intrinsic,L,1,seed_kc
KCg-m-L-t1,51751,KCg-m,cb_intrinsic,L,1,seed_kc
KCg-m-L-t1,51865,KCg-m,cb_intrinsic,L,1,seed_kc
KCg-m-L-t1,51937,KCg-m,cb_intrinsic,L,1,seed_kc
KCg-m-L-t1,52114,LoVP71,visual_projection,L,1,input_partner
KCg-m-L-t1,52318,KCg-m,cb_intrinsic,L,1,seed_kc
KCg-m-L-t1,52564,KCg-m,cb_intrinsic,L,1,seed_kc
KCg-m-L-t1,52856,KCg-m,cb_intrinsic,L,1,seed_kc
KCg-m-L-t1,52938,KCg-m,cb_intrinsic,L,1,seed_kc
KCg-m-L-t1,53285,PAM01,cb_intrinsic,L,0,auxiliary_partner
KCg-m-L-t1,53756,KCg-m,cb_intrinsic,L,1,seed_kc
KCg-m-L-t1,53987,KCg-m,cb_intrinsic,L,1,seed_kc
KCg-m-L-t1,54202,KCg-m,cb_intrinsic,L,1,seed_kc
KCg-m-L-t1,54255,KCg-m,cb_intrinsic,L,1,seed_kc
KCg-m-L-t1,55210,PAM08,cb_intrinsic,L,0,auxiliary_partner
KCg-m-L-t1,55542,KCg-m,cb_intrinsic,L,1,seed_kc
KCg-m-L-t1,55853,KCg-m,cb_intrinsic,L,1,seed_kc
KCg-m-L-t1,56017,CL283_a,cb_intrinsic,L,-1,input_partner
KCg-m-L-t1,56251,KCg-m,cb_intrinsic,L,1,seed_kc
KCg-m-L-t1,56650,KCg-m,cb_intrinsic,L,1,seed_kc
KCg-m-L-t1,56866,KCg-m,cb_intrinsic,L,1,seed_kc
KCg-m-L-t1,57152,KCg-m,cb_intrinsic,L,1,seed_kc
KCg-m-L-t1,57770,KCg-m,cb_intrinsic,L,1,seed_kc
KCg-m-L-t1,57806,KCg-m,cb_intrinsic,L,1,seed_kc
KCg-m-L-t1,58009,M_adPNm8,cb_intrinsic,L,1,input_partner
KCg-m-L-t1,58058,KCg-m,cb_intrinsic,L,1,seed_kc
KCg-m-L-t1,58471,KCg-m,cb_intrinsic,L,1,seed_kc
KCg-m-L-t1,58941,PAM08,cb_intrinsic,L,0,auxiliary_partner
KCg-m-L-t1,59882,CRE067,cb_intrinsic,R,1,input_partner
KCg-m-L-t1,60011,KCg-m,cb_intrinsic,L,1,seed_kc
KCg-m-L-t1,60273,PAM07,cb_intrinsic,L,0,auxiliary_partner
KCg-m-L-t1,60388,KCg-m,cb_intrinsic,L,1,seed_kc
KCg-m-L-t1,60471,KCg-m,cb_intrinsic,L,1,seed_kc
KCg-m-L-t1,60545,KCg-m,cb_intrinsic,L,1,seed_kc
KCg-m-L-t1,60834,KCg-m,cb_intrinsic,L,1,seed_kc
KCg-m-L-t1,60930,PAM10,cb_intrinsic,L,0,auxiliary_partner
KCg-m-L-t1,61312,KCg-m,cb_intrinsic,L,1,seed_kc
KCg-m-L-t1,61360,PAM12,cb_intrinsic,L,0,auxiliary_partner
KCg-m-L-t1,61579,KCg-m,cb_intrinsic,L,1,seed_kc
KCg-m-L-t1,61802,KCg-m,cb_intrinsic,L,1,seed_kc
KCg-m-L-t1,62731,PAM01,cb_intrinsic,R,0,auxiliary_partner
KCg-m-L-t1,63199,KCg-m,cb_intrinsic,L,1,seed_kc
KCg-m-L-t1,63327,KCg-m,cb_intrinsic,L,1,seed_kc
KCg-m-L-t1,63391,PAM01,cb_intrinsic,R,0,auxiliary_partner
KCg-m-L-t1,63634,KCg-m,cb_intrinsic,L,1,seed_kc
KCg-m-L-t1,63740,KCg-m,cb_intrinsic,L,1,seed_kc
KCg-m-L-t1,63942,KCg-m,cb_intrinsic,L,1,seed_kc
KCg-m-L-t1,64434,KCg-m,cb_intrinsic,L,1,seed_kc
KCg-m-L-t1,64512,LHPV8c1,cb_intrinsic,L,1,input_partner
KCg-m-L-t1,64697,KCg-m,cb_intrinsic,L,1,seed_kc
KCg-m-L-t1,64860,KCg-m,cb_intrinsic,L,1,seed_kc
KCg-m-L-t1,65370,KCg-m,cb_intrinsic,L,1,seed_kc
KCg-m-L-t1,65524,PAM08,cb_intrinsic,L,0,auxiliary_partner
KCg-m-L-t1,65559,PAM07,cb_intrinsic,R,0,auxiliary_partner
KCg-m-L-t1,65886,PAM08,cb_intrinsic,L,0,auxiliary_partner
KCg-m-L-t1,66047,KCg-m,cb_intrinsic,L,1,seed_kc
KCg-m-L-t1,66105,KCg-m,cb_intrinsic,L,1,seed_kc
KCg-m-L-t1,66113,KCg-m,cb_intrinsic,L,1,seed_kc
KCg-m-L-t1,66617,KCg-m,cb_intrinsic,L,1,seed_kc
KCg-m-L-t1,66934,PAM10,cb_intrinsic,L,0,auxiliary_partner
KCg-m-L-t1,67000,KCg-m,cb_intrinsic,L,1,seed_kc
KCg-m-L-t1,67058,KCg-m,cb_intrinsic,L,1,seed_kc
KCg-m-L-t1,67106,KCg-m,cb_intrinsic,L,1,seed_kc
KCg-m-L-t1,67257,KCg-m,cb_intrinsic,L,1,seed_kc
KCg-m-L-t1,67356,KCg-m,cb_intrinsic,L,1,seed_kc
KCg-m-L-t1,67398,LHPD5c1,cb_intrinsic,L,-1,input_partner
KCg-m-L-t1,67468,KCg-m,cb_intrinsic,L,1,seed_kc
KCg-m-L-t1,67479,KCg-m,cb_intrinsic,L,1,seed_kc
KCg-m-L-t1,68239,KCg-m,cb_intrinsic,L,1,seed_kc
KCg-m-L-t1,68254,KCg-m,cb_intrinsic,L,1,seed_kc
KCg-m-L-t1,68708,KCg-m,cb_intrinsic,L,1,seed_kc
KCg-m-L-t1,68759,KCg-m,cb_intrinsic,L,1,seed_kc
KCg-m-L-t1,68979,KCg-m,cb_intrinsic,L,1,seed_kc
KCg-m-L-t1,69114,KCg-m,cb_intrinsic,L,1,seed_kc
KCg-m-L-t1,69237,KCg-m,cb_intrinsic,L,1,seed_kc
KCg-m-L-t1,69264,KCg-m,cb_intrinsic,L,1,seed_kc
KCg-m-L-t1,69417,KCg-m,cb_intrinsic,L,1,seed_kc
KCg-m-L-t1,69426,KCg-m,cb_intrinsic,L,1,seed_kc
KCg-m-L-t1,69539,KCg-m,cb_intrinsic,L,1,seed_kc
KCg-m-L-t1,69722,PAM08,cb_intrinsic,L,0,auxiliary_partner
KCg-m-L-t1,69854,KCg-m,cb_intrinsic,L,1,seed_kc
KCg-m-L-t1,69855,KCg-m,cb_intrinsic,L,1,seed_kc
KCg-m-L-t1,70143,KCg-m,cb_intrinsic,L,1,seed_kc
KCg-m-L-t1,70223,KCg-m,cb_intrinsic,L,1,seed_kc
KCg-m-L-t1,70271,KCg-m,cb_intrinsic,L,1,seed_kc
KCg-m-L-t1,70322,KCg-m,cb_intrinsic,L,1,seed_kc
KCg-m-L-t1,70614,KCg-m,cb_intrinsic,L,1,seed_kc
KCg-m-L-t1,70740,KCg-m,cb_intrinsic,L,1,seed_kc
KCg-m-L-t1,71166,KCg-m,cb_intrinsic,L,1,seed_kc
KCg-m-L-t1,71317,KCg-m,cb_intrinsic,L,1,seed_kc
KCg-m-L-t1,71406,KCg-m,cb_intrinsic,L,1,seed_kc
KCg-m-L-t1,71474,KCg-m,cb_intrinsic,L,1,seed_kc
KCg-m-L-t1,71547,CL129,cb_intrinsic,L,1,input_partner
KCg-m-L-t1,71618,KCg-m,cb_intrinsic,L,1,seed_kc
KCg-m-L-t1,72002,KCg-m,cb_intrinsic,L,1,seed_kc
KCg-m-L-t1,72097,KCg-m,cb_intrinsic,L,1,seed_kc
KCg-m-L-t1,72116,KCg-m,cb_intrinsic,L,1,seed_kc
KCg-m-L-t1,72350,KCg-m,cb_intrinsic,L,1,seed_kc
KCg-m-L-t1,72601,PAM06,cb_intrinsic,L,0,auxiliary_partner
KCg-m-L-t1,72604,KCg-m,cb_intrinsic,L,1,seed_kc
KCg-m-L-t1,72606,KCg-m,cb_intrinsic,L,1,seed_kc
KCg-m-L-t1,72678,KCg-m,cb_intrinsic,L,1,seed_kc
KCg-m-L-t1,72684,KCg-m,cb_intrinsic,L,1,seed_kc
KCg-m-L-t1,72854,KCg-m,cb_intrinsic,L,1,seed_kc
KCg-m-L-t1,73013,KCg-m,cb_intrinsic,L,1,seed_kc
KCg-m-L-t1,73125,KCg-m,cb_intrinsic,L,1,seed_kc
KCg-m-L-t1,73196,KCg-m,cb_intrinsic,L,1,seed_kc
KCg-m-L-t1,73197,KCg-m,cb_intrinsic,L,1,seed_kc
KCg-m-L-t1,73335,KCg-m,cb_intrinsic,L,1,seed_kc
KCg-m-L-t1,73354,KCg-m,cb_intrinsic,L,1,seed_kc
KCg-m-L-t1,73744,KCg-m,cb_intrinsic,L,1,seed_kc
KCg-m-L-t1,73783,KCg-m,cb_intrinsic,L,1,seed_kc
KCg-m-L-t1,73970,KCg-m,cb_intrinsic,L,1,seed_kc
KCg-m-L-t1,74110,KCg-m,cb_intrinsic,L,1,seed_kc
KCg-m-L-t1,74203,KCg-m,cb_intrinsic,L,1,seed_kc
KCg-m-L-t1,74222,KCg-m,cb_intrinsic,L,1,seed_kc
KCg-m-L-t1,74434,KCg-m,cb_intrinsic,L,1,seed_kc
KCg-m-L-t1,74698,KCg-m,cb_intrinsic,L,1,seed_kc
KCg-m-L-t1,74708,KCg-m,cb_intrinsic,L,1,seed_kc
KCg-m-L-t1,74743,PAM08,cb_intrinsic,L,0,auxiliary_partner
KCg-m-L-t1,74856,PAM01,cb_intrinsic,L,0,auxiliary_partner
KCg-m-L-t1,74926,KCg-m,cb_intrinsic,L,1,seed_kc
KCg-m-L-t1,74992,KCg-m,cb_intrinsic,L,1,seed_kc
KCg-m-L-t1,75070,KCg-m,cb_intrinsic,L,1,seed_kc
KCg-m-L-t1,75129,WED181,cb_intrinsic,L,1,input_partner
KCg-m-L-t1,75310,KCg-m,cb_intrinsic,L,1,seed_kc
KCg-m-L-t1,75312,KCg-m,cb_intrinsic,L,1,seed_kc
KCg-m-L-t1,75347,KCg-m,cb_intrinsic,L,1,seed_kc
KCg-m-L-t1,75368,KCg-m,cb_intrinsic,L,1,seed_kc
KCg-m-L-t1,75513,KCg-m,cb_intrinsic,L,1,seed_kc
KCg-m-L-t1,75524,SMP532_a,cb_intrinsic,L,-1,input_partner
KCg-m-L-t1,75597,KCg-m,cb_intrinsic,L,1,seed_kc
KCg-m-L-t1,75758,KCg-m,cb_intrinsic,L,1,seed_kc
KCg-m-L-t1,75830,KCg-m,cb_intrinsic,L,1,seed_kc
KCg-m-L-t1,75897,VP2+_adPN,cb_intrinsic,L,1,input_partner
KCg-m-L-t1,75907,KCg-m,cb_intrinsic,L,1,seed_kc
KCg-m-L-t1,75922,PAM08,cb_intrinsic,L,0,auxiliary_partner
KCg-m-L-t1,76085,KCg-m,cb_intrinsic,L,1,seed_kc
KCg-m-L-t1,76122,KCg-m,cb_intrinsic,L,1,seed_kc
KCg-m-L-t1,76309,KCg-m,cb_intrinsic,L,1,seed_kc
KCg-m-L-t1,76362,PAM08,cb_intrinsic,L,0,auxiliary_partner
KCg-m-L-t1,76431,KCg-m,cb_intrinsic,L,1,seed_kc
KCg-m-L-t1,76476,KCg-m,cb_intrinsic,L,1,seed_kc
KCg-m-L-t1,76488,KCg-m,cb_intrinsic,L,1,seed_kc
KCg-m-L-t1,76508,KCg-m,cb_intrinsic,L,1,seed_kc
KCg-m-L-t1,76564,KCg-m,cb_intrinsic,L,1,seed_kc
KCg-m-L-t1,76585,MBON25-like,cb_intrinsic,R,-1,output_mbon
KCg-m-L-t1,76949,KCg-m,cb_intrinsic,L,1,seed_kc
KCg-m-L-t1,77093,KCg-m,cb_intrinsic,L,1,seed_kc
KCg-m-L-t1,77108,KCg-m,cb_intrinsic,L,1,seed_kc
KCg-m-L-t1,77367,KCg-m,cb_intrinsic,L,1,seed_kc
KCg-m-L-t1,77454,KCg-m,cb_intrinsic,L,1,seed_kc
KCg-m-L-t1,77628,KCg-m,cb_intrinsic,L,1,seed_kc
KCg-m-L-t1,77631,KCg-m,cb_intrinsic,L,1,seed_kc
KCg-m-L-t1,77719,KCg-m,cb_intrinsic,L,1,seed_kc
KCg-m-L-t1,78066,KCg-m,cb_intrinsic,L,1,seed_kc
KCg-m-L-t1,78483,KCg-m,cb_intrinsic,L,1,seed_kc
KCg-m-L-t1,78514,KCg-m,cb_intrinsic,L,1,seed_kc
KCg-m-L-t1,78862,KCg-m,cb_intrinsic,L,1,seed_kc
KCg-m-L-t1,78872,KCg-m,cb_intrinsic,L,1,seed_kc
KCg-m-L-t1,78880,KCg-m,cb_intrinsic,L,1,seed_kc
KCg-m-L-t1,78992,KCg-m,cb_intrinsic,L,1,seed_kc
KCg-m-L-t1,79275,KCg-m,cb_intrinsic,L,1,seed_kc
KCg-m-L-t1,79622,KCg-m,cb_intrinsic,L,1,seed_kc
KCg-m-L-t1,79690,KCg-m,cb_intrinsic,L,1,seed_kc
KCg-m-L-t1,79761,KCg-m,cb_intrinsic,L,1,seed_kc
KCg-m-L-t1,79776,KCg-m,cb_intrinsic,L,1,seed_kc
KCg-m-L-t1,79783,KCg-m,cb_intrinsic,L,1,seed_kc
KCg-m-L-t1,79950,KCg-m,cb_intrinsic,L,1,seed_kc
KCg-m-L-t1,80094,KCg-m,cb_intrinsic,L,1,seed_kc
KCg-m-L-t1,80143,KCg-m,cb_intrinsic,L,1,seed_kc
KCg-m-L-t1,80306,CB1896,cb_intrinsic,L,1,input_partner
KCg-m-L-t1,80325,KCg-m,cb_intrinsic,L,1,seed_kc
KCg-m-L-t1,80380,KCg-m,cb_intrinsic,L,1,seed_kc
KCg-m-L-t1,80532,KCg-m,cb_intrinsic,L,1,seed_kc
KCg-m-L-t1,80663,KCg-m,cb_intrinsic,L,1,seed_kc
KCg-m-L-t1,80704,KCg-m,cb_intrinsic,L,1,seed_kc
KCg-m-L-t1,80708,KCg-m,cb_intrinsic,L,1,seed_kc
KCg-m-L-t1,80744,PAM01,cb_intrinsic,L,0,auxiliary_partner
KCg-m-L-t1,80779,KCg-m,cb_intrinsic,L,1,seed_kc
KCg-m-L-t1,80970,KCg-m,cb_intrinsic,L,1,seed_kc
KCg-m-L-t1,81001,KCg-m,cb_intrinsic,L,1,seed_kc
KCg-m-L-t1,81093,KCg-m,cb_intrinsic,L,1,seed_kc
KCg-m-L-t1,81143,KCg-m,cb_intrinsic,L,1,seed_kc
KCg-m-L-t1,81251,KCg-m,cb_intrinsic,L,1,seed_kc
KCg-m-L-t1,81338,KCg-m,cb_intrinsic,L,1,seed_kc
KCg-m-L-t1,81349,KCg-m,cb_intrinsic,L,1,seed_kc
KCg-m-L-t1,81369,KCg-m,cb_intrinsic,L,1,seed_kc
KCg-m-L-t1,81374,KCg-m,cb_intrinsic,L,1,seed_kc
KCg-m-L-t1,81385,KCg-m,cb_intrinsic,L,1,seed_kc
KCg-m-L-t1,81502,KCg-m,cb_intrinsic,L,1,seed_kc
KCg-m-L-t1,81630,KCg-m,cb_intrinsic,L,1,seed_kc
KCg-m-L-t1,81671,KCg-m,cb_intrinsic,L,1,seed_kc
KCg-m-L-t1,81740,KCg-m,cb_intrinsic,L,1,seed_kc
KCg-m-L-t1,82192,KCg-m,cb_intrinsic,L,1,seed_kc
KCg-m-L-t1,82292,KCg-m,cb_intrinsic,L,1,seed_kc
KCg-m-L-t1,82399,KCg-m,cb_intrinsic,L,1,seed_kc
KCg-m-L-t1,82543,KCg-m,cb_intrinsic,L,1,seed_kc
KCg-m-L-t1,82646,KCg-m,cb_intrinsic,L,1,seed_kc
KCg-m-L-t1,82672,KCg-m,cb_intrinsic,L,1,seed_kc
KCg-m-L-t1,82693,KCg-m,cb_intrinsic,L,1,seed_kc
KCg-m-L-t1,82761,KCg-m,cb_intrinsic,L,1,seed_kc
KCg-m-L-t1,82904,KCg-m,cb_intrinsic,L,1,seed_kc
KCg-m-L-t1,82996,KCg-m,cb_intrinsic,L,1,seed_kc
KCg-m-L-t1,83058,KCg-m,cb_intrinsic,L,1,seed_kc
KCg-m-L-t1,83270,KCg-m,cb_intrinsic,L,1,seed_kc
KCg-m-L-t1,83277,PAM01,cb_intrinsic,L,0,auxiliary_partner
KCg-m-L-t1,83371,KCg-m,cb_intrinsic,L,1,seed_kc
KCg-m-L-t1,83691,KCg-m,cb_intrinsic,L,1,seed_kc
KCg-m-L-t1,83783,KCg-m,cb_intrinsic,L,1,seed_kc
KCg-m-L-t1,83852,PAM06,cb_intrinsic,R,0,auxiliary_partner
KCg-m-L-t1,83965,KCg-m,cb_intrinsic,L,1,seed_kc
KCg-m-L-t1,84319,KCg-m,cb_intrinsic,L,1,seed_kc
KCg-m-L-t1,84400,KCg-m,cb_intrinsic,L,1,seed_kc
KCg-m-L-t1,84446,KCg-m,cb_intrinsic,L,1,seed_kc
KCg-m-L-t1,84581,CB2904,cb_intrinsic,L,-1,input_partner
KCg-m-L-t1,84884,KCg-m,cb_intrinsic,L,1,seed_kc
KCg-m-L-t1,84926,KCg-m,cb_intrinsic,L,1,seed_kc
KCg-m-L-t1,84932,KCg-m,cb_intrinsic,L,1,seed_kc
KCg-m-L-t1,84987,KCg-m,cb_intrinsic,L,1,seed_kc
KCg-m-L-t1,84989,KCg-m,cb_intrinsic,L,1,seed_kc
KCg-m-L-t1,85091,KCg-m,cb_intrinsic,L,1,seed_kc
KCg-m-L-t1,85121,KCg-m,cb_intrinsic,L,1,seed_kc
KCg-m-L-t1,85216,KCg-m,cb_intrinsic,L,1,seed_kc
KCg-m-L-t1,85325,KCg-m,cb_intrinsic,L,1,seed_kc
KCg-m-L-t1,85340,KCg-m,cb_intrinsic,L,1,seed_kc
KCg-m-L-t1,85512,KCg-m,cb_intrinsic,L,1,seed_kc
KCg-m-L-t1,85547,KCg-m,cb_intrinsic,L,1,seed_kc
KCg-m-L-t1,85665,KCg-m,cb_intrinsic,L,1,seed_kc
KCg-m-L-t1,85805,KCg-m,cb_intrinsic,L,1,seed_kc
KCg-m-L-t1,86020,KCg-m,cb_intrinsic,L,1,seed_kc
KCg-m-L-t1,86024,KCg-m,cb_intrinsic,L,1,seed_kc
KCg-m-L-t1,86028,KCg-m,cb_intrinsic,L,1,seed_kc
KCg-m-L-t1,86066,PAM07,cb_intrinsic,L,0,auxiliary_partner
KCg-m-L-t1,86156,PAM08,cb_intrinsic,R,0,auxiliary_partner
KCg-m-L-t1,86209,KCg-m,cb_intrinsic,L,1,seed_kc
KCg-m-L-t1,86395,KCg-m,cb_intrinsic,L,1,seed_kc
KCg-m-L-t1,86431,PAM07,cb_intrinsic,L,0,auxiliary_partner
KCg-m-L-t1,86555,KCg-m,cb_intrinsic,L,1,seed_kc
KCg-m-L-t1,86583,KCg-m,cb_intrinsic,L,1,seed_kc
KCg-m-L-t1,86608,KCg-m,cb_intrinsic,L,1,seed_kc
KCg-m-L-t1,86610,KCg-m,cb_intrinsic,L,1,seed_kc
KCg-m-L-t1,86967,KCg-m,cb_intrinsic,L,1,seed_kc
KCg-m-L-t1,87052,KCg-m,cb_intrinsic,L,1,seed_kc
KCg-m-L-t1,87077,MBON25,cb_intrinsic,L,-1,output_mbon
KCg-m-L-t1,87103,KCg-m,cb_intrinsic,L,1,seed_kc
KCg-m-L-t1,87177,PAM08,cb_intrinsic,L,0,auxiliary_partner
KCg-m-L-t1,87276,KCg-m,cb_intrinsic,L,1,seed_kc
KCg-m-L-t1,87304,KCg-m,cb_intrinsic,L,1,seed_kc
KCg-m-L-t1,87308,KCg-m,cb_intrinsic,L,1,seed_kc
KCg-m-L-t1,87697,KCg-m,cb_intrinsic,L,1,seed_kc
KCg-m-L-t1,87970,M_adPNm5,cb_intrinsic,L,1,input_partner
KCg-m-L-t1,88000,KCg-m,cb_intrinsic,L,1,seed_kc
KCg-m-L-t1,88028,KCg-m,cb_intrinsic,L,1,seed_kc
KCg-m-L-t1,88108,KCg-m,cb_intrinsic,L,1,seed_kc
KCg-m-L-t1,88132,KCg-m,cb_intrinsic,L,1,seed_kc
KCg-m-L-t1,88428,KCg-m,cb_intrinsic,L,1,seed_kc
KCg-m-L-t1,88477,PAM01,cb_intrinsic,L,0,auxiliary_partner
KCg-m-L-t1,88845,KCg-m,cb_intrinsic,L,1,seed_kc
KCg-m-L-t1,88869,KCg-m,cb_intrinsic,L,1,seed_kc
KCg-m-L-t1,89041,KCg-m,cb_intrinsic,L,1,seed_kc
KCg-m-L-t1,89158,KCg-m,cb_intrinsic,L,1,seed_kc
KCg-m-L-t1,89269,KCg-m,cb_intrinsic,L,1,seed_kc
KCg-m-L-t1,89442,KCg-m,cb_intrinsic,L,1,seed_kc
KCg-m-L-t1,89536,KCg-m,cb_intrinsic,L,1,seed_kc
KCg-m-L-t1,89782,KCg-m,cb_intrinsic,L,1,seed_kc
KCg-m-L-t1,89858,KCg-m,cb_intrinsic,L,1,seed_kc
KCg-m-L-t1,89871,M_adPNm5,cb_intrinsic,L,1,input_partner
KCg-m-L-t1,89966,CB1062,cb_intrinsic,L,-1,input_partner
KCg-m-L-t1,90189,KCg-m,cb_intrinsic,L,1,seed_kc
KCg-m-L-t1,90296,KCg-m,cb_intrinsic,L,1,seed_kc
KCg-m-L-t1,90363,KCg-m,cb_intrinsic,L,1,seed_kc
KCg-m-L-t1,90393,KCg-m,cb_intrinsic,L,1,seed_kc
KCg-m-L-t1,90569,KCg-m,cb_intrinsic,L,1,seed_kc
KCg-m-L-t1,90640,KCg-m,cb_intrinsic,L,1,seed_kc
KCg-m-L-t1,90678,PAM08,cb_intrinsic,L,0,auxiliary_partner
KCg-m-L-t1,90867,PAM01,cb_intrinsic,R,0,auxiliary_partner
KCg-m-L-t1,90870,KCg-m,cb_intrinsic,L,1,seed_kc
KCg-m-L-t1,90902,PAM08,cb_intrinsic,R,0,auxiliary_partner
KCg-m-L-t1,91344,KCg-m,cb_intrinsic,L,1,seed_kc
KCg-m-L-t1,91391,PAM12,cb_intrinsic,L,0,auxiliary_partner
KCg-m-L-t1,91608,KCg-m,cb_intrinsic,L,1,seed_kc
KCg-m-L-t1,91875,PAM12,cb_intrinsic,L,0,auxiliary_partner
KCg-m-L-t1,91910,KCg-m,cb_intrinsic,L,1,seed_kc
KCg-m-L-t1,91928,KCg-m,cb_intrinsic,L,1,seed_kc
KCg-m-L-t1,92030,KCg-m,cb_intrinsic,L,1,seed_kc
KCg-m-L-t1,92112,MBON34,cb_intrinsic,R,-1,output_mbon
KCg-m-L-t1,92130,KCg-m,cb_intrinsic,L,1,seed_kc
KCg-m-L-t1,92324,PAM06,cb_intrinsic,R,0,auxiliary_partner
KCg-m-L-t1,92424,KCg-m,cb_intrinsic,L,1,seed_kc
KCg-m-L-t1,92679,KCg-m,cb_intrinsic,L,1,seed_kc
KCg-m-L-t1,93044,KCg-m,cb_intrinsic,L,1,seed_kc
KCg-m-L-t1,93065,KCg-m,cb_intrinsic,L,1,seed_kc
KCg-m-L-t1,93216,KCg-m,cb_intrinsic,L,1,seed_kc
KCg-m-L-t1,93327,KCg-m,cb_intrinsic,L,1,seed_kc
KCg-m-L-t1,93616,KCg-m,cb_intrinsic,L,1,seed_kc
KCg-m-L-t1,93704,PAM01,cb_intrinsic,L,0,auxiliary_partner
KCg-m-L-t1,93803,KCg-m,cb_intrinsic,L,1,seed_kc
KCg-m-L-t1,94250,PAM05,cb_intrinsic,L,0,auxiliary_partner
KCg-m-L-t1,94310,KCg-m,cb_intrinsic,L,1,seed_kc
KCg-m-L-t1,94530,KCg-m,cb_intrinsic,L,1,seed_kc
KCg-m-L-t1,94606,KCg-m,cb_intrinsic,L,1,seed_kc
KCg-m-L-t1,94663,KCg-m,cb_intrinsic,L,1,seed_kc
KCg-m-L-t1,94914,KCg-m,cb_intrinsic,L,1,seed_kc
KCg-m-L-t1,94922,PAM05,cb_intrinsic,L,0,auxiliary_partner
KCg-m-L-t1,95042,KCg-m,cb_intrinsic,L,1,seed_kc
KCg-m-L-t1,95072,KCg-m,cb_intrinsic,L,1,seed_kc
KCg-m-L-t1,95081,KCg-m,cb_intrinsic,L,1,seed_kc
KCg-m-L-t1,95189,KCg-m,cb_intrinsic,L,1,seed_kc
KCg-m-L-t1,95331,CB1287,cb_intrinsic,R,-1,input_partner
KCg-m-L-t1,95368,KCg-m,cb_intrinsic,L,1,seed_kc
KCg-m-L-t1,95404,KCg-m,cb_intrinsic,L,1,seed_kc
KCg-m-L-t1,95523,PAM08,cb_intrinsic,L,0,auxiliary_partner
KCg-m-L-t1,95861,KCg-m,cb_intrinsic,L,1,seed_kc
KCg-m-L-t1,95941,KCg-m,cb_intrinsic,L,1,seed_kc
KCg-m-L-t1,96231,KCg-m,cb_intrinsic,L,1,seed_kc
KCg-m-L-t1,96497,PAM07,cb_intrinsic,R,0,auxiliary_partner
KCg-m-L-t1,96571,PAM12,cb_intrinsic,L,0,auxiliary_partner
KCg-m-L-t1,96624,KCg-m,cb_intrinsic,L,1,seed_kc
KCg-m-L-t1,96688,KCg-m,cb_intrinsic,L,1,seed_kc
KCg-m-L-t1,96721,KCg-m,cb_intrinsic,L,1,seed_kc
KCg-m-L-t1,97181,KCg-m,cb_intrinsic,L,1,seed_kc
KCg-m-L-t1,97239,KCg-m,cb_intrinsic,L,1,seed_kc
KCg-m-L-t1,97348,KCg-m,cb_intrinsic,L,1,seed_kc
KCg-m-L-t1,97624,KCg-m,cb_intrinsic,L,1,seed_kc
KCg-m-L-t1,97990,PAM06,cb_intrinsic,L,0,auxiliary_partner
KCg-m-L-t1,98104,KCg-m,cb_intrinsic,L,1,seed_kc
KCg-m-L-t1,98265,PAM06,cb_intrinsic,L,0,auxiliary_partner
KCg-m-L-t1,98275,KCg-m,cb_intrinsic,L,1,seed_kc
KCg-m-L-t1,98554,PAM07,cb_intrinsic,L,0,auxiliary_partner
KCg-m-L-t1,98665,KCg-m,cb_intrinsic,L,1,seed_kc
KCg-m-L-t1,98782,KCg-m,cb_intrinsic,L,1,seed_kc
KCg-m-L-t1,98946,KCg-m,cb_intrinsic,L,1,seed_kc
KCg-m-L-t1,99089,PAM01,cb_intrinsic,L,0,auxiliary_partner
KCg-m-L-t1,99195,KCg-m,cb_intrinsic,L,1,seed_kc
KCg-m-L-t1,99225,KCg-m,cb_intrinsic,L,1,seed_kc
KCg-m-L-t1,99436,KCg-m,cb_intrinsic,L,1,seed_kc
KCg-m-L-t1,99763,LHPD2b1,cb_intrinsic,L,1,input_partner
KCg-m-L-t1,99847,KCg-m,cb_intrinsic,L,1,seed_kc
KCg-m-L-t1,99858,KCg-m,cb_intrinsic,L,1,seed_kc
KCg-m-L-t1,99875,KCg-m,cb_intrinsic,L,1,seed_kc
KCg-m-L-t1,100251,KCg-m,cb_intrinsic,L,1,seed_kc
KCg-m-L-t1,100258,PAM01,cb_intrinsic,R,0,auxiliary_partner
KCg-m-L-t1,100272,KCg-m,cb_intrinsic,L,1,seed_kc
KCg-m-L-t1,100615,KCg-m,cb_intrinsic,L,1,seed_kc
KCg-m-L-t1,100773,KCg-m,cb_intrinsic,L,1,seed_kc
KCg-m-L-t1,101010,KCg-m,cb_intrinsic,L,1,seed_kc
KCg-m-L-t1,101133,KCg-m,cb_intrinsic,L,1,seed_kc
KCg-m-L-t1,101312,KCg-m,cb_intrinsic,L,1,seed_kc
KCg-m-L-t1,101792,KCg-m,cb_intrinsic,L,1,seed_kc
KCg-m-L-t1,102095,KCg-m,cb_intrinsic,L,1,seed_kc
KCg-m-L-t1,102136,KCg-m,cb_intrinsic,L,1,seed_kc
KCg-m-L-t1,102199,KCg-m,cb_intrinsic,L,1,seed_kc
KCg-m-L-t1,102621,KCg-m,cb_intrinsic,L,1,seed_kc
KCg-m-L-t1,102936,PAM08,cb_intrinsic,R,0,auxiliary_partner
KCg-m-L-t1,102954,KCg-m,cb_intrinsic,L,1,seed_kc
KCg-m-L-t1,103255,PAM08,cb_intrinsic,R,0,auxiliary_partner
KCg-m-L-t1,103416,KCg-m,cb_intrinsic,L,1,seed_kc
KCg-m-L-t1,103433,PAM14,cb_intrinsic,R,0,auxiliary_partner
KCg-m-L-t1,103609,KCg-m,cb_intrinsic,L,1,seed_kc
KCg-m-L-t1,103720,KCg-m,cb_intrinsic,L,1,seed_kc
KCg-m-L-t1,103750,KCg-m,cb_intrinsic,L,1,seed_kc
KCg-m-L-t1,104068,KCg-m,cb_intrinsic,L,1,seed_kc
KCg-m-L-t1,104385,KCg-m,cb_intrinsic,L,1,seed_kc
KCg-m-L-t1,104460,PAM12,cb_intrinsic,L,0,auxiliary_partner
KCg-m-L-t1,104713,PAM08,cb_intrinsic,R,0,auxiliary_partner
KCg-m-L-t1,104983,KCg-m,cb_intrinsic,L,1,seed_kc
KCg-m-L-t1,105362,PAM05,cb_intrinsic,R,0,auxiliary_partner
KCg-m-L-t1,105365,PAM08,cb_intrinsic,R,0,auxiliary_partner
KCg-m-L-t1,105407,KCg-m,cb_intrinsic,L,1,seed_kc
KCg-m-L-t1,105447,PAM12,cb_intrinsic,L,0,auxiliary_partner
KCg-m-L-t1,106885,KCg-m,cb_intrinsic,L,1,seed_kc
KCg-m-L-t1,106905,KCg-m,cb_intrinsic,L,1,seed_kc
KCg-m-L-t1,107019,KCg-m,cb_intrinsic,L,1,seed_kc
KCg-m-L-t1,107164,KCg-m,cb_intrinsic,L,1,seed_kc
KCg-m-L-t1,107232,KCg-m,cb_intrinsic,L,1,seed_kc
KCg-m-L-t1,107285,PAM08,cb_intrinsic,L,0,auxiliary_partner
KCg-m-L-t1,107516,KCg-m,cb_intrinsic,L,1,seed_kc
KCg-m-L-t1,107986,PAM02,cb_intrinsic,L,0,auxiliary_partner
KCg-m-L-t1,108379,KCg-m,cb_intrinsic,L,1,seed_kc
KCg-m-L-t1,108389,KCg-m,cb_intrinsic,L,1,seed_kc
KCg-m-L-t1,108429,PAM04,cb_intrinsic,L,0,auxiliary_partner
KCg-m-L-t1,108536,KCg-m,cb_intrinsic,L,1,seed_kc
KCg-m-L-t1,108576,PAM13,cb_intrinsic,R,0,auxiliary_partner
KCg-m-L-t1,108609,CRE060,cb_intrinsic,L,1,input_partner
KCg-m-L-t1,108860,FB5V_a,cb_intrinsic,L,-1,input_partner
KCg-m-L-t1,109161,KCg-m,cb_intrinsic,L,1,seed_kc
KCg-m-L-t1,109275,KCg-m,cb_intrinsic,L,1,seed_kc
KCg-m-L-t1,109449,KCg-m,cb_intrinsic,L,1,seed_kc
KCg-m-L-t1,109492,KCg-m,cb_intrinsic,L,1,seed_kc
KCg-m-L-t1,109512,KCg-m,cb_intrinsic,L,1,seed_kc
KCg-m-L-t1,109624,PAM08,cb_intrinsic,L,0,auxiliary_partner
KCg-m-L-t1,109676,KCg-m,cb_intrinsic,L,1,seed_kc
KCg-m-L-t1,109708,KCg-m,cb_intrinsic,L,1,seed_kc
KCg-m-L-t1,109793,PAM04,cb_intrinsic,L,0,auxiliary_partner
KCg-m-L-t1,109853,KCg-m,cb_intrinsic,L,1,seed_kc
KCg-m-L-t1,110090,KCg-m,cb_intrinsic,L,1,seed_kc
KCg-m-L-t1,110282,KCg-m,cb_intrinsic,L,1,seed_kc
KCg-m-L-t1,110574,KCg-m,cb_intrinsic,L,1,seed_kc
KCg-m-L-t1,110653,PAM05,cb_intrinsic,R,0,auxiliary_partner
KCg-m-L-t1,110950,KCg-m,cb_intrinsic,L,1,seed_kc
KCg-m-L-t1,111109,KCg-m,cb_intrinsic,L,1,seed_kc
KCg-m-L-t1,111127,KCg-m,cb_intrinsic,L,1,seed_kc
KCg-m-L-t1,111576,KCg-m,cb_intrinsic,L,1,seed_kc
KCg-m-L-t1,111655,KCg-m,cb_intrinsic,L,1,seed_kc
KCg-m-L-t1,111665,PAM12,cb_intrinsic,R,0,auxiliary_partner
KCg-m-L-t1,111695,KCg-m,cb_intrinsic,L,1,seed_kc
KCg-m-L-t1,111795,KCg-m,cb_intrinsic,L,1,seed_kc
KCg-m-L-t1,111803,KCg-m,cb_intrinsic,L,1,seed_kc
KCg-m-L-t1,112009,KCg-m,cb_intrinsic,L,1,seed_kc
KCg-m-L-t1,112189,KCg-m,cb_intrinsic,L,1,seed_kc
KCg-m-L-t1,112359,KCg-m,cb_intrinsic,L,1,seed_kc
KCg-m-L-t1,112442,KCg-m,cb_intrinsic,L,1,seed_kc
KCg-m-L-t1,112593,KCg-m,cb_intrinsic,L,1,seed_kc
KCg-m-L-t1,112697,KCg-m,cb_intrinsic,L,1,seed_kc
KCg-m-L-t1,112835,KCg-m,cb_intrinsic,L,1,seed_kc
KCg-m-L-t1,112879,KCg-m,cb_intrinsic,L,1,seed_kc
KCg-m-L-t1,113001,PAM12,cb_intrinsic,R,0,auxiliary_partner
KCg-m-L-t1,113067,PAM01,cb_intrinsic,R,0,auxiliary_partner
KCg-m-L-t1,113286,KCg-m,cb_intrinsic,L,1,seed_kc
KCg-m-L-t1,113528,KCg-m,cb_intrinsic,L,1,seed_kc
KCg-m-L-t1,113972,KCg-m,cb_intrinsic,L,1,seed_kc
KCg-m-L-t1,114029,KCg-m,cb_intrinsic,L,1,seed_kc
KCg-m-L-t1,114090,KCg-m,cb_intrinsic,L,1,seed_kc
KCg-m-L-t1,114216,PAM01,cb_intrinsic,L,0,auxiliary_partner
KCg-m-L-t1,114522,PAM07,cb_intrinsic,R,0,auxiliary_partner
KCg-m-L-t1,114661,PAM11,cb_intrinsic,R,0,auxiliary_partner
KCg-m-L-t1,114700,PAM01,cb_intrinsic,R,0,auxiliary_partner
KCg-m-L-t1,114956,KCg-m,cb_intrinsic,L,1,seed_kc
KCg-m-L-t1,115234,KCg-m,cb_intrinsic,L,1,seed_kc
KCg-m-L-t1,115287,KCg-m,cb_intrinsic,L,1,seed_kc
KCg-m-L-t1,115617,PAM04,cb_intrinsic,L,0,auxiliary_partner
KCg-m-L-t1,115664,KCg-m,cb_intrinsic,L,1,seed_kc
KCg-m-L-t1,115711,KCg-m,cb_intrinsic,L,1,seed_kc
KCg-m-L-t1,115785,TuBu06,cb_intrinsic,L,1,input_partner
KCg-m-L-t1,115868,PAM14,cb_intrinsic,R,0,auxiliary_partner
KCg-m-L-t1,116084,KCg-m,cb_intrinsic,L,1,seed_kc
KCg-m-L-t1,116218,KCg-m,cb_intrinsic,L,1,seed_kc
KCg-m-L-t1,116436,KCg-m,cb_intrinsic,L,1,seed_kc
KCg-m-L-t1,116518,KCg-m,cb_intrinsic,L,1,seed_kc
KCg-m-L-t1,116550,KCg-m,cb_intrinsic,L,1,seed_kc
KCg-m-L-t1,116553,KCg-m,cb_intrinsic,L,1,seed_kc
KCg-m-L-t1,116973,KCg-m,cb_intrinsic,L,1,seed_kc
KCg-m-L-t1,117051,KCg-m,cb_intrinsic,L,1,seed_kc
KCg-m-L-t1,117135,KCg-m,cb_intrinsic,L,1,seed_kc
KCg-m-L-t1,117286,KCg-m,cb_intrinsic,L,1,seed_kc
KCg-m-L-t1,117471,TuBu01,cb_intrinsic,L,1,input_partner
KCg-m-L-t1,117513,KCg-m,cb_intrinsic,L,1,seed_kc
KCg-m-L-t1,117782,PAM08,cb_intrinsic,L,0,auxiliary_partner
KCg-m-L-t1,118000,KCg-m,cb_intrinsic,L,1,seed_kc
KCg-m-L-t1,118100,KCg-m,cb_intrinsic,L,1,seed_kc
KCg-m-L-t1,118508,KCg-m,cb_intrinsic,L,1,seed_kc
KCg-m-L-t1,118732,KCg-m,cb_intrinsic,L,1,seed_kc
KCg-m-L-t1,119144,KCg-m,cb_intrinsic,L,1,seed_kc
KCg-m-L-t1,119152,KCg-m,cb_intrinsic,L,1,seed_kc
KCg-m-L-t1,119475,KCg-m,cb_intrinsic,L,1,seed_kc
KCg-m-L-t1,119499,PAM08,cb_intrinsic,L,0,auxiliary_partner
KCg-m-L-t1,119536,KCg-m,cb_intrinsic,L,1,seed_kc
KCg-m-L-t1,119612,KCg-m,cb_intrinsic,L,1,seed_kc
KCg-m-L-t1,119763,PAM11,cb_intrinsic,L,0,auxiliary_partner
KCg-m-L-t1,120259,PAM04,cb_intrinsic,R,0,auxiliary_partner
KCg-m-L-t1,120313,KCg-m,cb_intrinsic,L,1,seed_kc
KCg-m-L-t1,120642,KCg-m,cb_intrinsic,L,1,seed_kc
KCg-m-L-t1,120768,PAM07,cb_intrinsic,R,0,auxiliary_partner
KCg-m-L-t1,120818,KCg-m,cb_intrinsic,L,1,seed_kc
KCg-m-L-t1,120853,KCg-m,cb_intrinsic,L,1,seed_kc
KCg-m-L-t1,121501,KCg-m,cb_intrinsic,L,1,seed_kc
KCg-m-L-t1,121634,CB2719,cb_intrinsic,L,1,input_partner
KCg-m-L-t1,121712,KCg-m,cb_intrinsic,L,1,seed_kc
KCg-m-L-t1,122062,PAM08,cb_intrinsic,R,0,auxiliary_partner
KCg-m-L-t1,122077,KCg-m,cb_intrinsic,L,1,seed_kc
KCg-m-L-t1,122107,CRE081,cb_intrinsic,L,1,input_partner
KCg-m-L-t1,122285,KCg-m,cb_intrinsic,L,1,seed_kc
KCg-m-L-t1,122326,KCg-m,cb_intrinsic,L,1,seed_kc
KCg-m-L-t1,122378,KCg-m,cb_intrinsic,L,1,seed_kc
KCg-m-L-t1,122481,KCg-m,cb_intrinsic,L,1,seed_kc
KCg-m-L-t1,122595,KCg-m,cb_intrinsic,L,1,seed_kc
KCg-m-L-t1,122703,KCg-m,cb_intrinsic,L,1,seed_kc
KCg-m-L-t1,122979,KCg-m,cb_intrinsic,L,1,seed_kc
KCg-m-L-t1,123263,KCg-m,cb_intrinsic,L,1,seed_kc
KCg-m-L-t1,123404,KCg-m,cb_intrinsic,L,1,seed_kc
KCg-m-L-t1,123477,KCg-m,cb_intrinsic,L,1,seed_kc
KCg-m-L-t1,123494,KCg-m,cb_intrinsic,L,1,seed_kc
KCg-m-L-t1,123684,KCg-m,cb_intrinsic,L,1,seed_kc
KCg-m-L-t1,123841,KCg-m,cb_intrinsic,L,1,seed_kc
KCg-m-L-t1,124021,KCg-m,cb_intrinsic,L,1,seed_kc
KCg-m-L-t1,124046,KCg-m,cb_intrinsic,L,1,seed_kc
KCg-m-L-t1,124370,KCg-m,cb_intrinsic,L,1,seed_kc
KCg-m-L-t1,124690,KCg-m,cb_intrinsic,L,1,seed_kc
KCg-m-L-t1,124918,PAM04,cb_intrinsic,L,0,auxiliary_partner
KCg-m-L-t1,125080,PAM04,cb_intrinsic,L,0,auxiliary_partner
KCg-m-L-t1,125182,CRE108,cb_intrinsic,L,1,input_partner
KCg-m-L-t1,125552,KCg-m,cb_intrinsic,L,1,seed_kc
KCg-m-L-t1,126501,PAM06,cb_intrinsic,L,0,auxiliary_partner
KCg-m-L-t1,126766,KCg-m,cb_intrinsic,L,1,seed_kc
KCg-m-L-t1,126779,KCg-m,cb_intrinsic,L,1,seed_kc
KCg-m-L-t1,126815,KCg-m,cb_intrinsic,L,1,seed_kc
KCg-m-L-t1,126900,PAM12,cb_intrinsic,L,0,auxiliary_partner
KCg-m-L-t1,126973,KCg-m,cb_intrinsic,L,1,seed_kc
KCg-m-L-t1,127130,KCg-m,cb_intrinsic,L,1,seed_kc
KCg-m-L-t1,127203,KCg-m,cb_intrinsic,L,1,seed_kc
KCg-m-L-t1,127225,KCg-m,cb_intrinsic,L,1,seed_kc
KCg-m-L-t1,127372,KCg-m,cb_intrinsic,L,1,seed_kc
KCg-m-L-t1,127593,KCg-m,cb_intrinsic,L,1,seed_kc
KCg-m-L-t1,127659,PAM02,cb_intrinsic,L,0,auxiliary_partner
KCg-m-L-t1,127944,KCg-m,cb_intrinsic,L,1,seed_kc
KCg-m-L-t1,127980,KCg-m,cb_intrinsic,L,1,seed_kc
KCg-m-L-t1,128076,PAM04,cb_intrinsic,R,0,auxiliary_partner
KCg-m-L-t1,128097,KCg-m,cb_intrinsic,L,1,seed_kc
KCg-m-L-t1,128352,KCg-m,cb_intrinsic,L,1,seed_kc
KCg-m-L-t1,128471,KCg-m,cb_intrinsic,L,1,seed_kc
KCg-m-L-t1,128901,KCg-m,cb_intrinsic,L,1,seed_kc
KCg-m-L-t1,128929,KCg-m,cb_intrinsic,L,1,seed_kc
KCg-m-L-t1,129430,PAM08,cb_intrinsic,L,0,auxiliary_partner
KCg-m-L-t1,129563,PAM01,cb_intrinsic,R,0,auxiliary_partner
KCg-m-L-t1,129627,KCg-m,cb_intrinsic,L,1,seed_kc
KCg-m-L-t1,129866,KCg-m,cb_intrinsic,L,1,seed_kc
KCg-m-L-t1,130324,KCg-m,cb_intrinsic,L,1,seed_kc
KCg-m-L-t1,130439,KCg-m,cb_intrinsic,L,1,seed_kc
KCg-m-L-t1,130556,KCg-m,cb_intrinsic,L,1,seed_kc
KCg-m-L-t1,130580,KCg-m,cb_intrinsic,L,1,seed_kc
KCg-m-L-t1,130920,KCg-m,cb_intrinsic,L,1,seed_kc
KCg-m-L-t1,130972,KCg-m,cb_intrinsic,L,1,seed_kc
KCg-m-L-t1,131198,KCg-m,cb_intrinsic,L,1,seed_kc
KCg-m-L-t1,131268,KCg-m,cb_intrinsic,L,1,seed_kc
KCg-m-L-t1,131332,KCg-m,cb_intrinsic,L,1,seed_kc
KCg-m-L-t1,131373,KCg-m,cb_intrinsic,L,1,seed_kc
KCg-m-L-t1,131419,PAM06,cb_intrinsic,R,0,auxiliary_partner
KCg-m-L-t1,131423,KCg-m,cb_intrinsic,L,1,seed_kc
KCg-m-L-t1,131597,KCg-m,cb_intrinsic,L,1,seed_kc
KCg-m-L-t1,131607,PAM07,cb_intrinsic,L,0,auxiliary_partner
KCg-m-L-t1,131620,KCg-m,cb_intrinsic,L,1,seed_kc
KCg-m-L-t1,131954,KCg-m,cb_intrinsic,L,1,seed_kc
KCg-m-L-t1,132051,KCg-m,cb_intrinsic,L,1,seed_kc
KCg-m-L-t1,132467,KCg-m,cb_intrinsic,L,1,seed_kc
KCg-m-L-t1,132513,PAM06,cb_intrinsic,R,0,auxiliary_partner
KCg-m-L-t1,132598,KCg-m,cb_intrinsic,L,1,seed_kc
KCg-m-L-t1,132747,KCg-m,cb_intrinsic,L,1,seed_kc
KCg-m-L-t1,132978,KCg-m,cb_intrinsic,L,1,seed_kc
KCg-m-L-t1,133019,PAM08,cb_intrinsic,R,0,auxiliary_partner
KCg-m-L-t1,133066,KCg-m,cb_intrinsic,L,1,seed_kc
KCg-m-L-t1,133249,KCg-m,cb_intrinsic,L,1,seed_kc
KCg-m-L-t1,133316,KCg-m,cb_intrinsic,L,1,seed_kc
KCg-m-L-t1,133435,KCg-m,cb_intrinsic,L,1,seed_kc
KCg-m-L-t1,133479,KCg-m,cb_intrinsic,L,1,seed_kc
KCg-m-L-t1,133500,KCg-m,cb_intrinsic,L,1,seed_kc
KCg-m-L-t1,133550,KCg-m,cb_intrinsic,L,1,seed_kc
KCg-m-L-t1,133564,KCg-m,cb_intrinsic,L,1,seed_kc
KCg-m-L-t1,133607,KCg-m,cb_intrinsic,L,1,seed_kc
KCg-m-L-t1,133630,KCg-m,cb_intrinsic,L,1,seed_kc
KCg-m-L-t1,134059,KCg-m,cb_intrinsic,L,1,seed_kc
KCg-m-L-t1,134161,KCg-m,cb_intrinsic,L,1,seed_kc
KCg-m-L-t1,134256,KCg-m,cb_intrinsic,L,1,seed_kc
KCg-m-L-t1,134265,PAM06,cb_intrinsic,R,0,auxiliary_partner
KCg-m-L-t1,134430,KCg-m,cb_intrinsic,L,1,seed_kc
KCg-m-L-t1,134742,KCg-m,cb_intrinsic,L,1,seed_kc
KCg-m-L-t1,134769,PAM06,cb_intrinsic,R,0,auxiliary_partner
KCg-m-L-t1,134865,KCg-m,cb_intrinsic,L,1,seed_kc
KCg-m-L-t1,134869,PAM06,cb_intrinsic,L,0,auxiliary_partner
KCg-m-L-t1,134965,KCg-m,cb_intrinsic,L,1,seed_kc
KCg-m-L-t1,135046,PAM02,cb_intrinsic,L,0,auxiliary_partner
KCg-m-L-t1,135158,KCg-m,cb_intrinsic,L,1,seed_kc
KCg-m-L-t1,135171,PAM12,cb_intrinsic,R,0,auxiliary_partner
KCg-m-L-t1,135287,PAM05,cb_intrinsic,L,0,auxiliary_partner
KCg-m-L-t1,135290,PAM15,cb_intrinsic,R,0,auxiliary_partner
KCg-m-L-t1,135363,KCg-m,cb_intrinsic,L,1,seed_kc
KCg-m-L-t1,135480,KCg-m,cb_intrinsic,L,1,seed_kc
KCg-m-L-t1,135506,KCg-m,cb_intrinsic,L,1,seed_kc
KCg-m-L-t1,135578,PAM08,cb_intrinsic,L,0,auxiliary_partner
KCg-m-L-t1,135773,KCg-m,cb_intrinsic,L,1,seed_kc
KCg-m-L-t1,135783,KCg-m,cb_intrinsic,L,1,seed_kc
KCg-m-L-t1,135825,KCg-m,cb_intrinsic,L,1,seed_kc
KCg-m-L-t1,135847,KCg-m,cb_intrinsic,L,1,seed_kc
KCg-m-L-t1,135883,KCg-m,cb_intrinsic,L,1,seed_kc
KCg-m-L-t1,136024,PAM06,cb_intrinsic,L,0,auxiliary_partner
KCg-m-L-t1,136101,KCg-m,cb_intrinsic,L,1,seed_kc
KCg-m-L-t1,136127,KCg-m,cb_intrinsic,L,1,seed_kc
KCg-m-L-t1,136144,PAM08,cb_intrinsic,R,0,auxiliary_partner
KCg-m-L-t1,136215,PAM06,cb_intrinsic,L,0,auxiliary_partner
KCg-m-L-t1,136525,KCg-m,cb_intrinsic,L,1,seed_kc
KCg-m-L-t1,136581,KCg-m,cb_intrinsic,L,1,seed_kc
KCg-m-L-t1,136705,KCg-m,cb_intrinsic,L,1,seed_kc
KCg-m-L-t1,136896,KCg-m,cb_intrinsic,L,1,seed_kc
KCg-m-L-t1,136943,KCg-m,cb_intrinsic,L,1,seed_kc
KCg-m-L-t1,136988,KCg-m,cb_intrinsic,L,1,seed_kc
KCg-m-L-t1,137061,KCg-m,cb_intrinsic,L,1,seed_kc
KCg-m-L-t1,137072,KCg-m,cb_intrinsic,L,1,seed_kc
KCg-m-L-t1,137174,KCg-m,cb_intrinsic,L,1,seed_kc
KCg-m-L-t1,137321,PAM04,cb_intrinsic,L,0,auxiliary_partner
KCg-m-L-t1,137373,PAM06,cb_intrinsic,L,0,auxiliary_partner
KCg-m-L-t1,137438,KCg-m,cb_intrinsic,L,1,seed_kc
KCg-m-L-t1,137484,KCg-m,cb_intrinsic,L,1,seed_kc
KCg-m-L-t1,137539,PAM11,cb_intrinsic,R,0,auxiliary_partner
KCg-m-L-t1,137546,KCg-m,cb_intrinsic,L,1,seed_kc
KCg-m-L-t1,137595,PAM07,cb_intrinsic,R,0,auxiliary_partner
KCg-m-L-t1,137789,KCg-m,cb_intrinsic,L,1,seed_kc
KCg-m-L-t1,137890,KCg-m,cb_intrinsic,L,1,seed_kc
KCg-m-L-t1,138053,KCg-m,cb_intrinsic,L,1,seed_kc
KCg-m-L-t1,138378,KCg-m,cb_intrinsic,L,1,seed_kc
KCg-m-L-t1,138439,KCg-m,cb_intrinsic,L,1,seed_kc
KCg-m-L-t1,138447,KCg-m,cb_intrinsic,L,1,seed_kc
KCg-m-L-t1,138451,KCg-m,cb_intrinsic,L,1,seed_kc
KCg-m-L-t1,138564,KCg-m,cb_intrinsic,L,1,seed_kc
KCg-m-L-t1,138585,PAM12,cb_intrinsic,L,0,auxiliary_partner
KCg-m-L-t1,138629,PAM01,cb_intrinsic,L,0,auxiliary_partner
KCg-m-L-t1,138634,KCg-m,cb_intrinsic,L,1,seed_kc
KCg-m-L-t1,138810,KCg-m,cb_intrinsic,L,1,seed_kc
KCg-m-L-t1,138822,PAM11,cb_intrinsic,L,0,auxiliary_partner
KCg-m-L-t1,138935,KCg-m,cb_intrinsic,L,1,seed_kc
KCg-m-L-t1,138968,KCg-m,cb_intrinsic,L,1,seed_kc
KCg-m-L-t1,139039,KCg-m,cb_intrinsic,L,1,seed_kc
KCg-m-L-t1,139093,KCg-m,cb_intrinsic,L,1,seed_kc
KCg-m-L-t1,139280,PAM12,cb_intrinsic,R,0,auxiliary_partner
KCg-m-L-t1,139378,PAM12,cb_intrinsic,R,0,auxiliary_partner
KCg-m-L-t1,139508,KCg-m,cb_intrinsic,L,1,seed_kc
KCg-m-L-t1,139589,KCg-m,cb_intrinsic,L,1,seed_kc
KCg-m-L-t1,139685,KCg-m,cb_intrinsic,L,1,seed_kc
KCg-m-L-t1,139706,PAM11,cb_intrinsic,R,0,auxiliary_partner
KCg-m-L-t1,139943,KCg-m,cb_intrinsic,L,1,seed_kc
KCg-m-L-t1,139970,KCg-m,cb_intrinsic,L,1,seed_kc
KCg-m-L-t1,139988,KCg-m,cb_intrinsic,L,1,seed_kc
KCg-m-L-t1,140180,KCg-m,cb_intrinsic,L,1,seed_kc
KCg-m-L-t1,140224,SLP300,cb_intrinsic,L,-1,input_partner
KCg-m-L-t1,140271,PAM06,cb_intrinsic,R,0,auxiliary_partner
KCg-m-L-t1,140365,KCg-m,cb_intrinsic,L,1,seed_kc
KCg-m-L-t1,140461,KCg-m,cb_intrinsic,L,1,seed_kc
KCg-m-L-t1,140661,KCg-m,cb_intrinsic,L,1,seed_kc
KCg-m-L-t1,140726,KCg-m,cb_intrinsic,L,1,seed_kc
KCg-m-L-t1,140737,KCg-m,cb_intrinsic,L,1,seed_kc
KCg-m-L-t1,140795,KCg-m,cb_intrinsic,L,1,seed_kc
KCg-m-L-t1,140867,KCg-m,cb_intrinsic,L,1,seed_kc
KCg-m-L-t1,140883,KCg-m,cb_intrinsic,L,1,seed_kc
KCg-m-L-t1,140943,KCg-m,cb_intrinsic,L,1,seed_kc
KCg-m-L-t1,140995,KCg-m,cb_intrinsic,L,1,seed_kc
KCg-m-L-t1,141046,KCg-m,cb_intrinsic,L,1,seed_kc
KCg-m-L-t1,141246,PAM02,cb_intrinsic,L,0,auxiliary_partner
KCg-m-L-t1,141249,KCg-m,cb_intrinsic,L,1,seed_kc
KCg-m-L-t1,141299,KCg-m,cb_intrinsic,L,1,seed_kc
KCg-m-L-t1,141343,KCg-m,cb_intrinsic,L,1,seed_kc
KCg-m-L-t1,141510,PAM15,cb_intrinsic,R,0,auxiliary_partner
KCg-m-L-t1,141602,KCg-m,cb_intrinsic,L,1,seed_kc
KCg-m-L-t1,141615,PAM01,cb_intrinsic,R,0,auxiliary_partner
KCg-m-L-t1,141659,KCg-m,cb_intrinsic,L,1,seed_kc
KCg-m-L-t1,141709,KCg-m,cb_intrinsic,L,1,seed_kc
KCg-m-L-t1,141772,KCg-m,cb_intrinsic,L,1,seed_kc
KCg-m-L-t1,141840,KCg-m,cb_intrinsic,L,1,seed_kc
KCg-m-L-t1,142083,KCg-m,cb_intrinsic,L,1,seed_kc
KCg-m-L-t1,142209,KCg-m,cb_intrinsic,L,1,seed_kc
KCg-m-L-t1,142238,PAM02,cb_intrinsic,R,0,auxiliary_partner
KCg-m-L-t1,142299,KCg-m,cb_intrinsic,L,1,seed_kc
KCg-m-L-t1,142470,KCg-m,cb_intrinsic,L,1,seed_kc
KCg-m-L-t1,142528,PAM09,cb_intrinsic,R,0,auxiliary_partner
KCg-m-L-t1,142538,PAM08,cb_intrinsic,R,0,auxiliary_partner
KCg-m-L-t1,142660,PAM13,cb_intrinsic,R,0,auxiliary_partner
KCg-m-L-t1,142732,KCg-m,cb_intrinsic,L,1,seed_kc
KCg-m-L-t1,142898,PAM06,cb_intrinsic,R,0,auxiliary_partner
KCg-m-L-t1,142994,KCg-m,cb_intrinsic,L,1,seed_kc
KCg-m-L-t1,143029,KCg-m,cb_intrinsic,L,1,seed_kc
KCg-m-L-t1,143120,PAM10,cb_intrinsic,L,0,auxiliary_partner
KCg-m-L-t1,143426,KCg-m,cb_intrinsic,L,1,seed_kc
KCg-m-L-t1,143487,KCg-m,cb_intrinsic,L,1,seed_kc
KCg-m-L-t1,143757,KCg-m,cb_intrinsic,L,1,seed_kc
KCg-m-L-t1,143947,KCg-m,cb_intrinsic,L,1,seed_kc
KCg-m-L-t1,144122,KCg-m,cb_intrinsic,L,1,seed_kc
KCg-m-L-t1,144126,PAM02,cb_intrinsic,R,0,auxiliary_partner
KCg-m-L-t1,144230,KCg-m,cb_intrinsic,L,1,seed_kc
KCg-m-L-t1,144315,PAM01,cb_intrinsic,R,0,auxiliary_partner
KCg-m-L-t1,144317,KCg-m,cb_intrinsic,L,1,seed_kc
KCg-m-L-t1,144512,KCg-m,cb_intrinsic,L,1,seed_kc
KCg-m-L-t1,144570,KCg-m,cb_intrinsic,L,1,seed_kc
KCg-m-L-t1,144625,PAM12,cb_intrinsic,L,0,auxiliary_partner
KCg-m-L-t1,144678,PAM04,cb_intrinsic,R,0,auxiliary_partner
KCg-m-L-t1,144730,KCg-m,cb_intrinsic,L,1,seed_kc
KCg-m-L-t1,145022,PAM02,cb_intrinsic,L,0,auxiliary_partner
KCg-m-L-t1,145094,PAM01,cb_intrinsic,R,0,auxiliary_partner
KCg-m-L-t1,145143,KCg-m,cb_intrinsic,L,1,seed_kc
KCg-m-L-t1,145148,PAM01,cb_intrinsic,L,0,auxiliary_partner
KCg-m-L-t1,145268,KCg-m,cb_intrinsic,L,1,seed_kc
KCg-m-L-t1,145324,PAM02,cb_intrinsic,L,0,auxiliary_partner
KCg-m-L-t1,145355,KCg-m,cb_intrinsic,L,1,seed_kc
KCg-m-L-t1,145371,PAM05,cb_intrinsic,L,0,auxiliary_partner
KCg-m-L-t1,145574,KCg-m,cb_intrinsic,L,1,seed_kc
KCg-m-L-t1,145610,KCg-m,cb_intrinsic,L,1,seed_kc
KCg-m-L-t1,145641,KCg-m,cb_intrinsic,L,1,seed_kc
KCg-m-L-t1,145749,PAM11,cb_intrinsic,L,0,auxiliary_partner
KCg-m-L-t1,145792,KCg-m,cb_intrinsic,L,1,seed_kc
KCg-m-L-t1,145869,KCg-m,cb_intrinsic,L,1,seed_kc
KCg-m-L-t1,145974,KCg-m,cb_intrinsic,L,1,seed_kc
KCg-m-L-t1,146058,PAM08,cb_intrinsic,R,0,auxiliary_partner
KCg-m-L-t1,146084,KCg-m,cb_intrinsic,L,1,seed_kc
KCg-m-L-t1,146128,KCg-m,cb_intrinsic,L,1,seed_kc
KCg-m-L-t1,146418,PAM12,cb_intrinsic,R,0,auxiliary_partner
KCg-m-L-t1,146603,PAM01,cb_intrinsic,R,0,auxiliary_partner
KCg-m-L-t1,146773,PAM04,cb_intrinsic,R,0,auxiliary_partner
KCg-m-L-t1,146774,PAM14,cb_intrinsic,R,0,auxiliary_partner
KCg-m-L-t1,146925,KCg-m,cb_intrinsic,L,1,seed_kc
KCg-m-L-t1,147040,KCg-m,cb_intrinsic,L,1,seed_kc
KCg-m-L-t1,147068,KCg-m,cb_intrinsic,L,1,seed_kc
KCg-m-L-t1,147184,PAM08,cb_intrinsic,L,0,auxiliary_partner
KCg-m-L-t1,147185,KCg-m,cb_intrinsic,L,1,seed_kc
KCg-m-L-t1,147589,KCg-m,cb_intrinsic,L,1,seed_kc
KCg-m-L-t1,147591,PAM06,cb_intrinsic,R,0,auxiliary_partner
KCg-m-L-t1,147646,KCg-m,cb_intrinsic,L,1,seed_kc
KCg-m-L-t1,147696,KCg-m,cb_intrinsic,L,1,seed_kc
KCg-m-L-t1,147700,KCg-m,cb_intrinsic,L,1,seed_kc
KCg-m-L-t1,147812,KCg-m,cb_intrinsic,L,1,seed_kc
KCg-m-L-t1,147857,PAM11,cb_intrinsic,L,0,auxiliary_partner
KCg-m-L-t1,147953,KCg-m,cb_intrinsic,L,1,seed_kc
KCg-m-L-t1,148122,KCg-m,cb_intrinsic,L,1,seed_kc
KCg-m-L-t1,148161,KCg-m,cb_intrinsic,L,1,seed_kc
KCg-m-L-t1,148198,KCg-m,cb_intrinsic,L,1,seed_kc
KCg-m-L-t1,148328,PAM02,cb_intrinsic,L,0,auxiliary_partner
KCg-m-L-t1,148344,KCg-m,cb_intrinsic,L,1,seed_kc
KCg-m-L-t1,148464,KCg-m,cb_intrinsic,L,1,seed_kc
KCg-m-L-t1,148469,PAM02,cb_intrinsic,L,0,auxiliary_partner
KCg-m-L-t1,148486,KCg-m,cb_intrinsic,L,1,seed_kc
KCg-m-L-t1,148498,KCg-m,cb_intrinsic,L,1,seed_kc
KCg-m-L-t1,148529,KCg-m,cb_intrinsic,L,1,seed_kc
KCg-m-L-t1,148588,KCg-m,cb_intrinsic,L,1,seed_kc
KCg-m-L-t1,148844,KCg-m,cb_intrinsic,L,1,seed_kc
KCg-m-L-t1,148930,KCg-m,cb_intrinsic,L,1,seed_kc
KCg-m-L-t1,148989,KCg-m,cb_intrinsic,L,1,seed_kc
KCg-m-L-t1,149199,KCg-m,cb_intrinsic,L,1,seed_kc
KCg-m-L-t1,149297,KCg-m,cb_intrinsic,L,1,seed_kc
KCg-m-L-t1,149720,KCg-m,cb_intrinsic,L,1,seed_kc
KCg-m-L-t1,149820,KCg-m,cb_intrinsic,L,1,seed_kc
KCg-m-L-t1,149869,PAM09,cb_intrinsic,L,0,auxiliary_partner
KCg-m-L-t1,149878,KCg-m,cb_intrinsic,L,1,seed_kc
KCg-m-L-t1,150034,PAM09,cb_intrinsic,R,0,auxiliary_partner
KCg-m-L-t1,150177,PAM01,cb_intrinsic,L,0,auxiliary_partner
KCg-m-L-t1,150633,KCg-m,cb_intrinsic,L,1,seed_kc
KCg-m-L-t1,150732,KCg-m,cb_intrinsic,L,1,seed_kc
KCg-m-L-t1,150781,KCg-m,cb_intrinsic,L,1,seed_kc
KCg-m-L-t1,150828,PAM02,cb_intrinsic,L,0,auxiliary_partner
KCg-m-L-t1,150983,PAM14,cb_intrinsic,L,0,auxiliary_partner
KCg-m-L-t1,151013,PAM03,cb_intrinsic,L,0,auxiliary_partner
KCg-m-L-t1,151133,PAM06,cb_intrinsic,L,0,auxiliary_partner
KCg-m-L-t1,151187,KCg-m,cb_intrinsic,L,1,seed_kc
KCg-m-L-t1,151277,KCg-m,cb_intrinsic,L,1,seed_kc
KCg-m-L-t1,151993,PAM05,cb_intrinsic,R,0,auxiliary_partner
KCg-m-L-t1,152019,PAM08,cb_intrinsic,R,0,auxiliary_partner
KCg-m-L-t1,152025,KCg-m,cb_intrinsic,L,1,seed_kc
KCg-m-L-t1,152044,PAM08,cb_intrinsic,R,0,auxiliary_partner
KCg-m-L-t1,152056,PAM06,cb_intrinsic,L,0,auxiliary_partner
KCg-m-L-t1,152118,KCg-m,cb_intrinsic,L,1,seed_kc
KCg-m-L-t1,152291,PAM14,cb_intrinsic,L,0,auxiliary_partner
KCg-m-L-t1,152326,PAM13,cb_intrinsic,L,0,auxiliary_partner
KCg-m-L-t1,152385,PAM08,cb_intrinsic,R,0,auxiliary_partner
KCg-m-L-t1,152428,PAM12,cb_intrinsic,L,0,auxiliary_partner
KCg-m-L-t1,152548,KCg-m,cb_intrinsic,L,1,seed_kc
KCg-m-L-t1,152943,KCg-m,cb_intrinsic,L,1,seed_kc
KCg-m-L-t1,152964,KCg-m,cb_intrinsic,L,1,seed_kc
KCg-m-L-t1,152997,PAM05,cb_intrinsic,L,0,auxiliary_partner
KCg-m-L-t1,153035,PAM04,cb_intrinsic,L,0,auxiliary_partner
KCg-m-L-t1,153635,KCg-m,cb_intrinsic,L,1,seed_kc
KCg-m-L-t1,153771,PAM07,cb_intrinsic,L,0,auxiliary_partner
KCg-m-L-t1,153817,KCg-m,cb_intrinsic,L,1,seed_kc
KCg-m-L-t1,153931,PAM01,cb_intrinsic,L,0,auxiliary_partner
KCg-m-L-t1,154046,KCg-m,cb_intrinsic,L,1,seed_kc
KCg-m-L-t1,154230,PAM05,cb_intrinsic,R,0,auxiliary_partner
KCg-m-L-t1,154387,PAM14,cb_intrinsic,L,0,auxiliary_partner
KCg-m-L-t1,154465,KCg-m,cb_intrinsic,L,1,seed_kc
KCg-m-L-t1,154739,KCg-m,cb_intrinsic,L,1,seed_kc
KCg-m-L-t1,155312,KCg-m,cb_intrinsic,L,1,seed_kc
KCg-m-L-t1,155329,PAM02,cb_intrinsic,R,0,auxiliary_partner
KCg-m-L-t1,155916,PAM01,cb_intrinsic,L,0,auxiliary_partner
KCg-m-L-t1,156028,PAM01,cb_intrinsic,R,0,auxiliary_partner
KCg-m-L-t1,156046,PAM01,cb_intrinsic,L,0,auxiliary_partner
KCg-m-L-t1,156450,KCg-m,cb_intrinsic,L,1,seed_kc
KCg-m-L-t1,156528,KCg-m,cb_intrinsic,L,1,seed_kc
KCg-m-L-t1,156664,KCg-m,cb_intrinsic,L,1,seed_kc
KCg-m-L-t1,157016,PAM11,cb_intrinsic,L,0,auxiliary_partner
KCg-m-L-t1,157134,PAM08,cb_intrinsic,R,0,auxiliary_partner
KCg-m-L-t1,157257,PAM12,cb_intrinsic,L,0,auxiliary_partner
KCg-m-L-t1,157370,PAM13,cb_intrinsic,R,0,auxiliary_partner
KCg-m-L-t1,157683,PAM04,cb_intrinsic,R,0,auxiliary_partner
KCg-m-L-t1,157767,PAM05,cb_intrinsic,R,0,auxiliary_partner
KCg-m-L-t1,157816,PAM04,cb_intrinsic,L,0,auxiliary_partner
KCg-m-L-t1,158196,PAM04,cb_intrinsic,L,0,auxiliary_partner
KCg-m-L-t1,158328,KCg-m,cb_intrinsic,L,1,seed_kc
KCg-m-L-t1,158372,PAM08,cb_intrinsic,L,0,auxiliary_partner
KCg-m-L-t1,158651,PAM06,cb_intrinsic,L,0,auxiliary_partner
KCg-m-L-t1,158676,KCg-m,cb_intrinsic,L,1,seed_kc
KCg-m-L-t1,158917,PAM12,cb_intrinsic,R,0,auxiliary_partner
KCg-m-L-t1,159062,PAM01,cb_intrinsic,L,0,auxiliary_partner
KCg-m-L-t1,159158,PAM01,cb_intrinsic,L,0,auxiliary_partner
KCg-m-L-t1,159261,KCg-m,cb_intrinsic,L,1,seed_kc
KCg-m-L-t1,159831,PAM14,cb_intrinsic,L,0,auxiliary_partner
KCg-m-L-t1,160277,PAM06,cb_intrinsic,R,0,auxiliary_partner
KCg-m-L-t1,160320,MBON25-like,cb_intrinsic,L,-1,output_mbon
KCg-m-L-t1,161079,PAM15,cb_intrinsic,L,0,auxiliary_partner
KCg-m-L-t1,161153,PAM08,cb_intrinsic,L,0,auxiliary_partner
KCg-m-L-t1,161596,PAM14,cb_intrinsic,R,0,auxiliary_partner
KCg-m-L-t1,161706,KCg-m,cb_intrinsic,L,1,seed_kc
KCg-m-L-t1,162050,PAM08,cb_intrinsic,L,0,auxiliary_partner
KCg-m-L-t1,162116,PAM13,cb_intrinsic,L,0,auxiliary_partner
KCg-m-L-t1,162631,PAM13,cb_intrinsic,R,0,auxiliary_partner
KCg-m-L-t1,163194,PAM06,cb_intrinsic,R,0,auxiliary_partner
KCg-m-L-t1,163698,KCg-m,cb_intrinsic,L,1,seed_kc
KCg-m-L-t1,163735,KCg-m,cb_intrinsic,L,1,seed_kc
KCg-m-L-t1,163883,PAM03,cb_intrinsic,L,0,auxiliary_partner
KCg-m-L-t1,163951,PAM06,cb_intrinsic,R,0,auxiliary_partner
KCg-m-L-t1,164031,CRE039,cb_intrinsic,R,-1,input_partner
KCg-m-L-t1,164086,PAM01,cb_intrinsic,R,0,auxiliary_partner
KCg-m-L-t1,164279,PAM14,cb_intrinsic,R,0,auxiliary_partner
KCg-m-L-t1,164601,PAM14,cb_intrinsic,L,0,auxiliary_partner
KCg-m-L-t1,165187,PAM05,cb_intrinsic,R,0,auxiliary_partner
KCg-m-L-t1,165365,PAM01,cb_intrinsic,L,0,auxiliary_partner
KCg-m-L-t1,166386,KCg-m,cb_intrinsic,L,1,seed_kc
KCg-m-L-t1,166687,KCg-m,cb_intrinsic,L,1,seed_kc
KCg-m-L-t1,167009,PAM01,cb_intrinsic,R,0,auxiliary_partner
KCg-m-L-t1,167073,PAM14,cb_intrinsic,R,0,auxiliary_partner
KCg-m-L-t1,167474,KCg-m,cb_intrinsic,L,1,seed_kc
KCg-m-L-t1,168020,PAM03,cb_intrinsic,L,0,auxiliary_partner
KCg-m-L-t1,168080,PAM03,cb_intrinsic,L,0,auxiliary_partner
KCg-m-L-t1,169027,PAM03,cb_intrinsic,R,0,auxiliary_partner
KCg-m-L-t1,169278,PAM01,cb_intrinsic,L,0,auxiliary_partner
KCg-m-L-t1,169674,PAM04,cb_intrinsic,L,0,auxiliary_partner
KCg-m-L-t1,170450,PAM10,cb_intrinsic,L,0,auxiliary_partner
KCg-m-L-t1,170467,PAM03,cb_intrinsic,R,0,auxiliary_partner
KCg-m-L-t1,171283,KCg-m,cb_intrinsic,L,1,seed_kc
KCg-m-L-t1,171959,PAM02,cb_intrinsic,R,0,auxiliary_partner
KCg-m-L-t1,171985,KCg-m,cb_intrinsic,L,1,seed_kc
KCg-m-L-t1,172298,KCg-m,cb_intrinsic,L,1,seed_kc
KCg-m-L-t1,172492,KCg-m,cb_intrinsic,L,1,seed_kc
KCg-m-L-t1,174255,PAM14,cb_intrinsic,L,0,auxiliary_partner
KCg-m-L-t1,174384,PAM03,cb_intrinsic,R,0,auxiliary_partner
KCg-m-L-t1,174672,PAM08,cb_intrinsic,L,0,auxiliary_partner
KCg-m-L-t1,174862,PAM08,cb_intrinsic,R,0,auxiliary_partner
KCg-m-L-t1,175232,PAM13,cb_intrinsic,L,0,auxiliary_partner
KCg-m-L-t1,175459,PAM08,cb_intrinsic,L,0,auxiliary_partner
KCg-m-L-t1,175767,KCg-m,cb_intrinsic,L,1,seed_kc
KCg-m-L-t1,175918,KCg-m,cb_intrinsic,L,1,seed_kc
KCg-m-L-t1,175964,PAM08,cb_intrinsic,R,0,auxiliary_partner
KCg-m-L-t1,176429,PAM04,cb_intrinsic,L,0,auxiliary_partner
KCg-m-L-t1,176460,PAM15,cb_intrinsic,R,0,auxiliary_partner
KCg-m-L-t1,177202,PAM03,cb_intrinsic,L,0,auxiliary_partner
KCg-m-L-t1,177603,PAM04,cb_intrinsic,L,0,auxiliary_partner
KCg-m-L-t1,177800,PAM04,cb_intrinsic,L,0,auxiliary_partner
KCg-m-L-t1,178101,PAM08,cb_intrinsic,L,0,auxiliary_partner
KCg-m-L-t1,178487,PAM08,cb_intrinsic,R,0,auxiliary_partner
KCg-m-L-t1,178539,PAM04,cb_intrinsic,R,0,auxiliary_partner
KCg-m-L-t1,178945,PAM10,cb_intrinsic,R,0,auxiliary_partner
KCg-m-L-t1,179398,KCg-m,cb_intrinsic,L,1,seed_kc
KCg-m-L-t1,180403,PAM09,cb_intrinsic,R,0,auxiliary_partner
KCg-m-L-t1,180494,KCg-m,cb_intrinsic,L,1,seed_kc
KCg-m-L-t1,180757,KCg-m,cb_intrinsic,L,1,seed_kc
KCg-m-L-t1,181924,PAM01,cb_intrinsic,L,0,auxiliary_partner
KCg-m-L-t1,183567,PAM13,cb_intrinsic,L,0,auxiliary_partner
KCg-m-L-t1,184619,KCg-m,cb_intrinsic,L,1,seed_kc
KCg-m-L-t1,184778,PAM08,cb_intrinsic,R,0,auxiliary_partner
KCg-m-L-t1,185386,KCg-m,cb_intrinsic,L,1,seed_kc
KCg-m-L-t1,185518,PAM01,cb_intrinsic,L,0,auxiliary_partner
KCg-m-L-t1,185639,KCg-m,cb_intrinsic,L,1,seed_kc
KCg-m-L-t1,186566,PAM04,cb_intrinsic,R,0,auxiliary_partner
KCg-m-L-t1,188198,KCg-m,cb_intrinsic,L,1,seed_kc
KCg-m-L-t1,190296,PAM02,cb_intrinsic,R,0,auxiliary_partner
KCg-m-L-t1,190297,PAM03,cb_intrinsic,L,0,auxiliary_partner
KCg-m-L-t1,190635,PAM05,cb_intrinsic,R,0,auxiliary_partner
KCg-m-L-t1,191629,KCg-m,cb_intrinsic,L,1,seed_kc
KCg-m-L-t1,192245,PAM05,cb_intrinsic,R,0,auxiliary_partner
KCg-m-L-t1,196030,PAM06,cb_intrinsic,L,0,auxiliary_partner
KCg-m-L-t1,196622,PAM12,cb_intrinsic,R,0,auxiliary_partner
KCg-m-L-t1,196985,PAM05,cb_intrinsic,R,0,auxiliary_partner
KCg-m-L-t1,197373,LoVP9,visual_projection,L,1,input_partner
KCg-m-L-t1,197691,PAM01,cb_intrinsic,L,0,auxiliary_partner
KCg-m-L-t1,197895,KCg-m,cb_intrinsic,L,1,seed_kc
KCg-m-L-t1,197920,PAM08,cb_intrinsic,R,0,auxiliary_partner
KCg-m-L-t1,198507,PAM13,cb_intrinsic,L,0,auxiliary_partner
KCg-m-L-t1,198758,PAM01,cb_intrinsic,L,0,auxiliary_partner
KCg-m-L-t1,200973,PAM10,cb_intrinsic,R,0,auxiliary_partner
KCg-m-L-t1,202114,TuBu03,cb_intrinsic,L,1,input_partner
KCg-m-L-t1,202242,KCg-m,cb_intrinsic,L,1,seed_kc
KCg-m-L-t1,202330,PAM13,cb_intrinsic,R,0,auxiliary_partner
KCg-m-L-t1,203682,PAM14,cb_intrinsic,R,0,auxiliary_partner
KCg-m-L-t1,203885,PAM13,cb_intrinsic,R,0,auxiliary_partner
KCg-m-L-t1,204930,PAM11,cb_intrinsic,L,0,auxiliary_partner
KCg-m-L-t1,205884,PAM01,cb_intrinsic,R,0,auxiliary_partner
KCg-m-L-t1,206851,PAM12,cb_intrinsic,R,0,auxiliary_partner
KCg-m-L-t1,207122,PAM13,cb_intrinsic,L,0,auxiliary_partner
KCg-m-L-t1,207463,PAM06,cb_intrinsic,R,0,auxiliary_partner
KCg-m-L-t1,208566,MBON34,cb_intrinsic,L,-1,output_mbon
KCg-m-L-t1,209656,PAM13,cb_intrinsic,L,0,auxiliary_partner
KCg-m-L-t1,212085,PAM01,cb_intrinsic,R,0,auxiliary_partner
KCg-m-L-t1,212160,PAM08,cb_intrinsic,R,0,auxiliary_partner
KCg-m-L-t1,212684,PAM14,cb_intrinsic,L,0,auxiliary_partner
KCg-m-L-t1,213743,PAM05,cb_intrinsic,R,0,auxiliary_partner
KCg-m-L-t1,215931,PAM11,cb_intrinsic,R,0,auxiliary_partner
KCg-m-L-t1,215940,PAM13,cb_intrinsic,L,0,auxiliary_partner
KCg-m-L-t1,217007,PAM06,cb_intrinsic,R,0,auxiliary_partner
KCg-m-L-t1,217737,PAM14,cb_intrinsic,L,0,auxiliary_partner
KCg-m-L-t1,218518,PAM13,cb_intrinsic,R,0,auxiliary_partner
KCg-m-L-t1,218583,PAM04,cb_intrinsic,R,0,auxiliary_partner
KCg-m-L-t1,224160,PAM14,cb_intrinsic,R,0,auxiliary_partner
KCg-m-L-t1,224205,PAM09,cb_intrinsic,R,0,auxiliary_partner
KCg-m-L-t1,224500,PAM11,cb_intrinsic,R,0,auxiliary_partner
KCg-m-L-t1,226452,PAM05,cb_intrinsic,R,0,auxiliary_partner
KCg-m-L-t1,226708,PAM08,cb_intrinsic,R,0,auxiliary_partner
KCg-m-L-t1,230802,PAM05,cb_intrinsic,L,0,auxiliary_partner
KCg-m-L-t1,231413,PAM14,cb_intrinsic,L,0,auxiliary_partner
KCg-m-L-t1,236035,KCg-m,cb_intrinsic,L,1,seed_kc
KCg-m-L-t1,238644,PAM11,cb_intrinsic,R,0,auxiliary_partner
KCg-m-L-t1,239873,PAM04,cb_intrinsic,L,0,auxiliary_partner
KCg-m-L-t1,242429,PAM08,cb_intrinsic,R,0,auxiliary_partner
KCg-m-L-t1,243477,PAM13,cb_intrinsic,R,0,auxiliary_partner
KCg-m-L-t1,252045,PAM01,cb_intrinsic,R,0,auxiliary_partner
KCg-m-L-t1,257650,PAM02,cb_intrinsic,R,0,auxiliary_partner
KCg-m-L-t1,259089,PAM02,cb_intrinsic,R,0,auxiliary_partner
KCg-m-L-t1,259486,PAM04,cb_intrinsic,R,0,auxiliary_partner
KCg-m-L-t1,273182,PAM11,cb_intrinsic,L,0,auxiliary_partner
KCg-m-L-t1,291665,PAM02,cb_intrinsic,R,0,auxiliary_partner
KCg-m-L-t1,292203,PAM04,cb_intrinsic,L,0,auxiliary_partner
KCg-m-L-t1,297139,PAM04,cb_intrinsic,R,0,auxiliary_partner
KCg-m-L-t1,319321,PAM11,cb_intrinsic,R,0,auxiliary_partner
KCg-m-L-t1,325731,PAM01,cb_intrinsic,R,0,auxiliary_partner
KCg-m-L-t1,336850,PAM03,cb_intrinsic,L,0,auxiliary_partner
KCg-m-L-t1,341512,PAM04,cb_intrinsic,L,0,auxiliary_partner
KCg-m-L-t1,394860,MBON25,cb_intrinsic,R,-1,output_mbon
KCg-m-L-t1,506819,PAM01,cb_intrinsic,R,0,auxiliary_partner
KCg-m-L-t1,511801,LHPV1c1,cb_intrinsic,R,1,input_partner
KCg-m-L-t1,512326,PPL105,cb_intrinsic,L,0,auxiliary_partner
KCg-m-L-t1,512459,CRE025,cb_intrinsic,L,-1,input_partner
KCg-m-L-t1,512663,LAL043_e,cb_intrinsic,L,-1,input_partner
KCg-m-L-t1,512816,SMP529,cb_intrinsic,L,1,input_partner
KCg-m-L-t1,512886,IB049,cb_intrinsic,L,1,input_partner
KCg-m-L-t1,513174,MBON30,cb_intrinsic,L,-1,output_mbon
KCg-m-L-t1,513175,KCg-m,cb_intrinsic,L,1,seed_kc
KCg-m-L-t1,513401,LAL145,cb_intrinsic,L,1,input_partner
KCg-m-L-t1,513591,SMP075,cb_intrinsic,L,-1,input_partner
KCg-m-L-t1,513594,LAL043_d,cb_intrinsic,L,-1,input_partner
KCg-m-L-t1,513649,LAL185,cb_intrinsic,L,1,input_partner
KCg-m-L-t1,514004,KCg-m,cb_intrinsic,L,1,seed_kc
KCg-m-L-t1,514036,CRE024,cb_intrinsic,L,1,input_partner
KCg-m-L-t1,514579,LHPV2a1_a,cb_intrinsic,L,-1,input_partner
KCg-m-L-t1,515015,MBON30,cb_intrinsic,R,-1,output_mbon
KCg-m-L-t1,515048,PPL104,cb_intrinsic,L,0,auxiliary_partner
KCg-m-L-t1,515551,M_l2PNm15,cb_intrinsic,L,1,input_partner
KCg-m-L-t1,516044,PAM04,cb_intrinsic,R,0,auxiliary_partner
KCg-m-L-t1,517351,DL2d_adPN,cb_intrinsic,L,1,input_partner
KCg-m-L-t1,517722,CRE069,cb_intrinsic,L,1,input_partner
KCg-m-L-t1,518072,PAM09,cb_intrinsic,L,0,auxiliary_partner
KCg-m-L-t1,518137,PAM06,cb_intrinsic,L,0,auxiliary_partner
KCg-m-L-t1,518734,LT43,visual_projection,L,-1,input_partner
KCg-m-L-t1,519128,MBON27,cb_intrinsic,L,1,output_mbon
KCg-m-L-t1,519141,SMP148,cb_intrinsic,L,-1,input_partner
KCg-m-L-t1,519371,MBON05,cb_intrinsic,L,-1,output_mbon
KCg-m-L-t1,519616,PPL107,cb_intrinsic,L,0,auxiliary_partner
KCg-m-L-t1,519619,MBON29,cb_intrinsic,L,1,output_mbon
KCg-m-L-t1,519692,LHCENT2,cb_intrinsic,L,-1,input_partner
KCg-m-L-t1,519895,LAL145,cb_intrinsic,L,1,input_partner
KCg-m-L-t1,519925,LAL040,cb_intrinsic,L,-1,input_partner
KCg-m-L-t1,520083,SMP053,cb_intrinsic,L,-1,input_partner
KCg-m-L-t1,520119,mALD3,cb_intrinsic,R,-1,input_partner
KCg-m-L-t1,520151,MBON01,cb_intrinsic,L,-1,output_mbon
KCg-m-L-t1,520337,CRE074,cb_intrinsic,L,-1,input_partner
KCg-m-L-t1,520384,PAM12,cb_intrinsic,R,0,auxiliary_partner
KCg-m-L-t1,520393,CRE042,cb_intrinsic,L,-1,input_partner
KCg-m-L-t1,520403,PAM10,cb_intrinsic,L,0,auxiliary_partner
KCg-m-L-t1,520616,PAM11,cb_intrinsic,L,0,auxiliary_partner
KCg-m-L-t1,521189,LHPV9b1,cb_intrinsic,L,-1,input_partner
KCg-m-L-t1,521256,PLP131,cb_intrinsic,L,-1,input_partner
KCg-m-L-t1,521526,MBON03,cb_intrinsic,R,-1,output_mbon
KCg-m-L-t1,521587,CRE043_c2,cb_intrinsic,L,-1,input_partner
KCg-m-L-t1,521721,aMe22,cb_intrinsic,L,-1,input_partner
KCg-m-L-t1,521736,SMP709m,cb_intrinsic,L,1,input_partner
KCg-m-L-t1,522444,MBON02,cb_intrinsic,R,-1,output_mbon
KCg-m-L-t1,522715,CRE012,cb_intrinsic,L,-1,input_partner
KCg-m-L-t1,522749,MBON02,cb_intrinsic,L,-1,output_mbon
KCg-m-L-t1,522760,LHMB1,cb_intrinsic,L,-1,input_partner
KCg-m-L-t1,522811,CB3476,cb_intrinsic,L,1,input_partner
KCg-m-L-t1,522981,KCg-m,cb_intrinsic,L,1,seed_kc
KCg-m-L-t1,523060,MBON09,cb_intrinsic,R,-1,output_mbon
KCg-m-L-t1,523382,PAM08,cb_intrinsic,L,0,auxiliary_partner
KCg-m-L-t1,523553,PAM05,cb_intrinsic,L,0,auxiliary_partner
KCg-m-L-t1,523628,MBON21,cb_intrinsic,R,1,output_mbon
KCg-m-L-t1,523638,PAM01,cb_intrinsic,R,0,auxiliary_partner
KCg-m-L-t1,523791,PAM04,cb_intrinsic,R,0,auxiliary_partner
KCg-m-L-t1,523942,PAM08,cb_intrinsic,R,0,auxiliary_partner
KCg-m-L-t1,523987,MBON29,cb_intrinsic,R,1,output_mbon
KCg-m-L-t1,524058,CB0656,cb_intrinsic,L,1,input_partner
KCg-m-L-t1,524069,PAM08,cb_intrinsic,R,0,auxiliary_partner
KCg-m-L-t1,524215,SMP148,cb_intrinsic,R,-1,input_partner
KCg-m-L-t1,524893,MBON26,cb_intrinsic,L,1,output_mbon
KCg-m-L-t1,525777,SMP165,cb_intrinsic,R,-1,input_partner
KCg-m-L-t1,525780,MBON04,cb_intrinsic,R,-1,output_mbon
KCg-m-L-t1,525787,PAM05,cb_intrinsic,L,0,auxiliary_partner
KCg-m-L-t1,526297,PS292,cb_intrinsic,L,1,input_partner
KCg-m-L-t1,528100,PAM09,cb_intrinsic,L,0,auxiliary_partner
KCg-m-L-t1,529371,KCg-m,cb_intrinsic,L,1,seed_kc
KCg-m-L-t1,529459,CB2869,cb_intrinsic,L,-1,input_partner
KCg-m-L-t1,529512,PPL106,cb_intrinsic,R,0,auxiliary_partner
KCg-m-L-t1,529516,PPL106,cb_intrinsic,L,0,auxiliary_partner
KCg-m-L-t1,529665,VA7l_adPN,cb_intrinsic,L,1,input_partner
KCg-m-L-t1,530875,MBON04,cb_intrinsic,L,-1,output_mbon
KCg-m-L-t1,531346,KCg-m,cb_intrinsic,L,1,seed_kc
KCg-m-L-t1,531829,MBON10,cb_intrinsic,L,-1,output_mbon
KCg-m-L-t1,532284,KCg-m,cb_intrinsic,L,1,seed_kc
KCg-m-L-t1,532334,aMe12,visual_projection,L,1,input_partner
KCg-m-L-t1,532715,PAM05,cb_intrinsic,L,0,auxiliary_partner
KCg-m-L-t1,532766,M_l2PNm16,cb_intrinsic,L,1,input_partner
KCg-m-L-t1,533294,PAM01,cb_intrinsic,L,0,auxiliary_partner
KCg-m-L-t1,533590,CRE040,cb_intrinsic,L,-1,input_partner
KCg-m-L-t1,534582,KCg-m,cb_intrinsic,L,1,seed_kc
KCg-m-L-t1,536046,KCg-m,cb_intrinsic,L,1,seed_kc
KCg-m-L-t1,536048,DNp27,descending_neuron,L,1,input_partner
KCg-m-L-t1,536049,SMP495_b,cb_intrinsic,L,-1,input_partner
KCg-m-L-t1,537099,KCg-m,cb_intrinsic,L,1,seed_kc
KCg-m-L-t1,537135,CB0951,cb_intrinsic,R,-1,input_partner
KCg-m-L-t1,537458,KCg-m,cb_intrinsic,L,1,seed_kc
KCg-m-L-t1,538094,M_adPNm8,cb_intrinsic,L,1,input_partner
KCg-m-L-t1,538096,KCg-m,cb_intrinsic,L,1,seed_kc
KCg-m-L-t1,539245,KCg-m,cb_intrinsic,L,1,seed_kc
KCg-m-L-t1,539948,KCg-m,cb_intrinsic,L,1,seed_kc
KCg-m-L-t1,540535,KCg-m,cb_intrinsic,L,1,seed_kc
KCg-m-L-t1,543037,KCg-m,cb_intrinsic,L,1,seed_kc
KCg-m-L-t1,543571,KCg-m,cb_intrinsic,L,1,seed_kc
KCg-m-L-t1,543677,PAM01,cb_intrinsic,R,0,auxiliary_partner
KCg-m-L-t1,544257,PAM10,cb_intrinsic,R,0,auxiliary_partner
KCg-m-L-t1,544359,PAM10,cb_intrinsic,R,0,auxiliary_partner
KCg-m-L-t1,544634,KCg-m,cb_intrinsic,L,1,seed_kc
KCg-m-L-t1,544770,PAM04,cb_intrinsic,R,0,auxiliary_partner
KCg-m-L-t1,545674,KCg-m,cb_intrinsic,L,1,seed_kc
KCg-m-L-t1,546981,KCg-m,cb_intrinsic,L,1,seed_kc
KCg-m-L-t1,547260,PAM10,cb_intrinsic,R,0,auxiliary_partner
KCg-m-L-t1,547655,DL2d_adPN,cb_intrinsic,L,1,input_partner
KCg-m-L-t1,548595,KCg-m,cb_intrinsic,L,1,seed_kc
KCg-m-L-t1,552118,KCg-m,cb_intrinsic,L,1,seed_kc
KCg-m-L-t1,552362,PAM12,cb_intrinsic,R,0,auxiliary_partner
KCg-m-L-t1,553201,PAM09,cb_intrinsic,R,0,auxiliary_partner
KCg-m-L-t1,555382,VES003,cb_intrinsic,L,-1,input_partner
KCg-m-L-t1,556300,MBON25-like,cb_intrinsic,R,-1,output_mbon
KCg-m-L-t1,556399,ATL005,cb_intrinsic,L,-1,input_partner
KCg-m-L-t1,558869,SMP146,cb_intrinsic,R,-1,input_partner
KCg-m-L-t1,563873,M_lPNm11D,cb_intrinsic,L,1,input_partner
KCg-m-L-t1,564174,DL2d_adPN,cb_intrinsic,L,1,input_partner
KCg-m-L-t1,567409,PAM04,cb_intrinsic,R,0,auxiliary_partner
KCg-m-L-t1,567978,KCg-m,cb_intrinsic,L,1,seed_kc
KCg-m-L-t1,570526,KCg-m,cb_intrinsic,L,1,seed_kc
KCg-m-L-t1,577933,PAM06,cb_intrinsic,L,0,auxiliary_partner
KCg-m-L-t1,580215,KCg-m,cb_intrinsic,L,1,seed_kc
KCg-m-L-t1,580579,PAM03,cb_intrinsic,R,0,auxiliary_partner
KCg-m-L-t1,580622,KCg-m,cb_intrinsic,L,1,seed_kc
KCg-m-L-t1,580641,KCg-m,cb_intrinsic,L,1,seed_kc
KCg-m-L-t1,581043,KCg-m,cb_intrinsic,L,1,seed_kc
KCg-m-L-t1,581328,KCg-m,cb_intrinsic,L,1,seed_kc
KCg-m-L-t1,582265,SMP443,cb_intrinsic,L,-1,input_partner
KCg-m-L-t1,909818,PAM03,cb_intrinsic,R,0,auxiliary_partner
KCg-m-L-t1,914539,SLP461,cb_intrinsic,L,1,input_partner
KCg-m-L-t1,920537,PAM09,cb_intrinsic,L,0,auxiliary_partner
KCg-m-L-t1,933708,PAM14,cb_intrinsic,R,0,auxiliary_partner
KCg-m-L-t5,10049,VA7m_lPN,cb_intrinsic,L,1,input_partner
KCg-m-L-t5,10075,DA1_lPN,cb_intrinsic,L,1,input_partner
KCg-m-L-t5,10111,DM3_adPN,cb_intrinsic,L,1,input_partner
KCg-m-L-t5,10126,DP1m_adPN,cb_intrinsic,L,1,input_partner
KCg-m-L-t5,10134,VL2a_adPN,cb_intrinsic,L,1,input_partner
KCg-m-L-t5,10208,DM1_lPN,cb_intrinsic,L,1,input_partner
KCg-m-L-t5,10262,V_ilPN,cb_intrinsic,L,1,input_partner
KCg-m-L-t5,10321,VL2p_adPN,cb_intrinsic,L,1,input_partner
KCg-m-L-t5,10359,DL1_adPN,cb_intrinsic,L,1,input_partner
KCg-m-L-t5,10429,VM6_adPN,cb_intrinsic,L,1,input_partner
KCg-m-L-t5,10470,DC1_adPN,cb_intrinsic,L,1,input_partner
KCg-m-L-t5,10495,MBON05,cb_intrinsic,R,-1,output_mbon
KCg-m-L-t5,10524,DP1l_adPN,cb_intrinsic,L,1,input_partner
KCg-m-L-t5,10530,VL1_ilPN,cb_intrinsic,L,1,input_partner
KCg-m-L-t5,10540,APL,cb_intrinsic,R,-1,auxiliary_partner
KCg-m-L-t5,10561,VA2_adPN,cb_intrinsic,L,1,input_partner
KCg-m-L-t5,10599,MBON35,cb_intrinsic,L,1,output_mbon
KCg-m-L-t5,10653,VA5_lPN,cb_intrinsic,L,1,input_partner
KCg-m-L-t5,10670,DM4_adPN,cb_intrinsic,L,1,input_partner
KCg-m-L-t5,10704,MBON11,cb_intrinsic,L,-1,output_mbon
KCg-m-L-t5,10716,DC3_adPN,cb_intrinsic,L,1,input_partner
KCg-m-L-t5,10736,VP2_adPN,cb_intrinsic,L,1,input_partner
KCg-m-L-t5,10767,DL5_adPN,cb_intrinsic,L,1,input_partner
KCg-m-L-t5,10808,VC1_lPN,cb_intrinsic,L,1,input_partner
KCg-m-L-t5,10816,MBON31,cb_intrinsic,L,-1,output_mbon
KCg-m-L-t5,10826,MBON21,cb_intrinsic,L,1,output_mbon
KCg-m-L-t5,10877,VA6_adPN,cb_intrinsic,L,1,input_partner
KCg-m-L-t5,10973,VP1m+VP5_ilPN,cb_intrinsic,L,1,input_partner
KCg-m-L-t5,10977,APL,cb_intrinsic,L,-1,auxiliary_partner
KCg-m-L-t5,11050,VP1d+VP4_l2PN1,cb_intrinsic,L,1,input_partner
KCg-m-L-t5,11080,DM2_lPN,cb_intrinsic,L,1,input_partner
KCg-m-L-t5,11092,DM2_lPN,cb_intrinsic,L,1,input_partner
KCg-m-L-t5,11105,VC2_lPN,cb_intrinsic,L,1,input_partner
KCg-m-L-t5,11135,DA4m_adPN,cb_intrinsic,L,1,input_partner
KCg-m-L-t5,11143,VP1m_l2PN,cb_intrinsic,L,1,input_partner
KCg-m-L-t5,11145,MBON20,cb_intrinsic,L,-1,output_mbon
KCg-m-L-t5,11229,V_ilPN,cb_intrinsic,R,1,input_partner
KCg-m-L-t5,11283,VA1v_adPN,cb_intrinsic,L,1,input_partner
KCg-m-L-t5,11322,MeVP36,visual_projection,L,1,input_partner
KCg-m-L-t5,11327,PPL101,cb_intrinsic,R,0,auxiliary_partner
KCg-m-L-t5,11390,VL1_ilPN,cb_intrinsic,R,1,input_partner
KCg-m-L-t5,11455,MBON32,cb_intrinsic,L,-1,output_mbon
KCg-m-L-t5,11467,VA4_lPN,cb_intrinsic,L,1,input_partner
KCg-m-L-t5,11471,VA1d_adPN,cb_intrinsic,L,1,input_partner
KCg-m-L-t5,11564,DA1_lPN,cb_intrinsic,L,1,input_partner
KCg-m-L-t5,11618,PPL102,cb_intrinsic,L,0,auxiliary_partner
KCg-m-L-t5,11688,LHPV3c1,cb_intrinsic,L,1,input_partner
KCg-m-L-t5,11703,VM1_lPN,cb_intrinsic,L,1,input_partner
KCg-m-L-t5,11721,DA1_lPN,cb_intrinsic,L,1,input_partner
KCg-m-L-t5,11734,DPM,cb_intrinsic,L,0,auxiliary_partner
KCg-m-L-t5,11752,PPL103,cb_intrinsic,L,0,auxiliary_partner
KCg-m-L-t5,11785,MBON33,cb_intrinsic,L,1,output_mbon
KCg-m-L-t5,11817,VA5_lPN,cb_intrinsic,L,1,input_partner
KCg-m-L-t5,11829,DL4_adPN,cb_intrinsic,L,1,input_partner
KCg-m-L-t5,11900,PPL101,cb_intrinsic,L,0,auxiliary_partner
KCg-m-L-t5,12023,VA3_adPN,cb_intrinsic,L,1,input_partner
KCg-m-L-t5,12031,DC4_adPN,cb_intrinsic,L,1,input_partner
KCg-m-L-t5,12050,VA1d_adPN,cb_intrinsic,L,1,input_partner
KCg-m-L-t5,12057,VM3_adPN,cb_intrinsic,L,1,input_partner
KCg-m-L-t5,12061,DL1_adPN,cb_intrinsic,L,1,input_partner
KCg-m-L-t5,12152,DC2_adPN,cb_intrinsic,L,1,input_partner
KCg-m-L-t5,12312,DC3_adPN,cb_intrinsic,L,1,input_partner
KCg-m-L-t5,12314,DA1_lPN,cb_intrinsic,L,1,input_partner
KCg-m-L-t5,12367,VM3_adPN,cb_intrinsic,L,1,input_partner
KCg-m-L-t5,12454,LHCENT5,cb_intrinsic,L,-1,input_partner
KCg-m-L-t5,12460,VA1d_adPN,cb_intrinsic,L,1,input_partner
KCg-m-L-t5,12509,VA3_adPN,cb_intrinsic,L,1,input_partner
KCg-m-L-t5,12517,aMe12,visual_projection,L,1,input_partner
KCg-m-L-t5,12544,MeVP41,visual_projection,L,1,input_partner
KCg-m-L-t5,12569,DPM,cb_intrinsic,R,0,auxiliary_partner
KCg-m-L-t5,12653,DA1_lPN,cb_intrinsic,L,1,input_partner
KCg-m-L-t5,12715,VP5+Z_adPN,cb_intrinsic,L,1,input_partner
KCg-m-L-t5,12756,VA5_lPN,cb_intrinsic,L,1,input_partner
KCg-m-L-t5,12840,DA4l_adPN,cb_intrinsic,L,1,input_partner
KCg-m-L-t5,12902,PPL108,cb_intrinsic,R,0,auxiliary_partner
KCg-m-L-t5,12918,MBON22,cb_intrinsic,L,1,output_mbon
KCg-m-L-t5,12945,MeVP30,visual_projection,L,1,input_partner
KCg-m-L-t5,12958,DL2d_adPN,cb_intrinsic,L,1,input_partner
KCg-m-L-t5,13027,VC5_lvPN,cb_intrinsic,L,1,input_partner
KCg-m-L-t5,13143,VA1v_adPN,cb_intrinsic,L,1,input_partner
KCg-m-L-t5,13230,VC5_lvPN,cb_intrinsic,L,1,input_partner
KCg-m-L-t5,13334,VP1m+VP5_ilPN,cb_intrinsic,R,1,input_partner
KCg-m-L-t5,13356,VM4_adPN,cb_intrinsic,L,1,input_partner
KCg-m-L-t5,13368,MeVP50,visual_projection,L,1,input_partner
KCg-m-L-t5,13423,D_adPN,cb_intrinsic,L,1,input_partner
KCg-m-L-t5,13428,PPL102,cb_intrinsic,R,0,auxiliary_partner
KCg-m-L-t5,13470,DC3_adPN,cb_intrinsic,L,1,input_partner
KCg-m-L-t5,13479,DC2_adPN,cb_intrinsic,L,1,input_partner
KCg-m-L-t5,13483,DA1_lPN,cb_intrinsic,L,1,input_partner
KCg-m-L-t5,13582,VA1v_adPN,cb_intrinsic,L,1,input_partner
KCg-m-L-t5,13583,DA1_lPN,cb_intrinsic,L,1,input_partner
KCg-m-L-t5,13684,VC3_adPN,cb_intrinsic,L,1,input_partner
KCg-m-L-t5,13728,MBON12,cb_intrinsic,L,1,output_mbon
KCg-m-L-t5,13740,LoVP100,visual_projection,L,1,input_partner
KCg-m-L-t5,13768,MBON12,cb_intrinsic,L,1,output_mbon
KCg-m-L-t5,13784,LoVP42,visual_projection,L,1,input_partner
KCg-m-L-t5,13972,VM7v_adPN,cb_intrinsic,L,1,input_partner
KCg-m-L-t5,14182,PPL103,cb_intrinsic,R,0,auxiliary_partner
KCg-m-L-t5,14225,PPL105,cb_intrinsic,R,0,auxiliary_partner
KCg-m-L-t5,14339,VA1v_adPN,cb_intrinsic,L,1,input_partner
KCg-m-L-t5,14427,VM5v_adPN,cb_intrinsic,L,1,input_partner
KCg-m-L-t5,14430,VM7d_adPN,cb_intrinsic,L,1,input_partner
KCg-m-L-t5,14437,VP3+VP1l_ivPN,cb_intrinsic,R,1,input_partner
KCg-m-L-t5,14442,VC3_adPN,cb_intrinsic,L,1,input_partner
KCg-m-L-t5,14607,VM5v_adPN,cb_intrinsic,L,1,input_partner
KCg-m-L-t5,14661,D_adPN,cb_intrinsic,L,1,input_partner
KCg-m-L-t5,14665,VM2_adPN,cb_intrinsic,L,1,input_partner
KCg-m-L-t5,14685,VC3_adPN,cb_intrinsic,L,1,input_partner
KCg-m-L-t5,14705,PPL107,cb_intrinsic,R,0,auxiliary_partner
KCg-m-L-t5,14874,D_adPN,cb_intrinsic,L,1,input_partner
KCg-m-L-t5,14895,VM7d_adPN,cb_intrinsic,L,1,input_partner
KCg-m-L-t5,15184,DM6_adPN,cb_intrinsic,L,1,input_partner
KCg-m-L-t5,15310,PPL108,cb_intrinsic,L,0,auxiliary_partner
KCg-m-L-t5,15369,LoVP107,visual_projection,L,1,input_partner
KCg-m-L-t5,15375,PLP095,cb_intrinsic,L,1,input_partner
KCg-m-L-t5,15823,DM5_lPN,cb_intrinsic,L,1,input_partner
KCg-m-L-t5,15899,CL258,cb_intrinsic,L,1,input_partner
KCg-m-L-t5,15915,LoVP97,cb_intrinsic,L,1,input_partner
KCg-m-L-t5,15992,VM2_adPN,cb_intrinsic,L,1,input_partner
KCg-m-L-t5,16206,VA7m_lPN,cb_intrinsic,L,1,input_partner
KCg-m-L-t5,16207,VC5_lvPN,cb_intrinsic,L,1,input_partner
KCg-m-L-t5,16228,DL3_lPN,cb_intrinsic,L,1,input_partner
KCg-m-L-t5,16433,VC4_adPN,cb_intrinsic,L,1,input_partner
KCg-m-L-t5,16524,VM7v_adPN,cb_intrinsic,L,1,input_partner
KCg-m-L-t5,16582,AVLP043,cb_intrinsic,L,1,input_partner
KCg-m-L-t5,16648,VP1d_il2PN,cb_intrinsic,L,1,input_partner
KCg-m-L-t5,16840,LoVP57,visual_projection,L,1,input_partner
KCg-m-L-t5,17027,DL2v_adPN,cb_intrinsic,L,1,input_partner
KCg-m-L-t5,17052,DM5_lPN,cb_intrinsic,L,1,input_partner
KCg-m-L-t5,17350,DM6_adPN,cb_intrinsic,L,1,input_partner
KCg-m-L-t5,17540,DL2v_adPN,cb_intrinsic,L,1,input_partner
KCg-m-L-t5,17569,VC3_adPN,cb_intrinsic,L,1,input_partner
KCg-m-L-t5,17570,VM5d_adPN,cb_intrinsic,L,1,input_partner
KCg-m-L-t5,17924,DA3_adPN,cb_intrinsic,L,1,input_partner
KCg-m-L-t5,18015,DM6_adPN,cb_intrinsic,L,1,input_partner
KCg-m-L-t5,18049,VP1d_il2PN,cb_intrinsic,R,1,input_partner
KCg-m-L-t5,18406,MBON24,cb_intrinsic,L,1,output_mbon
KCg-m-L-t5,18534,MB-C1,cb_intrinsic,L,-1,input_partner
KCg-m-L-t5,18650,LoVP71,visual_projection,L,1,input_partner
KCg-m-L-t5,18713,MBON09,cb_intrinsic,L,-1,output_mbon
KCg-m-L-t5,18776,DA2_lPN,cb_intrinsic,L,1,input_partner
KCg-m-L-t5,18834,VM7d_adPN,cb_intrinsic,L,1,input_partner
KCg-m-L-t5,18867,VM5d_adPN,cb_intrinsic,L,1,input_partner
KCg-m-L-t5,19083,KCg-m,cb_intrinsic,L,1,seed_kc
KCg-m-L-t5,19267,MBON09,cb_intrinsic,L,-1,output_mbon
KCg-m-L-t5,19339,DA2_lPN,cb_intrinsic,L,1,input_partner
KCg-m-L-t5,19579,VC4_adPN,cb_intrinsic,L,1,input_partner
KCg-m-L-t5,19743,VA7m_lPN,cb_intrinsic,L,1,input_partner
KCg-m-L-t5,19845,VP3+VP1l_ivPN,cb_intrinsic,L,1,input_partner
KCg-m-L-t5,20105,DA2_lPN,cb_intrinsic,L,1,input_partner
KCg-m-L-t5,20910,M_lPNm11D,cb_intrinsic,L,1,input_partner
KCg-m-L-t5,20995,DA2_lPN,cb_intrinsic,L,1,input_partner
KCg-m-L-t5,21132,VC4_adPN,cb_intrinsic,L,1,input_partner
KCg-m-L-t5,21145,PPL104,cb_intrinsic,R,0,auxiliary_partner
KCg-m-L-t5,21242,MBON09,cb_intrinsic,R,-1,output_mbon
KCg-m-L-t5,22494,VM5d_adPN,cb_intrinsic,L,1,input_partner
KCg-m-L-t5,22569,VM5d_adPN,cb_intrinsic,L,1,input_partner
KCg-m-L-t5,22717,M_lPNm11D,cb_intrinsic,L,1,input_partner
KCg-m-L-t5,23339,VM5d_adPN,cb_intrinsic,L,1,input_partner
KCg-m-L-t5,23494,DA3_adPN,cb_intrinsic,L,1,input_partner
KCg-m-L-t5,23718,DM5_lPN,cb_intrinsic,L,1,input_partner
KCg-m-L-t5,24352,DM5_lPN,cb_intrinsic,L,1,input_partner
KCg-m-L-t5,24841,DL2v_adPN,cb_intrinsic,L,1,input_partner
KCg-m-L-t5,26423,DA2_lPN,cb_intrinsic,L,1,input_partner
KCg-m-L-t5,26845,DL2v_adPN,cb_intrinsic,L,1,input_partner
KCg-m-L-t5,28434,PAM10,cb_intrinsic,R,0,auxiliary_partner
KCg-m-L-t5,28680,VM5d_adPN,cb_intrinsic,L,1,input_partner
KCg-m-L-t5,29217,DL2d_adPN,cb_intrinsic,L,1,input_partner
KCg-m-L-t5,29565,PAM10,cb_intrinsic,R,0,auxiliary_partner
KCg-m-L-t5,29824,M_adPNm4,cb_intrinsic,L,1,input_partner
KCg-m-L-t5,31348,M_lPNm11D,cb_intrinsic,L,1,input_partner
KCg-m-L-t5,32865,PAM10,cb_intrinsic,L,0,auxiliary_partner
KCg-m-L-t5,33808,KCg-m,cb_intrinsic,L,1,seed_kc
KCg-m-L-t5,34068,DL3_lPN,cb_intrinsic,L,1,input_partner
KCg-m-L-t5,34321,MB-C1,cb_intrinsic,L,-1,input_partner
KCg-m-L-t5,36624,PAM10,cb_intrinsic,R,0,auxiliary_partner
KCg-m-L-t5,37845,PAM04,cb_intrinsic,R,0,auxiliary_partner
KCg-m-L-t5,37916,KCg-m,cb_intrinsic,L,1,seed_kc
KCg-m-L-t5,38113,KCg-m,cb_intrinsic,L,1,seed_kc
KCg-m-L-t5,38549,KCg-m,cb_intrinsic,L,1,seed_kc
KCg-m-L-t5,38962,KCg-m,cb_intrinsic,L,1,seed_kc
KCg-m-L-t5,39531,KCg-m,cb_intrinsic,L,1,seed_kc
KCg-m-L-t5,39617,PAM07,cb_intrinsic,L,0,auxiliary_partner
KCg-m-L-t5,39619,PLP145,cb_intrinsic,L,1,input_partner
KCg-m-L-t5,39922,M_lPNm11D,cb_intrinsic,L,1,input_partner
KCg-m-L-t5,40385,LAL043_c,cb_intrinsic,L,-1,input_partner
KCg-m-L-t5,41131,KCg-m,cb_intrinsic,L,1,seed_kc
KCg-m-L-t5,41920,KCg-m,cb_intrinsic,L,1,seed_kc
KCg-m-L-t5,42140,KCg-m,cb_intrinsic,L,1,seed_kc
KCg-m-L-t5,42744,KCg-m,cb_intrinsic,L,1,seed_kc
KCg-m-L-t5,43354,KCg-m,cb_intrinsic,L,1,seed_kc
KCg-m-L-t5,43639,KCg-m,cb_intrinsic,L,1,seed_kc
KCg-m-L-t5,43811,KCg-m,cb_intrinsic,L,1,seed_kc
KCg-m-L-t5,44260,KCg-m,cb_intrinsic,L,1,seed_kc
KCg-m-L-t5,44682,KCg-m,cb_intrinsic,L,1,seed_kc
KCg-m-L-t5,45199,KCg-m,cb_intrinsic,L,1,seed_kc
KCg-m-L-t5,45259,KCg-m,cb_intrinsic,L,1,seed_kc
KCg-m-L-t5,45380,KCg-m,cb_intrinsic,L,1,seed_kc
KCg-m-L-t5,45434,KCg-m,cb_intrinsic,L,1,seed_kc
KCg-m-L-t5,45460,KCg-m,cb_intrinsic,L,1,seed_kc
KCg-m-L-t5,45467,KCg-m,cb_intrinsic,L,1,seed_kc
KCg-m-L-t5,45620,KCg-m,cb_intrinsic,L,1,seed_kc
KCg-m-L-t5,45950,KCg-m,cb_intrinsic,L,1,seed_kc
KCg-m-L-t5,46497,KCg-m,cb_intrinsic,L,1,seed_kc
KCg-m-L-t5,46794,PAM04,cb_intrinsic,R,0,auxiliary_partner
KCg-m-L-t5,47101,KCg-m,cb_intrinsic,L,1,seed_kc
KCg-m-L-t5,47117,KCg-m,cb_intrinsic,L,1,seed_kc
KCg-m-L-t5,47196,PAM07,cb_intrinsic,R,0,auxiliary_partner
KCg-m-L-t5,47287,KCg-m,cb_intrinsic,L,1,seed_kc
KCg-m-L-t5,47694,KCg-m,cb_intrinsic,L,1,seed_kc
KCg-m-L-t5,47758,KCg-m,cb_intrinsic,L,1,seed_kc
KCg-m-L-t5,47802,VES017,cb_intrinsic,L,1,input_partner
KCg-m-L-t5,47988,KCg-m,cb_intrinsic,L,1,seed_kc
KCg-m-L-t5,48113,PAM10,cb_intrinsic,L,0,auxiliary_partner
KCg-m-L-t5,48337,KCg-m,cb_intrinsic,L,1,seed_kc
KCg-m-L-t5,48596,KCg-m,cb_intrinsic,L,1,seed_kc
KCg-m-L-t5,48759,KCg-m,cb_intrinsic,L,1,seed_kc
KCg-m-L-t5,49043,PAM07,cb_intrinsic,R,0,auxiliary_partner
KCg-m-L-t5,49124,KCg-m,cb_intrinsic,L,1,seed_kc
KCg-m-L-t5,49160,KCg-m,cb_intrinsic,L,1,seed_kc
KCg-m-L-t5,49526,KCg-m,cb_intrinsic,L,1,seed_kc
KCg-m-L-t5,49544,KCg-m,cb_intrinsic,L,1,seed_kc
KCg-m-L-t5,49545,KCg-m,cb_intrinsic,L,1,seed_kc
KCg-m-L-t5,49867,KCg-m,cb_intrinsic,L,1,seed_kc
KCg-m-L-t5,50411,KCg-m,cb_intrinsic,L,1,seed_kc
KCg-m-L-t5,50568,KCg-m,cb_intrinsic,L,1,seed_kc
KCg-m-L-t5,50591,KCg-m,cb_intrinsic,L,1,seed_kc
KCg-m-L-t5,50791,KCg-m,cb_intrinsic,L,1,seed_kc
KCg-m-L-t5,50820,KCg-m,cb_intrinsic,L,1,seed_kc
KCg-m-L-t5,51053,KCg-m,cb_intrinsic,L,1,seed_kc
KCg-m-L-t5,51055,KCg-m,cb_intrinsic,L,1,seed_kc
KCg-m-L-t5,51330,KCg-m,cb_intrinsic,L,1,seed_kc
KCg-m-L-t5,51459,KCg-m,cb_intrinsic,L,1,seed_kc
KCg-m-L-t5,51535,KCg-m,cb_intrinsic,L,1,seed_kc
KCg-m-L-t5,51552,KCg-m,cb_intrinsic,L,1,seed_kc
KCg-m-L-t5,51553,KCg-m,cb_intrinsic,L,1,seed_kc
KCg-m-L-t5,51583,KCg-m,cb_intrinsic,L,1,seed_kc
KCg-m-L-t5,51742,KCg-m,cb_intrinsic,L,1,seed_kc
KCg-m-L-t5,51751,KCg-m,cb_intrinsic,L,1,seed_kc
KCg-m-L-t5,51865,KCg-m,cb_intrinsic,L,1,seed_kc
KCg-m-L-t5,51937,KCg-m,cb_intrinsic,L,1,seed_kc
KCg-m-L-t5,52114,LoVP71,visual_projection,L,1,input_partner
KCg-m-L-t5,52318,KCg-m,cb_intrinsic,L,1,seed_kc
KCg-m-L-t5,52564,KCg-m,cb_intrinsic,L,1,seed_kc
KCg-m-L-t5,52856,KCg-m,cb_intrinsic,L,1,seed_kc
KCg-m-L-t5,52938,KCg-m,cb_intrinsic,L,1,seed_kc
KCg-m-L-t5,53285,PAM01,cb_intrinsic,L,0,auxiliary_partner
KCg-m-L-t5,53756,KCg-m,cb_intrinsic,L,1,seed_kc
KCg-m-L-t5,53987,KCg-m,cb_intrinsic,L,1,seed_kc
KCg-m-L-t5,54202,KCg-m,cb_intrinsic,L,1,seed_kc
KCg-m-L-t5,54255,KCg-m,cb_intrinsic,L,1,seed_kc
KCg-m-L-t5,55210,PAM08,cb_intrinsic,L,0,auxiliary_partner
KCg-m-L-t5,55542,KCg-m,cb_intrinsic,L,1,seed_kc
KCg-m-L-t5,55853,KCg-m,cb_intrinsic,L,1,seed_kc
KCg-m-L-t5,56251,KCg-m,cb_intrinsic,L,1,seed_kc
KCg-m-L-t5,56650,KCg-m,cb_intrinsic,L,1,seed_kc
KCg-m-L-t5,56866,KCg-m,cb_intrinsic,L,1,seed_kc
KCg-m-L-t5,57152,KCg-m,cb_intrinsic,L,1,seed_kc
KCg-m-L-t5,57770,KCg-m,cb_intrinsic,L,1,seed_kc
KCg-m-L-t5,57806,KCg-m,cb_intrinsic,L,1,seed_kc
KCg-m-L-t5,58009,M_adPNm8,cb_intrinsic,L,1,input_partner
KCg-m-L-t5,58058,KCg-m,cb_intrinsic,L,1,seed_kc
KCg-m-L-t5,58471,KCg-m,cb_intrinsic,L,1,seed_kc
KCg-m-L-t5,58941,PAM08,cb_intrinsic,L,0,auxiliary_partner
KCg-m-L-t5,60011,KCg-m,cb_intrinsic,L,1,seed_kc
KCg-m-L-t5,60273,PAM07,cb_intrinsic,L,0,auxiliary_partner
KCg-m-L-t5,60388,KCg-m,cb_intrinsic,L,1,seed_kc
KCg-m-L-t5,60471,KCg-m,cb_intrinsic,L,1,seed_kc
KCg-m-L-t5,60545,KCg-m,cb_intrinsic,L,1,seed_kc
KCg-m-L-t5,60834,KCg-m,cb_intrinsic,L,1,seed_kc
KCg-m-L-t5,60930,PAM10,cb_intrinsic,L,0,auxiliary_partner
KCg-m-L-t5,61312,KCg-m,cb_intrinsic,L,1,seed_kc
KCg-m-L-t5,61360,PAM12,cb_intrinsic,L,0,auxiliary_partner
KCg-m-L-t5,61579,KCg-m,cb_intrinsic,L,1,seed_kc
KCg-m-L-t5,61802,KCg-m,cb_intrinsic,L,1,seed_kc
KCg-m-L-t5,62731,PAM01,cb_intrinsic,R,0,auxiliary_partner
KCg-m-L-t5,63199,KCg-m,cb_intrinsic,L,1,seed_kc
KCg-m-L-t5,63327,KCg-m,cb_intrinsic,L,1,seed_kc
KCg-m-L-t5,63391,PAM01,cb_intrinsic,R,0,auxiliary_partner
KCg-m-L-t5,63634,KCg-m,cb_intrinsic,L,1,seed_kc
KCg-m-L-t5,63740,KCg-m,cb_intrinsic,L,1,seed_kc
KCg-m-L-t5,63942,KCg-m,cb_intrinsic,L,1,seed_kc
KCg-m-L-t5,64434,KCg-m,cb_intrinsic,L,1,seed_kc
KCg-m-L-t5,64512,LHPV8c1,cb_intrinsic,L,1,input_partner
KCg-m-L-t5,64697,KCg-m,cb_intrinsic,L,1,seed_kc
KCg-m-L-t5,64860,KCg-m,cb_intrinsic,L,1,seed_kc
KCg-m-L-t5,65370,KCg-m,cb_intrinsic,L,1,seed_kc
KCg-m-L-t5,65524,PAM08,cb_intrinsic,L,0,auxiliary_partner
KCg-m-L-t5,65559,PAM07,cb_intrinsic,R,0,auxiliary_partner
KCg-m-L-t5,65886,PAM08,cb_intrinsic,L,0,auxiliary_partner
KCg-m-L-t5,66047,KCg-m,cb_intrinsic,L,1,seed_kc
KCg-m-L-t5,66105,KCg-m,cb_intrinsic,L,1,seed_kc
KCg-m-L-t5,66113,KCg-m,cb_intrinsic,L,1,seed_kc
KCg-m-L-t5,66617,KCg-m,cb_intrinsic,L,1,seed_kc
KCg-m-L-t5,66934,PAM10,cb_intrinsic,L,0,auxiliary_partner
KCg-m-L-t5,67000,KCg-m,cb_intrinsic,L,1,seed_kc
KCg-m-L-t5,67058,KCg-m,cb_intrinsic,L,1,seed_kc
KCg-m-L-t5,67106,KCg-m,cb_intrinsic,L,1,seed_kc
KCg-m-L-t5,67257,KCg-m,cb_intrinsic,L,1,seed_kc
KCg-m-L-t5,67356,KCg-m,cb_intrinsic,L,1,seed_kc
KCg-m-L-t5,67468,KCg-m,cb_intrinsic,L,1,seed_kc
KCg-m-L-t5,67479,KCg-m,cb_intrinsic,L,1,seed_kc
KCg-m-L-t5,68239,KCg-m,cb_intrinsic,L,1,seed_kc
KCg-m-L-t5,68254,KCg-m,cb_intrinsic,L,1,seed_kc
KCg-m-L-t5,68708,KCg-m,cb_intrinsic,L,1,seed_kc
KCg-m-L-t5,68759,KCg-m,cb_intrinsic,L,1,seed_kc
KCg-m-L-t5,68979,KCg-m,cb_intrinsic,L,1,seed_kc
KCg-m-L-t5,69114,KCg-m,cb_intrinsic,L,1,seed_kc
KCg-m-L-t5,69237,KCg-m,cb_intrinsic,L,1,seed_kc
KCg-m-L-t5,69264,KCg-m,cb_intrinsic,L,1,seed_kc
KCg-m-L-t5,69417,KCg-m,cb_intrinsic,L,1,seed_kc
KCg-m-L-t5,69426,KCg-m,cb_intrinsic,L,1,seed_kc
KCg-m-L-t5,69539,KCg-m,cb_intrinsic,L,1,seed_kc
KCg-m-L-t5,69722,PAM08,cb_intrinsic,L,0,auxiliary_partner
KCg-m-L-t5,69854,KCg-m,cb_intrinsic,L,1,seed_kc
KCg-m-L-t5,69855,KCg-m,cb_intrinsic,L,1,seed_kc
KCg-m-L-t5,70143,KCg-m,cb_intrinsic,L,1,seed_kc
KCg-m-L-t5,70223,KCg-m,cb_intrinsic,L,1,seed_kc
KCg-m-L-t5,70271,KCg-m,cb_intrinsic,L,1,seed_kc
KCg-m-L-t5,70322,KCg-m,cb_intrinsic,L,1,seed_kc
KCg-m-L-t5,70614,KCg-m,cb_intrinsic,L,1,seed_kc
KCg-m-L-t5,70740,KCg-m,cb_intrinsic,L,1,seed_kc
KCg-m-L-t5,71166,KCg-m,cb_intrinsic,L,1,seed_kc
KCg-m-L-t5,71317,KCg-m,cb_intrinsic,L,1,seed_kc
KCg-m-L-t5,71406,KCg-m,cb_intrinsic,L,1,seed_kc
KCg-m-L-t5,71474,KCg-m,cb_intrinsic,L,1,seed_kc
KCg-m-L-t5,71618,KCg-m,cb_intrinsic,L,1,seed_kc
KCg-m-L-t5,72002,KCg-m,cb_intrinsic,L,1,seed_kc
KCg-m-L-t5,72097,KCg-m,cb_intrinsic,L,1,seed_kc
KCg-m-L-t5,72116,KCg-m,cb_intrinsic,L,1,seed_kc
KCg-m-L-t5,72350,KCg-m,cb_intrinsic,L,1,seed_kc
KCg-m-L-t5,72601,PAM06,cb_intrinsic,L,0,auxiliary_partner
KCg-m-L-t5,72604,KCg-m,cb_intrinsic,L,1,seed_kc
KCg-m-L-t5,72606,KCg-m,cb_intrinsic,L,1,seed_kc
KCg-m-L-t5,72678,KCg-m,cb_intrinsic,L,1,seed_kc
KCg-m-L-t5,72684,KCg-m,cb_intrinsic,L,1,seed_kc
KCg-m-L-t5,72854,KCg-m,cb_intrinsic,L,1,seed_kc
KCg-m-L-t5,73013,KCg-m,cb_intrinsic,L,1,seed_kc
KCg-m-L-t5,73125,KCg-m,cb_intrinsic,L,1,seed_kc
KCg-m-L-t5,73196,KCg-m,cb_intrinsic,L,1,seed_kc
KCg-m-L-t5,73197,KCg-m,cb_intrinsic,L,1,seed_kc
KCg-m-L-t5,73335,KCg-m,cb_intrinsic,L,1,seed_kc
KCg-m-L-t5,73354,KCg-m,cb_intrinsic,L,1,seed_kc
KCg-m-L-t5,73744,KCg-m,cb_intrinsic,L,1,seed_kc
KCg-m-L-t5,73783,KCg-m,cb_intrinsic,L,1,seed_kc
KCg-m-L-t5,73970,KCg-m,cb_intrinsic,L,1,seed_kc
KCg-m-L-t5,74110,KCg-m,cb_intrinsic,L,1,seed_kc
KCg-m-L-t5,74203,KCg-m,cb_intrinsic,L,1,seed_kc
KCg-m-L-t5,74222,KCg-m,cb_intrinsic,L,1,seed_kc
KCg-m-L-t5,74434,KCg-m,cb_intrinsic,L,1,seed_kc
KCg-m-L-t5,74698,KCg-m,cb_intrinsic,L,1,seed_kc
KCg-m-L-t5,74708,KCg-m,cb_intrinsic,L,1,seed_kc
KCg-m-L-t5,74743,PAM08,cb_intrinsic,L,0,auxiliary_partner
KCg-m-L-t5,74856,PAM01,cb_intrinsic,L,0,auxiliary_partner
KCg-m-L-t5,74926,KCg-m,cb_intrinsic,L,1,seed_kc
KCg-m-L-t5,74992,KCg-m,cb_intrinsic,L,1,seed_kc
KCg-m-L-t5,75070,KCg-m,cb_intrinsic,L,1,seed_kc
KCg-m-L-t5,75310,KCg-m,cb_intrinsic,L,1,seed_kc
KCg-m-L-t5,75312,KCg-m,cb_intrinsic,L,1,seed_kc
KCg-m-L-t5,75347,KCg-m,cb_intrinsic,L,1,seed_kc
KCg-m-L-t5,75368,KCg-m,cb_intrinsic,L,1,seed_kc
KCg-m-L-t5,75513,KCg-m,cb_intrinsic,L,1,seed_kc
KCg-m-L-t5,75597,KCg-m,cb_intrinsic,L,1,seed_kc
KCg-m-L-t5,75758,KCg-m,cb_intrinsic,L,1,seed_kc
KCg-m-L-t5,75830,KCg-m,cb_intrinsic,L,1,seed_kc
KCg-m-L-t5,75907,KCg-m,cb_intrinsic,L,1,seed_kc
KCg-m-L-t5,75922,PAM08,cb_intrinsic,L,0,auxiliary_partner
KCg-m-L-t5,76085,KCg-m,cb_intrinsic,L,1,seed_kc
KCg-m-L-t5,76122,KCg-m,cb_intrinsic,L,1,seed_kc
KCg-m-L-t5,76309,KCg-m,cb_intrinsic,L,1,seed_kc
KCg-m-L-t5,76362,PAM08,cb_intrinsic,L,0,auxiliary_partner
KCg-m-L-t5,76431,KCg-m,cb_intrinsic,L,1,seed_kc
KCg-m-L-t5,76476,KCg-m,cb_intrinsic,L,1,seed_kc
KCg-m-L-t5,76488,KCg-m,cb_intrinsic,L,1,seed_kc
KCg-m-L-t5,76508,KCg-m,cb_intrinsic,L,1,seed_kc
KCg-m-L-t5,76564,KCg-m,cb_intrinsic,L,1,seed_kc
KCg-m-L-t5,76949,KCg-m,cb_intrinsic,L,1,seed_kc
KCg-m-L-t5,77093,KCg-m,cb_intrinsic,L,1,seed_kc
KCg-m-L-t5,77108,KCg-m,cb_intrinsic,L,1,seed_kc
KCg-m-L-t5,77367,KCg-m,cb_intrinsic,L,1,seed_kc
KCg-m-L-t5,77454,KCg-m,cb_intrinsic,L,1,seed_kc
KCg-m-L-t5,77628,KCg-m,cb_intrinsic,L,1,seed_kc
KCg-m-L-t5,77631,KCg-m,cb_intrinsic,L,1,seed_kc
KCg-m-L-t5,77719,KCg-m,cb_intrinsic,L,1,seed_kc
KCg-m-L-t5,78066,KCg-m,cb_intrinsic,L,1,seed_kc
KCg-m-L-t5,78483,KCg-m,cb_intrinsic,L,1,seed_kc
KCg-m-L-t5,78514,KCg-m,cb_intrinsic,L,1,seed_kc
KCg-m-L-t5,78862,KCg-m,cb_intrinsic,L,1,seed_kc
KCg-m-L-t5,78872,KCg-m,cb_intrinsic,L,1,seed_kc
KCg-m-L-t5,78880,KCg-m,cb_intrinsic,L,1,seed_kc
KCg-m-L-t5,78992,KCg-m,cb_intrinsic,L,1,seed_kc
KCg-m-L-t5,79275,KCg-m,cb_intrinsic,L,1,seed_kc
KCg-m-L-t5,79622,KCg-m,cb_intrinsic,L,1,seed_kc
KCg-m-L-t5,79690,KCg-m,cb_intrinsic,L,1,seed_kc
KCg-m-L-t5,79761,KCg-m,cb_intrinsic,L,1,seed_kc
KCg-m-L-t5,79776,KCg-m,cb_intrinsic,L,1,seed_kc
KCg-m-L-t5,79783,KCg-m,cb_intrinsic,L,1,seed_kc
KCg-m-L-t5,79950,KCg-m,cb_intrinsic,L,1,seed_kc
KCg-m-L-t5,80094,KCg-m,cb_intrinsic,L,1,seed_kc
KCg-m-L-t5,80143,KCg-m,cb_intrinsic,L,1,seed_kc
KCg-m-L-t5,80325,KCg-m,cb_intrinsic,L,1,seed_kc
KCg-m-L-t5,80380,KCg-m,cb_intrinsic,L,1,seed_kc
KCg-m-L-t5,80532,KCg-m,cb_intrinsic,L,1,seed_kc
KCg-m-L-t5,80663,KCg-m,cb_intrinsic,L,1,seed_kc
KCg-m-L-t5,80704,KCg-m,cb_intrinsic,L,1,seed_kc
KCg-m-L-t5,80708,KCg-m,cb_intrinsic,L,1,seed_kc
KCg-m-L-t5,80744,PAM01,cb_intrinsic,L,0,auxiliary_partner
KCg-m-L-t5,80779,KCg-m,cb_intrinsic,L,1,seed_kc
KCg-m-L-t5,80970,KCg-m,cb_intrinsic,L,1,seed_kc
KCg-m-L-t5,81001,KCg-m,cb_intrinsic,L,1,seed_kc
KCg-m-L-t5,81093,KCg-m,cb_intrinsic,L,1,seed_kc
KCg-m-L-t5,81143,KCg-m,cb_intrinsic,L,1,seed_kc
KCg-m-L-t5,81251,KCg-m,cb_intrinsic,L,1,seed_kc
KCg-m-L-t5,81338,KCg-m,cb_intrinsic,L,1,seed_kc
KCg-m-L-t5,81349,KCg-m,cb_intrinsic,L,1,seed_kc
KCg-m-L-t5,81369,KCg-m,cb_intrinsic,L,1,seed_kc
KCg-m-L-t5,81374,KCg-m,cb_intrinsic,L,1,seed_kc
KCg-m-L-t5,81385,KCg-m,cb_intrinsic,L,1,seed_kc
KCg-m-L-t5,81502,KCg-m,cb_intrinsic,L,1,seed_kc
KCg-m-L-t5,81630,KCg-m,cb_intrinsic,L,1,seed_kc
KCg-m-L-t5,81671,KCg-m,cb_intrinsic,L,1,seed_kc
KCg-m-L-t5,81740,KCg-m,cb_intrinsic,L,1,seed_kc
KCg-m-L-t5,82192,KCg-m,cb_intrinsic,L,1,seed_kc
KCg-m-L-t5,82292,KCg-m,cb_intrinsic,L,1,seed_kc
KCg-m-L-t5,82399,KCg-m,cb_intrinsic,L,1,seed_kc
KCg-m-L-t5,82543,KCg-m,cb_intrinsic,L,1,seed_kc
KCg-m-L-t5,82646,KCg-m,cb_intrinsic,L,1,seed_kc
KCg-m-L-t5,82672,KCg-m,cb_intrinsic,L,1,seed_kc
KCg-m-L-t5,82693,KCg-m,cb_intrinsic,L,1,seed_kc
KCg-m-L-t5,82761,KCg-m,cb_intrinsic,L,1,seed_kc
KCg-m-L-t5,82904,KCg-m,cb_intrinsic,L,1,seed_kc
KCg-m-L-t5,82996,KCg-m,cb_intrinsic,L,1,seed_kc
KCg-m-L-t5,83058,KCg-m,cb_intrinsic,L,1,seed_kc
KCg-m-L-t5,83270,KCg-m,cb_intrinsic,L,1,seed_kc
KCg-m-L-t5,83277,PAM01,cb_intrinsic,L,0,auxiliary_partner
KCg-m-L-t5,83371,KCg-m,cb_intrinsic,L,1,seed_kc
KCg-m-L-t5,83691,KCg-m,cb_intrinsic,L,1,seed_kc
KCg-m-L-t5,83783,KCg-m,cb_intrinsic,L,1,seed_kc
KCg-m-L-t5,83852,PAM06,cb_intrinsic,R,0,auxiliary_partner
KCg-m-L-t5,83965,KCg-m,cb_intrinsic,L,1,seed_kc
KCg-m-L-t5,84319,KCg-m,cb_intrinsic,L,1,seed_kc
KCg-m-L-t5,84400,KCg-m,cb_intrinsic,L,1,seed_kc
KCg-m-L-t5,84446,KCg-m,cb_intrinsic,L,1,seed_kc
KCg-m-L-t5,84884,KCg-m,cb_intrinsic,L,1,seed_kc
KCg-m-L-t5,84926,KCg-m,cb_intrinsic,L,1,seed_kc
KCg-m-L-t5,84932,KCg-m,cb_intrinsic,L,1,seed_kc
KCg-m-L-t5,84987,KCg-m,cb_intrinsic,L,1,seed_kc
KCg-m-L-t5,84989,KCg-m,cb_intrinsic,L,1,seed_kc
KCg-m-L-t5,85091,KCg-m,cb_intrinsic,L,1,seed_kc
KCg-m-L-t5,85121,KCg-m,cb_intrinsic,L,1,seed_kc
KCg-m-L-t5,85216,KCg-m,cb_intrinsic,L,1,seed_kc
KCg-m-L-t5,85325,KCg-m,cb_intrinsic,L,1,seed_kc
KCg-m-L-t5,85340,KCg-m,cb_intrinsic,L,1,seed_kc
KCg-m-L-t5,85512,KCg-m,cb_intrinsic,L,1,seed_kc
KCg-m-L-t5,85547,KCg-m,cb_intrinsic,L,1,seed_kc
KCg-m-L-t5,85665,KCg-m,cb_intrinsic,L,1,seed_kc
KCg-m-L-t5,85805,KCg-m,cb_intrinsic,L,1,seed_kc
KCg-m-L-t5,86020,KCg-m,cb_intrinsic,L,1,seed_kc
KCg-m-L-t5,86024,KCg-m,cb_intrinsic,L,1,seed_kc
KCg-m-L-t5,86028,KCg-m,cb_intrinsic,L,1,seed_kc
KCg-m-L-t5,86066,PAM07,cb_intrinsic,L,0,auxiliary_partner
KCg-m-L-t5,86156,PAM08,cb_intrinsic,R,0,auxiliary_partner
KCg-m-L-t5,86209,KCg-m,cb_intrinsic,L,1,seed_kc
KCg-m-L-t5,86395,KCg-m,cb_intrinsic,L,1,seed_kc
KCg-m-L-t5,86431,PAM07,cb_intrinsic,L,0,auxiliary_partner
KCg-m-L-t5,86555,KCg-m,cb_intrinsic,L,1,seed_kc
KCg-m-L-t5,86583,KCg-m,cb_intrinsic,L,1,seed_kc
KCg-m-L-t5,86608,KCg-m,cb_intrinsic,L,1,seed_kc
KCg-m-L-t5,86610,KCg-m,cb_intrinsic,L,1,seed_kc
KCg-m-L-t5,86967,KCg-m,cb_intrinsic,L,1,seed_kc
KCg-m-L-t5,87052,KCg-m,cb_intrinsic,L,1,seed_kc
KCg-m-L-t5,87103,KCg-m,cb_intrinsic,L,1,seed_kc
KCg-m-L-t5,87177,PAM08,cb_intrinsic,L,0,auxiliary_partner
KCg-m-L-t5,87276,KCg-m,cb_intrinsic,L,1,seed_kc
KCg-m-L-t5,87304,KCg-m,cb_intrinsic,L,1,seed_kc
KCg-m-L-t5,87308,KCg-m,cb_intrinsic,L,1,seed_kc
KCg-m-L-t5,87697,KCg-m,cb_intrinsic,L,1,seed_kc
KCg-m-L-t5,87970,M_adPNm5,cb_intrinsic,L,1,input_partner
KCg-m-L-t5,88000,KCg-m,cb_intrinsic,L,1,seed_kc
KCg-m-L-t5,88028,KCg-m,cb_intrinsic,L,1,seed_kc
KCg-m-L-t5,88108,KCg-m,cb_intrinsic,L,1,seed_kc
KCg-m-L-t5,88132,KCg-m,cb_intrinsic,L,1,seed_kc
KCg-m-L-t5,88428,KCg-m,cb_intrinsic,L,1,seed_kc
KCg-m-L-t5,88477,PAM01,cb_intrinsic,L,0,auxiliary_partner
KCg-m-L-t5,88845,KCg-m,cb_intrinsic,L,1,seed_kc
KCg-m-L-t5,88869,KCg-m,cb_intrinsic,L,1,seed_kc
KCg-m-L-t5,89041,KCg-m,cb_intrinsic,L,1,seed_kc
KCg-m-L-t5,89158,KCg-m,cb_intrinsic,L,1,seed_kc
KCg-m-L-t5,89269,KCg-m,cb_intrinsic,L,1,seed_kc
KCg-m-L-t5,89442,KCg-m,cb_intrinsic,L,1,seed_kc
KCg-m-L-t5,89536,KCg-m,cb_intrinsic,L,1,seed_kc
KCg-m-L-t5,89782,KCg-m,cb_intrinsic,L,1,seed_kc
KCg-m-L-t5,89858,KCg-m,cb_intrinsic,L,1,seed_kc
KCg-m-L-t5,89871,M_adPNm5,cb_intrinsic,L,1,input_partner
KCg-m-L-t5,90189,KCg-m,cb_intrinsic,L,1,seed_kc
KCg-m-L-t5,90296,KCg-m,cb_intrinsic,L,1,seed_kc
KCg-m-L-t5,90363,KCg-m,cb_intrinsic,L,1,seed_kc
KCg-m-L-t5,90393,KCg-m,cb_intrinsic,L,1,seed_kc
KCg-m-L-t5,90569,KCg-m,cb_intrinsic,L,1,seed_kc
KCg-m-L-t5,90640,KCg-m,cb_intrinsic,L,1,seed_kc
KCg-m-L-t5,90678,PAM08,cb_intrinsic,L,0,auxiliary_partner
KCg-m-L-t5,90867,PAM01,cb_intrinsic,R,0,auxiliary_partner
KCg-m-L-t5,90870,KCg-m,cb_intrinsic,L,1,seed_kc
KCg-m-L-t5,90902,PAM08,cb_intrinsic,R,0,auxiliary_partner
KCg-m-L-t5,91344,KCg-m,cb_intrinsic,L,1,seed_kc
KCg-m-L-t5,91391,PAM12,cb_intrinsic,L,0,auxiliary_partner
KCg-m-L-t5,91608,KCg-m,cb_intrinsic,L,1,seed_kc
KCg-m-L-t5,91875,PAM12,cb_intrinsic,L,0,auxiliary_partner
KCg-m-L-t5,91910,KCg-m,cb_intrinsic,L,1,seed_kc
KCg-m-L-t5,91928,KCg-m,cb_intrinsic,L,1,seed_kc
KCg-m-L-t5,92030,KCg-m,cb_intrinsic,L,1,seed_kc
KCg-m-L-t5,92130,KCg-m,cb_intrinsic,L,1,seed_kc
KCg-m-L-t5,92324,PAM06,cb_intrinsic,R,0,auxiliary_partner
KCg-m-L-t5,92424,KCg-m,cb_intrinsic,L,1,seed_kc
KCg-m-L-t5,92679,KCg-m,cb_intrinsic,L,1,seed_kc
KCg-m-L-t5,93044,KCg-m,cb_intrinsic,L,1,seed_kc
KCg-m-L-t5,93065,KCg-m,cb_intrinsic,L,1,seed_kc
KCg-m-L-t5,93216,KCg-m,cb_intrinsic,L,1,seed_kc
KCg-m-L-t5,93327,KCg-m,cb_intrinsic,L,1,seed_kc
KCg-m-L-t5,93616,KCg-m,cb_intrinsic,L,1,seed_kc
KCg-m-L-t5,93704,PAM01,cb_intrinsic,L,0,auxiliary_partner
KCg-m-L-t5,93803,KCg-m,cb_intrinsic,L,1,seed_kc
KCg-m-L-t5,94250,PAM05,cb_intrinsic,L,0,auxiliary_partner
KCg-m-L-t5,94310,KCg-m,cb_intrinsic,L,1,seed_kc
KCg-m-L-t5,94530,KCg-m,cb_intrinsic,L,1,seed_kc
KCg-m-L-t5,94606,KCg-m,cb_intrinsic,L,1,seed_kc
KCg-m-L-t5,94663,KCg-m,cb_intrinsic,L,1,seed_kc
KCg-m-L-t5,94914,KCg-m,cb_intrinsic,L,1,seed_kc
KCg-m-L-t5,94922,PAM05,cb_intrinsic,L,0,auxiliary_partner
KCg-m-L-t5,95042,KCg-m,cb_intrinsic,L,1,seed_kc
KCg-m-L-t5,95072,KCg-m,cb_intrinsic,L,1,seed_kc
KCg-m-L-t5,95081,KCg-m,cb_intrinsic,L,1,seed_kc
KCg-m-L-t5,95189,KCg-m,cb_intrinsic,L,1,seed_kc
KCg-m-L-t5,95368,KCg-m,cb_intrinsic,L,1,seed_kc
KCg-m-L-t5,95404,KCg-m,cb_intrinsic,L,1,seed_kc
KCg-m-L-t5,95523,PAM08,cb_intrinsic,L,0,auxiliary_partner
KCg-m-L-t5,95861,KCg-m,cb_intrinsic,L,1,seed_kc
KCg-m-L-t5,95941,KCg-m,cb_intrinsic,L,1,seed_kc
KCg-m-L-t5,96231,KCg-m,cb_intrinsic,L,1,seed_kc
KCg-m-L-t5,96497,PAM07,cb_intrinsic,R,0,auxiliary_partner
KCg-m-L-t5,96571,PAM12,cb_intrinsic,L,0,auxiliary_partner
KCg-m-L-t5,96624,KCg-m,cb_intrinsic,L,1,seed_kc
KCg-m-L-t5,96688,KCg-m,cb_intrinsic,L,1,seed_kc
KCg-m-L-t5,96721,KCg-m,cb_intrinsic,L,1,seed_kc
KCg-m-L-t5,97181,KCg-m,cb_intrinsic,L,1,seed_kc
KCg-m-L-t5,97239,KCg-m,cb_intrinsic,L,1,seed_kc
KCg-m-L-t5,97348,KCg-m,cb_intrinsic,L,1,seed_kc
KCg-m-L-t5,97624,KCg-m,cb_intrinsic,L,1,seed_kc
KCg-m-L-t5,97990,PAM06,cb_intrinsic,L,0,auxiliary_partner
KCg-m-L-t5,98104,KCg-m,cb_intrinsic,L,1,seed_kc
KCg-m-L-t5,98265,PAM06,cb_intrinsic,L,0,auxiliary_partner
KCg-m-L-t5,98275,KCg-m,cb_intrinsic,L,1,seed_kc
KCg-m-L-t5,98554,PAM07,cb_intrinsic,L,0,auxiliary_partner
KCg-m-L-t5,98665,KCg-m,cb_intrinsic,L,1,seed_kc
KCg-m-L-t5,98782,KCg-m,cb_intrinsic,L,1,seed_kc
KCg-m-L-t5,98946,KCg-m,cb_intrinsic,L,1,seed_kc
KCg-m-L-t5,99089,PAM01,cb_intrinsic,L,0,auxiliary_partner
KCg-m-L-t5,99195,KCg-m,cb_intrinsic,L,1,seed_kc
KCg-m-L-t5,99225,KCg-m,cb_intrinsic,L,1,seed_kc
KCg-m-L-t5,99436,KCg-m,cb_intrinsic,L,1,seed_kc
KCg-m-L-t5,99847,KCg-m,cb_intrinsic,L,1,seed_kc
KCg-m-L-t5,99858,KCg-m,cb_intrinsic,L,1,seed_kc
KCg-m-L-t5,99875,KCg-m,cb_intrinsic,L,1,seed_kc
KCg-m-L-t5,100251,KCg-m,cb_intrinsic,L,1,seed_kc
KCg-m-L-t5,100258,PAM01,cb_intrinsic,R,0,auxiliary_partner
KCg-m-L-t5,100272,KCg-m,cb_intrinsic,L,1,seed_kc
KCg-m-L-t5,100615,KCg-m,cb_intrinsic,L,1,seed_kc
KCg-m-L-t5,100773,KCg-m,cb_intrinsic,L,1,seed_kc
KCg-m-L-t5,101010,KCg-m,cb_intrinsic,L,1,seed_kc
KCg-m-L-t5,101133,KCg-m,cb_intrinsic,L,1,seed_kc
KCg-m-L-t5,101312,KCg-m,cb_intrinsic,L,1,seed_kc
KCg-m-L-t5,101792,KCg-m,cb_intrinsic,L,1,seed_kc
KCg-m-L-t5,102095,KCg-m,cb_intrinsic,L,1,seed_kc
KCg-m-L-t5,102136,KCg-m,cb_intrinsic,L,1,seed_kc
KCg-m-L-t5,102199,KCg-m,cb_intrinsic,L,1,seed_kc
KCg-m-L-t5,102621,KCg-m,cb_intrinsic,L,1,seed_kc
KCg-m-L-t5,102936,PAM08,cb_intrinsic,R,0,auxiliary_partner
KCg-m-L-t5,102954,KCg-m,cb_intrinsic,L,1,seed_kc
KCg-m-L-t5,103255,PAM08,cb_intrinsic,R,0,auxiliary_partner
KCg-m-L-t5,103416,KCg-m,cb_intrinsic,L,1,seed_kc
KCg-m-L-t5,103433,PAM14,cb_intrinsic,R,0,auxiliary_partner
KCg-m-L-t5,103609,KCg-m,cb_intrinsic,L,1,seed_kc
KCg-m-L-t5,103720,KCg-m,cb_intrinsic,L,1,seed_kc
KCg-m-L-t5,103750,KCg-m,cb_intrinsic,L,1,seed_kc
KCg-m-L-t5,104068,KCg-m,cb_intrinsic,L,1,seed_kc
KCg-m-L-t5,104385,KCg-m,cb_intrinsic,L,1,seed_kc
KCg-m-L-t5,104460,PAM12,cb_intrinsic,L,0,auxiliary_partner
KCg-m-L-t5,104713,PAM08,cb_intrinsic,R,0,auxiliary_partner
KCg-m-L-t5,104983,KCg-m,cb_intrinsic,L,1,seed_kc
KCg-m-L-t5,105362,PAM05,cb_intrinsic,R,0,auxiliary_partner
KCg-m-L-t5,105365,PAM08,cb_intrinsic,R,0,auxiliary_partner
KCg-m-L-t5,105407,KCg-m,cb_intrinsic,L,1,seed_kc
KCg-m-L-t5,105447,PAM12,cb_intrinsic,L,0,auxiliary_partner
KCg-m-L-t5,106885,KCg-m,cb_intrinsic,L,1,seed_kc
KCg-m-L-t5,106905,KCg-m,cb_intrinsic,L,1,seed_kc
KCg-m-L-t5,107019,KCg-m,cb_intrinsic,L,1,seed_kc
KCg-m-L-t5,107164,KCg-m,cb_intrinsic,L,1,seed_kc
KCg-m-L-t5,107232,KCg-m,cb_intrinsic,L,1,seed_kc
KCg-m-L-t5,107285,PAM08,cb_intrinsic,L,0,auxiliary_partner
KCg-m-L-t5,107516,KCg-m,cb_intrinsic,L,1,seed_kc
KCg-m-L-t5,107986,PAM02,cb_intrinsic,L,0,auxiliary_partner
KCg-m-L-t5,108379,KCg-m,cb_intrinsic,L,1,seed_kc
KCg-m-L-t5,108389,KCg-m,cb_intrinsic,L,1,seed_kc
KCg-m-L-t5,108429,PAM04,cb_intrinsic,L,0,auxiliary_partner
KCg-m-L-t5,108536,KCg-m,cb_intrinsic,L,1,seed_kc
KCg-m-L-t5,108576,PAM13,cb_intrinsic,R,0,auxiliary_partner
KCg-m-L-t5,109161,KCg-m,cb_intrinsic,L,1,seed_kc
KCg-m-L-t5,109275,KCg-m,cb_intrinsic,L,1,seed_kc
KCg-m-L-t5,109449,KCg-m,cb_intrinsic,L,1,seed_kc
KCg-m-L-t5,109492,KCg-m,cb_intrinsic,L,1,seed_kc
KCg-m-L-t5,109512,KCg-m,cb_intrinsic,L,1,seed_kc
KCg-m-L-t5,109624,PAM08,cb_intrinsic,L,0,auxiliary_partner
KCg-m-L-t5,109676,KCg-m,cb_intrinsic,L,1,seed_kc
KCg-m-L-t5,109708,KCg-m,cb_intrinsic,L,1,seed_kc
KCg-m-L-t5,109793,PAM04,cb_intrinsic,L,0,auxiliary_partner
KCg-m-L-t5,109853,KCg-m,cb_intrinsic,L,1,seed_kc
KCg-m-L-t5,110090,KCg-m,cb_intrinsic,L,1,seed_kc
KCg-m-L-t5,110282,KCg-m,cb_intrinsic,L,1,seed_kc
KCg-m-L-t5,110574,KCg-m,cb_intrinsic,L,1,seed_kc
KCg-m-L-t5,110653,PAM05,cb_intrinsic,R,0,auxiliary_partner
KCg-m-L-t5,110950,KCg-m,cb_intrinsic,L,1,seed_kc
KCg-m-L-t5,111109,KCg-m,cb_intrinsic,L,1,seed_kc
KCg-m-L-t5,111127,KCg-m,cb_intrinsic,L,1,seed_kc
KCg-m-L-t5,111576,KCg-m,cb_intrinsic,L,1,seed_kc
KCg-m-L-t5,111655,KCg-m,cb_intrinsic,L,1,seed_kc
KCg-m-L-t5,111665,PAM12,cb_intrinsic,R,0,auxiliary_partner
KCg-m-L-t5,111695,KCg-m,cb_intrinsic,L,1,seed_kc
KCg-m-L-t5,111795,KCg-m,cb_intrinsic,L,1,seed_kc
KCg-m-L-t5,111803,KCg-m,cb_intrinsic,L,1,seed_kc
KCg-m-L-t5,112009,KCg-m,cb_intrinsic,L,1,seed_kc
KCg-m-L-t5,112189,KCg-m,cb_intrinsic,L,1,seed_kc
KCg-m-L-t5,112359,KCg-m,cb_intrinsic,L,1,seed_kc
KCg-m-L-t5,112442,KCg-m,cb_intrinsic,L,1,seed_kc
KCg-m-L-t5,112593,KCg-m,cb_intrinsic,L,1,seed_kc
KCg-m-L-t5,112697,KCg-m,cb_intrinsic,L,1,seed_kc
KCg-m-L-t5,112835,KCg-m,cb_intrinsic,L,1,seed_kc
KCg-m-L-t5,112879,KCg-m,cb_intrinsic,L,1,seed_kc
KCg-m-L-t5,113001,PAM12,cb_intrinsic,R,0,auxiliary_partner
KCg-m-L-t5,113067,PAM01,cb_intrinsic,R,0,auxiliary_partner
KCg-m-L-t5,113286,KCg-m,cb_intrinsic,L,1,seed_kc
KCg-m-L-t5,113528,KCg-m,cb_intrinsic,L,1,seed_kc
KCg-m-L-t5,113972,KCg-m,cb_intrinsic,L,1,seed_kc
KCg-m-L-t5,114029,KCg-m,cb_intrinsic,L,1,seed_kc
KCg-m-L-t5,114090,KCg-m,cb_intrinsic,L,1,seed_kc
KCg-m-L-t5,114216,PAM01,cb_intrinsic,L,0,auxiliary_partner
KCg-m-L-t5,114522,PAM07,cb_intrinsic,R,0,auxiliary_partner
KCg-m-L-t5,114661,PAM11,cb_intrinsic,R,0,auxiliary_partner
KCg-m-L-t5,114700,PAM01,cb_intrinsic,R,0,auxiliary_partner
KCg-m-L-t5,114956,KCg-m,cb_intrinsic,L,1,seed_kc
KCg-m-L-t5,115234,KCg-m,cb_intrinsic,L,1,seed_kc
KCg-m-L-t5,115287,KCg-m,cb_intrinsic,L,1,seed_kc
KCg-m-L-t5,115617,PAM04,cb_intrinsic,L,0,auxiliary_partner
KCg-m-L-t5,115664,KCg-m,cb_intrinsic,L,1,seed_kc
KCg-m-L-t5,115711,KCg-m,cb_intrinsic,L,1,seed_kc
KCg-m-L-t5,115868,PAM14,cb_intrinsic,R,0,auxiliary_partner
KCg-m-L-t5,116084,KCg-m,cb_intrinsic,L,1,seed_kc
KCg-m-L-t5,116218,KCg-m,cb_intrinsic,L,1,seed_kc
KCg-m-L-t5,116436,KCg-m,cb_intrinsic,L,1,seed_kc
KCg-m-L-t5,116518,KCg-m,cb_intrinsic,L,1,seed_kc
KCg-m-L-t5,116550,KCg-m,cb_intrinsic,L,1,seed_kc
KCg-m-L-t5,116553,KCg-m,cb_intrinsic,L,1,seed_kc
KCg-m-L-t5,116973,KCg-m,cb_intrinsic,L,1,seed_kc
KCg-m-L-t5,117051,KCg-m,cb_intrinsic,L,1,seed_kc
KCg-m-L-t5,117135,KCg-m,cb_intrinsic,L,1,seed_kc
KCg-m-L-t5,117286,KCg-m,cb_intrinsic,L,1,seed_kc
KCg-m-L-t5,117513,KCg-m,cb_intrinsic,L,1,seed_kc
KCg-m-L-t5,117782,PAM08,cb_intrinsic,L,0,auxiliary_partner
KCg-m-L-t5,118000,KCg-m,cb_intrinsic,L,1,seed_kc
KCg-m-L-t5,118100,KCg-m,cb_intrinsic,L,1,seed_kc
KCg-m-L-t5,118508,KCg-m,cb_intrinsic,L,1,seed_kc
KCg-m-L-t5,118732,KCg-m,cb_intrinsic,L,1,seed_kc
KCg-m-L-t5,119144,KCg-m,cb_intrinsic,L,1,seed_kc
KCg-m-L-t5,119152,KCg-m,cb_intrinsic,L,1,seed_kc
KCg-m-L-t5,119475,KCg-m,cb_intrinsic,L,1,seed_kc
KCg-m-L-t5,119499,PAM08,cb_intrinsic,L,0,auxiliary_partner
KCg-m-L-t5,119536,KCg-m,cb_intrinsic,L,1,seed_kc
KCg-m-L-t5,119612,KCg-m,cb_intrinsic,L,1,seed_kc
KCg-m-L-t5,119763,PAM11,cb_intrinsic,L,0,auxiliary_partner
KCg-m-L-t5,120259,PAM04,cb_intrinsic,R,0,auxiliary_partner
KCg-m-L-t5,120313,KCg-m,cb_intrinsic,L,1,seed_kc
KCg-m-L-t5,120642,KCg-m,cb_intrinsic,L,1,seed_kc
KCg-m-L-t5,120768,PAM07,cb_intrinsic,R,0,auxiliary_partner
KCg-m-L-t5,120818,KCg-m,cb_intrinsic,L,1,seed_kc
KCg-m-L-t5,120853,KCg-m,cb_intrinsic,L,1,seed_kc
KCg-m-L-t5,121501,KCg-m,cb_intrinsic,L,1,seed_kc
KCg-m-L-t5,121712,KCg-m,cb_intrinsic,L,1,seed_kc
KCg-m-L-t5,122062,PAM08,cb_intrinsic,R,0,auxiliary_partner
KCg-m-L-t5,122077,KCg-m,cb_intrinsic,L,1,seed_kc
KCg-m-L-t5,122285,KCg-m,cb_intrinsic,L,1,seed_kc
KCg-m-L-t5,122326,KCg-m,cb_intrinsic,L,1,seed_kc
KCg-m-L-t5,122378,KCg-m,cb_intrinsic,L,1,seed_kc
KCg-m-L-t5,122481,KCg-m,cb_intrinsic,L,1,seed_kc
KCg-m-L-t5,122595,KCg-m,cb_intrinsic,L,1,seed_kc
KCg-m-L-t5,122703,KCg-m,cb_intrinsic,L,1,seed_kc
KCg-m-L-t5,122979,KCg-m,cb_intrinsic,L,1,seed_kc
KCg-m-L-t5,123263,KCg-m,cb_intrinsic,L,1,seed_kc
KCg-m-L-t5,123404,KCg-m,cb_intrinsic,L,1,seed_kc
KCg-m-L-t5,123477,KCg-m,cb_intrinsic,L,1,seed_kc
KCg-m-L-t5,123494,KCg-m,cb_intrinsic,L,1,seed_kc
KCg-m-L-t5,123684,KCg-m,cb_intrinsic,L,1,seed_kc
KCg-m-L-t5,123841,KCg-m,cb_intrinsic,L,1,seed_kc
KCg-m-L-t5,124021,KCg-m,cb_intrinsic,L,1,seed_kc
KCg-m-L-t5,124046,KCg-m,cb_intrinsic,L,1,seed_kc
KCg-m-L-t5,124370,KCg-m,cb_intrinsic,L,1,seed_kc
KCg-m-L-t5,124690,KCg-m,cb_intrinsic,L,1,seed_kc
KCg-m-L-t5,124918,PAM04,cb_intrinsic,L,0,auxiliary_partner
KCg-m-L-t5,125080,PAM04,cb_intrinsic,L,0,auxiliary_partner
KCg-m-L-t5,125552,KCg-m,cb_intrinsic,L,1,seed_kc
KCg-m-L-t5,126501,PAM06,cb_intrinsic,L,0,auxiliary_partner
KCg-m-L-t5,126766,KCg-m,cb_intrinsic,L,1,seed_kc
KCg-m-L-t5,126779,KCg-m,cb_intrinsic,L,1,seed_kc
KCg-m-L-t5,126815,KCg-m,cb_intrinsic,L,1,seed_kc
KCg-m-L-t5,126900,PAM12,cb_intrinsic,L,0,auxiliary_partner
KCg-m-L-t5,126973,KCg-m,cb_intrinsic,L,1,seed_kc
KCg-m-L-t5,127130,KCg-m,cb_intrinsic,L,1,seed_kc
KCg-m-L-t5,127203,KCg-m,cb_intrinsic,L,1,seed_kc
KCg-m-L-t5,127225,KCg-m,cb_intrinsic,L,1,seed_kc
KCg-m-L-t5,127372,KCg-m,cb_intrinsic,L,1,seed_kc
KCg-m-L-t5,127593,KCg-m,cb_intrinsic,L,1,seed_kc
KCg-m-L-t5,127659,PAM02,cb_intrinsic,L,0,auxiliary_partner
KCg-m-L-t5,127944,KCg-m,cb_intrinsic,L,1,seed_kc
KCg-m-L-t5,127980,KCg-m,cb_intrinsic,L,1,seed_kc
KCg-m-L-t5,128076,PAM04,cb_intrinsic,R,0,auxiliary_partner
KCg-m-L-t5,128097,KCg-m,cb_intrinsic,L,1,seed_kc
KCg-m-L-t5,128352,KCg-m,cb_intrinsic,L,1,seed_kc
KCg-m-L-t5,128471,KCg-m,cb_intrinsic,L,1,seed_kc
KCg-m-L-t5,128901,KCg-m,cb_intrinsic,L,1,seed_kc
KCg-m-L-t5,128929,KCg-m,cb_intrinsic,L,1,seed_kc
KCg-m-L-t5,129430,PAM08,cb_intrinsic,L,0,auxiliary_partner
KCg-m-L-t5,129563,PAM01,cb_intrinsic,R,0,auxiliary_partner
KCg-m-L-t5,129627,KCg-m,cb_intrinsic,L,1,seed_kc
KCg-m-L-t5,129866,KCg-m,cb_intrinsic,L,1,seed_kc
KCg-m-L-t5,130324,KCg-m,cb_intrinsic,L,1,seed_kc
KCg-m-L-t5,130439,KCg-m,cb_intrinsic,L,1,seed_kc
KCg-m-L-t5,130556,KCg-m,cb_intrinsic,L,1,seed_kc
KCg-m-L-t5,130580,KCg-m,cb_intrinsic,L,1,seed_kc
KCg-m-L-t5,130920,KCg-m,cb_intrinsic,L,1,seed_kc
KCg-m-L-t5,130972,KCg-m,cb_intrinsic,L,1,seed_kc
KCg-m-L-t5,131198,KCg-m,cb_intrinsic,L,1,seed_kc
KCg-m-L-t5,131268,KCg-m,cb_intrinsic,L,1,seed_kc
KCg-m-L-t5,131332,KCg-m,cb_intrinsic,L,1,seed_kc
KCg-m-L-t5,131373,KCg-m,cb_intrinsic,L,1,seed_kc
KCg-m-L-t5,131419,PAM06,cb_intrinsic,R,0,auxiliary_partner
KCg-m-L-t5,131423,KCg-m,cb_intrinsic,L,1,seed_kc
KCg-m-L-t5,131597,KCg-m,cb_intrinsic,L,1,seed_kc
KCg-m-L-t5,131607,PAM07,cb_intrinsic,L,0,auxiliary_partner
KCg-m-L-t5,131620,KCg-m,cb_intrinsic,L,1,seed_kc
KCg-m-L-t5,131954,KCg-m,cb_intrinsic,L,1,seed_kc
KCg-m-L-t5,132051,KCg-m,cb_intrinsic,L,1,seed_kc
KCg-m-L-t5,132467,KCg-m,cb_intrinsic,L,1,seed_kc
KCg-m-L-t5,132513,PAM06,cb_intrinsic,R,0,auxiliary_partner
KCg-m-L-t5,132598,KCg-m,cb_intrinsic,L,1,seed_kc
KCg-m-L-t5,132747,KCg-m,cb_intrinsic,L,1,seed_kc
KCg-m-L-t5,132978,KCg-m,cb_intrinsic,L,1,seed_kc
KCg-m-L-t5,133019,PAM08,cb_intrinsic,R,0,auxiliary_partner
KCg-m-L-t5,133066,KCg-m,cb_intrinsic,L,1,seed_kc
KCg-m-L-t5,133249,KCg-m,cb_intrinsic,L,1,seed_kc
KCg-m-L-t5,133316,KCg-m,cb_intrinsic,L,1,seed_kc
KCg-m-L-t5,133435,KCg-m,cb_intrinsic,L,1,seed_kc
KCg-m-L-t5,133479,KCg-m,cb_intrinsic,L,1,seed_kc
KCg-m-L-t5,133500,KCg-m,cb_intrinsic,L,1,seed_kc
KCg-m-L-t5,133550,KCg-m,cb_intrinsic,L,1,seed_kc
KCg-m-L-t5,133564,KCg-m,cb_intrinsic,L,1,seed_kc
KCg-m-L-t5,133607,KCg-m,cb_intrinsic,L,1,seed_kc
KCg-m-L-t5,133630,KCg-m,cb_intrinsic,L,1,seed_kc
KCg-m-L-t5,134059,KCg-m,cb_intrinsic,L,1,seed_kc
KCg-m-L-t5,134161,KCg-m,cb_intrinsic,L,1,seed_kc
KCg-m-L-t5,134256,KCg-m,cb_intrinsic,L,1,seed_kc
KCg-m-L-t5,134265,PAM06,cb_intrinsic,R,0,auxiliary_partner
KCg-m-L-t5,134430,KCg-m,cb_intrinsic,L,1,seed_kc
KCg-m-L-t5,134742,KCg-m,cb_intrinsic,L,1,seed_kc
KCg-m-L-t5,134769,PAM06,cb_intrinsic,R,0,auxiliary_partner
KCg-m-L-t5,134865,KCg-m,cb_intrinsic,L,1,seed_kc
KCg-m-L-t5,134869,PAM06,cb_intrinsic,L,0,auxiliary_partner
KCg-m-L-t5,134965,KCg-m,cb_intrinsic,L,1,seed_kc
KCg-m-L-t5,135046,PAM02,cb_intrinsic,L,0,auxiliary_partner
KCg-m-L-t5,135158,KCg-m,cb_intrinsic,L,1,seed_kc
KCg-m-L-t5,135171,PAM12,cb_intrinsic,R,0,auxiliary_partner
KCg-m-L-t5,135287,PAM05,cb_intrinsic,L,0,auxiliary_partner
KCg-m-L-t5,135290,PAM15,cb_intrinsic,R,0,auxiliary_partner
KCg-m-L-t5,135363,KCg-m,cb_intrinsic,L,1,seed_kc
KCg-m-L-t5,135480,KCg-m,cb_intrinsic,L,1,seed_kc
KCg-m-L-t5,135506,KCg-m,cb_intrinsic,L,1,seed_kc
KCg-m-L-t5,135578,PAM08,cb_intrinsic,L,0,auxiliary_partner
KCg-m-L-t5,135773,KCg-m,cb_intrinsic,L,1,seed_kc
KCg-m-L-t5,135783,KCg-m,cb_intrinsic,L,1,seed_kc
KCg-m-L-t5,135825,KCg-m,cb_intrinsic,L,1,seed_kc
KCg-m-L-t5,135847,KCg-m,cb_intrinsic,L,1,seed_kc
KCg-m-L-t5,135883,KCg-m,cb_intrinsic,L,1,seed_kc
KCg-m-L-t5,136024,PAM06,cb_intrinsic,L,0,auxiliary_partner
KCg-m-L-t5,136101,KCg-m,cb_intrinsic,L,1,seed_kc
KCg-m-L-t5,136127,KCg-m,cb_intrinsic,L,1,seed_kc
KCg-m-L-t5,136144,PAM08,cb_intrinsic,R,0,auxiliary_partner
KCg-m-L-t5,136215,PAM06,cb_intrinsic,L,0,auxiliary_partner
KCg-m-L-t5,136525,KCg-m,cb_intrinsic,L,1,seed_kc
KCg-m-L-t5,136581,KCg-m,cb_intrinsic,L,1,seed_kc
KCg-m-L-t5,136705,KCg-m,cb_intrinsic,L,1,seed_kc
KCg-m-L-t5,136896,KCg-m,cb_intrinsic,L,1,seed_kc
KCg-m-L-t5,136943,KCg-m,cb_intrinsic,L,1,seed_kc
KCg-m-L-t5,136988,KCg-m,cb_intrinsic,L,1,seed_kc
KCg-m-L-t5,137061,KCg-m,cb_intrinsic,L,1,seed_kc
KCg-m-L-t5,137072,KCg-m,cb_intrinsic,L,1,seed_kc
KCg-m-L-t5,137174,KCg-m,cb_intrinsic,L,1,seed_kc
KCg-m-L-t5,137321,PAM04,cb_intrinsic,L,0,auxiliary_partner
KCg-m-L-t5,137373,PAM06,cb_intrinsic,L,0,auxiliary_partner
KCg-m-L-t5,137438,KCg-m,cb_intrinsic,L,1,seed_kc
KCg-m-L-t5,137484,KCg-m,cb_intrinsic,L,1,seed_kc
KCg-m-L-t5,137539,PAM11,cb_intrinsic,R,0,auxiliary_partner
KCg-m-L-t5,137546,KCg-m,cb_intrinsic,L,1,seed_kc
KCg-m-L-t5,137595,PAM07,cb_intrinsic,R,0,auxiliary_partner
KCg-m-L-t5,137789,KCg-m,cb_intrinsic,L,1,seed_kc
KCg-m-L-t5,137890,KCg-m,cb_intrinsic,L,1,seed_kc
KCg-m-L-t5,138053,KCg-m,cb_intrinsic,L,1,seed_kc
KCg-m-L-t5,138378,KCg-m,cb_intrinsic,L,1,seed_kc
KCg-m-L-t5,138439,KCg-m,cb_intrinsic,L,1,seed_kc
KCg-m-L-t5,138447,KCg-m,cb_intrinsic,L,1,seed_kc
KCg-m-L-t5,138451,KCg-m,cb_intrinsic,L,1,seed_kc
KCg-m-L-t5,138564,KCg-m,cb_intrinsic,L,1,seed_kc
KCg-m-L-t5,138585,PAM12,cb_intrinsic,L,0,auxiliary_partner
KCg-m-L-t5,138629,PAM01,cb_intrinsic,L,0,auxiliary_partner
KCg-m-L-t5,138634,KCg-m,cb_intrinsic,L,1,seed_kc
KCg-m-L-t5,138810,KCg-m,cb_intrinsic,L,1,seed_kc
KCg-m-L-t5,138822,PAM11,cb_intrinsic,L,0,auxiliary_partner
KCg-m-L-t5,138935,KCg-m,cb_intrinsic,L,1,seed_kc
KCg-m-L-t5,138968,KCg-m,cb_intrinsic,L,1,seed_kc
KCg-m-L-t5,139039,KCg-m,cb_intrinsic,L,1,seed_kc
KCg-m-L-t5,139093,KCg-m,cb_intrinsic,L,1,seed_kc
KCg-m-L-t5,139280,PAM12,cb_intrinsic,R,0,auxiliary_partner
KCg-m-L-t5,139378,PAM12,cb_intrinsic,R,0,auxiliary_partner
KCg-m-L-t5,139508,KCg-m,cb_intrinsic,L,1,seed_kc
KCg-m-L-t5,139589,KCg-m,cb_intrinsic,L,1,seed_kc
KCg-m-L-t5,139685,KCg-m,cb_intrinsic,L,1,seed_kc
KCg-m-L-t5,139706,PAM11,cb_intrinsic,R,0,auxiliary_partner
KCg-m-L-t5,139943,KCg-m,cb_intrinsic,L,1,seed_kc
KCg-m-L-t5,139970,KCg-m,cb_intrinsic,L,1,seed_kc
KCg-m-L-t5,139988,KCg-m,cb_intrinsic,L,1,seed_kc
KCg-m-L-t5,140180,KCg-m,cb_intrinsic,L,1,seed_kc
KCg-m-L-t5,140271,PAM06,cb_intrinsic,R,0,auxiliary_partner
KCg-m-L-t5,140365,KCg-m,cb_intrinsic,L,1,seed_kc
KCg-m-L-t5,140461,KCg-m,cb_intrinsic,L,1,seed_kc
KCg-m-L-t5,140661,KCg-m,cb_intrinsic,L,1,seed_kc
KCg-m-L-t5,140726,KCg-m,cb_intrinsic,L,1,seed_kc
KCg-m-L-t5,140737,KCg-m,cb_intrinsic,L,1,seed_kc
KCg-m-L-t5,140795,KCg-m,cb_intrinsic,L,1,seed_kc
KCg-m-L-t5,140867,KCg-m,cb_intrinsic,L,1,seed_kc
KCg-m-L-t5,140883,KCg-m,cb_intrinsic,L,1,seed_kc
KCg-m-L-t5,140943,KCg-m,cb_intrinsic,L,1,seed_kc
KCg-m-L-t5,140995,KCg-m,cb_intrinsic,L,1,seed_kc
KCg-m-L-t5,141046,KCg-m,cb_intrinsic,L,1,seed_kc
KCg-m-L-t5,141246,PAM02,cb_intrinsic,L,0,auxiliary_partner
KCg-m-L-t5,141249,KCg-m,cb_intrinsic,L,1,seed_kc
KCg-m-L-t5,141299,KCg-m,cb_intrinsic,L,1,seed_kc
KCg-m-L-t5,141343,KCg-m,cb_intrinsic,L,1,seed_kc
KCg-m-L-t5,141510,PAM15,cb_intrinsic,R,0,auxiliary_partner
KCg-m-L-t5,141602,KCg-m,cb_intrinsic,L,1,seed_kc
KCg-m-L-t5,141615,PAM01,cb_intrinsic,R,0,auxiliary_partner
KCg-m-L-t5,141659,KCg-m,cb_intrinsic,L,1,seed_kc
KCg-m-L-t5,141709,KCg-m,cb_intrinsic,L,1,seed_kc
KCg-m-L-t5,141772,KCg-m,cb_intrinsic,L,1,seed_kc
KCg-m-L-t5,141840,KCg-m,cb_intrinsic,L,1,seed_kc
KCg-m-L-t5,142083,KCg-m,cb_intrinsic,L,1,seed_kc
KCg-m-L-t5,142209,KCg-m,cb_intrinsic,L,1,seed_kc
KCg-m-L-t5,142238,PAM02,cb_intrinsic,R,0,auxiliary_partner
KCg-m-L-t5,142299,KCg-m,cb_intrinsic,L,1,seed_kc
KCg-m-L-t5,142470,KCg-m,cb_intrinsic,L,1,seed_kc
KCg-m-L-t5,142528,PAM09,cb_intrinsic,R,0,auxiliary_partner
KCg-m-L-t5,142538,PAM08,cb_intrinsic,R,0,auxiliary_partner
KCg-m-L-t5,142660,PAM13,cb_intrinsic,R,0,auxiliary_partner
KCg-m-L-t5,142732,KCg-m,cb_intrinsic,L,1,seed_kc
KCg-m-L-t5,142898,PAM06,cb_intrinsic,R,0,auxiliary_partner
KCg-m-L-t5,142994,KCg-m,cb_intrinsic,L,1,seed_kc
KCg-m-L-t5,143029,KCg-m,cb_intrinsic,L,1,seed_kc
KCg-m-L-t5,143120,PAM10,cb_intrinsic,L,0,auxiliary_partner
KCg-m-L-t5,143426,KCg-m,cb_intrinsic,L,1,seed_kc
KCg-m-L-t5,143487,KCg-m,cb_intrinsic,L,1,seed_kc
KCg-m-L-t5,143757,KCg-m,cb_intrinsic,L,1,seed_kc
KCg-m-L-t5,143947,KCg-m,cb_intrinsic,L,1,seed_kc
KCg-m-L-t5,144122,KCg-m,cb_intrinsic,L,1,seed_kc
KCg-m-L-t5,144126,PAM02,cb_intrinsic,R,0,auxiliary_partner
KCg-m-L-t5,144230,KCg-m,cb_intrinsic,L,1,seed_kc
KCg-m-L-t5,144315,PAM01,cb_intrinsic,R,0,auxiliary_partner
KCg-m-L-t5,144317,KCg-m,cb_intrinsic,L,1,seed_kc
KCg-m-L-t5,144512,KCg-m,cb_intrinsic,L,1,seed_kc
KCg-m-L-t5,144570,KCg-m,cb_intrinsic,L,1,seed_kc
KCg-m-L-t5,144625,PAM12,cb_intrinsic,L,0,auxiliary_partner
KCg-m-L-t5,144678,PAM04,cb_intrinsic,R,0,auxiliary_partner
KCg-m-L-t5,144730,KCg-m,cb_intrinsic,L,1,seed_kc
KCg-m-L-t5,145022,PAM02,cb_intrinsic,L,0,auxiliary_partner
KCg-m-L-t5,145094,PAM01,cb_intrinsic,R,0,auxiliary_partner
KCg-m-L-t5,145143,KCg-m,cb_intrinsic,L,1,seed_kc
KCg-m-L-t5,145148,PAM01,cb_intrinsic,L,0,auxiliary_partner
KCg-m-L-t5,145268,KCg-m,cb_intrinsic,L,1,seed_kc
KCg-m-L-t5,145324,PAM02,cb_intrinsic,L,0,auxiliary_partner
KCg-m-L-t5,145355,KCg-m,cb_intrinsic,L,1,seed_kc
KCg-m-L-t5,145371,PAM05,cb_intrinsic,L,0,auxiliary_partner
KCg-m-L-t5,145574,KCg-m,cb_intrinsic,L,1,seed_kc
KCg-m-L-t5,145610,KCg-m,cb_intrinsic,L,1,seed_kc
KCg-m-L-t5,145641,KCg-m,cb_intrinsic,L,1,seed_kc
KCg-m-L-t5,145749,PAM11,cb_intrinsic,L,0,auxiliary_partner
KCg-m-L-t5,145792,KCg-m,cb_intrinsic,L,1,seed_kc
KCg-m-L-t5,145869,KCg-m,cb_intrinsic,L,1,seed_kc
KCg-m-L-t5,145974,KCg-m,cb_intrinsic,L,1,seed_kc
KCg-m-L-t5,146058,PAM08,cb_intrinsic,R,0,auxiliary_partner
KCg-m-L-t5,146084,KCg-m,cb_intrinsic,L,1,seed_kc
KCg-m-L-t5,146128,KCg-m,cb_intrinsic,L,1,seed_kc
KCg-m-L-t5,146418,PAM12,cb_intrinsic,R,0,auxiliary_partner
KCg-m-L-t5,146603,PAM01,cb_intrinsic,R,0,auxiliary_partner
KCg-m-L-t5,146773,PAM04,cb_intrinsic,R,0,auxiliary_partner
KCg-m-L-t5,146774,PAM14,cb_intrinsic,R,0,auxiliary_partner
KCg-m-L-t5,146925,KCg-m,cb_intrinsic,L,1,seed_kc
KCg-m-L-t5,147040,KCg-m,cb_intrinsic,L,1,seed_kc
KCg-m-L-t5,147068,KCg-m,cb_intrinsic,L,1,seed_kc
KCg-m-L-t5,147184,PAM08,cb_intrinsic,L,0,auxiliary_partner
KCg-m-L-t5,147185,KCg-m,cb_intrinsic,L,1,seed_kc
KCg-m-L-t5,147589,KCg-m,cb_intrinsic,L,1,seed_kc
KCg-m-L-t5,147591,PAM06,cb_intrinsic,R,0,auxiliary_partner
KCg-m-L-t5,147646,KCg-m,cb_intrinsic,L,1,seed_kc
KCg-m-L-t5,147696,KCg-m,cb_intrinsic,L,1,seed_kc
KCg-m-L-t5,147700,KCg-m,cb_intrinsic,L,1,seed_kc
KCg-m-L-t5,147812,KCg-m,cb_intrinsic,L,1,seed_kc
KCg-m-L-t5,147857,PAM11,cb_intrinsic,L,0,auxiliary_partner
KCg-m-L-t5,147953,KCg-m,cb_intrinsic,L,1,seed_kc
KCg-m-L-t5,148122,KCg-m,cb_intrinsic,L,1,seed_kc
KCg-m-L-t5,148161,KCg-m,cb_intrinsic,L,1,seed_kc
KCg-m-L-t5,148198,KCg-m,cb_intrinsic,L,1,seed_kc
KCg-m-L-t5,148328,PAM02,cb_intrinsic,L,0,auxiliary_partner
KCg-m-L-t5,148344,KCg-m,cb_intrinsic,L,1,seed_kc
KCg-m-L-t5,148464,KCg-m,cb_intrinsic,L,1,seed_kc
KCg-m-L-t5,148469,PAM02,cb_intrinsic,L,0,auxiliary_partner
KCg-m-L-t5,148486,KCg-m,cb_intrinsic,L,1,seed_kc
KCg-m-L-t5,148498,KCg-m,cb_intrinsic,L,1,seed_kc
KCg-m-L-t5,148529,KCg-m,cb_intrinsic,L,1,seed_kc
KCg-m-L-t5,148588,KCg-m,cb_intrinsic,L,1,seed_kc
KCg-m-L-t5,148844,KCg-m,cb_intrinsic,L,1,seed_kc
KCg-m-L-t5,148930,KCg-m,cb_intrinsic,L,1,seed_kc
KCg-m-L-t5,148989,KCg-m,cb_intrinsic,L,1,seed_kc
KCg-m-L-t5,149199,KCg-m,cb_intrinsic,L,1,seed_kc
KCg-m-L-t5,149297,KCg-m,cb_intrinsic,L,1,seed_kc
KCg-m-L-t5,149720,KCg-m,cb_intrinsic,L,1,seed_kc
KCg-m-L-t5,149820,KCg-m,cb_intrinsic,L,1,seed_kc
KCg-m-L-t5,149878,KCg-m,cb_intrinsic,L,1,seed_kc
KCg-m-L-t5,150177,PAM01,cb_intrinsic,L,0,auxiliary_partner
KCg-m-L-t5,150633,KCg-m,cb_intrinsic,L,1,seed_kc
KCg-m-L-t5,150732,KCg-m,cb_intrinsic,L,1,seed_kc
KCg-m-L-t5,150781,KCg-m,cb_intrinsic,L,1,seed_kc
KCg-m-L-t5,150828,PAM02,cb_intrinsic,L,0,auxiliary_partner
KCg-m-L-t5,150983,PAM14,cb_intrinsic,L,0,auxiliary_partner
KCg-m-L-t5,151013,PAM03,cb_intrinsic,L,0,auxiliary_partner
KCg-m-L-t5,151133,PAM06,cb_intrinsic,L,0,auxiliary_partner
KCg-m-L-t5,151187,KCg-m,cb_intrinsic,L,1,seed_kc
KCg-m-L-t5,151277,KCg-m,cb_intrinsic,L,1,seed_kc
KCg-m-L-t5,151993,PAM05,cb_intrinsic,R,0,auxiliary_partner
KCg-m-L-t5,152019,PAM08,cb_intrinsic,R,0,auxiliary_partner
KCg-m-L-t5,152025,KCg-m,cb_intrinsic,L,1,seed_kc
KCg-m-L-t5,152044,PAM08,cb_intrinsic,R,0,auxiliary_partner
KCg-m-L-t5,152056,PAM06,cb_intrinsic,L,0,auxiliary_partner
KCg-m-L-t5,152118,KCg-m,cb_intrinsic,L,1,seed_kc
KCg-m-L-t5,152291,PAM14,cb_intrinsic,L,0,auxiliary_partner
KCg-m-L-t5,152326,PAM13,cb_intrinsic,L,0,auxiliary_partner
KCg-m-L-t5,152385,PAM08,cb_intrinsic,R,0,auxiliary_partner
KCg-m-L-t5,152428,PAM12,cb_intrinsic,L,0,auxiliary_partner
KCg-m-L-t5,152548,KCg-m,cb_intrinsic,L,1,seed_kc
KCg-m-L-t5,152943,KCg-m,cb_intrinsic,L,1,seed_kc
KCg-m-L-t5,152964,KCg-m,cb_intrinsic,L,1,seed_kc
KCg-m-L-t5,152997,PAM05,cb_intrinsic,L,0,auxiliary_partner
KCg-m-L-t5,153035,PAM04,cb_intrinsic,L,0,auxiliary_partner
KCg-m-L-t5,153635,KCg-m,cb_intrinsic,L,1,seed_kc
KCg-m-L-t5,153771,PAM07,cb_intrinsic,L,0,auxiliary_partner
KCg-m-L-t5,153817,KCg-m,cb_intrinsic,L,1,seed_kc
KCg-m-L-t5,153931,PAM01,cb_intrinsic,L,0,auxiliary_partner
KCg-m-L-t5,154046,KCg-m,cb_intrinsic,L,1,seed_kc
KCg-m-L-t5,154230,PAM05,cb_intrinsic,R,0,auxiliary_partner
KCg-m-L-t5,154387,PAM14,cb_intrinsic,L,0,auxiliary_partner
KCg-m-L-t5,154465,KCg-m,cb_intrinsic,L,1,seed_kc
KCg-m-L-t5,154739,KCg-m,cb_intrinsic,L,1,seed_kc
KCg-m-L-t5,155312,KCg-m,cb_intrinsic,L,1,seed_kc
KCg-m-L-t5,155329,PAM02,cb_intrinsic,R,0,auxiliary_partner
KCg-m-L-t5,155916,PAM01,cb_intrinsic,L,0,auxiliary_partner
KCg-m-L-t5,156028,PAM01,cb_intrinsic,R,0,auxiliary_partner
KCg-m-L-t5,156046,PAM01,cb_intrinsic,L,0,auxiliary_partner
KCg-m-L-t5,156450,KCg-m,cb_intrinsic,L,1,seed_kc
KCg-m-L-t5,156528,KCg-m,cb_intrinsic,L,1,seed_kc
KCg-m-L-t5,156664,KCg-m,cb_intrinsic,L,1,seed_kc
KCg-m-L-t5,157016,PAM11,cb_intrinsic,L,0,auxiliary_partner
KCg-m-L-t5,157134,PAM08,cb_intrinsic,R,0,auxiliary_partner
KCg-m-L-t5,157257,PAM12,cb_intrinsic,L,0,auxiliary_partner
KCg-m-L-t5,157370,PAM13,cb_intrinsic,R,0,auxiliary_partner
KCg-m-L-t5,157683,PAM04,cb_intrinsic,R,0,auxiliary_partner
KCg-m-L-t5,157767,PAM05,cb_intrinsic,R,0,auxiliary_partner
KCg-m-L-t5,157816,PAM04,cb_intrinsic,L,0,auxiliary_partner
KCg-m-L-t5,158196,PAM04,cb_intrinsic,L,0,auxiliary_partner
KCg-m-L-t5,158328,KCg-m,cb_intrinsic,L,1,seed_kc
KCg-m-L-t5,158372,PAM08,cb_intrinsic,L,0,auxiliary_partner
KCg-m-L-t5,158651,PAM06,cb_intrinsic,L,0,auxiliary_partner
KCg-m-L-t5,158676,KCg-m,cb_intrinsic,L,1,seed_kc
KCg-m-L-t5,158917,PAM12,cb_intrinsic,R,0,auxiliary_partner
KCg-m-L-t5,159062,PAM01,cb_intrinsic,L,0,auxiliary_partner
KCg-m-L-t5,159158,PAM01,cb_intrinsic,L,0,auxiliary_partner
KCg-m-L-t5,159261,KCg-m,cb_intrinsic,L,1,seed_kc
KCg-m-L-t5,159831,PAM14,cb_intrinsic,L,0,auxiliary_partner
KCg-m-L-t5,160277,PAM06,cb_intrinsic,R,0,auxiliary_partner
KCg-m-L-t5,161079,PAM15,cb_intrinsic,L,0,auxiliary_partner
KCg-m-L-t5,161153,PAM08,cb_intrinsic,L,0,auxiliary_partner
KCg-m-L-t5,161596,PAM14,cb_intrinsic,R,0,auxiliary_partner
KCg-m-L-t5,161706,KCg-m,cb_intrinsic,L,1,seed_kc
KCg-m-L-t5,162050,PAM08,cb_intrinsic,L,0,auxiliary_partner
KCg-m-L-t5,162116,PAM13,cb_intrinsic,L,0,auxiliary_partner
KCg-m-L-t5,162631,PAM13,cb_intrinsic,R,0,auxiliary_partner
KCg-m-L-t5,163194,PAM06,cb_intrinsic,R,0,auxiliary_partner
KCg-m-L-t5,163698,KCg-m,cb_intrinsic,L,1,seed_kc
KCg-m-L-t5,163735,KCg-m,cb_intrinsic,L,1,seed_kc
KCg-m-L-t5,163883,PAM03,cb_intrinsic,L,0,auxiliary_partner
KCg-m-L-t5,163951,PAM06,cb_intrinsic,R,0,auxiliary_partner
KCg-m-L-t5,164086,PAM01,cb_intrinsic,R,0,auxiliary_partner
KCg-m-L-t5,164279,PAM14,cb_intrinsic,R,0,auxiliary_partner
KCg-m-L-t5,164601,PAM14,cb_intrinsic,L,0,auxiliary_partner
KCg-m-L-t5,165187,PAM05,cb_intrinsic,R,0,auxiliary_partner
KCg-m-L-t5,165365,PAM01,cb_intrinsic,L,0,auxiliary_partner
KCg-m-L-t5,166386,KCg-m,cb_intrinsic,L,1,seed_kc
KCg-m-L-t5,166687,KCg-m,cb_intrinsic,L,1,seed_kc
KCg-m-L-t5,167009,PAM01,cb_intrinsic,R,0,auxiliary_partner
KCg-m-L-t5,167073,PAM14,cb_intrinsic,R,0,auxiliary_partner
KCg-m-L-t5,167474,KCg-m,cb_intrinsic,L,1,seed_kc
KCg-m-L-t5,168020,PAM03,cb_intrinsic,L,0,auxiliary_partner
KCg-m-L-t5,168080,PAM03,cb_intrinsic,L,0,auxiliary_partner
KCg-m-L-t5,169027,PAM03,cb_intrinsic,R,0,auxiliary_partner
KCg-m-L-t5,169278,PAM01,cb_intrinsic,L,0,auxiliary_partner
KCg-m-L-t5,169674,PAM04,cb_intrinsic,L,0,auxiliary_partner
KCg-m-L-t5,170450,PAM10,cb_intrinsic,L,0,auxiliary_partner
KCg-m-L-t5,170467,PAM03,cb_intrinsic,R,0,auxiliary_partner
KCg-m-L-t5,171283,KCg-m,cb_intrinsic,L,1,seed_kc
KCg-m-L-t5,171959,PAM02,cb_intrinsic,R,0,auxiliary_partner
KCg-m-L-t5,171985,KCg-m,cb_intrinsic,L,1,seed_kc
KCg-m-L-t5,172298,KCg-m,cb_intrinsic,L,1,seed_kc
KCg-m-L-t5,172492,KCg-m,cb_intrinsic,L,1,seed_kc
KCg-m-L-t5,174255,PAM14,cb_intrinsic,L,0,auxiliary_partner
KCg-m-L-t5,174384,PAM03,cb_intrinsic,R,0,auxiliary_partner
KCg-m-L-t5,174672,PAM08,cb_intrinsic,L,0,auxiliary_partner
KCg-m-L-t5,174862,PAM08,cb_intrinsic,R,0,auxiliary_partner
KCg-m-L-t5,175232,PAM13,cb_intrinsic,L,0,auxiliary_partner
KCg-m-L-t5,175459,PAM08,cb_intrinsic,L,0,auxiliary_partner
KCg-m-L-t5,175767,KCg-m,cb_intrinsic,L,1,seed_kc
KCg-m-L-t5,175918,KCg-m,cb_intrinsic,L,1,seed_kc
KCg-m-L-t5,175964,PAM08,cb_intrinsic,R,0,auxiliary_partner
KCg-m-L-t5,176429,PAM04,cb_intrinsic,L,0,auxiliary_partner
KCg-m-L-t5,176460,PAM15,cb_intrinsic,R,0,auxiliary_partner
KCg-m-L-t5,177202,PAM03,cb_intrinsic,L,0,auxiliary_partner
KCg-m-L-t5,177603,PAM04,cb_intrinsic,L,0,auxiliary_partner
KCg-m-L-t5,177800,PAM04,cb_intrinsic,L,0,auxiliary_partner
KCg-m-L-t5,178101,PAM08,cb_intrinsic,L,0,auxiliary_partner
KCg-m-L-t5,178487,PAM08,cb_intrinsic,R,0,auxiliary_partner
KCg-m-L-t5,178539,PAM04,cb_intrinsic,R,0,auxiliary_partner
KCg-m-L-t5,178945,PAM10,cb_intrinsic,R,0,auxiliary_partner
KCg-m-L-t5,179398,KCg-m,cb_intrinsic,L,1,seed_kc
KCg-m-L-t5,180494,KCg-m,cb_intrinsic,L,1,seed_kc
KCg-m-L-t5,180757,KCg-m,cb_intrinsic,L,1,seed_kc
KCg-m-L-t5,181924,PAM01,cb_intrinsic,L,0,auxiliary_partner
KCg-m-L-t5,183567,PAM13,cb_intrinsic,L,0,auxiliary_partner
KCg-m-L-t5,184619,KCg-m,cb_intrinsic,L,1,seed_kc
KCg-m-L-t5,184778,PAM08,cb_intrinsic,R,0,auxiliary_partner
KCg-m-L-t5,185386,KCg-m,cb_intrinsic,L,1,seed_kc
KCg-m-L-t5,185518,PAM01,cb_intrinsic,L,0,auxiliary_partner
KCg-m-L-t5,185639,KCg-m,cb_intrinsic,L,1,seed_kc
KCg-m-L-t5,186566,PAM04,cb_intrinsic,R,0,auxiliary_partner
KCg-m-L-t5,188198,KCg-m,cb_intrinsic,L,1,seed_kc
KCg-m-L-t5,190296,PAM02,cb_intrinsic,R,0,auxiliary_partner
KCg-m-L-t5,190297,PAM03,cb_intrinsic,L,0,auxiliary_partner
KCg-m-L-t5,190635,PAM05,cb_intrinsic,R,0,auxiliary_partner
KCg-m-L-t5,191629,KCg-m,cb_intrinsic,L,1,seed_kc
KCg-m-L-t5,192245,PAM05,cb_intrinsic,R,0,auxiliary_partner
KCg-m-L-t5,196030,PAM06,cb_intrinsic,L,0,auxiliary_partner
KCg-m-L-t5,196622,PAM12,cb_intrinsic,R,0,auxiliary_partner
KCg-m-L-t5,196985,PAM05,cb_intrinsic,R,0,auxiliary_partner
KCg-m-L-t5,197691,PAM01,cb_intrinsic,L,0,auxiliary_partner
KCg-m-L-t5,197895,KCg-m,cb_intrinsic,L,1,seed_kc
KCg-m-L-t5,197920,PAM08,cb_intrinsic,R,0,auxiliary_partner
KCg-m-L-t5,198507,PAM13,cb_intrinsic,L,0,auxiliary_partner
KCg-m-L-t5,198758,PAM01,cb_intrinsic,L,0,auxiliary_partner
KCg-m-L-t5,200973,PAM10,cb_intrinsic,R,0,auxiliary_partner
KCg-m-L-t5,202242,KCg-m,cb_intrinsic,L,1,seed_kc
KCg-m-L-t5,202330,PAM13,cb_intrinsic,R,0,auxiliary_partner
KCg-m-L-t5,203682,PAM14,cb_intrinsic,R,0,auxiliary_partner
KCg-m-L-t5,203885,PAM13,cb_intrinsic,R,0,auxiliary_partner
KCg-m-L-t5,204930,PAM11,cb_intrinsic,L,0,auxiliary_partner
KCg-m-L-t5,205884,PAM01,cb_intrinsic,R,0,auxiliary_partner
KCg-m-L-t5,206851,PAM12,cb_intrinsic,R,0,auxiliary_partner
KCg-m-L-t5,207122,PAM13,cb_intrinsic,L,0,auxiliary_partner
KCg-m-L-t5,207463,PAM06,cb_intrinsic,R,0,auxiliary_partner
KCg-m-L-t5,209656,PAM13,cb_intrinsic,L,0,auxiliary_partner
KCg-m-L-t5,212085,PAM01,cb_intrinsic,R,0,auxiliary_partner
KCg-m-L-t5,212160,PAM08,cb_intrinsic,R,0,auxiliary_partner
KCg-m-L-t5,212684,PAM14,cb_intrinsic,L,0,auxiliary_partner
KCg-m-L-t5,213743,PAM05,cb_intrinsic,R,0,auxiliary_partner
KCg-m-L-t5,215931,PAM11,cb_intrinsic,R,0,auxiliary_partner
KCg-m-L-t5,215940,PAM13,cb_intrinsic,L,0,auxiliary_partner
KCg-m-L-t5,217007,PAM06,cb_intrinsic,R,0,auxiliary_partner
KCg-m-L-t5,217737,PAM14,cb_intrinsic,L,0,auxiliary_partner
KCg-m-L-t5,218518,PAM13,cb_intrinsic,R,0,auxiliary_partner
KCg-m-L-t5,218583,PAM04,cb_intrinsic,R,0,auxiliary_partner
KCg-m-L-t5,224160,PAM14,cb_intrinsic,R,0,auxiliary_partner
KCg-m-L-t5,224205,PAM09,cb_intrinsic,R,0,auxiliary_partner
KCg-m-L-t5,224500,PAM11,cb_intrinsic,R,0,auxiliary_partner
KCg-m-L-t5,226452,PAM05,cb_intrinsic,R,0,auxiliary_partner
KCg-m-L-t5,226708,PAM08,cb_intrinsic,R,0,auxiliary_partner
KCg-m-L-t5,230802,PAM05,cb_intrinsic,L,0,auxiliary_partner
KCg-m-L-t5,231413,PAM14,cb_intrinsic,L,0,auxiliary_partner
KCg-m-L-t5,236035,KCg-m,cb_intrinsic,L,1,seed_kc
KCg-m-L-t5,239873,PAM04,cb_intrinsic,L,0,auxiliary_partner
KCg-m-L-t5,242429,PAM08,cb_intrinsic,R,0,auxiliary_partner
KCg-m-L-t5,243477,PAM13,cb_intrinsic,R,0,auxiliary_partner
KCg-m-L-t5,252045,PAM01,cb_intrinsic,R,0,auxiliary_partner
KCg-m-L-t5,257650,PAM02,cb_intrinsic,R,0,auxiliary_partner
KCg-m-L-t5,259089,PAM02,cb_intrinsic,R,0,auxiliary_partner
KCg-m-L-t5,259486,PAM04,cb_intrinsic,R,0,auxiliary_partner
KCg-m-L-t5,273182,PAM11,cb_intrinsic,L,0,auxiliary_partner
KCg-m-L-t5,291665,PAM02,cb_intrinsic,R,0,auxiliary_partner
KCg-m-L-t5,292203,PAM04,cb_intrinsic,L,0,auxiliary_partner
KCg-m-L-t5,297139,PAM04,cb_intrinsic,R,0,auxiliary_partner
KCg-m-L-t5,319321,PAM11,cb_intrinsic,R,0,auxiliary_partner
KCg-m-L-t5,325731,PAM01,cb_intrinsic,R,0,auxiliary_partner
KCg-m-L-t5,336850,PAM03,cb_intrinsic,L,0,auxiliary_partner
KCg-m-L-t5,341512,PAM04,cb_intrinsic,L,0,auxiliary_partner
KCg-m-L-t5,394860,MBON25,cb_intrinsic,R,-1,output_mbon
KCg-m-L-t5,506819,PAM01,cb_intrinsic,R,0,auxiliary_partner
KCg-m-L-t5,512326,PPL105,cb_intrinsic,L,0,auxiliary_partner
KCg-m-L-t5,513174,MBON30,cb_intrinsic,L,-1,output_mbon
KCg-m-L-t5,513175,KCg-m,cb_intrinsic,L,1,seed_kc
KCg-m-L-t5,514004,KCg-m,cb_intrinsic,L,1,seed_kc
KCg-m-L-t5,515048,PPL104,cb_intrinsic,L,0,auxiliary_partner
KCg-m-L-t5,516044,PAM04,cb_intrinsic,R,0,auxiliary_partner
KCg-m-L-t5,517351,DL2d_adPN,cb_intrinsic,L,1,input_partner
KCg-m-L-t5,518072,PAM09,cb_intrinsic,L,0,auxiliary_partner
KCg-m-L-t5,518137,PAM06,cb_intrinsic,L,0,auxiliary_partner
KCg-m-L-t5,519128,MBON27,cb_intrinsic,L,1,output_mbon
KCg-m-L-t5,519371,MBON05,cb_intrinsic,L,-1,output_mbon
KCg-m-L-t5,519616,PPL107,cb_intrinsic,L,0,auxiliary_partner
KCg-m-L-t5,519619,MBON29,cb_intrinsic,L,1,output_mbon
KCg-m-L-t5,519692,LHCENT2,cb_intrinsic,L,-1,input_partner
KCg-m-L-t5,519895,LAL145,cb_intrinsic,L,1,input_partner
KCg-m-L-t5,520151,MBON01,cb_intrinsic,L,-1,output_mbon
KCg-m-L-t5,520384,PAM12,cb_intrinsic,R,0,auxiliary_partner
KCg-m-L-t5,520403,PAM10,cb_intrinsic,L,0,auxiliary_partner
KCg-m-L-t5,520616,PAM11,cb_intrinsic,L,0,auxiliary_partner
KCg-m-L-t5,522981,KCg-m,cb_intrinsic,L,1,seed_kc
KCg-m-L-t5,523382,PAM08,cb_intrinsic,L,0,auxiliary_partner
KCg-m-L-t5,523553,PAM05,cb_intrinsic,L,0,auxiliary_partner
KCg-m-L-t5,523638,PAM01,cb_intrinsic,R,0,auxiliary_partner
KCg-m-L-t5,523791,PAM04,cb_intrinsic,R,0,auxiliary_partner
KCg-m-L-t5,523942,PAM08,cb_intrinsic,R,0,auxiliary_partner
KCg-m-L-t5,523987,MBON29,cb_intrinsic,R,1,output_mbon
KCg-m-L-t5,524069,PAM08,cb_intrinsic,R,0,auxiliary_partner
KCg-m-L-t5,524893,MBON26,cb_intrinsic,L,1,output_mbon
KCg-m-L-t5,525780,MBON04,cb_intrinsic,R,-1,output_mbon
KCg-m-L-t5,525787,PAM05,cb_intrinsic,L,0,auxiliary_partner
KCg-m-L-t5,528100,PAM09,cb_intrinsic,L,0,auxiliary_partner
KCg-m-L-t5,529371,KCg-m,cb_intrinsic,L,1,seed_kc
KCg-m-L-t5,529512,PPL106,cb_intrinsic,R,0,auxiliary_partner
KCg-m-L-t5,529516,PPL106,cb_intrinsic,L,0,auxiliary_partner
KCg-m-L-t5,529665,VA7l_adPN,cb_intrinsic,L,1,input_partner
KCg-m-L-t5,531346,KCg-m,cb_intrinsic,L,1,seed_kc
KCg-m-L-t5,532284,KCg-m,cb_intrinsic,L,1,seed_kc
KCg-m-L-t5,532334,aMe12,visual_projection,L,1,input_partner
KCg-m-L-t5,532715,PAM05,cb_intrinsic,L,0,auxiliary_partner
KCg-m-L-t5,533294,PAM01,cb_intrinsic,L,0,auxiliary_partner
KCg-m-L-t5,534582,KCg-m,cb_intrinsic,L,1,seed_kc
KCg-m-L-t5,536046,KCg-m,cb_intrinsic,L,1,seed_kc
KCg-m-L-t5,537099,KCg-m,cb_intrinsic,L,1,seed_kc
KCg-m-L-t5,537458,KCg-m,cb_intrinsic,L,1,seed_kc
KCg-m-L-t5,538096,KCg-m,cb_intrinsic,L,1,seed_kc
KCg-m-L-t5,539245,KCg-m,cb_intrinsic,L,1,seed_kc
KCg-m-L-t5,539948,KCg-m,cb_intrinsic,L,1,seed_kc
KCg-m-L-t5,540535,KCg-m,cb_intrinsic,L,1,seed_kc
KCg-m-L-t5,543037,KCg-m,cb_intrinsic,L,1,seed_kc
KCg-m-L-t5,543571,KCg-m,cb_intrinsic,L,1,seed_kc
KCg-m-L-t5,543677,PAM01,cb_intrinsic,R,0,auxiliary_partner
KCg-m-L-t5,544257,PAM10,cb_intrinsic,R,0,auxiliary_partner
KCg-m-L-t5,544359,PAM10,cb_intrinsic,R,0,auxiliary_partner
KCg-m-L-t5,544634,KCg-m,cb_intrinsic,L,1,seed_kc
KCg-m-L-t5,544770,PAM04,cb_intrinsic,R,0,auxiliary_partner
KCg-m-L-t5,545674,KCg-m,cb_intrinsic,L,1,seed_kc
KCg-m-L-t5,546981,KCg-m,cb_intrinsic,L,1,seed_kc
KCg-m-L-t5,547260,PAM10,cb_intrinsic,R,0,auxiliary_partner
KCg-m-L-t5,547655,DL2d_adPN,cb_intrinsic,L,1,input_partner
KCg-m-L-t5,548595,KCg-m,cb_intrinsic,L,1,seed_kc
KCg-m-L-t5,552118,KCg-m,cb_intrinsic,L,1,seed_kc
KCg-m-L-t5,552362,PAM12,cb_intrinsic,R,0,auxiliary_partner
KCg-m-L-t5,553201,PAM09,cb_intrinsic,R,0,auxiliary_partner
KCg-m-L-t5,563873,M_lPNm11D,cb_intrinsic,L,1,input_partner
KCg-m-L-t5,564174,DL2d_adPN,cb_intrinsic,L,1,input_partner
KCg-m-L-t5,567409,PAM04,cb_intrinsic,R,0,auxiliary_partner
KCg-m-L-t5,567978,KCg-m,cb_intrinsic,L,1,seed_kc
KCg-m-L-t5,570526,KCg-m,cb_intrinsic,L,1,seed_kc
KCg-m-L-t5,577933,PAM06,cb_intrinsic,L,0,auxiliary_partner
KCg-m-L-t5,580215,KCg-m,cb_intrinsic,L,1,seed_kc
KCg-m-L-t5,580579,PAM03,cb_intrinsic,R,0,auxiliary_partner
KCg-m-L-t5,580622,KCg-m,cb_intrinsic,L,1,seed_kc
KCg-m-L-t5,580641,KCg-m,cb_intrinsic,L,1,seed_kc
KCg-m-L-t5,581043,KCg-m,cb_intrinsic,L,1,seed_kc
KCg-m-L-t5,581328,KCg-m,cb_intrinsic,L,1,seed_kc
KCg-m-L-t5,909818,PAM03,cb_intrinsic,R,0,auxiliary_partner
KCg-m-L-t5,920537,PAM09,cb_intrinsic,L,0,auxiliary_partner
KCg-m-L-t5,933708,PAM14,cb_intrinsic,R,0,auxiliary_partner
KCg-m-R-t1,10005,AOTU019,cb_intrinsic,R,-1,input_partner
KCg-m-R-t1,10013,MBON01,cb_intrinsic,R,-1,output_mbon
KCg-m-R-t1,10039,VL2a_adPN,cb_intrinsic,R,1,input_partner
KCg-m-R-t1,10084,DP1m_adPN,cb_intrinsic,R,1,input_partner
KCg-m-R-t1,10176,DM1_lPN,cb_intrinsic,R,1,input_partner
KCg-m-R-t1,10198,VA7l_adPN,cb_intrinsic,R,1,input_partner
KCg-m-R-t1,10209,LHPV12a1,cb_intrinsic,R,-1,input_partner
KCg-m-R-t1,10262,V_ilPN,cb_intrinsic,L,1,input_partner
KCg-m-R-t1,10305,LHPV12a1,cb_intrinsic,L,-1,input_partner
KCg-m-R-t1,10328,SMP709m,cb_intrinsic,R,1,input_partner
KCg-m-R-t1,10369,LAL198,cb_intrinsic,L,1,input_partner
KCg-m-R-t1,10390,VA2_adPN,cb_intrinsic,R,1,input_partner
KCg-m-R-t1,10423,DP1l_adPN,cb_intrinsic,R,1,input_partner
KCg-m-R-t1,10486,LHPV10b1,cb_intrinsic,R,1,input_partner
KCg-m-R-t1,10522,VL2p_adPN,cb_intrinsic,R,1,input_partner
KCg-m-R-t1,10530,VL1_ilPN,cb_intrinsic,L,1,input_partner
KCg-m-R-t1,10540,APL,cb_intrinsic,R,-1,auxiliary_partner
KCg-m-R-t1,10569,DC1_adPN,cb_intrinsic,R,1,input_partner
KCg-m-R-t1,10613,DM4_adPN,cb_intrinsic,R,1,input_partner
KCg-m-R-t1,10634,CRE062,cb_intrinsic,R,1,input_partner
KCg-m-R-t1,10635,CRE021,cb_intrinsic,R,-1,input_partner
KCg-m-R-t1,10669,CRE074,cb_intrinsic,R,-1,input_partner
KCg-m-R-t1,10704,MBON11,cb_intrinsic,L,-1,output_mbon
KCg-m-R-t1,10756,VC2_lPN,cb_intrinsic,R,1,input_partner
KCg-m-R-t1,10786,VC5_lvPN,cb_intrinsic,R,1,input_partner
KCg-m-R-t1,10804,MBON20,cb_intrinsic,R,-1,output_mbon
KCg-m-R-t1,10826,MBON21,cb_intrinsic,L,1,output_mbon
KCg-m-R-t1,10904,VC1_lPN,cb_intrinsic,R,1,input_partner
KCg-m-R-t1,10906,VM3_adPN,cb_intrinsic,R,1,input_partner
KCg-m-R-t1,10956,LoVC20,cb_intrinsic,L,-1,input_partner
KCg-m-R-t1,10973,VP1m+VP5_ilPN,cb_intrinsic,L,1,input_partner
KCg-m-R-t1,10977,APL,cb_intrinsic,L,-1,auxiliary_partner
KCg-m-R-t1,10996,VA4_lPN,cb_intrinsic,R,1,input_partner
KCg-m-R-t1,11001,LHMB1,cb_intrinsic,R,-1,input_partner
KCg-m-R-t1,11161,LoVP100,visual_projection,R,1,input_partner
KCg-m-R-t1,11166,mALD4,cb_intrinsic,L,-1,input_partner
KCg-m-R-t1,11174,LHCENT8,cb_intrinsic,R,-1,input_partner
KCg-m-R-t1,11176,MBON26,cb_intrinsic,R,1,output_mbon
KCg-m-R-t1,11229,V_ilPN,cb_intrinsic,R,1,input_partner
KCg-m-R-t1,11318,CRE107,cb_intrinsic,R,-1,input_partner
KCg-m-R-t1,11327,PPL101,cb_intrinsic,R,0,auxiliary_partner
KCg-m-R-t1,11341,LHCENT2,cb_intrinsic,R,-1,input_partner
KCg-m-R-t1,11355,VA1d_adPN,cb_intrinsic,R,1,input_partner
KCg-m-R-t1,11390,VL1_ilPN,cb_intrinsic,R,1,input_partner
KCg-m-R-t1,11402,MBON11,cb_intrinsic,R,-1,output_mbon
KCg-m-R-t1,11469,DM3_adPN,cb_intrinsic,R,1,input_partner
KCg-m-R-t1,11514,DL4_adPN,cb_intrinsic,R,1,input_partner
KCg-m-R-t1,11521,VP1m_l2PN,cb_intrinsic,R,1,input_partner
KCg-m-R-t1,11606,LHCENT8,cb_intrinsic,R,-1,input_partner
KCg-m-R-t1,11607,CRE107,cb_intrinsic,L,-1,input_partner
KCg-m-R-t1,11618,PPL102,cb_intrinsic,L,0,auxiliary_partner
KCg-m-R-t1,11624,DC2_adPN,cb_intrinsic,R,1,input_partner
KCg-m-R-t1,11691,LHCENT11,cb_intrinsic,R,1,input_partner
KCg-m-R-t1,11734,DPM,cb_intrinsic,L,0,auxiliary_partner
KCg-m-R-t1,11752,PPL103,cb_intrinsic,L,0,auxiliary_partner
KCg-m-R-t1,11761,VP1d+VP4_l2PN1,cb_intrinsic,R,1,input_partner
KCg-m-R-t1,11777,MBON15,cb_intrinsic,R,1,output_mbon
KCg-m-R-t1,11780,DA1_lPN,cb_intrinsic,R,1,input_partner
KCg-m-R-t1,11805,MBON31,cb_intrinsic,R,-1,output_mbon
KCg-m-R-t1,11816,DA1_lPN,cb_intrinsic,R,1,input_partner
KCg-m-R-t1,11900,PPL101,cb_intrinsic,L,0,auxiliary_partner
KCg-m-R-t1,11903,LHPV3c1,cb_intrinsic,R,1,input_partner
KCg-m-R-t1,11945,CRE100,cb_intrinsic,R,-1,input_partner
KCg-m-R-t1,11990,MBON22,cb_intrinsic,R,1,output_mbon
KCg-m-R-t1,11996,DA1_lPN,cb_intrinsic,R,1,input_partner
KCg-m-R-t1,12108,IB012,cb_intrinsic,R,-1,input_partner
KCg-m-R-t1,12121,VC5_lvPN,cb_intrinsic,R,1,input_partner
KCg-m-R-t1,12122,DA1_lPN,cb_intrinsic,R,1,input_partner
KCg-m-R-t1,12160,DC4_adPN,cb_intrinsic,R,1,input_partner
KCg-m-R-t1,12163,VA5_lPN,cb_intrinsic,R,1,input_partner
KCg-m-R-t1,12164,VM3_adPN,cb_intrinsic,R,1,input_partner
KCg-m-R-t1,12171,DM2_lPN,cb_intrinsic,R,1,input_partner
KCg-m-R-t1,12309,DC3_adPN,cb_intrinsic,R,1,input_partner
KCg-m-R-t1,12340,DA1_lPN,cb_intrinsic,R,1,input_partner
KCg-m-R-t1,12387,D_adPN,cb_intrinsic,R,1,input_partner
KCg-m-R-t1,12430,SMP146,cb_intrinsic,L,-1,input_partner
KCg-m-R-t1,12517,aMe12,visual_projection,L,1,input_partner
KCg-m-R-t1,12569,DPM,cb_intrinsic,R,0,auxiliary_partner
KCg-m-R-t1,12667,VA1v_adPN,cb_intrinsic,R,1,input_partner
KCg-m-R-t1,12690,MBON06,cb_intrinsic,L,-1,output_mbon
KCg-m-R-t1,12721,GNG322,cb_intrinsic,R,1,input_partner
KCg-m-R-t1,12728,DC3_adPN,cb_intrinsic,R,1,input_partner
KCg-m-R-t1,12732,LHCENT5,cb_intrinsic,R,-1,input_partner
KCg-m-R-t1,12782,DL1_adPN,cb_intrinsic,R,1,input_partner
KCg-m-R-t1,12859,MBON07,cb_intrinsic,R,-1,output_mbon
KCg-m-R-t1,12902,PPL108,cb_intrinsic,R,0,auxiliary_partner
KCg-m-R-t1,12918,MBON22,cb_intrinsic,L,1,output_mbon
KCg-m-R-t1,13005,WEDPN12,cb_intrinsic,L,-1,input_partner
KCg-m-R-t1,13064,DA1_lPN,cb_intrinsic,R,1,input_partner
KCg-m-R-t1,13076,MeVP25,visual_projection,R,1,input_partner
KCg-m-R-t1,13121,SMP457,cb_intrinsic,R,1,input_partner
KCg-m-R-t1,13153,LHCENT1,cb_intrinsic,R,-1,input_partner
KCg-m-R-t1,13198,VA1v_adPN,cb_intrinsic,R,1,input_partner
KCg-m-R-t1,13209,DA1_vPN,cb_intrinsic,R,-1,input_partner
KCg-m-R-t1,13225,VM7d_adPN,cb_intrinsic,R,1,input_partner
KCg-m-R-t1,13281,SMP169,cb_intrinsic,R,1,input_partner
KCg-m-R-t1,13283,VM1_lPN,cb_intrinsic,R,1,input_partner
KCg-m-R-t1,13334,VP1m+VP5_ilPN,cb_intrinsic,R,1,input_partner
KCg-m-R-t1,13379,VA1v_adPN,cb_intrinsic,R,1,input_partner
KCg-m-R-t1,13386,VM7v_adPN,cb_intrinsic,R,1,input_partner
KCg-m-R-t1,13428,PPL102,cb_intrinsic,R,0,auxiliary_partner
KCg-m-R-t1,13450,LAL100,cb_intrinsic,L,-1,input_partner
KCg-m-R-t1,13480,VC3_adPN,cb_intrinsic,R,1,input_partner
KCg-m-R-t1,13523,SMP165,cb_intrinsic,L,-1,input_partner
KCg-m-R-t1,13563,WEDPN12,cb_intrinsic,R,-1,input_partner
KCg-m-R-t1,13576,AVLP563,cb_intrinsic,R,1,input_partner
KCg-m-R-t1,13610,M_l2PNm16,cb_intrinsic,R,1,input_partner
KCg-m-R-t1,13707,LoVP97,cb_intrinsic,R,1,input_partner
KCg-m-R-t1,13725,VA1d_adPN,cb_intrinsic,R,1,input_partner
KCg-m-R-t1,13737,CRE077,cb_intrinsic,R,1,input_partner
KCg-m-R-t1,13800,LAL145,cb_intrinsic,R,1,input_partner
KCg-m-R-t1,13870,CRE022,cb_intrinsic,R,-1,input_partner
KCg-m-R-t1,14066,LHAV3f1,cb_intrinsic,R,-1,input_partner
KCg-m-R-t1,14182,PPL103,cb_intrinsic,R,0,auxiliary_partner
KCg-m-R-t1,14225,PPL105,cb_intrinsic,R,0,auxiliary_partner
KCg-m-R-t1,14275,LHPV7c1,cb_intrinsic,R,1,input_partner
KCg-m-R-t1,14292,KCg-m,cb_intrinsic,R,1,seed_kc
KCg-m-R-t1,14330,WED181,cb_intrinsic,R,1,input_partner
KCg-m-R-t1,14391,M_ilPNm90,cb_intrinsic,L,1,input_partner
KCg-m-R-t1,14437,VP3+VP1l_ivPN,cb_intrinsic,R,1,input_partner
KCg-m-R-t1,14497,LHPV9b1,cb_intrinsic,R,-1,input_partner
KCg-m-R-t1,14510,VA1v_adPN,cb_intrinsic,R,1,input_partner
KCg-m-R-t1,14530,DA4l_adPN,cb_intrinsic,R,1,input_partner
KCg-m-R-t1,14705,PPL107,cb_intrinsic,R,0,auxiliary_partner
KCg-m-R-t1,14802,VA7m_lPN,cb_intrinsic,R,1,input_partner
KCg-m-R-t1,14849,DM5_lPN,cb_intrinsic,R,1,input_partner
KCg-m-R-t1,14962,VC5_lvPN,cb_intrinsic,R,1,input_partner
KCg-m-R-t1,14985,VA5_lPN,cb_intrinsic,R,1,input_partner
KCg-m-R-t1,15005,DM6_adPN,cb_intrinsic,R,1,input_partner
KCg-m-R-t1,15039,LHPV6g1,cb_intrinsic,R,-1,input_partner
KCg-m-R-t1,15103,KCg-m,cb_intrinsic,R,1,seed_kc
KCg-m-R-t1,15147,IB115,cb_intrinsic,R,1,input_partner
KCg-m-R-t1,15164,DC3_adPN,cb_intrinsic,R,1,input_partner
KCg-m-R-t1,15310,PPL108,cb_intrinsic,L,0,auxiliary_partner
KCg-m-R-t1,15313,VA1d_adPN,cb_intrinsic,R,1,input_partner
KCg-m-R-t1,15431,VM5d_adPN,cb_intrinsic,R,1,input_partner
KCg-m-R-t1,15708,MBON24,cb_intrinsic,R,1,output_mbon
KCg-m-R-t1,15807,aIPg_m2,cb_intrinsic,R,1,input_partner
KCg-m-R-t1,16005,D_adPN,cb_intrinsic,R,1,input_partner
KCg-m-R-t1,16083,VM2_adPN,cb_intrinsic,R,1,input_partner
KCg-m-R-t1,16141,VM4_adPN,cb_intrinsic,R,1,input_partner
KCg-m-R-t1,16376,CRE067,cb_intrinsic,R,1,input_partner
KCg-m-R-t1,16426,VM5v_adPN,cb_intrinsic,R,1,input_partner
KCg-m-R-t1,16473,CRE012,cb_intrinsic,R,-1,input_partner
KCg-m-R-t1,16610,VA7m_lPN,cb_intrinsic,R,1,input_partner
KCg-m-R-t1,16617,CRE048,cb_intrinsic,R,-1,input_partner
KCg-m-R-t1,16648,VP1d_il2PN,cb_intrinsic,L,1,input_partner
KCg-m-R-t1,17438,SMP256,cb_intrinsic,R,1,input_partner
KCg-m-R-t1,17484,DC2_adPN,cb_intrinsic,R,1,input_partner
KCg-m-R-t1,17530,CL123_d,cb_intrinsic,R,1,input_partner
KCg-m-R-t1,17639,,cb_intrinsic,R,-1,input_partner
KCg-m-R-t1,17650,VC3_adPN,cb_intrinsic,R,1,input_partner
KCg-m-R-t1,17722,VP3+_vPN,cb_intrinsic,R,-1,input_partner
KCg-m-R-t1,17988,SMP053,cb_intrinsic,R,-1,input_partner
KCg-m-R-t1,18049,VP1d_il2PN,cb_intrinsic,R,1,input_partner
KCg-m-R-t1,18084,VM7d_adPN,cb_intrinsic,R,1,input_partner
KCg-m-R-t1,18416,DA2_lPN,cb_intrinsic,R,1,input_partner
KCg-m-R-t1,18417,DM6_adPN,cb_intrinsic,R,1,input_partner
KCg-m-R-t1,18493,DM5_lPN,cb_intrinsic,R,1,input_partner
KCg-m-R-t1,18507,LoVP70,visual_projection,R,1,input_partner
KCg-m-R-t1,18536,D_adPN,cb_intrinsic,R,1,input_partner
KCg-m-R-t1,18713,MBON09,cb_intrinsic,L,-1,output_mbon
KCg-m-R-t1,18844,MB-C1,cb_intrinsic,R,-1,input_partner
KCg-m-R-t1,18939,LHPV2i2_b,cb_intrinsic,R,1,input_partner
KCg-m-R-t1,19267,MBON09,cb_intrinsic,L,-1,output_mbon
KCg-m-R-t1,19290,ATL011,cb_intrinsic,R,-1,input_partner
KCg-m-R-t1,19571,SLP184,cb_intrinsic,R,1,input_partner
KCg-m-R-t1,19647,VP1m+_lvPN,cb_intrinsic,R,-1,input_partner
KCg-m-R-t1,19742,CB0734,cb_intrinsic,R,1,input_partner
KCg-m-R-t1,19845,VP3+VP1l_ivPN,cb_intrinsic,L,1,input_partner
KCg-m-R-t1,19873,LHPD5c1,cb_intrinsic,R,-1,input_partner
KCg-m-R-t1,19953,DM6_adPN,cb_intrinsic,R,1,input_partner
KCg-m-R-t1,20001,VM5v_adPN,cb_intrinsic,R,1,input_partner
KCg-m-R-t1,20311,DA2_lPN,cb_intrinsic,R,1,input_partner
KCg-m-R-t1,20331,FB6B,cb_intrinsic,R,-1,input_partner
KCg-m-R-t1,20445,VM5v_adPN,cb_intrinsic,R,1,input_partner
KCg-m-R-t1,20739,DL2v_adPN,cb_intrinsic,R,1,input_partner
KCg-m-R-t1,20773,KCg-m,cb_intrinsic,R,1,seed_kc
KCg-m-R-t1,21145,PPL104,cb_intrinsic,R,0,auxiliary_partner
KCg-m-R-t1,21242,MBON09,cb_intrinsic,R,-1,output_mbon
KCg-m-R-t1,21557,DL3_lPN,cb_intrinsic,R,1,input_partner
KCg-m-R-t1,21584,DL3_lPN,cb_intrinsic,R,1,input_partner
KCg-m-R-t1,21790,MB-C1,cb_intrinsic,R,-1,input_partner
KCg-m-R-t1,21876,DA2_lPN,cb_intrinsic,R,1,input_partner
KCg-m-R-t1,21879,KCg-m,cb_intrinsic,R,1,seed_kc
KCg-m-R-t1,22031,KCg-m,cb_intrinsic,R,1,seed_kc
KCg-m-R-t1,22440,LoVP38,visual_projection,R,-1,input_partner
KCg-m-R-t1,22473,VM4_lvPN,cb_intrinsic,R,1,input_partner
KCg-m-R-t1,22533,KCg-m,cb_intrinsic,R,1,seed_kc
KCg-m-R-t1,22578,CL123_e,cb_intrinsic,R,1,input_partner
KCg-m-R-t1,22787,DL2d_adPN,cb_intrinsic,R,1,input_partner
KCg-m-R-t1,23166,KCg-m,cb_intrinsic,R,1,seed_kc
KCg-m-R-t1,23200,DL2d_adPN,cb_intrinsic,R,1,input_partner
KCg-m-R-t1,23376,aMe23,cb_intrinsic,R,-1,input_partner
KCg-m-R-t1,23958,DA2_lPN,cb_intrinsic,R,1,input_partner
KCg-m-R-t1,24204,KCg-m,cb_intrinsic,R,1,seed_kc
KCg-m-R-t1,24660,DL3_lPN,cb_intrinsic,R,1,input_partner
KCg-m-R-t1,24692,SMP727m,cb_intrinsic,R,1,input_partner
KCg-m-R-t1,24866,LHPV2a1_a,cb_intrinsic,R,-1,input_partner
KCg-m-R-t1,24959,KCg-m,cb_intrinsic,R,1,seed_kc
KCg-m-R-t1,25017,KCg-m,cb_intrinsic,R,1,seed_kc
KCg-m-R-t1,25166,VC4_adPN,cb_intrinsic,R,1,input_partner
KCg-m-R-t1,25456,AVLP043,cb_intrinsic,R,1,input_partner
KCg-m-R-t1,26071,M_lPNm11D,cb_intrinsic,R,1,input_partner
KCg-m-R-t1,26102,DL2v_adPN,cb_intrinsic,R,1,input_partner
KCg-m-R-t1,26223,M_lPNm11D,cb_intrinsic,R,1,input_partner
KCg-m-R-t1,26287,FB4C,cb_intrinsic,R,-1,input_partner
KCg-m-R-t1,26387,VC4_adPN,cb_intrinsic,R,1,input_partner
KCg-m-R-t1,26451,AVLP042,cb_intrinsic,R,1,input_partner
KCg-m-R-t1,26485,MBON28,cb_intrinsic,R,1,output_mbon
KCg-m-R-t1,26641,CRE027,cb_intrinsic,R,-1,input_partner
KCg-m-R-t1,26720,CRE024,cb_intrinsic,R,1,input_partner
KCg-m-R-t1,26762,DL3_lPN,cb_intrinsic,R,1,input_partner
KCg-m-R-t1,26792,KCg-m,cb_intrinsic,R,1,seed_kc
KCg-m-R-t1,27024,VM5d_adPN,cb_intrinsic,R,1,input_partner
KCg-m-R-t1,27180,AN09B033,ascending_neuron,L,1,input_partner
KCg-m-R-t1,27379,M_lPNm11D,cb_intrinsic,R,1,input_partner
KCg-m-R-t1,27583,KCg-m,cb_intrinsic,R,1,seed_kc
KCg-m-R-t1,27775,VM5d_adPN,cb_intrinsic,R,1,input_partner
KCg-m-R-t1,28434,PAM10,cb_intrinsic,R,0,auxiliary_partner
KCg-m-R-t1,28631,KCg-m,cb_intrinsic,R,1,seed_kc
KCg-m-R-t1,28728,SLP366,cb_intrinsic,R,1,input_partner
KCg-m-R-t1,28803,VM4_lvPN,cb_intrinsic,R,1,input_partner
KCg-m-R-t1,29176,DL2v_adPN,cb_intrinsic,R,1,input_partner
KCg-m-R-t1,29565,PAM10,cb_intrinsic,R,0,auxiliary_partner
KCg-m-R-t1,29728,KCg-m,cb_intrinsic,R,1,seed_kc
KCg-m-R-t1,29750,VM4_lvPN,cb_intrinsic,R,1,input_partner
KCg-m-R-t1,30437,CRE028,cb_intrinsic,L,-1,input_partner
KCg-m-R-t1,31117,M_lPNm11D,cb_intrinsic,R,1,input_partner
KCg-m-R-t1,31720,KCg-m,cb_intrinsic,R,1,seed_kc
KCg-m-R-t1,32035,KCg-m,cb_intrinsic,R,1,seed_kc
KCg-m-R-t1,32818,CRE060,cb_intrinsic,R,1,input_partner
KCg-m-R-t1,32865,PAM10,cb_intrinsic,L,0,auxiliary_partner
KCg-m-R-t1,33451,PLP_TBD1,cb_intrinsic,R,-1,input_partner
KCg-m-R-t1,33987,VP1m+_lvPN,cb_intrinsic,R,-1,input_partner
KCg-m-R-t1,34130,KCg-m,cb_intrinsic,R,1,seed_kc
KCg-m-R-t1,34301,DA2_lPN,cb_intrinsic,R,1,input_partner
KCg-m-R-t1,34385,VM5d_adPN,cb_intrinsic,R,1,input_partner
KCg-m-R-t1,34908,KCg-m,cb_intrinsic,R,1,seed_kc
KCg-m-R-t1,36090,CRE067,cb_intrinsic,L,1,input_partner
KCg-m-R-t1,36251,KCg-m,cb_intrinsic,R,1,seed_kc
KCg-m-R-t1,36274,M_lvPNm46,cb_intrinsic,R,1,input_partner
KCg-m-R-t1,36378,KCg-m,cb_intrinsic,R,1,seed_kc
KCg-m-R-t1,36624,PAM10,cb_intrinsic,R,0,auxiliary_partner
KCg-m-R-t1,36751,CRE039,cb_intrinsic,L,-1,input_partner
KCg-m-R-t1,36839,KCg-m,cb_intrinsic,R,1,seed_kc
KCg-m-R-t1,37311,KCg-m,cb_intrinsic,R,1,seed_kc
KCg-m-R-t1,37432,KCg-m,cb_intrinsic,R,1,seed_kc
KCg-m-R-t1,37511,CRE025,cb_intrinsic,R,-1,input_partner
KCg-m-R-t1,37845,PAM04,cb_intrinsic,R,0,auxiliary_partner
KCg-m-R-t1,38510,VM5d_adPN,cb_intrinsic,R,1,input_partner
KCg-m-R-t1,38915,AOTU020,cb_intrinsic,R,-1,input_partner
KCg-m-R-t1,38967,KCg-m,cb_intrinsic,R,1,seed_kc
KCg-m-R-t1,39159,DN1pA,cb_intrinsic,R,-1,input_partner
KCg-m-R-t1,39193,SMP031,cb_intrinsic,R,1,input_partner
KCg-m-R-t1,39377,SLP461,cb_intrinsic,R,1,input_partner
KCg-m-R-t1,39569,KCg-m,cb_intrinsic,R,1,seed_kc
KCg-m-R-t1,39617,PAM07,cb_intrinsic,L,0,auxiliary_partner
KCg-m-R-t1,39909,KCg-m,cb_intrinsic,R,1,seed_kc
KCg-m-R-t1,40324,CRE067,cb_intrinsic,L,1,input_partner
KCg-m-R-t1,40327,KCg-m,cb_intrinsic,R,1,seed_kc
KCg-m-R-t1,40376,KCg-m,cb_intrinsic,R,1,seed_kc
KCg-m-R-t1,40591,LAL043_e,cb_intrinsic,R,-1,input_partner
KCg-m-R-t1,40602,KCg-m,cb_intrinsic,R,1,seed_kc
KCg-m-R-t1,40921,KCg-m,cb_intrinsic,R,1,seed_kc
KCg-m-R-t1,41150,KCg-m,cb_intrinsic,R,1,seed_kc
KCg-m-R-t1,41232,KCg-m,cb_intrinsic,R,1,seed_kc
KCg-m-R-t1,41295,KCg-m,cb_intrinsic,R,1,seed_kc
KCg-m-R-t1,41378,KCg-m,cb_intrinsic,R,1,seed_kc
KCg-m-R-t1,41544,FB4R,cb_intrinsic,R,-1,input_partner
KCg-m-R-t1,41787,KCg-m,cb_intrinsic,R,1,seed_kc
KCg-m-R-t1,41807,KCg-m,cb_intrinsic,R,1,seed_kc
KCg-m-R-t1,41891,KCg-m,cb_intrinsic,R,1,seed_kc
KCg-m-R-t1,42216,KCg-m,cb_intrinsic,R,1,seed_kc
KCg-m-R-t1,42307,LHPV2a1_a,cb_intrinsic,R,-1,input_partner
KCg-m-R-t1,42425,KCg-m,cb_intrinsic,R,1,seed_kc
KCg-m-R-t1,42904,CB2733,cb_intrinsic,R,-1,input_partner
KCg-m-R-t1,42908,KCg-m,cb_intrinsic,R,1,seed_kc
KCg-m-R-t1,43380,KCg-m,cb_intrinsic,R,1,seed_kc
KCg-m-R-t1,43597,KCg-m,cb_intrinsic,R,1,seed_kc
KCg-m-R-t1,43616,KCg-m,cb_intrinsic,R,1,seed_kc
KCg-m-R-t1,43658,KCg-m,cb_intrinsic,R,1,seed_kc
KCg-m-R-t1,43775,KCg-m,cb_intrinsic,R,1,seed_kc
KCg-m-R-t1,43850,KCg-m,cb_intrinsic,R,1,seed_kc
KCg-m-R-t1,43876,KCg-m,cb_intrinsic,R,1,seed_kc
KCg-m-R-t1,43980,KCg-m,cb_intrinsic,R,1,seed_kc
KCg-m-R-t1,44024,KCg-m,cb_intrinsic,R,1,seed_kc
KCg-m-R-t1,44054,KCg-m,cb_intrinsic,R,1,seed_kc
KCg-m-R-t1,44082,KCg-m,cb_intrinsic,R,1,seed_kc
KCg-m-R-t1,44091,CRE043_a2,cb_intrinsic,R,-1,input_partner
KCg-m-R-t1,44766,KCg-m,cb_intrinsic,R,1,seed_kc
KCg-m-R-t1,44840,KCg-m,cb_intrinsic,R,1,seed_kc
KCg-m-R-t1,44940,KCg-m,cb_intrinsic,R,1,seed_kc
KCg-m-R-t1,44995,M_lPNm11D,cb_intrinsic,R,1,input_partner
KCg-m-R-t1,45016,KCg-m,cb_intrinsic,R,1,seed_kc
KCg-m-R-t1,45060,KCg-m,cb_intrinsic,R,1,seed_kc
KCg-m-R-t1,45183,KCg-m,cb_intrinsic,R,1,seed_kc
KCg-m-R-t1,45392,KCg-m,cb_intrinsic,R,1,seed_kc
KCg-m-R-t1,45512,KCg-m,cb_intrinsic,R,1,seed_kc
KCg-m-R-t1,45553,KCg-m,cb_intrinsic,R,1,seed_kc
KCg-m-R-t1,45563,KCg-m,cb_intrinsic,R,1,seed_kc
KCg-m-R-t1,45612,KCg-m,cb_intrinsic,R,1,seed_kc
KCg-m-R-t1,45663,KCg-m,cb_intrinsic,R,1,seed_kc
KCg-m-R-t1,45736,KCg-m,cb_intrinsic,R,1,seed_kc
KCg-m-R-t1,45761,KCg-m,cb_intrinsic,R,1,seed_kc
KCg-m-R-t1,45881,KCg-m,cb_intrinsic,R,1,seed_kc
KCg-m-R-t1,46195,KCg-m,cb_intrinsic,R,1,seed_kc
KCg-m-R-t1,46266,KCg-m,cb_intrinsic,R,1,seed_kc
KCg-m-R-t1,46287,KCg-m,cb_intrinsic,R,1,seed_kc
KCg-m-R-t1,46457,KCg-m,cb_intrinsic,R,1,seed_kc
KCg-m-R-t1,46463,KCg-m,cb_intrinsic,R,1,seed_kc
KCg-m-R-t1,46475,KCg-m,cb_intrinsic,R,1,seed_kc
KCg-m-R-t1,46670,KCg-m,cb_intrinsic,R,1,seed_kc
KCg-m-R-t1,46794,PAM04,cb_intrinsic,R,0,auxiliary_partner
KCg-m-R-t1,46991,KCg-m,cb_intrinsic,R,1,seed_kc
KCg-m-R-t1,47026,KCg-m,cb_intrinsic,R,1,seed_kc
KCg-m-R-t1,47196,PAM07,cb_intrinsic,R,0,auxiliary_partner
KCg-m-R-t1,47380,KCg-m,cb_intrinsic,R,1,seed_kc
KCg-m-R-t1,47441,KCg-m,cb_intrinsic,R,1,seed_kc
KCg-m-R-t1,47446,KCg-m,cb_intrinsic,R,1,seed_kc
KCg-m-R-t1,47779,KCg-m,cb_intrinsic,R,1,seed_kc
KCg-m-R-t1,47858,KCg-m,cb_intrinsic,R,1,seed_kc
KCg-m-R-t1,47901,KCg-m,cb_intrinsic,R,1,seed_kc
KCg-m-R-t1,47984,KCg-m,cb_intrinsic,R,1,seed_kc
KCg-m-R-t1,47997,KCg-m,cb_intrinsic,R,1,seed_kc
KCg-m-R-t1,48021,KCg-m,cb_intrinsic,R,1,seed_kc
KCg-m-R-t1,48111,KCg-m,cb_intrinsic,R,1,seed_kc
KCg-m-R-t1,48113,PAM10,cb_intrinsic,L,0,auxiliary_partner
KCg-m-R-t1,48309,KCg-m,cb_intrinsic,R,1,seed_kc
KCg-m-R-t1,48313,KCg-m,cb_intrinsic,R,1,seed_kc
KCg-m-R-t1,48347,KCg-m,cb_intrinsic,R,1,seed_kc
KCg-m-R-t1,48515,KCg-m,cb_intrinsic,R,1,seed_kc
KCg-m-R-t1,48786,CRE043_b,cb_intrinsic,R,-1,input_partner
KCg-m-R-t1,48886,KCg-m,cb_intrinsic,R,1,seed_kc
KCg-m-R-t1,48904,KCg-m,cb_intrinsic,R,1,seed_kc
KCg-m-R-t1,48975,KCg-m,cb_intrinsic,R,1,seed_kc
KCg-m-R-t1,49019,KCg-m,cb_intrinsic,R,1,seed_kc
KCg-m-R-t1,49043,PAM07,cb_intrinsic,R,0,auxiliary_partner
KCg-m-R-t1,49073,KCg-m,cb_intrinsic,R,1,seed_kc
KCg-m-R-t1,49254,KCg-m,cb_intrinsic,R,1,seed_kc
KCg-m-R-t1,49279,KCg-m,cb_intrinsic,R,1,seed_kc
KCg-m-R-t1,49569,KCg-m,cb_intrinsic,R,1,seed_kc
KCg-m-R-t1,49632,KCg-m,cb_intrinsic,R,1,seed_kc
KCg-m-R-t1,49687,KCg-m,cb_intrinsic,R,1,seed_kc
KCg-m-R-t1,49752,KCg-m,cb_intrinsic,R,1,seed_kc
KCg-m-R-t1,49805,KCg-m,cb_intrinsic,R,1,seed_kc
KCg-m-R-t1,49821,PRW008,cb_intrinsic,R,1,input_partner
KCg-m-R-t1,49903,KCg-m,cb_intrinsic,R,1,seed_kc
KCg-m-R-t1,49987,KCg-m,cb_intrinsic,R,1,seed_kc
KCg-m-R-t1,50035,KCg-m,cb_intrinsic,R,1,seed_kc
KCg-m-R-t1,50185,KCg-m,cb_intrinsic,R,1,seed_kc
KCg-m-R-t1,50256,KCg-m,cb_intrinsic,R,1,seed_kc
KCg-m-R-t1,50291,KCg-m,cb_intrinsic,R,1,seed_kc
KCg-m-R-t1,50304,KCg-m,cb_intrinsic,R,1,seed_kc
KCg-m-R-t1,50588,SLP405_c,cb_intrinsic,R,1,input_partner
KCg-m-R-t1,50744,KCg-m,cb_intrinsic,R,1,seed_kc
KCg-m-R-t1,50839,KCg-m,cb_intrinsic,R,1,seed_kc
KCg-m-R-t1,51093,KCg-m,cb_intrinsic,R,1,seed_kc
KCg-m-R-t1,51095,KCg-m,cb_intrinsic,R,1,seed_kc
KCg-m-R-t1,51113,KCg-m,cb_intrinsic,R,1,seed_kc
KCg-m-R-t1,51121,KCg-m,cb_intrinsic,R,1,seed_kc
KCg-m-R-t1,51195,KCg-m,cb_intrinsic,R,1,seed_kc
KCg-m-R-t1,51354,KCg-m,cb_intrinsic,R,1,seed_kc
KCg-m-R-t1,51391,KCg-m,cb_intrinsic,R,1,seed_kc
KCg-m-R-t1,51408,KCg-m,cb_intrinsic,R,1,seed_kc
KCg-m-R-t1,51428,KCg-m,cb_intrinsic,R,1,seed_kc
KCg-m-R-t1,51430,KCg-m,cb_intrinsic,R,1,seed_kc
KCg-m-R-t1,51516,KCg-m,cb_intrinsic,R,1,seed_kc
KCg-m-R-t1,51667,KCg-m,cb_intrinsic,R,1,seed_kc
KCg-m-R-t1,51855,KCg-m,cb_intrinsic,R,1,seed_kc
KCg-m-R-t1,51866,KCg-m,cb_intrinsic,R,1,seed_kc
KCg-m-R-t1,51883,KCg-m,cb_intrinsic,R,1,seed_kc
KCg-m-R-t1,52022,KCg-m,cb_intrinsic,R,1,seed_kc
KCg-m-R-t1,52099,M_lPNm11D,cb_intrinsic,R,1,input_partner
KCg-m-R-t1,52156,KCg-m,cb_intrinsic,R,1,seed_kc
KCg-m-R-t1,52220,KCg-m,cb_intrinsic,R,1,seed_kc
KCg-m-R-t1,52223,M_adPNm4,cb_intrinsic,R,1,input_partner
KCg-m-R-t1,52402,KCg-m,cb_intrinsic,R,1,seed_kc
KCg-m-R-t1,52518,KCg-m,cb_intrinsic,R,1,seed_kc
KCg-m-R-t1,52575,KCg-m,cb_intrinsic,R,1,seed_kc
KCg-m-R-t1,52773,KCg-m,cb_intrinsic,R,1,seed_kc
KCg-m-R-t1,53050,KCg-m,cb_intrinsic,R,1,seed_kc
KCg-m-R-t1,53099,KCg-m,cb_intrinsic,R,1,seed_kc
KCg-m-R-t1,53144,KCg-m,cb_intrinsic,R,1,seed_kc
KCg-m-R-t1,53154,KCg-m,cb_intrinsic,R,1,seed_kc
KCg-m-R-t1,53173,KCg-m,cb_intrinsic,R,1,seed_kc
KCg-m-R-t1,53178,KCg-m,cb_intrinsic,R,1,seed_kc
KCg-m-R-t1,53267,KCg-m,cb_intrinsic,R,1,seed_kc
KCg-m-R-t1,53285,PAM01,cb_intrinsic,L,0,auxiliary_partner
KCg-m-R-t1,53383,KCg-m,cb_intrinsic,R,1,seed_kc
KCg-m-R-t1,53472,KCg-m,cb_intrinsic,R,1,seed_kc
KCg-m-R-t1,53633,KCg-m,cb_intrinsic,R,1,seed_kc
KCg-m-R-t1,53655,KCg-m,cb_intrinsic,R,1,seed_kc
KCg-m-R-t1,53688,KCg-m,cb_intrinsic,R,1,seed_kc
KCg-m-R-t1,53836,KCg-m,cb_intrinsic,R,1,seed_kc
KCg-m-R-t1,53947,KCg-m,cb_intrinsic,R,1,seed_kc
KCg-m-R-t1,53994,KCg-m,cb_intrinsic,R,1,seed_kc
KCg-m-R-t1,54345,KCg-m,cb_intrinsic,R,1,seed_kc
KCg-m-R-t1,54455,KCg-m,cb_intrinsic,R,1,seed_kc
KCg-m-R-t1,54746,KCg-m,cb_intrinsic,R,1,seed_kc
KCg-m-R-t1,54936,KCg-m,cb_intrinsic,R,1,seed_kc
KCg-m-R-t1,55062,KCg-m,cb_intrinsic,R,1,seed_kc
KCg-m-R-t1,55210,PAM08,cb_intrinsic,L,0,auxiliary_partner
KCg-m-R-t1,55278,KCg-m,cb_intrinsic,R,1,seed_kc
KCg-m-R-t1,55670,KCg-m,cb_intrinsic,R,1,seed_kc
KCg-m-R-t1,55850,KCg-m,cb_intrinsic,R,1,seed_kc
KCg-m-R-t1,55857,KCg-m,cb_intrinsic,R,1,seed_kc
KCg-m-R-t1,55998,KCg-m,cb_intrinsic,R,1,seed_kc
KCg-m-R-t1,56223,KCg-m,cb_intrinsic,R,1,seed_kc
KCg-m-R-t1,56297,KCg-m,cb_intrinsic,R,1,seed_kc
KCg-m-R-t1,56315,KCg-m,cb_intrinsic,R,1,seed_kc
KCg-m-R-t1,56424,KCg-m,cb_intrinsic,R,1,seed_kc
KCg-m-R-t1,56430,KCg-m,cb_intrinsic,R,1,seed_kc
KCg-m-R-t1,56666,KCg-m,cb_intrinsic,R,1,seed_kc
KCg-m-R-t1,57075,KCg-m,cb_intrinsic,R,1,seed_kc
KCg-m-R-t1,57171,KCg-m,cb_intrinsic,R,1,seed_kc
KCg-m-R-t1,57179,KCg-m,cb_intrinsic,R,1,seed_kc
KCg-m-R-t1,57314,KCg-m,cb_intrinsic,R,1,seed_kc
KCg-m-R-t1,57355,KCg-m,cb_intrinsic,R,1,seed_kc
KCg-m-R-t1,57356,KCg-m,cb_intrinsic,R,1,seed_kc
KCg-m-R-t1,57532,KCg-m,cb_intrinsic,R,1,seed_kc
KCg-m-R-t1,57568,KCg-m,cb_intrinsic,R,1,seed_kc
KCg-m-R-t1,57669,KCg-m,cb_intrinsic,R,1,seed_kc
KCg-m-R-t1,57684,KCg-m,cb_intrinsic,R,1,seed_kc
KCg-m-R-t1,57772,MB-C1,cb_intrinsic,R,-1,input_partner
KCg-m-R-t1,57978,KCg-m,cb_intrinsic,R,1,seed_kc
KCg-m-R-t1,58013,KCg-m,cb_intrinsic,R,1,seed_kc
KCg-m-R-t1,58014,KCg-m,cb_intrinsic,R,1,seed_kc
KCg-m-R-t1,58183,KCg-m,cb_intrinsic,R,1,seed_kc
KCg-m-R-t1,58487,KCg-m,cb_intrinsic,R,1,seed_kc
KCg-m-R-t1,58586,KCg-m,cb_intrinsic,R,1,seed_kc
KCg-m-R-t1,58704,LAL043_d,cb_intrinsic,R,-1,input_partner
KCg-m-R-t1,58941,PAM08,cb_intrinsic,L,0,auxiliary_partner
KCg-m-R-t1,58950,KCg-m,cb_intrinsic,R,1,seed_kc
KCg-m-R-t1,58961,KCg-m,cb_intrinsic,R,1,seed_kc
KCg-m-R-t1,59174,KCg-m,cb_intrinsic,R,1,seed_kc
KCg-m-R-t1,59261,KCg-m,cb_intrinsic,R,1,seed_kc
KCg-m-R-t1,59286,KCg-m,cb_intrinsic,R,1,seed_kc
KCg-m-R-t1,59384,KCg-m,cb_intrinsic,R,1,seed_kc
KCg-m-R-t1,59442,KCg-m,cb_intrinsic,R,1,seed_kc
KCg-m-R-t1,59494,KCg-m,cb_intrinsic,R,1,seed_kc
KCg-m-R-t1,59658,M_lPNm13,cb_intrinsic,R,1,input_partner
KCg-m-R-t1,59923,KCg-m,cb_intrinsic,R,1,seed_kc
KCg-m-R-t1,59932,KCg-m,cb_intrinsic,R,1,seed_kc
KCg-m-R-t1,59978,KCg-m,cb_intrinsic,R,1,seed_kc
KCg-m-R-t1,60172,KCg-m,cb_intrinsic,R,1,seed_kc
KCg-m-R-t1,60200,KCg-m,cb_intrinsic,R,1,seed_kc
KCg-m-R-t1,60227,KCg-m,cb_intrinsic,R,1,seed_kc
KCg-m-R-t1,60273,PAM07,cb_intrinsic,L,0,auxiliary_partner
KCg-m-R-t1,60329,KCg-m,cb_intrinsic,R,1,seed_kc
KCg-m-R-t1,60516,KCg-m,cb_intrinsic,R,1,seed_kc
KCg-m-R-t1,60739,KCg-m,cb_intrinsic,R,1,seed_kc
KCg-m-R-t1,60763,KCg-m,cb_intrinsic,R,1,seed_kc
KCg-m-R-t1,60768,KCg-m,cb_intrinsic,R,1,seed_kc
KCg-m-R-t1,60930,PAM10,cb_intrinsic,L,0,auxiliary_partner
KCg-m-R-t1,60957,KCg-m,cb_intrinsic,R,1,seed_kc
KCg-m-R-t1,61113,KCg-m,cb_intrinsic,R,1,seed_kc
KCg-m-R-t1,61126,KCg-m,cb_intrinsic,R,1,seed_kc
KCg-m-R-t1,61178,KCg-m,cb_intrinsic,R,1,seed_kc
KCg-m-R-t1,61237,KCg-m,cb_intrinsic,R,1,seed_kc
KCg-m-R-t1,61279,KCg-m,cb_intrinsic,R,1,seed_kc
KCg-m-R-t1,61360,PAM12,cb_intrinsic,L,0,auxiliary_partner
KCg-m-R-t1,61382,KCg-m,cb_intrinsic,R,1,seed_kc
KCg-m-R-t1,61456,KCg-m,cb_intrinsic,R,1,seed_kc
KCg-m-R-t1,61605,KCg-m,cb_intrinsic,R,1,seed_kc
KCg-m-R-t1,61962,KCg-m,cb_intrinsic,R,1,seed_kc
KCg-m-R-t1,61967,KCg-m,cb_intrinsic,R,1,seed_kc
KCg-m-R-t1,61981,KCg-m,cb_intrinsic,R,1,seed_kc
KCg-m-R-t1,62003,KCg-m,cb_intrinsic,R,1,seed_kc
KCg-m-R-t1,62062,KCg-m,cb_intrinsic,R,1,seed_kc
KCg-m-R-t1,62159,KCg-m,cb_intrinsic,R,1,seed_kc
KCg-m-R-t1,62174,KCg-m,cb_intrinsic,R,1,seed_kc
KCg-m-R-t1,62241,KCg-m,cb_intrinsic,R,1,seed_kc
KCg-m-R-t1,62344,KCg-m,cb_intrinsic,R,1,seed_kc
KCg-m-R-t1,62559,KCg-m,cb_intrinsic,R,1,seed_kc
KCg-m-R-t1,62643,KCg-m,cb_intrinsic,R,1,seed_kc
KCg-m-R-t1,62645,KCg-m,cb_intrinsic,R,1,seed_kc
KCg-m-R-t1,62660,KCg-m,cb_intrinsic,R,1,seed_kc
KCg-m-R-t1,62731,PAM01,cb_intrinsic,R,0,auxiliary_partner
KCg-m-R-t1,62875,SMP717m,cb_intrinsic,R,1,input_partner
KCg-m-R-t1,62891,KCg-m,cb_intrinsic,R,1,seed_kc
KCg-m-R-t1,62917,KCg-m,cb_intrinsic,R,1,seed_kc
KCg-m-R-t1,63077,SLP405_c,cb_intrinsic,R,1,input_partner
KCg-m-R-t1,63097,KCg-m,cb_intrinsic,R,1,seed_kc
KCg-m-R-t1,63100,KCg-m,cb_intrinsic,R,1,seed_kc
KCg-m-R-t1,63153,KCg-m,cb_intrinsic,R,1,seed_kc
KCg-m-R-t1,63189,KCg-m,cb_intrinsic,R,1,seed_kc
KCg-m-R-t1,63269,KCg-m,cb_intrinsic,R,1,seed_kc
KCg-m-R-t1,63391,PAM01,cb_intrinsic,R,0,auxiliary_partner
KCg-m-R-t1,63394,KCg-m,cb_intrinsic,R,1,seed_kc
KCg-m-R-t1,63398,KCg-m,cb_intrinsic,R,1,seed_kc
KCg-m-R-t1,63482,KCg-m,cb_intrinsic,R,1,seed_kc
KCg-m-R-t1,63506,KCg-m,cb_intrinsic,R,1,seed_kc
KCg-m-R-t1,63508,KCg-m,cb_intrinsic,R,1,seed_kc
KCg-m-R-t1,63578,KCg-m,cb_intrinsic,R,1,seed_kc
KCg-m-R-t1,63629,KCg-m,cb_intrinsic,R,1,seed_kc
KCg-m-R-t1,63930,KCg-m,cb_intrinsic,R,1,seed_kc
KCg-m-R-t1,64115,KCg-m,cb_intrinsic,R,1,seed_kc
KCg-m-R-t1,64133,KCg-m,cb_intrinsic,R,1,seed_kc
KCg-m-R-t1,64376,KCg-m,cb_intrinsic,R,1,seed_kc
KCg-m-R-t1,64404,KCg-m,cb_intrinsic,R,1,seed_kc
KCg-m-R-t1,64437,KCg-m,cb_intrinsic,R,1,seed_kc
KCg-m-R-t1,64440,KCg-m,cb_intrinsic,R,1,seed_kc
KCg-m-R-t1,64471,KCg-m,cb_intrinsic,R,1,seed_kc
KCg-m-R-t1,64525,KCg-m,cb_intrinsic,R,1,seed_kc
KCg-m-R-t1,64596,KCg-m,cb_intrinsic,R,1,seed_kc
KCg-m-R-t1,64701,KCg-m,cb_intrinsic,R,1,seed_kc
KCg-m-R-t1,64809,KCg-m,cb_intrinsic,R,1,seed_kc
KCg-m-R-t1,65121,KCg-m,cb_intrinsic,R,1,seed_kc
KCg-m-R-t1,65122,KCg-m,cb_intrinsic,R,1,seed_kc
KCg-m-R-t1,65161,KCg-m,cb_intrinsic,R,1,seed_kc
KCg-m-R-t1,65379,KCg-m,cb_intrinsic,R,1,seed_kc
KCg-m-R-t1,65427,KCg-m,cb_intrinsic,R,1,seed_kc
KCg-m-R-t1,65524,PAM08,cb_intrinsic,L,0,auxiliary_partner
KCg-m-R-t1,65559,PAM07,cb_intrinsic,R,0,auxiliary_partner
KCg-m-R-t1,65606,KCg-m,cb_intrinsic,R,1,seed_kc
KCg-m-R-t1,65737,KCg-m,cb_intrinsic,R,1,seed_kc
KCg-m-R-t1,65864,KCg-m,cb_intrinsic,R,1,seed_kc
KCg-m-R-t1,65886,PAM08,cb_intrinsic,L,0,auxiliary_partner
KCg-m-R-t1,65965,KCg-m,cb_intrinsic,R,1,seed_kc
KCg-m-R-t1,65997,KCg-m,cb_intrinsic,R,1,seed_kc
KCg-m-R-t1,66038,KCg-m,cb_intrinsic,R,1,seed_kc
KCg-m-R-t1,66099,KCg-m,cb_intrinsic,R,1,seed_kc
KCg-m-R-t1,66219,KCg-m,cb_intrinsic,R,1,seed_kc
KCg-m-R-t1,66519,KCg-m,cb_intrinsic,R,1,seed_kc
KCg-m-R-t1,66583,KCg-m,cb_intrinsic,R,1,seed_kc
KCg-m-R-t1,66594,KCg-m,cb_intrinsic,R,1,seed_kc
KCg-m-R-t1,66595,KCg-m,cb_intrinsic,R,1,seed_kc
KCg-m-R-t1,66601,KCg-m,cb_intrinsic,R,1,seed_kc
KCg-m-R-t1,66611,KCg-m,cb_intrinsic,R,1,seed_kc
KCg-m-R-t1,66812,KCg-m,cb_intrinsic,R,1,seed_kc
KCg-m-R-t1,66911,KCg-m,cb_intrinsic,R,1,seed_kc
KCg-m-R-t1,66934,PAM10,cb_intrinsic,L,0,auxiliary_partner
KCg-m-R-t1,66945,KCg-m,cb_intrinsic,R,1,seed_kc
KCg-m-R-t1,67120,KCg-m,cb_intrinsic,R,1,seed_kc
KCg-m-R-t1,67249,KCg-m,cb_intrinsic,R,1,seed_kc
KCg-m-R-t1,67320,KCg-m,cb_intrinsic,R,1,seed_kc
KCg-m-R-t1,67337,KCg-m,cb_intrinsic,R,1,seed_kc
KCg-m-R-t1,67425,KCg-m,cb_intrinsic,R,1,seed_kc
KCg-m-R-t1,67432,KCg-m,cb_intrinsic,R,1,seed_kc
KCg-m-R-t1,67451,KCg-m,cb_intrinsic,R,1,seed_kc
KCg-m-R-t1,67712,KCg-m,cb_intrinsic,R,1,seed_kc
KCg-m-R-t1,67721,KCg-m,cb_intrinsic,R,1,seed_kc
KCg-m-R-t1,67722,KCg-m,cb_intrinsic,R,1,seed_kc
KCg-m-R-t1,67774,KCg-m,cb_intrinsic,R,1,seed_kc
KCg-m-R-t1,67828,KCg-m,cb_intrinsic,R,1,seed_kc
KCg-m-R-t1,68137,KCg-m,cb_intrinsic,R,1,seed_kc
KCg-m-R-t1,68176,KCg-m,cb_intrinsic,R,1,seed_kc
KCg-m-R-t1,68226,KCg-m,cb_intrinsic,R,1,seed_kc
KCg-m-R-t1,68487,KCg-m,cb_intrinsic,R,1,seed_kc
KCg-m-R-t1,68531,KCg-m,cb_intrinsic,R,1,seed_kc
KCg-m-R-t1,68635,KCg-m,cb_intrinsic,R,1,seed_kc
KCg-m-R-t1,68790,KCg-m,cb_intrinsic,R,1,seed_kc
KCg-m-R-t1,68803,KCg-m,cb_intrinsic,R,1,seed_kc
KCg-m-R-t1,69042,KCg-m,cb_intrinsic,R,1,seed_kc
KCg-m-R-t1,69077,KCg-m,cb_intrinsic,R,1,seed_kc
KCg-m-R-t1,69101,KCg-m,cb_intrinsic,R,1,seed_kc
KCg-m-R-t1,69175,KCg-m,cb_intrinsic,R,1,seed_kc
KCg-m-R-t1,69347,KCg-m,cb_intrinsic,R,1,seed_kc
KCg-m-R-t1,69431,KCg-m,cb_intrinsic,R,1,seed_kc
KCg-m-R-t1,69620,KCg-m,cb_intrinsic,R,1,seed_kc
KCg-m-R-t1,69650,KCg-m,cb_intrinsic,R,1,seed_kc
KCg-m-R-t1,69716,KCg-m,cb_intrinsic,R,1,seed_kc
KCg-m-R-t1,69722,PAM08,cb_intrinsic,L,0,auxiliary_partner
KCg-m-R-t1,69859,KCg-m,cb_intrinsic,R,1,seed_kc
KCg-m-R-t1,69967,KCg-m,cb_intrinsic,R,1,seed_kc
KCg-m-R-t1,70022,KCg-m,cb_intrinsic,R,1,seed_kc
KCg-m-R-t1,70029,KCg-m,cb_intrinsic,R,1,seed_kc
KCg-m-R-t1,70030,KCg-m,cb_intrinsic,R,1,seed_kc
KCg-m-R-t1,70208,SMP128,cb_intrinsic,R,-1,input_partner
KCg-m-R-t1,70235,KCg-m,cb_intrinsic,R,1,seed_kc
KCg-m-R-t1,70283,KCg-m,cb_intrinsic,R,1,seed_kc
KCg-m-R-t1,70312,KCg-m,cb_intrinsic,R,1,seed_kc
KCg-m-R-t1,70324,KCg-m,cb_intrinsic,R,1,seed_kc
KCg-m-R-t1,70445,KCg-m,cb_intrinsic,R,1,seed_kc
KCg-m-R-t1,70489,KCg-m,cb_intrinsic,R,1,seed_kc
KCg-m-R-t1,70509,KCg-m,cb_intrinsic,R,1,seed_kc
KCg-m-R-t1,70526,KCg-m,cb_intrinsic,R,1,seed_kc
KCg-m-R-t1,70553,KCg-m,cb_intrinsic,R,1,seed_kc
KCg-m-R-t1,70928,KCg-m,cb_intrinsic,R,1,seed_kc
KCg-m-R-t1,70952,KCg-m,cb_intrinsic,R,1,seed_kc
KCg-m-R-t1,71028,KCg-m,cb_intrinsic,R,1,seed_kc
KCg-m-R-t1,71033,KCg-m,cb_intrinsic,R,1,seed_kc
KCg-m-R-t1,71121,KCg-m,cb_intrinsic,R,1,seed_kc
KCg-m-R-t1,71769,FB4R,cb_intrinsic,R,-1,input_partner
KCg-m-R-t1,71770,KCg-m,cb_intrinsic,R,1,seed_kc
KCg-m-R-t1,71902,KCg-m,cb_intrinsic,R,1,seed_kc
KCg-m-R-t1,72032,KCg-m,cb_intrinsic,R,1,seed_kc
KCg-m-R-t1,72049,KCg-m,cb_intrinsic,R,1,seed_kc
KCg-m-R-t1,72111,KCg-m,cb_intrinsic,R,1,seed_kc
KCg-m-R-t1,72141,KCg-m,cb_intrinsic,R,1,seed_kc
KCg-m-R-t1,72387,KCg-m,cb_intrinsic,R,1,seed_kc
KCg-m-R-t1,72523,KCg-m,cb_intrinsic,R,1,seed_kc
KCg-m-R-t1,72601,PAM06,cb_intrinsic,L,0,auxiliary_partner
KCg-m-R-t1,72643,KCg-m,cb_intrinsic,R,1,seed_kc
KCg-m-R-t1,72695,KCg-m,cb_intrinsic,R,1,seed_kc
KCg-m-R-t1,72916,KCg-m,cb_intrinsic,R,1,seed_kc
KCg-m-R-t1,72939,KCg-m,cb_intrinsic,R,1,seed_kc
KCg-m-R-t1,73161,KCg-m,cb_intrinsic,R,1,seed_kc
KCg-m-R-t1,73195,KCg-m,cb_intrinsic,R,1,seed_kc
KCg-m-R-t1,73279,LHPV4g2,cb_intrinsic,R,-1,input_partner
KCg-m-R-t1,73296,KCg-m,cb_intrinsic,R,1,seed_kc
KCg-m-R-t1,73457,KCg-m,cb_intrinsic,R,1,seed_kc
KCg-m-R-t1,73750,KCg-m,cb_intrinsic,R,1,seed_kc
KCg-m-R-t1,73814,KCg-m,cb_intrinsic,R,1,seed_kc
KCg-m-R-t1,73850,KCg-m,cb_intrinsic,R,1,seed_kc
KCg-m-R-t1,74190,KCg-m,cb_intrinsic,R,1,seed_kc
KCg-m-R-t1,74260,KCg-m,cb_intrinsic,R,1,seed_kc
KCg-m-R-t1,74368,KCg-m,cb_intrinsic,R,1,seed_kc
KCg-m-R-t1,74403,KCg-m,cb_intrinsic,R,1,seed_kc
KCg-m-R-t1,74743,PAM08,cb_intrinsic,L,0,auxiliary_partner
KCg-m-R-t1,74856,PAM01,cb_intrinsic,L,0,auxiliary_partner
KCg-m-R-t1,75029,KCg-m,cb_intrinsic,R,1,seed_kc
KCg-m-R-t1,75045,KCg-m,cb_intrinsic,R,1,seed_kc
KCg-m-R-t1,75072,KCg-m,cb_intrinsic,R,1,seed_kc
KCg-m-R-t1,75288,KCg-m,cb_intrinsic,R,1,seed_kc
KCg-m-R-t1,75652,KCg-m,cb_intrinsic,R,1,seed_kc
KCg-m-R-t1,75774,KCg-m,cb_intrinsic,R,1,seed_kc
KCg-m-R-t1,75880,KCg-m,cb_intrinsic,R,1,seed_kc
KCg-m-R-t1,75922,PAM08,cb_intrinsic,L,0,auxiliary_partner
KCg-m-R-t1,76063,KCg-m,cb_intrinsic,R,1,seed_kc
KCg-m-R-t1,76317,KCg-m,cb_intrinsic,R,1,seed_kc
KCg-m-R-t1,76362,PAM08,cb_intrinsic,L,0,auxiliary_partner
KCg-m-R-t1,76443,KCg-m,cb_intrinsic,R,1,seed_kc
KCg-m-R-t1,76493,KCg-m,cb_intrinsic,R,1,seed_kc
KCg-m-R-t1,76585,MBON25-like,cb_intrinsic,R,-1,output_mbon
KCg-m-R-t1,76587,KCg-m,cb_intrinsic,R,1,seed_kc
KCg-m-R-t1,76837,KCg-m,cb_intrinsic,R,1,seed_kc
KCg-m-R-t1,76973,KCg-m,cb_intrinsic,R,1,seed_kc
KCg-m-R-t1,77054,KCg-m,cb_intrinsic,R,1,seed_kc
KCg-m-R-t1,77126,KCg-m,cb_intrinsic,R,1,seed_kc
KCg-m-R-t1,77132,KCg-m,cb_intrinsic,R,1,seed_kc
KCg-m-R-t1,77158,KCg-m,cb_intrinsic,R,1,seed_kc
KCg-m-R-t1,77281,KCg-m,cb_intrinsic,R,1,seed_kc
KCg-m-R-t1,77442,KCg-m,cb_intrinsic,R,1,seed_kc
KCg-m-R-t1,77449,KCg-m,cb_intrinsic,R,1,seed_kc
KCg-m-R-t1,77451,KCg-m,cb_intrinsic,R,1,seed_kc
KCg-m-R-t1,77479,KCg-m,cb_intrinsic,R,1,seed_kc
KCg-m-R-t1,77523,KCg-m,cb_intrinsic,R,1,seed_kc
KCg-m-R-t1,77637,KCg-m,cb_intrinsic,R,1,seed_kc
KCg-m-R-t1,77975,KCg-m,cb_intrinsic,R,1,seed_kc
KCg-m-R-t1,78251,KCg-m,cb_intrinsic,R,1,seed_kc
KCg-m-R-t1,78361,KCg-m,cb_intrinsic,R,1,seed_kc
KCg-m-R-t1,78458,KCg-m,cb_intrinsic,R,1,seed_kc
KCg-m-R-t1,78811,KCg-m,cb_intrinsic,R,1,seed_kc
KCg-m-R-t1,78858,KCg-m,cb_intrinsic,R,1,seed_kc
KCg-m-R-t1,78920,KCg-m,cb_intrinsic,R,1,seed_kc
KCg-m-R-t1,79372,KCg-m,cb_intrinsic,R,1,seed_kc
KCg-m-R-t1,79444,KCg-m,cb_intrinsic,R,1,seed_kc
KCg-m-R-t1,79653,KCg-m,cb_intrinsic,R,1,seed_kc
KCg-m-R-t1,79832,KCg-m,cb_intrinsic,R,1,seed_kc
KCg-m-R-t1,79931,KCg-m,cb_intrinsic,R,1,seed_kc
KCg-m-R-t1,80027,KCg-m,cb_intrinsic,R,1,seed_kc
KCg-m-R-t1,80079,KCg-m,cb_intrinsic,R,1,seed_kc
KCg-m-R-t1,80083,KCg-m,cb_intrinsic,R,1,seed_kc
KCg-m-R-t1,80123,KCg-m,cb_intrinsic,R,1,seed_kc
KCg-m-R-t1,80397,KCg-m,cb_intrinsic,R,1,seed_kc
KCg-m-R-t1,80614,KCg-m,cb_intrinsic,R,1,seed_kc
KCg-m-R-t1,80744,PAM01,cb_intrinsic,L,0,auxiliary_partner
KCg-m-R-t1,81000,KCg-m,cb_intrinsic,R,1,seed_kc
KCg-m-R-t1,81004,KCg-m,cb_intrinsic,R,1,seed_kc
KCg-m-R-t1,81005,KCg-m,cb_intrinsic,R,1,seed_kc
KCg-m-R-t1,81233,KCg-m,cb_intrinsic,R,1,seed_kc
KCg-m-R-t1,81427,KCg-m,cb_intrinsic,R,1,seed_kc
KCg-m-R-t1,81506,KCg-m,cb_intrinsic,R,1,seed_kc
KCg-m-R-t1,81563,KCg-m,cb_intrinsic,R,1,seed_kc
KCg-m-R-t1,81601,KCg-m,cb_intrinsic,R,1,seed_kc
KCg-m-R-t1,81606,KCg-m,cb_intrinsic,R,1,seed_kc
KCg-m-R-t1,81628,KCg-m,cb_intrinsic,R,1,seed_kc
KCg-m-R-t1,81651,KCg-m,cb_intrinsic,R,1,seed_kc
KCg-m-R-t1,81820,KCg-m,cb_intrinsic,R,1,seed_kc
KCg-m-R-t1,81967,KCg-m,cb_intrinsic,R,1,seed_kc
KCg-m-R-t1,82118,KCg-m,cb_intrinsic,R,1,seed_kc
KCg-m-R-t1,82132,KCg-m,cb_intrinsic,R,1,seed_kc
KCg-m-R-t1,82161,KCg-m,cb_intrinsic,R,1,seed_kc
KCg-m-R-t1,82188,KCg-m,cb_intrinsic,R,1,seed_kc
KCg-m-R-t1,82284,KCg-m,cb_intrinsic,R,1,seed_kc
KCg-m-R-t1,82386,KCg-m,cb_intrinsic,R,1,seed_kc
KCg-m-R-t1,82440,KCg-m,cb_intrinsic,R,1,seed_kc
KCg-m-R-t1,82582,KCg-m,cb_intrinsic,R,1,seed_kc
KCg-m-R-t1,82895,KCg-m,cb_intrinsic,R,1,seed_kc
KCg-m-R-t1,82939,KCg-m,cb_intrinsic,R,1,seed_kc
KCg-m-R-t1,83162,KCg-m,cb_intrinsic,R,1,seed_kc
KCg-m-R-t1,83277,PAM01,cb_intrinsic,L,0,auxiliary_partner
KCg-m-R-t1,83341,KCg-m,cb_intrinsic,R,1,seed_kc
KCg-m-R-t1,83360,KCg-m,cb_intrinsic,R,1,seed_kc
KCg-m-R-t1,83494,KCg-m,cb_intrinsic,R,1,seed_kc
KCg-m-R-t1,83576,KCg-m,cb_intrinsic,R,1,seed_kc
KCg-m-R-t1,83608,KCg-m,cb_intrinsic,R,1,seed_kc
KCg-m-R-t1,83820,KCg-m,cb_intrinsic,R,1,seed_kc
KCg-m-R-t1,83833,KCg-m,cb_intrinsic,R,1,seed_kc
KCg-m-R-t1,83852,PAM06,cb_intrinsic,R,0,auxiliary_partner
KCg-m-R-t1,83921,KCg-m,cb_intrinsic,R,1,seed_kc
KCg-m-R-t1,84007,KCg-m,cb_intrinsic,R,1,seed_kc
KCg-m-R-t1,84664,KCg-m,cb_intrinsic,R,1,seed_kc
KCg-m-R-t1,84972,KCg-m,cb_intrinsic,R,1,seed_kc
KCg-m-R-t1,85137,KCg-m,cb_intrinsic,R,1,seed_kc
KCg-m-R-t1,85141,KCg-m,cb_intrinsic,R,1,seed_kc
KCg-m-R-t1,85516,KCg-m,cb_intrinsic,R,1,seed_kc
KCg-m-R-t1,86066,PAM07,cb_intrinsic,L,0,auxiliary_partner
KCg-m-R-t1,86137,KCg-m,cb_intrinsic,R,1,seed_kc
KCg-m-R-t1,86156,PAM08,cb_intrinsic,R,0,auxiliary_partner
KCg-m-R-t1,86431,PAM07,cb_intrinsic,L,0,auxiliary_partner
KCg-m-R-t1,86553,KCg-m,cb_intrinsic,R,1,seed_kc
KCg-m-R-t1,86751,KCg-m,cb_intrinsic,R,1,seed_kc
KCg-m-R-t1,86814,KCg-m,cb_intrinsic,R,1,seed_kc
KCg-m-R-t1,86876,KCg-m,cb_intrinsic,R,1,seed_kc
KCg-m-R-t1,86985,KCg-m,cb_intrinsic,R,1,seed_kc
KCg-m-R-t1,87077,MBON25,cb_intrinsic,L,-1,output_mbon
KCg-m-R-t1,87155,KCg-m,cb_intrinsic,R,1,seed_kc
KCg-m-R-t1,87177,PAM08,cb_intrinsic,L,0,auxiliary_partner
KCg-m-R-t1,87382,KCg-m,cb_intrinsic,R,1,seed_kc
KCg-m-R-t1,87437,KCg-m,cb_intrinsic,R,1,seed_kc
KCg-m-R-t1,87547,SMP540,cb_intrinsic,R,-1,input_partner
KCg-m-R-t1,87642,KCg-m,cb_intrinsic,R,1,seed_kc
KCg-m-R-t1,87660,KCg-m,cb_intrinsic,R,1,seed_kc
KCg-m-R-t1,87759,KCg-m,cb_intrinsic,R,1,seed_kc
KCg-m-R-t1,87844,KCg-m,cb_intrinsic,R,1,seed_kc
KCg-m-R-t1,88290,KCg-m,cb_intrinsic,R,1,seed_kc
KCg-m-R-t1,88477,PAM01,cb_intrinsic,L,0,auxiliary_partner
KCg-m-R-t1,88584,KCg-m,cb_intrinsic,R,1,seed_kc
KCg-m-R-t1,88655,KCg-m,cb_intrinsic,R,1,seed_kc
KCg-m-R-t1,88703,KCg-m,cb_intrinsic,R,1,seed_kc
KCg-m-R-t1,88884,KCg-m,cb_intrinsic,R,1,seed_kc
KCg-m-R-t1,89471,KCg-m,cb_intrinsic,R,1,seed_kc
KCg-m-R-t1,89761,KCg-m,cb_intrinsic,R,1,seed_kc
KCg-m-R-t1,89839,KCg-m,cb_intrinsic,R,1,seed_kc
KCg-m-R-t1,89841,KCg-m,cb_intrinsic,R,1,seed_kc
KCg-m-R-t1,90367,KCg-m,cb_intrinsic,R,1,seed_kc
KCg-m-R-t1,90678,PAM08,cb_intrinsic,L,0,auxiliary_partner
KCg-m-R-t1,90867,PAM01,cb_intrinsic,R,0,auxiliary_partner
KCg-m-R-t1,90902,PAM08,cb_intrinsic,R,0,auxiliary_partner
KCg-m-R-t1,91041,KCg-m,cb_intrinsic,R,1,seed_kc
KCg-m-R-t1,91391,PAM12,cb_intrinsic,L,0,auxiliary_partner
KCg-m-R-t1,91799,M_adPNm8,cb_intrinsic,R,1,input_partner
KCg-m-R-t1,91875,PAM12,cb_intrinsic,L,0,auxiliary_partner
KCg-m-R-t1,92278,KCg-m,cb_intrinsic,R,1,seed_kc
KCg-m-R-t1,92324,PAM06,cb_intrinsic,R,0,auxiliary_partner
KCg-m-R-t1,92784,KCg-m,cb_intrinsic,R,1,seed_kc
KCg-m-R-t1,92907,CRE043_c1,cb_intrinsic,R,-1,input_partner
KCg-m-R-t1,92924,KCg-m,cb_intrinsic,R,1,seed_kc
KCg-m-R-t1,92927,KCg-m,cb_intrinsic,R,1,seed_kc
KCg-m-R-t1,93462,KCg-m,cb_intrinsic,R,1,seed_kc
KCg-m-R-t1,93485,KCg-m,cb_intrinsic,R,1,seed_kc
KCg-m-R-t1,93704,PAM01,cb_intrinsic,L,0,auxiliary_partner
KCg-m-R-t1,93772,KCg-m,cb_intrinsic,R,1,seed_kc
KCg-m-R-t1,93859,KCg-m,cb_intrinsic,R,1,seed_kc
KCg-m-R-t1,94001,KCg-m,cb_intrinsic,R,1,seed_kc
KCg-m-R-t1,94250,PAM05,cb_intrinsic,L,0,auxiliary_partner
KCg-m-R-t1,94674,KCg-m,cb_intrinsic,R,1,seed_kc
KCg-m-R-t1,94922,PAM05,cb_intrinsic,L,0,auxiliary_partner
KCg-m-R-t1,94974,KCg-m,cb_intrinsic,R,1,seed_kc
KCg-m-R-t1,95158,KCg-m,cb_intrinsic,R,1,seed_kc
KCg-m-R-t1,95167,KCg-m,cb_intrinsic,R,1,seed_kc
KCg-m-R-t1,95213,KCg-m,cb_intrinsic,R,1,seed_kc
KCg-m-R-t1,95249,LHAV7a5,cb_intrinsic,R,-1,input_partner
KCg-m-R-t1,95523,PAM08,cb_intrinsic,L,0,auxiliary_partner
KCg-m-R-t1,95720,M_adPNm5,cb_intrinsic,R,1,input_partner
KCg-m-R-t1,96324,KCg-m,cb_intrinsic,R,1,seed_kc
KCg-m-R-t1,96497,PAM07,cb_intrinsic,R,0,auxiliary_partner
KCg-m-R-t1,96571,PAM12,cb_intrinsic,L,0,auxiliary_partner
KCg-m-R-t1,97305,KCg-m,cb_intrinsic,R,1,seed_kc
KCg-m-R-t1,97772,KCg-m,cb_intrinsic,R,1,seed_kc
KCg-m-R-t1,97841,CRE067,cb_intrinsic,L,1,input_partner
KCg-m-R-t1,97990,PAM06,cb_intrinsic,L,0,auxiliary_partner
KCg-m-R-t1,97999,KCg-m,cb_intrinsic,R,1,seed_kc
KCg-m-R-t1,98017,KCg-m,cb_intrinsic,R,1,seed_kc
KCg-m-R-t1,98265,PAM06,cb_intrinsic,L,0,auxiliary_partner
KCg-m-R-t1,98554,PAM07,cb_intrinsic,L,0,auxiliary_partner
KCg-m-R-t1,99089,PAM01,cb_intrinsic,L,0,auxiliary_partner
KCg-m-R-t1,99139,KCg-m,cb_intrinsic,R,1,seed_kc
KCg-m-R-t1,99608,KCg-m,cb_intrinsic,R,1,seed_kc
KCg-m-R-t1,100258,PAM01,cb_intrinsic,R,0,auxiliary_partner
KCg-m-R-t1,102887,KCg-m,cb_intrinsic,R,1,seed_kc
KCg-m-R-t1,102936,PAM08,cb_intrinsic,R,0,auxiliary_partner
KCg-m-R-t1,103144,KCg-m,cb_intrinsic,R,1,seed_kc
KCg-m-R-t1,103255,PAM08,cb_intrinsic,R,0,auxiliary_partner
KCg-m-R-t1,103433,PAM14,cb_intrinsic,R,0,auxiliary_partner
KCg-m-R-t1,104166,KCg-m,cb_intrinsic,R,1,seed_kc
KCg-m-R-t1,104460,PAM12,cb_intrinsic,L,0,auxiliary_partner
KCg-m-R-t1,104526,KCg-m,cb_intrinsic,R,1,seed_kc
KCg-m-R-t1,104713,PAM08,cb_intrinsic,R,0,auxiliary_partner
KCg-m-R-t1,105128,KCg-m,cb_intrinsic,R,1,seed_kc
KCg-m-R-t1,105362,PAM05,cb_intrinsic,R,0,auxiliary_partner
KCg-m-R-t1,105365,PAM08,cb_intrinsic,R,0,auxiliary_partner
KCg-m-R-t1,105447,PAM12,cb_intrinsic,L,0,auxiliary_partner
KCg-m-R-t1,106115,KCg-m,cb_intrinsic,R,1,seed_kc
KCg-m-R-t1,106691,KCg-m,cb_intrinsic,R,1,seed_kc
KCg-m-R-t1,107197,KCg-m,cb_intrinsic,R,1,seed_kc
KCg-m-R-t1,107285,PAM08,cb_intrinsic,L,0,auxiliary_partner
KCg-m-R-t1,107452,KCg-m,cb_intrinsic,R,1,seed_kc
KCg-m-R-t1,107852,KCg-m,cb_intrinsic,R,1,seed_kc
KCg-m-R-t1,107986,PAM02,cb_intrinsic,L,0,auxiliary_partner
KCg-m-R-t1,108002,KCg-m,cb_intrinsic,R,1,seed_kc
KCg-m-R-t1,108429,PAM04,cb_intrinsic,L,0,auxiliary_partner
KCg-m-R-t1,108576,PAM13,cb_intrinsic,R,0,auxiliary_partner
KCg-m-R-t1,108609,CRE060,cb_intrinsic,L,1,input_partner
KCg-m-R-t1,108833,KCg-m,cb_intrinsic,R,1,seed_kc
KCg-m-R-t1,109268,KCg-m,cb_intrinsic,R,1,seed_kc
KCg-m-R-t1,109583,KCg-m,cb_intrinsic,R,1,seed_kc
KCg-m-R-t1,109624,PAM08,cb_intrinsic,L,0,auxiliary_partner
KCg-m-R-t1,109697,KCg-m,cb_intrinsic,R,1,seed_kc
KCg-m-R-t1,109793,PAM04,cb_intrinsic,L,0,auxiliary_partner
KCg-m-R-t1,109873,KCg-m,cb_intrinsic,R,1,seed_kc
KCg-m-R-t1,110375,KCg-m,cb_intrinsic,R,1,seed_kc
KCg-m-R-t1,110448,MBON25-like,cb_intrinsic,L,-1,output_mbon
KCg-m-R-t1,110653,PAM05,cb_intrinsic,R,0,auxiliary_partner
KCg-m-R-t1,111165,KCg-m,cb_intrinsic,R,1,seed_kc
KCg-m-R-t1,111665,PAM12,cb_intrinsic,R,0,auxiliary_partner
KCg-m-R-t1,112040,KCg-m,cb_intrinsic,R,1,seed_kc
KCg-m-R-t1,112749,KCg-m,cb_intrinsic,R,1,seed_kc
KCg-m-R-t1,113001,PAM12,cb_intrinsic,R,0,auxiliary_partner
KCg-m-R-t1,113067,PAM01,cb_intrinsic,R,0,auxiliary_partner
KCg-m-R-t1,114216,PAM01,cb_intrinsic,L,0,auxiliary_partner
KCg-m-R-t1,114235,KCg-m,cb_intrinsic,R,1,seed_kc
KCg-m-R-t1,114522,PAM07,cb_intrinsic,R,0,auxiliary_partner
KCg-m-R-t1,114594,KCg-m,cb_intrinsic,R,1,seed_kc
KCg-m-R-t1,114661,PAM11,cb_intrinsic,R,0,auxiliary_partner
KCg-m-R-t1,114700,PAM01,cb_intrinsic,R,0,auxiliary_partner
KCg-m-R-t1,115240,KCg-m,cb_intrinsic,R,1,seed_kc
KCg-m-R-t1,115617,PAM04,cb_intrinsic,L,0,auxiliary_partner
KCg-m-R-t1,115868,PAM14,cb_intrinsic,R,0,auxiliary_partner
KCg-m-R-t1,116594,M_lvPNm46,cb_intrinsic,R,1,input_partner
KCg-m-R-t1,117782,PAM08,cb_intrinsic,L,0,auxiliary_partner
KCg-m-R-t1,117952,KCg-m,cb_intrinsic,R,1,seed_kc
KCg-m-R-t1,118629,KCg-m,cb_intrinsic,R,1,seed_kc
KCg-m-R-t1,118769,KCg-m,cb_intrinsic,R,1,seed_kc
KCg-m-R-t1,119101,KCg-m,cb_intrinsic,R,1,seed_kc
KCg-m-R-t1,119278,KCg-m,cb_intrinsic,R,1,seed_kc
KCg-m-R-t1,119280,KCg-m,cb_intrinsic,R,1,seed_kc
KCg-m-R-t1,119499,PAM08,cb_intrinsic,L,0,auxiliary_partner
KCg-m-R-t1,119591,KCg-m,cb_intrinsic,R,1,seed_kc
KCg-m-R-t1,119632,KCg-m,cb_intrinsic,R,1,seed_kc
KCg-m-R-t1,119763,PAM11,cb_intrinsic,L,0,auxiliary_partner
KCg-m-R-t1,119936,KCg-m,cb_intrinsic,R,1,seed_kc
KCg-m-R-t1,120259,PAM04,cb_intrinsic,R,0,auxiliary_partner
KCg-m-R-t1,120768,PAM07,cb_intrinsic,R,0,auxiliary_partner
KCg-m-R-t1,121103,KCg-m,cb_intrinsic,R,1,seed_kc
KCg-m-R-t1,122062,PAM08,cb_intrinsic,R,0,auxiliary_partner
KCg-m-R-t1,122293,KCg-m,cb_intrinsic,R,1,seed_kc
KCg-m-R-t1,122354,KCg-m,cb_intrinsic,R,1,seed_kc
KCg-m-R-t1,122892,KCg-m,cb_intrinsic,R,1,seed_kc
KCg-m-R-t1,123280,KCg-m,cb_intrinsic,R,1,seed_kc
KCg-m-R-t1,123421,KCg-m,cb_intrinsic,R,1,seed_kc
KCg-m-R-t1,123585,KCg-m,cb_intrinsic,R,1,seed_kc
KCg-m-R-t1,123894,KCg-m,cb_intrinsic,R,1,seed_kc
KCg-m-R-t1,124055,KCg-m,cb_intrinsic,R,1,seed_kc
KCg-m-R-t1,124242,KCg-m,cb_intrinsic,R,1,seed_kc
KCg-m-R-t1,124632,KCg-m,cb_intrinsic,R,1,seed_kc
KCg-m-R-t1,124918,PAM04,cb_intrinsic,L,0,auxiliary_partner
KCg-m-R-t1,125080,PAM04,cb_intrinsic,L,0,auxiliary_partner
KCg-m-R-t1,125860,KCg-m,cb_intrinsic,R,1,seed_kc
KCg-m-R-t1,126002,KCg-m,cb_intrinsic,R,1,seed_kc
KCg-m-R-t1,126501,PAM06,cb_intrinsic,L,0,auxiliary_partner
KCg-m-R-t1,126602,KCg-m,cb_intrinsic,R,1,seed_kc
KCg-m-R-t1,126900,PAM12,cb_intrinsic,L,0,auxiliary_partner
KCg-m-R-t1,127397,KCg-m,cb_intrinsic,R,1,seed_kc
KCg-m-R-t1,127659,PAM02,cb_intrinsic,L,0,auxiliary_partner
KCg-m-R-t1,128076,PAM04,cb_intrinsic,R,0,auxiliary_partner
KCg-m-R-t1,129189,KCg-m,cb_intrinsic,R,1,seed_kc
KCg-m-R-t1,129287,KCg-m,cb_intrinsic,R,1,seed_kc
KCg-m-R-t1,129321,KCg-m,cb_intrinsic,R,1,seed_kc
KCg-m-R-t1,129430,PAM08,cb_intrinsic,L,0,auxiliary_partner
KCg-m-R-t1,129563,PAM01,cb_intrinsic,R,0,auxiliary_partner
KCg-m-R-t1,129903,KCg-m,cb_intrinsic,R,1,seed_kc
KCg-m-R-t1,129965,KCg-m,cb_intrinsic,R,1,seed_kc
KCg-m-R-t1,130317,KCg-m,cb_intrinsic,R,1,seed_kc
KCg-m-R-t1,130403,KCg-m,cb_intrinsic,R,1,seed_kc
KCg-m-R-t1,130603,KCg-m,cb_intrinsic,R,1,seed_kc
KCg-m-R-t1,130806,KCg-m,cb_intrinsic,R,1,seed_kc
KCg-m-R-t1,130907,KCg-m,cb_intrinsic,R,1,seed_kc
KCg-m-R-t1,131100,KCg-m,cb_intrinsic,R,1,seed_kc
KCg-m-R-t1,131293,KCg-m,cb_intrinsic,R,1,seed_kc
KCg-m-R-t1,131419,PAM06,cb_intrinsic,R,0,auxiliary_partner
KCg-m-R-t1,131607,PAM07,cb_intrinsic,L,0,auxiliary_partner
KCg-m-R-t1,131946,KCg-m,cb_intrinsic,R,1,seed_kc
KCg-m-R-t1,132230,KCg-m,cb_intrinsic,R,1,seed_kc
KCg-m-R-t1,132312,KCg-m,cb_intrinsic,R,1,seed_kc
KCg-m-R-t1,132513,PAM06,cb_intrinsic,R,0,auxiliary_partner
KCg-m-R-t1,133019,PAM08,cb_intrinsic,R,0,auxiliary_partner
KCg-m-R-t1,133053,KCg-m,cb_intrinsic,R,1,seed_kc
KCg-m-R-t1,133214,KCg-m,cb_intrinsic,R,1,seed_kc
KCg-m-R-t1,133642,KCg-m,cb_intrinsic,R,1,seed_kc
KCg-m-R-t1,133671,KCg-m,cb_intrinsic,R,1,seed_kc
KCg-m-R-t1,133806,KCg-m,cb_intrinsic,R,1,seed_kc
KCg-m-R-t1,134216,KCg-m,cb_intrinsic,R,1,seed_kc
KCg-m-R-t1,134265,PAM06,cb_intrinsic,R,0,auxiliary_partner
KCg-m-R-t1,134359,KCg-m,cb_intrinsic,R,1,seed_kc
KCg-m-R-t1,134660,KCg-m,cb_intrinsic,R,1,seed_kc
KCg-m-R-t1,134769,PAM06,cb_intrinsic,R,0,auxiliary_partner
KCg-m-R-t1,134869,PAM06,cb_intrinsic,L,0,auxiliary_partner
KCg-m-R-t1,134883,KCg-m,cb_intrinsic,R,1,seed_kc
KCg-m-R-t1,135046,PAM02,cb_intrinsic,L,0,auxiliary_partner
KCg-m-R-t1,135171,PAM12,cb_intrinsic,R,0,auxiliary_partner
KCg-m-R-t1,135238,KCg-m,cb_intrinsic,R,1,seed_kc
KCg-m-R-t1,135287,PAM05,cb_intrinsic,L,0,auxiliary_partner
KCg-m-R-t1,135290,PAM15,cb_intrinsic,R,0,auxiliary_partner
KCg-m-R-t1,135362,KCg-m,cb_intrinsic,R,1,seed_kc
KCg-m-R-t1,135578,PAM08,cb_intrinsic,L,0,auxiliary_partner
KCg-m-R-t1,135739,KCg-m,cb_intrinsic,R,1,seed_kc
KCg-m-R-t1,136024,PAM06,cb_intrinsic,L,0,auxiliary_partner
KCg-m-R-t1,136144,PAM08,cb_intrinsic,R,0,auxiliary_partner
KCg-m-R-t1,136208,KCg-m,cb_intrinsic,R,1,seed_kc
KCg-m-R-t1,136215,PAM06,cb_intrinsic,L,0,auxiliary_partner
KCg-m-R-t1,136240,KCg-m,cb_intrinsic,R,1,seed_kc
KCg-m-R-t1,136310,KCg-m,cb_intrinsic,R,1,seed_kc
KCg-m-R-t1,136459,KCg-m,cb_intrinsic,R,1,seed_kc
KCg-m-R-t1,136531,KCg-m,cb_intrinsic,R,1,seed_kc
KCg-m-R-t1,136570,KCg-m,cb_intrinsic,R,1,seed_kc
KCg-m-R-t1,136957,CRE081,cb_intrinsic,R,1,input_partner
KCg-m-R-t1,137321,PAM04,cb_intrinsic,L,0,auxiliary_partner
KCg-m-R-t1,137373,PAM06,cb_intrinsic,L,0,auxiliary_partner
KCg-m-R-t1,137539,PAM11,cb_intrinsic,R,0,auxiliary_partner
KCg-m-R-t1,137595,PAM07,cb_intrinsic,R,0,auxiliary_partner
KCg-m-R-t1,138335,KCg-m,cb_intrinsic,R,1,seed_kc
KCg-m-R-t1,138352,KCg-m,cb_intrinsic,R,1,seed_kc
KCg-m-R-t1,138353,KCg-m,cb_intrinsic,R,1,seed_kc
KCg-m-R-t1,138408,KCg-m,cb_intrinsic,R,1,seed_kc
KCg-m-R-t1,138573,KCg-m,cb_intrinsic,R,1,seed_kc
KCg-m-R-t1,138585,PAM12,cb_intrinsic,L,0,auxiliary_partner
KCg-m-R-t1,138629,PAM01,cb_intrinsic,L,0,auxiliary_partner
KCg-m-R-t1,138822,PAM11,cb_intrinsic,L,0,auxiliary_partner
KCg-m-R-t1,139008,KCg-m,cb_intrinsic,R,1,seed_kc
KCg-m-R-t1,139053,KCg-m,cb_intrinsic,R,1,seed_kc
KCg-m-R-t1,139182,KCg-m,cb_intrinsic,R,1,seed_kc
KCg-m-R-t1,139280,PAM12,cb_intrinsic,R,0,auxiliary_partner
KCg-m-R-t1,139378,PAM12,cb_intrinsic,R,0,auxiliary_partner
KCg-m-R-t1,139510,KCg-m,cb_intrinsic,R,1,seed_kc
KCg-m-R-t1,139642,KCg-m,cb_intrinsic,R,1,seed_kc
KCg-m-R-t1,139706,PAM11,cb_intrinsic,R,0,auxiliary_partner
KCg-m-R-t1,139742,KCg-m,cb_intrinsic,R,1,seed_kc
KCg-m-R-t1,139952,KCg-m,cb_intrinsic,R,1,seed_kc
KCg-m-R-t1,140182,KCg-m,cb_intrinsic,R,1,seed_kc
KCg-m-R-t1,140271,PAM06,cb_intrinsic,R,0,auxiliary_partner
KCg-m-R-t1,140589,KCg-m,cb_intrinsic,R,1,seed_kc
KCg-m-R-t1,140636,KCg-m,cb_intrinsic,R,1,seed_kc
KCg-m-R-t1,141246,PAM02,cb_intrinsic,L,0,auxiliary_partner
KCg-m-R-t1,141510,PAM15,cb_intrinsic,R,0,auxiliary_partner
KCg-m-R-t1,141615,PAM01,cb_intrinsic,R,0,auxiliary_partner
KCg-m-R-t1,142189,KCg-m,cb_intrinsic,R,1,seed_kc
KCg-m-R-t1,142238,PAM02,cb_intrinsic,R,0,auxiliary_partner
KCg-m-R-t1,142528,PAM09,cb_intrinsic,R,0,auxiliary_partner
KCg-m-R-t1,142538,PAM08,cb_intrinsic,R,0,auxiliary_partner
KCg-m-R-t1,142660,PAM13,cb_intrinsic,R,0,auxiliary_partner
KCg-m-R-t1,142769,KCg-m,cb_intrinsic,R,1,seed_kc
KCg-m-R-t1,142898,PAM06,cb_intrinsic,R,0,auxiliary_partner
KCg-m-R-t1,143120,PAM10,cb_intrinsic,L,0,auxiliary_partner
KCg-m-R-t1,143569,KCg-m,cb_intrinsic,R,1,seed_kc
KCg-m-R-t1,143735,KCg-m,cb_intrinsic,R,1,seed_kc
KCg-m-R-t1,143875,KCg-m,cb_intrinsic,R,1,seed_kc
KCg-m-R-t1,144012,KCg-m,cb_intrinsic,R,1,seed_kc
KCg-m-R-t1,144118,KCg-m,cb_intrinsic,R,1,seed_kc
KCg-m-R-t1,144126,PAM02,cb_intrinsic,R,0,auxiliary_partner
KCg-m-R-t1,144291,KCg-m,cb_intrinsic,R,1,seed_kc
KCg-m-R-t1,144315,PAM01,cb_intrinsic,R,0,auxiliary_partner
KCg-m-R-t1,144464,KCg-m,cb_intrinsic,R,1,seed_kc
KCg-m-R-t1,144625,PAM12,cb_intrinsic,L,0,auxiliary_partner
KCg-m-R-t1,144678,PAM04,cb_intrinsic,R,0,auxiliary_partner
KCg-m-R-t1,145022,PAM02,cb_intrinsic,L,0,auxiliary_partner
KCg-m-R-t1,145094,PAM01,cb_intrinsic,R,0,auxiliary_partner
KCg-m-R-t1,145148,PAM01,cb_intrinsic,L,0,auxiliary_partner
KCg-m-R-t1,145157,KCg-m,cb_intrinsic,R,1,seed_kc
KCg-m-R-t1,145324,PAM02,cb_intrinsic,L,0,auxiliary_partner
KCg-m-R-t1,145352,KCg-m,cb_intrinsic,R,1,seed_kc
KCg-m-R-t1,145371,PAM05,cb_intrinsic,L,0,auxiliary_partner
KCg-m-R-t1,145749,PAM11,cb_intrinsic,L,0,auxiliary_partner
KCg-m-R-t1,146058,PAM08,cb_intrinsic,R,0,auxiliary_partner
KCg-m-R-t1,146122,KCg-m,cb_intrinsic,R,1,seed_kc
KCg-m-R-t1,146418,PAM12,cb_intrinsic,R,0,auxiliary_partner
KCg-m-R-t1,146603,PAM01,cb_intrinsic,R,0,auxiliary_partner
KCg-m-R-t1,146773,PAM04,cb_intrinsic,R,0,auxiliary_partner
KCg-m-R-t1,146774,PAM14,cb_intrinsic,R,0,auxiliary_partner
KCg-m-R-t1,147184,PAM08,cb_intrinsic,L,0,auxiliary_partner
KCg-m-R-t1,147591,PAM06,cb_intrinsic,R,0,auxiliary_partner
KCg-m-R-t1,147857,PAM11,cb_intrinsic,L,0,auxiliary_partner
KCg-m-R-t1,147885,KCg-m,cb_intrinsic,R,1,seed_kc
KCg-m-R-t1,148328,PAM02,cb_intrinsic,L,0,auxiliary_partner
KCg-m-R-t1,148419,KCg-m,cb_intrinsic,R,1,seed_kc
KCg-m-R-t1,148469,PAM02,cb_intrinsic,L,0,auxiliary_partner
KCg-m-R-t1,148493,KCg-m,cb_intrinsic,R,1,seed_kc
KCg-m-R-t1,148548,KCg-m,cb_intrinsic,R,1,seed_kc
KCg-m-R-t1,148680,KCg-m,cb_intrinsic,R,1,seed_kc
KCg-m-R-t1,148860,KCg-m,cb_intrinsic,R,1,seed_kc
KCg-m-R-t1,149792,KCg-m,cb_intrinsic,R,1,seed_kc
KCg-m-R-t1,149869,PAM09,cb_intrinsic,L,0,auxiliary_partner
KCg-m-R-t1,150034,PAM09,cb_intrinsic,R,0,auxiliary_partner
KCg-m-R-t1,150177,PAM01,cb_intrinsic,L,0,auxiliary_partner
KCg-m-R-t1,150828,PAM02,cb_intrinsic,L,0,auxiliary_partner
KCg-m-R-t1,150913,KCg-m,cb_intrinsic,R,1,seed_kc
KCg-m-R-t1,150983,PAM14,cb_intrinsic,L,0,auxiliary_partner
KCg-m-R-t1,151013,PAM03,cb_intrinsic,L,0,auxiliary_partner
KCg-m-R-t1,151133,PAM06,cb_intrinsic,L,0,auxiliary_partner
KCg-m-R-t1,151134,KCg-m,cb_intrinsic,R,1,seed_kc
KCg-m-R-t1,151993,PAM05,cb_intrinsic,R,0,auxiliary_partner
KCg-m-R-t1,152019,PAM08,cb_intrinsic,R,0,auxiliary_partner
KCg-m-R-t1,152044,PAM08,cb_intrinsic,R,0,auxiliary_partner
KCg-m-R-t1,152056,PAM06,cb_intrinsic,L,0,auxiliary_partner
KCg-m-R-t1,152291,PAM14,cb_intrinsic,L,0,auxiliary_partner
KCg-m-R-t1,152326,PAM13,cb_intrinsic,L,0,auxiliary_partner
KCg-m-R-t1,152385,PAM08,cb_intrinsic,R,0,auxiliary_partner
KCg-m-R-t1,152391,KCg-m,cb_intrinsic,R,1,seed_kc
KCg-m-R-t1,152428,PAM12,cb_intrinsic,L,0,auxiliary_partner
KCg-m-R-t1,152997,PAM05,cb_intrinsic,L,0,auxiliary_partner
KCg-m-R-t1,153035,PAM04,cb_intrinsic,L,0,auxiliary_partner
KCg-m-R-t1,153391,KCg-m,cb_intrinsic,R,1,seed_kc
KCg-m-R-t1,153771,PAM07,cb_intrinsic,L,0,auxiliary_partner
KCg-m-R-t1,153931,PAM01,cb_intrinsic,L,0,auxiliary_partner
KCg-m-R-t1,154230,PAM05,cb_intrinsic,R,0,auxiliary_partner
KCg-m-R-t1,154387,PAM14,cb_intrinsic,L,0,auxiliary_partner
KCg-m-R-t1,154433,KCg-m,cb_intrinsic,R,1,seed_kc
KCg-m-R-t1,155329,PAM02,cb_intrinsic,R,0,auxiliary_partner
KCg-m-R-t1,155916,PAM01,cb_intrinsic,L,0,auxiliary_partner
KCg-m-R-t1,156028,PAM01,cb_intrinsic,R,0,auxiliary_partner
KCg-m-R-t1,156046,PAM01,cb_intrinsic,L,0,auxiliary_partner
KCg-m-R-t1,157016,PAM11,cb_intrinsic,L,0,auxiliary_partner
KCg-m-R-t1,157134,PAM08,cb_intrinsic,R,0,auxiliary_partner
KCg-m-R-t1,157257,PAM12,cb_intrinsic,L,0,auxiliary_partner
KCg-m-R-t1,157370,PAM13,cb_intrinsic,R,0,auxiliary_partner
KCg-m-R-t1,157683,PAM04,cb_intrinsic,R,0,auxiliary_partner
KCg-m-R-t1,157767,PAM05,cb_intrinsic,R,0,auxiliary_partner
KCg-m-R-t1,157816,PAM04,cb_intrinsic,L,0,auxiliary_partner
KCg-m-R-t1,157864,KCg-m,cb_intrinsic,R,1,seed_kc
KCg-m-R-t1,158196,PAM04,cb_intrinsic,L,0,auxiliary_partner
KCg-m-R-t1,158372,PAM08,cb_intrinsic,L,0,auxiliary_partner
KCg-m-R-t1,158651,PAM06,cb_intrinsic,L,0,auxiliary_partner
KCg-m-R-t1,158917,PAM12,cb_intrinsic,R,0,auxiliary_partner
KCg-m-R-t1,159062,PAM01,cb_intrinsic,L,0,auxiliary_partner
KCg-m-R-t1,159158,PAM01,cb_intrinsic,L,0,auxiliary_partner
KCg-m-R-t1,159831,PAM14,cb_intrinsic,L,0,auxiliary_partner
KCg-m-R-t1,160277,PAM06,cb_intrinsic,R,0,auxiliary_partner
KCg-m-R-t1,160320,MBON25-like,cb_intrinsic,L,-1,output_mbon
KCg-m-R-t1,160878,KCg-m,cb_intrinsic,R,1,seed_kc
KCg-m-R-t1,161079,PAM15,cb_intrinsic,L,0,auxiliary_partner
KCg-m-R-t1,161153,PAM08,cb_intrinsic,L,0,auxiliary_partner
KCg-m-R-t1,161596,PAM14,cb_intrinsic,R,0,auxiliary_partner
KCg-m-R-t1,162050,PAM08,cb_intrinsic,L,0,auxiliary_partner
KCg-m-R-t1,162116,PAM13,cb_intrinsic,L,0,auxiliary_partner
KCg-m-R-t1,162631,PAM13,cb_intrinsic,R,0,auxiliary_partner
KCg-m-R-t1,163194,PAM06,cb_intrinsic,R,0,auxiliary_partner
KCg-m-R-t1,163516,KCg-m,cb_intrinsic,R,1,seed_kc
KCg-m-R-t1,163883,PAM03,cb_intrinsic,L,0,auxiliary_partner
KCg-m-R-t1,163951,PAM06,cb_intrinsic,R,0,auxiliary_partner
KCg-m-R-t1,163971,KCg-m,cb_intrinsic,R,1,seed_kc
KCg-m-R-t1,164086,PAM01,cb_intrinsic,R,0,auxiliary_partner
KCg-m-R-t1,164103,KCg-m,cb_intrinsic,R,1,seed_kc
KCg-m-R-t1,164279,PAM14,cb_intrinsic,R,0,auxiliary_partner
KCg-m-R-t1,164601,PAM14,cb_intrinsic,L,0,auxiliary_partner
KCg-m-R-t1,165036,KCg-m,cb_intrinsic,R,1,seed_kc
KCg-m-R-t1,165187,PAM05,cb_intrinsic,R,0,auxiliary_partner
KCg-m-R-t1,165365,PAM01,cb_intrinsic,L,0,auxiliary_partner
KCg-m-R-t1,167009,PAM01,cb_intrinsic,R,0,auxiliary_partner
KCg-m-R-t1,167073,PAM14,cb_intrinsic,R,0,auxiliary_partner
KCg-m-R-t1,168020,PAM03,cb_intrinsic,L,0,auxiliary_partner
KCg-m-R-t1,168080,PAM03,cb_intrinsic,L,0,auxiliary_partner
KCg-m-R-t1,168306,KCg-m,cb_intrinsic,R,1,seed_kc
KCg-m-R-t1,169027,PAM03,cb_intrinsic,R,0,auxiliary_partner
KCg-m-R-t1,169278,PAM01,cb_intrinsic,L,0,auxiliary_partner
KCg-m-R-t1,169674,PAM04,cb_intrinsic,L,0,auxiliary_partner
KCg-m-R-t1,170450,PAM10,cb_intrinsic,L,0,auxiliary_partner
KCg-m-R-t1,170467,PAM03,cb_intrinsic,R,0,auxiliary_partner
KCg-m-R-t1,171163,KCg-m,cb_intrinsic,R,1,seed_kc
KCg-m-R-t1,171959,PAM02,cb_intrinsic,R,0,auxiliary_partner
KCg-m-R-t1,172084,KCg-m,cb_intrinsic,R,1,seed_kc
KCg-m-R-t1,173322,KCg-m,cb_intrinsic,R,1,seed_kc
KCg-m-R-t1,174255,PAM14,cb_intrinsic,L,0,auxiliary_partner
KCg-m-R-t1,174384,PAM03,cb_intrinsic,R,0,auxiliary_partner
KCg-m-R-t1,174672,PAM08,cb_intrinsic,L,0,auxiliary_partner
KCg-m-R-t1,174862,PAM08,cb_intrinsic,R,0,auxiliary_partner
KCg-m-R-t1,175232,PAM13,cb_intrinsic,L,0,auxiliary_partner
KCg-m-R-t1,175459,PAM08,cb_intrinsic,L,0,auxiliary_partner
KCg-m-R-t1,175964,PAM08,cb_intrinsic,R,0,auxiliary_partner
KCg-m-R-t1,176429,PAM04,cb_intrinsic,L,0,auxiliary_partner
KCg-m-R-t1,176460,PAM15,cb_intrinsic,R,0,auxiliary_partner
KCg-m-R-t1,176770,KCg-m,cb_intrinsic,R,1,seed_kc
KCg-m-R-t1,177202,PAM03,cb_intrinsic,L,0,auxiliary_partner
KCg-m-R-t1,177603,PAM04,cb_intrinsic,L,0,auxiliary_partner
KCg-m-R-t1,177800,PAM04,cb_intrinsic,L,0,auxiliary_partner
KCg-m-R-t1,178101,PAM08,cb_intrinsic,L,0,auxiliary_partner
KCg-m-R-t1,178487,PAM08,cb_intrinsic,R,0,auxiliary_partner
KCg-m-R-t1,178539,PAM04,cb_intrinsic,R,0,auxiliary_partner
KCg-m-R-t1,178945,PAM10,cb_intrinsic,R,0,auxiliary_partner
KCg-m-R-t1,180403,PAM09,cb_intrinsic,R,0,auxiliary_partner
KCg-m-R-t1,180588,KCg-m,cb_intrinsic,R,1,seed_kc
KCg-m-R-t1,180812,KCg-m,cb_intrinsic,R,1,seed_kc
KCg-m-R-t1,180905,KCg-m,cb_intrinsic,R,1,seed_kc
KCg-m-R-t1,181924,PAM01,cb_intrinsic,L,0,auxiliary_partner
KCg-m-R-t1,183567,PAM13,cb_intrinsic,L,0,auxiliary_partner
KCg-m-R-t1,184778,PAM08,cb_intrinsic,R,0,auxiliary_partner
KCg-m-R-t1,185518,PAM01,cb_intrinsic,L,0,auxiliary_partner
KCg-m-R-t1,186566,PAM04,cb_intrinsic,R,0,auxiliary_partner
KCg-m-R-t1,187741,MBON15-like,cb_intrinsic,R,1,output_mbon
KCg-m-R-t1,189047,KCg-m,cb_intrinsic,R,1,seed_kc
KCg-m-R-t1,189054,PFNp_b,cb_intrinsic,R,1,input_partner
KCg-m-R-t1,190296,PAM02,cb_intrinsic,R,0,auxiliary_partner
KCg-m-R-t1,190297,PAM03,cb_intrinsic,L,0,auxiliary_partner
KCg-m-R-t1,190635,PAM05,cb_intrinsic,R,0,auxiliary_partner
KCg-m-R-t1,192245,PAM05,cb_intrinsic,R,0,auxiliary_partner
KCg-m-R-t1,194483,KCg-m,cb_intrinsic,R,1,seed_kc
KCg-m-R-t1,195279,KCg-m,cb_intrinsic,R,1,seed_kc
KCg-m-R-t1,196030,PAM06,cb_intrinsic,L,0,auxiliary_partner
KCg-m-R-t1,196622,PAM12,cb_intrinsic,R,0,auxiliary_partner
KCg-m-R-t1,196985,PAM05,cb_intrinsic,R,0,auxiliary_partner
KCg-m-R-t1,197691,PAM01,cb_intrinsic,L,0,auxiliary_partner
KCg-m-R-t1,197920,PAM08,cb_intrinsic,R,0,auxiliary_partner
KCg-m-R-t1,198507,PAM13,cb_intrinsic,L,0,auxiliary_partner
KCg-m-R-t1,198758,PAM01,cb_intrinsic,L,0,auxiliary_partner
KCg-m-R-t1,200482,KCg-m,cb_intrinsic,R,1,seed_kc
KCg-m-R-t1,200973,PAM10,cb_intrinsic,R,0,auxiliary_partner
KCg-m-R-t1,202330,PAM13,cb_intrinsic,R,0,auxiliary_partner
KCg-m-R-t1,203682,PAM14,cb_intrinsic,R,0,auxiliary_partner
KCg-m-R-t1,203885,PAM13,cb_intrinsic,R,0,auxiliary_partner
KCg-m-R-t1,204930,PAM11,cb_intrinsic,L,0,auxiliary_partner
KCg-m-R-t1,205884,PAM01,cb_intrinsic,R,0,auxiliary_partner
KCg-m-R-t1,205908,KCg-m,cb_intrinsic,R,1,seed_kc
KCg-m-R-t1,206851,PAM12,cb_intrinsic,R,0,auxiliary_partner
KCg-m-R-t1,207122,PAM13,cb_intrinsic,L,0,auxiliary_partner
KCg-m-R-t1,207463,PAM06,cb_intrinsic,R,0,auxiliary_partner
KCg-m-R-t1,208398,SMP380,cb_intrinsic,R,1,input_partner
KCg-m-R-t1,208566,MBON34,cb_intrinsic,L,-1,output_mbon
KCg-m-R-t1,209656,PAM13,cb_intrinsic,L,0,auxiliary_partner
KCg-m-R-t1,212085,PAM01,cb_intrinsic,R,0,auxiliary_partner
KCg-m-R-t1,212154,KCg-m,cb_intrinsic,R,1,seed_kc
KCg-m-R-t1,212160,PAM08,cb_intrinsic,R,0,auxiliary_partner
KCg-m-R-t1,212684,PAM14,cb_intrinsic,L,0,auxiliary_partner
KCg-m-R-t1,212767,KCg-m,cb_intrinsic,R,1,seed_kc
KCg-m-R-t1,213743,PAM05,cb_intrinsic,R,0,auxiliary_partner
KCg-m-R-t1,215931,PAM11,cb_intrinsic,R,0,auxiliary_partner
KCg-m-R-t1,215940,PAM13,cb_intrinsic,L,0,auxiliary_partner
KCg-m-R-t1,217007,PAM06,cb_intrinsic,R,0,auxiliary_partner
KCg-m-R-t1,217737,PAM14,cb_intrinsic,L,0,auxiliary_partner
KCg-m-R-t1,218518,PAM13,cb_intrinsic,R,0,auxiliary_partner
KCg-m-R-t1,218583,PAM04,cb_intrinsic,R,0,auxiliary_partner
KCg-m-R-t1,218942,KCg-m,cb_intrinsic,R,1,seed_kc
KCg-m-R-t1,221876,KCg-m,cb_intrinsic,R,1,seed_kc
KCg-m-R-t1,224160,PAM14,cb_intrinsic,R,0,auxiliary_partner
KCg-m-R-t1,224205,PAM09,cb_intrinsic,R,0,auxiliary_partner
KCg-m-R-t1,224500,PAM11,cb_intrinsic,R,0,auxiliary_partner
KCg-m-R-t1,226452,PAM05,cb_intrinsic,R,0,auxiliary_partner
KCg-m-R-t1,226708,PAM08,cb_intrinsic,R,0,auxiliary_partner
KCg-m-R-t1,230802,PAM05,cb_intrinsic,L,0,auxiliary_partner
KCg-m-R-t1,231413,PAM14,cb_intrinsic,L,0,auxiliary_partner
KCg-m-R-t1,238644,PAM11,cb_intrinsic,R,0,auxiliary_partner
KCg-m-R-t1,239873,PAM04,cb_intrinsic,L,0,auxiliary_partner
KCg-m-R-t1,242429,PAM08,cb_intrinsic,R,0,auxiliary_partner
KCg-m-R-t1,243477,PAM13,cb_intrinsic,R,0,auxiliary_partner
KCg-m-R-t1,243735,KCg-m,cb_intrinsic,R,1,seed_kc
KCg-m-R-t1,252045,PAM01,cb_intrinsic,R,0,auxiliary_partner
KCg-m-R-t1,257650,PAM02,cb_intrinsic,R,0,auxiliary_partner
KCg-m-R-t1,259089,PAM02,cb_intrinsic,R,0,auxiliary_partner
KCg-m-R-t1,259486,PAM04,cb_intrinsic,R,0,auxiliary_partner
KCg-m-R-t1,273182,PAM11,cb_intrinsic,L,0,auxiliary_partner
KCg-m-R-t1,291665,PAM02,cb_intrinsic,R,0,auxiliary_partner
KCg-m-R-t1,292203,PAM04,cb_intrinsic,L,0,auxiliary_partner
KCg-m-R-t1,297139,PAM04,cb_intrinsic,R,0,auxiliary_partner
KCg-m-R-t1,319321,PAM11,cb_intrinsic,R,0,auxiliary_partner
KCg-m-R-t1,325731,PAM01,cb_intrinsic,R,0,auxiliary_partner
KCg-m-R-t1,336850,PAM03,cb_intrinsic,L,0,auxiliary_partner
KCg-m-R-t1,341512,PAM04,cb_intrinsic,L,0,auxiliary_partner
KCg-m-R-t1,506608,SIP065,cb_intrinsic,R,-1,input_partner
KCg-m-R-t1,506819,PAM01,cb_intrinsic,R,0,auxiliary_partner
KCg-m-R-t1,508595,MBON35,cb_intrinsic,R,1,output_mbon
KCg-m-R-t1,511807,VM7d_adPN,cb_intrinsic,R,1,input_partner
KCg-m-R-t1,511839,LAL145,cb_intrinsic,R,1,input_partner
KCg-m-R-t1,511862,SMP368,cb_intrinsic,R,1,input_partner
KCg-m-R-t1,512326,PPL105,cb_intrinsic,L,0,auxiliary_partner
KCg-m-R-t1,512746,SMP238,cb_intrinsic,R,1,input_partner
KCg-m-R-t1,512883,DL2d_adPN,cb_intrinsic,R,1,input_partner
KCg-m-R-t1,512925,CRE043_d,cb_intrinsic,R,-1,input_partner
KCg-m-R-t1,513079,DNp44,descending_neuron,R,1,input_partner
KCg-m-R-t1,513174,MBON30,cb_intrinsic,L,-1,output_mbon
KCg-m-R-t1,513513,VC3_adPN,cb_intrinsic,R,1,input_partner
KCg-m-R-t1,513601,LHCENT4,cb_intrinsic,R,-1,input_partner
KCg-m-R-t1,514677,LAL185,cb_intrinsic,R,1,input_partner
KCg-m-R-t1,515015,MBON30,cb_intrinsic,R,-1,output_mbon
KCg-m-R-t1,515034,MBON27,cb_intrinsic,R,1,output_mbon
KCg-m-R-t1,515048,PPL104,cb_intrinsic,L,0,auxiliary_partner
KCg-m-R-t1,515549,DA3_adPN,cb_intrinsic,R,1,input_partner
KCg-m-R-t1,516044,PAM04,cb_intrinsic,R,0,auxiliary_partner
KCg-m-R-t1,516097,M_ilPNm90,cb_intrinsic,R,1,input_partner
KCg-m-R-t1,516162,VC4_adPN,cb_intrinsic,R,1,input_partner
KCg-m-R-t1,516433,VP5+Z_adPN,cb_intrinsic,R,1,input_partner
KCg-m-R-t1,518072,PAM09,cb_intrinsic,L,0,auxiliary_partner
KCg-m-R-t1,518137,PAM06,cb_intrinsic,L,0,auxiliary_partner
KCg-m-R-t1,518294,VA5_lPN,cb_intrinsic,R,1,input_partner
KCg-m-R-t1,518354,ATL039,cb_intrinsic,R,1,input_partner
KCg-m-R-t1,518555,KCg-m,cb_intrinsic,R,1,seed_kc
KCg-m-R-t1,519131,MBON32,cb_intrinsic,R,-1,output_mbon
KCg-m-R-t1,519132,CRE011,cb_intrinsic,R,1,input_partner
KCg-m-R-t1,519141,SMP148,cb_intrinsic,L,-1,input_partner
KCg-m-R-t1,519316,ATL018,cb_intrinsic,R,1,input_partner
KCg-m-R-t1,519368,MBON12,cb_intrinsic,R,1,output_mbon
KCg-m-R-t1,519371,MBON05,cb_intrinsic,L,-1,output_mbon
KCg-m-R-t1,519442,CRE065,cb_intrinsic,R,1,input_partner
KCg-m-R-t1,519572,DM6_adPN,cb_intrinsic,R,1,input_partner
KCg-m-R-t1,519616,PPL107,cb_intrinsic,L,0,auxiliary_partner
KCg-m-R-t1,519619,MBON29,cb_intrinsic,L,1,output_mbon
KCg-m-R-t1,519716,LAL198,cb_intrinsic,R,1,input_partner
KCg-m-R-t1,519843,VP2+_adPN,cb_intrinsic,R,1,input_partner
KCg-m-R-t1,519850,DA4m_adPN,cb_intrinsic,R,1,input_partner
KCg-m-R-t1,519854,KCg-m,cb_intrinsic,R,1,seed_kc
KCg-m-R-t1,519857,KCg-m,cb_intrinsic,R,1,seed_kc
KCg-m-R-t1,519892,LAL043_c,cb_intrinsic,R,-1,input_partner
KCg-m-R-t1,519970,VA3_adPN,cb_intrinsic,R,1,input_partner
KCg-m-R-t1,520003,DL1_adPN,cb_intrinsic,R,1,input_partner
KCg-m-R-t1,520083,SMP053,cb_intrinsic,L,-1,input_partner
KCg-m-R-t1,520151,MBON01,cb_intrinsic,L,-1,output_mbon
KCg-m-R-t1,520384,PAM12,cb_intrinsic,R,0,auxiliary_partner
KCg-m-R-t1,520403,PAM10,cb_intrinsic,L,0,auxiliary_partner
KCg-m-R-t1,520466,DM2_lPN,cb_intrinsic,R,1,input_partner
KCg-m-R-t1,520475,DM5_lPN,cb_intrinsic,R,1,input_partner
KCg-m-R-t1,520616,PAM11,cb_intrinsic,L,0,auxiliary_partner
KCg-m-R-t1,520723,SMP715m,cb_intrinsic,R,1,input_partner
KCg-m-R-t1,520916,VM6_adPN,cb_intrinsic,R,1,input_partner
KCg-m-R-t1,521075,ATL017,cb_intrinsic,R,-1,input_partner
KCg-m-R-t1,521086,MBON12,cb_intrinsic,R,1,output_mbon
KCg-m-R-t1,521384,KCg-m,cb_intrinsic,R,1,seed_kc
KCg-m-R-t1,521437,VA3_adPN,cb_intrinsic,R,1,input_partner
KCg-m-R-t1,521575,DL2v_adPN,cb_intrinsic,R,1,input_partner
KCg-m-R-t1,522377,DA3_adPN,cb_intrinsic,R,1,input_partner
KCg-m-R-t1,522444,MBON02,cb_intrinsic,R,-1,output_mbon
KCg-m-R-t1,522749,MBON02,cb_intrinsic,L,-1,output_mbon
KCg-m-R-t1,522828,LHCENT3,cb_intrinsic,R,-1,input_partner
KCg-m-R-t1,523043,MBON33,cb_intrinsic,R,1,output_mbon
KCg-m-R-t1,523057,KCg-m,cb_intrinsic,R,1,seed_kc
KCg-m-R-t1,523060,MBON09,cb_intrinsic,R,-1,output_mbon
KCg-m-R-t1,523351,DL2d_adPN,cb_intrinsic,R,1,input_partner
KCg-m-R-t1,523358,KCg-m,cb_intrinsic,R,1,seed_kc
KCg-m-R-t1,523382,PAM08,cb_intrinsic,L,0,auxiliary_partner
KCg-m-R-t1,523553,PAM05,cb_intrinsic,L,0,auxiliary_partner
KCg-m-R-t1,523628,MBON21,cb_intrinsic,R,1,output_mbon
KCg-m-R-t1,523630,KCg-m,cb_intrinsic,R,1,seed_kc
KCg-m-R-t1,523638,PAM01,cb_intrinsic,R,0,auxiliary_partner
KCg-m-R-t1,523791,PAM04,cb_intrinsic,R,0,auxiliary_partner
KCg-m-R-t1,523942,PAM08,cb_intrinsic,R,0,auxiliary_partner
KCg-m-R-t1,523987,MBON29,cb_intrinsic,R,1,output_mbon
KCg-m-R-t1,524069,PAM08,cb_intrinsic,R,0,auxiliary_partner
KCg-m-R-t1,524152,WED182,cb_intrinsic,R,1,input_partner
KCg-m-R-t1,524207,VA7m_lPN,cb_intrinsic,R,1,input_partner
KCg-m-R-t1,524809,KCg-m,cb_intrinsic,R,1,seed_kc
KCg-m-R-t1,524851,KCg-m,cb_intrinsic,R,1,seed_kc
KCg-m-R-t1,524949,CRE027,cb_intrinsic,R,-1,input_partner
KCg-m-R-t1,525065,VP4_vPN,cb_intrinsic,R,-1,input_partner
KCg-m-R-t1,525069,LAL019,cb_intrinsic,R,1,input_partner
KCg-m-R-t1,525105,DL5_adPN,cb_intrinsic,R,1,input_partner
KCg-m-R-t1,525305,KCg-m,cb_intrinsic,R,1,seed_kc
KCg-m-R-t1,525777,SMP165,cb_intrinsic,R,-1,input_partner
KCg-m-R-t1,525780,MBON04,cb_intrinsic,R,-1,output_mbon
KCg-m-R-t1,525787,PAM05,cb_intrinsic,L,0,auxiliary_partner
KCg-m-R-t1,526469,SLP402_a,cb_intrinsic,R,-1,input_partner
KCg-m-R-t1,526567,SMP726m,cb_intrinsic,R,1,input_partner
KCg-m-R-t1,526670,KCg-m,cb_intrinsic,R,1,seed_kc
KCg-m-R-t1,527209,KCg-m,cb_intrinsic,R,1,seed_kc
KCg-m-R-t1,527211,KCg-m,cb_intrinsic,R,1,seed_kc
KCg-m-R-t1,527523,VM7d_adPN,cb_intrinsic,R,1,input_partner
KCg-m-R-t1,527524,VM5d_adPN,cb_intrinsic,R,1,input_partner
KCg-m-R-t1,527577,VA6_adPN,cb_intrinsic,R,1,input_partner
KCg-m-R-t1,528100,PAM09,cb_intrinsic,L,0,auxiliary_partner
KCg-m-R-t1,529512,PPL106,cb_intrinsic,R,0,auxiliary_partner
KCg-m-R-t1,529516,PPL106,cb_intrinsic,L,0,auxiliary_partner
KCg-m-R-t1,530798,CRE075,cb_intrinsic,R,-1,input_partner
KCg-m-R-t1,530799,SMP075,cb_intrinsic,R,-1,input_partner
KCg-m-R-t1,530875,MBON04,cb_intrinsic,L,-1,output_mbon
KCg-m-R-t1,531768,CL063,cb_intrinsic,R,-1,input_partner
KCg-m-R-t1,532544,KCg-m,cb_intrinsic,R,1,seed_kc
KCg-m-R-t1,532568,CRE022,cb_intrinsic,L,-1,input_partner
KCg-m-R-t1,532715,PAM05,cb_intrinsic,L,0,auxiliary_partner
KCg-m-R-t1,532920,CRE043_c2,cb_intrinsic,R,-1,input_partner
KCg-m-R-t1,533201,KCg-m,cb_intrinsic,R,1,seed_kc
KCg-m-R-t1,533294,PAM01,cb_intrinsic,L,0,auxiliary_partner
KCg-m-R-t1,533346,KCg-m,cb_intrinsic,R,1,seed_kc
KCg-m-R-t1,533371,KCg-m,cb_intrinsic,R,1,seed_kc
KCg-m-R-t1,533585,KCg-m,cb_intrinsic,R,1,seed_kc
KCg-m-R-t1,534301,CRE041,cb_intrinsic,R,-1,input_partner
KCg-m-R-t1,534428,KCg-m,cb_intrinsic,R,1,seed_kc
KCg-m-R-t1,535065,CRE043_a1,cb_intrinsic,R,-1,input_partner
KCg-m-R-t1,535357,KCg-m,cb_intrinsic,R,1,seed_kc
KCg-m-R-t1,536292,KCg-m,cb_intrinsic,R,1,seed_kc
KCg-m-R-t1,537082,KCg-m,cb_intrinsic,R,1,seed_kc
KCg-m-R-t1,537652,KCg-m,cb_intrinsic,R,1,seed_kc
KCg-m-R-t1,537759,KCg-m,cb_intrinsic,R,1,seed_kc
KCg-m-R-t1,539249,KCg-m,cb_intrinsic,R,1,seed_kc
KCg-m-R-t1,541683,KCg-m,cb_intrinsic,R,1,seed_kc
KCg-m-R-t1,541716,KCg-m,cb_intrinsic,R,1,seed_kc
KCg-m-R-t1,543403,SLP405_c,cb_intrinsic,R,1,input_partner
KCg-m-R-t1,543605,KCg-m,cb_intrinsic,R,1,seed_kc
KCg-m-R-t1,543677,PAM01,cb_intrinsic,R,0,auxiliary_partner
KCg-m-R-t1,543682,KCg-m,cb_intrinsic,R,1,seed_kc
KCg-m-R-t1,543948,KCg-m,cb_intrinsic,R,1,seed_kc
KCg-m-R-t1,544257,PAM10,cb_intrinsic,R,0,auxiliary_partner
KCg-m-R-t1,544359,PAM10,cb_intrinsic,R,0,auxiliary_partner
KCg-m-R-t1,544736,KCg-m,cb_intrinsic,R,1,seed_kc
KCg-m-R-t1,544770,PAM04,cb_intrinsic,R,0,auxiliary_partner
KCg-m-R-t1,547260,PAM10,cb_intrinsic,R,0,auxiliary_partner
KCg-m-R-t1,547275,KCg-m,cb_intrinsic,R,1,seed_kc
KCg-m-R-t1,547276,KCg-m,cb_intrinsic,R,1,seed_kc
KCg-m-R-t1,550868,KCg-m,cb_intrinsic,R,1,seed_kc
KCg-m-R-t1,552362,PAM12,cb_intrinsic,R,0,auxiliary_partner
KCg-m-R-t1,552693,KCg-m,cb_intrinsic,R,1,seed_kc
KCg-m-R-t1,552867,KCg-m,cb_intrinsic,R,1,seed_kc
KCg-m-R-t1,553201,PAM09,cb_intrinsic,R,0,auxiliary_partner
KCg-m-R-t1,558665,MBON10,cb_intrinsic,R,-1,output_mbon
KCg-m-R-t1,558869,SMP146,cb_intrinsic,R,-1,input_partner
KCg-m-R-t1,566092,KCg-m,cb_intrinsic,R,1,seed_kc
KCg-m-R-t1,566095,KCg-m,cb_intrinsic,R,1,seed_kc
KCg-m-R-t1,566096,KCg-m,cb_intrinsic,R,1,seed_kc
KCg-m-R-t1,567409,PAM04,cb_intrinsic,R,0,auxiliary_partner
KCg-m-R-t1,569213,KCg-m,cb_intrinsic,R,1,seed_kc
KCg-m-R-t1,569775,KCg-m,cb_intrinsic,R,1,seed_kc
KCg-m-R-t1,577933,PAM06,cb_intrinsic,L,0,auxiliary_partner
KCg-m-R-t1,579717,KCg-m,cb_intrinsic,R,1,seed_kc
KCg-m-R-t1,579919,MBON10,cb_intrinsic,R,-1,output_mbon
KCg-m-R-t1,580579,PAM03,cb_intrinsic,R,0,auxiliary_partner
KCg-m-R-t1,583848,KCg-m,cb_intrinsic,R,1,seed_kc
KCg-m-R-t1,583883,KCg-m,cb_intrinsic,R,1,seed_kc
KCg-m-R-t1,591438,KCg-m,cb_intrinsic,R,1,seed_kc
KCg-m-R-t1,909818,PAM03,cb_intrinsic,R,0,auxiliary_partner
KCg-m-R-t1,920537,PAM09,cb_intrinsic,L,0,auxiliary_partner
KCg-m-R-t1,933708,PAM14,cb_intrinsic,R,0,auxiliary_partner
KCg-m-R-t5,10013,MBON01,cb_intrinsic,R,-1,output_mbon
KCg-m-R-t5,10039,VL2a_adPN,cb_intrinsic,R,1,input_partner
KCg-m-R-t5,10084,DP1m_adPN,cb_intrinsic,R,1,input_partner
KCg-m-R-t5,10176,DM1_lPN,cb_intrinsic,R,1,input_partner
KCg-m-R-t5,10198,VA7l_adPN,cb_intrinsic,R,1,input_partner
KCg-m-R-t5,10262,V_ilPN,cb_intrinsic,L,1,input_partner
KCg-m-R-t5,10390,VA2_adPN,cb_intrinsic,R,1,input_partner
KCg-m-R-t5,10423,DP1l_adPN,cb_intrinsic,R,1,input_partner
KCg-m-R-t5,10522,VL2p_adPN,cb_intrinsic,R,1,input_partner
KCg-m-R-t5,10530,VL1_ilPN,cb_intrinsic,L,1,input_partner
KCg-m-R-t5,10540,APL,cb_intrinsic,R,-1,auxiliary_partner
KCg-m-R-t5,10569,DC1_adPN,cb_intrinsic,R,1,input_partner
KCg-m-R-t5,10613,DM4_adPN,cb_intrinsic,R,1,input_partner
KCg-m-R-t5,10756,VC2_lPN,cb_intrinsic,R,1,input_partner
KCg-m-R-t5,10786,VC5_lvPN,cb_intrinsic,R,1,input_partner
KCg-m-R-t5,10804,MBON20,cb_intrinsic,R,-1,output_mbon
KCg-m-R-t5,10904,VC1_lPN,cb_intrinsic,R,1,input_partner
KCg-m-R-t5,10906,VM3_adPN,cb_intrinsic,R,1,input_partner
KCg-m-R-t5,10973,VP1m+VP5_ilPN,cb_intrinsic,L,1,input_partner
KCg-m-R-t5,10977,APL,cb_intrinsic,L,-1,auxiliary_partner
KCg-m-R-t5,10996,VA4_lPN,cb_intrinsic,R,1,input_partner
KCg-m-R-t5,11176,MBON26,cb_intrinsic,R,1,output_mbon
KCg-m-R-t5,11229,V_ilPN,cb_intrinsic,R,1,input_partner
KCg-m-R-t5,11327,PPL101,cb_intrinsic,R,0,auxiliary_partner
KCg-m-R-t5,11341,LHCENT2,cb_intrinsic,R,-1,input_partner
KCg-m-R-t5,11355,VA1d_adPN,cb_intrinsic,R,1,input_partner
KCg-m-R-t5,11390,VL1_ilPN,cb_intrinsic,R,1,input_partner
KCg-m-R-t5,11402,MBON11,cb_intrinsic,R,-1,output_mbon
KCg-m-R-t5,11469,DM3_adPN,cb_intrinsic,R,1,input_partner
KCg-m-R-t5,11514,DL4_adPN,cb_intrinsic,R,1,input_partner
KCg-m-R-t5,11521,VP1m_l2PN,cb_intrinsic,R,1,input_partner
KCg-m-R-t5,11618,PPL102,cb_intrinsic,L,0,auxiliary_partner
KCg-m-R-t5,11624,DC2_adPN,cb_intrinsic,R,1,input_partner
KCg-m-R-t5,11734,DPM,cb_intrinsic,L,0,auxiliary_partner
KCg-m-R-t5,11752,PPL103,cb_intrinsic,L,0,auxiliary_partner
KCg-m-R-t5,11761,VP1d+VP4_l2PN1,cb_intrinsic,R,1,input_partner
KCg-m-R-t5,11780,DA1_lPN,cb_intrinsic,R,1,input_partner
KCg-m-R-t5,11816,DA1_lPN,cb_intrinsic,R,1,input_partner
KCg-m-R-t5,11900,PPL101,cb_intrinsic,L,0,auxiliary_partner
KCg-m-R-t5,11903,LHPV3c1,cb_intrinsic,R,1,input_partner
KCg-m-R-t5,11990,MBON22,cb_intrinsic,R,1,output_mbon
KCg-m-R-t5,11996,DA1_lPN,cb_intrinsic,R,1,input_partner
KCg-m-R-t5,12121,VC5_lvPN,cb_intrinsic,R,1,input_partner
KCg-m-R-t5,12122,DA1_lPN,cb_intrinsic,R,1,input_partner
KCg-m-R-t5,12160,DC4_adPN,cb_intrinsic,R,1,input_partner
KCg-m-R-t5,12163,VA5_lPN,cb_intrinsic,R,1,input_partner
KCg-m-R-t5,12164,VM3_adPN,cb_intrinsic,R,1,input_partner
KCg-m-R-t5,12171,DM2_lPN,cb_intrinsic,R,1,input_partner
KCg-m-R-t5,12309,DC3_adPN,cb_intrinsic,R,1,input_partner
KCg-m-R-t5,12340,DA1_lPN,cb_intrinsic,R,1,input_partner
KCg-m-R-t5,12387,D_adPN,cb_intrinsic,R,1,input_partner
KCg-m-R-t5,12569,DPM,cb_intrinsic,R,0,auxiliary_partner
KCg-m-R-t5,12667,VA1v_adPN,cb_intrinsic,R,1,input_partner
KCg-m-R-t5,12728,DC3_adPN,cb_intrinsic,R,1,input_partner
KCg-m-R-t5,12732,LHCENT5,cb_intrinsic,R,-1,input_partner
KCg-m-R-t5,12782,DL1_adPN,cb_intrinsic,R,1,input_partner
KCg-m-R-t5,12902,PPL108,cb_intrinsic,R,0,auxiliary_partner
KCg-m-R-t5,13064,DA1_lPN,cb_intrinsic,R,1,input_partner
KCg-m-R-t5,13076,MeVP25,visual_projection,R,1,input_partner
KCg-m-R-t5,13198,VA1v_adPN,cb_intrinsic,R,1,input_partner
KCg-m-R-t5,13225,VM7d_adPN,cb_intrinsic,R,1,input_partner
KCg-m-R-t5,13283,VM1_lPN,cb_intrinsic,R,1,input_partner
KCg-m-R-t5,13334,VP1m+VP5_ilPN,cb_intrinsic,R,1,input_partner
KCg-m-R-t5,13379,VA1v_adPN,cb_intrinsic,R,1,input_partner
KCg-m-R-t5,13386,VM7v_adPN,cb_intrinsic,R,1,input_partner
KCg-m-R-t5,13428,PPL102,cb_intrinsic,R,0,auxiliary_partner
KCg-m-R-t5,13480,VC3_adPN,cb_intrinsic,R,1,input_partner
KCg-m-R-t5,13707,LoVP97,cb_intrinsic,R,1,input_partner
KCg-m-R-t5,13725,VA1d_adPN,cb_intrinsic,R,1,input_partner
KCg-m-R-t5,14182,PPL103,cb_intrinsic,R,0,auxiliary_partner
KCg-m-R-t5,14225,PPL105,cb_intrinsic,R,0,auxiliary_partner
KCg-m-R-t5,14292,KCg-m,cb_intrinsic,R,1,seed_kc
KCg-m-R-t5,14437,VP3+VP1l_ivPN,cb_intrinsic,R,1,input_partner
KCg-m-R-t5,14510,VA1v_adPN,cb_intrinsic,R,1,input_partner
KCg-m-R-t5,14530,DA4l_adPN,cb_intrinsic,R,1,input_partner
KCg-m-R-t5,14705,PPL107,cb_intrinsic,R,0,auxiliary_partner
KCg-m-R-t5,14802,VA7m_lPN,cb_intrinsic,R,1,input_partner
KCg-m-R-t5,14849,DM5_lPN,cb_intrinsic,R,1,input_partner
KCg-m-R-t5,14962,VC5_lvPN,cb_intrinsic,R,1,input_partner
KCg-m-R-t5,14985,VA5_lPN,cb_intrinsic,R,1,input_partner
KCg-m-R-t5,15005,DM6_adPN,cb_intrinsic,R,1,input_partner
KCg-m-R-t5,15103,KCg-m,cb_intrinsic,R,1,seed_kc
KCg-m-R-t5,15147,IB115,cb_intrinsic,R,1,input_partner
KCg-m-R-t5,15164,DC3_adPN,cb_intrinsic,R,1,input_partner
KCg-m-R-t5,15310,PPL108,cb_intrinsic,L,0,auxiliary_partner
KCg-m-R-t5,15313,VA1d_adPN,cb_intrinsic,R,1,input_partner
KCg-m-R-t5,15431,VM5d_adPN,cb_intrinsic,R,1,input_partner
KCg-m-R-t5,16005,D_adPN,cb_intrinsic,R,1,input_partner
KCg-m-R-t5,16083,VM2_adPN,cb_intrinsic,R,1,input_partner
KCg-m-R-t5,16141,VM4_adPN,cb_intrinsic,R,1,input_partner
KCg-m-R-t5,16426,VM5v_adPN,cb_intrinsic,R,1,input_partner
KCg-m-R-t5,16473,CRE012,cb_intrinsic,R,-1,input_partner
KCg-m-R-t5,16610,VA7m_lPN,cb_intrinsic,R,1,input_partner
KCg-m-R-t5,16648,VP1d_il2PN,cb_intrinsic,L,1,input_partner
KCg-m-R-t5,17484,DC2_adPN,cb_intrinsic,R,1,input_partner
KCg-m-R-t5,17650,VC3_adPN,cb_intrinsic,R,1,input_partner
KCg-m-R-t5,18049,VP1d_il2PN,cb_intrinsic,R,1,input_partner
KCg-m-R-t5,18084,VM7d_adPN,cb_intrinsic,R,1,input_partner
KCg-m-R-t5,18416,DA2_lPN,cb_intrinsic,R,1,input_partner
KCg-m-R-t5,18417,DM6_adPN,cb_intrinsic,R,1,input_partner
KCg-m-R-t5,18493,DM5_lPN,cb_intrinsic,R,1,input_partner
KCg-m-R-t5,18507,LoVP70,visual_projection,R,1,input_partner
KCg-m-R-t5,18536,D_adPN,cb_intrinsic,R,1,input_partner
KCg-m-R-t5,18844,MB-C1,cb_intrinsic,R,-1,input_partner
KCg-m-R-t5,19845,VP3+VP1l_ivPN,cb_intrinsic,L,1,input_partner
KCg-m-R-t5,19953,DM6_adPN,cb_intrinsic,R,1,input_partner
KCg-m-R-t5,20001,VM5v_adPN,cb_intrinsic,R,1,input_partner
KCg-m-R-t5,20311,DA2_lPN,cb_intrinsic,R,1,input_partner
KCg-m-R-t5,20445,VM5v_adPN,cb_intrinsic,R,1,input_partner
KCg-m-R-t5,20739,DL2v_adPN,cb_intrinsic,R,1,input_partner
KCg-m-R-t5,20773,KCg-m,cb_intrinsic,R,1,seed_kc
KCg-m-R-t5,21145,PPL104,cb_intrinsic,R,0,auxiliary_partner
KCg-m-R-t5,21242,MBON09,cb_intrinsic,R,-1,output_mbon
KCg-m-R-t5,21557,DL3_lPN,cb_intrinsic,R,1,input_partner
KCg-m-R-t5,21584,DL3_lPN,cb_intrinsic,R,1,input_partner
KCg-m-R-t5,21790,MB-C1,cb_intrinsic,R,-1,input_partner
KCg-m-R-t5,21876,DA2_lPN,cb_intrinsic,R,1,input_partner
KCg-m-R-t5,21879,KCg-m,cb_intrinsic,R,1,seed_kc
KCg-m-R-t5,22031,KCg-m,cb_intrinsic,R,1,seed_kc
KCg-m-R-t5,22533,KCg-m,cb_intrinsic,R,1,seed_kc
KCg-m-R-t5,22787,DL2d_adPN,cb_intrinsic,R,1,input_partner
KCg-m-R-t5,23166,KCg-m,cb_intrinsic,R,1,seed_kc
KCg-m-R-t5,23200,DL2d_adPN,cb_intrinsic,R,1,input_partner
KCg-m-R-t5,23958,DA2_lPN,cb_intrinsic,R,1,input_partner
KCg-m-R-t5,24204,KCg-m,cb_intrinsic,R,1,seed_kc
KCg-m-R-t5,24660,DL3_lPN,cb_intrinsic,R,1,input_partner
KCg-m-R-t5,24959,KCg-m,cb_intrinsic,R,1,seed_kc
KCg-m-R-t5,25017,KCg-m,cb_intrinsic,R,1,seed_kc
KCg-m-R-t5,25166,VC4_adPN,cb_intrinsic,R,1,input_partner
KCg-m-R-t5,25456,AVLP043,cb_intrinsic,R,1,input_partner
KCg-m-R-t5,26071,M_lPNm11D,cb_intrinsic,R,1,input_partner
KCg-m-R-t5,26102,DL2v_adPN,cb_intrinsic,R,1,input_partner
KCg-m-R-t5,26223,M_lPNm11D,cb_intrinsic,R,1,input_partner
KCg-m-R-t5,26387,VC4_adPN,cb_intrinsic,R,1,input_partner
KCg-m-R-t5,26762,DL3_lPN,cb_intrinsic,R,1,input_partner
KCg-m-R-t5,26792,KCg-m,cb_intrinsic,R,1,seed_kc
KCg-m-R-t5,27024,VM5d_adPN,cb_intrinsic,R,1,input_partner
KCg-m-R-t5,27379,M_lPNm11D,cb_intrinsic,R,1,input_partner
KCg-m-R-t5,27583,KCg-m,cb_intrinsic,R,1,seed_kc
KCg-m-R-t5,27775,VM5d_adPN,cb_intrinsic,R,1,input_partner
KCg-m-R-t5,28434,PAM10,cb_intrinsic,R,0,auxiliary_partner
KCg-m-R-t5,28631,KCg-m,cb_intrinsic,R,1,seed_kc
KCg-m-R-t5,29176,DL2v_adPN,cb_intrinsic,R,1,input_partner
KCg-m-R-t5,29565,PAM10,cb_intrinsic,R,0,auxiliary_partner
KCg-m-R-t5,29728,KCg-m,cb_intrinsic,R,1,seed_kc
KCg-m-R-t5,29750,VM4_lvPN,cb_intrinsic,R,1,input_partner
KCg-m-R-t5,31117,M_lPNm11D,cb_intrinsic,R,1,input_partner
KCg-m-R-t5,31720,KCg-m,cb_intrinsic,R,1,seed_kc
KCg-m-R-t5,32035,KCg-m,cb_intrinsic,R,1,seed_kc
KCg-m-R-t5,32865,PAM10,cb_intrinsic,L,0,auxiliary_partner
KCg-m-R-t5,34130,KCg-m,cb_intrinsic,R,1,seed_kc
KCg-m-R-t5,34301,DA2_lPN,cb_intrinsic,R,1,input_partner
KCg-m-R-t5,34385,VM5d_adPN,cb_intrinsic,R,1,input_partner
KCg-m-R-t5,34908,KCg-m,cb_intrinsic,R,1,seed_kc
KCg-m-R-t5,36251,KCg-m,cb_intrinsic,R,1,seed_kc
KCg-m-R-t5,36378,KCg-m,cb_intrinsic,R,1,seed_kc
KCg-m-R-t5,36624,PAM10,cb_intrinsic,R,0,auxiliary_partner
KCg-m-R-t5,36839,KCg-m,cb_intrinsic,R,1,seed_kc
KCg-m-R-t5,37311,KCg-m,cb_intrinsic,R,1,seed_kc
KCg-m-R-t5,37432,KCg-m,cb_intrinsic,R,1,seed_kc
KCg-m-R-t5,38510,VM5d_adPN,cb_intrinsic,R,1,input_partner
KCg-m-R-t5,38967,KCg-m,cb_intrinsic,R,1,seed_kc
KCg-m-R-t5,39569,KCg-m,cb_intrinsic,R,1,seed_kc
KCg-m-R-t5,39617,PAM07,cb_intrinsic,L,0,auxiliary_partner
KCg-m-R-t5,39909,KCg-m,cb_intrinsic,R,1,seed_kc
KCg-m-R-t5,40327,KCg-m,cb_intrinsic,R,1,seed_kc
KCg-m-R-t5,40376,KCg-m,cb_intrinsic,R,1,seed_kc
KCg-m-R-t5,40591,LAL043_e,cb_intrinsic,R,-1,input_partner
KCg-m-R-t5,40602,KCg-m,cb_intrinsic,R,1,seed_kc
KCg-m-R-t5,40921,KCg-m,cb_intrinsic,R,1,seed_kc
KCg-m-R-t5,41150,KCg-m,cb_intrinsic,R,1,seed_kc
KCg-m-R-t5,41232,KCg-m,cb_intrinsic,R,1,seed_kc
KCg-m-R-t5,41295,KCg-m,cb_intrinsic,R,1,seed_kc
KCg-m-R-t5,41378,KCg-m,cb_intrinsic,R,1,seed_kc
KCg-m-R-t5,41787,KCg-m,cb_intrinsic,R,1,seed_kc
KCg-m-R-t5,41807,KCg-m,cb_intrinsic,R,1,seed_kc
KCg-m-R-t5,41891,KCg-m,cb_intrinsic,R,1,seed_kc
KCg-m-R-t5,42216,KCg-m,cb_intrinsic,R,1,seed_kc
KCg-m-R-t5,42425,KCg-m,cb_intrinsic,R,1,seed_kc
KCg-m-R-t5,42904,CB2733,cb_intrinsic,R,-1,input_partner
KCg-m-R-t5,42908,KCg-m,cb_intrinsic,R,1,seed_kc
KCg-m-R-t5,43380,KCg-m,cb_intrinsic,R,1,seed_kc
KCg-m-R-t5,43597,KCg-m,cb_intrinsic,R,1,seed_kc
KCg-m-R-t5,43616,KCg-m,cb_intrinsic,R,1,seed_kc
KCg-m-R-t5,43658,KCg-m,cb_intrinsic,R,1,seed_kc
KCg-m-R-t5,43775,KCg-m,cb_intrinsic,R,1,seed_kc
KCg-m-R-t5,43850,KCg-m,cb_intrinsic,R,1,seed_kc
KCg-m-R-t5,43876,KCg-m,cb_intrinsic,R,1,seed_kc
KCg-m-R-t5,43980,KCg-m,cb_intrinsic,R,1,seed_kc
KCg-m-R-t5,44024,KCg-m,cb_intrinsic,R,1,seed_kc
KCg-m-R-t5,44054,KCg-m,cb_intrinsic,R,1,seed_kc
KCg-m-R-t5,44082,KCg-m,cb_intrinsic,R,1,seed_kc
KCg-m-R-t5,44766,KCg-m,cb_intrinsic,R,1,seed_kc
KCg-m-R-t5,44840,KCg-m,cb_intrinsic,R,1,seed_kc
KCg-m-R-t5,44940,KCg-m,cb_intrinsic,R,1,seed_kc
KCg-m-R-t5,44995,M_lPNm11D,cb_intrinsic,R,1,input_partner
KCg-m-R-t5,45016,KCg-m,cb_intrinsic,R,1,seed_kc
KCg-m-R-t5,45060,KCg-m,cb_intrinsic,R,1,seed_kc
KCg-m-R-t5,45183,KCg-m,cb_intrinsic,R,1,seed_kc
KCg-m-R-t5,45392,KCg-m,cb_intrinsic,R,1,seed_kc
KCg-m-R-t5,45512,KCg-m,cb_intrinsic,R,1,seed_kc
KCg-m-R-t5,45553,KCg-m,cb_intrinsic,R,1,seed_kc
KCg-m-R-t5,45563,KCg-m,cb_intrinsic,R,1,seed_kc
KCg-m-R-t5,45612,KCg-m,cb_intrinsic,R,1,seed_kc
KCg-m-R-t5,45663,KCg-m,cb_intrinsic,R,1,seed_kc
KCg-m-R-t5,45736,KCg-m,cb_intrinsic,R,1,seed_kc
KCg-m-R-t5,45761,KCg-m,cb_intrinsic,R,1,seed_kc
KCg-m-R-t5,45881,KCg-m,cb_intrinsic,R,1,seed_kc
KCg-m-R-t5,46195,KCg-m,cb_intrinsic,R,1,seed_kc
KCg-m-R-t5,46266,KCg-m,cb_intrinsic,R,1,seed_kc
KCg-m-R-t5,46287,KCg-m,cb_intrinsic,R,1,seed_kc
KCg-m-R-t5,46457,KCg-m,cb_intrinsic,R,1,seed_kc
KCg-m-R-t5,46463,KCg-m,cb_intrinsic,R,1,seed_kc
KCg-m-R-t5,46475,KCg-m,cb_intrinsic,R,1,seed_kc
KCg-m-R-t5,46670,KCg-m,cb_intrinsic,R,1,seed_kc
KCg-m-R-t5,46794,PAM04,cb_intrinsic,R,0,auxiliary_partner
KCg-m-R-t5,46991,KCg-m,cb_intrinsic,R,1,seed_kc
KCg-m-R-t5,47026,KCg-m,cb_intrinsic,R,1,seed_kc
KCg-m-R-t5,47196,PAM07,cb_intrinsic,R,0,auxiliary_partner
KCg-m-R-t5,47380,KCg-m,cb_intrinsic,R,1,seed_kc
KCg-m-R-t5,47441,KCg-m,cb_intrinsic,R,1,seed_kc
KCg-m-R-t5,47446,KCg-m,cb_intrinsic,R,1,seed_kc
KCg-m-R-t5,47779,KCg-m,cb_intrinsic,R,1,seed_kc
KCg-m-R-t5,47858,KCg-m,cb_intrinsic,R,1,seed_kc
KCg-m-R-t5,47901,KCg-m,cb_intrinsic,R,1,seed_kc
KCg-m-R-t5,47984,KCg-m,cb_intrinsic,R,1,seed_kc
KCg-m-R-t5,47997,KCg-m,cb_intrinsic,R,1,seed_kc
KCg-m-R-t5,48021,KCg-m,cb_intrinsic,R,1,seed_kc
KCg-m-R-t5,48111,KCg-m,cb_intrinsic,R,1,seed_kc
KCg-m-R-t5,48113,PAM10,cb_intrinsic,L,0,auxiliary_partner
KCg-m-R-t5,48309,KCg-m,cb_intrinsic,R,1,seed_kc
KCg-m-R-t5,48313,KCg-m,cb_intrinsic,R,1,seed_kc
KCg-m-R-t5,48347,KCg-m,cb_intrinsic,R,1,seed_kc
KCg-m-R-t5,48515,KCg-m,cb_intrinsic,R,1,seed_kc
KCg-m-R-t5,48886,KCg-m,cb_intrinsic,R,1,seed_kc
KCg-m-R-t5,48904,KCg-m,cb_intrinsic,R,1,seed_kc
KCg-m-R-t5,48975,KCg-m,cb_intrinsic,R,1,seed_kc
KCg-m-R-t5,49019,KCg-m,cb_intrinsic,R,1,seed_kc
KCg-m-R-t5,49043,PAM07,cb_intrinsic,R,0,auxiliary_partner
KCg-m-R-t5,49073,KCg-m,cb_intrinsic,R,1,seed_kc
KCg-m-R-t5,49254,KCg-m,cb_intrinsic,R,1,seed_kc
KCg-m-R-t5,49279,KCg-m,cb_intrinsic,R,1,seed_kc
KCg-m-R-t5,49569,KCg-m,cb_intrinsic,R,1,seed_kc
KCg-m-R-t5,49632,KCg-m,cb_intrinsic,R,1,seed_kc
KCg-m-R-t5,49687,KCg-m,cb_intrinsic,R,1,seed_kc
KCg-m-R-t5,49752,KCg-m,cb_intrinsic,R,1,seed_kc
KCg-m-R-t5,49805,KCg-m,cb_intrinsic,R,1,seed_kc
KCg-m-R-t5,49903,KCg-m,cb_intrinsic,R,1,seed_kc
KCg-m-R-t5,49987,KCg-m,cb_intrinsic,R,1,seed_kc
KCg-m-R-t5,50035,KCg-m,cb_intrinsic,R,1,seed_kc
KCg-m-R-t5,50185,KCg-m,cb_intrinsic,R,1,seed_kc
KCg-m-R-t5,50256,KCg-m,cb_intrinsic,R,1,seed_kc
KCg-m-R-t5,50291,KCg-m,cb_intrinsic,R,1,seed_kc
KCg-m-R-t5,50304,KCg-m,cb_intrinsic,R,1,seed_kc
KCg-m-R-t5,50744,KCg-m,cb_intrinsic,R,1,seed_kc
KCg-m-R-t5,50839,KCg-m,cb_intrinsic,R,1,seed_kc
KCg-m-R-t5,51093,KCg-m,cb_intrinsic,R,1,seed_kc
KCg-m-R-t5,51095,KCg-m,cb_intrinsic,R,1,seed_kc
KCg-m-R-t5,51113,KCg-m,cb_intrinsic,R,1,seed_kc
KCg-m-R-t5,51121,KCg-m,cb_intrinsic,R,1,seed_kc
KCg-m-R-t5,51195,KCg-m,cb_intrinsic,R,1,seed_kc
KCg-m-R-t5,51354,KCg-m,cb_intrinsic,R,1,seed_kc
KCg-m-R-t5,51391,KCg-m,cb_intrinsic,R,1,seed_kc
KCg-m-R-t5,51408,KCg-m,cb_intrinsic,R,1,seed_kc
KCg-m-R-t5,51428,KCg-m,cb_intrinsic,R,1,seed_kc
KCg-m-R-t5,51430,KCg-m,cb_intrinsic,R,1,seed_kc
KCg-m-R-t5,51516,KCg-m,cb_intrinsic,R,1,seed_kc
KCg-m-R-t5,51667,KCg-m,cb_intrinsic,R,1,seed_kc
KCg-m-R-t5,51855,KCg-m,cb_intrinsic,R,1,seed_kc
KCg-m-R-t5,51866,KCg-m,cb_intrinsic,R,1,seed_kc
KCg-m-R-t5,51883,KCg-m,cb_intrinsic,R,1,seed_kc
KCg-m-R-t5,52022,KCg-m,cb_intrinsic,R,1,seed_kc
KCg-m-R-t5,52099,M_lPNm11D,cb_intrinsic,R,1,input_partner
KCg-m-R-t5,52156,KCg-m,cb_intrinsic,R,1,seed_kc
KCg-m-R-t5,52220,KCg-m,cb_intrinsic,R,1,seed_kc
KCg-m-R-t5,52223,M_adPNm4,cb_intrinsic,R,1,input_partner
KCg-m-R-t5,52402,KCg-m,cb_intrinsic,R,1,seed_kc
KCg-m-R-t5,52518,KCg-m,cb_intrinsic,R,1,seed_kc
KCg-m-R-t5,52575,KCg-m,cb_intrinsic,R,1,seed_kc
KCg-m-R-t5,52773,KCg-m,cb_intrinsic,R,1,seed_kc
KCg-m-R-t5,53050,KCg-m,cb_intrinsic,R,1,seed_kc
KCg-m-R-t5,53099,KCg-m,cb_intrinsic,R,1,seed_kc
KCg-m-R-t5,53144,KCg-m,cb_intrinsic,R,1,seed_kc
KCg-m-R-t5,53154,KCg-m,cb_intrinsic,R,1,seed_kc
KCg-m-R-t5,53173,KCg-m,cb_intrinsic,R,1,seed_kc
KCg-m-R-t5,53178,KCg-m,cb_intrinsic,R,1,seed_kc
KCg-m-R-t5,53267,KCg-m,cb_intrinsic,R,1,seed_kc
KCg-m-R-t5,53285,PAM01,cb_intrinsic,L,0,auxiliary_partner
KCg-m-R-t5,53383,KCg-m,cb_intrinsic,R,1,seed_kc
KCg-m-R-t5,53472,KCg-m,cb_intrinsic,R,1,seed_kc
KCg-m-R-t5,53633,KCg-m,cb_intrinsic,R,1,seed_kc
KCg-m-R-t5,53655,KCg-m,cb_intrinsic,R,1,seed_kc
KCg-m-R-t5,53688,KCg-m,cb_intrinsic,R,1,seed_kc
KCg-m-R-t5,53836,KCg-m,cb_intrinsic,R,1,seed_kc
KCg-m-R-t5,53947,KCg-m,cb_intrinsic,R,1,seed_kc
KCg-m-R-t5,53994,KCg-m,cb_intrinsic,R,1,seed_kc
KCg-m-R-t5,54345,KCg-m,cb_intrinsic,R,1,seed_kc
KCg-m-R-t5,54455,KCg-m,cb_intrinsic,R,1,seed_kc
KCg-m-R-t5,54746,KCg-m,cb_intrinsic,R,1,seed_kc
KCg-m-R-t5,54936,KCg-m,cb_intrinsic,R,1,seed_kc
KCg-m-R-t5,55062,KCg-m,cb_intrinsic,R,1,seed_kc
KCg-m-R-t5,55210,PAM08,cb_intrinsic,L,0,auxiliary_partner
KCg-m-R-t5,55278,KCg-m,cb_intrinsic,R,1,seed_kc
KCg-m-R-t5,55670,KCg-m,cb_intrinsic,R,1,seed_kc
KCg-m-R-t5,55850,KCg-m,cb_intrinsic,R,1,seed_kc
KCg-m-R-t5,55857,KCg-m,cb_intrinsic,R,1,seed_kc
KCg-m-R-t5,55998,KCg-m,cb_intrinsic,R,1,seed_kc
KCg-m-R-t5,56223,KCg-m,cb_intrinsic,R,1,seed_kc
KCg-m-R-t5,56297,KCg-m,cb_intrinsic,R,1,seed_kc
KCg-m-R-t5,56315,KCg-m,cb_intrinsic,R,1,seed_kc
KCg-m-R-t5,56424,KCg-m,cb_intrinsic,R,1,seed_kc
KCg-m-R-t5,56430,KCg-m,cb_intrinsic,R,1,seed_kc
KCg-m-R-t5,56666,KCg-m,cb_intrinsic,R,1,seed_kc
KCg-m-R-t5,57075,KCg-m,cb_intrinsic,R,1,seed_kc
KCg-m-R-t5,57171,KCg-m,cb_intrinsic,R,1,seed_kc
KCg-m-R-t5,57179,KCg-m,cb_intrinsic,R,1,seed_kc
KCg-m-R-t5,57314,KCg-m,cb_intrinsic,R,1,seed_kc
KCg-m-R-t5,57355,KCg-m,cb_intrinsic,R,1,seed_kc
KCg-m-R-t5,57356,KCg-m,cb_intrinsic,R,1,seed_kc
KCg-m-R-t5,57532,KCg-m,cb_intrinsic,R,1,seed_kc
KCg-m-R-t5,57568,KCg-m,cb_intrinsic,R,1,seed_kc
KCg-m-R-t5,57669,KCg-m,cb_intrinsic,R,1,seed_kc
KCg-m-R-t5,57684,KCg-m,cb_intrinsic,R,1,seed_kc
KCg-m-R-t5,57772,MB-C1,cb_intrinsic,R,-1,input_partner
KCg-m-R-t5,57978,KCg-m,cb_intrinsic,R,1,seed_kc
KCg-m-R-t5,58013,KCg-m,cb_intrinsic,R,1,seed_kc
KCg-m-R-t5,58014,KCg-m,cb_intrinsic,R,1,seed_kc
KCg-m-R-t5,58183,KCg-m,cb_intrinsic,R,1,seed_kc
KCg-m-R-t5,58487,KCg-m,cb_intrinsic,R,1,seed_kc
KCg-m-R-t5,58586,KCg-m,cb_intrinsic,R,1,seed_kc
KCg-m-R-t5,58941,PAM08,cb_intrinsic,L,0,auxiliary_partner
KCg-m-R-t5,58950,KCg-m,cb_intrinsic,R,1,seed_kc
KCg-m-R-t5,58961,KCg-m,cb_intrinsic,R,1,seed_kc
KCg-m-R-t5,59174,KCg-m,cb_intrinsic,R,1,seed_kc
KCg-m-R-t5,59261,KCg-m,cb_intrinsic,R,1,seed_kc
KCg-m-R-t5,59286,KCg-m,cb_intrinsic,R,1,seed_kc
KCg-m-R-t5,59384,KCg-m,cb_intrinsic,R,1,seed_kc
KCg-m-R-t5,59442,KCg-m,cb_intrinsic,R,1,seed_kc
KCg-m-R-t5,59494,KCg-m,cb_intrinsic,R,1,seed_kc
KCg-m-R-t5,59923,KCg-m,cb_intrinsic,R,1,seed_kc
KCg-m-R-t5,59932,KCg-m,cb_intrinsic,R,1,seed_kc
KCg-m-R-t5,59978,KCg-m,cb_intrinsic,R,1,seed_kc
KCg-m-R-t5,60172,KCg-m,cb_intrinsic,R,1,seed_kc
KCg-m-R-t5,60200,KCg-m,cb_intrinsic,R,1,seed_kc
KCg-m-R-t5,60227,KCg-m,cb_intrinsic,R,1,seed_kc
KCg-m-R-t5,60273,PAM07,cb_intrinsic,L,0,auxiliary_partner
KCg-m-R-t5,60329,KCg-m,cb_intrinsic,R,1,seed_kc
KCg-m-R-t5,60516,KCg-m,cb_intrinsic,R,1,seed_kc
KCg-m-R-t5,60739,KCg-m,cb_intrinsic,R,1,seed_kc
KCg-m-R-t5,60763,KCg-m,cb_intrinsic,R,1,seed_kc
KCg-m-R-t5,60768,KCg-m,cb_intrinsic,R,1,seed_kc
KCg-m-R-t5,60930,PAM10,cb_intrinsic,L,0,auxiliary_partner
KCg-m-R-t5,60957,KCg-m,cb_intrinsic,R,1,seed_kc
KCg-m-R-t5,61113,KCg-m,cb_intrinsic,R,1,seed_kc
KCg-m-R-t5,61126,KCg-m,cb_intrinsic,R,1,seed_kc
KCg-m-R-t5,61178,KCg-m,cb_intrinsic,R,1,seed_kc
KCg-m-R-t5,61237,KCg-m,cb_intrinsic,R,1,seed_kc
KCg-m-R-t5,61279,KCg-m,cb_intrinsic,R,1,seed_kc
KCg-m-R-t5,61360,PAM12,cb_intrinsic,L,0,auxiliary_partner
KCg-m-R-t5,61382,KCg-m,cb_intrinsic,R,1,seed_kc
KCg-m-R-t5,61456,KCg-m,cb_intrinsic,R,1,seed_kc
KCg-m-R-t5,61605,KCg-m,cb_intrinsic,R,1,seed_kc
KCg-m-R-t5,61962,KCg-m,cb_intrinsic,R,1,seed_kc
KCg-m-R-t5,61967,KCg-m,cb_intrinsic,R,1,seed_kc
KCg-m-R-t5,61981,KCg-m,cb_intrinsic,R,1,seed_kc
KCg-m-R-t5,62003,KCg-m,cb_intrinsic,R,1,seed_kc
KCg-m-R-t5,62062,KCg-m,cb_intrinsic,R,1,seed_kc
KCg-m-R-t5,62159,KCg-m,cb_intrinsic,R,1,seed_kc
KCg-m-R-t5,62174,KCg-m,cb_intrinsic,R,1,seed_kc
KCg-m-R-t5,62241,KCg-m,cb_intrinsic,R,1,seed_kc
KCg-m-R-t5,62344,KCg-m,cb_intrinsic,R,1,seed_kc
KCg-m-R-t5,62559,KCg-m,cb_intrinsic,R,1,seed_kc
KCg-m-R-t5,62643,KCg-m,cb_intrinsic,R,1,seed_kc
KCg-m-R-t5,62645,KCg-m,cb_intrinsic,R,1,seed_kc
KCg-m-R-t5,62660,KCg-m,cb_intrinsic,R,1,seed_kc
KCg-m-R-t5,62731,PAM01,cb_intrinsic,R,0,auxiliary_partner
KCg-m-R-t5,62891,KCg-m,cb_intrinsic,R,1,seed_kc
KCg-m-R-t5,62917,KCg-m,cb_intrinsic,R,1,seed_kc
KCg-m-R-t5,63097,KCg-m,cb_intrinsic,R,1,seed_kc
KCg-m-R-t5,63100,KCg-m,cb_intrinsic,R,1,seed_kc
KCg-m-R-t5,63153,KCg-m,cb_intrinsic,R,1,seed_kc
KCg-m-R-t5,63189,KCg-m,cb_intrinsic,R,1,seed_kc
KCg-m-R-t5,63269,KCg-m,cb_intrinsic,R,1,seed_kc
KCg-m-R-t5,63391,PAM01,cb_intrinsic,R,0,auxiliary_partner
KCg-m-R-t5,63394,KCg-m,cb_intrinsic,R,1,seed_kc
KCg-m-R-t5,63398,KCg-m,cb_intrinsic,R,1,seed_kc
KCg-m-R-t5,63482,KCg-m,cb_intrinsic,R,1,seed_kc
KCg-m-R-t5,63506,KCg-m,cb_intrinsic,R,1,seed_kc
KCg-m-R-t5,63508,KCg-m,cb_intrinsic,R,1,seed_kc
KCg-m-R-t5,63578,KCg-m,cb_intrinsic,R,1,seed_kc
KCg-m-R-t5,63629,KCg-m,cb_intrinsic,R,1,seed_kc
KCg-m-R-t5,63930,KCg-m,cb_intrinsic,R,1,seed_kc
KCg-m-R-t5,64115,KCg-m,cb_intrinsic,R,1,seed_kc
KCg-m-R-t5,64133,KCg-m,cb_intrinsic,R,1,seed_kc
KCg-m-R-t5,64376,KCg-m,cb_intrinsic,R,1,seed_kc
KCg-m-R-t5,64404,KCg-m,cb_intrinsic,R,1,seed_kc
KCg-m-R-t5,64437,KCg-m,cb_intrinsic,R,1,seed_kc
KCg-m-R-t5,64440,KCg-m,cb_intrinsic,R,1,seed_kc
KCg-m-R-t5,64471,KCg-m,cb_intrinsic,R,1,seed_kc
KCg-m-R-t5,64525,KCg-m,cb_intrinsic,R,1,seed_kc
KCg-m-R-t5,64596,KCg-m,cb_intrinsic,R,1,seed_kc
KCg-m-R-t5,64701,KCg-m,cb_intrinsic,R,1,seed_kc
KCg-m-R-t5,64809,KCg-m,cb_intrinsic,R,1,seed_kc
KCg-m-R-t5,65121,KCg-m,cb_intrinsic,R,1,seed_kc
KCg-m-R-t5,65122,KCg-m,cb_intrinsic,R,1,seed_kc
KCg-m-R-t5,65161,KCg-m,cb_intrinsic,R,1,seed_kc
KCg-m-R-t5,65379,KCg-m,cb_intrinsic,R,1,seed_kc
KCg-m-R-t5,65427,KCg-m,cb_intrinsic,R,1,seed_kc
KCg-m-R-t5,65524,PAM08,cb_intrinsic,L,0,auxiliary_partner
KCg-m-R-t5,65559,PAM07,cb_intrinsic,R,0,auxiliary_partner
KCg-m-R-t5,65606,KCg-m,cb_intrinsic,R,1,seed_kc
KCg-m-R-t5,65737,KCg-m,cb_intrinsic,R,1,seed_kc
KCg-m-R-t5,65864,KCg-m,cb_intrinsic,R,1,seed_kc
KCg-m-R-t5,65886,PAM08,cb_intrinsic,L,0,auxiliary_partner
KCg-m-R-t5,65965,KCg-m,cb_intrinsic,R,1,seed_kc
KCg-m-R-t5,65997,KCg-m,cb_intrinsic,R,1,seed_kc
KCg-m-R-t5,66038,KCg-m,cb_intrinsic,R,1,seed_kc
KCg-m-R-t5,66099,KCg-m,cb_intrinsic,R,1,seed_kc
KCg-m-R-t5,66219,KCg-m,cb_intrinsic,R,1,seed_kc
KCg-m-R-t5,66519,KCg-m,cb_intrinsic,R,1,seed_kc
KCg-m-R-t5,66583,KCg-m,cb_intrinsic,R,1,seed_kc
KCg-m-R-t5,66594,KCg-m,cb_intrinsic,R,1,seed_kc
KCg-m-R-t5,66595,KCg-m,cb_intrinsic,R,1,seed_kc
KCg-m-R-t5,66601,KCg-m,cb_intrinsic,R,1,seed_kc
KCg-m-R-t5,66611,KCg-m,cb_intrinsic,R,1,seed_kc
KCg-m-R-t5,66812,KCg-m,cb_intrinsic,R,1,seed_kc
KCg-m-R-t5,66911,KCg-m,cb_intrinsic,R,1,seed_kc
KCg-m-R-t5,66934,PAM10,cb_intrinsic,L,0,auxiliary_partner
KCg-m-R-t5,66945,KCg-m,cb_intrinsic,R,1,seed_kc
KCg-m-R-t5,67120,KCg-m,cb_intrinsic,R,1,seed_kc
KCg-m-R-t5,67249,KCg-m,cb_intrinsic,R,1,seed_kc
KCg-m-R-t5,67320,KCg-m,cb_intrinsic,R,1,seed_kc
KCg-m-R-t5,67337,KCg-m,cb_intrinsic,R,1,seed_kc
KCg-m-R-t5,67425,KCg-m,cb_intrinsic,R,1,seed_kc
KCg-m-R-t5,67432,KCg-m,cb_intrinsic,R,1,seed_kc
KCg-m-R-t5,67451,KCg-m,cb_intrinsic,R,1,seed_kc
KCg-m-R-t5,67712,KCg-m,cb_intrinsic,R,1,seed_kc
KCg-m-R-t5,67721,KCg-m,cb_intrinsic,R,1,seed_kc
KCg-m-R-t5,67722,KCg-m,cb_intrinsic,R,1,seed_kc
KCg-m-R-t5,67774,KCg-m,cb_intrinsic,R,1,seed_kc
KCg-m-R-t5,67828,KCg-m,cb_intrinsic,R,1,seed_kc
KCg-m-R-t5,68137,KCg-m,cb_intrinsic,R,1,seed_kc
KCg-m-R-t5,68176,KCg-m,cb_intrinsic,R,1,seed_kc
KCg-m-R-t5,68226,KCg-m,cb_intrinsic,R,1,seed_kc
KCg-m-R-t5,68487,KCg-m,cb_intrinsic,R,1,seed_kc
KCg-m-R-t5,68531,KCg-m,cb_intrinsic,R,1,seed_kc
KCg-m-R-t5,68635,KCg-m,cb_intrinsic,R,1,seed_kc
KCg-m-R-t5,68790,KCg-m,cb_intrinsic,R,1,seed_kc
KCg-m-R-t5,68803,KCg-m,cb_intrinsic,R,1,seed_kc
KCg-m-R-t5,69042,KCg-m,cb_intrinsic,R,1,seed_kc
KCg-m-R-t5,69077,KCg-m,cb_intrinsic,R,1,seed_kc
KCg-m-R-t5,69101,KCg-m,cb_intrinsic,R,1,seed_kc
KCg-m-R-t5,69175,KCg-m,cb_intrinsic,R,1,seed_kc
KCg-m-R-t5,69347,KCg-m,cb_intrinsic,R,1,seed_kc
KCg-m-R-t5,69431,KCg-m,cb_intrinsic,R,1,seed_kc
KCg-m-R-t5,69620,KCg-m,cb_intrinsic,R,1,seed_kc
KCg-m-R-t5,69650,KCg-m,cb_intrinsic,R,1,seed_kc
KCg-m-R-t5,69716,KCg-m,cb_intrinsic,R,1,seed_kc
KCg-m-R-t5,69722,PAM08,cb_intrinsic,L,0,auxiliary_partner
KCg-m-R-t5,69859,KCg-m,cb_intrinsic,R,1,seed_kc
KCg-m-R-t5,69967,KCg-m,cb_intrinsic,R,1,seed_kc
KCg-m-R-t5,70022,KCg-m,cb_intrinsic,R,1,seed_kc
KCg-m-R-t5,70029,KCg-m,cb_intrinsic,R,1,seed_kc
KCg-m-R-t5,70030,KCg-m,cb_intrinsic,R,1,seed_kc
KCg-m-R-t5,70235,KCg-m,cb_intrinsic,R,1,seed_kc
KCg-m-R-t5,70283,KCg-m,cb_intrinsic,R,1,seed_kc
KCg-m-R-t5,70312,KCg-m,cb_intrinsic,R,1,seed_kc
KCg-m-R-t5,70324,KCg-m,cb_intrinsic,R,1,seed_kc
KCg-m-R-t5,70445,KCg-m,cb_intrinsic,R,1,seed_kc
KCg-m-R-t5,70489,KCg-m,cb_intrinsic,R,1,seed_kc
KCg-m-R-t5,70509,KCg-m,cb_intrinsic,R,1,seed_kc
KCg-m-R-t5,70526,KCg-m,cb_intrinsic,R,1,seed_kc
KCg-m-R-t5,70553,KCg-m,cb_intrinsic,R,1,seed_kc
KCg-m-R-t5,70928,KCg-m,cb_intrinsic,R,1,seed_kc
KCg-m-R-t5,70952,KCg-m,cb_intrinsic,R,1,seed_kc
KCg-m-R-t5,71028,KCg-m,cb_intrinsic,R,1,seed_kc
KCg-m-R-t5,71033,KCg-m,cb_intrinsic,R,1,seed_kc
KCg-m-R-t5,71121,KCg-m,cb_intrinsic,R,1,seed_kc
KCg-m-R-t5,71770,KCg-m,cb_intrinsic,R,1,seed_kc
KCg-m-R-t5,71902,KCg-m,cb_intrinsic,R,1,seed_kc
KCg-m-R-t5,72032,KCg-m,cb_intrinsic,R,1,seed_kc
KCg-m-R-t5,72049,KCg-m,cb_intrinsic,R,1,seed_kc
KCg-m-R-t5,72111,KCg-m,cb_intrinsic,R,1,seed_kc
KCg-m-R-t5,72141,KCg-m,cb_intrinsic,R,1,seed_kc
KCg-m-R-t5,72387,KCg-m,cb_intrinsic,R,1,seed_kc
KCg-m-R-t5,72523,KCg-m,cb_intrinsic,R,1,seed_kc
KCg-m-R-t5,72601,PAM06,cb_intrinsic,L,0,auxiliary_partner
KCg-m-R-t5,72643,KCg-m,cb_intrinsic,R,1,seed_kc
KCg-m-R-t5,72695,KCg-m,cb_intrinsic,R,1,seed_kc
KCg-m-R-t5,72916,KCg-m,cb_intrinsic,R,1,seed_kc
KCg-m-R-t5,72939,KCg-m,cb_intrinsic,R,1,seed_kc
KCg-m-R-t5,73161,KCg-m,cb_intrinsic,R,1,seed_kc
KCg-m-R-t5,73195,KCg-m,cb_intrinsic,R,1,seed_kc
KCg-m-R-t5,73296,KCg-m,cb_intrinsic,R,1,seed_kc
KCg-m-R-t5,73457,KCg-m,cb_intrinsic,R,1,seed_kc
KCg-m-R-t5,73750,KCg-m,cb_intrinsic,R,1,seed_kc
KCg-m-R-t5,73814,KCg-m,cb_intrinsic,R,1,seed_kc
KCg-m-R-t5,73850,KCg-m,cb_intrinsic,R,1,seed_kc
KCg-m-R-t5,74190,KCg-m,cb_intrinsic,R,1,seed_kc
KCg-m-R-t5,74260,KCg-m,cb_intrinsic,R,1,seed_kc
KCg-m-R-t5,74368,KCg-m,cb_intrinsic,R,1,seed_kc
KCg-m-R-t5,74403,KCg-m,cb_intrinsic,R,1,seed_kc
KCg-m-R-t5,74743,PAM08,cb_intrinsic,L,0,auxiliary_partner
KCg-m-R-t5,74856,PAM01,cb_intrinsic,L,0,auxiliary_partner
KCg-m-R-t5,75029,KCg-m,cb_intrinsic,R,1,seed_kc
KCg-m-R-t5,75045,KCg-m,cb_intrinsic,R,1,seed_kc
KCg-m-R-t5,75072,KCg-m,cb_intrinsic,R,1,seed_kc
KCg-m-R-t5,75288,KCg-m,cb_intrinsic,R,1,seed_kc
KCg-m-R-t5,75652,KCg-m,cb_intrinsic,R,1,seed_kc
KCg-m-R-t5,75774,KCg-m,cb_intrinsic,R,1,seed_kc
KCg-m-R-t5,75880,KCg-m,cb_intrinsic,R,1,seed_kc
KCg-m-R-t5,75922,PAM08,cb_intrinsic,L,0,auxiliary_partner
KCg-m-R-t5,76063,KCg-m,cb_intrinsic,R,1,seed_kc
KCg-m-R-t5,76317,KCg-m,cb_intrinsic,R,1,seed_kc
KCg-m-R-t5,76362,PAM08,cb_intrinsic,L,0,auxiliary_partner
KCg-m-R-t5,76443,KCg-m,cb_intrinsic,R,1,seed_kc
KCg-m-R-t5,76493,KCg-m,cb_intrinsic,R,1,seed_kc
KCg-m-R-t5,76587,KCg-m,cb_intrinsic,R,1,seed_kc
KCg-m-R-t5,76837,KCg-m,cb_intrinsic,R,1,seed_kc
KCg-m-R-t5,76973,KCg-m,cb_intrinsic,R,1,seed_kc
KCg-m-R-t5,77054,KCg-m,cb_intrinsic,R,1,seed_kc
KCg-m-R-t5,77126,KCg-m,cb_intrinsic,R,1,seed_kc
KCg-m-R-t5,77132,KCg-m,cb_intrinsic,R,1,seed_kc
KCg-m-R-t5,77158,KCg-m,cb_intrinsic,R,1,seed_kc
KCg-m-R-t5,77281,KCg-m,cb_intrinsic,R,1,seed_kc
KCg-m-R-t5,77442,KCg-m,cb_intrinsic,R,1,seed_kc
KCg-m-R-t5,77449,KCg-m,cb_intrinsic,R,1,seed_kc
KCg-m-R-t5,77451,KCg-m,cb_intrinsic,R,1,seed_kc
KCg-m-R-t5,77479,KCg-m,cb_intrinsic,R,1,seed_kc
KCg-m-R-t5,77523,KCg-m,cb_intrinsic,R,1,seed_kc
KCg-m-R-t5,77637,KCg-m,cb_intrinsic,R,1,seed_kc
KCg-m-R-t5,77975,KCg-m,cb_intrinsic,R,1,seed_kc
KCg-m-R-t5,78251,KCg-m,cb_intrinsic,R,1,seed_kc
KCg-m-R-t5,78361,KCg-m,cb_intrinsic,R,1,seed_kc
KCg-m-R-t5,78458,KCg-m,cb_intrinsic,R,1,seed_kc
KCg-m-R-t5,78811,KCg-m,cb_intrinsic,R,1,seed_kc
KCg-m-R-t5,78858,KCg-m,cb_intrinsic,R,1,seed_kc
KCg-m-R-t5,78920,KCg-m,cb_intrinsic,R,1,seed_kc
KCg-m-R-t5,79372,KCg-m,cb_intrinsic,R,1,seed_kc
KCg-m-R-t5,79444,KCg-m,cb_intrinsic,R,1,seed_kc
KCg-m-R-t5,79653,KCg-m,cb_intrinsic,R,1,seed_kc
KCg-m-R-t5,79832,KCg-m,cb_intrinsic,R,1,seed_kc
KCg-m-R-t5,79931,KCg-m,cb_intrinsic,R,1,seed_kc
KCg-m-R-t5,80027,KCg-m,cb_intrinsic,R,1,seed_kc
KCg-m-R-t5,80079,KCg-m,cb_intrinsic,R,1,seed_kc
KCg-m-R-t5,80083,KCg-m,cb_intrinsic,R,1,seed_kc
KCg-m-R-t5,80123,KCg-m,cb_intrinsic,R,1,seed_kc
KCg-m-R-t5,80397,KCg-m,cb_intrinsic,R,1,seed_kc
KCg-m-R-t5,80614,KCg-m,cb_intrinsic,R,1,seed_kc
KCg-m-R-t5,80744,PAM01,cb_intrinsic,L,0,auxiliary_partner
KCg-m-R-t5,81000,KCg-m,cb_intrinsic,R,1,seed_kc
KCg-m-R-t5,81004,KCg-m,cb_intrinsic,R,1,seed_kc
KCg-m-R-t5,81005,KCg-m,cb_intrinsic,R,1,seed_kc
KCg-m-R-t5,81233,KCg-m,cb_intrinsic,R,1,seed_kc
KCg-m-R-t5,81427,KCg-m,cb_intrinsic,R,1,seed_kc
KCg-m-R-t5,81506,KCg-m,cb_intrinsic,R,1,seed_kc
KCg-m-R-t5,81563,KCg-m,cb_intrinsic,R,1,seed_kc
KCg-m-R-t5,81601,KCg-m,cb_intrinsic,R,1,seed_kc
KCg-m-R-t5,81606,KCg-m,cb_intrinsic,R,1,seed_kc
KCg-m-R-t5,81628,KCg-m,cb_intrinsic,R,1,seed_kc
KCg-m-R-t5,81651,KCg-m,cb_intrinsic,R,1,seed_kc
KCg-m-R-t5,81820,KCg-m,cb_intrinsic,R,1,seed_kc
KCg-m-R-t5,81967,KCg-m,cb_intrinsic,R,1,seed_kc
KCg-m-R-t5,82118,KCg-m,cb_intrinsic,R,1,seed_kc
KCg-m-R-t5,82132,KCg-m,cb_intrinsic,R,1,seed_kc
KCg-m-R-t5,82161,KCg-m,cb_intrinsic,R,1,seed_kc
KCg-m-R-t5,82188,KCg-m,cb_intrinsic,R,1,seed_kc
KCg-m-R-t5,82284,KCg-m,cb_intrinsic,R,1,seed_kc
KCg-m-R-t5,82386,KCg-m,cb_intrinsic,R,1,seed_kc
KCg-m-R-t5,82440,KCg-m,cb_intrinsic,R,1,seed_kc
KCg-m-R-t5,82582,KCg-m,cb_intrinsic,R,1,seed_kc
KCg-m-R-t5,82895,KCg-m,cb_intrinsic,R,1,seed_kc
KCg-m-R-t5,82939,KCg-m,cb_intrinsic,R,1,seed_kc
KCg-m-R-t5,83162,KCg-m,cb_intrinsic,R,1,seed_kc
KCg-m-R-t5,83277,PAM01,cb_intrinsic,L,0,auxiliary_partner
KCg-m-R-t5,83341,KCg-m,cb_intrinsic,R,1,seed_kc
KCg-m-R-t5,83360,KCg-m,cb_intrinsic,R,1,seed_kc
KCg-m-R-t5,83494,KCg-m,cb_intrinsic,R,1,seed_kc
KCg-m-R-t5,83576,KCg-m,cb_intrinsic,R,1,seed_kc
KCg-m-R-t5,83608,KCg-m,cb_intrinsic,R,1,seed_kc
KCg-m-R-t5,83820,KCg-m,cb_intrinsic,R,1,seed_kc
KCg-m-R-t5,83833,KCg-m,cb_intrinsic,R,1,seed_kc
KCg-m-R-t5,83852,PAM06,cb_intrinsic,R,0,auxiliary_partner
KCg-m-R-t5,83921,KCg-m,cb_intrinsic,R,1,seed_kc
KCg-m-R-t5,84007,KCg-m,cb_intrinsic,R,1,seed_kc
KCg-m-R-t5,84664,KCg-m,cb_intrinsic,R,1,seed_kc
KCg-m-R-t5,84972,KCg-m,cb_intrinsic,R,1,seed_kc
KCg-m-R-t5,85137,KCg-m,cb_intrinsic,R,1,seed_kc
KCg-m-R-t5,85141,KCg-m,cb_intrinsic,R,1,seed_kc
KCg-m-R-t5,85516,KCg-m,cb_intrinsic,R,1,seed_kc
KCg-m-R-t5,86066,PAM07,cb_intrinsic,L,0,auxiliary_partner
KCg-m-R-t5,86137,KCg-m,cb_intrinsic,R,1,seed_kc
KCg-m-R-t5,86156,PAM08,cb_intrinsic,R,0,auxiliary_partner
KCg-m-R-t5,86431,PAM07,cb_intrinsic,L,0,auxiliary_partner
KCg-m-R-t5,86553,KCg-m,cb_intrinsic,R,1,seed_kc
KCg-m-R-t5,86751,KCg-m,cb_intrinsic,R,1,seed_kc
KCg-m-R-t5,86814,KCg-m,cb_intrinsic,R,1,seed_kc
KCg-m-R-t5,86876,KCg-m,cb_intrinsic,R,1,seed_kc
KCg-m-R-t5,86985,KCg-m,cb_intrinsic,R,1,seed_kc
KCg-m-R-t5,87077,MBON25,cb_intrinsic,L,-1,output_mbon
KCg-m-R-t5,87155,KCg-m,cb_intrinsic,R,1,seed_kc
KCg-m-R-t5,87177,PAM08,cb_intrinsic,L,0,auxiliary_partner
KCg-m-R-t5,87382,KCg-m,cb_intrinsic,R,1,seed_kc
KCg-m-R-t5,87437,KCg-m,cb_intrinsic,R,1,seed_kc
KCg-m-R-t5,87642,KCg-m,cb_intrinsic,R,1,seed_kc
KCg-m-R-t5,87660,KCg-m,cb_intrinsic,R,1,seed_kc
KCg-m-R-t5,87759,KCg-m,cb_intrinsic,R,1,seed_kc
KCg-m-R-t5,87844,KCg-m,cb_intrinsic,R,1,seed_kc
KCg-m-R-t5,88290,KCg-m,cb_intrinsic,R,1,seed_kc
KCg-m-R-t5,88477,PAM01,cb_intrinsic,L,0,auxiliary_partner
KCg-m-R-t5,88584,KCg-m,cb_intrinsic,R,1,seed_kc
KCg-m-R-t5,88655,KCg-m,cb_intrinsic,R,1,seed_kc
KCg-m-R-t5,88703,KCg-m,cb_intrinsic,R,1,seed_kc
KCg-m-R-t5,88884,KCg-m,cb_intrinsic,R,1,seed_kc
KCg-m-R-t5,89471,KCg-m,cb_intrinsic,R,1,seed_kc
KCg-m-R-t5,89761,KCg-m,cb_intrinsic,R,1,seed_kc
KCg-m-R-t5,89839,KCg-m,cb_intrinsic,R,1,seed_kc
KCg-m-R-t5,89841,KCg-m,cb_intrinsic,R,1,seed_kc
KCg-m-R-t5,90367,KCg-m,cb_intrinsic,R,1,seed_kc
KCg-m-R-t5,90678,PAM08,cb_intrinsic,L,0,auxiliary_partner
KCg-m-R-t5,90867,PAM01,cb_intrinsic,R,0,auxiliary_partner
KCg-m-R-t5,90902,PAM08,cb_intrinsic,R,0,auxiliary_partner
KCg-m-R-t5,91041,KCg-m,cb_intrinsic,R,1,seed_kc
KCg-m-R-t5,91391,PAM12,cb_intrinsic,L,0,auxiliary_partner
KCg-m-R-t5,91799,M_adPNm8,cb_intrinsic,R,1,input_partner
KCg-m-R-t5,91875,PAM12,cb_intrinsic,L,0,auxiliary_partner
KCg-m-R-t5,92278,KCg-m,cb_intrinsic,R,1,seed_kc
KCg-m-R-t5,92324,PAM06,cb_intrinsic,R,0,auxiliary_partner
KCg-m-R-t5,92784,KCg-m,cb_intrinsic,R,1,seed_kc
KCg-m-R-t5,92924,KCg-m,cb_intrinsic,R,1,seed_kc
KCg-m-R-t5,92927,KCg-m,cb_intrinsic,R,1,seed_kc
KCg-m-R-t5,93462,KCg-m,cb_intrinsic,R,1,seed_kc
KCg-m-R-t5,93485,KCg-m,cb_intrinsic,R,1,seed_kc
KCg-m-R-t5,93704,PAM01,cb_intrinsic,L,0,auxiliary_partner
KCg-m-R-t5,93772,KCg-m,cb_intrinsic,R,1,seed_kc
KCg-m-R-t5,93859,KCg-m,cb_intrinsic,R,1,seed_kc
KCg-m-R-t5,94001,KCg-m,cb_intrinsic,R,1,seed_kc
KCg-m-R-t5,94250,PAM05,cb_intrinsic,L,0,auxiliary_partner
KCg-m-R-t5,94674,KCg-m,cb_intrinsic,R,1,seed_kc
KCg-m-R-t5,94922,PAM05,cb_intrinsic,L,0,auxiliary_partner
KCg-m-R-t5,94974,KCg-m,cb_intrinsic,R,1,seed_kc
KCg-m-R-t5,95158,KCg-m,cb_intrinsic,R,1,seed_kc
KCg-m-R-t5,95167,KCg-m,cb_intrinsic,R,1,seed_kc
KCg-m-R-t5,95213,KCg-m,cb_intrinsic,R,1,seed_kc
KCg-m-R-t5,95523,PAM08,cb_intrinsic,L,0,auxiliary_partner
KCg-m-R-t5,96324,KCg-m,cb_intrinsic,R,1,seed_kc
KCg-m-R-t5,96497,PAM07,cb_intrinsic,R,0,auxiliary_partner
KCg-m-R-t5,96571,PAM12,cb_intrinsic,L,0,auxiliary_partner
KCg-m-R-t5,97305,KCg-m,cb_intrinsic,R,1,seed_kc
KCg-m-R-t5,97772,KCg-m,cb_intrinsic,R,1,seed_kc
KCg-m-R-t5,97990,PAM06,cb_intrinsic,L,0,auxiliary_partner
KCg-m-R-t5,97999,KCg-m,cb_intrinsic,R,1,seed_kc
KCg-m-R-t5,98017,KCg-m,cb_intrinsic,R,1,seed_kc
KCg-m-R-t5,98265,PAM06,cb_intrinsic,L,0,auxiliary_partner
KCg-m-R-t5,98554,PAM07,cb_intrinsic,L,0,auxiliary_partner
KCg-m-R-t5,99089,PAM01,cb_intrinsic,L,0,auxiliary_partner
KCg-m-R-t5,99139,KCg-m,cb_intrinsic,R,1,seed_kc
KCg-m-R-t5,99608,KCg-m,cb_intrinsic,R,1,seed_kc
KCg-m-R-t5,100258,PAM01,cb_intrinsic,R,0,auxiliary_partner
KCg-m-R-t5,102887,KCg-m,cb_intrinsic,R,1,seed_kc
KCg-m-R-t5,102936,PAM08,cb_intrinsic,R,0,auxiliary_partner
KCg-m-R-t5,103144,KCg-m,cb_intrinsic,R,1,seed_kc
KCg-m-R-t5,103255,PAM08,cb_intrinsic,R,0,auxiliary_partner
KCg-m-R-t5,103433,PAM14,cb_intrinsic,R,0,auxiliary_partner
KCg-m-R-t5,104166,KCg-m,cb_intrinsic,R,1,seed_kc
KCg-m-R-t5,104460,PAM12,cb_intrinsic,L,0,auxiliary_partner
KCg-m-R-t5,104526,KCg-m,cb_intrinsic,R,1,seed_kc
KCg-m-R-t5,104713,PAM08,cb_intrinsic,R,0,auxiliary_partner
KCg-m-R-t5,105128,KCg-m,cb_intrinsic,R,1,seed_kc
KCg-m-R-t5,105362,PAM05,cb_intrinsic,R,0,auxiliary_partner
KCg-m-R-t5,105365,PAM08,cb_intrinsic,R,0,auxiliary_partner
KCg-m-R-t5,105447,PAM12,cb_intrinsic,L,0,auxiliary_partner
KCg-m-R-t5,106115,KCg-m,cb_intrinsic,R,1,seed_kc
KCg-m-R-t5,106691,KCg-m,cb_intrinsic,R,1,seed_kc
KCg-m-R-t5,107197,KCg-m,cb_intrinsic,R,1,seed_kc
KCg-m-R-t5,107285,PAM08,cb_intrinsic,L,0,auxiliary_partner
KCg-m-R-t5,107452,KCg-m,cb_intrinsic,R,1,seed_kc
KCg-m-R-t5,107852,KCg-m,cb_intrinsic,R,1,seed_kc
KCg-m-R-t5,107986,PAM02,cb_intrinsic,L,0,auxiliary_partner
KCg-m-R-t5,108002,KCg-m,cb_intrinsic,R,1,seed_kc
KCg-m-R-t5,108429,PAM04,cb_intrinsic,L,0,auxiliary_partner
KCg-m-R-t5,108576,PAM13,cb_intrinsic,R,0,auxiliary_partner
KCg-m-R-t5,108833,KCg-m,cb_intrinsic,R,1,seed_kc
KCg-m-R-t5,109268,KCg-m,cb_intrinsic,R,1,seed_kc
KCg-m-R-t5,109583,KCg-m,cb_intrinsic,R,1,seed_kc
KCg-m-R-t5,109624,PAM08,cb_intrinsic,L,0,auxiliary_partner
KCg-m-R-t5,109697,KCg-m,cb_intrinsic,R,1,seed_kc
KCg-m-R-t5,109793,PAM04,cb_intrinsic,L,0,auxiliary_partner
KCg-m-R-t5,109873,KCg-m,cb_intrinsic,R,1,seed_kc
KCg-m-R-t5,110375,KCg-m,cb_intrinsic,R,1,seed_kc
KCg-m-R-t5,110448,MBON25-like,cb_intrinsic,L,-1,output_mbon
KCg-m-R-t5,110653,PAM05,cb_intrinsic,R,0,auxiliary_partner
KCg-m-R-t5,111165,KCg-m,cb_intrinsic,R,1,seed_kc
KCg-m-R-t5,111665,PAM12,cb_intrinsic,R,0,auxiliary_partner
KCg-m-R-t5,112040,KCg-m,cb_intrinsic,R,1,seed_kc
KCg-m-R-t5,112749,KCg-m,cb_intrinsic,R,1,seed_kc
KCg-m-R-t5,113001,PAM12,cb_intrinsic,R,0,auxiliary_partner
KCg-m-R-t5,113067,PAM01,cb_intrinsic,R,0,auxiliary_partner
KCg-m-R-t5,114216,PAM01,cb_intrinsic,L,0,auxiliary_partner
KCg-m-R-t5,114235,KCg-m,cb_intrinsic,R,1,seed_kc
KCg-m-R-t5,114522,PAM07,cb_intrinsic,R,0,auxiliary_partner
KCg-m-R-t5,114594,KCg-m,cb_intrinsic,R,1,seed_kc
KCg-m-R-t5,114661,PAM11,cb_intrinsic,R,0,auxiliary_partner
KCg-m-R-t5,114700,PAM01,cb_intrinsic,R,0,auxiliary_partner
KCg-m-R-t5,115240,KCg-m,cb_intrinsic,R,1,seed_kc
KCg-m-R-t5,115617,PAM04,cb_intrinsic,L,0,auxiliary_partner
KCg-m-R-t5,115868,PAM14,cb_intrinsic,R,0,auxiliary_partner
KCg-m-R-t5,117782,PAM08,cb_intrinsic,L,0,auxiliary_partner
KCg-m-R-t5,117952,KCg-m,cb_intrinsic,R,1,seed_kc
KCg-m-R-t5,118629,KCg-m,cb_intrinsic,R,1,seed_kc
KCg-m-R-t5,118769,KCg-m,cb_intrinsic,R,1,seed_kc
KCg-m-R-t5,119101,KCg-m,cb_intrinsic,R,1,seed_kc
KCg-m-R-t5,119278,KCg-m,cb_intrinsic,R,1,seed_kc
KCg-m-R-t5,119280,KCg-m,cb_intrinsic,R,1,seed_kc
KCg-m-R-t5,119499,PAM08,cb_intrinsic,L,0,auxiliary_partner
KCg-m-R-t5,119591,KCg-m,cb_intrinsic,R,1,seed_kc
KCg-m-R-t5,119632,KCg-m,cb_intrinsic,R,1,seed_kc
KCg-m-R-t5,119763,PAM11,cb_intrinsic,L,0,auxiliary_partner
KCg-m-R-t5,119936,KCg-m,cb_intrinsic,R,1,seed_kc
KCg-m-R-t5,120259,PAM04,cb_intrinsic,R,0,auxiliary_partner
KCg-m-R-t5,120768,PAM07,cb_intrinsic,R,0,auxiliary_partner
KCg-m-R-t5,121103,KCg-m,cb_intrinsic,R,1,seed_kc
KCg-m-R-t5,122062,PAM08,cb_intrinsic,R,0,auxiliary_partner
KCg-m-R-t5,122293,KCg-m,cb_intrinsic,R,1,seed_kc
KCg-m-R-t5,122354,KCg-m,cb_intrinsic,R,1,seed_kc
KCg-m-R-t5,122892,KCg-m,cb_intrinsic,R,1,seed_kc
KCg-m-R-t5,123280,KCg-m,cb_intrinsic,R,1,seed_kc
KCg-m-R-t5,123421,KCg-m,cb_intrinsic,R,1,seed_kc
KCg-m-R-t5,123585,KCg-m,cb_intrinsic,R,1,seed_kc
KCg-m-R-t5,123894,KCg-m,cb_intrinsic,R,1,seed_kc
KCg-m-R-t5,124055,KCg-m,cb_intrinsic,R,1,seed_kc
KCg-m-R-t5,124242,KCg-m,cb_intrinsic,R,1,seed_kc
KCg-m-R-t5,124632,KCg-m,cb_intrinsic,R,1,seed_kc
KCg-m-R-t5,124918,PAM04,cb_intrinsic,L,0,auxiliary_partner
KCg-m-R-t5,125080,PAM04,cb_intrinsic,L,0,auxiliary_partner
KCg-m-R-t5,125860,KCg-m,cb_intrinsic,R,1,seed_kc
KCg-m-R-t5,126002,KCg-m,cb_intrinsic,R,1,seed_kc
KCg-m-R-t5,126501,PAM06,cb_intrinsic,L,0,auxiliary_partner
KCg-m-R-t5,126602,KCg-m,cb_intrinsic,R,1,seed_kc
KCg-m-R-t5,126900,PAM12,cb_intrinsic,L,0,auxiliary_partner
KCg-m-R-t5,127397,KCg-m,cb_intrinsic,R,1,seed_kc
KCg-m-R-t5,127659,PAM02,cb_intrinsic,L,0,auxiliary_partner
KCg-m-R-t5,129189,KCg-m,cb_intrinsic,R,1,seed_kc
KCg-m-R-t5,129287,KCg-m,cb_intrinsic,R,1,seed_kc
KCg-m-R-t5,129321,KCg-m,cb_intrinsic,R,1,seed_kc
KCg-m-R-t5,129430,PAM08,cb_intrinsic,L,0,auxiliary_partner
KCg-m-R-t5,129563,PAM01,cb_intrinsic,R,0,auxiliary_partner
KCg-m-R-t5,129903,KCg-m,cb_intrinsic,R,1,seed_kc
KCg-m-R-t5,129965,KCg-m,cb_intrinsic,R,1,seed_kc
KCg-m-R-t5,130317,KCg-m,cb_intrinsic,R,1,seed_kc
KCg-m-R-t5,130403,KCg-m,cb_intrinsic,R,1,seed_kc
KCg-m-R-t5,130603,KCg-m,cb_intrinsic,R,1,seed_kc
KCg-m-R-t5,130806,KCg-m,cb_intrinsic,R,1,seed_kc
KCg-m-R-t5,130907,KCg-m,cb_intrinsic,R,1,seed_kc
KCg-m-R-t5,131100,KCg-m,cb_intrinsic,R,1,seed_kc
KCg-m-R-t5,131293,KCg-m,cb_intrinsic,R,1,seed_kc
KCg-m-R-t5,131419,PAM06,cb_intrinsic,R,0,auxiliary_partner
KCg-m-R-t5,131607,PAM07,cb_intrinsic,L,0,auxiliary_partner
KCg-m-R-t5,131946,KCg-m,cb_intrinsic,R,1,seed_kc
KCg-m-R-t5,132230,KCg-m,cb_intrinsic,R,1,seed_kc
KCg-m-R-t5,132312,KCg-m,cb_intrinsic,R,1,seed_kc
KCg-m-R-t5,132513,PAM06,cb_intrinsic,R,0,auxiliary_partner
KCg-m-R-t5,133019,PAM08,cb_intrinsic,R,0,auxiliary_partner
KCg-m-R-t5,133053,KCg-m,cb_intrinsic,R,1,seed_kc
KCg-m-R-t5,133214,KCg-m,cb_intrinsic,R,1,seed_kc
KCg-m-R-t5,133642,KCg-m,cb_intrinsic,R,1,seed_kc
KCg-m-R-t5,133671,KCg-m,cb_intrinsic,R,1,seed_kc
KCg-m-R-t5,133806,KCg-m,cb_intrinsic,R,1,seed_kc
KCg-m-R-t5,134216,KCg-m,cb_intrinsic,R,1,seed_kc
KCg-m-R-t5,134265,PAM06,cb_intrinsic,R,0,auxiliary_partner
KCg-m-R-t5,134359,KCg-m,cb_intrinsic,R,1,seed_kc
KCg-m-R-t5,134660,KCg-m,cb_intrinsic,R,1,seed_kc
KCg-m-R-t5,134769,PAM06,cb_intrinsic,R,0,auxiliary_partner
KCg-m-R-t5,134869,PAM06,cb_intrinsic,L,0,auxiliary_partner
KCg-m-R-t5,134883,KCg-m,cb_intrinsic,R,1,seed_kc
KCg-m-R-t5,135046,PAM02,cb_intrinsic,L,0,auxiliary_partner
KCg-m-R-t5,135171,PAM12,cb_intrinsic,R,0,auxiliary_partner
KCg-m-R-t5,135238,KCg-m,cb_intrinsic,R,1,seed_kc
KCg-m-R-t5,135287,PAM05,cb_intrinsic,L,0,auxiliary_partner
KCg-m-R-t5,135290,PAM15,cb_intrinsic,R,0,auxiliary_partner
KCg-m-R-t5,135362,KCg-m,cb_intrinsic,R,1,seed_kc
KCg-m-R-t5,135578,PAM08,cb_intrinsic,L,0,auxiliary_partner
KCg-m-R-t5,135739,KCg-m,cb_intrinsic,R,1,seed_kc
KCg-m-R-t5,136024,PAM06,cb_intrinsic,L,0,auxiliary_partner
KCg-m-R-t5,136144,PAM08,cb_intrinsic,R,0,auxiliary_partner
KCg-m-R-t5,136208,KCg-m,cb_intrinsic,R,1,seed_kc
KCg-m-R-t5,136215,PAM06,cb_intrinsic,L,0,auxiliary_partner
KCg-m-R-t5,136240,KCg-m,cb_intrinsic,R,1,seed_kc
KCg-m-R-t5,136310,KCg-m,cb_intrinsic,R,1,seed_kc
KCg-m-R-t5,136459,KCg-m,cb_intrinsic,R,1,seed_kc
KCg-m-R-t5,136531,KCg-m,cb_intrinsic,R,1,seed_kc
KCg-m-R-t5,136570,KCg-m,cb_intrinsic,R,1,seed_kc
KCg-m-R-t5,137321,PAM04,cb_intrinsic,L,0,auxiliary_partner
KCg-m-R-t5,137373,PAM06,cb_intrinsic,L,0,auxiliary_partner
KCg-m-R-t5,137539,PAM11,cb_intrinsic,R,0,auxiliary_partner
KCg-m-R-t5,137595,PAM07,cb_intrinsic,R,0,auxiliary_partner
KCg-m-R-t5,138335,KCg-m,cb_intrinsic,R,1,seed_kc
KCg-m-R-t5,138352,KCg-m,cb_intrinsic,R,1,seed_kc
KCg-m-R-t5,138353,KCg-m,cb_intrinsic,R,1,seed_kc
KCg-m-R-t5,138408,KCg-m,cb_intrinsic,R,1,seed_kc
KCg-m-R-t5,138573,KCg-m,cb_intrinsic,R,1,seed_kc
KCg-m-R-t5,138585,PAM12,cb_intrinsic,L,0,auxiliary_partner
KCg-m-R-t5,138629,PAM01,cb_intrinsic,L,0,auxiliary_partner
KCg-m-R-t5,138822,PAM11,cb_intrinsic,L,0,auxiliary_partner
KCg-m-R-t5,139008,KCg-m,cb_intrinsic,R,1,seed_kc
KCg-m-R-t5,139053,KCg-m,cb_intrinsic,R,1,seed_kc
KCg-m-R-t5,139182,KCg-m,cb_intrinsic,R,1,seed_kc
KCg-m-R-t5,139280,PAM12,cb_intrinsic,R,0,auxiliary_partner
KCg-m-R-t5,139378,PAM12,cb_intrinsic,R,0,auxiliary_partner
KCg-m-R-t5,139510,KCg-m,cb_intrinsic,R,1,seed_kc
KCg-m-R-t5,139642,KCg-m,cb_intrinsic,R,1,seed_kc
KCg-m-R-t5,139706,PAM11,cb_intrinsic,R,0,auxiliary_partner
KCg-m-R-t5,139742,KCg-m,cb_intrinsic,R,1,seed_kc
KCg-m-R-t5,139952,KCg-m,cb_intrinsic,R,1,seed_kc
KCg-m-R-t5,140182,KCg-m,cb_intrinsic,R,1,seed_kc
KCg-m-R-t5,140271,PAM06,cb_intrinsic,R,0,auxiliary_partner
KCg-m-R-t5,140589,KCg-m,cb_intrinsic,R,1,seed_kc
KCg-m-R-t5,140636,KCg-m,cb_intrinsic,R,1,seed_kc
KCg-m-R-t5,141246,PAM02,cb_intrinsic,L,0,auxiliary_partner
KCg-m-R-t5,141510,PAM15,cb_intrinsic,R,0,auxiliary_partner
KCg-m-R-t5,141615,PAM01,cb_intrinsic,R,0,auxiliary_partner
KCg-m-R-t5,142189,KCg-m,cb_intrinsic,R,1,seed_kc
KCg-m-R-t5,142238,PAM02,cb_intrinsic,R,0,auxiliary_partner
KCg-m-R-t5,142528,PAM09,cb_intrinsic,R,0,auxiliary_partner
KCg-m-R-t5,142538,PAM08,cb_intrinsic,R,0,auxiliary_partner
KCg-m-R-t5,142660,PAM13,cb_intrinsic,R,0,auxiliary_partner
KCg-m-R-t5,142769,KCg-m,cb_intrinsic,R,1,seed_kc
KCg-m-R-t5,142898,PAM06,cb_intrinsic,R,0,auxiliary_partner
KCg-m-R-t5,143120,PAM10,cb_intrinsic,L,0,auxiliary_partner
KCg-m-R-t5,143569,KCg-m,cb_intrinsic,R,1,seed_kc
KCg-m-R-t5,143735,KCg-m,cb_intrinsic,R,1,seed_kc
KCg-m-R-t5,143875,KCg-m,cb_intrinsic,R,1,seed_kc
KCg-m-R-t5,144012,KCg-m,cb_intrinsic,R,1,seed_kc
KCg-m-R-t5,144118,KCg-m,cb_intrinsic,R,1,seed_kc
KCg-m-R-t5,144126,PAM02,cb_intrinsic,R,0,auxiliary_partner
KCg-m-R-t5,144291,KCg-m,cb_intrinsic,R,1,seed_kc
KCg-m-R-t5,144315,PAM01,cb_intrinsic,R,0,auxiliary_partner
KCg-m-R-t5,144464,KCg-m,cb_intrinsic,R,1,seed_kc
KCg-m-R-t5,144625,PAM12,cb_intrinsic,L,0,auxiliary_partner
KCg-m-R-t5,144678,PAM04,cb_intrinsic,R,0,auxiliary_partner
KCg-m-R-t5,145022,PAM02,cb_intrinsic,L,0,auxiliary_partner
KCg-m-R-t5,145094,PAM01,cb_intrinsic,R,0,auxiliary_partner
KCg-m-R-t5,145148,PAM01,cb_intrinsic,L,0,auxiliary_partner
KCg-m-R-t5,145157,KCg-m,cb_intrinsic,R,1,seed_kc
KCg-m-R-t5,145324,PAM02,cb_intrinsic,L,0,auxiliary_partner
KCg-m-R-t5,145352,KCg-m,cb_intrinsic,R,1,seed_kc
KCg-m-R-t5,145371,PAM05,cb_intrinsic,L,0,auxiliary_partner
KCg-m-R-t5,145749,PAM11,cb_intrinsic,L,0,auxiliary_partner
KCg-m-R-t5,146058,PAM08,cb_intrinsic,R,0,auxiliary_partner
KCg-m-R-t5,146122,KCg-m,cb_intrinsic,R,1,seed_kc
KCg-m-R-t5,146418,PAM12,cb_intrinsic,R,0,auxiliary_partner
KCg-m-R-t5,146603,PAM01,cb_intrinsic,R,0,auxiliary_partner
KCg-m-R-t5,146773,PAM04,cb_intrinsic,R,0,auxiliary_partner
KCg-m-R-t5,146774,PAM14,cb_intrinsic,R,0,auxiliary_partner
KCg-m-R-t5,147184,PAM08,cb_intrinsic,L,0,auxiliary_partner
KCg-m-R-t5,147591,PAM06,cb_intrinsic,R,0,auxiliary_partner
KCg-m-R-t5,147857,PAM11,cb_intrinsic,L,0,auxiliary_partner
KCg-m-R-t5,147885,KCg-m,cb_intrinsic,R,1,seed_kc
KCg-m-R-t5,148328,PAM02,cb_intrinsic,L,0,auxiliary_partner
KCg-m-R-t5,148419,KCg-m,cb_intrinsic,R,1,seed_kc
KCg-m-R-t5,148469,PAM02,cb_intrinsic,L,0,auxiliary_partner
KCg-m-R-t5,148493,KCg-m,cb_intrinsic,R,1,seed_kc
KCg-m-R-t5,148548,KCg-m,cb_intrinsic,R,1,seed_kc
KCg-m-R-t5,148680,KCg-m,cb_intrinsic,R,1,seed_kc
KCg-m-R-t5,148860,KCg-m,cb_intrinsic,R,1,seed_kc
KCg-m-R-t5,149792,KCg-m,cb_intrinsic,R,1,seed_kc
KCg-m-R-t5,150034,PAM09,cb_intrinsic,R,0,auxiliary_partner
KCg-m-R-t5,150177,PAM01,cb_intrinsic,L,0,auxiliary_partner
KCg-m-R-t5,150828,PAM02,cb_intrinsic,L,0,auxiliary_partner
KCg-m-R-t5,150913,KCg-m,cb_intrinsic,R,1,seed_kc
KCg-m-R-t5,150983,PAM14,cb_intrinsic,L,0,auxiliary_partner
KCg-m-R-t5,151013,PAM03,cb_intrinsic,L,0,auxiliary_partner
KCg-m-R-t5,151133,PAM06,cb_intrinsic,L,0,auxiliary_partner
KCg-m-R-t5,151134,KCg-m,cb_intrinsic,R,1,seed_kc
KCg-m-R-t5,151993,PAM05,cb_intrinsic,R,0,auxiliary_partner
KCg-m-R-t5,152019,PAM08,cb_intrinsic,R,0,auxiliary_partner
KCg-m-R-t5,152044,PAM08,cb_intrinsic,R,0,auxiliary_partner
KCg-m-R-t5,152056,PAM06,cb_intrinsic,L,0,auxiliary_partner
KCg-m-R-t5,152291,PAM14,cb_intrinsic,L,0,auxiliary_partner
KCg-m-R-t5,152326,PAM13,cb_intrinsic,L,0,auxiliary_partner
KCg-m-R-t5,152385,PAM08,cb_intrinsic,R,0,auxiliary_partner
KCg-m-R-t5,152391,KCg-m,cb_intrinsic,R,1,seed_kc
KCg-m-R-t5,152428,PAM12,cb_intrinsic,L,0,auxiliary_partner
KCg-m-R-t5,152997,PAM05,cb_intrinsic,L,0,auxiliary_partner
KCg-m-R-t5,153035,PAM04,cb_intrinsic,L,0,auxiliary_partner
KCg-m-R-t5,153391,KCg-m,cb_intrinsic,R,1,seed_kc
KCg-m-R-t5,153771,PAM07,cb_intrinsic,L,0,auxiliary_partner
KCg-m-R-t5,153931,PAM01,cb_intrinsic,L,0,auxiliary_partner
KCg-m-R-t5,154230,PAM05,cb_intrinsic,R,0,auxiliary_partner
KCg-m-R-t5,154387,PAM14,cb_intrinsic,L,0,auxiliary_partner
KCg-m-R-t5,154433,KCg-m,cb_intrinsic,R,1,seed_kc
KCg-m-R-t5,155329,PAM02,cb_intrinsic,R,0,auxiliary_partner
KCg-m-R-t5,155916,PAM01,cb_intrinsic,L,0,auxiliary_partner
KCg-m-R-t5,156028,PAM01,cb_intrinsic,R,0,auxiliary_partner
KCg-m-R-t5,156046,PAM01,cb_intrinsic,L,0,auxiliary_partner
KCg-m-R-t5,157016,PAM11,cb_intrinsic,L,0,auxiliary_partner
KCg-m-R-t5,157134,PAM08,cb_intrinsic,R,0,auxiliary_partner
KCg-m-R-t5,157257,PAM12,cb_intrinsic,L,0,auxiliary_partner
KCg-m-R-t5,157370,PAM13,cb_intrinsic,R,0,auxiliary_partner
KCg-m-R-t5,157683,PAM04,cb_intrinsic,R,0,auxiliary_partner
KCg-m-R-t5,157767,PAM05,cb_intrinsic,R,0,auxiliary_partner
KCg-m-R-t5,157816,PAM04,cb_intrinsic,L,0,auxiliary_partner
KCg-m-R-t5,157864,KCg-m,cb_intrinsic,R,1,seed_kc
KCg-m-R-t5,158196,PAM04,cb_intrinsic,L,0,auxiliary_partner
KCg-m-R-t5,158372,PAM08,cb_intrinsic,L,0,auxiliary_partner
KCg-m-R-t5,158651,PAM06,cb_intrinsic,L,0,auxiliary_partner
KCg-m-R-t5,158917,PAM12,cb_intrinsic,R,0,auxiliary_partner
KCg-m-R-t5,159062,PAM01,cb_intrinsic,L,0,auxiliary_partner
KCg-m-R-t5,159158,PAM01,cb_intrinsic,L,0,auxiliary_partner
KCg-m-R-t5,159831,PAM14,cb_intrinsic,L,0,auxiliary_partner
KCg-m-R-t5,160277,PAM06,cb_intrinsic,R,0,auxiliary_partner
KCg-m-R-t5,160320,MBON25-like,cb_intrinsic,L,-1,output_mbon
KCg-m-R-t5,160878,KCg-m,cb_intrinsic,R,1,seed_kc
KCg-m-R-t5,161079,PAM15,cb_intrinsic,L,0,auxiliary_partner
KCg-m-R-t5,161153,PAM08,cb_intrinsic,L,0,auxiliary_partner
KCg-m-R-t5,161596,PAM14,cb_intrinsic,R,0,auxiliary_partner
KCg-m-R-t5,162050,PAM08,cb_intrinsic,L,0,auxiliary_partner
KCg-m-R-t5,162116,PAM13,cb_intrinsic,L,0,auxiliary_partner
KCg-m-R-t5,162631,PAM13,cb_intrinsic,R,0,auxiliary_partner
KCg-m-R-t5,163194,PAM06,cb_intrinsic,R,0,auxiliary_partner
KCg-m-R-t5,163516,KCg-m,cb_intrinsic,R,1,seed_kc
KCg-m-R-t5,163883,PAM03,cb_intrinsic,L,0,auxiliary_partner
KCg-m-R-t5,163951,PAM06,cb_intrinsic,R,0,auxiliary_partner
KCg-m-R-t5,163971,KCg-m,cb_intrinsic,R,1,seed_kc
KCg-m-R-t5,164086,PAM01,cb_intrinsic,R,0,auxiliary_partner
KCg-m-R-t5,164103,KCg-m,cb_intrinsic,R,1,seed_kc
KCg-m-R-t5,164279,PAM14,cb_intrinsic,R,0,auxiliary_partner
KCg-m-R-t5,164601,PAM14,cb_intrinsic,L,0,auxiliary_partner
KCg-m-R-t5,165036,KCg-m,cb_intrinsic,R,1,seed_kc
KCg-m-R-t5,165187,PAM05,cb_intrinsic,R,0,auxiliary_partner
KCg-m-R-t5,165365,PAM01,cb_intrinsic,L,0,auxiliary_partner
KCg-m-R-t5,167009,PAM01,cb_intrinsic,R,0,auxiliary_partner
KCg-m-R-t5,167073,PAM14,cb_intrinsic,R,0,auxiliary_partner
KCg-m-R-t5,168020,PAM03,cb_intrinsic,L,0,auxiliary_partner
KCg-m-R-t5,168080,PAM03,cb_intrinsic,L,0,auxiliary_partner
KCg-m-R-t5,168306,KCg-m,cb_intrinsic,R,1,seed_kc
KCg-m-R-t5,169027,PAM03,cb_intrinsic,R,0,auxiliary_partner
KCg-m-R-t5,169278,PAM01,cb_intrinsic,L,0,auxiliary_partner
KCg-m-R-t5,169674,PAM04,cb_intrinsic,L,0,auxiliary_partner
KCg-m-R-t5,170450,PAM10,cb_intrinsic,L,0,auxiliary_partner
KCg-m-R-t5,170467,PAM03,cb_intrinsic,R,0,auxiliary_partner
KCg-m-R-t5,171163,KCg-m,cb_intrinsic,R,1,seed_kc
KCg-m-R-t5,171959,PAM02,cb_intrinsic,R,0,auxiliary_partner
KCg-m-R-t5,172084,KCg-m,cb_intrinsic,R,1,seed_kc
KCg-m-R-t5,173322,KCg-m,cb_intrinsic,R,1,seed_kc
KCg-m-R-t5,174255,PAM14,cb_intrinsic,L,0,auxiliary_partner
KCg-m-R-t5,174384,PAM03,cb_intrinsic,R,0,auxiliary_partner
KCg-m-R-t5,174672,PAM08,cb_intrinsic,L,0,auxiliary_partner
KCg-m-R-t5,174862,PAM08,cb_intrinsic,R,0,auxiliary_partner
KCg-m-R-t5,175232,PAM13,cb_intrinsic,L,0,auxiliary_partner
KCg-m-R-t5,175459,PAM08,cb_intrinsic,L,0,auxiliary_partner
KCg-m-R-t5,175964,PAM08,cb_intrinsic,R,0,auxiliary_partner
KCg-m-R-t5,176429,PAM04,cb_intrinsic,L,0,auxiliary_partner
KCg-m-R-t5,176460,PAM15,cb_intrinsic,R,0,auxiliary_partner
KCg-m-R-t5,176770,KCg-m,cb_intrinsic,R,1,seed_kc
KCg-m-R-t5,177202,PAM03,cb_intrinsic,L,0,auxiliary_partner
KCg-m-R-t5,177603,PAM04,cb_intrinsic,L,0,auxiliary_partner
KCg-m-R-t5,177800,PAM04,cb_intrinsic,L,0,auxiliary_partner
KCg-m-R-t5,178101,PAM08,cb_intrinsic,L,0,auxiliary_partner
KCg-m-R-t5,178487,PAM08,cb_intrinsic,R,0,auxiliary_partner
KCg-m-R-t5,178539,PAM04,cb_intrinsic,R,0,auxiliary_partner
KCg-m-R-t5,178945,PAM10,cb_intrinsic,R,0,auxiliary_partner
KCg-m-R-t5,180403,PAM09,cb_intrinsic,R,0,auxiliary_partner
KCg-m-R-t5,180588,KCg-m,cb_intrinsic,R,1,seed_kc
KCg-m-R-t5,180812,KCg-m,cb_intrinsic,R,1,seed_kc
KCg-m-R-t5,180905,KCg-m,cb_intrinsic,R,1,seed_kc
KCg-m-R-t5,181924,PAM01,cb_intrinsic,L,0,auxiliary_partner
KCg-m-R-t5,183567,PAM13,cb_intrinsic,L,0,auxiliary_partner
KCg-m-R-t5,184778,PAM08,cb_intrinsic,R,0,auxiliary_partner
KCg-m-R-t5,185518,PAM01,cb_intrinsic,L,0,auxiliary_partner
KCg-m-R-t5,186566,PAM04,cb_intrinsic,R,0,auxiliary_partner
KCg-m-R-t5,189047,KCg-m,cb_intrinsic,R,1,seed_kc
KCg-m-R-t5,190296,PAM02,cb_intrinsic,R,0,auxiliary_partner
KCg-m-R-t5,190635,PAM05,cb_intrinsic,R,0,auxiliary_partner
KCg-m-R-t5,192245,PAM05,cb_intrinsic,R,0,auxiliary_partner
KCg-m-R-t5,194483,KCg-m,cb_intrinsic,R,1,seed_kc
KCg-m-R-t5,195279,KCg-m,cb_intrinsic,R,1,seed_kc
KCg-m-R-t5,196030,PAM06,cb_intrinsic,L,0,auxiliary_partner
KCg-m-R-t5,196622,PAM12,cb_intrinsic,R,0,auxiliary_partner
KCg-m-R-t5,196985,PAM05,cb_intrinsic,R,0,auxiliary_partner
KCg-m-R-t5,197691,PAM01,cb_intrinsic,L,0,auxiliary_partner
KCg-m-R-t5,197920,PAM08,cb_intrinsic,R,0,auxiliary_partner
KCg-m-R-t5,198507,PAM13,cb_intrinsic,L,0,auxiliary_partner
KCg-m-R-t5,198758,PAM01,cb_intrinsic,L,0,auxiliary_partner
KCg-m-R-t5,200482,KCg-m,cb_intrinsic,R,1,seed_kc
KCg-m-R-t5,200973,PAM10,cb_intrinsic,R,0,auxiliary_partner
KCg-m-R-t5,202330,PAM13,cb_intrinsic,R,0,auxiliary_partner
KCg-m-R-t5,203682,PAM14,cb_intrinsic,R,0,auxiliary_partner
KCg-m-R-t5,203885,PAM13,cb_intrinsic,R,0,auxiliary_partner
KCg-m-R-t5,204930,PAM11,cb_intrinsic,L,0,auxiliary_partner
KCg-m-R-t5,205884,PAM01,cb_intrinsic,R,0,auxiliary_partner
KCg-m-R-t5,205908,KCg-m,cb_intrinsic,R,1,seed_kc
KCg-m-R-t5,206851,PAM12,cb_intrinsic,R,0,auxiliary_partner
KCg-m-R-t5,207122,PAM13,cb_intrinsic,L,0,auxiliary_partner
KCg-m-R-t5,207463,PAM06,cb_intrinsic,R,0,auxiliary_partner
KCg-m-R-t5,209656,PAM13,cb_intrinsic,L,0,auxiliary_partner
KCg-m-R-t5,212085,PAM01,cb_intrinsic,R,0,auxiliary_partner
KCg-m-R-t5,212154,KCg-m,cb_intrinsic,R,1,seed_kc
KCg-m-R-t5,212160,PAM08,cb_intrinsic,R,0,auxiliary_partner
KCg-m-R-t5,212684,PAM14,cb_intrinsic,L,0,auxiliary_partner
KCg-m-R-t5,212767,KCg-m,cb_intrinsic,R,1,seed_kc
KCg-m-R-t5,213743,PAM05,cb_intrinsic,R,0,auxiliary_partner
KCg-m-R-t5,215931,PAM11,cb_intrinsic,R,0,auxiliary_partner
KCg-m-R-t5,215940,PAM13,cb_intrinsic,L,0,auxiliary_partner
KCg-m-R-t5,217007,PAM06,cb_intrinsic,R,0,auxiliary_partner
KCg-m-R-t5,217737,PAM14,cb_intrinsic,L,0,auxiliary_partner
KCg-m-R-t5,218518,PAM13,cb_intrinsic,R,0,auxiliary_partner
KCg-m-R-t5,218583,PAM04,cb_intrinsic,R,0,auxiliary_partner
KCg-m-R-t5,218942,KCg-m,cb_intrinsic,R,1,seed_kc
KCg-m-R-t5,221876,KCg-m,cb_intrinsic,R,1,seed_kc
KCg-m-R-t5,224160,PAM14,cb_intrinsic,R,0,auxiliary_partner
KCg-m-R-t5,224205,PAM09,cb_intrinsic,R,0,auxiliary_partner
KCg-m-R-t5,224500,PAM11,cb_intrinsic,R,0,auxiliary_partner
KCg-m-R-t5,226452,PAM05,cb_intrinsic,R,0,auxiliary_partner
KCg-m-R-t5,226708,PAM08,cb_intrinsic,R,0,auxiliary_partner
KCg-m-R-t5,230802,PAM05,cb_intrinsic,L,0,auxiliary_partner
KCg-m-R-t5,231413,PAM14,cb_intrinsic,L,0,auxiliary_partner
KCg-m-R-t5,238644,PAM11,cb_intrinsic,R,0,auxiliary_partner
KCg-m-R-t5,242429,PAM08,cb_intrinsic,R,0,auxiliary_partner
KCg-m-R-t5,243477,PAM13,cb_intrinsic,R,0,auxiliary_partner
KCg-m-R-t5,243735,KCg-m,cb_intrinsic,R,1,seed_kc
KCg-m-R-t5,252045,PAM01,cb_intrinsic,R,0,auxiliary_partner
KCg-m-R-t5,257650,PAM02,cb_intrinsic,R,0,auxiliary_partner
KCg-m-R-t5,259089,PAM02,cb_intrinsic,R,0,auxiliary_partner
KCg-m-R-t5,259486,PAM04,cb_intrinsic,R,0,auxiliary_partner
KCg-m-R-t5,273182,PAM11,cb_intrinsic,L,0,auxiliary_partner
KCg-m-R-t5,291665,PAM02,cb_intrinsic,R,0,auxiliary_partner
KCg-m-R-t5,292203,PAM04,cb_intrinsic,L,0,auxiliary_partner
KCg-m-R-t5,297139,PAM04,cb_intrinsic,R,0,auxiliary_partner
KCg-m-R-t5,319321,PAM11,cb_intrinsic,R,0,auxiliary_partner
KCg-m-R-t5,325731,PAM01,cb_intrinsic,R,0,auxiliary_partner
KCg-m-R-t5,336850,PAM03,cb_intrinsic,L,0,auxiliary_partner
KCg-m-R-t5,341512,PAM04,cb_intrinsic,L,0,auxiliary_partner
KCg-m-R-t5,506819,PAM01,cb_intrinsic,R,0,auxiliary_partner
KCg-m-R-t5,508595,MBON35,cb_intrinsic,R,1,output_mbon
KCg-m-R-t5,511807,VM7d_adPN,cb_intrinsic,R,1,input_partner
KCg-m-R-t5,512326,PPL105,cb_intrinsic,L,0,auxiliary_partner
KCg-m-R-t5,512883,DL2d_adPN,cb_intrinsic,R,1,input_partner
KCg-m-R-t5,513513,VC3_adPN,cb_intrinsic,R,1,input_partner
KCg-m-R-t5,513601,LHCENT4,cb_intrinsic,R,-1,input_partner
KCg-m-R-t5,515015,MBON30,cb_intrinsic,R,-1,output_mbon
KCg-m-R-t5,515034,MBON27,cb_intrinsic,R,1,output_mbon
KCg-m-R-t5,515048,PPL104,cb_intrinsic,L,0,auxiliary_partner
KCg-m-R-t5,515549,DA3_adPN,cb_intrinsic,R,1,input_partner
KCg-m-R-t5,516044,PAM04,cb_intrinsic,R,0,auxiliary_partner
KCg-m-R-t5,516162,VC4_adPN,cb_intrinsic,R,1,input_partner
KCg-m-R-t5,516433,VP5+Z_adPN,cb_intrinsic,R,1,input_partner
KCg-m-R-t5,518072,PAM09,cb_intrinsic,L,0,auxiliary_partner
KCg-m-R-t5,518137,PAM06,cb_intrinsic,L,0,auxiliary_partner
KCg-m-R-t5,518294,VA5_lPN,cb_intrinsic,R,1,input_partner
KCg-m-R-t5,518555,KCg-m,cb_intrinsic,R,1,seed_kc
KCg-m-R-t5,519131,MBON32,cb_intrinsic,R,-1,output_mbon
KCg-m-R-t5,519368,MBON12,cb_intrinsic,R,1,output_mbon
KCg-m-R-t5,519371,MBON05,cb_intrinsic,L,-1,output_mbon
KCg-m-R-t5,519572,DM6_adPN,cb_intrinsic,R,1,input_partner
KCg-m-R-t5,519616,PPL107,cb_intrinsic,L,0,auxiliary_partner
KCg-m-R-t5,519619,MBON29,cb_intrinsic,L,1,output_mbon
KCg-m-R-t5,519850,DA4m_adPN,cb_intrinsic,R,1,input_partner
KCg-m-R-t5,519854,KCg-m,cb_intrinsic,R,1,seed_kc
KCg-m-R-t5,519857,KCg-m,cb_intrinsic,R,1,seed_kc
KCg-m-R-t5,519970,VA3_adPN,cb_intrinsic,R,1,input_partner
KCg-m-R-t5,520003,DL1_adPN,cb_intrinsic,R,1,input_partner
KCg-m-R-t5,520384,PAM12,cb_intrinsic,R,0,auxiliary_partner
KCg-m-R-t5,520403,PAM10,cb_intrinsic,L,0,auxiliary_partner
KCg-m-R-t5,520466,DM2_lPN,cb_intrinsic,R,1,input_partner
KCg-m-R-t5,520475,DM5_lPN,cb_intrinsic,R,1,input_partner
KCg-m-R-t5,520616,PAM11,cb_intrinsic,L,0,auxiliary_partner
KCg-m-R-t5,520916,VM6_adPN,cb_intrinsic,R,1,input_partner
KCg-m-R-t5,521086,MBON12,cb_intrinsic,R,1,output_mbon
KCg-m-R-t5,521384,KCg-m,cb_intrinsic,R,1,seed_kc
KCg-m-R-t5,521437,VA3_adPN,cb_intrinsic,R,1,input_partner
KCg-m-R-t5,521575,DL2v_adPN,cb_intrinsic,R,1,input_partner
KCg-m-R-t5,522377,DA3_adPN,cb_intrinsic,R,1,input_partner
KCg-m-R-t5,523043,MBON33,cb_intrinsic,R,1,output_mbon
KCg-m-R-t5,523057,KCg-m,cb_intrinsic,R,1,seed_kc
KCg-m-R-t5,523060,MBON09,cb_intrinsic,R,-1,output_mbon
KCg-m-R-t5,523351,DL2d_adPN,cb_intrinsic,R,1,input_partner
KCg-m-R-t5,523358,KCg-m,cb_intrinsic,R,1,seed_kc
KCg-m-R-t5,523382,PAM08,cb_intrinsic,L,0,auxiliary_partner
KCg-m-R-t5,523553,PAM05,cb_intrinsic,L,0,auxiliary_partner
KCg-m-R-t5,523628,MBON21,cb_intrinsic,R,1,output_mbon
KCg-m-R-t5,523630,KCg-m,cb_intrinsic,R,1,seed_kc
KCg-m-R-t5,523638,PAM01,cb_intrinsic,R,0,auxiliary_partner
KCg-m-R-t5,523791,PAM04,cb_intrinsic,R,0,auxiliary_partner
KCg-m-R-t5,523942,PAM08,cb_intrinsic,R,0,auxiliary_partner
KCg-m-R-t5,523987,MBON29,cb_intrinsic,R,1,output_mbon
KCg-m-R-t5,524069,PAM08,cb_intrinsic,R,0,auxiliary_partner
KCg-m-R-t5,524152,WED182,cb_intrinsic,R,1,input_partner
KCg-m-R-t5,524207,VA7m_lPN,cb_intrinsic,R,1,input_partner
KCg-m-R-t5,524809,KCg-m,cb_intrinsic,R,1,seed_kc
KCg-m-R-t5,524851,KCg-m,cb_intrinsic,R,1,seed_kc
KCg-m-R-t5,525065,VP4_vPN,cb_intrinsic,R,-1,input_partner
KCg-m-R-t5,525105,DL5_adPN,cb_intrinsic,R,1,input_partner
KCg-m-R-t5,525305,KCg-m,cb_intrinsic,R,1,seed_kc
KCg-m-R-t5,525787,PAM05,cb_intrinsic,L,0,auxiliary_partner
KCg-m-R-t5,526670,KCg-m,cb_intrinsic,R,1,seed_kc
KCg-m-R-t5,527209,KCg-m,cb_intrinsic,R,1,seed_kc
KCg-m-R-t5,527211,KCg-m,cb_intrinsic,R,1,seed_kc
KCg-m-R-t5,527523,VM7d_adPN,cb_intrinsic,R,1,input_partner
KCg-m-R-t5,527524,VM5d_adPN,cb_intrinsic,R,1,input_partner
KCg-m-R-t5,527577,VA6_adPN,cb_intrinsic,R,1,input_partner
KCg-m-R-t5,528100,PAM09,cb_intrinsic,L,0,auxiliary_partner
KCg-m-R-t5,529512,PPL106,cb_intrinsic,R,0,auxiliary_partner
KCg-m-R-t5,529516,PPL106,cb_intrinsic,L,0,auxiliary_partner
KCg-m-R-t5,530875,MBON04,cb_intrinsic,L,-1,output_mbon
KCg-m-R-t5,532544,KCg-m,cb_intrinsic,R,1,seed_kc
KCg-m-R-t5,532715,PAM05,cb_intrinsic,L,0,auxiliary_partner
KCg-m-R-t5,533201,KCg-m,cb_intrinsic,R,1,seed_kc
KCg-m-R-t5,533294,PAM01,cb_intrinsic,L,0,auxiliary_partner
KCg-m-R-t5,533346,KCg-m,cb_intrinsic,R,1,seed_kc
KCg-m-R-t5,533371,KCg-m,cb_intrinsic,R,1,seed_kc
KCg-m-R-t5,533585,KCg-m,cb_intrinsic,R,1,seed_kc
KCg-m-R-t5,534428,KCg-m,cb_intrinsic,R,1,seed_kc
KCg-m-R-t5,535357,KCg-m,cb_intrinsic,R,1,seed_kc
KCg-m-R-t5,536292,KCg-m,cb_intrinsic,R,1,seed_kc
KCg-m-R-t5,537082,KCg-m,cb_intrinsic,R,1,seed_kc
KCg-m-R-t5,537652,KCg-m,cb_intrinsic,R,1,seed_kc
KCg-m-R-t5,537759,KCg-m,cb_intrinsic,R,1,seed_kc
KCg-m-R-t5,539249,KCg-m,cb_intrinsic,R,1,seed_kc
KCg-m-R-t5,541683,KCg-m,cb_intrinsic,R,1,seed_kc
KCg-m-R-t5,541716,KCg-m,cb_intrinsic,R,1,seed_kc
KCg-m-R-t5,543605,KCg-m,cb_intrinsic,R,1,seed_kc
KCg-m-R-t5,543677,PAM01,cb_intrinsic,R,0,auxiliary_partner
KCg-m-R-t5,543682,KCg-m,cb_intrinsic,R,1,seed_kc
KCg-m-R-t5,543948,KCg-m,cb_intrinsic,R,1,seed_kc
KCg-m-R-t5,544257,PAM10,cb_intrinsic,R,0,auxiliary_partner
KCg-m-R-t5,544359,PAM10,cb_intrinsic,R,0,auxiliary_partner
KCg-m-R-t5,544736,KCg-m,cb_intrinsic,R,1,seed_kc
KCg-m-R-t5,544770,PAM04,cb_intrinsic,R,0,auxiliary_partner
KCg-m-R-t5,547260,PAM10,cb_intrinsic,R,0,auxiliary_partner
KCg-m-R-t5,547275,KCg-m,cb_intrinsic,R,1,seed_kc
KCg-m-R-t5,547276,KCg-m,cb_intrinsic,R,1,seed_kc
KCg-m-R-t5,550868,KCg-m,cb_intrinsic,R,1,seed_kc
KCg-m-R-t5,552362,PAM12,cb_intrinsic,R,0,auxiliary_partner
KCg-m-R-t5,552693,KCg-m,cb_intrinsic,R,1,seed_kc
KCg-m-R-t5,552867,KCg-m,cb_intrinsic,R,1,seed_kc
KCg-m-R-t5,553201,PAM09,cb_intrinsic,R,0,auxiliary_partner
KCg-m-R-t5,566092,KCg-m,cb_intrinsic,R,1,seed_kc
KCg-m-R-t5,566095,KCg-m,cb_intrinsic,R,1,seed_kc
KCg-m-R-t5,566096,KCg-m,cb_intrinsic,R,1,seed_kc
KCg-m-R-t5,569213,KCg-m,cb_intrinsic,R,1,seed_kc
KCg-m-R-t5,569775,KCg-m,cb_intrinsic,R,1,seed_kc
KCg-m-R-t5,577933,PAM06,cb_intrinsic,L,0,auxiliary_partner
KCg-m-R-t5,579717,KCg-m,cb_intrinsic,R,1,seed_kc
KCg-m-R-t5,580579,PAM03,cb_intrinsic,R,0,auxiliary_partner
KCg-m-R-t5,583848,KCg-m,cb_intrinsic,R,1,seed_kc
KCg-m-R-t5,583883,KCg-m,cb_intrinsic,R,1,seed_kc
KCg-m-R-t5,591438,KCg-m,cb_intrinsic,R,1,seed_kc
KCg-m-R-t5,920537,PAM09,cb_intrinsic,L,0,auxiliary_partner
KCg-m-R-t5,933708,PAM14,cb_intrinsic,R,0,auxiliary_partner
