model_index,source_x,source_y,source_z,source_sign
0.000000000000000000e+00,6.167100000000000000e+04,2.236400000000000000e+04,1.289500000000000000e+04,1.000000000000000000e+00
1.000000000000000000e+00,3.463600000000000000e+04,2.451200000000000000e+04,1.309000000000000000e+04,1.000000000000000000e+00
2.000000000000000000e+00,3.653200000000000000e+04,2.352800000000000000e+04,1.278800000000000000e+04,0.000000000000000000e+00
3.000000000000000000e+00,7.023300000000000000e+04,1.685000000000000000e+04,3.151400000000000000e+04,-1.000000000000000000e+00
4.000000000000000000e+00,2.917800000000000000e+04,2.039400000000000000e+04,3.556600000000000000e+04,-1.000000000000000000e+00
5.000000000000000000e+00,3.229200000000000000e+04,1.673500000000000000e+04,3.491300000000000000e+04,1.000000000000000000e+00
6.000000000000000000e+00,6.184200000000000000e+04,1.409100000000000000e+04,3.519600000000000000e+04,1.000000000000000000e+00
7.000000000000000000e+00,5.794200000000000000e+04,3.181400000000000000e+04,1.357000000000000000e+04,1.000000000000000000e+00
8.000000000000000000e+00,4.010500000000000000e+04,3.558800000000000000e+04,1.286800000000000000e+04,1.000000000000000000e+00
9.000000000000000000e+00,6.458000000000000000e+04,3.700400000000000000e+04,2.340200000000000000e+04,-1.000000000000000000e+00
1.000000000000000000e+01,3.024600000000000000e+04,2.028200000000000000e+04,1.925600000000000000e+04,-1.000000000000000000e+00
1.100000000000000000e+01,3.875500000000000000e+04,1.009800000000000000e+04,1.780500000000000000e+04,1.000000000000000000e+00
1.200000000000000000e+01,5.206600000000000000e+04,9.026000000000000000e+03,1.604300000000000000e+04,1.000000000000000000e+00
1.300000000000000000e+01,4.119000000000000000e+04,1.849100000000000000e+04,1.288500000000000000e+04,-1.000000000000000000e+00
1.400000000000000000e+01,5.450000000000000000e+04,8.886000000000000000e+03,1.711600000000000000e+04,-1.000000000000000000e+00
1.500000000000000000e+01,2.496800000000000000e+04,2.142600000000000000e+04,2.262400000000000000e+04,1.000000000000000000e+00
1.600000000000000000e+01,7.154800000000000000e+04,1.950300000000000000e+04,2.226600000000000000e+04,1.000000000000000000e+00
1.700000000000000000e+01,3.264700000000000000e+04,2.190000000000000000e+04,1.717500000000000000e+04,-1.000000000000000000e+00
1.800000000000000000e+01,6.210200000000000000e+04,2.180700000000000000e+04,1.547500000000000000e+04,-1.000000000000000000e+00
1.900000000000000000e+01,6.067400000000000000e+04,2.356200000000000000e+04,1.665600000000000000e+04,-1.000000000000000000e+00
2.000000000000000000e+01,3.337600000000000000e+04,2.303300000000000000e+04,1.571600000000000000e+04,-1.000000000000000000e+00
2.100000000000000000e+01,6.428700000000000000e+04,2.119300000000000000e+04,1.445400000000000000e+04,-1.000000000000000000e+00
2.200000000000000000e+01,3.198900000000000000e+04,2.293200000000000000e+04,1.551900000000000000e+04,-1.000000000000000000e+00
2.300000000000000000e+01,6.366600000000000000e+04,2.190300000000000000e+04,1.354100000000000000e+04,-1.000000000000000000e+00
2.400000000000000000e+01,3.219600000000000000e+04,2.334400000000000000e+04,1.486500000000000000e+04,-1.000000000000000000e+00
2.500000000000000000e+01,5.749600000000000000e+04,3.602800000000000000e+04,1.906800000000000000e+04,-1.000000000000000000e+00
2.600000000000000000e+01,3.914700000000000000e+04,3.844400000000000000e+04,2.003400000000000000e+04,-1.000000000000000000e+00
2.700000000000000000e+01,2.399900000000000000e+04,2.316100000000000000e+04,2.669800000000000000e+04,-1.000000000000000000e+00
2.800000000000000000e+01,7.189200000000000000e+04,1.994700000000000000e+04,2.366600000000000000e+04,-1.000000000000000000e+00
2.900000000000000000e+01,7.379500000000000000e+04,1.578500000000000000e+04,2.260400000000000000e+04,-1.000000000000000000e+00
3.000000000000000000e+01,2.517500000000000000e+04,1.846800000000000000e+04,2.780000000000000000e+04,-1.000000000000000000e+00
3.100000000000000000e+01,2.508600000000000000e+04,1.528000000000000000e+04,2.476000000000000000e+04,-1.000000000000000000e+00
3.200000000000000000e+01,7.159200000000000000e+04,1.035600000000000000e+04,2.635600000000000000e+04,-1.000000000000000000e+00
3.300000000000000000e+01,2.445800000000000000e+04,1.636200000000000000e+04,2.612900000000000000e+04,-1.000000000000000000e+00
3.400000000000000000e+01,7.226300000000000000e+04,1.194300000000000000e+04,2.591600000000000000e+04,-1.000000000000000000e+00
3.500000000000000000e+01,2.337700000000000000e+04,1.371600000000000000e+04,2.460400000000000000e+04,-1.000000000000000000e+00
3.600000000000000000e+01,7.401500000000000000e+04,1.177400000000000000e+04,2.389000000000000000e+04,-1.000000000000000000e+00
3.700000000000000000e+01,2.509400000000000000e+04,1.598200000000000000e+04,2.498400000000000000e+04,1.000000000000000000e+00
3.800000000000000000e+01,7.032000000000000000e+04,1.340400000000000000e+04,2.253800000000000000e+04,1.000000000000000000e+00
3.900000000000000000e+01,2.453000000000000000e+04,1.450600000000000000e+04,2.715400000000000000e+04,1.000000000000000000e+00
4.000000000000000000e+01,7.098000000000000000e+04,1.097200000000000000e+04,2.533000000000000000e+04,1.000000000000000000e+00
4.100000000000000000e+01,7.108900000000000000e+04,1.186700000000000000e+04,2.392500000000000000e+04,1.000000000000000000e+00
4.200000000000000000e+01,2.345300000000000000e+04,1.615900000000000000e+04,2.456000000000000000e+04,1.000000000000000000e+00
4.300000000000000000e+01,2.345800000000000000e+04,1.705400000000000000e+04,2.769400000000000000e+04,-1.000000000000000000e+00
4.400000000000000000e+01,7.354600000000000000e+04,1.401500000000000000e+04,2.503100000000000000e+04,-1.000000000000000000e+00
4.500000000000000000e+01,2.289100000000000000e+04,1.771800000000000000e+04,2.718900000000000000e+04,-1.000000000000000000e+00
4.600000000000000000e+01,2.331600000000000000e+04,1.502500000000000000e+04,2.789200000000000000e+04,-1.000000000000000000e+00
4.700000000000000000e+01,7.482800000000000000e+04,1.479000000000000000e+04,2.276800000000000000e+04,-1.000000000000000000e+00
4.800000000000000000e+01,3.118400000000000000e+04,1.697600000000000000e+04,1.703400000000000000e+04,1.000000000000000000e+00
4.900000000000000000e+01,2.621700000000000000e+04,2.049800000000000000e+04,2.227100000000000000e+04,1.000000000000000000e+00
5.000000000000000000e+01,7.239100000000000000e+04,1.371800000000000000e+04,2.596400000000000000e+04,-1.000000000000000000e+00
5.100000000000000000e+01,2.371900000000000000e+04,1.511100000000000000e+04,2.563800000000000000e+04,-1.000000000000000000e+00
5.200000000000000000e+01,2.323600000000000000e+04,1.469600000000000000e+04,2.665600000000000000e+04,-1.000000000000000000e+00
5.300000000000000000e+01,7.309700000000000000e+04,1.349600000000000000e+04,2.415400000000000000e+04,-1.000000000000000000e+00
5.400000000000000000e+01,7.119100000000000000e+04,1.398900000000000000e+04,2.244000000000000000e+04,-1.000000000000000000e+00
5.500000000000000000e+01,2.458900000000000000e+04,1.564300000000000000e+04,2.584000000000000000e+04,-1.000000000000000000e+00
5.600000000000000000e+01,7.322200000000000000e+04,1.296400000000000000e+04,2.366000000000000000e+04,-1.000000000000000000e+00
5.700000000000000000e+01,2.305300000000000000e+04,1.474000000000000000e+04,2.582100000000000000e+04,-1.000000000000000000e+00
5.800000000000000000e+01,7.193900000000000000e+04,1.358400000000000000e+04,2.378500000000000000e+04,-1.000000000000000000e+00
5.900000000000000000e+01,2.467900000000000000e+04,1.624800000000000000e+04,2.708000000000000000e+04,-1.000000000000000000e+00
6.000000000000000000e+01,2.359200000000000000e+04,1.537600000000000000e+04,2.654200000000000000e+04,-1.000000000000000000e+00
6.100000000000000000e+01,7.302600000000000000e+04,1.236600000000000000e+04,2.524200000000000000e+04,-1.000000000000000000e+00
6.200000000000000000e+01,2.428400000000000000e+04,1.602000000000000000e+04,2.496300000000000000e+04,-1.000000000000000000e+00
6.300000000000000000e+01,7.105100000000000000e+04,1.419700000000000000e+04,2.348300000000000000e+04,-1.000000000000000000e+00
6.400000000000000000e+01,2.269200000000000000e+04,1.504000000000000000e+04,2.398300000000000000e+04,-1.000000000000000000e+00
6.500000000000000000e+01,7.009400000000000000e+04,1.510400000000000000e+04,2.412700000000000000e+04,-1.000000000000000000e+00
6.600000000000000000e+01,2.611100000000000000e+04,1.970600000000000000e+04,2.223600000000000000e+04,-1.000000000000000000e+00
6.700000000000000000e+01,7.202000000000000000e+04,1.335800000000000000e+04,2.267300000000000000e+04,-1.000000000000000000e+00
6.800000000000000000e+01,2.542800000000000000e+04,1.725600000000000000e+04,2.682600000000000000e+04,-1.000000000000000000e+00
6.900000000000000000e+01,7.239200000000000000e+04,1.360400000000000000e+04,2.122600000000000000e+04,-1.000000000000000000e+00
7.000000000000000000e+01,2.290600000000000000e+04,1.471800000000000000e+04,2.491600000000000000e+04,-1.000000000000000000e+00
7.100000000000000000e+01,3.771200000000000000e+04,7.520000000000000000e+03,2.137000000000000000e+04,-1.000000000000000000e+00
7.200000000000000000e+01,6.122800000000000000e+04,1.063000000000000000e+04,1.929000000000000000e+04,-1.000000000000000000e+00
7.300000000000000000e+01,3.244200000000000000e+04,3.458800000000000000e+04,2.011800000000000000e+04,-1.000000000000000000e+00
7.400000000000000000e+01,6.476800000000000000e+04,2.742200000000000000e+04,1.493400000000000000e+04,-1.000000000000000000e+00
7.500000000000000000e+01,2.725400000000000000e+04,3.575000000000000000e+04,2.398900000000000000e+04,1.000000000000000000e+00
7.600000000000000000e+01,2.342900000000000000e+04,2.173800000000000000e+04,2.154000000000000000e+04,1.000000000000000000e+00
7.700000000000000000e+01,2.422100000000000000e+04,2.882700000000000000e+04,2.102500000000000000e+04,1.000000000000000000e+00
7.800000000000000000e+01,7.239500000000000000e+04,2.558000000000000000e+04,1.828400000000000000e+04,1.000000000000000000e+00
7.900000000000000000e+01,2.387900000000000000e+04,2.816600000000000000e+04,2.127600000000000000e+04,1.000000000000000000e+00
8.000000000000000000e+01,7.214200000000000000e+04,2.612700000000000000e+04,1.824600000000000000e+04,1.000000000000000000e+00
8.100000000000000000e+01,2.578800000000000000e+04,2.293000000000000000e+04,1.951800000000000000e+04,1.000000000000000000e+00
8.200000000000000000e+01,7.156600000000000000e+04,1.852000000000000000e+04,1.894800000000000000e+04,1.000000000000000000e+00
8.300000000000000000e+01,7.374400000000000000e+04,2.277900000000000000e+04,1.938300000000000000e+04,1.000000000000000000e+00
8.400000000000000000e+01,2.493400000000000000e+04,2.879600000000000000e+04,2.114800000000000000e+04,1.000000000000000000e+00
8.500000000000000000e+01,7.334200000000000000e+04,2.060800000000000000e+04,2.005800000000000000e+04,1.000000000000000000e+00
8.600000000000000000e+01,2.587200000000000000e+04,2.350200000000000000e+04,1.954800000000000000e+04,1.000000000000000000e+00
8.700000000000000000e+01,2.542600000000000000e+04,2.372800000000000000e+04,1.977600000000000000e+04,1.000000000000000000e+00
8.800000000000000000e+01,2.544200000000000000e+04,2.257100000000000000e+04,2.005600000000000000e+04,1.000000000000000000e+00
8.900000000000000000e+01,2.452600000000000000e+04,2.924200000000000000e+04,2.073000000000000000e+04,1.000000000000000000e+00
9.000000000000000000e+01,6.147000000000000000e+04,2.413000000000000000e+04,1.741500000000000000e+04,-1.000000000000000000e+00
9.100000000000000000e+01,3.470200000000000000e+04,2.499800000000000000e+04,1.701200000000000000e+04,-1.000000000000000000e+00
9.200000000000000000e+01,6.097600000000000000e+04,2.316800000000000000e+04,1.725800000000000000e+04,-1.000000000000000000e+00
9.300000000000000000e+01,3.515600000000000000e+04,2.217700000000000000e+04,1.853800000000000000e+04,-1.000000000000000000e+00
9.400000000000000000e+01,2.733000000000000000e+04,1.981600000000000000e+04,2.198700000000000000e+04,-1.000000000000000000e+00
9.500000000000000000e+01,7.037000000000000000e+04,1.752600000000000000e+04,1.975000000000000000e+04,-1.000000000000000000e+00
9.600000000000000000e+01,6.685600000000000000e+04,2.097000000000000000e+04,1.654000000000000000e+04,1.000000000000000000e+00
9.700000000000000000e+01,2.950400000000000000e+04,2.226000000000000000e+04,1.774700000000000000e+04,1.000000000000000000e+00
9.800000000000000000e+01,6.988800000000000000e+04,1.554900000000000000e+04,1.896100000000000000e+04,-1.000000000000000000e+00
9.900000000000000000e+01,2.616700000000000000e+04,1.897300000000000000e+04,2.034700000000000000e+04,-1.000000000000000000e+00
1.000000000000000000e+02,7.271400000000000000e+04,2.081400000000000000e+04,2.359400000000000000e+04,-1.000000000000000000e+00
1.010000000000000000e+02,2.404300000000000000e+04,2.266700000000000000e+04,2.392000000000000000e+04,-1.000000000000000000e+00
1.020000000000000000e+02,2.363500000000000000e+04,2.410900000000000000e+04,2.363900000000000000e+04,-1.000000000000000000e+00
1.030000000000000000e+02,3.281000000000000000e+04,3.403900000000000000e+04,1.893700000000000000e+04,-1.000000000000000000e+00
1.040000000000000000e+02,6.488700000000000000e+04,2.831800000000000000e+04,1.581100000000000000e+04,-1.000000000000000000e+00
1.050000000000000000e+02,3.236800000000000000e+04,3.507600000000000000e+04,2.042800000000000000e+04,-1.000000000000000000e+00
1.060000000000000000e+02,7.308200000000000000e+04,2.488000000000000000e+04,1.936400000000000000e+04,1.000000000000000000e+00
1.070000000000000000e+02,2.196300000000000000e+04,2.208200000000000000e+04,2.206500000000000000e+04,1.000000000000000000e+00
1.080000000000000000e+02,3.096400000000000000e+04,2.326200000000000000e+04,1.552800000000000000e+04,1.000000000000000000e+00
1.090000000000000000e+02,6.989400000000000000e+04,2.640400000000000000e+04,1.708800000000000000e+04,1.000000000000000000e+00
1.100000000000000000e+02,6.623000000000000000e+04,2.234300000000000000e+04,1.465100000000000000e+04,1.000000000000000000e+00
1.110000000000000000e+02,2.976800000000000000e+04,2.408500000000000000e+04,1.611500000000000000e+04,1.000000000000000000e+00
1.120000000000000000e+02,2.959800000000000000e+04,2.353000000000000000e+04,1.636200000000000000e+04,1.000000000000000000e+00
1.130000000000000000e+02,6.622100000000000000e+04,3.627200000000000000e+04,2.460400000000000000e+04,1.000000000000000000e+00
1.140000000000000000e+02,3.048200000000000000e+04,3.834800000000000000e+04,2.525800000000000000e+04,1.000000000000000000e+00
1.150000000000000000e+02,6.832800000000000000e+04,3.438400000000000000e+04,2.286400000000000000e+04,1.000000000000000000e+00
1.160000000000000000e+02,2.938000000000000000e+04,3.634400000000000000e+04,2.527400000000000000e+04,1.000000000000000000e+00
1.170000000000000000e+02,2.896400000000000000e+04,3.351800000000000000e+04,2.438400000000000000e+04,1.000000000000000000e+00
1.180000000000000000e+02,2.902200000000000000e+04,3.341600000000000000e+04,2.515800000000000000e+04,1.000000000000000000e+00
1.190000000000000000e+02,2.843000000000000000e+04,3.299500000000000000e+04,2.375900000000000000e+04,1.000000000000000000e+00
1.200000000000000000e+02,2.741100000000000000e+04,3.579400000000000000e+04,2.455900000000000000e+04,1.000000000000000000e+00
1.210000000000000000e+02,2.993900000000000000e+04,3.706600000000000000e+04,2.385900000000000000e+04,1.000000000000000000e+00
1.220000000000000000e+02,2.983500000000000000e+04,3.518400000000000000e+04,2.287600000000000000e+04,1.000000000000000000e+00
1.230000000000000000e+02,3.080600000000000000e+04,3.637800000000000000e+04,2.390000000000000000e+04,1.000000000000000000e+00
1.240000000000000000e+02,6.867400000000000000e+04,3.588100000000000000e+04,2.230200000000000000e+04,1.000000000000000000e+00
1.250000000000000000e+02,2.433400000000000000e+04,2.991700000000000000e+04,2.108600000000000000e+04,1.000000000000000000e+00
1.260000000000000000e+02,6.848200000000000000e+04,3.404100000000000000e+04,2.104200000000000000e+04,1.000000000000000000e+00
1.270000000000000000e+02,2.939000000000000000e+04,3.621500000000000000e+04,2.357600000000000000e+04,1.000000000000000000e+00
1.280000000000000000e+02,7.177000000000000000e+04,2.586300000000000000e+04,1.872500000000000000e+04,1.000000000000000000e+00
1.290000000000000000e+02,2.397500000000000000e+04,3.062800000000000000e+04,2.142400000000000000e+04,1.000000000000000000e+00
1.300000000000000000e+02,7.109600000000000000e+04,2.640000000000000000e+04,1.843600000000000000e+04,1.000000000000000000e+00
1.310000000000000000e+02,2.528000000000000000e+04,2.928600000000000000e+04,2.129000000000000000e+04,1.000000000000000000e+00
1.320000000000000000e+02,3.016400000000000000e+04,3.639800000000000000e+04,2.416700000000000000e+04,1.000000000000000000e+00
1.330000000000000000e+02,2.918000000000000000e+04,3.456600000000000000e+04,2.368800000000000000e+04,1.000000000000000000e+00
1.340000000000000000e+02,2.464200000000000000e+04,2.843400000000000000e+04,2.145600000000000000e+04,1.000000000000000000e+00
1.350000000000000000e+02,6.983200000000000000e+04,3.278000000000000000e+04,2.141100000000000000e+04,1.000000000000000000e+00
1.360000000000000000e+02,2.370000000000000000e+04,2.695700000000000000e+04,2.096900000000000000e+04,1.000000000000000000e+00
1.370000000000000000e+02,2.370600000000000000e+04,2.521500000000000000e+04,2.239500000000000000e+04,1.000000000000000000e+00
1.380000000000000000e+02,2.225300000000000000e+04,2.075200000000000000e+04,2.182700000000000000e+04,1.000000000000000000e+00
1.390000000000000000e+02,7.336300000000000000e+04,1.662900000000000000e+04,1.990100000000000000e+04,1.000000000000000000e+00
1.400000000000000000e+02,2.160500000000000000e+04,2.051200000000000000e+04,2.173300000000000000e+04,1.000000000000000000e+00
1.410000000000000000e+02,7.390900000000000000e+04,1.554200000000000000e+04,2.040200000000000000e+04,1.000000000000000000e+00
1.420000000000000000e+02,2.213900000000000000e+04,2.007500000000000000e+04,2.185300000000000000e+04,1.000000000000000000e+00
1.430000000000000000e+02,7.260000000000000000e+04,1.672700000000000000e+04,2.008800000000000000e+04,1.000000000000000000e+00
1.440000000000000000e+02,2.318800000000000000e+04,2.087900000000000000e+04,2.189400000000000000e+04,1.000000000000000000e+00
1.450000000000000000e+02,7.357000000000000000e+04,1.765800000000000000e+04,1.957000000000000000e+04,1.000000000000000000e+00
1.460000000000000000e+02,7.445400000000000000e+04,1.524000000000000000e+04,2.068800000000000000e+04,1.000000000000000000e+00
1.470000000000000000e+02,2.177400000000000000e+04,2.117800000000000000e+04,2.160400000000000000e+04,1.000000000000000000e+00
1.480000000000000000e+02,7.353600000000000000e+04,1.568200000000000000e+04,2.116600000000000000e+04,1.000000000000000000e+00
1.490000000000000000e+02,2.442300000000000000e+04,2.042800000000000000e+04,2.261700000000000000e+04,1.000000000000000000e+00
1.500000000000000000e+02,2.297600000000000000e+04,2.040400000000000000e+04,2.236200000000000000e+04,1.000000000000000000e+00
1.510000000000000000e+02,7.358200000000000000e+04,1.631400000000000000e+04,2.037700000000000000e+04,1.000000000000000000e+00
1.520000000000000000e+02,2.235000000000000000e+04,2.106800000000000000e+04,2.129400000000000000e+04,1.000000000000000000e+00
1.530000000000000000e+02,6.607400000000000000e+04,2.166300000000000000e+04,1.451000000000000000e+04,1.000000000000000000e+00
1.540000000000000000e+02,3.038400000000000000e+04,2.271000000000000000e+04,1.631200000000000000e+04,1.000000000000000000e+00
1.550000000000000000e+02,4.481900000000000000e+04,3.415300000000000000e+04,1.639300000000000000e+04,-1.000000000000000000e+00
1.560000000000000000e+02,5.355800000000000000e+04,3.214300000000000000e+04,1.559400000000000000e+04,-1.000000000000000000e+00
1.570000000000000000e+02,3.215500000000000000e+04,1.954200000000000000e+04,3.707300000000000000e+04,-1.000000000000000000e+00
1.580000000000000000e+02,7.031900000000000000e+04,1.565300000000000000e+04,3.406300000000000000e+04,-1.000000000000000000e+00
1.590000000000000000e+02,3.490800000000000000e+04,1.918000000000000000e+04,3.533600000000000000e+04,-1.000000000000000000e+00
1.600000000000000000e+02,4.515800000000000000e+04,1.316400000000000000e+04,2.953000000000000000e+04,0.000000000000000000e+00
1.610000000000000000e+02,5.223200000000000000e+04,1.220100000000000000e+04,2.967500000000000000e+04,0.000000000000000000e+00
1.620000000000000000e+02,4.605700000000000000e+04,1.180400000000000000e+04,2.816700000000000000e+04,1.000000000000000000e+00
1.630000000000000000e+02,5.179100000000000000e+04,1.355500000000000000e+04,3.047500000000000000e+04,1.000000000000000000e+00
1.640000000000000000e+02,6.576400000000000000e+04,2.230900000000000000e+04,3.489800000000000000e+04,-1.000000000000000000e+00
1.650000000000000000e+02,3.054200000000000000e+04,2.325800000000000000e+04,3.560200000000000000e+04,-1.000000000000000000e+00
1.660000000000000000e+02,3.647800000000000000e+04,2.307000000000000000e+04,3.655000000000000000e+04,1.000000000000000000e+00
1.670000000000000000e+02,6.218300000000000000e+04,2.181300000000000000e+04,3.599500000000000000e+04,1.000000000000000000e+00
1.680000000000000000e+02,5.779000000000000000e+04,2.446100000000000000e+04,3.826000000000000000e+04,1.000000000000000000e+00
1.690000000000000000e+02,3.747200000000000000e+04,2.539400000000000000e+04,3.743400000000000000e+04,1.000000000000000000e+00
1.700000000000000000e+02,6.007400000000000000e+04,2.316000000000000000e+04,3.690000000000000000e+04,1.000000000000000000e+00
1.710000000000000000e+02,3.786200000000000000e+04,2.454000000000000000e+04,3.727400000000000000e+04,1.000000000000000000e+00
1.720000000000000000e+02,6.023900000000000000e+04,2.360600000000000000e+04,3.640100000000000000e+04,1.000000000000000000e+00
1.730000000000000000e+02,3.716400000000000000e+04,2.513400000000000000e+04,3.696800000000000000e+04,1.000000000000000000e+00
1.740000000000000000e+02,3.914300000000000000e+04,2.571300000000000000e+04,3.716100000000000000e+04,1.000000000000000000e+00
1.750000000000000000e+02,3.776800000000000000e+04,2.802100000000000000e+04,3.787000000000000000e+04,1.000000000000000000e+00
1.760000000000000000e+02,3.721400000000000000e+04,2.313000000000000000e+04,3.678600000000000000e+04,1.000000000000000000e+00
1.770000000000000000e+02,3.640800000000000000e+04,3.051100000000000000e+04,3.811600000000000000e+04,1.000000000000000000e+00
1.780000000000000000e+02,6.063800000000000000e+04,2.552200000000000000e+04,3.714800000000000000e+04,1.000000000000000000e+00
1.790000000000000000e+02,3.487100000000000000e+04,2.289100000000000000e+04,3.572000000000000000e+04,1.000000000000000000e+00
1.800000000000000000e+02,6.253600000000000000e+04,2.082800000000000000e+04,3.492000000000000000e+04,1.000000000000000000e+00
1.810000000000000000e+02,6.709200000000000000e+04,2.020500000000000000e+04,3.477600000000000000e+04,-1.000000000000000000e+00
1.820000000000000000e+02,3.029200000000000000e+04,2.141700000000000000e+04,3.623900000000000000e+04,-1.000000000000000000e+00
1.830000000000000000e+02,3.158100000000000000e+04,2.250800000000000000e+04,3.586000000000000000e+04,0.000000000000000000e+00
1.840000000000000000e+02,6.808000000000000000e+04,1.930900000000000000e+04,3.370500000000000000e+04,0.000000000000000000e+00
1.850000000000000000e+02,6.559200000000000000e+04,2.287400000000000000e+04,3.524000000000000000e+04,-1.000000000000000000e+00
1.860000000000000000e+02,3.011300000000000000e+04,2.329400000000000000e+04,3.608900000000000000e+04,-1.000000000000000000e+00
1.870000000000000000e+02,2.930000000000000000e+04,2.240000000000000000e+04,3.475000000000000000e+04,1.000000000000000000e+00
1.880000000000000000e+02,6.931500000000000000e+04,1.906600000000000000e+04,3.217500000000000000e+04,1.000000000000000000e+00
1.890000000000000000e+02,2.973800000000000000e+04,2.159300000000000000e+04,3.663000000000000000e+04,-1.000000000000000000e+00
1.900000000000000000e+02,6.840600000000000000e+04,1.846200000000000000e+04,3.366800000000000000e+04,-1.000000000000000000e+00
1.910000000000000000e+02,3.198100000000000000e+04,2.304500000000000000e+04,3.621800000000000000e+04,-1.000000000000000000e+00
1.920000000000000000e+02,6.669000000000000000e+04,2.080800000000000000e+04,3.556600000000000000e+04,-1.000000000000000000e+00
1.930000000000000000e+02,6.557100000000000000e+04,2.196500000000000000e+04,3.554300000000000000e+04,-1.000000000000000000e+00
1.940000000000000000e+02,3.102600000000000000e+04,2.336000000000000000e+04,3.647800000000000000e+04,-1.000000000000000000e+00
1.950000000000000000e+02,2.958000000000000000e+04,2.215500000000000000e+04,3.574800000000000000e+04,0.000000000000000000e+00
1.960000000000000000e+02,6.632100000000000000e+04,2.167100000000000000e+04,3.510300000000000000e+04,0.000000000000000000e+00
1.970000000000000000e+02,7.087000000000000000e+04,1.665600000000000000e+04,3.116000000000000000e+04,-1.000000000000000000e+00
1.980000000000000000e+02,2.845700000000000000e+04,1.992300000000000000e+04,3.615400000000000000e+04,-1.000000000000000000e+00
1.990000000000000000e+02,2.978100000000000000e+04,2.111200000000000000e+04,3.560200000000000000e+04,-1.000000000000000000e+00
2.000000000000000000e+02,6.482000000000000000e+04,2.178100000000000000e+04,3.556400000000000000e+04,-1.000000000000000000e+00
2.010000000000000000e+02,6.613800000000000000e+04,2.096300000000000000e+04,3.489200000000000000e+04,-1.000000000000000000e+00
2.020000000000000000e+02,3.063600000000000000e+04,2.396000000000000000e+04,3.583000000000000000e+04,-1.000000000000000000e+00
2.030000000000000000e+02,6.639200000000000000e+04,2.036200000000000000e+04,3.648600000000000000e+04,-1.000000000000000000e+00
2.040000000000000000e+02,3.158000000000000000e+04,2.071200000000000000e+04,3.701600000000000000e+04,-1.000000000000000000e+00
2.050000000000000000e+02,5.971500000000000000e+04,1.680300000000000000e+04,3.516300000000000000e+04,1.000000000000000000e+00
2.060000000000000000e+02,3.537600000000000000e+04,1.835500000000000000e+04,3.657200000000000000e+04,1.000000000000000000e+00
2.070000000000000000e+02,5.858600000000000000e+04,1.758800000000000000e+04,3.521800000000000000e+04,1.000000000000000000e+00
2.080000000000000000e+02,3.623700000000000000e+04,1.860500000000000000e+04,3.567100000000000000e+04,1.000000000000000000e+00
2.090000000000000000e+02,3.473200000000000000e+04,2.378200000000000000e+04,3.765800000000000000e+04,1.000000000000000000e+00
2.100000000000000000e+02,5.970700000000000000e+04,2.083000000000000000e+04,3.681300000000000000e+04,1.000000000000000000e+00
2.110000000000000000e+02,3.213100000000000000e+04,2.209100000000000000e+04,3.622100000000000000e+04,1.000000000000000000e+00
2.120000000000000000e+02,3.155800000000000000e+04,2.176500000000000000e+04,3.654100000000000000e+04,1.000000000000000000e+00
2.130000000000000000e+02,6.041300000000000000e+04,2.129600000000000000e+04,3.599100000000000000e+04,1.000000000000000000e+00
2.140000000000000000e+02,3.224900000000000000e+04,2.078400000000000000e+04,3.707400000000000000e+04,1.000000000000000000e+00
2.150000000000000000e+02,2.991500000000000000e+04,1.980100000000000000e+04,3.642100000000000000e+04,1.000000000000000000e+00
2.160000000000000000e+02,6.219000000000000000e+04,2.069000000000000000e+04,3.549000000000000000e+04,1.000000000000000000e+00
2.170000000000000000e+02,3.296100000000000000e+04,2.285900000000000000e+04,3.575200000000000000e+04,1.000000000000000000e+00
2.180000000000000000e+02,3.257400000000000000e+04,2.318100000000000000e+04,3.617100000000000000e+04,1.000000000000000000e+00
2.190000000000000000e+02,3.296600000000000000e+04,2.309200000000000000e+04,3.517400000000000000e+04,1.000000000000000000e+00
2.200000000000000000e+02,6.108900000000000000e+04,2.029700000000000000e+04,3.550800000000000000e+04,1.000000000000000000e+00
2.210000000000000000e+02,3.938600000000000000e+04,8.980000000000000000e+03,2.912800000000000000e+04,-1.000000000000000000e+00
2.220000000000000000e+02,5.612100000000000000e+04,8.263000000000000000e+03,2.908000000000000000e+04,-1.000000000000000000e+00
2.230000000000000000e+02,7.305800000000000000e+04,2.167800000000000000e+04,2.476600000000000000e+04,1.000000000000000000e+00
2.240000000000000000e+02,2.308200000000000000e+04,2.678000000000000000e+04,2.204300000000000000e+04,1.000000000000000000e+00
2.250000000000000000e+02,2.254600000000000000e+04,2.831200000000000000e+04,2.066000000000000000e+04,0.000000000000000000e+00
2.260000000000000000e+02,7.214600000000000000e+04,2.316900000000000000e+04,1.845000000000000000e+04,0.000000000000000000e+00
2.270000000000000000e+02,2.276200000000000000e+04,2.052200000000000000e+04,2.144600000000000000e+04,1.000000000000000000e+00
2.280000000000000000e+02,5.949200000000000000e+04,3.676400000000000000e+04,1.685000000000000000e+04,-1.000000000000000000e+00
2.290000000000000000e+02,3.628700000000000000e+04,3.820800000000000000e+04,1.941100000000000000e+04,-1.000000000000000000e+00
2.300000000000000000e+02,4.805800000000000000e+04,4.832600000000000000e+04,2.561400000000000000e+04,0.000000000000000000e+00
2.310000000000000000e+02,5.071400000000000000e+04,4.788900000000000000e+04,2.721600000000000000e+04,0.000000000000000000e+00
2.320000000000000000e+02,3.649100000000000000e+04,4.038300000000000000e+04,3.169000000000000000e+04,-1.000000000000000000e+00
2.330000000000000000e+02,3.029800000000000000e+04,2.057300000000000000e+04,3.621200000000000000e+04,-1.000000000000000000e+00
2.340000000000000000e+02,6.563400000000000000e+04,2.029000000000000000e+04,3.541500000000000000e+04,-1.000000000000000000e+00
2.350000000000000000e+02,2.477400000000000000e+04,2.283000000000000000e+04,2.123000000000000000e+04,-1.000000000000000000e+00
2.360000000000000000e+02,7.055400000000000000e+04,1.891400000000000000e+04,1.917800000000000000e+04,-1.000000000000000000e+00
2.370000000000000000e+02,2.940400000000000000e+04,1.823700000000000000e+04,3.586400000000000000e+04,1.000000000000000000e+00
2.380000000000000000e+02,6.052000000000000000e+04,1.967700000000000000e+04,3.579400000000000000e+04,1.000000000000000000e+00
2.390000000000000000e+02,2.325600000000000000e+04,2.367400000000000000e+04,2.238800000000000000e+04,1.000000000000000000e+00
2.400000000000000000e+02,7.277400000000000000e+04,2.539600000000000000e+04,1.989500000000000000e+04,1.000000000000000000e+00
2.410000000000000000e+02,3.047200000000000000e+04,2.358400000000000000e+04,1.668800000000000000e+04,1.000000000000000000e+00
2.420000000000000000e+02,4.165200000000000000e+04,1.458300000000000000e+04,3.429900000000000000e+04,1.000000000000000000e+00
2.430000000000000000e+02,6.360000000000000000e+04,1.426800000000000000e+04,3.368400000000000000e+04,1.000000000000000000e+00
2.440000000000000000e+02,3.378100000000000000e+04,1.487900000000000000e+04,3.459200000000000000e+04,1.000000000000000000e+00
2.450000000000000000e+02,5.949800000000000000e+04,3.657300000000000000e+04,1.995900000000000000e+04,-1.000000000000000000e+00
2.460000000000000000e+02,3.832900000000000000e+04,3.930700000000000000e+04,2.202600000000000000e+04,-1.000000000000000000e+00
2.470000000000000000e+02,3.548000000000000000e+04,3.924800000000000000e+04,3.163600000000000000e+04,-1.000000000000000000e+00
2.480000000000000000e+02,3.646700000000000000e+04,4.114100000000000000e+04,2.390900000000000000e+04,-1.000000000000000000e+00
2.490000000000000000e+02,nan,nan,nan,-1.000000000000000000e+00
2.500000000000000000e+02,7.464800000000000000e+04,1.979500000000000000e+04,1.977900000000000000e+04,1.000000000000000000e+00
2.510000000000000000e+02,2.460800000000000000e+04,1.363600000000000000e+04,2.647600000000000000e+04,-1.000000000000000000e+00
2.520000000000000000e+02,7.231100000000000000e+04,1.221000000000000000e+04,2.522100000000000000e+04,-1.000000000000000000e+00
2.530000000000000000e+02,2.509200000000000000e+04,1.253200000000000000e+04,2.676400000000000000e+04,-1.000000000000000000e+00
2.540000000000000000e+02,7.257500000000000000e+04,1.190100000000000000e+04,2.458600000000000000e+04,-1.000000000000000000e+00
2.550000000000000000e+02,2.699000000000000000e+04,1.652400000000000000e+04,2.301200000000000000e+04,-1.000000000000000000e+00
2.560000000000000000e+02,7.011000000000000000e+04,1.738100000000000000e+04,2.034200000000000000e+04,-1.000000000000000000e+00
2.570000000000000000e+02,2.568100000000000000e+04,1.615100000000000000e+04,2.321600000000000000e+04,-1.000000000000000000e+00
2.580000000000000000e+02,6.947400000000000000e+04,1.447400000000000000e+04,2.058800000000000000e+04,-1.000000000000000000e+00
2.590000000000000000e+02,5.461200000000000000e+04,7.490000000000000000e+03,1.933600000000000000e+04,-1.000000000000000000e+00
2.600000000000000000e+02,4.009900000000000000e+04,8.854000000000000000e+03,1.887900000000000000e+04,-1.000000000000000000e+00
2.610000000000000000e+02,3.612300000000000000e+04,2.079100000000000000e+04,1.341900000000000000e+04,1.000000000000000000e+00
2.620000000000000000e+02,5.801200000000000000e+04,1.921500000000000000e+04,1.207000000000000000e+04,1.000000000000000000e+00
2.630000000000000000e+02,7.010000000000000000e+04,1.645500000000000000e+04,2.093400000000000000e+04,-1.000000000000000000e+00
2.640000000000000000e+02,2.667800000000000000e+04,1.931200000000000000e+04,2.135400000000000000e+04,-1.000000000000000000e+00
2.650000000000000000e+02,2.618500000000000000e+04,1.932700000000000000e+04,2.180200000000000000e+04,-1.000000000000000000e+00
2.660000000000000000e+02,2.793700000000000000e+04,1.918100000000000000e+04,1.958200000000000000e+04,1.000000000000000000e+00
2.670000000000000000e+02,6.986500000000000000e+04,1.635400000000000000e+04,1.855100000000000000e+04,1.000000000000000000e+00
2.680000000000000000e+02,6.909800000000000000e+04,1.708200000000000000e+04,1.735600000000000000e+04,1.000000000000000000e+00
2.690000000000000000e+02,2.841700000000000000e+04,2.224800000000000000e+04,1.742300000000000000e+04,1.000000000000000000e+00
2.700000000000000000e+02,6.525600000000000000e+04,2.288600000000000000e+04,1.541200000000000000e+04,1.000000000000000000e+00
2.710000000000000000e+02,3.126800000000000000e+04,2.361600000000000000e+04,1.677200000000000000e+04,1.000000000000000000e+00
2.720000000000000000e+02,6.617700000000000000e+04,2.154700000000000000e+04,1.540900000000000000e+04,1.000000000000000000e+00
2.730000000000000000e+02,3.015800000000000000e+04,2.330100000000000000e+04,1.611700000000000000e+04,1.000000000000000000e+00
2.740000000000000000e+02,3.168400000000000000e+04,2.290000000000000000e+04,1.635600000000000000e+04,1.000000000000000000e+00
2.750000000000000000e+02,6.587700000000000000e+04,2.157700000000000000e+04,1.620600000000000000e+04,1.000000000000000000e+00
2.760000000000000000e+02,4.866800000000000000e+04,1.416300000000000000e+04,2.865000000000000000e+04,1.000000000000000000e+00
2.770000000000000000e+02,4.498000000000000000e+04,1.313800000000000000e+04,2.869600000000000000e+04,-1.000000000000000000e+00
2.780000000000000000e+02,4.876200000000000000e+04,9.046000000000000000e+03,2.292800000000000000e+04,-1.000000000000000000e+00
2.790000000000000000e+02,3.598900000000000000e+04,2.301900000000000000e+04,3.607700000000000000e+04,1.000000000000000000e+00
2.800000000000000000e+02,6.144700000000000000e+04,2.321800000000000000e+04,3.597100000000000000e+04,1.000000000000000000e+00
2.810000000000000000e+02,3.490900000000000000e+04,2.403800000000000000e+04,3.691100000000000000e+04,1.000000000000000000e+00
2.820000000000000000e+02,6.056200000000000000e+04,2.296200000000000000e+04,3.613500000000000000e+04,1.000000000000000000e+00
2.830000000000000000e+02,6.977600000000000000e+04,1.780300000000000000e+04,3.094500000000000000e+04,1.000000000000000000e+00
2.840000000000000000e+02,2.593100000000000000e+04,1.894600000000000000e+04,3.184500000000000000e+04,1.000000000000000000e+00
2.850000000000000000e+02,6.645600000000000000e+04,1.948200000000000000e+04,3.507600000000000000e+04,-1.000000000000000000e+00
2.860000000000000000e+02,6.009900000000000000e+04,1.691000000000000000e+04,3.574600000000000000e+04,1.000000000000000000e+00
2.870000000000000000e+02,3.562200000000000000e+04,1.778600000000000000e+04,3.625200000000000000e+04,1.000000000000000000e+00
2.880000000000000000e+02,5.955600000000000000e+04,2.301800000000000000e+04,3.631200000000000000e+04,1.000000000000000000e+00
2.890000000000000000e+02,3.664600000000000000e+04,2.063400000000000000e+04,3.667400000000000000e+04,1.000000000000000000e+00
2.900000000000000000e+02,5.547500000000000000e+04,1.935400000000000000e+04,3.814600000000000000e+04,1.000000000000000000e+00
2.910000000000000000e+02,4.134600000000000000e+04,2.005100000000000000e+04,3.828400000000000000e+04,1.000000000000000000e+00
2.920000000000000000e+02,4.303000000000000000e+04,1.931000000000000000e+04,3.724400000000000000e+04,1.000000000000000000e+00
2.930000000000000000e+02,5.508800000000000000e+04,1.796900000000000000e+04,3.847100000000000000e+04,1.000000000000000000e+00
2.940000000000000000e+02,5.812300000000000000e+04,8.488000000000000000e+03,3.066200000000000000e+04,1.000000000000000000e+00
2.950000000000000000e+02,3.132500000000000000e+04,7.961000000000000000e+03,3.016400000000000000e+04,1.000000000000000000e+00
2.960000000000000000e+02,6.041200000000000000e+04,3.704600000000000000e+04,1.938200000000000000e+04,-1.000000000000000000e+00
2.970000000000000000e+02,3.540900000000000000e+04,3.939800000000000000e+04,2.227900000000000000e+04,-1.000000000000000000e+00
2.980000000000000000e+02,4.808100000000000000e+04,6.774000000000000000e+03,1.828500000000000000e+04,1.000000000000000000e+00
2.990000000000000000e+02,4.733600000000000000e+04,6.696000000000000000e+03,1.795300000000000000e+04,1.000000000000000000e+00
3.000000000000000000e+02,5.448200000000000000e+04,1.887400000000000000e+04,1.119200000000000000e+04,1.000000000000000000e+00
3.010000000000000000e+02,4.140600000000000000e+04,1.568600000000000000e+04,1.209200000000000000e+04,1.000000000000000000e+00
3.020000000000000000e+02,4.017000000000000000e+04,1.933000000000000000e+04,1.310700000000000000e+04,-1.000000000000000000e+00
3.030000000000000000e+02,6.050200000000000000e+04,1.521600000000000000e+04,1.515600000000000000e+04,-1.000000000000000000e+00
3.040000000000000000e+02,3.712800000000000000e+04,1.444200000000000000e+04,1.512400000000000000e+04,-1.000000000000000000e+00
3.050000000000000000e+02,6.095100000000000000e+04,1.584600000000000000e+04,1.480600000000000000e+04,-1.000000000000000000e+00
3.060000000000000000e+02,4.002300000000000000e+04,1.753200000000000000e+04,1.230500000000000000e+04,-1.000000000000000000e+00
3.070000000000000000e+02,5.986600000000000000e+04,1.151000000000000000e+04,1.763900000000000000e+04,-1.000000000000000000e+00
3.080000000000000000e+02,4.552700000000000000e+04,7.747000000000000000e+03,1.665700000000000000e+04,-1.000000000000000000e+00
3.090000000000000000e+02,4.971200000000000000e+04,8.362000000000000000e+03,1.541400000000000000e+04,-1.000000000000000000e+00
3.100000000000000000e+02,3.635600000000000000e+04,1.441800000000000000e+04,1.582600000000000000e+04,-1.000000000000000000e+00
3.110000000000000000e+02,5.854400000000000000e+04,1.218600000000000000e+04,1.637300000000000000e+04,-1.000000000000000000e+00
3.120000000000000000e+02,5.630400000000000000e+04,1.896800000000000000e+04,1.142600000000000000e+04,-1.000000000000000000e+00
3.130000000000000000e+02,4.475400000000000000e+04,1.879600000000000000e+04,1.284000000000000000e+04,-1.000000000000000000e+00
3.140000000000000000e+02,3.693000000000000000e+04,1.543600000000000000e+04,1.443000000000000000e+04,-1.000000000000000000e+00
3.150000000000000000e+02,5.889000000000000000e+04,1.115000000000000000e+04,1.733600000000000000e+04,-1.000000000000000000e+00
3.160000000000000000e+02,4.247000000000000000e+04,1.005300000000000000e+04,3.142600000000000000e+04,-1.000000000000000000e+00
3.170000000000000000e+02,5.270500000000000000e+04,9.853000000000000000e+03,2.893200000000000000e+04,-1.000000000000000000e+00
3.180000000000000000e+02,5.284800000000000000e+04,9.284000000000000000e+03,2.970400000000000000e+04,-1.000000000000000000e+00
3.190000000000000000e+02,5.142800000000000000e+04,1.747600000000000000e+04,3.349200000000000000e+04,-1.000000000000000000e+00
3.200000000000000000e+02,4.566100000000000000e+04,1.370400000000000000e+04,2.949000000000000000e+04,-1.000000000000000000e+00
3.210000000000000000e+02,4.441200000000000000e+04,6.954000000000000000e+03,1.905400000000000000e+04,-1.000000000000000000e+00
3.220000000000000000e+02,5.155100000000000000e+04,7.416000000000000000e+03,1.764800000000000000e+04,-1.000000000000000000e+00
3.230000000000000000e+02,3.727000000000000000e+04,3.139000000000000000e+04,1.921400000000000000e+04,0.000000000000000000e+00
3.240000000000000000e+02,5.983500000000000000e+04,2.926900000000000000e+04,1.841500000000000000e+04,0.000000000000000000e+00
3.250000000000000000e+02,4.219500000000000000e+04,3.400000000000000000e+04,1.339200000000000000e+04,1.000000000000000000e+00
3.260000000000000000e+02,5.344300000000000000e+04,3.121800000000000000e+04,1.227600000000000000e+04,1.000000000000000000e+00
3.270000000000000000e+02,4.498400000000000000e+04,3.291400000000000000e+04,1.333400000000000000e+04,1.000000000000000000e+00
3.280000000000000000e+02,4.898300000000000000e+04,1.761000000000000000e+04,1.200400000000000000e+04,1.000000000000000000e+00
3.290000000000000000e+02,4.632000000000000000e+04,2.072300000000000000e+04,1.363900000000000000e+04,1.000000000000000000e+00
3.300000000000000000e+02,3.897200000000000000e+04,2.434600000000000000e+04,1.253400000000000000e+04,1.000000000000000000e+00
3.310000000000000000e+02,4.639900000000000000e+04,2.133800000000000000e+04,1.415700000000000000e+04,1.000000000000000000e+00
3.320000000000000000e+02,5.715700000000000000e+04,1.978500000000000000e+04,1.130200000000000000e+04,1.000000000000000000e+00
3.330000000000000000e+02,4.059500000000000000e+04,3.375800000000000000e+04,1.266700000000000000e+04,1.000000000000000000e+00
3.340000000000000000e+02,3.937400000000000000e+04,2.332800000000000000e+04,1.297400000000000000e+04,1.000000000000000000e+00
3.350000000000000000e+02,5.189900000000000000e+04,2.162900000000000000e+04,1.230700000000000000e+04,1.000000000000000000e+00
3.360000000000000000e+02,nan,nan,nan,1.000000000000000000e+00
3.370000000000000000e+02,3.336400000000000000e+04,2.674600000000000000e+04,1.492200000000000000e+04,1.000000000000000000e+00
3.380000000000000000e+02,6.233100000000000000e+04,2.514100000000000000e+04,1.545400000000000000e+04,1.000000000000000000e+00
3.390000000000000000e+02,6.268400000000000000e+04,2.786400000000000000e+04,1.398000000000000000e+04,1.000000000000000000e+00
3.400000000000000000e+02,6.161000000000000000e+04,2.884000000000000000e+04,1.300800000000000000e+04,1.000000000000000000e+00
3.410000000000000000e+02,3.345600000000000000e+04,2.709000000000000000e+04,1.658000000000000000e+04,1.000000000000000000e+00
3.420000000000000000e+02,3.436300000000000000e+04,2.886000000000000000e+04,1.461700000000000000e+04,1.000000000000000000e+00
3.430000000000000000e+02,5.115600000000000000e+04,2.143000000000000000e+04,1.325800000000000000e+04,1.000000000000000000e+00
3.440000000000000000e+02,4.327400000000000000e+04,2.655100000000000000e+04,1.205600000000000000e+04,1.000000000000000000e+00
3.450000000000000000e+02,4.171400000000000000e+04,2.097800000000000000e+04,1.348900000000000000e+04,1.000000000000000000e+00
3.460000000000000000e+02,5.412000000000000000e+04,2.818700000000000000e+04,1.090600000000000000e+04,1.000000000000000000e+00
3.470000000000000000e+02,3.435000000000000000e+04,3.295300000000000000e+04,1.555700000000000000e+04,1.000000000000000000e+00
3.480000000000000000e+02,6.212200000000000000e+04,3.048700000000000000e+04,1.443400000000000000e+04,1.000000000000000000e+00
3.490000000000000000e+02,4.087400000000000000e+04,3.450400000000000000e+04,1.478600000000000000e+04,1.000000000000000000e+00
3.500000000000000000e+02,5.556600000000000000e+04,3.190200000000000000e+04,1.203800000000000000e+04,1.000000000000000000e+00
3.510000000000000000e+02,5.310600000000000000e+04,1.594900000000000000e+04,3.288200000000000000e+04,0.000000000000000000e+00
3.520000000000000000e+02,4.377000000000000000e+04,1.633700000000000000e+04,3.349500000000000000e+04,0.000000000000000000e+00
3.530000000000000000e+02,4.624300000000000000e+04,9.092000000000000000e+03,2.770600000000000000e+04,1.000000000000000000e+00
3.540000000000000000e+02,4.902600000000000000e+04,9.358000000000000000e+03,2.685800000000000000e+04,1.000000000000000000e+00
3.550000000000000000e+02,4.647500000000000000e+04,1.013800000000000000e+04,2.900100000000000000e+04,1.000000000000000000e+00
3.560000000000000000e+02,4.584400000000000000e+04,1.047000000000000000e+04,3.027000000000000000e+04,1.000000000000000000e+00
3.570000000000000000e+02,4.867800000000000000e+04,9.690000000000000000e+03,2.729200000000000000e+04,1.000000000000000000e+00
3.580000000000000000e+02,4.889500000000000000e+04,9.145000000000000000e+03,2.788100000000000000e+04,1.000000000000000000e+00
3.590000000000000000e+02,3.382900000000000000e+04,2.137300000000000000e+04,1.710600000000000000e+04,-1.000000000000000000e+00
3.600000000000000000e+02,4.447200000000000000e+04,1.943500000000000000e+04,3.565400000000000000e+04,1.000000000000000000e+00
3.610000000000000000e+02,5.564400000000000000e+04,1.579800000000000000e+04,3.668600000000000000e+04,1.000000000000000000e+00
3.620000000000000000e+02,4.375700000000000000e+04,1.215600000000000000e+04,2.941500000000000000e+04,1.000000000000000000e+00
3.630000000000000000e+02,5.092600000000000000e+04,9.802000000000000000e+03,2.940400000000000000e+04,1.000000000000000000e+00
3.640000000000000000e+02,5.386800000000000000e+04,1.119600000000000000e+04,2.959500000000000000e+04,0.000000000000000000e+00
3.650000000000000000e+02,4.264000000000000000e+04,1.151400000000000000e+04,2.949200000000000000e+04,0.000000000000000000e+00
3.660000000000000000e+02,5.739500000000000000e+04,3.400500000000000000e+04,1.836000000000000000e+04,-1.000000000000000000e+00
3.670000000000000000e+02,4.181900000000000000e+04,3.583500000000000000e+04,1.773700000000000000e+04,-1.000000000000000000e+00
3.680000000000000000e+02,4.234100000000000000e+04,1.465800000000000000e+04,3.616900000000000000e+04,-1.000000000000000000e+00
3.690000000000000000e+02,4.135400000000000000e+04,1.526000000000000000e+04,3.711000000000000000e+04,-1.000000000000000000e+00
3.700000000000000000e+02,5.404300000000000000e+04,1.316400000000000000e+04,3.596700000000000000e+04,-1.000000000000000000e+00
3.710000000000000000e+02,5.444300000000000000e+04,1.248800000000000000e+04,3.601400000000000000e+04,-1.000000000000000000e+00
3.720000000000000000e+02,4.030700000000000000e+04,3.646100000000000000e+04,1.811500000000000000e+04,-1.000000000000000000e+00
3.730000000000000000e+02,5.563000000000000000e+04,3.386100000000000000e+04,1.733300000000000000e+04,-1.000000000000000000e+00
3.740000000000000000e+02,4.220500000000000000e+04,1.632400000000000000e+04,3.660300000000000000e+04,1.000000000000000000e+00
3.750000000000000000e+02,5.448500000000000000e+04,1.424000000000000000e+04,3.501200000000000000e+04,1.000000000000000000e+00
3.760000000000000000e+02,5.223300000000000000e+04,9.252000000000000000e+03,1.529500000000000000e+04,0.000000000000000000e+00
3.770000000000000000e+02,4.305200000000000000e+04,8.495000000000000000e+03,1.771700000000000000e+04,0.000000000000000000e+00
3.780000000000000000e+02,5.589300000000000000e+04,3.427500000000000000e+04,1.640600000000000000e+04,-1.000000000000000000e+00
3.790000000000000000e+02,3.969600000000000000e+04,3.811700000000000000e+04,1.938300000000000000e+04,-1.000000000000000000e+00
3.800000000000000000e+02,5.602000000000000000e+04,3.480300000000000000e+04,1.648600000000000000e+04,-1.000000000000000000e+00
3.810000000000000000e+02,3.924000000000000000e+04,3.740800000000000000e+04,1.939000000000000000e+04,-1.000000000000000000e+00
3.820000000000000000e+02,5.595300000000000000e+04,3.393100000000000000e+04,1.801900000000000000e+04,-1.000000000000000000e+00
3.830000000000000000e+02,4.157100000000000000e+04,1.884300000000000000e+04,3.604900000000000000e+04,0.000000000000000000e+00
3.840000000000000000e+02,4.271400000000000000e+04,2.184200000000000000e+04,3.717300000000000000e+04,0.000000000000000000e+00
3.850000000000000000e+02,5.210300000000000000e+04,1.991100000000000000e+04,3.697100000000000000e+04,0.000000000000000000e+00
3.860000000000000000e+02,5.329200000000000000e+04,1.926200000000000000e+04,3.716800000000000000e+04,0.000000000000000000e+00
3.870000000000000000e+02,3.411400000000000000e+04,1.926800000000000000e+04,3.550700000000000000e+04,-1.000000000000000000e+00
3.880000000000000000e+02,6.456000000000000000e+04,1.055200000000000000e+04,3.204200000000000000e+04,-1.000000000000000000e+00
3.890000000000000000e+02,3.358300000000000000e+04,1.352100000000000000e+04,3.405800000000000000e+04,-1.000000000000000000e+00
3.900000000000000000e+02,6.253900000000000000e+04,1.205500000000000000e+04,3.349200000000000000e+04,-1.000000000000000000e+00
3.910000000000000000e+02,5.399300000000000000e+04,1.945500000000000000e+04,3.551100000000000000e+04,0.000000000000000000e+00
3.920000000000000000e+02,4.285000000000000000e+04,2.040400000000000000e+04,3.501800000000000000e+04,0.000000000000000000e+00
3.930000000000000000e+02,4.232200000000000000e+04,1.961600000000000000e+04,3.500000000000000000e+04,0.000000000000000000e+00
3.940000000000000000e+02,5.437200000000000000e+04,2.049200000000000000e+04,3.499200000000000000e+04,0.000000000000000000e+00
3.950000000000000000e+02,3.273200000000000000e+04,2.305800000000000000e+04,1.524600000000000000e+04,-1.000000000000000000e+00
3.960000000000000000e+02,6.423100000000000000e+04,2.212300000000000000e+04,1.423700000000000000e+04,-1.000000000000000000e+00
3.970000000000000000e+02,3.231200000000000000e+04,2.317600000000000000e+04,1.610200000000000000e+04,-1.000000000000000000e+00
3.980000000000000000e+02,6.311400000000000000e+04,2.440800000000000000e+04,1.539200000000000000e+04,-1.000000000000000000e+00
3.990000000000000000e+02,5.260000000000000000e+04,1.847600000000000000e+04,3.455000000000000000e+04,1.000000000000000000e+00
4.000000000000000000e+02,4.159400000000000000e+04,1.748500000000000000e+04,3.537400000000000000e+04,1.000000000000000000e+00
4.010000000000000000e+02,6.261700000000000000e+04,1.348500000000000000e+04,3.388100000000000000e+04,-1.000000000000000000e+00
4.020000000000000000e+02,6.304600000000000000e+04,1.105400000000000000e+04,3.326200000000000000e+04,-1.000000000000000000e+00
4.030000000000000000e+02,3.242300000000000000e+04,1.482000000000000000e+04,3.419800000000000000e+04,-1.000000000000000000e+00
4.040000000000000000e+02,6.208600000000000000e+04,1.053300000000000000e+04,3.282400000000000000e+04,-1.000000000000000000e+00
4.050000000000000000e+02,3.236500000000000000e+04,1.356400000000000000e+04,3.380100000000000000e+04,-1.000000000000000000e+00
4.060000000000000000e+02,3.317800000000000000e+04,1.514900000000000000e+04,3.427500000000000000e+04,-1.000000000000000000e+00
4.070000000000000000e+02,6.317600000000000000e+04,1.015400000000000000e+04,3.235700000000000000e+04,-1.000000000000000000e+00
4.080000000000000000e+02,4.452400000000000000e+04,4.328200000000000000e+04,1.742200000000000000e+04,-1.000000000000000000e+00
4.090000000000000000e+02,4.877100000000000000e+04,4.192000000000000000e+04,3.779200000000000000e+04,-1.000000000000000000e+00
4.100000000000000000e+02,5.574700000000000000e+04,4.470800000000000000e+04,2.444600000000000000e+04,-1.000000000000000000e+00
4.110000000000000000e+02,3.853000000000000000e+04,4.325000000000000000e+04,2.134200000000000000e+04,-1.000000000000000000e+00
4.120000000000000000e+02,4.521100000000000000e+04,3.547000000000000000e+04,1.406700000000000000e+04,1.000000000000000000e+00
4.130000000000000000e+02,5.306200000000000000e+04,3.454600000000000000e+04,1.562800000000000000e+04,1.000000000000000000e+00
4.140000000000000000e+02,3.509200000000000000e+04,4.030600000000000000e+04,3.079000000000000000e+04,-1.000000000000000000e+00
4.150000000000000000e+02,5.185600000000000000e+04,3.361900000000000000e+04,1.442700000000000000e+04,1.000000000000000000e+00
4.160000000000000000e+02,5.639000000000000000e+04,4.546900000000000000e+04,2.616300000000000000e+04,1.000000000000000000e+00
4.170000000000000000e+02,4.241400000000000000e+04,4.752000000000000000e+04,2.516600000000000000e+04,1.000000000000000000e+00
4.180000000000000000e+02,3.647800000000000000e+04,3.960800000000000000e+04,2.094400000000000000e+04,-1.000000000000000000e+00
4.190000000000000000e+02,4.294800000000000000e+04,4.472500000000000000e+04,1.813800000000000000e+04,-1.000000000000000000e+00
4.200000000000000000e+02,4.314900000000000000e+04,4.428900000000000000e+04,1.777100000000000000e+04,-1.000000000000000000e+00
4.210000000000000000e+02,3.941600000000000000e+04,3.928000000000000000e+04,1.466200000000000000e+04,-1.000000000000000000e+00
4.220000000000000000e+02,5.073800000000000000e+04,3.538000000000000000e+04,1.534600000000000000e+04,-1.000000000000000000e+00
4.230000000000000000e+02,3.669300000000000000e+04,3.926400000000000000e+04,2.173500000000000000e+04,-1.000000000000000000e+00
4.240000000000000000e+02,6.144000000000000000e+04,3.601600000000000000e+04,1.900800000000000000e+04,-1.000000000000000000e+00
4.250000000000000000e+02,6.282500000000000000e+04,3.815100000000000000e+04,3.107000000000000000e+04,1.000000000000000000e+00
4.260000000000000000e+02,3.406000000000000000e+04,4.056600000000000000e+04,2.749500000000000000e+04,1.000000000000000000e+00
4.270000000000000000e+02,4.955000000000000000e+04,4.248400000000000000e+04,3.885000000000000000e+04,1.000000000000000000e+00
4.280000000000000000e+02,4.878200000000000000e+04,4.400400000000000000e+04,3.860400000000000000e+04,1.000000000000000000e+00
4.290000000000000000e+02,3.775500000000000000e+04,4.235100000000000000e+04,1.912400000000000000e+04,-1.000000000000000000e+00
4.300000000000000000e+02,4.867400000000000000e+04,4.767200000000000000e+04,2.959500000000000000e+04,-1.000000000000000000e+00
4.310000000000000000e+02,5.310400000000000000e+04,4.335600000000000000e+04,1.904600000000000000e+04,-1.000000000000000000e+00
4.320000000000000000e+02,3.376900000000000000e+04,4.041800000000000000e+04,2.838700000000000000e+04,1.000000000000000000e+00
4.330000000000000000e+02,3.662800000000000000e+04,4.143800000000000000e+04,2.141200000000000000e+04,-1.000000000000000000e+00
4.340000000000000000e+02,3.324400000000000000e+04,3.987900000000000000e+04,2.747600000000000000e+04,-1.000000000000000000e+00
4.350000000000000000e+02,4.867100000000000000e+04,4.870900000000000000e+04,2.596300000000000000e+04,-1.000000000000000000e+00
4.360000000000000000e+02,5.040500000000000000e+04,4.219400000000000000e+04,3.757900000000000000e+04,1.000000000000000000e+00
4.370000000000000000e+02,4.567300000000000000e+04,4.331700000000000000e+04,3.772700000000000000e+04,1.000000000000000000e+00
4.380000000000000000e+02,6.071700000000000000e+04,2.577100000000000000e+04,1.860100000000000000e+04,-1.000000000000000000e+00
4.390000000000000000e+02,3.605500000000000000e+04,2.440900000000000000e+04,1.790400000000000000e+04,-1.000000000000000000e+00
4.400000000000000000e+02,6.225100000000000000e+04,2.368800000000000000e+04,1.639400000000000000e+04,-1.000000000000000000e+00
4.410000000000000000e+02,3.590700000000000000e+04,2.505300000000000000e+04,1.752500000000000000e+04,-1.000000000000000000e+00
4.420000000000000000e+02,3.506600000000000000e+04,2.302000000000000000e+04,1.808300000000000000e+04,-1.000000000000000000e+00
4.430000000000000000e+02,6.159800000000000000e+04,2.332600000000000000e+04,1.695400000000000000e+04,-1.000000000000000000e+00
4.440000000000000000e+02,5.177100000000000000e+04,1.155300000000000000e+04,3.013800000000000000e+04,1.000000000000000000e+00
4.450000000000000000e+02,4.274000000000000000e+04,1.287800000000000000e+04,3.012300000000000000e+04,1.000000000000000000e+00
4.460000000000000000e+02,4.043200000000000000e+04,2.610800000000000000e+04,3.789600000000000000e+04,-1.000000000000000000e+00
4.470000000000000000e+02,5.865900000000000000e+04,2.386700000000000000e+04,3.671200000000000000e+04,-1.000000000000000000e+00
4.480000000000000000e+02,3.727400000000000000e+04,1.557600000000000000e+04,1.520800000000000000e+04,1.000000000000000000e+00
4.490000000000000000e+02,5.884700000000000000e+04,1.406200000000000000e+04,1.590700000000000000e+04,1.000000000000000000e+00
4.500000000000000000e+02,5.975800000000000000e+04,1.566500000000000000e+04,1.527100000000000000e+04,1.000000000000000000e+00
4.510000000000000000e+02,3.620600000000000000e+04,1.674800000000000000e+04,1.453700000000000000e+04,1.000000000000000000e+00
4.520000000000000000e+02,4.022300000000000000e+04,1.827300000000000000e+04,1.282200000000000000e+04,-1.000000000000000000e+00
4.530000000000000000e+02,6.144000000000000000e+04,1.485600000000000000e+04,1.564600000000000000e+04,-1.000000000000000000e+00
4.540000000000000000e+02,6.394700000000000000e+04,2.627400000000000000e+04,1.536500000000000000e+04,-1.000000000000000000e+00
4.550000000000000000e+02,3.314000000000000000e+04,3.017000000000000000e+04,1.712400000000000000e+04,-1.000000000000000000e+00
4.560000000000000000e+02,2.462400000000000000e+04,2.364000000000000000e+04,2.149400000000000000e+04,-1.000000000000000000e+00
4.570000000000000000e+02,7.238000000000000000e+04,2.049800000000000000e+04,2.169600000000000000e+04,-1.000000000000000000e+00
4.580000000000000000e+02,3.466900000000000000e+04,2.355600000000000000e+04,1.404700000000000000e+04,-1.000000000000000000e+00
4.590000000000000000e+02,6.190500000000000000e+04,2.001800000000000000e+04,1.295300000000000000e+04,-1.000000000000000000e+00
4.600000000000000000e+02,6.220700000000000000e+04,1.961100000000000000e+04,1.430900000000000000e+04,-1.000000000000000000e+00
4.610000000000000000e+02,5.768000000000000000e+04,3.574800000000000000e+04,1.769700000000000000e+04,-1.000000000000000000e+00
4.620000000000000000e+02,5.739800000000000000e+04,3.579900000000000000e+04,1.700400000000000000e+04,-1.000000000000000000e+00
4.630000000000000000e+02,5.817000000000000000e+04,2.013200000000000000e+04,1.150500000000000000e+04,-1.000000000000000000e+00
4.640000000000000000e+02,6.512700000000000000e+04,2.668200000000000000e+04,1.599700000000000000e+04,-1.000000000000000000e+00
4.650000000000000000e+02,3.157200000000000000e+04,2.858100000000000000e+04,1.625500000000000000e+04,-1.000000000000000000e+00
4.660000000000000000e+02,3.423900000000000000e+04,2.576600000000000000e+04,1.635700000000000000e+04,-1.000000000000000000e+00
4.670000000000000000e+02,6.489000000000000000e+04,2.303800000000000000e+04,1.489600000000000000e+04,-1.000000000000000000e+00
4.680000000000000000e+02,4.823900000000000000e+04,1.965800000000000000e+04,1.263200000000000000e+04,1.000000000000000000e+00
4.690000000000000000e+02,3.896800000000000000e+04,2.216900000000000000e+04,1.354400000000000000e+04,-1.000000000000000000e+00
4.700000000000000000e+02,6.490800000000000000e+04,2.252000000000000000e+04,1.356800000000000000e+04,-1.000000000000000000e+00
4.710000000000000000e+02,3.204100000000000000e+04,2.239200000000000000e+04,1.619500000000000000e+04,-1.000000000000000000e+00
4.720000000000000000e+02,6.437700000000000000e+04,2.186500000000000000e+04,1.340200000000000000e+04,-1.000000000000000000e+00
4.730000000000000000e+02,3.308000000000000000e+04,1.846600000000000000e+04,1.632600000000000000e+04,-1.000000000000000000e+00
4.740000000000000000e+02,3.154000000000000000e+04,2.191600000000000000e+04,1.663400000000000000e+04,0.000000000000000000e+00
4.750000000000000000e+02,6.259000000000000000e+04,2.165400000000000000e+04,1.297200000000000000e+04,0.000000000000000000e+00
4.760000000000000000e+02,3.189200000000000000e+04,2.419800000000000000e+04,1.416000000000000000e+04,-1.000000000000000000e+00
4.770000000000000000e+02,6.027100000000000000e+04,2.051100000000000000e+04,1.205800000000000000e+04,-1.000000000000000000e+00
4.780000000000000000e+02,3.387300000000000000e+04,2.516900000000000000e+04,1.559500000000000000e+04,-1.000000000000000000e+00
4.790000000000000000e+02,6.276300000000000000e+04,2.374400000000000000e+04,1.588300000000000000e+04,-1.000000000000000000e+00
4.800000000000000000e+02,4.849700000000000000e+04,1.350900000000000000e+04,2.814100000000000000e+04,1.000000000000000000e+00
4.810000000000000000e+02,4.877900000000000000e+04,1.384300000000000000e+04,2.938100000000000000e+04,1.000000000000000000e+00
4.820000000000000000e+02,4.976600000000000000e+04,9.373000000000000000e+03,2.594800000000000000e+04,-1.000000000000000000e+00
4.830000000000000000e+02,6.252300000000000000e+04,2.220000000000000000e+04,3.553200000000000000e+04,1.000000000000000000e+00
4.840000000000000000e+02,6.206600000000000000e+04,1.784600000000000000e+04,3.462900000000000000e+04,-1.000000000000000000e+00
4.850000000000000000e+02,3.248300000000000000e+04,1.877400000000000000e+04,3.572000000000000000e+04,-1.000000000000000000e+00
4.860000000000000000e+02,7.294700000000000000e+04,1.631200000000000000e+04,2.805700000000000000e+04,1.000000000000000000e+00
4.870000000000000000e+02,5.971100000000000000e+04,1.947000000000000000e+04,3.705200000000000000e+04,-1.000000000000000000e+00
4.880000000000000000e+02,3.616600000000000000e+04,2.269800000000000000e+04,3.743300000000000000e+04,-1.000000000000000000e+00
4.890000000000000000e+02,5.398500000000000000e+04,1.939800000000000000e+04,3.363900000000000000e+04,1.000000000000000000e+00
4.900000000000000000e+02,4.446300000000000000e+04,1.930000000000000000e+04,3.427100000000000000e+04,1.000000000000000000e+00
4.910000000000000000e+02,4.086300000000000000e+04,2.005100000000000000e+04,3.638500000000000000e+04,1.000000000000000000e+00
4.920000000000000000e+02,5.530800000000000000e+04,1.981800000000000000e+04,3.418900000000000000e+04,1.000000000000000000e+00
4.930000000000000000e+02,5.512100000000000000e+04,3.357600000000000000e+04,1.796200000000000000e+04,1.000000000000000000e+00
4.940000000000000000e+02,5.889900000000000000e+04,3.622000000000000000e+04,1.811400000000000000e+04,-1.000000000000000000e+00
4.950000000000000000e+02,nan,nan,nan,-1.000000000000000000e+00
4.960000000000000000e+02,5.734200000000000000e+04,3.374100000000000000e+04,1.739900000000000000e+04,-1.000000000000000000e+00
4.970000000000000000e+02,4.111700000000000000e+04,3.615500000000000000e+04,1.845700000000000000e+04,-1.000000000000000000e+00
4.980000000000000000e+02,2.406500000000000000e+04,1.288300000000000000e+04,2.750300000000000000e+04,-1.000000000000000000e+00
4.990000000000000000e+02,7.305800000000000000e+04,1.148600000000000000e+04,2.524600000000000000e+04,-1.000000000000000000e+00
5.000000000000000000e+02,2.325400000000000000e+04,1.395600000000000000e+04,2.701600000000000000e+04,-1.000000000000000000e+00
5.010000000000000000e+02,2.316600000000000000e+04,2.256400000000000000e+04,2.651800000000000000e+04,-1.000000000000000000e+00
5.020000000000000000e+02,2.432400000000000000e+04,2.267600000000000000e+04,2.518800000000000000e+04,1.000000000000000000e+00
5.030000000000000000e+02,2.492900000000000000e+04,1.816200000000000000e+04,3.167000000000000000e+04,-1.000000000000000000e+00
5.040000000000000000e+02,2.407700000000000000e+04,1.734500000000000000e+04,2.789800000000000000e+04,-1.000000000000000000e+00
5.050000000000000000e+02,7.178400000000000000e+04,1.743500000000000000e+04,2.634600000000000000e+04,-1.000000000000000000e+00
5.060000000000000000e+02,2.373100000000000000e+04,1.810700000000000000e+04,2.747200000000000000e+04,-1.000000000000000000e+00
5.070000000000000000e+02,7.269000000000000000e+04,2.044400000000000000e+04,2.288600000000000000e+04,-1.000000000000000000e+00
5.080000000000000000e+02,2.394400000000000000e+04,2.122300000000000000e+04,2.449800000000000000e+04,-1.000000000000000000e+00
5.090000000000000000e+02,2.289000000000000000e+04,2.172400000000000000e+04,2.399900000000000000e+04,-1.000000000000000000e+00
5.100000000000000000e+02,5.171200000000000000e+04,1.430300000000000000e+04,1.187900000000000000e+04,1.000000000000000000e+00
5.110000000000000000e+02,4.138200000000000000e+04,1.473400000000000000e+04,1.256200000000000000e+04,1.000000000000000000e+00
5.120000000000000000e+02,2.173500000000000000e+04,1.629000000000000000e+04,2.589100000000000000e+04,-1.000000000000000000e+00
5.130000000000000000e+02,7.355400000000000000e+04,1.430700000000000000e+04,2.568300000000000000e+04,-1.000000000000000000e+00
5.140000000000000000e+02,7.210600000000000000e+04,1.742700000000000000e+04,2.576300000000000000e+04,-1.000000000000000000e+00
5.150000000000000000e+02,2.406900000000000000e+04,1.886900000000000000e+04,2.742900000000000000e+04,-1.000000000000000000e+00
5.160000000000000000e+02,7.268500000000000000e+04,1.614000000000000000e+04,2.039800000000000000e+04,-1.000000000000000000e+00
5.170000000000000000e+02,2.359800000000000000e+04,1.582100000000000000e+04,2.399000000000000000e+04,-1.000000000000000000e+00
5.180000000000000000e+02,7.235800000000000000e+04,1.494000000000000000e+04,2.602100000000000000e+04,-1.000000000000000000e+00
5.190000000000000000e+02,2.498800000000000000e+04,1.798500000000000000e+04,2.732400000000000000e+04,-1.000000000000000000e+00
5.200000000000000000e+02,2.315300000000000000e+04,2.208300000000000000e+04,2.484500000000000000e+04,-1.000000000000000000e+00
5.210000000000000000e+02,7.363500000000000000e+04,2.137700000000000000e+04,2.259800000000000000e+04,-1.000000000000000000e+00
5.220000000000000000e+02,2.260400000000000000e+04,2.291700000000000000e+04,2.415600000000000000e+04,-1.000000000000000000e+00
5.230000000000000000e+02,7.223300000000000000e+04,2.018100000000000000e+04,2.228400000000000000e+04,-1.000000000000000000e+00
5.240000000000000000e+02,7.160200000000000000e+04,1.656600000000000000e+04,2.626900000000000000e+04,-1.000000000000000000e+00
5.250000000000000000e+02,2.349300000000000000e+04,1.805400000000000000e+04,2.683400000000000000e+04,-1.000000000000000000e+00
5.260000000000000000e+02,2.934700000000000000e+04,1.038800000000000000e+04,3.209400000000000000e+04,-1.000000000000000000e+00
5.270000000000000000e+02,6.742800000000000000e+04,1.107100000000000000e+04,3.202000000000000000e+04,-1.000000000000000000e+00
5.280000000000000000e+02,5.780400000000000000e+04,7.270000000000000000e+03,3.060300000000000000e+04,1.000000000000000000e+00
5.290000000000000000e+02,3.854400000000000000e+04,8.508000000000000000e+03,3.011700000000000000e+04,1.000000000000000000e+00
5.300000000000000000e+02,3.635400000000000000e+04,7.394000000000000000e+03,3.138800000000000000e+04,-1.000000000000000000e+00
5.310000000000000000e+02,4.370300000000000000e+04,1.903800000000000000e+04,3.588500000000000000e+04,1.000000000000000000e+00
5.320000000000000000e+02,5.303800000000000000e+04,1.728000000000000000e+04,3.442600000000000000e+04,1.000000000000000000e+00
5.330000000000000000e+02,5.275200000000000000e+04,1.266600000000000000e+04,3.145000000000000000e+04,1.000000000000000000e+00
5.340000000000000000e+02,4.417300000000000000e+04,1.337800000000000000e+04,3.164300000000000000e+04,1.000000000000000000e+00
5.350000000000000000e+02,4.122500000000000000e+04,2.619000000000000000e+04,3.810500000000000000e+04,-1.000000000000000000e+00
5.360000000000000000e+02,5.942400000000000000e+04,2.443800000000000000e+04,3.687800000000000000e+04,-1.000000000000000000e+00
5.370000000000000000e+02,2.526800000000000000e+04,1.882400000000000000e+04,3.136200000000000000e+04,1.000000000000000000e+00
5.380000000000000000e+02,2.758400000000000000e+04,1.516000000000000000e+04,3.467200000000000000e+04,1.000000000000000000e+00
5.390000000000000000e+02,7.011900000000000000e+04,1.212800000000000000e+04,3.277500000000000000e+04,1.000000000000000000e+00
5.400000000000000000e+02,6.543000000000000000e+04,1.090000000000000000e+04,3.227800000000000000e+04,1.000000000000000000e+00
5.410000000000000000e+02,3.064300000000000000e+04,1.335300000000000000e+04,3.378600000000000000e+04,1.000000000000000000e+00
5.420000000000000000e+02,7.293200000000000000e+04,1.034000000000000000e+04,2.875000000000000000e+04,-1.000000000000000000e+00
5.430000000000000000e+02,2.355600000000000000e+04,1.267600000000000000e+04,3.095600000000000000e+04,-1.000000000000000000e+00
5.440000000000000000e+02,7.256900000000000000e+04,1.384600000000000000e+04,3.288700000000000000e+04,0.000000000000000000e+00
5.450000000000000000e+02,2.378800000000000000e+04,1.376400000000000000e+04,3.337000000000000000e+04,0.000000000000000000e+00
5.460000000000000000e+02,4.178200000000000000e+04,3.638500000000000000e+04,1.694600000000000000e+04,-1.000000000000000000e+00
5.470000000000000000e+02,5.957400000000000000e+04,3.505400000000000000e+04,1.678000000000000000e+04,-1.000000000000000000e+00
5.480000000000000000e+02,2.336000000000000000e+04,2.865400000000000000e+04,2.119000000000000000e+04,1.000000000000000000e+00
5.490000000000000000e+02,7.062100000000000000e+04,2.677200000000000000e+04,1.782000000000000000e+04,1.000000000000000000e+00
5.500000000000000000e+02,5.296600000000000000e+04,3.139400000000000000e+04,1.488200000000000000e+04,1.000000000000000000e+00
5.510000000000000000e+02,4.592600000000000000e+04,3.187100000000000000e+04,1.558400000000000000e+04,1.000000000000000000e+00
5.520000000000000000e+02,3.679400000000000000e+04,2.476400000000000000e+04,1.748800000000000000e+04,-1.000000000000000000e+00
5.530000000000000000e+02,5.953000000000000000e+04,2.251300000000000000e+04,1.613600000000000000e+04,-1.000000000000000000e+00
5.540000000000000000e+02,4.749100000000000000e+04,8.285000000000000000e+03,1.791900000000000000e+04,-1.000000000000000000e+00
5.550000000000000000e+02,4.866400000000000000e+04,9.108000000000000000e+03,1.671400000000000000e+04,-1.000000000000000000e+00
5.560000000000000000e+02,4.713400000000000000e+04,7.213000000000000000e+03,1.831900000000000000e+04,-1.000000000000000000e+00
5.570000000000000000e+02,4.991900000000000000e+04,7.552000000000000000e+03,1.875000000000000000e+04,-1.000000000000000000e+00
5.580000000000000000e+02,4.880400000000000000e+04,7.550000000000000000e+03,1.780100000000000000e+04,-1.000000000000000000e+00
5.590000000000000000e+02,4.624900000000000000e+04,8.490000000000000000e+03,1.618600000000000000e+04,-1.000000000000000000e+00
5.600000000000000000e+02,4.541800000000000000e+04,7.850000000000000000e+03,1.853500000000000000e+04,-1.000000000000000000e+00
5.610000000000000000e+02,4.799800000000000000e+04,7.044000000000000000e+03,1.738200000000000000e+04,-1.000000000000000000e+00
5.620000000000000000e+02,3.581000000000000000e+04,2.205700000000000000e+04,1.888800000000000000e+04,-1.000000000000000000e+00
5.630000000000000000e+02,6.140100000000000000e+04,1.987500000000000000e+04,1.629400000000000000e+04,-1.000000000000000000e+00
5.640000000000000000e+02,3.488500000000000000e+04,2.163800000000000000e+04,1.799700000000000000e+04,-1.000000000000000000e+00
5.650000000000000000e+02,6.300000000000000000e+04,1.997100000000000000e+04,1.750800000000000000e+04,-1.000000000000000000e+00
5.660000000000000000e+02,4.079200000000000000e+04,1.007000000000000000e+04,1.689400000000000000e+04,-1.000000000000000000e+00
5.670000000000000000e+02,6.520000000000000000e+04,2.435800000000000000e+04,1.461000000000000000e+04,-1.000000000000000000e+00
5.680000000000000000e+02,6.400700000000000000e+04,2.443700000000000000e+04,1.550400000000000000e+04,-1.000000000000000000e+00
5.690000000000000000e+02,3.356000000000000000e+04,2.404400000000000000e+04,1.354700000000000000e+04,-1.000000000000000000e+00
5.700000000000000000e+02,3.238400000000000000e+04,2.363400000000000000e+04,1.385500000000000000e+04,-1.000000000000000000e+00
5.710000000000000000e+02,5.595400000000000000e+04,1.843700000000000000e+04,1.193900000000000000e+04,-1.000000000000000000e+00
5.720000000000000000e+02,4.084400000000000000e+04,1.942000000000000000e+04,1.339600000000000000e+04,-1.000000000000000000e+00
5.730000000000000000e+02,5.053000000000000000e+04,3.360400000000000000e+04,1.675000000000000000e+04,1.000000000000000000e+00
5.740000000000000000e+02,4.958800000000000000e+04,3.407200000000000000e+04,1.682100000000000000e+04,1.000000000000000000e+00
5.750000000000000000e+02,4.557100000000000000e+04,3.540800000000000000e+04,1.606000000000000000e+04,1.000000000000000000e+00
5.760000000000000000e+02,4.621400000000000000e+04,3.557200000000000000e+04,1.589900000000000000e+04,1.000000000000000000e+00
5.770000000000000000e+02,4.962100000000000000e+04,3.360000000000000000e+04,1.689600000000000000e+04,1.000000000000000000e+00
5.780000000000000000e+02,4.643400000000000000e+04,3.379000000000000000e+04,1.732200000000000000e+04,1.000000000000000000e+00
5.790000000000000000e+02,5.043600000000000000e+04,3.285200000000000000e+04,1.738800000000000000e+04,1.000000000000000000e+00
5.800000000000000000e+02,4.586400000000000000e+04,3.450400000000000000e+04,1.679500000000000000e+04,1.000000000000000000e+00
5.810000000000000000e+02,2.969000000000000000e+04,9.734000000000000000e+03,3.305900000000000000e+04,1.000000000000000000e+00
5.820000000000000000e+02,6.786400000000000000e+04,9.638000000000000000e+03,3.194800000000000000e+04,1.000000000000000000e+00
5.830000000000000000e+02,3.800300000000000000e+04,3.667300000000000000e+04,1.753700000000000000e+04,-1.000000000000000000e+00
5.840000000000000000e+02,5.709800000000000000e+04,3.285200000000000000e+04,1.496400000000000000e+04,-1.000000000000000000e+00
5.850000000000000000e+02,6.507900000000000000e+04,2.003100000000000000e+04,3.510900000000000000e+04,1.000000000000000000e+00
5.860000000000000000e+02,3.394400000000000000e+04,2.180900000000000000e+04,3.525700000000000000e+04,1.000000000000000000e+00
5.870000000000000000e+02,3.478900000000000000e+04,1.973800000000000000e+04,3.565300000000000000e+04,1.000000000000000000e+00
5.880000000000000000e+02,6.205400000000000000e+04,1.936100000000000000e+04,3.587200000000000000e+04,1.000000000000000000e+00
5.890000000000000000e+02,4.411500000000000000e+04,1.245300000000000000e+04,2.893500000000000000e+04,1.000000000000000000e+00
5.900000000000000000e+02,5.304600000000000000e+04,1.303600000000000000e+04,3.032600000000000000e+04,1.000000000000000000e+00
5.910000000000000000e+02,4.116800000000000000e+04,2.307600000000000000e+04,3.704200000000000000e+04,1.000000000000000000e+00
5.920000000000000000e+02,6.247400000000000000e+04,2.068100000000000000e+04,1.620600000000000000e+04,-1.000000000000000000e+00
5.930000000000000000e+02,3.378400000000000000e+04,2.053700000000000000e+04,1.682000000000000000e+04,-1.000000000000000000e+00
5.940000000000000000e+02,5.705700000000000000e+04,9.594000000000000000e+03,1.806900000000000000e+04,-1.000000000000000000e+00
5.950000000000000000e+02,3.451200000000000000e+04,2.065800000000000000e+04,1.315800000000000000e+04,-1.000000000000000000e+00
5.960000000000000000e+02,5.831900000000000000e+04,1.363900000000000000e+04,1.558300000000000000e+04,-1.000000000000000000e+00
5.970000000000000000e+02,3.711600000000000000e+04,1.590900000000000000e+04,1.406100000000000000e+04,-1.000000000000000000e+00
5.980000000000000000e+02,5.557600000000000000e+04,1.947400000000000000e+04,1.109600000000000000e+04,1.000000000000000000e+00
5.990000000000000000e+02,3.922600000000000000e+04,2.027300000000000000e+04,1.344300000000000000e+04,1.000000000000000000e+00
6.000000000000000000e+02,5.556200000000000000e+04,1.876400000000000000e+04,1.126600000000000000e+04,1.000000000000000000e+00
6.010000000000000000e+02,3.810700000000000000e+04,1.643100000000000000e+04,1.306100000000000000e+04,1.000000000000000000e+00
6.020000000000000000e+02,3.509400000000000000e+04,3.755600000000000000e+04,1.799700000000000000e+04,-1.000000000000000000e+00
6.030000000000000000e+02,5.598000000000000000e+04,3.228800000000000000e+04,1.289100000000000000e+04,-1.000000000000000000e+00
6.040000000000000000e+02,4.908200000000000000e+04,4.808700000000000000e+04,2.504500000000000000e+04,1.000000000000000000e+00
6.050000000000000000e+02,4.739100000000000000e+04,4.868700000000000000e+04,2.602200000000000000e+04,1.000000000000000000e+00
6.060000000000000000e+02,3.232300000000000000e+04,2.919200000000000000e+04,1.600900000000000000e+04,1.000000000000000000e+00
6.070000000000000000e+02,5.628600000000000000e+04,3.345000000000000000e+04,1.243500000000000000e+04,-1.000000000000000000e+00
6.080000000000000000e+02,3.681900000000000000e+04,3.597800000000000000e+04,1.398600000000000000e+04,-1.000000000000000000e+00
6.090000000000000000e+02,3.738800000000000000e+04,3.561200000000000000e+04,1.352800000000000000e+04,-1.000000000000000000e+00
6.100000000000000000e+02,5.706400000000000000e+04,3.340200000000000000e+04,1.236400000000000000e+04,-1.000000000000000000e+00
6.110000000000000000e+02,3.877000000000000000e+04,1.490600000000000000e+04,1.452000000000000000e+04,0.000000000000000000e+00
6.120000000000000000e+02,4.866700000000000000e+04,4.688400000000000000e+04,2.806500000000000000e+04,0.000000000000000000e+00
6.130000000000000000e+02,4.949700000000000000e+04,4.762000000000000000e+04,2.717900000000000000e+04,0.000000000000000000e+00
6.140000000000000000e+02,4.949300000000000000e+04,4.564500000000000000e+04,3.361300000000000000e+04,0.000000000000000000e+00
6.150000000000000000e+02,4.904000000000000000e+04,4.520400000000000000e+04,3.765000000000000000e+04,0.000000000000000000e+00
6.160000000000000000e+02,5.025900000000000000e+04,4.821000000000000000e+04,2.572800000000000000e+04,0.000000000000000000e+00
6.170000000000000000e+02,4.851300000000000000e+04,4.349500000000000000e+04,2.181200000000000000e+04,0.000000000000000000e+00
6.180000000000000000e+02,5.062800000000000000e+04,4.781200000000000000e+04,2.527300000000000000e+04,0.000000000000000000e+00
6.190000000000000000e+02,4.852700000000000000e+04,4.189800000000000000e+04,1.964500000000000000e+04,0.000000000000000000e+00
6.200000000000000000e+02,5.137300000000000000e+04,4.357000000000000000e+04,1.915800000000000000e+04,0.000000000000000000e+00
6.210000000000000000e+02,4.882800000000000000e+04,4.589700000000000000e+04,2.387700000000000000e+04,0.000000000000000000e+00
6.220000000000000000e+02,4.883900000000000000e+04,4.837900000000000000e+04,2.648200000000000000e+04,0.000000000000000000e+00
6.230000000000000000e+02,5.046000000000000000e+04,4.275400000000000000e+04,1.898400000000000000e+04,0.000000000000000000e+00
6.240000000000000000e+02,5.127300000000000000e+04,4.448500000000000000e+04,1.995200000000000000e+04,0.000000000000000000e+00
6.250000000000000000e+02,4.874900000000000000e+04,4.657500000000000000e+04,2.419200000000000000e+04,0.000000000000000000e+00
6.260000000000000000e+02,5.075900000000000000e+04,4.631300000000000000e+04,2.384400000000000000e+04,0.000000000000000000e+00
6.270000000000000000e+02,2.200800000000000000e+04,1.811300000000000000e+04,2.548100000000000000e+04,-1.000000000000000000e+00
6.280000000000000000e+02,6.627600000000000000e+04,3.661700000000000000e+04,2.299000000000000000e+04,-1.000000000000000000e+00
6.290000000000000000e+02,3.141800000000000000e+04,2.771800000000000000e+04,1.602500000000000000e+04,-1.000000000000000000e+00
6.300000000000000000e+02,3.262800000000000000e+04,2.850600000000000000e+04,1.639600000000000000e+04,-1.000000000000000000e+00
6.310000000000000000e+02,3.566900000000000000e+04,2.997200000000000000e+04,1.982000000000000000e+04,-1.000000000000000000e+00
6.320000000000000000e+02,3.416400000000000000e+04,2.996400000000000000e+04,1.791200000000000000e+04,-1.000000000000000000e+00
6.330000000000000000e+02,6.155400000000000000e+04,2.748200000000000000e+04,1.855000000000000000e+04,-1.000000000000000000e+00
6.340000000000000000e+02,3.204700000000000000e+04,3.687500000000000000e+04,2.229800000000000000e+04,-1.000000000000000000e+00
6.350000000000000000e+02,6.407700000000000000e+04,2.658500000000000000e+04,1.611200000000000000e+04,-1.000000000000000000e+00
6.360000000000000000e+02,5.987000000000000000e+04,3.001500000000000000e+04,2.006500000000000000e+04,-1.000000000000000000e+00
6.370000000000000000e+02,3.781200000000000000e+04,3.173200000000000000e+04,2.063100000000000000e+04,-1.000000000000000000e+00
6.380000000000000000e+02,6.219500000000000000e+04,2.290200000000000000e+04,1.512700000000000000e+04,-1.000000000000000000e+00
6.390000000000000000e+02,7.172800000000000000e+04,1.698000000000000000e+04,3.081600000000000000e+04,1.000000000000000000e+00
6.400000000000000000e+02,5.921400000000000000e+04,2.294000000000000000e+04,3.699800000000000000e+04,1.000000000000000000e+00
6.410000000000000000e+02,3.656600000000000000e+04,3.191500000000000000e+04,3.806400000000000000e+04,1.000000000000000000e+00
6.420000000000000000e+02,3.607900000000000000e+04,1.922300000000000000e+04,3.675400000000000000e+04,1.000000000000000000e+00
6.430000000000000000e+02,5.945500000000000000e+04,1.858900000000000000e+04,3.608900000000000000e+04,1.000000000000000000e+00
6.440000000000000000e+02,3.577500000000000000e+04,1.102500000000000000e+04,3.248600000000000000e+04,1.000000000000000000e+00
6.450000000000000000e+02,5.933400000000000000e+04,1.675400000000000000e+04,3.467000000000000000e+04,1.000000000000000000e+00
6.460000000000000000e+02,6.228600000000000000e+04,3.136600000000000000e+04,3.556400000000000000e+04,0.000000000000000000e+00
6.470000000000000000e+02,3.412700000000000000e+04,3.330000000000000000e+04,3.319000000000000000e+04,0.000000000000000000e+00
6.480000000000000000e+02,2.466800000000000000e+04,2.814400000000000000e+04,2.795100000000000000e+04,-1.000000000000000000e+00
6.490000000000000000e+02,7.072700000000000000e+04,2.890800000000000000e+04,2.791100000000000000e+04,-1.000000000000000000e+00
6.500000000000000000e+02,3.370500000000000000e+04,1.431000000000000000e+04,3.391100000000000000e+04,0.000000000000000000e+00
6.510000000000000000e+02,6.241600000000000000e+04,1.558800000000000000e+04,3.358500000000000000e+04,0.000000000000000000e+00
6.520000000000000000e+02,6.280000000000000000e+04,1.445000000000000000e+04,3.339400000000000000e+04,0.000000000000000000e+00
6.530000000000000000e+02,3.388900000000000000e+04,1.506400000000000000e+04,3.392600000000000000e+04,0.000000000000000000e+00
6.540000000000000000e+02,6.409800000000000000e+04,1.224400000000000000e+04,3.294300000000000000e+04,0.000000000000000000e+00
6.550000000000000000e+02,3.300200000000000000e+04,1.409100000000000000e+04,3.436400000000000000e+04,0.000000000000000000e+00
6.560000000000000000e+02,3.516400000000000000e+04,1.078400000000000000e+04,3.265400000000000000e+04,0.000000000000000000e+00
6.570000000000000000e+02,6.788000000000000000e+04,1.242200000000000000e+04,3.280400000000000000e+04,0.000000000000000000e+00
6.580000000000000000e+02,3.536600000000000000e+04,1.118200000000000000e+04,3.307200000000000000e+04,0.000000000000000000e+00
6.590000000000000000e+02,6.737200000000000000e+04,1.356000000000000000e+04,3.329600000000000000e+04,0.000000000000000000e+00
6.600000000000000000e+02,3.349200000000000000e+04,1.650800000000000000e+04,3.453800000000000000e+04,0.000000000000000000e+00
6.610000000000000000e+02,6.300200000000000000e+04,1.514600000000000000e+04,3.366400000000000000e+04,0.000000000000000000e+00
6.620000000000000000e+02,3.404300000000000000e+04,1.617100000000000000e+04,3.452300000000000000e+04,0.000000000000000000e+00
6.630000000000000000e+02,6.443400000000000000e+04,2.899800000000000000e+04,3.490800000000000000e+04,0.000000000000000000e+00
6.640000000000000000e+02,3.343800000000000000e+04,3.247000000000000000e+04,3.267800000000000000e+04,0.000000000000000000e+00
6.650000000000000000e+02,5.204600000000000000e+04,1.216200000000000000e+04,3.127900000000000000e+04,0.000000000000000000e+00
6.660000000000000000e+02,4.331600000000000000e+04,1.308600000000000000e+04,3.040400000000000000e+04,0.000000000000000000e+00
6.670000000000000000e+02,4.939500000000000000e+04,4.014100000000000000e+04,1.704200000000000000e+04,-1.000000000000000000e+00
6.680000000000000000e+02,6.089400000000000000e+04,2.873200000000000000e+04,1.956600000000000000e+04,1.000000000000000000e+00
6.690000000000000000e+02,3.533500000000000000e+04,3.189200000000000000e+04,1.999500000000000000e+04,1.000000000000000000e+00
6.700000000000000000e+02,6.621800000000000000e+04,3.428300000000000000e+04,1.990400000000000000e+04,-1.000000000000000000e+00
6.710000000000000000e+02,5.454400000000000000e+04,3.262400000000000000e+04,1.478400000000000000e+04,-1.000000000000000000e+00
6.720000000000000000e+02,3.998300000000000000e+04,3.602300000000000000e+04,1.630100000000000000e+04,-1.000000000000000000e+00
6.730000000000000000e+02,3.942400000000000000e+04,3.775400000000000000e+04,1.992800000000000000e+04,-1.000000000000000000e+00
6.740000000000000000e+02,5.783900000000000000e+04,3.503700000000000000e+04,1.800900000000000000e+04,-1.000000000000000000e+00
6.750000000000000000e+02,4.292100000000000000e+04,8.588000000000000000e+03,2.800400000000000000e+04,-1.000000000000000000e+00
6.760000000000000000e+02,5.314200000000000000e+04,7.504000000000000000e+03,2.792000000000000000e+04,-1.000000000000000000e+00
6.770000000000000000e+02,5.679200000000000000e+04,3.382800000000000000e+04,1.680600000000000000e+04,1.000000000000000000e+00
6.780000000000000000e+02,4.011300000000000000e+04,3.552600000000000000e+04,1.696300000000000000e+04,1.000000000000000000e+00
6.790000000000000000e+02,4.072800000000000000e+04,1.945900000000000000e+04,3.566000000000000000e+04,1.000000000000000000e+00
6.800000000000000000e+02,5.451800000000000000e+04,1.954000000000000000e+04,3.650400000000000000e+04,1.000000000000000000e+00
6.810000000000000000e+02,5.576600000000000000e+04,1.935600000000000000e+04,3.624400000000000000e+04,1.000000000000000000e+00
6.820000000000000000e+02,4.049400000000000000e+04,1.844000000000000000e+04,3.688400000000000000e+04,1.000000000000000000e+00
6.830000000000000000e+02,4.022100000000000000e+04,1.760400000000000000e+04,3.492700000000000000e+04,1.000000000000000000e+00
6.840000000000000000e+02,5.544200000000000000e+04,1.680700000000000000e+04,3.614800000000000000e+04,1.000000000000000000e+00
6.850000000000000000e+02,3.691600000000000000e+04,3.956000000000000000e+04,2.267800000000000000e+04,-1.000000000000000000e+00
6.860000000000000000e+02,2.621800000000000000e+04,1.587300000000000000e+04,2.490100000000000000e+04,1.000000000000000000e+00
6.870000000000000000e+02,7.193400000000000000e+04,1.024800000000000000e+04,2.502700000000000000e+04,1.000000000000000000e+00
6.880000000000000000e+02,6.286900000000000000e+04,1.194500000000000000e+04,1.966800000000000000e+04,-1.000000000000000000e+00
6.890000000000000000e+02,4.181500000000000000e+04,1.200900000000000000e+04,2.994100000000000000e+04,-1.000000000000000000e+00
6.900000000000000000e+02,2.515300000000000000e+04,2.318800000000000000e+04,2.008800000000000000e+04,1.000000000000000000e+00
6.910000000000000000e+02,7.211600000000000000e+04,2.014700000000000000e+04,2.004300000000000000e+04,1.000000000000000000e+00
6.920000000000000000e+02,7.203100000000000000e+04,2.241700000000000000e+04,1.923200000000000000e+04,1.000000000000000000e+00
6.930000000000000000e+02,2.549400000000000000e+04,2.227400000000000000e+04,2.066000000000000000e+04,1.000000000000000000e+00
6.940000000000000000e+02,7.232800000000000000e+04,1.926600000000000000e+04,1.959000000000000000e+04,-1.000000000000000000e+00
6.950000000000000000e+02,2.455300000000000000e+04,2.177900000000000000e+04,2.121900000000000000e+04,-1.000000000000000000e+00
6.960000000000000000e+02,6.138800000000000000e+04,2.124600000000000000e+04,1.827900000000000000e+04,-1.000000000000000000e+00
6.970000000000000000e+02,3.435700000000000000e+04,2.153600000000000000e+04,1.870500000000000000e+04,-1.000000000000000000e+00
6.980000000000000000e+02,3.556600000000000000e+04,2.429100000000000000e+04,1.710600000000000000e+04,-1.000000000000000000e+00
6.990000000000000000e+02,6.072800000000000000e+04,2.653800000000000000e+04,1.908400000000000000e+04,-1.000000000000000000e+00
7.000000000000000000e+02,7.055500000000000000e+04,1.985400000000000000e+04,1.773300000000000000e+04,1.000000000000000000e+00
7.010000000000000000e+02,2.322700000000000000e+04,2.965100000000000000e+04,2.043700000000000000e+04,1.000000000000000000e+00
7.020000000000000000e+02,2.448000000000000000e+04,2.786100000000000000e+04,2.106700000000000000e+04,1.000000000000000000e+00
7.030000000000000000e+02,7.135400000000000000e+04,2.519500000000000000e+04,1.794500000000000000e+04,1.000000000000000000e+00
7.040000000000000000e+02,6.258200000000000000e+04,1.709000000000000000e+04,3.439600000000000000e+04,-1.000000000000000000e+00
7.050000000000000000e+02,3.202100000000000000e+04,2.028200000000000000e+04,3.591900000000000000e+04,-1.000000000000000000e+00
7.060000000000000000e+02,5.857400000000000000e+04,7.906000000000000000e+03,3.074600000000000000e+04,0.000000000000000000e+00
7.070000000000000000e+02,4.071400000000000000e+04,8.560000000000000000e+03,2.865400000000000000e+04,0.000000000000000000e+00
7.080000000000000000e+02,5.366800000000000000e+04,8.474000000000000000e+03,2.887400000000000000e+04,-1.000000000000000000e+00
7.090000000000000000e+02,4.200800000000000000e+04,8.632000000000000000e+03,2.842400000000000000e+04,-1.000000000000000000e+00
7.100000000000000000e+02,6.237400000000000000e+04,3.064400000000000000e+04,3.697400000000000000e+04,1.000000000000000000e+00
7.110000000000000000e+02,3.608000000000000000e+04,2.203700000000000000e+04,3.819200000000000000e+04,1.000000000000000000e+00
7.120000000000000000e+02,3.382000000000000000e+04,2.305700000000000000e+04,3.665700000000000000e+04,1.000000000000000000e+00
7.130000000000000000e+02,6.003000000000000000e+04,2.691800000000000000e+04,3.835000000000000000e+04,1.000000000000000000e+00
7.140000000000000000e+02,3.772300000000000000e+04,2.409100000000000000e+04,3.771600000000000000e+04,1.000000000000000000e+00
7.150000000000000000e+02,3.855600000000000000e+04,2.600800000000000000e+04,3.716800000000000000e+04,1.000000000000000000e+00
7.160000000000000000e+02,6.118400000000000000e+04,2.461400000000000000e+04,3.639200000000000000e+04,1.000000000000000000e+00
7.170000000000000000e+02,6.153600000000000000e+04,3.048800000000000000e+04,3.668000000000000000e+04,1.000000000000000000e+00
7.180000000000000000e+02,3.719000000000000000e+04,2.390400000000000000e+04,3.688900000000000000e+04,1.000000000000000000e+00
7.190000000000000000e+02,3.639200000000000000e+04,2.893200000000000000e+04,3.751000000000000000e+04,1.000000000000000000e+00
7.200000000000000000e+02,5.886500000000000000e+04,2.367600000000000000e+04,3.741800000000000000e+04,1.000000000000000000e+00
7.210000000000000000e+02,2.978200000000000000e+04,2.507100000000000000e+04,3.166800000000000000e+04,1.000000000000000000e+00
7.220000000000000000e+02,3.631200000000000000e+04,1.948400000000000000e+04,3.612400000000000000e+04,1.000000000000000000e+00
7.230000000000000000e+02,5.873300000000000000e+04,2.000300000000000000e+04,3.618900000000000000e+04,1.000000000000000000e+00
7.240000000000000000e+02,5.914200000000000000e+04,1.942600000000000000e+04,3.639800000000000000e+04,1.000000000000000000e+00
7.250000000000000000e+02,3.545300000000000000e+04,1.926000000000000000e+04,3.617200000000000000e+04,1.000000000000000000e+00
7.260000000000000000e+02,3.513800000000000000e+04,2.213300000000000000e+04,3.795100000000000000e+04,-1.000000000000000000e+00
7.270000000000000000e+02,6.409000000000000000e+04,2.053800000000000000e+04,3.614300000000000000e+04,-1.000000000000000000e+00
7.280000000000000000e+02,5.384100000000000000e+04,2.006700000000000000e+04,3.673000000000000000e+04,1.000000000000000000e+00
7.290000000000000000e+02,4.212600000000000000e+04,2.106000000000000000e+04,3.542500000000000000e+04,1.000000000000000000e+00
7.300000000000000000e+02,3.231500000000000000e+04,2.139900000000000000e+04,1.772400000000000000e+04,-1.000000000000000000e+00
7.310000000000000000e+02,6.124600000000000000e+04,2.432500000000000000e+04,1.689600000000000000e+04,-1.000000000000000000e+00
7.320000000000000000e+02,6.115800000000000000e+04,3.960800000000000000e+04,3.031800000000000000e+04,1.000000000000000000e+00
7.330000000000000000e+02,3.713400000000000000e+04,4.130200000000000000e+04,2.916000000000000000e+04,1.000000000000000000e+00
7.340000000000000000e+02,5.237400000000000000e+04,1.673800000000000000e+04,3.341400000000000000e+04,0.000000000000000000e+00
7.350000000000000000e+02,4.198400000000000000e+04,1.614100000000000000e+04,3.434900000000000000e+04,0.000000000000000000e+00
7.360000000000000000e+02,4.428600000000000000e+04,7.351000000000000000e+03,1.808700000000000000e+04,-1.000000000000000000e+00
7.370000000000000000e+02,4.889600000000000000e+04,8.828000000000000000e+03,1.501400000000000000e+04,-1.000000000000000000e+00
7.380000000000000000e+02,3.483900000000000000e+04,1.185500000000000000e+04,1.872400000000000000e+04,0.000000000000000000e+00
7.390000000000000000e+02,5.553400000000000000e+04,8.396000000000000000e+03,1.884000000000000000e+04,0.000000000000000000e+00
7.400000000000000000e+02,3.632200000000000000e+04,8.192000000000000000e+03,2.113900000000000000e+04,-1.000000000000000000e+00
7.410000000000000000e+02,6.247600000000000000e+04,1.165000000000000000e+04,1.902500000000000000e+04,-1.000000000000000000e+00
7.420000000000000000e+02,4.180600000000000000e+04,1.990200000000000000e+04,3.447400000000000000e+04,1.000000000000000000e+00
7.430000000000000000e+02,5.324900000000000000e+04,1.998100000000000000e+04,3.556500000000000000e+04,1.000000000000000000e+00
7.440000000000000000e+02,2.269300000000000000e+04,1.373200000000000000e+04,2.779800000000000000e+04,-1.000000000000000000e+00
7.450000000000000000e+02,7.289600000000000000e+04,1.036900000000000000e+04,2.588700000000000000e+04,-1.000000000000000000e+00
7.460000000000000000e+02,2.344100000000000000e+04,1.378800000000000000e+04,2.811500000000000000e+04,-1.000000000000000000e+00
7.470000000000000000e+02,7.226000000000000000e+04,1.041200000000000000e+04,2.679400000000000000e+04,-1.000000000000000000e+00
7.480000000000000000e+02,2.256000000000000000e+04,1.722800000000000000e+04,2.753200000000000000e+04,-1.000000000000000000e+00
7.490000000000000000e+02,7.328900000000000000e+04,1.524600000000000000e+04,2.608300000000000000e+04,-1.000000000000000000e+00
7.500000000000000000e+02,7.258000000000000000e+04,1.505400000000000000e+04,2.543000000000000000e+04,-1.000000000000000000e+00
7.510000000000000000e+02,2.333800000000000000e+04,1.777100000000000000e+04,2.784700000000000000e+04,-1.000000000000000000e+00
7.520000000000000000e+02,2.201800000000000000e+04,1.373000000000000000e+04,2.769900000000000000e+04,-1.000000000000000000e+00
7.530000000000000000e+02,7.452200000000000000e+04,1.869600000000000000e+04,2.440800000000000000e+04,1.000000000000000000e+00
7.540000000000000000e+02,2.199200000000000000e+04,1.988900000000000000e+04,2.458900000000000000e+04,1.000000000000000000e+00
7.550000000000000000e+02,7.315400000000000000e+04,1.821900000000000000e+04,2.336400000000000000e+04,1.000000000000000000e+00
7.560000000000000000e+02,2.377000000000000000e+04,2.073000000000000000e+04,2.533400000000000000e+04,1.000000000000000000e+00
7.570000000000000000e+02,2.167600000000000000e+04,1.865300000000000000e+04,2.488000000000000000e+04,1.000000000000000000e+00
7.580000000000000000e+02,7.451700000000000000e+04,1.766600000000000000e+04,2.376100000000000000e+04,1.000000000000000000e+00
7.590000000000000000e+02,5.304900000000000000e+04,5.925000000000000000e+03,2.590100000000000000e+04,1.000000000000000000e+00
7.600000000000000000e+02,4.104500000000000000e+04,7.506000000000000000e+03,2.782000000000000000e+04,1.000000000000000000e+00
7.610000000000000000e+02,4.456800000000000000e+04,6.542000000000000000e+03,2.057200000000000000e+04,1.000000000000000000e+00
7.620000000000000000e+02,5.087800000000000000e+04,7.188000000000000000e+03,2.708200000000000000e+04,1.000000000000000000e+00
7.630000000000000000e+02,2.916600000000000000e+04,1.705000000000000000e+04,1.896800000000000000e+04,1.000000000000000000e+00
7.640000000000000000e+02,6.461500000000000000e+04,1.612500000000000000e+04,1.577800000000000000e+04,1.000000000000000000e+00
7.650000000000000000e+02,5.017000000000000000e+04,1.033700000000000000e+04,1.408100000000000000e+04,1.000000000000000000e+00
7.660000000000000000e+02,4.396600000000000000e+04,7.080000000000000000e+03,1.967000000000000000e+04,1.000000000000000000e+00
7.670000000000000000e+02,nan,nan,nan,-1.000000000000000000e+00
7.680000000000000000e+02,4.964200000000000000e+04,1.354100000000000000e+04,1.262200000000000000e+04,-1.000000000000000000e+00
7.690000000000000000e+02,4.786000000000000000e+04,9.115000000000000000e+03,1.498300000000000000e+04,-1.000000000000000000e+00
7.700000000000000000e+02,4.267200000000000000e+04,7.965000000000000000e+03,1.877200000000000000e+04,-1.000000000000000000e+00
7.710000000000000000e+02,5.091200000000000000e+04,7.788000000000000000e+03,1.690800000000000000e+04,-1.000000000000000000e+00
7.720000000000000000e+02,4.719200000000000000e+04,9.099000000000000000e+03,1.610900000000000000e+04,-1.000000000000000000e+00
7.730000000000000000e+02,4.440100000000000000e+04,1.091600000000000000e+04,1.473800000000000000e+04,-1.000000000000000000e+00
7.740000000000000000e+02,4.896000000000000000e+04,1.248200000000000000e+04,1.331400000000000000e+04,-1.000000000000000000e+00
7.750000000000000000e+02,4.733300000000000000e+04,1.495000000000000000e+04,1.243900000000000000e+04,-1.000000000000000000e+00
7.760000000000000000e+02,5.005800000000000000e+04,1.231700000000000000e+04,1.312700000000000000e+04,-1.000000000000000000e+00
7.770000000000000000e+02,5.083400000000000000e+04,1.101200000000000000e+04,1.349400000000000000e+04,-1.000000000000000000e+00
7.780000000000000000e+02,4.856300000000000000e+04,1.411600000000000000e+04,1.253000000000000000e+04,-1.000000000000000000e+00
7.790000000000000000e+02,4.793400000000000000e+04,1.401600000000000000e+04,1.264700000000000000e+04,-1.000000000000000000e+00
7.800000000000000000e+02,4.668400000000000000e+04,1.261400000000000000e+04,1.305800000000000000e+04,-1.000000000000000000e+00
7.810000000000000000e+02,5.671200000000000000e+04,1.859500000000000000e+04,1.210500000000000000e+04,1.000000000000000000e+00
7.820000000000000000e+02,3.710700000000000000e+04,2.015100000000000000e+04,1.412800000000000000e+04,1.000000000000000000e+00
7.830000000000000000e+02,4.146600000000000000e+04,2.008600000000000000e+04,1.340000000000000000e+04,1.000000000000000000e+00
7.840000000000000000e+02,5.532600000000000000e+04,1.732000000000000000e+04,1.141000000000000000e+04,1.000000000000000000e+00
7.850000000000000000e+02,5.171700000000000000e+04,1.080800000000000000e+04,1.379500000000000000e+04,-1.000000000000000000e+00
7.860000000000000000e+02,4.873700000000000000e+04,1.607100000000000000e+04,1.194500000000000000e+04,1.000000000000000000e+00
7.870000000000000000e+02,4.884100000000000000e+04,1.658000000000000000e+04,1.196100000000000000e+04,1.000000000000000000e+00
7.880000000000000000e+02,3.148600000000000000e+04,2.105600000000000000e+04,1.702800000000000000e+04,-1.000000000000000000e+00
7.890000000000000000e+02,3.984500000000000000e+04,3.486800000000000000e+04,1.501000000000000000e+04,-1.000000000000000000e+00
7.900000000000000000e+02,5.798500000000000000e+04,3.420000000000000000e+04,1.485600000000000000e+04,-1.000000000000000000e+00
7.910000000000000000e+02,6.010300000000000000e+04,2.116100000000000000e+04,1.568300000000000000e+04,-1.000000000000000000e+00
7.920000000000000000e+02,3.489200000000000000e+04,2.066800000000000000e+04,1.679200000000000000e+04,-1.000000000000000000e+00
7.930000000000000000e+02,3.483000000000000000e+04,1.138700000000000000e+04,3.402400000000000000e+04,1.000000000000000000e+00
7.940000000000000000e+02,6.681600000000000000e+04,1.291800000000000000e+04,3.305000000000000000e+04,1.000000000000000000e+00
7.950000000000000000e+02,6.995500000000000000e+04,1.371000000000000000e+04,3.341500000000000000e+04,1.000000000000000000e+00
7.960000000000000000e+02,3.446800000000000000e+04,1.048400000000000000e+04,3.268800000000000000e+04,1.000000000000000000e+00
7.970000000000000000e+02,6.442000000000000000e+04,1.298200000000000000e+04,3.321600000000000000e+04,0.000000000000000000e+00
7.980000000000000000e+02,4.615600000000000000e+04,1.413000000000000000e+04,3.297400000000000000e+04,-1.000000000000000000e+00
7.990000000000000000e+02,5.154800000000000000e+04,1.643000000000000000e+04,3.340200000000000000e+04,-1.000000000000000000e+00
8.000000000000000000e+02,4.440200000000000000e+04,1.730400000000000000e+04,3.165400000000000000e+04,-1.000000000000000000e+00
8.010000000000000000e+02,5.224900000000000000e+04,1.692300000000000000e+04,3.243300000000000000e+04,-1.000000000000000000e+00
8.020000000000000000e+02,5.135600000000000000e+04,9.378000000000000000e+03,2.916800000000000000e+04,-1.000000000000000000e+00
8.030000000000000000e+02,5.258700000000000000e+04,1.406100000000000000e+04,3.303300000000000000e+04,1.000000000000000000e+00
8.040000000000000000e+02,4.493500000000000000e+04,1.769000000000000000e+04,3.302500000000000000e+04,1.000000000000000000e+00
8.050000000000000000e+02,4.951200000000000000e+04,8.652000000000000000e+03,2.662200000000000000e+04,1.000000000000000000e+00
8.060000000000000000e+02,4.689000000000000000e+04,1.635600000000000000e+04,3.505400000000000000e+04,1.000000000000000000e+00
8.070000000000000000e+02,4.774400000000000000e+04,7.460000000000000000e+03,2.420900000000000000e+04,1.000000000000000000e+00
8.080000000000000000e+02,4.881400000000000000e+04,1.590400000000000000e+04,3.400600000000000000e+04,1.000000000000000000e+00
8.090000000000000000e+02,5.316400000000000000e+04,1.353800000000000000e+04,3.320200000000000000e+04,0.000000000000000000e+00
8.100000000000000000e+02,4.476000000000000000e+04,1.550400000000000000e+04,3.312800000000000000e+04,0.000000000000000000e+00
8.110000000000000000e+02,5.291900000000000000e+04,1.043400000000000000e+04,2.984300000000000000e+04,-1.000000000000000000e+00
8.120000000000000000e+02,4.672400000000000000e+04,1.133500000000000000e+04,2.812400000000000000e+04,-1.000000000000000000e+00
8.130000000000000000e+02,5.054000000000000000e+04,1.149800000000000000e+04,2.921400000000000000e+04,-1.000000000000000000e+00
8.140000000000000000e+02,5.053200000000000000e+04,9.790000000000000000e+03,2.701400000000000000e+04,-1.000000000000000000e+00
8.150000000000000000e+02,5.161800000000000000e+04,1.671600000000000000e+04,3.261600000000000000e+04,-1.000000000000000000e+00
8.160000000000000000e+02,4.600300000000000000e+04,1.693100000000000000e+04,3.232000000000000000e+04,-1.000000000000000000e+00
8.170000000000000000e+02,5.092200000000000000e+04,7.194000000000000000e+03,2.649800000000000000e+04,1.000000000000000000e+00
8.180000000000000000e+02,4.400900000000000000e+04,6.623000000000000000e+03,2.105200000000000000e+04,1.000000000000000000e+00
8.190000000000000000e+02,5.531600000000000000e+04,8.849000000000000000e+03,2.975000000000000000e+04,1.000000000000000000e+00
8.200000000000000000e+02,4.301800000000000000e+04,7.076000000000000000e+03,2.621100000000000000e+04,1.000000000000000000e+00
8.210000000000000000e+02,5.262400000000000000e+04,7.932000000000000000e+03,2.871100000000000000e+04,1.000000000000000000e+00
8.220000000000000000e+02,4.336000000000000000e+04,7.164000000000000000e+03,2.674400000000000000e+04,1.000000000000000000e+00
8.230000000000000000e+02,5.308000000000000000e+04,8.550000000000000000e+03,2.893000000000000000e+04,1.000000000000000000e+00
8.240000000000000000e+02,4.420800000000000000e+04,8.073000000000000000e+03,2.761700000000000000e+04,1.000000000000000000e+00
8.250000000000000000e+02,3.664600000000000000e+04,3.853000000000000000e+04,2.134800000000000000e+04,-1.000000000000000000e+00
8.260000000000000000e+02,6.003800000000000000e+04,3.605400000000000000e+04,1.641400000000000000e+04,-1.000000000000000000e+00
8.270000000000000000e+02,4.546200000000000000e+04,1.239200000000000000e+04,1.325400000000000000e+04,-1.000000000000000000e+00
8.280000000000000000e+02,4.802300000000000000e+04,1.518900000000000000e+04,1.307400000000000000e+04,-1.000000000000000000e+00
8.290000000000000000e+02,4.831300000000000000e+04,1.302100000000000000e+04,1.294700000000000000e+04,-1.000000000000000000e+00
8.300000000000000000e+02,4.781100000000000000e+04,9.913000000000000000e+03,1.494400000000000000e+04,-1.000000000000000000e+00
8.310000000000000000e+02,3.496000000000000000e+04,2.104600000000000000e+04,3.627700000000000000e+04,1.000000000000000000e+00
8.320000000000000000e+02,6.584500000000000000e+04,1.919800000000000000e+04,3.539700000000000000e+04,1.000000000000000000e+00
8.330000000000000000e+02,3.997900000000000000e+04,2.288500000000000000e+04,1.323600000000000000e+04,1.000000000000000000e+00
8.340000000000000000e+02,4.202200000000000000e+04,2.649500000000000000e+04,1.172000000000000000e+04,1.000000000000000000e+00
8.350000000000000000e+02,5.631200000000000000e+04,2.201300000000000000e+04,1.089700000000000000e+04,1.000000000000000000e+00
8.360000000000000000e+02,4.010200000000000000e+04,3.380000000000000000e+04,1.328600000000000000e+04,1.000000000000000000e+00
8.370000000000000000e+02,3.997000000000000000e+04,3.381100000000000000e+04,1.226600000000000000e+04,1.000000000000000000e+00
8.380000000000000000e+02,3.356700000000000000e+04,2.843600000000000000e+04,1.393400000000000000e+04,1.000000000000000000e+00
8.390000000000000000e+02,6.127300000000000000e+04,2.593200000000000000e+04,1.243300000000000000e+04,1.000000000000000000e+00
8.400000000000000000e+02,5.026800000000000000e+04,1.821200000000000000e+04,1.171300000000000000e+04,1.000000000000000000e+00
8.410000000000000000e+02,4.101700000000000000e+04,3.002400000000000000e+04,1.150300000000000000e+04,1.000000000000000000e+00
8.420000000000000000e+02,4.268000000000000000e+04,3.423700000000000000e+04,1.272200000000000000e+04,1.000000000000000000e+00
8.430000000000000000e+02,5.272000000000000000e+04,3.132200000000000000e+04,1.282200000000000000e+04,1.000000000000000000e+00
8.440000000000000000e+02,6.270100000000000000e+04,2.690100000000000000e+04,1.393400000000000000e+04,1.000000000000000000e+00
8.450000000000000000e+02,3.371100000000000000e+04,2.818600000000000000e+04,1.599300000000000000e+04,1.000000000000000000e+00
8.460000000000000000e+02,3.453400000000000000e+04,2.870800000000000000e+04,1.355600000000000000e+04,1.000000000000000000e+00
8.470000000000000000e+02,6.209600000000000000e+04,2.822200000000000000e+04,1.288300000000000000e+04,1.000000000000000000e+00
8.480000000000000000e+02,6.555400000000000000e+04,3.493800000000000000e+04,2.039000000000000000e+04,-1.000000000000000000e+00
8.490000000000000000e+02,3.329200000000000000e+04,3.529400000000000000e+04,1.777800000000000000e+04,-1.000000000000000000e+00
8.500000000000000000e+02,3.634200000000000000e+04,1.910800000000000000e+04,1.467400000000000000e+04,1.000000000000000000e+00
8.510000000000000000e+02,6.172900000000000000e+04,1.581800000000000000e+04,1.589200000000000000e+04,1.000000000000000000e+00
8.520000000000000000e+02,6.057100000000000000e+04,3.579500000000000000e+04,1.715700000000000000e+04,-1.000000000000000000e+00
8.530000000000000000e+02,3.603300000000000000e+04,3.803200000000000000e+04,2.032600000000000000e+04,-1.000000000000000000e+00
8.540000000000000000e+02,4.766400000000000000e+04,9.214000000000000000e+03,1.985900000000000000e+04,-1.000000000000000000e+00
8.550000000000000000e+02,4.768600000000000000e+04,9.490000000000000000e+03,2.207100000000000000e+04,-1.000000000000000000e+00
8.560000000000000000e+02,4.610600000000000000e+04,1.893100000000000000e+04,3.422500000000000000e+04,1.000000000000000000e+00
8.570000000000000000e+02,5.036800000000000000e+04,8.476000000000000000e+03,2.846600000000000000e+04,1.000000000000000000e+00
8.580000000000000000e+02,3.184800000000000000e+04,2.244500000000000000e+04,3.663300000000000000e+04,1.000000000000000000e+00
8.590000000000000000e+02,3.884400000000000000e+04,3.956500000000000000e+04,2.025900000000000000e+04,1.000000000000000000e+00
8.600000000000000000e+02,5.862800000000000000e+04,3.672200000000000000e+04,1.895400000000000000e+04,1.000000000000000000e+00
8.610000000000000000e+02,6.120200000000000000e+04,3.518200000000000000e+04,1.729800000000000000e+04,-1.000000000000000000e+00
8.620000000000000000e+02,3.737000000000000000e+04,3.892600000000000000e+04,2.110800000000000000e+04,-1.000000000000000000e+00
8.630000000000000000e+02,5.994000000000000000e+04,3.952800000000000000e+04,2.603000000000000000e+04,1.000000000000000000e+00
8.640000000000000000e+02,3.786500000000000000e+04,4.146800000000000000e+04,2.445000000000000000e+04,1.000000000000000000e+00
8.650000000000000000e+02,3.911400000000000000e+04,3.061600000000000000e+04,1.143000000000000000e+04,1.000000000000000000e+00
8.660000000000000000e+02,5.661100000000000000e+04,2.029200000000000000e+04,1.116100000000000000e+04,1.000000000000000000e+00
8.670000000000000000e+02,5.372600000000000000e+04,3.188200000000000000e+04,1.257800000000000000e+04,1.000000000000000000e+00
8.680000000000000000e+02,4.139900000000000000e+04,3.487000000000000000e+04,1.384300000000000000e+04,1.000000000000000000e+00
8.690000000000000000e+02,6.250000000000000000e+04,2.738000000000000000e+04,1.311000000000000000e+04,1.000000000000000000e+00
8.700000000000000000e+02,3.294600000000000000e+04,2.774400000000000000e+04,1.441300000000000000e+04,1.000000000000000000e+00
8.710000000000000000e+02,5.160700000000000000e+04,2.195300000000000000e+04,1.288600000000000000e+04,1.000000000000000000e+00
8.720000000000000000e+02,5.272700000000000000e+04,2.211200000000000000e+04,1.171300000000000000e+04,1.000000000000000000e+00
8.730000000000000000e+02,4.311600000000000000e+04,3.338900000000000000e+04,1.240700000000000000e+04,1.000000000000000000e+00
8.740000000000000000e+02,6.246300000000000000e+04,3.133600000000000000e+04,1.569900000000000000e+04,1.000000000000000000e+00
8.750000000000000000e+02,3.371800000000000000e+04,3.233400000000000000e+04,1.716000000000000000e+04,1.000000000000000000e+00
8.760000000000000000e+02,3.461800000000000000e+04,3.047600000000000000e+04,1.418500000000000000e+04,1.000000000000000000e+00
8.770000000000000000e+02,6.322600000000000000e+04,2.630000000000000000e+04,1.525800000000000000e+04,1.000000000000000000e+00
8.780000000000000000e+02,5.598600000000000000e+04,4.133000000000000000e+04,1.938800000000000000e+04,1.000000000000000000e+00
8.790000000000000000e+02,4.044300000000000000e+04,4.268200000000000000e+04,1.812300000000000000e+04,1.000000000000000000e+00
8.800000000000000000e+02,6.322700000000000000e+04,2.698300000000000000e+04,1.573900000000000000e+04,1.000000000000000000e+00
8.810000000000000000e+02,3.510800000000000000e+04,3.145000000000000000e+04,1.890200000000000000e+04,1.000000000000000000e+00
8.820000000000000000e+02,5.464200000000000000e+04,3.020700000000000000e+04,1.116400000000000000e+04,1.000000000000000000e+00
8.830000000000000000e+02,4.988300000000000000e+04,4.358700000000000000e+04,2.001200000000000000e+04,1.000000000000000000e+00
8.840000000000000000e+02,5.051700000000000000e+04,4.540900000000000000e+04,2.215500000000000000e+04,1.000000000000000000e+00
8.850000000000000000e+02,nan,nan,nan,1.000000000000000000e+00
8.860000000000000000e+02,3.771600000000000000e+04,4.109500000000000000e+04,2.529000000000000000e+04,1.000000000000000000e+00
8.870000000000000000e+02,2.383100000000000000e+04,2.552100000000000000e+04,2.190000000000000000e+04,1.000000000000000000e+00
8.880000000000000000e+02,5.258100000000000000e+04,1.689800000000000000e+04,3.186300000000000000e+04,-1.000000000000000000e+00
8.890000000000000000e+02,4.434600000000000000e+04,1.701800000000000000e+04,3.220000000000000000e+04,-1.000000000000000000e+00
8.900000000000000000e+02,6.031200000000000000e+04,2.522200000000000000e+04,3.665200000000000000e+04,1.000000000000000000e+00
8.910000000000000000e+02,3.779900000000000000e+04,2.659800000000000000e+04,3.753800000000000000e+04,1.000000000000000000e+00
8.920000000000000000e+02,7.041900000000000000e+04,1.797100000000000000e+04,3.194200000000000000e+04,-1.000000000000000000e+00
8.930000000000000000e+02,3.055700000000000000e+04,2.210500000000000000e+04,3.760300000000000000e+04,-1.000000000000000000e+00
8.940000000000000000e+02,6.214100000000000000e+04,3.569300000000000000e+04,1.766700000000000000e+04,-1.000000000000000000e+00
8.950000000000000000e+02,3.768100000000000000e+04,3.819500000000000000e+04,2.057300000000000000e+04,-1.000000000000000000e+00
8.960000000000000000e+02,4.893900000000000000e+04,4.239100000000000000e+04,3.712200000000000000e+04,-1.000000000000000000e+00
8.970000000000000000e+02,4.890300000000000000e+04,3.796600000000000000e+04,4.083200000000000000e+04,-1.000000000000000000e+00
8.980000000000000000e+02,4.876500000000000000e+04,4.193800000000000000e+04,3.837500000000000000e+04,-1.000000000000000000e+00
8.990000000000000000e+02,3.496500000000000000e+04,3.875200000000000000e+04,3.212500000000000000e+04,1.000000000000000000e+00
9.000000000000000000e+02,5.061400000000000000e+04,4.628300000000000000e+04,3.344100000000000000e+04,-1.000000000000000000e+00
9.010000000000000000e+02,4.855600000000000000e+04,4.301800000000000000e+04,3.762000000000000000e+04,-1.000000000000000000e+00
9.020000000000000000e+02,5.675600000000000000e+04,3.918500000000000000e+04,1.815000000000000000e+04,-1.000000000000000000e+00
9.030000000000000000e+02,3.738200000000000000e+04,4.041400000000000000e+04,1.794200000000000000e+04,-1.000000000000000000e+00
9.040000000000000000e+02,6.244700000000000000e+04,2.362700000000000000e+04,3.729700000000000000e+04,1.000000000000000000e+00
9.050000000000000000e+02,3.485200000000000000e+04,2.317000000000000000e+04,3.668800000000000000e+04,1.000000000000000000e+00
9.060000000000000000e+02,4.531800000000000000e+04,4.513400000000000000e+04,2.120600000000000000e+04,-1.000000000000000000e+00
9.070000000000000000e+02,5.189600000000000000e+04,4.376800000000000000e+04,2.169900000000000000e+04,-1.000000000000000000e+00
9.080000000000000000e+02,5.734800000000000000e+04,2.109000000000000000e+04,1.096800000000000000e+04,1.000000000000000000e+00
9.090000000000000000e+02,3.094300000000000000e+04,2.599800000000000000e+04,1.531900000000000000e+04,1.000000000000000000e+00
9.100000000000000000e+02,3.407900000000000000e+04,2.587700000000000000e+04,1.332400000000000000e+04,1.000000000000000000e+00
9.110000000000000000e+02,6.154600000000000000e+04,2.383800000000000000e+04,1.219100000000000000e+04,1.000000000000000000e+00
9.120000000000000000e+02,6.432900000000000000e+04,2.348000000000000000e+04,1.384400000000000000e+04,1.000000000000000000e+00
9.130000000000000000e+02,6.331400000000000000e+04,2.307400000000000000e+04,1.330600000000000000e+04,1.000000000000000000e+00
9.140000000000000000e+02,6.235000000000000000e+04,2.403000000000000000e+04,1.497500000000000000e+04,1.000000000000000000e+00
9.150000000000000000e+02,3.382800000000000000e+04,2.554100000000000000e+04,1.378800000000000000e+04,1.000000000000000000e+00
9.160000000000000000e+02,6.058400000000000000e+04,2.107400000000000000e+04,1.242400000000000000e+04,1.000000000000000000e+00
9.170000000000000000e+02,3.273300000000000000e+04,2.648800000000000000e+04,1.380600000000000000e+04,1.000000000000000000e+00
9.180000000000000000e+02,3.257800000000000000e+04,2.516200000000000000e+04,1.426600000000000000e+04,1.000000000000000000e+00
9.190000000000000000e+02,6.313300000000000000e+04,2.309700000000000000e+04,1.401600000000000000e+04,1.000000000000000000e+00
9.200000000000000000e+02,6.398500000000000000e+04,2.451800000000000000e+04,1.334300000000000000e+04,1.000000000000000000e+00
9.210000000000000000e+02,3.183300000000000000e+04,2.495200000000000000e+04,1.443000000000000000e+04,1.000000000000000000e+00
9.220000000000000000e+02,3.259600000000000000e+04,2.478400000000000000e+04,1.503600000000000000e+04,1.000000000000000000e+00
9.230000000000000000e+02,6.384300000000000000e+04,2.356100000000000000e+04,1.455500000000000000e+04,1.000000000000000000e+00
9.240000000000000000e+02,6.176500000000000000e+04,2.481900000000000000e+04,1.622900000000000000e+04,1.000000000000000000e+00
9.250000000000000000e+02,3.333400000000000000e+04,2.637200000000000000e+04,1.352400000000000000e+04,1.000000000000000000e+00
9.260000000000000000e+02,3.214600000000000000e+04,2.562900000000000000e+04,1.494500000000000000e+04,1.000000000000000000e+00
9.270000000000000000e+02,3.394800000000000000e+04,2.792700000000000000e+04,1.342100000000000000e+04,1.000000000000000000e+00
9.280000000000000000e+02,3.328000000000000000e+04,2.492800000000000000e+04,1.513400000000000000e+04,1.000000000000000000e+00
9.290000000000000000e+02,6.233600000000000000e+04,2.365400000000000000e+04,1.368000000000000000e+04,1.000000000000000000e+00
9.300000000000000000e+02,3.275100000000000000e+04,2.418200000000000000e+04,1.437100000000000000e+04,1.000000000000000000e+00
9.310000000000000000e+02,6.240000000000000000e+04,2.403600000000000000e+04,1.290200000000000000e+04,1.000000000000000000e+00
9.320000000000000000e+02,3.328000000000000000e+04,2.539400000000000000e+04,1.473600000000000000e+04,1.000000000000000000e+00
9.330000000000000000e+02,3.466400000000000000e+04,2.503600000000000000e+04,1.521200000000000000e+04,1.000000000000000000e+00
9.340000000000000000e+02,6.291400000000000000e+04,2.236300000000000000e+04,1.381700000000000000e+04,1.000000000000000000e+00
9.350000000000000000e+02,6.346000000000000000e+04,2.386500000000000000e+04,1.408300000000000000e+04,1.000000000000000000e+00
9.360000000000000000e+02,3.260800000000000000e+04,2.450200000000000000e+04,1.358400000000000000e+04,1.000000000000000000e+00
9.370000000000000000e+02,6.204000000000000000e+04,2.462400000000000000e+04,1.242600000000000000e+04,1.000000000000000000e+00
9.380000000000000000e+02,3.217800000000000000e+04,2.643100000000000000e+04,1.429500000000000000e+04,1.000000000000000000e+00
9.390000000000000000e+02,6.230700000000000000e+04,2.252600000000000000e+04,1.401600000000000000e+04,1.000000000000000000e+00
9.400000000000000000e+02,6.109600000000000000e+04,2.645700000000000000e+04,1.771200000000000000e+04,0.000000000000000000e+00
9.410000000000000000e+02,3.543200000000000000e+04,3.123700000000000000e+04,1.612700000000000000e+04,0.000000000000000000e+00
9.420000000000000000e+02,3.492300000000000000e+04,2.783700000000000000e+04,1.546300000000000000e+04,0.000000000000000000e+00
9.430000000000000000e+02,6.019300000000000000e+04,2.209200000000000000e+04,1.424900000000000000e+04,0.000000000000000000e+00
9.440000000000000000e+02,6.232800000000000000e+04,2.605100000000000000e+04,1.318800000000000000e+04,-1.000000000000000000e+00
9.450000000000000000e+02,3.432000000000000000e+04,2.772800000000000000e+04,1.434900000000000000e+04,-1.000000000000000000e+00
9.460000000000000000e+02,6.327400000000000000e+04,2.536400000000000000e+04,1.350200000000000000e+04,-1.000000000000000000e+00
9.470000000000000000e+02,3.451500000000000000e+04,3.080100000000000000e+04,1.583800000000000000e+04,-1.000000000000000000e+00
9.480000000000000000e+02,3.504400000000000000e+04,2.692200000000000000e+04,1.628000000000000000e+04,-1.000000000000000000e+00
9.490000000000000000e+02,6.118600000000000000e+04,2.516200000000000000e+04,1.314800000000000000e+04,-1.000000000000000000e+00
9.500000000000000000e+02,6.105000000000000000e+04,2.408700000000000000e+04,1.418300000000000000e+04,-1.000000000000000000e+00
9.510000000000000000e+02,6.196700000000000000e+04,2.434000000000000000e+04,1.432400000000000000e+04,-1.000000000000000000e+00
9.520000000000000000e+02,3.497400000000000000e+04,2.702200000000000000e+04,1.571400000000000000e+04,-1.000000000000000000e+00
9.530000000000000000e+02,6.020400000000000000e+04,2.279500000000000000e+04,1.467700000000000000e+04,-1.000000000000000000e+00
9.540000000000000000e+02,3.549200000000000000e+04,2.664800000000000000e+04,1.726200000000000000e+04,-1.000000000000000000e+00
9.550000000000000000e+02,6.093000000000000000e+04,2.263100000000000000e+04,1.439700000000000000e+04,-1.000000000000000000e+00
9.560000000000000000e+02,6.100800000000000000e+04,2.325400000000000000e+04,1.468600000000000000e+04,-1.000000000000000000e+00
9.570000000000000000e+02,6.142100000000000000e+04,2.380900000000000000e+04,1.506100000000000000e+04,-1.000000000000000000e+00
9.580000000000000000e+02,6.136700000000000000e+04,2.352600000000000000e+04,1.380600000000000000e+04,-1.000000000000000000e+00
9.590000000000000000e+02,3.438600000000000000e+04,2.573200000000000000e+04,1.573400000000000000e+04,-1.000000000000000000e+00
9.600000000000000000e+02,6.200600000000000000e+04,2.298200000000000000e+04,1.367100000000000000e+04,-1.000000000000000000e+00
9.610000000000000000e+02,6.179300000000000000e+04,2.372900000000000000e+04,1.318600000000000000e+04,-1.000000000000000000e+00
9.620000000000000000e+02,3.655600000000000000e+04,2.307800000000000000e+04,1.398800000000000000e+04,-1.000000000000000000e+00
9.630000000000000000e+02,6.252200000000000000e+04,2.370000000000000000e+04,1.432600000000000000e+04,-1.000000000000000000e+00
9.640000000000000000e+02,6.166800000000000000e+04,2.322400000000000000e+04,1.467800000000000000e+04,-1.000000000000000000e+00
9.650000000000000000e+02,5.960800000000000000e+04,2.100200000000000000e+04,1.247400000000000000e+04,-1.000000000000000000e+00
9.660000000000000000e+02,3.587800000000000000e+04,2.473600000000000000e+04,1.595200000000000000e+04,-1.000000000000000000e+00
9.670000000000000000e+02,3.500600000000000000e+04,2.598800000000000000e+04,1.688700000000000000e+04,-1.000000000000000000e+00
9.680000000000000000e+02,6.297800000000000000e+04,2.494500000000000000e+04,1.591500000000000000e+04,1.000000000000000000e+00
9.690000000000000000e+02,3.317800000000000000e+04,3.078800000000000000e+04,1.486200000000000000e+04,1.000000000000000000e+00
9.700000000000000000e+02,3.280200000000000000e+04,2.906400000000000000e+04,1.467400000000000000e+04,1.000000000000000000e+00
9.710000000000000000e+02,6.187400000000000000e+04,2.558600000000000000e+04,1.669400000000000000e+04,1.000000000000000000e+00
9.720000000000000000e+02,6.239400000000000000e+04,2.591200000000000000e+04,1.585900000000000000e+04,1.000000000000000000e+00
9.730000000000000000e+02,6.268700000000000000e+04,2.437200000000000000e+04,1.412900000000000000e+04,1.000000000000000000e+00
9.740000000000000000e+02,6.150700000000000000e+04,2.682200000000000000e+04,1.233700000000000000e+04,1.000000000000000000e+00
9.750000000000000000e+02,3.414100000000000000e+04,2.731600000000000000e+04,1.543500000000000000e+04,1.000000000000000000e+00
9.760000000000000000e+02,3.565600000000000000e+04,2.781000000000000000e+04,1.828400000000000000e+04,1.000000000000000000e+00
9.770000000000000000e+02,3.435400000000000000e+04,2.628800000000000000e+04,1.527900000000000000e+04,1.000000000000000000e+00
9.780000000000000000e+02,3.466600000000000000e+04,2.451800000000000000e+04,1.451400000000000000e+04,1.000000000000000000e+00
9.790000000000000000e+02,6.149000000000000000e+04,2.486000000000000000e+04,1.262600000000000000e+04,1.000000000000000000e+00
9.800000000000000000e+02,5.980600000000000000e+04,2.088700000000000000e+04,1.317300000000000000e+04,1.000000000000000000e+00
9.810000000000000000e+02,6.295400000000000000e+04,2.353400000000000000e+04,1.314400000000000000e+04,0.000000000000000000e+00
9.820000000000000000e+02,6.147500000000000000e+04,2.289700000000000000e+04,1.222100000000000000e+04,0.000000000000000000e+00
9.830000000000000000e+02,3.133400000000000000e+04,2.685800000000000000e+04,1.553400000000000000e+04,0.000000000000000000e+00
9.840000000000000000e+02,3.193800000000000000e+04,2.725900000000000000e+04,1.522400000000000000e+04,0.000000000000000000e+00
9.850000000000000000e+02,6.288200000000000000e+04,2.337200000000000000e+04,1.505600000000000000e+04,1.000000000000000000e+00
9.860000000000000000e+02,6.217200000000000000e+04,2.426300000000000000e+04,1.569700000000000000e+04,1.000000000000000000e+00
9.870000000000000000e+02,3.392200000000000000e+04,2.673400000000000000e+04,1.381300000000000000e+04,1.000000000000000000e+00
9.880000000000000000e+02,3.404800000000000000e+04,2.707200000000000000e+04,1.626600000000000000e+04,1.000000000000000000e+00
9.890000000000000000e+02,3.534200000000000000e+04,3.106200000000000000e+04,1.506600000000000000e+04,1.000000000000000000e+00
9.900000000000000000e+02,6.166900000000000000e+04,2.696200000000000000e+04,1.742900000000000000e+04,1.000000000000000000e+00
9.910000000000000000e+02,3.533600000000000000e+04,3.181000000000000000e+04,1.540700000000000000e+04,1.000000000000000000e+00
9.920000000000000000e+02,6.089600000000000000e+04,2.730000000000000000e+04,1.856000000000000000e+04,1.000000000000000000e+00
9.930000000000000000e+02,5.949400000000000000e+04,2.123400000000000000e+04,1.158600000000000000e+04,1.000000000000000000e+00
9.940000000000000000e+02,3.168800000000000000e+04,2.607700000000000000e+04,1.505700000000000000e+04,1.000000000000000000e+00
9.950000000000000000e+02,5.730800000000000000e+04,2.062800000000000000e+04,1.159000000000000000e+04,1.000000000000000000e+00
9.960000000000000000e+02,3.263200000000000000e+04,2.551400000000000000e+04,1.545800000000000000e+04,1.000000000000000000e+00
9.970000000000000000e+02,3.183100000000000000e+04,2.615700000000000000e+04,1.576200000000000000e+04,1.000000000000000000e+00
9.980000000000000000e+02,6.195300000000000000e+04,2.317700000000000000e+04,1.275200000000000000e+04,1.000000000000000000e+00
9.990000000000000000e+02,6.282200000000000000e+04,2.507400000000000000e+04,1.283800000000000000e+04,1.000000000000000000e+00
1.000000000000000000e+03,3.127400000000000000e+04,2.527600000000000000e+04,1.508400000000000000e+04,1.000000000000000000e+00
1.001000000000000000e+03,6.339800000000000000e+04,2.266400000000000000e+04,1.455800000000000000e+04,1.000000000000000000e+00
1.002000000000000000e+03,6.045800000000000000e+04,2.123400000000000000e+04,1.305400000000000000e+04,1.000000000000000000e+00
1.003000000000000000e+03,6.139200000000000000e+04,2.204500000000000000e+04,1.357700000000000000e+04,1.000000000000000000e+00
1.004000000000000000e+03,6.119800000000000000e+04,2.261400000000000000e+04,1.348000000000000000e+04,1.000000000000000000e+00
1.005000000000000000e+03,3.429500000000000000e+04,2.411200000000000000e+04,1.336600000000000000e+04,1.000000000000000000e+00
1.006000000000000000e+03,3.325100000000000000e+04,2.462900000000000000e+04,1.411500000000000000e+04,1.000000000000000000e+00
1.007000000000000000e+03,3.533100000000000000e+04,2.308400000000000000e+04,1.376000000000000000e+04,1.000000000000000000e+00
1.008000000000000000e+03,3.502700000000000000e+04,2.397600000000000000e+04,1.354500000000000000e+04,1.000000000000000000e+00
1.009000000000000000e+03,5.961400000000000000e+04,2.184200000000000000e+04,1.580600000000000000e+04,-1.000000000000000000e+00
1.010000000000000000e+03,4.262100000000000000e+04,2.134500000000000000e+04,1.431700000000000000e+04,-1.000000000000000000e+00
1.011000000000000000e+03,4.263200000000000000e+04,2.206300000000000000e+04,1.462400000000000000e+04,-1.000000000000000000e+00
1.012000000000000000e+03,5.977600000000000000e+04,2.327700000000000000e+04,1.670200000000000000e+04,-1.000000000000000000e+00
1.013000000000000000e+03,5.826200000000000000e+04,3.649600000000000000e+04,1.974700000000000000e+04,-1.000000000000000000e+00
1.014000000000000000e+03,3.865200000000000000e+04,3.939400000000000000e+04,2.118600000000000000e+04,-1.000000000000000000e+00
1.015000000000000000e+03,5.365600000000000000e+04,1.634000000000000000e+04,3.461900000000000000e+04,1.000000000000000000e+00
1.016000000000000000e+03,4.223400000000000000e+04,1.429200000000000000e+04,3.235500000000000000e+04,1.000000000000000000e+00
1.017000000000000000e+03,4.165400000000000000e+04,1.681000000000000000e+04,3.628800000000000000e+04,1.000000000000000000e+00
1.018000000000000000e+03,5.556100000000000000e+04,1.545000000000000000e+04,3.607000000000000000e+04,1.000000000000000000e+00
1.019000000000000000e+03,5.335200000000000000e+04,1.584600000000000000e+04,3.545700000000000000e+04,1.000000000000000000e+00
1.020000000000000000e+03,4.603900000000000000e+04,1.811900000000000000e+04,3.534200000000000000e+04,1.000000000000000000e+00
1.021000000000000000e+03,5.766600000000000000e+04,3.330500000000000000e+04,1.460200000000000000e+04,0.000000000000000000e+00
1.022000000000000000e+03,3.891800000000000000e+04,3.575800000000000000e+04,1.596000000000000000e+04,0.000000000000000000e+00
1.023000000000000000e+03,3.815700000000000000e+04,3.644500000000000000e+04,1.648100000000000000e+04,-1.000000000000000000e+00
