model_index,alpha,beta,fast_half_life_tokens,slow_half_life_tokens
0.000000000000000000e+00,2.688259482383728027e-01,1.184899359941482544e-02,2.213793951476392241e+00,5.815113902899354770e+01
1.000000000000000000e+00,1.049210727214813232e-01,9.803815744817256927e-03,6.253392805162272694e+00,7.035463289996020819e+01
2.000000000000000000e+00,2.433244585990905762e-01,1.123326644301414490e-02,2.485995873547285129e+00,6.135763809552035042e+01
3.000000000000000000e+00,2.490282207727432251e-01,1.171798352152109146e-02,2.420314759897227219e+00,5.880517389825410390e+01
4.000000000000000000e+00,2.174825519323348999e-01,1.296971272677183151e-02,2.826414289311863115e+00,5.309619844642260489e+01
5.000000000000000000e+00,1.622470021247863770e-01,1.053769420832395554e-02,3.915378478483479974e+00,6.543069406805969379e+01
6.000000000000000000e+00,1.581951081752777100e-01,1.142823975533246994e-02,4.025081060668546762e+00,6.030490099864840658e+01
7.000000000000000000e+00,2.760783731937408447e-01,1.210230030119419098e-02,2.145487304218516744e+00,5.692672582643342594e+01
8.000000000000000000e+00,1.844087094068527222e-01,1.186400000005960464e-02,3.400415304249250870e+00,5.807714536315557297e+01
9.000000000000000000e+00,1.834786981344223022e-01,1.081600785255432129e-02,3.419533260925925244e+00,6.373810495608618965e+01
1.000000000000000000e+01,1.914421021938323975e-01,1.173854526132345200e-02,3.261823171684389511e+00,5.870155876364487568e+01
1.100000000000000000e+01,1.845789551734924316e-01,1.157802343368530273e-02,3.396936395885119531e+00,5.952024187317483950e+01
1.200000000000000000e+01,1.694759875535964966e-01,1.176759693771600723e-02,3.732649511552126320e+00,5.855577819022457220e+01
1.300000000000000000e+01,2.478154003620147705e-01,1.221325248479843140e-02,2.434029724424028984e+00,5.640640948065733795e+01
1.400000000000000000e+01,1.792377531528472900e-01,1.284066680818796158e-02,3.509218609889639851e+00,5.363330185273365913e+01
1.500000000000000000e+01,1.798320412635803223e-01,1.157999318093061447e-02,3.496396997354419334e+00,5.951005834793772920e+01
1.600000000000000000e+01,2.631570398807525635e-01,1.344974432140588760e-02,2.269782139469581406e+00,5.118873029232103278e+01
1.700000000000000000e+01,1.802825331687927246e-01,1.214150339365005493e-02,3.486733872954608682e+00,5.674179437413518912e+01
1.800000000000000000e+01,2.109868526458740234e-01,1.394426450133323669e-02,2.925013578787539092e+00,4.936102267972496804e+01
1.900000000000000000e+01,2.186679691076278687e-01,1.170200016349554062e-02,2.809049238624977463e+00,5.888596909212508734e+01
2.000000000000000000e+01,1.987836062908172607e-01,1.154447533190250397e-02,3.127578743264669114e+00,5.969421800983753457e+01
2.100000000000000000e+01,2.251945585012435913e-01,1.340707950294017792e-02,2.716697300483109423e+00,5.135273403712463391e+01
2.200000000000000000e+01,2.077364176511764526e-01,1.362195052206516266e-02,2.976654631430110776e+00,5.053721045930178235e+01
2.300000000000000000e+01,2.121848165988922119e-01,1.312424615025520325e-02,2.906377955127869672e+00,5.246691051222520485e+01
2.400000000000000000e+01,1.440720558166503906e-01,1.346041169017553329e-02,4.455558674633778082e+00,5.114788734826073835e+01
2.500000000000000000e+01,1.727273315191268921e-01,1.506462879478931427e-02,3.655436028646350977e+00,4.566411685329588011e+01
2.600000000000000000e+01,1.509250551462173462e-01,1.572262868285179138e-02,4.236638388203526340e+00,4.373847110977964547e+01
2.700000000000000000e+01,2.045192420482635498e-01,1.120048109441995621e-02,3.029375292775097872e+00,6.153825863473304736e+01
2.800000000000000000e+01,1.312149018049240112e-01,1.199047081172466278e-02,4.927838280911998936e+00,5.746090008722430298e+01
2.900000000000000000e+01,1.489535719156265259e-01,1.142058521509170532e-02,4.297558555789756873e+00,6.034555297348373415e+01
3.000000000000000000e+01,1.654585003852844238e-01,1.103566773235797882e-02,3.832235432658552376e+00,6.246250363530204197e+01
3.100000000000000000e+01,1.382596194744110107e-01,1.255276799201965332e-02,4.658208476479150484e+00,5.487136891465463151e+01
3.200000000000000000e+01,2.263689488172531128e-01,1.455125119537115097e-02,2.700641503424619394e+00,4.728746494848169135e+01
3.300000000000000000e+01,2.100473642349243164e-01,1.470515504479408264e-02,2.939776267438026114e+00,4.678891020042681959e+01
3.400000000000000000e+01,1.749208271503448486e-01,1.632237434387207031e-02,3.604960745620641394e+00,4.211855127660784603e+01
3.500000000000000000e+01,1.749419271945953369e-01,1.417448092252016068e-02,3.604481331132690869e+00,4.855366452036854241e+01
3.600000000000000000e+01,2.151427865028381348e-01,1.343077514320611954e-02,2.861247670118050923e+00,5.126151924946349681e+01
3.700000000000000000e+01,2.037574499845504761e-01,1.306882500648498535e-02,3.042101536030922482e+00,5.269088385163557575e+01
3.800000000000000000e+01,1.651361733675003052e-01,1.314251590520143509e-02,3.840434642773894680e+00,5.239349097711883019e+01
3.900000000000000000e+01,1.793446540832519531e-01,1.357892341911792755e-02,3.506906004753106654e+00,5.069844931809512900e+01
4.000000000000000000e+01,1.779259294271469116e-01,1.715030148625373840e-02,3.537822976472276171e+00,4.006846191474932795e+01
4.100000000000000000e+01,1.751508563756942749e-01,1.926604844629764557e-02,3.599740460693039878e+00,3.562995440242503520e+01
4.200000000000000000e+01,1.778313368558883667e-01,1.890326850116252899e-02,3.539901825498449561e+00,3.632043680893419690e+01
4.300000000000000000e+01,2.060639113187789917e-01,1.801882125437259674e-02,3.003857985588995749e+00,3.812032975073650221e+01
4.400000000000000000e+01,2.028166502714157104e-01,1.592311821877956390e-02,3.057949515725738809e+00,4.318336871584202896e+01
4.500000000000000000e+01,1.840087771415710449e-01,1.955141499638557434e-02,3.408612996339626111e+00,3.510481865172670268e+01
4.600000000000000000e+01,2.357214689254760742e-01,1.308353524655103683e-02,2.578452047006853487e+00,5.263125041474700083e+01
4.700000000000000000e+01,2.426930665969848633e-01,1.497535686939954758e-02,2.493454944128286055e+00,4.593840878705708519e+01
4.800000000000000000e+01,1.965842097997665405e-01,1.898460835218429565e-02,3.166748845907734200e+00,3.616332691813713041e+01
4.900000000000000000e+01,2.073318362236022949e-01,1.501388568431138992e-02,2.983195117573916200e+00,4.581962720990082971e+01
5.000000000000000000e+01,2.335719019174575806e-01,1.409290917217731476e-02,2.605675501495152258e+00,4.883671556287931992e+01
5.100000000000000000e+01,2.302411347627639771e-01,1.417389139533042908e-02,2.648855640239385689e+00,4.855569847102216130e+01
5.200000000000000000e+01,1.797390729188919067e-01,1.474562473595142365e-02,3.498397191167739173e+00,4.665954110821212453e+01
5.300000000000000000e+01,1.818773597478866577e-01,1.605760119855403900e-02,3.452907889738489278e+00,4.281878824544249085e+01
5.400000000000000000e+01,2.333728522062301636e-01,1.458779815584421158e-02,2.608221587667452379e+00,4.716812263930281546e+01
5.500000000000000000e+01,1.689018607139587402e-01,1.290693879127502441e-02,3.746591788909469756e+00,5.335612900991468166e+01
5.600000000000000000e+01,2.211611717939376831e-01,1.289959158748388290e-02,2.773130588925427631e+00,5.338671724650199479e+01
5.700000000000000000e+01,1.825637817382812500e-01,1.517744362354278564e-02,3.438530256065279289e+00,4.532210355866621398e+01
5.800000000000000000e+01,1.861331313848495483e-01,1.615884900093078613e-02,3.365470486375514270e+00,4.254831175645452390e+01
5.900000000000000000e+01,1.871473193168640137e-01,1.693346723914146423e-02,3.345217897739357404e+00,4.058600484330310820e+01
6.000000000000000000e+01,1.804551631212234497e-01,1.622079312801361084e-02,3.483043672518229439e+00,4.238449710880718158e+01
6.100000000000000000e+01,1.833792775869369507e-01,1.656675152480602264e-02,3.421588447880521411e+00,4.149211720775918621e+01
6.200000000000000000e+01,1.946191042661666870e-01,1.731668971478939056e-02,3.202491855786504527e+00,3.968011276254672026e+01
6.300000000000000000e+01,1.871257275342941284e-01,1.536901108920574188e-02,3.345646791697182376e+00,4.475284281565565436e+01
6.400000000000000000e+01,2.313610166311264038e-01,1.708549074828624725e-02,2.634199650952585348e+00,4.022177668632245684e+01
6.500000000000000000e+01,2.729314565658569336e-01,1.313032303005456924e-02,2.174684980311531568e+00,5.244246705402366615e+01
6.600000000000000000e+01,2.487458288669586182e-01,1.352190691977739334e-02,2.423496287768936330e+00,5.091369253074043399e+01
6.700000000000000000e+01,2.287322133779525757e-01,1.451809797435998917e-02,2.668828492658759988e+00,4.739624490660393263e+01
6.800000000000000000e+01,2.496763020753860474e-01,1.887571625411510468e-02,2.413040240752525101e+00,3.637396163975515151e+01
6.900000000000000000e+01,2.904442250728607178e-01,1.614663563668727875e-02,2.020153036593011819e+00,4.258075900684351467e+01
7.000000000000000000e+01,3.076869845390319824e-01,1.709141768515110016e-02,1.885001261109312320e+00,4.020770775956849263e+01
7.100000000000000000e+01,2.379112243652343750e-01,1.524264365434646606e-02,2.551221980744155182e+00,4.512674932002767747e+01
7.200000000000000000e+01,2.178194522857666016e-01,1.515272259712219238e-02,2.821459956325995666e+00,4.539661296619216557e+01
7.300000000000000000e+01,1.915773749351501465e-01,1.770168915390968323e-02,3.259256980220754496e+00,3.880951556719809048e+01
7.400000000000000000e+01,2.200433313846588135e-01,1.312692649662494659e-02,2.789134830645671581e+00,5.245612637816576296e+01
7.500000000000000000e+01,2.421821653842926025e-01,1.210165861994028091e-02,2.499518830083047760e+00,5.692976277443246858e+01
7.600000000000000000e+01,2.072229683399200439e-01,1.434757187962532043e-02,2.984959420574277100e+00,4.796370565188184543e+01
7.700000000000000000e+01,2.038678079843521118e-01,1.454737223684787750e-02,3.040252069937572355e+00,4.730016669616308889e+01
7.800000000000000000e+01,2.279738485813140869e-01,1.385689899325370789e-02,2.678965783726223737e+00,4.967443127008222348e+01
7.900000000000000000e+01,1.841701567173004150e-01,1.577444374561309814e-02,3.405300817729238094e+00,4.359365682709482570e+01
8.000000000000000000e+01,2.447670847177505493e-01,1.397299859672784805e-02,2.469096468212821360e+00,4.925880055255412060e+01
8.100000000000000000e+01,2.347291707992553711e-01,1.572901196777820587e-02,2.590957592308033242e+00,4.372057938605686900e+01
8.200000000000000000e+01,2.737946808338165283e-01,1.365645322948694229e-02,2.166609696374630190e+00,5.040864975534061898e+01
8.300000000000000000e+01,2.119641005992889404e-01,1.399645395576953888e-02,2.909795685244695562e+00,4.917566877069108955e+01
8.400000000000000000e+01,2.311825901269912720e-01,1.467161159962415695e-02,2.636525286865226025e+00,4.689667914312871488e+01
8.500000000000000000e+01,2.167343348264694214e-01,1.665918715298175812e-02,2.837472070992190787e+00,4.125995910332786565e+01
8.600000000000000000e+01,2.179821580648422241e-01,1.675739511847496033e-02,2.819072717605773715e+00,4.101610945543286135e+01
8.700000000000000000e+01,2.720536589622497559e-01,1.347150653600692749e-02,2.182948620728621503e+00,5.110547631280913805e+01
8.800000000000000000e+01,2.294968664646148682e-01,1.855517551302909851e-02,2.658674542930883788e+00,3.700834693516001295e+01
8.900000000000000000e+01,2.175237238407135010e-01,1.674581505358219147e-02,2.825808011877303461e+00,4.104471393051272088e+01
9.000000000000000000e+01,2.399404644966125488e-01,1.548321638256311417e-02,2.526428555245830321e+00,4.442017304833760249e+01
9.100000000000000000e+01,2.335335761308670044e-01,1.752621866762638092e-02,2.606165399469677180e+00,3.920156247582802678e+01
9.200000000000000000e+01,2.152447253465652466e-01,1.814188621938228607e-02,2.859714360353889262e+00,3.785937625091914782e+01
9.300000000000000000e+01,2.200686335563659668e-01,1.869230531156063080e-02,2.788770788859690430e+00,3.673428914175571691e+01
9.400000000000000000e+01,3.234962821006774902e-01,1.610765792429447174e-02,1.773583506717627545e+00,4.268464020054328500e+01
9.500000000000000000e+01,3.031353056430816650e-01,1.727800816297531128e-02,1.919203342457769912e+00,3.976972799141155690e+01
9.600000000000000000e+01,2.339426875114440918e-01,1.762312464416027069e-02,2.600944180558360408e+00,3.898408400908760285e+01
9.700000000000000000e+01,2.412832975387573242e-01,1.571158878505229950e-02,2.510249365792530885e+00,4.376944917822164882e+01
9.800000000000000000e+01,2.287016212940216064e-01,1.771477051079273224e-02,2.669236133281390977e+00,3.878059947720939959e+01
9.900000000000000000e+01,1.827086359262466431e-01,2.035663835704326630e-02,3.435509927020081733e+00,3.370241747211792216e+01
1.000000000000000000e+02,2.372269183397293091e-01,2.034011669456958771e-02,2.559677844642373135e+00,3.373007637828450811e+01
1.010000000000000000e+02,2.350870817899703979e-01,1.796556264162063599e-02,2.586434891614646681e+00,3.823437049450149772e+01
1.020000000000000000e+02,2.278254628181457520e-01,1.819338835775852203e-02,2.680957145047516921e+00,3.775121620586739368e+01
1.030000000000000000e+02,2.202403396368026733e-01,2.059370651841163635e-02,2.786302518513328330e+00,3.331042872445163283e+01
1.040000000000000000e+02,2.584829330444335938e-01,1.049572229385375977e-02,2.317775363101616470e+00,6.569373925675884607e+01
1.050000000000000000e+02,2.569652497768402100e-01,1.099694799631834030e-02,2.333730943176887784e+00,6.268365595680638336e+01
1.060000000000000000e+02,2.294344604015350342e-01,9.607011452317237854e-03,2.659500722818306517e+00,7.180300456792377872e+01
1.070000000000000000e+02,2.382563203573226929e-01,1.025923155248165131e-02,2.546975977367560873e+00,6.721609580068509615e+01
1.080000000000000000e+02,2.661078572273254395e-01,1.091639325022697449e-02,2.240343898887404261e+00,6.314878091428009554e+01
1.090000000000000000e+02,2.471275478601455688e-01,1.060633268207311630e-02,2.441867537505090446e+00,6.500501104495550919e+01
1.100000000000000000e+02,2.390991300344467163e-01,1.050660200417041779e-02,2.536657343213959859e+00,6.562535246755479079e+01
1.110000000000000000e+02,2.394563704729080200e-01,1.150633301585912704e-02,2.532305362897333989e+00,5.989325153981519634e+01
1.120000000000000000e+02,1.939163655042648315e-01,1.232763938605785370e-02,3.215448942715547265e+00,5.587979109712160408e+01
1.130000000000000000e+02,1.931869834661483765e-01,1.520412694662809372e-02,3.228996540232047074e+00,4.524195167367163606e+01
1.140000000000000000e+02,1.784063428640365601e-01,1.458143722265958786e-02,3.527298899261144260e+00,4.718885095568889199e+01
1.150000000000000000e+02,1.802266091108322144e-01,1.527626719325780869e-02,3.487930836374038446e+00,4.502665719783954756e+01
1.160000000000000000e+02,1.950757652521133423e-01,1.358253881335258484e-02,3.194121772437005014e+00,5.068486175433169905e+01
1.170000000000000000e+02,1.857685297727584839e-01,1.507029030472040176e-02,3.372805138668466096e+00,4.564683119103013809e+01
1.180000000000000000e+02,2.011036574840545654e-01,1.691447943449020386e-02,3.087184207479466647e+00,4.063195703520655400e+01
1.190000000000000000e+02,2.264914810657501221e-01,1.423640362918376923e-02,2.698975824170673388e+00,4.834096067360113835e+01
1.200000000000000000e+02,3.302581906318664551e-01,1.565547287464141846e-02,1.729137337511685413e+00,4.392758644343368246e+01
1.210000000000000000e+02,2.918351590633392334e-01,1.440960634499788284e-02,2.008665880757745548e+00,4.775571894897565528e+01
1.220000000000000000e+02,3.245151937007904053e-01,1.555354148149490356e-02,1.766769545394324181e+00,4.421775268945083326e+01
1.230000000000000000e+02,2.548452019691467285e-01,1.635611988604068756e-02,2.356334666884368545e+00,4.203093433805992163e+01
1.240000000000000000e+02,3.149505853652954102e-01,1.874761655926704407e-02,1.832441420161134982e+00,3.662488269531020535e+01
1.250000000000000000e+02,3.259465396404266357e-01,1.549951639026403427e-02,1.757268266307329796e+00,4.437309236459048378e+01
1.260000000000000000e+02,3.023636937141418457e-01,1.657447963953018188e-02,1.925102084948854486e+00,4.147260834896383841e+01
1.270000000000000000e+02,3.165569603443145752e-01,1.484026294201612473e-02,1.821138715363390004e+00,4.635976623660994278e+01
1.280000000000000000e+02,3.018248379230499268e-01,1.544605102390050888e-02,1.929239129279944231e+00,4.452789244990400874e+01
1.290000000000000000e+02,2.850417494773864746e-01,1.514149084687232971e-02,2.065820786564521505e+00,4.543054594758874742e+01
1.300000000000000000e+02,2.533969879150390625e-01,1.364984456449747086e-02,2.371990966069338569e+00,5.043322401313729841e+01
1.310000000000000000e+02,2.458045333623886108e-01,1.492804288864135742e-02,2.457065144052512640e+00,4.608511317657278283e+01
1.320000000000000000e+02,2.559551894664764404e-01,1.508776750415563583e-02,2.344453791553432698e+00,4.559355182402994444e+01
1.330000000000000000e+02,2.432963997125625610e-01,1.365237683057785034e-02,2.486326536692320399e+00,5.042380499434815988e+01
1.340000000000000000e+02,2.899209260940551758e-01,1.542851235717535019e-02,2.024502948622250553e+00,4.457890643824206478e+01
1.350000000000000000e+02,2.857489883899688721e-01,1.506409887224435806e-02,2.059745300075936036e+00,4.566573547218319362e+01
1.360000000000000000e+02,2.148243635892868042e-01,1.875348761677742004e-02,2.866046538107377195e+00,3.661330754460539794e+01
1.370000000000000000e+02,2.042783051729202271e-01,1.647705584764480591e-02,3.033390090921079363e+00,4.171988381179602356e+01
1.380000000000000000e+02,1.824029833078384399e-01,1.501261815428733826e-02,3.441888632860795827e+00,4.582352521546413016e+01
1.390000000000000000e+02,2.207032591104507446e-01,1.660147309303283691e-02,2.779667086198898129e+00,4.140460856860624261e+01
1.400000000000000000e+02,1.989105492830276489e-01,1.716567203402519226e-02,3.125344276151810874e+00,4.003227154028976287e+01
1.410000000000000000e+02,1.843860745429992676e-01,1.479014940559864044e-02,3.400878321184092723e+00,4.651802742336807484e+01
1.420000000000000000e+02,2.041605710983276367e-01,1.569327712059020996e-02,3.035355356255521109e+00,4.382092800028321022e+01
1.430000000000000000e+02,1.970458030700683594e-01,1.535087544471025467e-02,3.158455937338380703e+00,4.480612574028317852e+01
1.440000000000000000e+02,2.769002616405487061e-01,1.424256991595029831e-02,2.137969862989027359e+00,4.831988080155201715e+01
1.450000000000000000e+02,2.674563527107238770e-01,1.401852443814277649e-02,2.227105163086305684e+00,4.909769937553276975e+01
1.460000000000000000e+02,2.700597047805786133e-01,1.694951765239238739e-02,2.201917460773347823e+00,4.054724169789151489e+01
1.470000000000000000e+02,2.490641176700592041e-01,1.769728772342205048e-02,2.419910845410343292e+00,3.881925445647225814e+01
1.480000000000000000e+02,2.393144667148590088e-01,1.755174621939659119e-02,2.534032520821014600e+00,3.914404002237375124e+01
1.490000000000000000e+02,2.659194469451904297e-01,1.682582125067710876e-02,2.242204190413563225e+00,4.084789045394794016e+01
1.500000000000000000e+02,2.922847270965576172e-01,1.616509817540645599e-02,2.004976186235656321e+00,4.253172853308105772e+01
1.510000000000000000e+02,2.863715291023254395e-01,1.658733189105987549e-02,2.054421963362554227e+00,4.144020436877083569e+01
1.520000000000000000e+02,2.240353822708129883e-01,1.902740448713302612e-02,2.732709143971194354e+00,3.608120442175344778e+01
1.530000000000000000e+02,2.431752979755401611e-01,2.222278900444507599e-02,2.487754542766457799e+00,3.084295590100875728e+01
1.540000000000000000e+02,2.192417085170745850e-01,2.155886217951774597e-02,2.800711642710767002e+00,3.180354798721001330e+01
1.550000000000000000e+02,2.460282593965530396e-01,2.050931751728057861e-02,2.454483785057288703e+00,3.344892598568512199e+01
1.560000000000000000e+02,3.255181610584259033e-01,1.882576197385787964e-02,1.760103221396568163e+00,3.647140567735264227e+01
1.570000000000000000e+02,2.534192800521850586e-01,1.776309683918952942e-02,2.371748626305931751e+00,3.867414433574864319e+01
1.580000000000000000e+02,2.599641978740692139e-01,1.832540519535541534e-02,2.302380751907548984e+00,3.747674303457789335e+01
1.590000000000000000e+02,2.443444877862930298e-01,1.777208596467971802e-02,2.474026399636822138e+00,3.865440659469308571e+01
1.600000000000000000e+02,3.129492700099945068e-01,1.403695438057184219e-02,1.846682961741554996e+00,4.903277893309943636e+01
1.610000000000000000e+02,3.001428246498107910e-01,1.603663712739944458e-02,1.942247037838396251e+00,4.287521909486978444e+01
1.620000000000000000e+02,3.023812174797058105e-01,1.551331579685211182e-02,1.924967791265522754e+00,4.433331170955562328e+01
1.630000000000000000e+02,3.375066220760345459e-01,1.442059222608804703e-02,1.683439161083465807e+00,4.771907242623193923e+01
1.640000000000000000e+02,3.406015634536743164e-01,1.569448597729206085e-02,1.664509383306697954e+00,4.381752588834311979e+01
1.650000000000000000e+02,3.403064608573913574e-01,1.711753383278846741e-02,1.666299749507907491e+00,4.014583121319906667e+01
1.660000000000000000e+02,3.318069577217102051e-01,1.570309139788150787e-02,1.719208147475406623e+00,4.379332260032085600e+01
1.670000000000000000e+02,3.053981959819793701e-01,1.692589744925498962e-02,1.902073867891148851e+00,4.060431205654484899e+01
1.680000000000000000e+02,3.343410193920135498e-01,2.049525454640388489e-02,1.703157305916990216e+00,3.347211666891448090e+01
1.690000000000000000e+02,3.352822661399841309e-01,1.603517122566699982e-02,1.697256169981625540e+00,4.287917051195391593e+01
1.700000000000000000e+02,3.504852652549743652e-01,1.883991062641143799e-02,1.606255813357591267e+00,3.644375395271777052e+01
1.710000000000000000e+02,3.341687023639678955e-01,1.931717805564403534e-02,1.704241184290501643e+00,3.553472406169486675e+01
1.720000000000000000e+02,3.144228160381317139e-01,1.880328170955181122e-02,1.836179726048273064e+00,3.651542604998159192e+01
1.730000000000000000e+02,3.229495882987976074e-01,1.601627282798290253e-02,1.777256963595877259e+00,4.293017693055855233e+01
1.740000000000000000e+02,3.215798735618591309e-01,1.880456879734992981e-02,1.786514630062716380e+00,3.651290286178779354e+01
1.750000000000000000e+02,3.581805229187011719e-01,1.789224334061145782e-02,1.563084877984538767e+00,3.839247709595773017e+01
1.760000000000000000e+02,2.679495811462402344e-01,1.689926348626613617e-02,2.222295905948501016e+00,4.066885552502920120e+01
1.770000000000000000e+02,3.254798948764801025e-01,1.788837090134620667e-02,1.760356819461964095e+00,3.840086370278059036e+01
1.780000000000000000e+02,3.025937974452972412e-01,1.860382966697216034e-02,1.923339903745372004e+00,3.691064780570992809e+01
1.790000000000000000e+02,2.906495928764343262e-01,1.698250882327556610e-02,2.018450150832507006e+00,4.046779522979709753e+01
1.800000000000000000e+02,2.868159413337707520e-01,1.782825961709022522e-02,2.050635778477022608e+00,3.853151492549120860e+01
1.810000000000000000e+02,2.784877419471740723e-01,2.151564694941043854e-02,2.123574226761880901e+00,3.186812815982743530e+01
1.820000000000000000e+02,3.191238343715667725e-01,1.923969388008117676e-02,1.803310529396072726e+00,3.567923820459029827e+01
1.830000000000000000e+02,2.994303405284881592e-01,1.918385736644268036e-02,1.947800557214721673e+00,3.578410144630423417e+01
1.840000000000000000e+02,2.719089984893798828e-01,1.832503825426101685e-02,2.184315533468750292e+00,3.747750045274352004e+01
1.850000000000000000e+02,3.234901726245880127e-01,1.567763090133666992e-02,1.773624491221124311e+00,4.386500883800255934e+01
1.860000000000000000e+02,3.493198156356811523e-01,1.614003814756870270e-02,1.612956620066964719e+00,4.259830698672666216e+01
1.870000000000000000e+02,3.058728873729705811e-01,1.695389114320278168e-02,1.898512316411096856e+00,4.053669206069619690e+01
1.880000000000000000e+02,2.469001710414886475e-01,1.876894012093544006e-02,2.444467937712534233e+00,3.658287659413407056e+01
1.890000000000000000e+02,2.770214080810546875e-01,1.871114224195480347e-02,2.136865524656343052e+00,3.669695679194283144e+01
1.900000000000000000e+02,2.671574354171752930e-01,1.665993407368659973e-02,2.230028336549963797e+00,4.125809365558236408e+01
1.910000000000000000e+02,3.055505156517028809e-01,1.462470646947622299e-02,1.900929842373152878e+00,4.704820568347441423e+01
1.920000000000000000e+02,2.994011640548706055e-01,1.679176464676856995e-02,1.948028531976353950e+00,4.093144394296294308e+01
1.930000000000000000e+02,3.332578241825103760e-01,1.659751869738101959e-02,1.709988937263189346e+00,4.141455634303510891e+01
1.940000000000000000e+02,2.958029508590698242e-01,1.733266934752464294e-02,1.976484135169680245e+00,3.964320880168070005e+01
1.950000000000000000e+02,3.237703442573547363e-01,1.760284602642059326e-02,1.771746568082665396e+00,3.902939561293563742e+01
1.960000000000000000e+02,2.873755395412445068e-01,1.609018817543983459e-02,2.045884731135890533e+00,4.273136292236260658e+01
1.970000000000000000e+02,3.934891521930694580e-01,1.964227482676506042e-02,1.386203800858531565e+00,3.494081950766120315e+01
1.980000000000000000e+02,3.356770873069763184e-01,1.827570609748363495e-02,1.694790527319044005e+00,3.757960588658253442e+01
1.990000000000000000e+02,4.051505327224731445e-01,1.955069974064826965e-02,1.334394677110107619e+00,3.510611571278411702e+01
2.000000000000000000e+02,3.232445716857910156e-01,1.988195069134235382e-02,1.775273331303605095e+00,3.451540391284294884e+01
2.010000000000000000e+02,3.653299510478973389e-01,1.775659434497356415e-02,1.524573068008202581e+00,3.868843454868309806e+01
2.020000000000000000e+02,2.807428240776062012e-01,2.287389338016510010e-02,2.103401601883759131e+00,2.995507188031767498e+01
2.030000000000000000e+02,3.513878285884857178e-01,2.150547318160533905e-02,1.601096435416394126e+00,3.188336942375854122e+01
2.040000000000000000e+02,3.625855147838592529e-01,1.827835105359554291e-02,1.539180714214773982e+00,3.757411749529664746e+01
2.050000000000000000e+02,2.610669136047363281e-01,2.500295452773571014e-02,2.291032797063079940e+00,2.737457476985851557e+01
2.060000000000000000e+02,2.738589346408843994e-01,2.024291269481182098e-02,2.166010630669513048e+00,3.389371972921838250e+01
2.070000000000000000e+02,2.950821220874786377e-01,1.993557251989841461e-02,1.982267036225867418e+00,3.442162741460267483e+01
2.080000000000000000e+02,3.344296216964721680e-01,1.821097359061241150e-02,1.702600422655101031e+00,3.771442542187391211e+01
2.090000000000000000e+02,3.044511377811431885e-01,1.736692339181900024e-02,1.909212269772418979e+00,3.956433004408778231e+01
2.100000000000000000e+02,3.113673329353332520e-01,1.828440092504024506e-02,1.858067865119525042e+00,3.756156973603192029e+01
2.110000000000000000e+02,3.284155130386352539e-01,1.747804135084152222e-02,1.741070777094835043e+00,3.931058051452407653e+01
2.120000000000000000e+02,3.221572935581207275e-01,1.770198903977870941e-02,1.782602497093499050e+00,3.880885219658310348e+01
2.130000000000000000e+02,3.417641222476959229e-01,1.667086221277713776e-02,1.657485767746254890e+00,4.123081954756445811e+01
2.140000000000000000e+02,3.695704042911529541e-01,1.724901236593723297e-02,1.502420028891532366e+00,3.983716737296860089e+01
2.150000000000000000e+02,2.834569811820983887e-01,1.817571930587291718e-02,2.079543481134979999e+00,3.778825404992287673e+01
2.160000000000000000e+02,2.696650922298431396e-01,1.874351128935813904e-02,2.205704406446054922e+00,3.663298079506833460e+01
2.170000000000000000e+02,2.628461122512817383e-01,1.953496970236301422e-02,2.272922185714024046e+00,3.513466493559621284e+01
2.180000000000000000e+02,3.141044378280639648e-01,1.853229478001594543e-02,1.838440856132179890e+00,3.705446953802030663e+01
2.190000000000000000e+02,3.356275260448455811e-01,1.849712058901786804e-02,1.695099722521058228e+00,3.712559562078985209e+01
2.200000000000000000e+02,3.344841599464416504e-01,1.838302984833717346e-02,1.702257783010068692e+00,3.735817284202986599e+01
2.210000000000000000e+02,3.324623107910156250e-01,2.016668953001499176e-02,1.715034053738761832e+00,3.402314524428509657e+01
2.220000000000000000e+02,3.325586915016174316e-01,2.514335326850414276e-02,1.714421547396112633e+00,2.721976531513247011e+01
2.230000000000000000e+02,3.119437694549560547e-01,1.891222782433032990e-02,1.853906176708796760e+00,3.630306543149696097e+01
2.240000000000000000e+02,3.632969558238983154e-01,1.838346570730209351e-02,1.535373234644626272e+00,3.735727883811251360e+01
2.250000000000000000e+02,3.617663979530334473e-01,2.110588736832141876e-02,1.543582602840136264e+00,3.249360804026938609e+01
2.260000000000000000e+02,3.730522096157073975e-01,1.825198903679847717e-02,1.484598503752713405e+00,3.762889082948696284e+01
2.270000000000000000e+02,2.820362448692321777e-01,2.184608019888401031e-02,2.091975456604250105e+00,3.138082564060144719e+01
2.280000000000000000e+02,3.537675440311431885e-01,1.986490003764629364e-02,1.587616879284154958e+00,3.454532901913263743e+01
2.290000000000000000e+02,3.776780068874359131e-01,1.827759668231010437e-02,1.461418132383719648e+00,3.757568268442139470e+01
2.300000000000000000e+02,3.009281754493713379e-01,1.973868906497955322e-02,1.936155634885765808e+00,3.476844586505072243e+01
2.310000000000000000e+02,2.952560186386108398e-01,2.018695883452892303e-02,1.980869385818872397e+00,3.398863294967563320e+01
2.320000000000000000e+02,4.180288910865783691e-01,1.670699380338191986e-02,1.280441602113895794e+00,4.114089745204240245e+01
2.330000000000000000e+02,3.669674396514892578e-01,1.900263130664825439e-02,1.515959136456898504e+00,3.612869716698551059e+01
2.340000000000000000e+02,3.310573697090148926e-01,2.041003853082656860e-02,1.724002368547696840e+00,3.361332652118260711e+01
2.350000000000000000e+02,4.133355617523193359e-01,1.717015542089939117e-02,1.299726644845180301e+00,4.002172748940827773e+01
2.360000000000000000e+02,4.468337595462799072e-01,1.534069050103425980e-02,1.170665488222718986e+00,4.483610457115962333e+01
2.370000000000000000e+02,3.463113605976104736e-01,1.907069236040115356e-02,1.630458343422914513e+00,3.599851326129862628e+01
2.380000000000000000e+02,3.880901634693145752e-01,1.601750776171684265e-02,1.411215486017696641e+00,4.292684019223530356e+01
2.390000000000000000e+02,3.726773858070373535e-01,2.066366374492645264e-02,1.486501399005872637e+00,3.319647410801267995e+01
2.400000000000000000e+02,3.243138790130615234e-01,2.006500214338302612e-02,1.768112494347822139e+00,3.419733943564649081e+01
2.410000000000000000e+02,3.751079440116882324e-01,1.930053532123565674e-02,1.474228071673741702e+00,3.556566623856744513e+01
2.420000000000000000e+02,3.456445038318634033e-01,1.821247488260269165e-02,1.634378261770786045e+00,3.771128779913381379e+01
2.430000000000000000e+02,3.265029489994049072e-01,2.311751805245876312e-02,1.753596950194609372e+00,2.963570857236610934e+01
2.440000000000000000e+02,2.710767686367034912e-01,2.159187011420726776e-02,2.192207424797139481e+00,3.175439556384704076e+01
2.450000000000000000e+02,3.584159910678863525e-01,2.102909237146377563e-02,1.561792530213938157e+00,3.261354434146095826e+01
2.460000000000000000e+02,3.523934483528137207e-01,2.186110988259315491e-02,1.595378472296031580e+00,3.135901104125726491e+01
2.470000000000000000e+02,3.901054263114929199e-01,2.139609865844249725e-02,1.401800611931236951e+00,3.204813825316899312e+01
2.480000000000000000e+02,3.961922526359558105e-01,2.062041498720645905e-02,1.373930550300902942e+00,3.326683156215108994e+01
2.490000000000000000e+02,4.934333264827728271e-01,1.932298764586448669e-02,1.019185215794212951e+00,3.552393541982226566e+01
2.500000000000000000e+02,2.726593315601348877e-01,1.980704814195632935e-02,2.177241147540189381e+00,3.464724714805385020e+01
2.510000000000000000e+02,4.288697540760040283e-01,1.931101270020008087e-02,1.237457890940407701e+00,3.554618047344741427e+01
2.520000000000000000e+02,4.736881554126739502e-01,1.993681117892265320e-02,1.079901674340900453e+00,3.441946714726050516e+01
2.530000000000000000e+02,3.860909342765808105e-01,2.011303231120109558e-02,1.420650045646226767e+00,3.411484252072629175e+01
2.540000000000000000e+02,3.618509769439697266e-01,2.077194303274154663e-02,1.543127176918167587e+00,3.302160936059502916e+01
2.550000000000000000e+02,3.589195013046264648e-01,2.143276296555995941e-02,1.559034627853092436e+00,3.199271740737860270e+01
2.560000000000000000e+02,3.691127598285675049e-01,2.060840092599391937e-02,1.504786901805682753e+00,3.328642854931338491e+01
2.570000000000000000e+02,3.644720315933227539e-01,2.278568781912326813e-02,1.529116337078952004e+00,3.007238281494816690e+01
2.580000000000000000e+02,4.424349665641784668e-01,2.329065650701522827e-02,1.186538005086426484e+00,2.941280552293817863e+01
2.590000000000000000e+02,4.108528792858123779e-01,2.118467167019844055e-02,1.310100622473336918e+00,3.237146848647306996e+01
2.600000000000000000e+02,4.557407796382904053e-01,2.245200052857398987e-02,1.139426945055675322e+00,3.052451651888514306e+01
2.610000000000000000e+02,5.085642933845520020e-01,1.886194758117198944e-02,9.756807567238032775e-01,3.640076817616670724e+01
2.620000000000000000e+02,4.715223610401153564e-01,1.969742961227893829e-02,1.086855319492091798e+00,3.484200479695201835e+01
2.630000000000000000e+02,3.692936599254608154e-01,2.096404880285263062e-02,1.503850626497652776e+00,3.271581485287677538e+01
2.640000000000000000e+02,4.015254080295562744e-01,2.025343477725982666e-02,1.350187096819100541e+00,3.387592994756216314e+01
2.650000000000000000e+02,3.799753785133361816e-01,2.528924308717250824e-02,1.450110566926261724e+00,2.706072214508543539e+01
2.660000000000000000e+02,3.026438951492309570e-01,1.965909637510776520e-02,1.922956595926701651e+00,3.491062344284351582e+01
2.670000000000000000e+02,3.389380872249603271e-01,2.174357883632183075e-02,1.674641591844333810e+00,3.153040377839514719e+01
2.680000000000000000e+02,3.354018330574035645e-01,2.197695709764957428e-02,1.696508877003532811e+00,3.119186770448270352e+01
2.690000000000000000e+02,3.028099238872528076e-01,2.138710580766201019e-02,1.921687170844044168e+00,3.206176063849991920e+01
2.700000000000000000e+02,3.563127815723419189e-01,2.395533584058284760e-02,1.573395089669738400e+00,2.858700658041735920e+01
2.710000000000000000e+02,3.452467322349548340e-01,2.155771479010581970e-02,1.636723519019377848e+00,3.180525928240510325e+01
2.720000000000000000e+02,3.678483068943023682e-01,2.209805510938167572e-02,1.511356404626106098e+00,3.101902190391427894e+01
2.730000000000000000e+02,3.962509334087371826e-01,1.828861981630325317e-02,1.373665920535980689e+00,3.755282444125215591e+01
2.740000000000000000e+02,3.463064730167388916e-01,2.355638891458511353e-02,1.630487019714500274e+00,2.907706801047303813e+01
2.750000000000000000e+02,3.624511361122131348e-01,2.539108507335186005e-02,1.539901522451810667e+00,2.695078129975170000e+01
2.760000000000000000e+02,3.797215819358825684e-01,2.377681806683540344e-02,1.451353182294766508e+00,2.880426271158053098e+01
2.770000000000000000e+02,4.544607996940612793e-01,2.077364176511764526e-02,1.143843818338490470e+00,3.301888052977377441e+01
2.780000000000000000e+02,4.090731739997863770e-01,2.287224866449832916e-02,1.317612284166031156e+00,2.995725102823566743e+01
2.790000000000000000e+02,3.437786102294921875e-01,2.756389975547790527e-02,1.645425660845666771e+00,2.479873186907528293e+01
2.800000000000000000e+02,4.190189540386199951e-01,2.216169610619544983e-02,1.276426826287073046e+00,3.092894291328964584e+01
2.810000000000000000e+02,3.173605203628540039e-01,2.412356063723564148e-02,1.815527050557998123e+00,2.838521955997801882e+01
2.820000000000000000e+02,3.644583523273468018e-01,2.065209858119487762e-02,1.529188947619519068e+00,3.321525955359595628e+01
2.830000000000000000e+02,3.706189393997192383e-01,2.119134366512298584e-02,1.497018696265770998e+00,3.236116658161734705e+01
2.840000000000000000e+02,4.007550776004791260e-01,2.180453948676586151e-02,1.353578691806276435e+00,3.144127567873397311e+01
2.850000000000000000e+02,4.735380411148071289e-01,2.302089333534240723e-02,1.080381687292792048e+00,2.976156344449864477e+01
2.860000000000000000e+02,4.106777608394622803e-01,2.152467146515846252e-02,1.310836950728502925e+00,3.185462064179331421e+01
2.870000000000000000e+02,4.800368249416351318e-01,2.180785313248634338e-02,1.059862470719395988e+00,3.143644520978724088e+01
2.880000000000000000e+02,3.879965841770172119e-01,2.291833609342575073e-02,1.411654982652030155e+00,2.989630640328908484e+01
2.890000000000000000e+02,4.611119627952575684e-01,2.113820426166057587e-02,1.121148461483927550e+00,3.244339692665279529e+01
2.900000000000000000e+02,4.602924585342407227e-01,2.186706103384494781e-02,1.123910897361961592e+00,3.135038162314969057e+01
2.910000000000000000e+02,4.618415236473083496e-01,2.035036310553550720e-02,1.118697100320456439e+00,3.371291757797619937e+01
2.920000000000000000e+02,4.234372079372406006e-01,1.802429929375648499e-02,1.258731889171220253e+00,3.810863804669377686e+01
2.930000000000000000e+02,4.281568527221679688e-01,1.831175386905670166e-02,1.240219912338906827e+00,3.750494173871875603e+01
2.940000000000000000e+02,4.350845217704772949e-01,2.540103532373905182e-02,1.213749747988173588e+00,2.694008703971241303e+01
2.950000000000000000e+02,4.247677028179168701e-01,2.174500562250614166e-02,1.253473037220820485e+00,3.152831202108190567e+01
2.960000000000000000e+02,5.091565251350402832e-01,2.101744525134563446e-02,9.740275000192007981e-01,3.263181103322845900e+01
2.970000000000000000e+02,4.301050603389739990e-01,2.153123170137405396e-02,1.232692819539606077e+00,3.184480866135596600e+01
2.980000000000000000e+02,4.591173827648162842e-01,2.083519846200942993e-02,1.127888373389744237e+00,3.292029651839040838e+01
2.990000000000000000e+02,4.349769949913024902e-01,2.179166674613952637e-02,1.214154388573184251e+00,3.146005486160794717e+01
3.000000000000000000e+02,4.213696718215942383e-01,2.683021686971187592e-02,1.266967622209144162e+00,2.548642789744091175e+01
3.010000000000000000e+02,3.423652648925781250e-01,2.335936762392520905e-02,1.653872328945803938e+00,2.932526083148119156e+01
3.020000000000000000e+02,4.947991669178009033e-01,1.713487692177295685e-02,1.015155173686370205e+00,4.010484474195857274e+01
3.030000000000000000e+02,4.595005214214324951e-01,2.009075880050659180e-02,1.126589361530830224e+00,3.415305059669554311e+01
3.040000000000000000e+02,4.843642711639404297e-01,2.200034819543361664e-02,1.046489388854509039e+00,3.115833281790141740e+01
3.050000000000000000e+02,4.768902361392974854e-01,2.341284975409507751e-02,1.069731064863508996e+00,2.925747497866785096e+01
3.060000000000000000e+02,4.376063644886016846e-01,2.313371933996677399e-02,1.204314586509436236e+00,2.961470911201233491e+01
3.070000000000000000e+02,5.474418997764587402e-01,2.265633828938007355e-02,8.742595540553725897e-01,3.024606591749253326e+01
3.080000000000000000e+02,5.630222558975219727e-01,2.273593842983245850e-02,8.372626825965713282e-01,3.013894956776557876e+01
3.090000000000000000e+02,5.769394040107727051e-01,2.195899561047554016e-02,8.057603640488392172e-01,3.121766686522203216e+01
3.100000000000000000e+02,4.909220039844512939e-01,2.167828381061553955e-02,1.026650422179564481e+00,3.162642496535148950e+01
3.110000000000000000e+02,5.029116272926330566e-01,1.966364867985248566e-02,9.916446628758156523e-01,3.490246056305579714e+01
3.120000000000000000e+02,4.471516013145446777e-01,2.127945795655250549e-02,1.169530218899725638e+00,3.222571956863971110e+01
3.130000000000000000e+02,4.331820309162139893e-01,1.668217964470386505e-02,1.220937714283686581e+00,4.120261151919395815e+01
3.140000000000000000e+02,4.509375989437103271e-01,2.366303279995918274e-02,1.156125534825727552e+00,2.894444986235137307e+01
3.150000000000000000e+02,4.805974662303924561e-01,2.113524265587329865e-02,1.058117032463627982e+00,3.244799201536000766e+01
3.160000000000000000e+02,5.397434830665588379e-01,2.208955585956573486e-02,8.932639404058264621e-01,3.103109123174584028e+01
3.170000000000000000e+02,4.827621579170227051e-01,2.139167487621307373e-02,1.051413858394534495e+00,3.205483797460421869e+01
3.180000000000000000e+02,4.525753259658813477e-01,2.081478945910930634e-02,1.150393691111093908e+00,3.295291724368818365e+01
3.190000000000000000e+02,4.538652598857879639e-01,2.087239921092987061e-02,1.145907005064394912e+00,3.286100081798249306e+01
3.200000000000000000e+02,4.165140688419342041e-01,2.322046644985675812e-02,1.286620062675915221e+00,2.950276945420468877e+01
3.210000000000000000e+02,4.118455052375793457e-01,2.080393582582473755e-02,1.305938356261008293e+00,3.297029121425108400e+01
3.220000000000000000e+02,3.875532150268554688e-01,2.126559428870677948e-02,1.413740083357487576e+00,3.224695603495518981e+01
3.230000000000000000e+02,2.932462096214294434e-01,2.259308286011219025e-02,1.997122627527275762e+00,3.033172570761071540e+01
3.240000000000000000e+02,3.303585946559906006e-01,2.179672196507453918e-02,1.728490868992393237e+00,3.145267749493489617e+01
3.250000000000000000e+02,3.547225296497344971e-01,2.063087187707424164e-02,1.582257351501122233e+00,3.324979316520548878e+01
3.260000000000000000e+02,3.249309659004211426e-01,2.150115184485912323e-02,1.764001157996016422e+00,3.188984755801404702e+01
3.270000000000000000e+02,3.581601083278656006e-01,2.146087214350700378e-02,1.563197000206107967e+00,3.195035651615223671e+01
3.280000000000000000e+02,3.869433104991912842e-01,2.034419588744640350e-02,1.416615982092158443e+00,3.372324322726814216e+01
3.290000000000000000e+02,2.995632290840148926e-01,1.800276339054107666e-02,1.946762767157977470e+00,3.815464282546729180e+01
3.300000000000000000e+02,3.370794057846069336e-01,1.816965453326702118e-02,1.686078992262031173e+00,3.780098362417820113e+01
3.310000000000000000e+02,3.449836969375610352e-01,1.804501749575138092e-02,1.638277287864409182e+00,3.806448366442334930e+01
3.320000000000000000e+02,3.570856451988220215e-01,2.074026316404342651e-02,1.569115952528092217e+00,3.307258155960163037e+01
3.330000000000000000e+02,3.152789771556854248e-01,1.843294687569141388e-02,1.830121574533222217e+00,3.725606130703220487e+01
3.340000000000000000e+02,3.038389086723327637e-01,1.856674067676067352e-02,1.913850282982832329e+00,3.698507731940735255e+01
3.350000000000000000e+02,3.351050913333892822e-01,2.106542512774467468e-02,1.698364475924610595e+00,3.255669185989476944e+01
3.360000000000000000e+02,2.702833712100982666e-01,1.916733570396900177e-02,2.199775882151735917e+00,3.581524693056969966e+01
3.370000000000000000e+02,3.284443616867065430e-01,1.924183033406734467e-02,1.740882934243894953e+00,3.567523794544620586e+01
3.380000000000000000e+02,5.179005861282348633e-01,2.258852310478687286e-02,9.500308302120904491e-01,3.033791901398612723e+01
3.390000000000000000e+02,4.841061830520629883e-01,2.301586791872978210e-02,1.047280593370107704e+00,2.976813801867384868e+01
3.400000000000000000e+02,4.456365704536437988e-01,2.302407659590244293e-02,1.174955577680373509e+00,2.975740038239947083e+01
3.410000000000000000e+02,4.430163204669952393e-01,1.890798285603523254e-02,1.184422887306779693e+00,3.631129401748594887e+01
3.420000000000000000e+02,4.349022209644317627e-01,1.889182813465595245e-02,1.214435888930082141e+00,3.634264267330161857e+01
3.430000000000000000e+02,4.706032872200012207e-01,2.261866629123687744e-02,1.089824586742902612e+00,3.029702321393564546e+01
3.440000000000000000e+02,3.988226652145385742e-01,1.832892373204231262e-02,1.362142694547813226e+00,3.746948181822418178e+01
3.450000000000000000e+02,3.768609762191772461e-01,1.870165765285491943e-02,1.465471955737886578e+00,3.671574461598724071e+01
3.460000000000000000e+02,5.147311687469482422e-01,2.241667732596397400e-02,9.586405134775521919e-01,3.057316596290045396e+01
3.470000000000000000e+02,4.420453906059265137e-01,1.824758015573024750e-02,1.187958377915294239e+00,3.763806677112760468e+01
3.480000000000000000e+02,5.324099659919738770e-01,2.241194993257522583e-02,9.118397631189717467e-01,3.057968847538458235e+01
3.490000000000000000e+02,4.239765107631683350e-01,1.825375668704509735e-02,1.256596422144500735e+00,3.762521316908053137e+01
3.500000000000000000e+02,5.775616765022277832e-01,2.239185385406017303e-02,8.043839741755369754e-01,3.060744631506175395e+01
3.510000000000000000e+02,4.759899973869323730e-01,2.190437354147434235e-02,1.072577289625874286e+00,3.129638378581009306e+01
3.520000000000000000e+02,4.373230636119842529e-01,2.176955528557300568e-02,1.205369295791500539e+00,3.149236363246625814e+01
3.530000000000000000e+02,3.700062334537506104e-01,2.125945687294006348e-02,1.500171302523541694e+00,3.225636621717287511e+01
3.540000000000000000e+02,4.168489873409271240e-01,2.098579332232475281e-02,1.285250297912342354e+00,3.268155456680526072e+01
3.550000000000000000e+02,3.877459764480590820e-01,2.136084437370300293e-02,1.412832983601431946e+00,3.210160715477156401e+01
3.560000000000000000e+02,3.916274011135101318e-01,2.046109177172183990e-02,1.394752818381455928e+00,3.352858591265526655e+01
3.570000000000000000e+02,4.073779881000518799e-01,2.197830937802791595e-02,1.324826391267709846e+00,3.118992704992019327e+01
3.580000000000000000e+02,4.761426746845245361e-01,2.102965489029884338e-02,1.072093859057830834e+00,3.261266263057357406e+01
3.590000000000000000e+02,6.170019507408142090e-01,2.465195953845977783e-02,7.222349150519846717e-01,2.776931053197893817e+01
3.600000000000000000e+02,3.456926941871643066e-01,2.432980574667453766e-02,1.634094491660851745e+00,2.814163439427770896e+01
3.610000000000000000e+02,3.467848896980285645e-01,2.395987510681152344e-02,1.627683826496359121e+00,2.858152449770821235e+01
3.620000000000000000e+02,3.427639007568359375e-01,2.350555919110774994e-02,1.651483011161390291e+00,2.914070130751192167e+01
3.630000000000000000e+02,3.212093114852905273e-01,2.522203512489795685e-02,1.789032556432099019e+00,2.713376099278506359e+01
3.640000000000000000e+02,4.318754971027374268e-01,2.399836853146553040e-02,1.225909397115115373e+00,2.853511925338179722e+01
3.650000000000000000e+02,4.265335798263549805e-01,2.227945812046527863e-02,1.246542271802131729e+00,3.076361684328862367e+01
3.660000000000000000e+02,5.151391029357910156e-01,2.686345949769020081e-02,9.575268048825702483e-01,2.545445650957042361e+01
3.670000000000000000e+02,4.738753437995910645e-01,2.285589277744293213e-02,1.079303517125495215e+00,2.997893864704204248e+01
3.680000000000000000e+02,4.313090443611145020e-01,2.047754824161529541e-02,1.228073914927147348e+00,3.350136072638734674e+01
3.690000000000000000e+02,4.703186750411987305e-01,2.351599372923374176e-02,1.090746330967743871e+00,2.912761596021518784e+01
3.700000000000000000e+02,4.320369958877563477e-01,2.388864755630493164e-02,1.225293284019353335e+00,2.866778631012308409e+01
3.710000000000000000e+02,4.616592526435852051e-01,2.241777256131172180e-02,1.119308845916185513e+00,3.057165522954850800e+01
3.720000000000000000e+02,4.955849647521972656e-01,2.236054651439189911e-02,1.012846113885883303e+00,3.065078918812075059e+01
3.730000000000000000e+02,5.091876983642578125e-01,2.521106041967868805e-02,9.739405778050935769e-01,2.714572483543627968e+01
3.740000000000000000e+02,3.956817984580993652e-01,2.524624951183795929e-02,1.376235740281396946e+00,2.710740098202576576e+01
3.750000000000000000e+02,4.654639661312103271e-01,2.324083261191844940e-02,1.106634296521688654e+00,2.947660979821206340e+01
3.760000000000000000e+02,4.879133403301239014e-01,2.117239497601985931e-02,1.035689745541286566e+00,3.239044130081934725e+01
3.770000000000000000e+02,5.063238143920898438e-01,2.347067371010780334e-02,9.819680787892730578e-01,2.918453362959818165e+01
3.780000000000000000e+02,5.710849165916442871e-01,2.116810716688632965e-02,8.188425204447378203e-01,3.239707300985728722e+01
3.790000000000000000e+02,6.460505127906799316e-01,2.347519993782043457e-02,6.673853919764868303e-01,2.917883923677258906e+01
3.800000000000000000e+02,6.211344003677368164e-01,2.376924082636833191e-02,7.141622950994627184e-01,2.881355640701763932e+01
3.810000000000000000e+02,6.142993569374084473e-01,2.281096577644348145e-02,7.275655824344374745e-01,3.003867109812580694e+01
3.820000000000000000e+02,4.746819436550140381e-01,2.315892651677131653e-02,1.076731179170324904e+00,2.958209499466714476e+01
3.830000000000000000e+02,4.846074879169464111e-01,2.258119732141494751e-02,1.045744506153465148e+00,3.034787452636658855e+01
3.840000000000000000e+02,4.671894013881683350e-01,2.320340648293495178e-02,1.100951391899358978e+00,2.952471775583966718e+01
3.850000000000000000e+02,4.263288676738739014e-01,2.237554453313350677e-02,1.247342890140449301e+00,3.063001032190592099e+01
3.860000000000000000e+02,4.838369786739349365e-01,2.228616736829280853e-02,1.048106729494006739e+00,3.075425033628319227e+01
3.870000000000000000e+02,5.279921293258666992e-01,2.208194322884082794e-02,9.232611392405049022e-01,3.104190940675389854e+01
3.880000000000000000e+02,5.307415127754211426e-01,2.442963793873786926e-02,9.161324225290715662e-01,2.802520505215898439e+01
3.890000000000000000e+02,5.466639399528503418e-01,2.307930402457714081e-02,8.761576010913985080e-01,2.968535684332737290e+01
3.900000000000000000e+02,5.535773634910583496e-01,2.460663020610809326e-02,8.594624885091967093e-01,2.782110980937439493e+01
3.910000000000000000e+02,4.112045466899871826e-01,2.230318635702133179e-02,1.308623787365680302e+00,3.073051609740782553e+01
3.920000000000000000e+02,4.408987164497375488e-01,2.326462231576442719e-02,1.192153098761163044e+00,2.944611071109639511e+01
3.930000000000000000e+02,4.889146387577056885e-01,2.481581456959247589e-02,1.032669719619323079e+00,2.758364642167807190e+01
3.940000000000000000e+02,4.537097215652465820e-01,2.192471176385879517e-02,1.146446706471561772e+00,3.126702814990433765e+01
3.950000000000000000e+02,6.641706228256225586e-01,2.445763163268566132e-02,6.352434365158087237e-01,2.799272801474706540e+01
3.960000000000000000e+02,5.473610758781433105e-01,2.272032573819160461e-02,8.744565148630327744e-01,3.015990009391999038e+01
3.970000000000000000e+02,6.059344410896301270e-01,2.452583238482475281e-02,7.443287191253666890e-01,2.791391485804491879e+01
3.980000000000000000e+02,6.470041871070861816e-01,2.541306242346763611e-02,6.656561899155446493e-01,2.692717181635925527e+01
3.990000000000000000e+02,4.931935369968414307e-01,2.635301463305950165e-02,1.019894914205937919e+00,2.595427046226811285e+01
4.000000000000000000e+02,4.647446274757385254e-01,2.136132121086120605e-02,1.109015412786168220e+00,3.210088277569192172e+01
4.010000000000000000e+02,5.196875333786010742e-01,2.107419818639755249e-02,9.452199298760535218e-01,3.254299340394371143e+01
4.020000000000000000e+02,5.908855199813842773e-01,1.965598016977310181e-02,7.755403900701098863e-01,3.491621338785280670e+01
4.030000000000000000e+02,5.901823043823242188e-01,2.422868274152278900e-02,7.770334916719859875e-01,2.826054726053923005e+01
4.040000000000000000e+02,5.720090270042419434e-01,2.650281786918640137e-02,8.167614299689995860e-01,2.580559124619172806e+01
4.050000000000000000e+02,5.501013398170471191e-01,1.924871839582920074e-02,8.678084528461490477e-01,3.566234690530183116e+01
4.060000000000000000e+02,5.510015487670898438e-01,2.161004766821861267e-02,8.656377614207144688e-01,3.172739131012534486e+01
4.070000000000000000e+02,5.696359276771545410e-01,2.180862799286842346e-02,8.221179650371415182e-01,3.143531586837237413e+01
4.080000000000000000e+02,5.556821823120117188e-01,2.772324532270431519e-02,8.544554006703583005e-01,2.465418484402735899e+01
4.090000000000000000e+02,4.904551506042480469e-01,2.621794305741786957e-02,1.028046169715645997e+00,2.608978509320505168e+01
4.100000000000000000e+02,5.795057415962219238e-01,2.603073604404926300e-02,8.001011370046474669e-01,2.627993139011853785e+01
4.110000000000000000e+02,5.559076666831970215e-01,2.429145202040672302e-02,8.539210644635927272e-01,2.818661888720164654e+01
4.120000000000000000e+02,4.255472123622894287e-01,2.637780271470546722e-02,1.250406745675366915e+00,2.592955178101200886e+01
4.130000000000000000e+02,3.677699565887451172e-01,2.854236029088497162e-02,1.511764929187632722e+00,2.393661226309555090e+01
4.140000000000000000e+02,4.595659673213958740e-01,2.626418881118297577e-02,1.126367677799113176e+00,2.604323073898441621e+01
4.150000000000000000e+02,5.017557740211486816e-01,2.358468808233737946e-02,9.949506169241119080e-01,2.904175938080242503e+01
4.160000000000000000e+02,4.013254344463348389e-01,2.919824793934822083e-02,1.351066320798748777e+00,2.339105631781498218e+01
4.170000000000000000e+02,5.079199075698852539e-01,2.784582227468490601e-02,9.774837184155352743e-01,2.454411739553136584e+01
4.180000000000000000e+02,4.992915093898773193e-01,2.285356633365154266e-02,1.002047006474444668e+00,2.998202599229332321e+01
4.190000000000000000e+02,6.207239031791687012e-01,2.497471123933792114e-02,7.149600014411141569e-01,2.740592726377823496e+01
4.200000000000000000e+02,6.192347407341003418e-01,2.438070252537727356e-02,7.178615670154830930e-01,2.808215686726980920e+01
4.210000000000000000e+02,6.582458019256591797e-01,3.072934783995151520e-02,6.455906976754706150e-01,2.220814462061424877e+01
4.220000000000000000e+02,4.393694698810577393e-01,3.109321556985378265e-02,1.197780105421380803e+00,2.194415569980743541e+01
4.230000000000000000e+02,4.774078428745269775e-01,2.383257821202278137e-02,1.068099205292918796e+00,2.873605309590823964e+01
4.240000000000000000e+02,5.038843154907226562e-01,2.061076462268829346e-02,9.888736616141675650e-01,3.328257115082668349e+01
4.250000000000000000e+02,6.044673919677734375e-01,2.338311821222305298e-02,7.473107322739949154e-01,2.929511990719924697e+01
4.260000000000000000e+02,6.120705008506774902e-01,2.705224417150020599e-02,7.319928253580438859e-01,2.527438127752652264e+01
4.270000000000000000e+02,5.940732359886169434e-01,2.380967698991298676e-02,7.688116897691986695e-01,2.876402877424620996e+01
4.280000000000000000e+02,6.033604741096496582e-01,2.334858104586601257e-02,7.495691985059383944e-01,2.933896989496732743e+01
4.290000000000000000e+02,6.921482086181640625e-01,2.369931153953075409e-02,5.883418423740923719e-01,2.889960710569945590e+01
4.300000000000000000e+02,6.258328557014465332e-01,2.021106891334056854e-02,7.050966857077968220e-01,3.394767115459322326e+01
4.310000000000000000e+02,5.568732619285583496e-01,2.277401275932788849e-02,8.516373522011337904e-01,3.008797841500261683e+01
4.320000000000000000e+02,5.116732120513916016e-01,2.821178734302520752e-02,9.670420714839361720e-01,2.422119088851006907e+01
4.330000000000000000e+02,6.405326128005981445e-01,2.670258283615112305e-02,6.774759272926732523e-01,2.560992055627001918e+01
4.340000000000000000e+02,5.663365125656127930e-01,2.025223337113857269e-02,8.296330901241840694e-01,3.387796024115255022e+01
4.350000000000000000e+02,6.104443669319152832e-01,2.146939933300018311e-02,7.352407487473699987e-01,3.193752786031540225e+01
4.360000000000000000e+02,5.967691540718078613e-01,2.373642101883888245e-02,7.631711375264851327e-01,2.885387931623844082e+01
4.370000000000000000e+02,5.535070896148681641e-01,2.311535924673080444e-02,8.596302632911005936e-01,2.963850895235793814e+01
4.380000000000000000e+02,5.675407648086547852e-01,2.763344533741474152e-02,8.268809414343640807e-01,2.473544003872453345e+01
4.390000000000000000e+02,5.574464201927185059e-01,2.572499401867389679e-02,8.502852127393927262e-01,2.659642412541802159e+01
4.400000000000000000e+02,5.848853588104248047e-01,2.663302794098854065e-02,7.883834673898356682e-01,2.567771682418203127e+01
4.410000000000000000e+02,5.991963744163513184e-01,2.583729475736618042e-02,7.581314127729632535e-01,2.647930429312529910e+01
4.420000000000000000e+02,5.599333643913269043e-01,3.087081201374530792e-02,8.444476012603985282e-01,2.210477189861694924e+01
4.430000000000000000e+02,5.677422881126403809e-01,2.902456745505332947e-02,8.264214256891485588e-01,2.353312080306130838e+01
4.440000000000000000e+02,4.163870215415954590e-01,2.777831442654132843e-02,1.287140224524971011e+00,2.460461561352482818e+01
4.450000000000000000e+02,4.045831263065338135e-01,2.376756817102432251e-02,1.336848375119957355e+00,2.881560876354425105e+01
4.460000000000000000e+02,5.028719902038574219e-01,3.121663816273212433e-02,9.917577952941314390e-01,2.185600929308119333e+01
4.470000000000000000e+02,5.093877315521240234e-01,3.090023249387741089e-02,9.733830507969442047e-01,2.208339222666242918e+01
4.480000000000000000e+02,4.456021785736083984e-01,2.556176483631134033e-02,1.175079147092003229e+00,2.676849270434378525e+01
4.490000000000000000e+02,4.360404014587402344e-01,2.668087184429168701e-02,1.210161071428434543e+00,2.563104466175111540e+01
4.500000000000000000e+02,4.534649252891540527e-01,2.576044946908950806e-02,1.147296842175643317e+00,2.655933689822181165e+01
4.510000000000000000e+02,5.217371582984924316e-01,2.713585272431373596e-02,9.397397624798233817e-01,2.519543044743803506e+01
4.520000000000000000e+02,6.102240085601806641e-01,2.614177390933036804e-02,7.356820463084429162e-01,2.616682156055566111e+01
4.530000000000000000e+02,6.522771120071411133e-01,2.660401165485382080e-02,6.561722575172840299e-01,2.570610424623739121e+01
4.540000000000000000e+02,6.243516802787780762e-01,2.634489163756370544e-02,7.079418244384703129e-01,2.596238083396637109e+01
4.550000000000000000e+02,5.038784742355346680e-01,2.524147182703018188e-02,9.888902721682346630e-01,2.711259801018495708e+01
4.560000000000000000e+02,5.871904492378234863e-01,2.872404269874095917e-02,7.834217027703758163e-01,2.378299733066779709e+01
4.570000000000000000e+02,6.011475324630737305e-01,2.803203836083412170e-02,7.541063589716664461e-01,2.437874729531906226e+01
4.580000000000000000e+02,6.016534566879272461e-01,3.001395240426063538e-02,7.530664645995732709e-01,2.274583159424286904e+01
4.590000000000000000e+02,5.539219379425048828e-01,3.481815382838249207e-02,8.586404023974428812e-01,1.955901680710544355e+01
4.600000000000000000e+02,5.429585576057434082e-01,3.497511893510818481e-02,8.852666870238383723e-01,1.946966377347387933e+01
4.610000000000000000e+02,5.630351305007934570e-01,2.840901538729667664e-02,8.372328862177247366e-01,2.405060732024568537e+01
4.620000000000000000e+02,5.635001659393310547e-01,2.927503362298011780e-02,8.361574624890119045e-01,2.332878566965176148e+01
4.630000000000000000e+02,5.576925277709960938e-01,2.931715548038482666e-02,8.497054003942899891e-01,2.329476477436986670e+01
4.640000000000000000e+02,5.835943222045898438e-01,2.420176006853580475e-02,7.911778263185623716e-01,2.829237374212082301e+01
4.650000000000000000e+02,5.358057022094726562e-01,2.417702600359916687e-02,9.031797664084711963e-01,2.832167544290153316e+01
4.660000000000000000e+02,5.737137198448181152e-01,2.251605503261089325e-02,8.129384213571599904e-01,3.043668578646033751e+01
4.670000000000000000e+02,5.916324853897094727e-01,2.338767051696777344e-02,7.739578719465637358e-01,2.928934974978441730e+01
4.680000000000000000e+02,5.688718557357788086e-01,2.287286333739757538e-02,8.238512520649378112e-01,2.995643658747027516e+01
4.690000000000000000e+02,6.770219206809997559e-01,2.461346052587032318e-02,6.133118692080882228e-01,2.781329237673597277e+01
4.700000000000000000e+02,6.320244669914245605e-01,2.302437275648117065e-02,6.933282575077587273e-01,2.975701312268701315e+01
4.710000000000000000e+02,6.730422377586364746e-01,2.339826337993144989e-02,6.200305249215332104e-01,2.927593172773588037e+01
4.720000000000000000e+02,5.889584422111511230e-01,2.598735690116882324e-02,7.796396592070277132e-01,2.632438254029135294e+01
4.730000000000000000e+02,5.742030739784240723e-01,2.432939969003200531e-02,8.118447760643766609e-01,2.814210990903703902e+01
4.740000000000000000e+02,4.468411803245544434e-01,2.883937768638134003e-02,1.170638964954872741e+00,2.368648430022503959e+01
4.750000000000000000e+02,5.135813951492309570e-01,2.970631979405879974e-02,9.617884489213308630e-01,2.298500839286081643e+01
4.760000000000000000e+02,6.944021582603454590e-01,2.915244922041893005e-02,5.846948839141179466e-01,2.342835372834316487e+01
4.770000000000000000e+02,5.839089155197143555e-01,2.137963846325874329e-02,7.904958878117446242e-01,3.207308089265355733e+01
4.780000000000000000e+02,6.009613871574401855e-01,2.863754518330097198e-02,7.544893589440548887e-01,2.385588908285025411e+01
4.790000000000000000e+02,5.455778837203979492e-01,2.317559160292148590e-02,8.788156741394822502e-01,2.956057195259974435e+01
4.800000000000000000e+02,5.111351013183593750e-01,2.663518302142620087e-02,9.685302499895318551e-01,2.567561091766017967e+01
4.810000000000000000e+02,5.372775197029113770e-01,2.613205835223197937e-02,8.994577943713830681e-01,2.617668003877911076e+01
4.820000000000000000e+02,6.386215090751647949e-01,2.260247990489006042e-02,6.810052528549288553e-01,3.031897001402297676e+01
4.830000000000000000e+02,6.168040037155151367e-01,2.982952445745468140e-02,7.226239652060144625e-01,2.288862760395404194e+01
4.840000000000000000e+02,6.530764102935791016e-01,2.436392940580844879e-02,6.547458605838041290e-01,2.810173033569665790e+01
4.850000000000000000e+02,6.062632799148559570e-01,2.697532624006271362e-02,7.436620492822875184e-01,2.534744641310106061e+01
4.860000000000000000e+02,5.175350308418273926e-01,2.679494768381118774e-02,9.510188217255537424e-01,2.552043507062637318e+01
4.870000000000000000e+02,6.243948340415954590e-01,2.318601496517658234e-02,7.078587665490599923e-01,2.954712585499636646e+01
4.880000000000000000e+02,6.224940419197082520e-01,3.132165223360061646e-02,7.115266778147235627e-01,2.178155689571211795e+01
4.890000000000000000e+02,5.748369693756103516e-01,3.002235479652881622e-02,8.104306050776020065e-01,2.273936770227723869e+01
4.900000000000000000e+02,4.791920483112335205e-01,2.977336384356021881e-02,1.062499832268220201e+00,2.293246211834806303e+01
4.910000000000000000e+02,6.591586470603942871e-01,3.376374021172523499e-02,6.439864462405762158e-01,2.018077888310281764e+01
4.920000000000000000e+02,6.058359742164611816e-01,2.784128673374652863e-02,7.445284697002922947e-01,2.454817279893698867e+01
4.930000000000000000e+02,5.824577808380126953e-01,2.476663701236248016e-02,7.936470055883675379e-01,2.763911150203995248e+01
4.940000000000000000e+02,6.082603931427001953e-01,2.918999642133712769e-02,7.396268651731581212e-01,2.339776751887302098e+01
4.950000000000000000e+02,5.899260640144348145e-01,2.904324978590011597e-02,7.775783449142763537e-01,2.351775776978300314e+01
4.960000000000000000e+02,5.940846800804138184e-01,2.986445464193820953e-02,7.687876494249116233e-01,2.286144702820854846e+01
4.970000000000000000e+02,6.433594226837158203e-01,2.745852060616016388e-02,6.722882343040741393e-01,2.489524591401638887e+01
4.980000000000000000e+02,6.181187033653259277e-01,2.665300481021404266e-02,7.200440962229616160e-01,2.565820883271126007e+01
4.990000000000000000e+02,6.156882643699645996e-01,2.893691323697566986e-02,7.248209544480992417e-01,2.360546631990446542e+01
5.000000000000000000e+02,5.731657743453979492e-01,2.575990930199623108e-02,8.141650177000788746e-01,2.655990115978576327e+01
5.010000000000000000e+02,6.082413196563720703e-01,2.756205014884471893e-02,7.396652928813430838e-01,2.480041951341564399e+01
5.020000000000000000e+02,5.528330206871032715e-01,2.591335214674472809e-02,8.612415518766074474e-01,2.640055963314332033e+01
5.030000000000000000e+02,6.077284216880798340e-01,2.606930769979953766e-02,7.406994344730986057e-01,2.624053077415688051e+01
5.040000000000000000e+02,6.393766403198242188e-01,2.830886654555797577e-02,6.796085689439359534e-01,2.413692955638478921e+01
5.050000000000000000e+02,6.252942085266113281e-01,2.950632758438587189e-02,7.061300041942931704e-01,2.314317223842762417e+01
5.060000000000000000e+02,6.681324839591979980e-01,2.822084538638591766e-02,6.284088537526419938e-01,2.421330430540868761e+01
5.070000000000000000e+02,6.337930560111999512e-01,2.683805115520954132e-02,6.900030542435918735e-01,2.547888607206175138e+01
5.080000000000000000e+02,6.660839915275573730e-01,2.951678819954395294e-02,6.319343600111829717e-01,2.313484634393508088e+01
5.090000000000000000e+02,6.753014326095581055e-01,2.963087707757949829e-02,6.162085998184380076e-01,2.304442149757308655e+01
5.100000000000000000e+02,6.272858977317810059e-01,2.658129483461380005e-02,7.023168861071577007e-01,2.572837198056722841e+01
5.110000000000000000e+02,6.517962813377380371e-01,2.738850191235542297e-02,6.570317410089107080e-01,2.495978488488541558e+01
5.120000000000000000e+02,6.494138240814208984e-01,2.604855597019195557e-02,6.613061257967867146e-01,2.626171398760941855e+01
5.130000000000000000e+02,5.592944025993347168e-01,3.241362050175666809e-02,8.459429057751772785e-01,2.103596492608814117e+01
5.140000000000000000e+02,6.142893433570861816e-01,3.077514097094535828e-02,7.275854097561044176e-01,2.217457799275090125e+01
5.150000000000000000e+02,4.883317351341247559e-01,2.668114937841892242e-02,1.034426394312527364e+00,2.563077441295235559e+01
5.160000000000000000e+02,6.212244033813476562e-01,2.699542604386806488e-02,7.139875175911635230e-01,2.532831321925585044e+01
5.170000000000000000e+02,6.434374451637268066e-01,2.757800929248332977e-02,6.721455980533393992e-01,2.478586529461773225e+01
5.180000000000000000e+02,6.353080868721008301e-01,3.010244853794574738e-02,6.871672072669633424e-01,2.267793336392773895e+01
5.190000000000000000e+02,5.877188444137573242e-01,2.499408647418022156e-02,7.822892380097659082e-01,2.738441144580553299e+01
5.200000000000000000e+02,5.166523456573486328e-01,3.072509355843067169e-02,9.534098591076848317e-01,2.221126811248070254e+01
5.210000000000000000e+02,5.820654630661010742e-01,3.062656521797180176e-02,7.945013445158930487e-01,2.228385033332154563e+01
5.220000000000000000e+02,6.591638922691345215e-01,3.118231147527694702e-02,6.439772388700398809e-01,2.188045481314209795e+01
5.230000000000000000e+02,6.410104036331176758e-01,2.770184911787509918e-02,6.765963678998636599e-01,2.467349732036966969e+01
5.240000000000000000e+02,6.322507262229919434e-01,3.173074498772621155e-02,6.929019665200667477e-01,2.149621900093222138e+01
5.250000000000000000e+02,5.710994601249694824e-01,2.938291616737842560e-02,8.188097211964917577e-01,2.324184631495164055e+01
5.260000000000000000e+02,5.798223614692687988e-01,3.499582037329673767e-02,7.994060670376851307e-01,1.945793921495644341e+01
5.270000000000000000e+02,5.696461200714111328e-01,2.502460964024066925e-02,8.220948722705625489e-01,2.735058365186077722e+01
5.280000000000000000e+02,5.720819830894470215e-01,3.152877464890480042e-02,8.165973930213280552e-01,2.163616583553600847e+01
5.290000000000000000e+02,6.267871260643005371e-01,2.933302894234657288e-02,7.032698252265142669e-01,2.328196947544607198e+01
5.300000000000000000e+02,7.100846171379089355e-01,3.087514638900756836e-02,5.598175679011924144e-01,2.210161957727305193e+01
5.310000000000000000e+02,6.378585696220397949e-01,3.277602419257164001e-02,6.824192417593003546e-01,2.079949604354843729e+01
5.320000000000000000e+02,6.233378648757934570e-01,2.972440235316753387e-02,7.098959788272737326e-01,2.297081270949086118e+01
5.330000000000000000e+02,6.067401170730590820e-01,2.965999394655227661e-02,7.426964680882611747e-01,2.302145539268349239e+01
5.340000000000000000e+02,5.636084079742431641e-01,3.006598167121410370e-02,8.359073781556348726e-01,2.270586397698536629e+01
5.350000000000000000e+02,6.218272447586059570e-01,3.159683197736740112e-02,7.128179893786291688e-01,2.158880853369992892e+01
5.360000000000000000e+02,6.759247183799743652e-01,3.187628835439682007e-02,6.151578172810395762e-01,2.139647020388824217e+01
5.370000000000000000e+02,6.804572343826293945e-01,2.744096517562866211e-02,6.075632870148307552e-01,2.491139650673958528e+01
5.380000000000000000e+02,5.976718068122863770e-01,4.426145553588867188e-02,7.612926788876848150e-01,1.531110044372808332e+01
5.390000000000000000e+02,6.348610520362854004e-01,3.613464534282684326e-02,6.880027647678369496e-01,1.883364413167184637e+01
5.400000000000000000e+02,5.752085447311401367e-01,3.248510882258415222e-02,8.096029608030723690e-01,2.098890100901558142e+01
5.410000000000000000e+02,5.710742473602294922e-01,3.473173826932907104e-02,8.188665831520397509e-01,1.960855389621612588e+01
5.420000000000000000e+02,7.357645630836486816e-01,3.430688381195068359e-02,5.208050867514089077e-01,1.985572773851737338e+01
5.430000000000000000e+02,6.816231608390808105e-01,3.465241566300392151e-02,6.056228301747331733e-01,1.965424246139160047e+01
5.440000000000000000e+02,6.859438419342041016e-01,3.012434579432010651e-02,5.984778780465814796e-01,2.266119436227469564e+01
5.450000000000000000e+02,6.884253621101379395e-01,2.651843801140785217e-02,5.944065304858480170e-01,2.579018500900559374e+01
5.460000000000000000e+02,5.753239989280700684e-01,3.184638544917106628e-02,8.093459958902065043e-01,2.141688988220573364e+01
5.470000000000000000e+02,6.089189052581787109e-01,3.242985904216766357e-02,7.383014482772212173e-01,2.102525616668406272e+01
5.480000000000000000e+02,6.129687428474426270e-01,2.661463804543018341e-02,7.302052262215255052e-01,2.569570097633252104e+01
5.490000000000000000e+02,5.893974304199218750e-01,2.839509584009647369e-02,7.787037367730482718e-01,2.406256869490945860e+01
5.500000000000000000e+02,7.005286216735839844e-01,2.872934378683567047e-02,5.748745437452269513e-01,2.377854435871885030e+01
5.510000000000000000e+02,6.687059402465820312e-01,3.241656348109245300e-02,6.274250923363859922e-01,2.103402333640658384e+01
5.520000000000000000e+02,6.710473299026489258e-01,2.712409757077693939e-02,6.234227125604110409e-01,2.520650133332879150e+01
5.530000000000000000e+02,6.932292580604553223e-01,2.608224377036094666e-02,5.865903561894271201e-01,2.622734278278227649e+01
5.540000000000000000e+02,6.121169328689575195e-01,3.000498935580253601e-02,7.319003078255786887e-01,2.275273078474661403e+01
5.550000000000000000e+02,6.887746453285217285e-01,2.971118316054344177e-02,5.938353369144182548e-01,2.298118871640287253e+01
5.560000000000000000e+02,5.653818249702453613e-01,3.020411729812622070e-02,8.318224748107091449e-01,2.260041957900472553e+01
5.570000000000000000e+02,6.624842882156372070e-01,3.166898339986801147e-02,6.381729132459252885e-01,2.153882463938851899e+01
5.580000000000000000e+02,5.312698483467102051e-01,3.081631287932395935e-02,9.147703908581263921e-01,2.214448390776113484e+01
5.590000000000000000e+02,5.663819313049316406e-01,2.991525270044803619e-02,8.295290987803251026e-01,2.282203229080147011e+01
5.600000000000000000e+02,6.255776286125183105e-01,2.848689071834087372e-02,7.055861108489277500e-01,2.398390295134103312e+01
5.610000000000000000e+02,6.341769099235534668e-01,3.026924096047878265e-02,6.892834553060402936e-01,2.255104189512949020e+01
5.620000000000000000e+02,6.378557682037353516e-01,3.269455209374427795e-02,6.824244390671729832e-01,2.085219994832353763e+01
5.630000000000000000e+02,5.748279094696044922e-01,2.904648892581462860e-02,8.104507971361466501e-01,2.351509613932739384e+01
5.640000000000000000e+02,6.406515240669250488e-01,3.301138058304786682e-02,6.772569206893047644e-01,2.064870623740693389e+01
5.650000000000000000e+02,6.967261433601379395e-01,3.083044663071632385e-02,5.809539058218177177e-01,2.213417155186507301e+01
5.660000000000000000e+02,6.552229523658752441e-01,2.592648565769195557e-02,6.509296356558452734e-01,2.638700886193269923e+01
5.670000000000000000e+02,6.622357368469238281e-01,2.876390144228935242e-02,6.386057339456153725e-01,2.374955577330802825e+01
5.680000000000000000e+02,6.430315971374511719e-01,3.097837977111339569e-02,6.728878669377080790e-01,2.202680028275157298e+01
5.690000000000000000e+02,6.880363225936889648e-01,3.505756333470344543e-02,5.950432780440231273e-01,1.942305242430562373e+01
5.700000000000000000e+02,6.912057995796203613e-01,3.203837573528289795e-02,5.898722110777077088e-01,2.128644945269997635e+01
5.710000000000000000e+02,6.357483267784118652e-01,3.577773645520210266e-02,6.863453333707866255e-01,1.902502331381309375e+01
5.720000000000000000e+02,6.427966952323913574e-01,3.319992870092391968e-02,6.733178499256454730e-01,2.052944814932912720e+01
5.730000000000000000e+02,6.633127927780151367e-01,4.036330059170722961e-02,6.367321117563078392e-01,1.682375478090091292e+01
5.740000000000000000e+02,6.876559257507324219e-01,3.504430502653121948e-02,5.956664306911101381e-01,1.943053343825318180e+01
5.750000000000000000e+02,6.586400866508483887e-01,3.720480948686599731e-02,6.448973211800903549e-01,1.828181645852738768e+01
5.760000000000000000e+02,6.969040632247924805e-01,2.970484271645545959e-02,5.806683038350057835e-01,2.298616873369445202e+01
5.770000000000000000e+02,6.676722168922424316e-01,3.043875843286514282e-02,6.291994401372712487e-01,2.242350206022506498e+01
5.780000000000000000e+02,6.907207965850830078e-01,2.555075101554393768e-02,5.906610807871233160e-01,2.678018213116456536e+01
5.790000000000000000e+02,6.206191778182983398e-01,3.611542284488677979e-02,7.151636578881216399e-01,1.884385511995322915e+01
5.800000000000000000e+02,6.753150224685668945e-01,2.994231507182121277e-02,6.161856722733096703e-01,2.280108891557295081e+01
5.810000000000000000e+02,6.181020736694335938e-01,2.917419001460075378e-02,7.200766693036926291e-01,2.341063393251341651e+01
5.820000000000000000e+02,6.741015911102294922e-01,3.105731680989265442e-02,6.182358099940939988e-01,2.196992552096326179e+01
5.830000000000000000e+02,6.891119480133056641e-01,2.759730070829391479e-02,5.932841694005519528e-01,2.476829462278951155e+01
5.840000000000000000e+02,6.605865359306335449e-01,2.478711865842342377e-02,6.414844261119615476e-01,2.761598446404765994e+01
5.850000000000000000e+02,6.596418619155883789e-01,3.592832386493682861e-02,6.431387271597577282e-01,1.894381274507019342e+01
5.860000000000000000e+02,6.330150961875915527e-01,2.816210314631462097e-02,6.914637665222184149e-01,2.426453974375300504e+01
5.870000000000000000e+02,6.464294791221618652e-01,3.494118154048919678e-02,6.666977345245062025e-01,1.948891476034740933e+01
5.880000000000000000e+02,6.607153415679931641e-01,3.103618696331977844e-02,6.412591669486954471e-01,2.198512138895689816e+01
5.890000000000000000e+02,7.186093926429748535e-01,3.365963324904441833e-02,5.466410780875574638e-01,2.024428095104007141e+01
5.900000000000000000e+02,5.928004384040832520e-01,3.374342620372772217e-02,7.714905917431990057e-01,2.019313904107101010e+01
5.910000000000000000e+02,6.378850936889648438e-01,3.061179071664810181e-02,6.823700351366791539e-01,2.229477444830400046e+01
5.920000000000000000e+02,6.337000727653503418e-01,3.511688485741615295e-02,6.901774794853976491e-01,1.938964936761164992e+01
5.930000000000000000e+02,7.052478790283203125e-01,3.328096121549606323e-02,5.673997413531761680e-01,2.047860960296733523e+01
5.940000000000000000e+02,6.376353502273559570e-01,2.998886443674564362e-02,6.828334898514955009e-01,2.276515311514045337e+01
5.950000000000000000e+02,6.739107370376586914e-01,3.201701119542121887e-02,6.185588094183597230e-01,2.130088742070497787e+01
5.960000000000000000e+02,6.504082679748535156e-01,3.012647479772567749e-02,6.595187888770903673e-01,2.265956817806802803e+01
5.970000000000000000e+02,6.933293342590332031e-01,3.288226947188377380e-02,5.864284318300032606e-01,2.073115881323998266e+01
5.980000000000000000e+02,7.141126990318298340e-01,3.582988679409027100e-02,5.535622524325870542e-01,1.899682180071472715e+01
5.990000000000000000e+02,6.817649006843566895e-01,3.315148130059242249e-02,6.053872941952156417e-01,2.055996200198828561e+01
6.000000000000000000e+02,6.329619288444519043e-01,3.526632860302925110e-02,6.915637070092134353e-01,1.930599792754533084e+01
6.010000000000000000e+02,6.797701120376586914e-01,3.698375076055526733e-02,6.087093661552778201e-01,1.839318814484675357e+01
6.020000000000000000e+02,6.654233932495117188e-01,3.610742837190628052e-02,6.330750632538604261e-01,1.884810498358061537e+01
6.030000000000000000e+02,6.092109084129333496e-01,3.993766009807586670e-02,7.377145274765567473e-01,1.700680062895294853e+01
6.040000000000000000e+02,6.637002229690551758e-01,3.759592771530151367e-02,6.360593740213339453e-01,1.808797520504230150e+01
6.050000000000000000e+02,6.598431468009948730e-01,3.529604151844978333e-02,6.427859105474186263e-01,1.928945047410716285e+01
6.060000000000000000e+02,6.829267740249633789e-01,3.284999355673789978e-02,6.034594999057742992e-01,2.075187202144991616e+01
6.070000000000000000e+02,6.540938019752502441e-01,4.163508117198944092e-02,6.529344836012731523e-01,1.629912254438078989e+01
6.080000000000000000e+02,6.925877928733825684e-01,3.072892501950263977e-02,5.876291234644738237e-01,2.220845501652259202e+01
6.090000000000000000e+02,6.833969354629516602e-01,3.225482255220413208e-02,6.026808903811546880e-01,2.114125495611654770e+01
6.100000000000000000e+02,6.455795764923095703e-01,3.550956770777702332e-02,6.682408848554289849e-01,1.917134983629029676e+01
6.110000000000000000e+02,7.410485744476318359e-01,2.658571489155292511e-02,5.130187237284123958e-01,2.572403632152477115e+01
6.120000000000000000e+02,6.508527398109436035e-01,3.304011747241020203e-02,6.587214135095561529e-01,2.063044203277264188e+01
6.130000000000000000e+02,6.868795156478881836e-01,3.248023614287376404e-02,5.969400130837502205e-01,2.099210233048154706e+01
6.140000000000000000e+02,6.645352244377136230e-01,2.950694970786571503e-02,6.346116671893022865e-01,2.314267690795975696e+01
6.150000000000000000e+02,6.834654211997985840e-01,3.075128607451915741e-02,6.025675460792290217e-01,2.219205129528011611e+01
6.160000000000000000e+02,6.503869295120239258e-01,2.783385105431079865e-02,6.595570927625856728e-01,2.455482418818502666e+01
6.170000000000000000e+02,6.207941770553588867e-01,2.878087572753429413e-02,7.148233753309400917e-01,2.373534243782842879e+01
6.180000000000000000e+02,6.433001756668090820e-01,3.342764452099800110e-02,6.723965659145745288e-01,2.038720961030484347e+01
6.190000000000000000e+02,6.557905077934265137e-01,3.338648378849029541e-02,6.499240967924121426e-01,2.041277626351994812e+01
6.200000000000000000e+02,6.603652834892272949e-01,3.072012215852737427e-02,6.418715288660078455e-01,2.221491920844498225e+01
6.210000000000000000e+02,6.886864900588989258e-01,2.883414551615715027e-02,5.939794567667308067e-01,2.369084589527984619e+01
6.220000000000000000e+02,6.088520288467407227e-01,2.921376191079616547e-02,7.384359383078576977e-01,2.337844861485420722e+01
6.230000000000000000e+02,6.301263570785522461e-01,2.913084626197814941e-02,6.969148154487351254e-01,2.344598737756424356e+01
6.240000000000000000e+02,6.323556303977966309e-01,3.197685629129409790e-02,6.927044073547421466e-01,2.132807595369988007e+01
6.250000000000000000e+02,6.231535673141479492e-01,3.311450406908988953e-02,7.102518091893431640e-01,2.058331161822319189e+01
6.260000000000000000e+02,6.237859129905700684e-01,3.630645573139190674e-02,7.090316758424636268e-01,1.874285863204172742e+01
6.270000000000000000e+02,6.857169866561889648e-01,2.670070156455039978e-02,5.988512368184198964e-01,2.561174961447742149e+01
6.280000000000000000e+02,6.753834486007690430e-01,3.013526462018489838e-02,6.160702414137180227e-01,2.265285673186870952e+01
6.290000000000000000e+02,7.123104929924011230e-01,2.504853159189224243e-02,5.563543899798888415e-01,2.732412938360624466e+01
6.300000000000000000e+02,7.019154429435729980e-01,2.966404892504215240e-02,5.726699694913373051e-01,2.301826058042620105e+01
6.310000000000000000e+02,7.075321078300476074e-01,4.022216424345970154e-02,5.638091438184421600e-01,1.688402093030233786e+01
6.320000000000000000e+02,6.365149617195129395e-01,3.547892719507217407e-02,6.849164417234246960e-01,1.918820965467367046e+01
6.330000000000000000e+02,7.166513204574584961e-01,3.143616020679473877e-02,5.496469680139874914e-01,2.170094041818111918e+01
6.340000000000000000e+02,6.680256128311157227e-01,3.067119978368282318e-02,6.285923434360977113e-01,2.225091191168409566e+01
6.350000000000000000e+02,6.742357015609741211e-01,3.222695738077163696e-02,6.180089315666823513e-01,2.115983779613030791e+01
6.360000000000000000e+02,7.083593606948852539e-01,3.296506032347679138e-02,5.625131160001678454e-01,2.067821286711497208e+01
6.370000000000000000e+02,7.563812732696533203e-01,3.191887214779853821e-02,4.908449902239306883e-01,2.136745720938391457e+01
6.380000000000000000e+02,6.846417188644409180e-01,3.735997900366783142e-02,6.006235877819481317e-01,1.820442760618690059e+01
6.390000000000000000e+02,6.490836739540100098e-01,3.394760563969612122e-02,6.619005302935663249e-01,2.006957786312169389e+01
6.400000000000000000e+02,7.014325857162475586e-01,3.150124102830886841e-02,5.734367873979625552e-01,2.165538308110166454e+01
6.410000000000000000e+02,6.714509129524230957e-01,3.342811763286590576e-02,6.227351272753779421e-01,2.038691610669869547e+01
6.420000000000000000e+02,7.369766235351562500e-01,3.175342082977294922e-02,5.190121767205390091e-01,2.148061788181032838e+01
6.430000000000000000e+02,7.480458021163940430e-01,3.373003378510475159e-02,5.028242124499713306e-01,2.020129586614455519e+01
6.440000000000000000e+02,7.213330268859863281e-01,3.024639748036861420e-02,5.424799601228930124e-01,2.256833793621147066e+01
6.450000000000000000e+02,6.846480965614318848e-01,3.107634186744689941e-02,6.006130624517440619e-01,2.195626102350576048e+01
6.460000000000000000e+02,7.048850655555725098e-01,3.056716918945312500e-02,5.679716802974802414e-01,2.232783125247808442e+01
6.470000000000000000e+02,7.071909904479980469e-01,3.274299949407577515e-02,5.643442294048475194e-01,2.082082795345201021e+01
6.480000000000000000e+02,6.723729372024536133e-01,3.420550003647804260e-02,6.211667941385576874e-01,1.991561861614679430e+01
6.490000000000000000e+02,6.427639722824096680e-01,4.103113710880279541e-02,6.733777697498103398e-01,1.654420582823825470e+01
6.500000000000000000e+02,6.819046139717102051e-01,4.048964008688926697e-02,6.051552025024238279e-01,1.677016331468617949e+01
6.510000000000000000e+02,6.881164312362670898e-01,3.948344290256500244e-02,5.949121163506285725e-01,1.720648810171597631e+01
6.520000000000000000e+02,6.733559966087341309e-01,3.698127344250679016e-02,6.194984893639194912e-01,1.839444378676383351e+01
6.530000000000000000e+02,7.092294096946716309e-01,3.657965362071990967e-02,5.611525099659299132e-01,1.860025544437504763e+01
6.540000000000000000e+02,6.819940209388732910e-01,4.013937711715698242e-02,6.050067195677623078e-01,1.691956875844916652e+01
6.550000000000000000e+02,7.174667716026306152e-01,3.638403490185737610e-02,5.483936731919528684e-01,1.870214634660632669e+01
6.560000000000000000e+02,8.193272948265075684e-01,3.077831678092479706e-02,4.050961870070673987e-01,2.217225380921794198e+01
6.570000000000000000e+02,7.964645624160766602e-01,3.229120373725891113e-02,4.354171647170007597e-01,2.111704118913292660e+01
6.580000000000000000e+02,7.389575839042663574e-01,3.208572044968605042e-02,5.160907152003663123e-01,2.125452282053240438e+01
6.590000000000000000e+02,7.568815350532531738e-01,3.231081739068031311e-02,4.901315386595841428e-01,2.110400979754870932e+01
6.600000000000000000e+02,7.094834446907043457e-01,3.105079010128974915e-02,5.607557187825484846e-01,2.197461710082018271e+01
6.610000000000000000e+02,7.070863842964172363e-01,2.981447428464889526e-02,5.645083957985217449e-01,2.290035837706663813e+01
6.620000000000000000e+02,6.690515875816345215e-01,2.650326117873191833e-02,6.268328023980601627e-01,2.580515375704157677e+01
6.630000000000000000e+02,6.836240887641906738e-01,3.080383688211441040e-02,6.023050198957339285e-01,2.215359458547581895e+01
6.640000000000000000e+02,6.739682555198669434e-01,3.361933305859565735e-02,6.184614501294614097e-01,2.026896841402755456e+01
6.650000000000000000e+02,7.070301771163940430e-01,3.300690278410911560e-02,5.645966212300486120e-01,2.065155504005605280e+01
6.660000000000000000e+02,7.094796895980834961e-01,3.471185639500617981e-02,5.607615825057851167e-01,1.961998593322594431e+01
6.670000000000000000e+02,7.941376566886901855e-01,3.308530524373054504e-02,4.385487623110824185e-01,2.060178636288765475e+01
6.680000000000000000e+02,8.159831762313842773e-01,3.736405819654464722e-02,4.094852468180923966e-01,1.820240182976450782e+01
6.690000000000000000e+02,7.545344829559326172e-01,3.491945192217826843e-02,4.934841035830478395e-01,1.950126053383321079e+01
6.700000000000000000e+02,6.473413705825805664e-01,2.872268110513687134e-02,6.650458379811600151e-01,2.378414134947234970e+01
6.710000000000000000e+02,7.039210796356201172e-01,2.851560153067111969e-02,5.694934927971089245e-01,2.395940252658961001e+01
6.720000000000000000e+02,7.717546224594116211e-01,3.712332621216773987e-02,4.691878581195896847e-01,1.832271425199325066e+01
6.730000000000000000e+02,6.810753345489501953e-01,3.240250796079635620e-02,6.065339172754964370e-01,2.104329945030641014e+01
6.740000000000000000e+02,7.217519283294677734e-01,2.980661392211914062e-02,5.418420141510493782e-01,2.290648980159625481e+01
6.750000000000000000e+02,7.333792448043823242e-01,3.296185284852981567e-02,5.243456289553296568e-01,2.068025914167099799e+01
6.760000000000000000e+02,7.047063112258911133e-01,3.259084746241569519e-02,5.682536336930036347e-01,2.091966710813265706e+01
6.770000000000000000e+02,6.711733937263488770e-01,3.485030308365821838e-02,6.232078650255251651e-01,1.954065017300564833e+01
6.780000000000000000e+02,7.519510984420776367e-01,3.438116237521171570e-02,4.971899998626950201e-01,1.981207300616866362e+01
6.790000000000000000e+02,6.628186702728271484e-01,3.401821106672286987e-02,6.375910521638632478e-01,2.002719540069482917e+01
6.800000000000000000e+02,7.487869262695312500e-01,3.423794358968734741e-02,5.017519805876370365e-01,1.989641450818527346e+01
6.810000000000000000e+02,8.026953935623168945e-01,3.825246915221214294e-02,4.270760298929030530e-01,1.777149874288046760e+01
6.820000000000000000e+02,7.685632705688476562e-01,3.791590780019760132e-02,4.736395317245230552e-01,1.793236439880811517e+01
6.830000000000000000e+02,7.362008094787597656e-01,2.956544607877731323e-02,5.201593051458562877e-01,2.309619561897729767e+01
6.840000000000000000e+02,7.532866597175598145e-01,3.117062710225582123e-02,4.952720420208240326e-01,2.188878804249274168e+01
6.850000000000000000e+02,6.905062794685363770e-01,3.235375136137008667e-02,5.910102762473993243e-01,2.107553943341732250e+01
6.860000000000000000e+02,6.492780447006225586e-01,2.907053194940090179e-02,6.615505223360765852e-01,2.349535830982456019e+01
6.870000000000000000e+02,7.107753753662109375e-01,2.745847404003143311e-02,5.587410918425360640e-01,2.489528872646994628e+01
6.880000000000000000e+02,7.587671279907226562e-01,3.425798192620277405e-02,4.874478325100518594e-01,1.988457151092692143e+01
6.890000000000000000e+02,7.919017672538757324e-01,3.360505029559135437e-02,4.415667282285317685e-01,2.027773209084139694e+01
6.900000000000000000e+02,7.464206218719482422e-01,4.982876405119895935e-02,5.051804565652769918e-01,1.356105758232584790e+01
6.910000000000000000e+02,7.123179435729980469e-01,5.056137964129447937e-02,5.563428251228497157e-01,1.335945385266931318e+01
6.920000000000000000e+02,7.659907341003417969e-01,4.203232750296592712e-02,4.772444048782488180e-01,1.614175738346597910e+01
6.930000000000000000e+02,7.844502925872802734e-01,4.234489426016807556e-02,4.516900567018611312e-01,1.602001242188362440e+01
6.940000000000000000e+02,6.499758362770080566e-01,3.833312541246414185e-02,6.602954434707153375e-01,1.773336714427826877e+01
6.950000000000000000e+02,7.070906758308410645e-01,3.540185093879699707e-02,5.645016600418484298e-01,1.923074958225026521e+01
6.960000000000000000e+02,7.221515178680419922e-01,2.885939367115497589e-02,5.412339824130911747e-01,2.366981335019481847e+01
6.970000000000000000e+02,6.797962188720703125e-01,3.584499284625053406e-02,6.086657875356994429e-01,1.898866817615910563e+01
6.980000000000000000e+02,7.447376251220703125e-01,3.321219235658645630e-02,5.076278208185079910e-01,2.052173819180092806e+01
6.990000000000000000e+02,7.938767671585083008e-01,3.564762696623802185e-02,4.389004548480380241e-01,1.909574275309138969e+01
7.000000000000000000e+02,7.136235833168029785e-01,3.816936910152435303e-02,5.543189917019440971e-01,1.781095421350810426e+01
7.010000000000000000e+02,7.290695309638977051e-01,3.957892209291458130e-02,5.307840284026029698e-01,1.716413218494727388e+01
7.020000000000000000e+02,7.475531101226806641e-01,3.338515013456344604e-02,5.035378084890463901e-01,2.041360570609013791e+01
7.030000000000000000e+02,8.004523515701293945e-01,3.174764290452003479e-02,4.300714901494049891e-01,2.148459101433584095e+01
7.040000000000000000e+02,7.964586615562438965e-01,3.573501482605934143e-02,4.354250945219909630e-01,1.904818735991267076e+01
7.050000000000000000e+02,7.870882749557495117e-01,3.643766418099403381e-02,4.480943835591950086e-01,1.867410390533068565e+01
7.060000000000000000e+02,7.158079743385314941e-01,3.628311306238174438e-02,5.509453606882093180e-01,1.875514255377079209e+01
7.070000000000000000e+02,6.982231140136718750e-01,4.106990620493888855e-02,5.785544496423571381e-01,1.652825668123150749e+01
7.080000000000000000e+02,7.620291113853454590e-01,3.505738824605941772e-02,4.828251844559137140e-01,1.942315118138674634e+01
7.090000000000000000e+02,7.336671352386474609e-01,3.744993731379508972e-02,5.239174523714822396e-01,1.815985565688470871e+01
7.100000000000000000e+02,7.188329100608825684e-01,3.238472342491149902e-02,5.462987194379999023e-01,2.105504811267638843e+01
7.110000000000000000e+02,7.223383784294128418e-01,3.614540025591850281e-02,5.409498163095487477e-01,1.882793586088019921e+01
7.120000000000000000e+02,7.730367183685302734e-01,4.050266370177268982e-02,4.674056582283402372e-01,1.676465788334751039e+01
7.130000000000000000e+02,8.064221739768981934e-01,3.375672921538352966e-02,4.221164733630788368e-01,2.018504307732349190e+01
7.140000000000000000e+02,8.142422437667846680e-01,3.172717243432998657e-02,4.117758600088825549e-01,2.149867897300589448e+01
7.150000000000000000e+02,7.857840061187744141e-01,3.473023325204849243e-02,4.498705033973761092e-01,1.960941882021738891e+01
7.160000000000000000e+02,7.469080090522766113e-01,3.537026792764663696e-02,5.044731023224235944e-01,1.924823442176501231e+01
7.170000000000000000e+02,7.390441894531250000e-01,3.741827234625816345e-02,5.159632399022050508e-01,1.817552036698090134e+01
7.180000000000000000e+02,7.725774645805358887e-01,3.190275654196739197e-02,4.680436469225519036e-01,2.137842791130734454e+01
7.190000000000000000e+02,7.424244284629821777e-01,3.841746971011161804e-02,5.110038756670732818e-01,1.769366320333749698e+01
7.200000000000000000e+02,6.967995166778564453e-01,4.429939389228820801e-02,5.808361111766873197e-01,1.529768655395443666e+01
7.210000000000000000e+02,7.194855213165283203e-01,4.881918057799339294e-02,5.453000199825128735e-01,1.384879058487502235e+01
7.220000000000000000e+02,7.385783791542053223e-01,5.645981431007385254e-02,5.166491130176052993e-01,1.192689326444056697e+01
7.230000000000000000e+02,7.309432029724121094e-01,4.500854387879371643e-02,5.279782703178870218e-01,1.505111309288978738e+01
7.240000000000000000e+02,7.613372802734375000e-01,5.612543225288391113e-02,4.838035005262319999e-01,1.200005614051929648e+01
7.250000000000000000e+02,7.650102376937866211e-01,5.306569486856460571e-02,4.786222899555152011e-01,1.271233497765053500e+01
7.260000000000000000e+02,7.642061114311218262e-01,5.402619391679763794e-02,4.797539586918111443e-01,1.248005393382350015e+01
7.270000000000000000e+02,8.050036430358886719e-01,5.630378797650337219e-02,4.240017334261963478e-01,1.196092375342983161e+01
7.280000000000000000e+02,7.866999506950378418e-01,3.583171591162681580e-02,4.486228587871010087e-01,1.899583415264980246e+01
7.290000000000000000e+02,7.325401902198791504e-01,3.522907197475433350e-02,5.255949013048756280e-01,1.932678599695532640e+01
7.300000000000000000e+02,7.387896180152893066e-01,3.408062830567359924e-02,5.163380043178658063e-01,1.998987430518203467e+01
7.310000000000000000e+02,8.062537312507629395e-01,3.516595065593719482e-02,4.223401790423760849e-01,1.936210630040870839e+01
7.320000000000000000e+02,7.112786769866943359e-01,4.266037046909332275e-02,5.579577385599469030e-01,1.589894294475153025e+01
7.330000000000000000e+02,7.539747953414916992e-01,3.956578299403190613e-02,4.942855715992600096e-01,1.716994874633316925e+01
7.340000000000000000e+02,7.725858688354492188e-01,4.298510774970054626e-02,4.680319678016153784e-01,1.577617519624156550e+01
7.350000000000000000e+02,7.765044569969177246e-01,4.635646194219589233e-02,4.626027252832553005e-01,1.460323190742020927e+01
7.360000000000000000e+02,7.706322073936462402e-01,3.773174434900283813e-02,4.707509999814141199e-01,1.802160333175119433e+01
7.370000000000000000e+02,7.901073694229125977e-01,3.871054947376251221e-02,4.439952039743071399e-01,1.755704481009916762e+01
7.380000000000000000e+02,7.642802000045776367e-01,4.116160422563552856e-02,4.796496299076194458e-01,1.649065275314883650e+01
7.390000000000000000e+02,7.873230576515197754e-01,4.437241330742835999e-02,4.477750019141981119e-01,1.527193357910603311e+01
7.400000000000000000e+02,7.949112057685852051e-01,3.756526857614517212e-02,4.375066721279441406e-01,1.810302432885064050e+01
7.410000000000000000e+02,8.378437757492065430e-01,3.776585683226585388e-02,3.810186138589065075e-01,1.800500799160689525e+01
7.420000000000000000e+02,8.116433620452880859e-01,3.797435015439987183e-02,4.152028658336713307e-01,1.790422625071247253e+01
7.430000000000000000e+02,8.206624984741210938e-01,4.022852331399917603e-02,4.033476416606205373e-01,1.688129646938318729e+01
7.440000000000000000e+02,7.352993488311767578e-01,4.943440854549407959e-02,5.214943407214965854e-01,1.367205111994038802e+01
7.450000000000000000e+02,7.193251848220825195e-01,4.050724953413009644e-02,5.455452614209822526e-01,1.676272017161832295e+01
7.460000000000000000e+02,7.463675737380981445e-01,4.108419269323348999e-02,5.052574838503043342e-01,1.652238697786500765e+01
7.470000000000000000e+02,7.270806431770324707e-01,4.680329933762550354e-02,5.337736258581259330e-01,1.446045086038894567e+01
7.480000000000000000e+02,7.743368744850158691e-01,4.010602459311485291e-02,4.656019342205598988e-01,1.693393140952970199e+01
7.490000000000000000e+02,7.480931282043457031e-01,4.209509119391441345e-02,5.027557003114789813e-01,1.611716583489545584e+01
7.500000000000000000e+02,7.299281358718872070e-01,4.710507020354270935e-02,5.294970226251953793e-01,1.436555607485756525e+01
7.510000000000000000e+02,7.259123325347900391e-01,4.465826228260993958e-02,5.355352603552833157e-01,1.517192845014675484e+01
7.520000000000000000e+02,8.399345278739929199e-01,3.904091566801071167e-02,3.783198572030169182e-01,1.740550433999755953e+01
7.530000000000000000e+02,7.825891375541687012e-01,4.107549414038658142e-02,4.542349082403395188e-01,1.652596035285856857e+01
7.540000000000000000e+02,7.685762643814086914e-01,4.415013268589973450e-02,4.736213610826196518e-01,1.535059398275158671e+01
7.550000000000000000e+02,7.245169281959533691e-01,3.697504475712776184e-02,5.376446915694128581e-01,1.839760157255379625e+01
7.560000000000000000e+02,7.689228653907775879e-01,4.303685948252677917e-02,4.731368096260084588e-01,1.575678144978311224e+01
7.570000000000000000e+02,7.854576110839843750e-01,3.812554478645324707e-02,4.503154828278582156e-01,1.783183103155842275e+01
7.580000000000000000e+02,8.114097714424133301e-01,4.080456867814064026e-02,4.155113430170500610e-01,1.663801940224998432e+01
7.590000000000000000e+02,7.813610434532165527e-01,5.255091190338134766e-02,4.559178470192477017e-01,1.284032085171272186e+01
7.600000000000000000e+02,7.671461105346679688e-01,4.573430493474006653e-02,4.756235522738657129e-01,1.480667994655247099e+01
7.610000000000000000e+02,7.543802261352539062e-01,4.198628664016723633e-02,4.937049206423536063e-01,1.615984347265025178e+01
7.620000000000000000e+02,7.683752775192260742e-01,4.389689117670059204e-02,4.739024644436001799e-01,1.544118141170703495e+01
7.630000000000000000e+02,7.672557234764099121e-01,3.818180412054061890e-02,4.754699344787128301e-01,1.780503920575899102e+01
7.640000000000000000e+02,7.348281741142272949e-01,4.176311939954757690e-02,5.221930491016955056e-01,1.624807458029109242e+01
7.650000000000000000e+02,7.790579199790954590e-01,4.347200691699981689e-02,4.590820452437029964e-01,1.559553788735722790e+01
7.660000000000000000e+02,7.498124241828918457e-01,4.535546898841857910e-02,5.002706596643782255e-01,1.493329447294461509e+01
7.670000000000000000e+02,8.519531488418579102e-01,3.393518552184104919e-02,3.628612538578835367e-01,2.007705155096872929e+01
7.680000000000000000e+02,7.668126821517944336e-01,3.828369453549385071e-02,4.760910033706383659e-01,1.775671736144060020e+01
7.690000000000000000e+02,8.083463907241821289e-01,4.040624201297760010e-02,4.195639432317739836e-01,1.680550203354976802e+01
7.700000000000000000e+02,8.199027180671691895e-01,4.248937219381332397e-02,4.043423641496738385e-01,1.596434339830562443e+01
7.710000000000000000e+02,7.671752572059631348e-01,3.596585243940353394e-02,4.755827018478800960e-01,1.892367973467352726e+01
7.720000000000000000e+02,8.174039721488952637e-01,3.609540313482284546e-02,4.076187676147091654e-01,1.885450114745977146e+01
7.730000000000000000e+02,7.938264012336730957e-01,4.201553389430046082e-02,4.389683643594565754e-01,1.614834977314054143e+01
7.740000000000000000e+02,7.840580940246582031e-01,4.033667594194412231e-02,4.522257721031416322e-01,1.683509141104184081e+01
7.750000000000000000e+02,7.990436553955078125e-01,3.588015213608741760e-02,4.319568655890203002e-01,1.896971722320784437e+01
7.760000000000000000e+02,7.472832202911376953e-01,4.398462548851966858e-02,5.039289738625478687e-01,1.540967975837372705e+01
7.770000000000000000e+02,7.949306368827819824e-01,4.000069200992584229e-02,4.374805087222963795e-01,1.697944819143555861e+01
7.780000000000000000e+02,7.688986063003540039e-01,3.578538075089454651e-02,4.731707154168267038e-01,1.902088434183785637e+01
7.790000000000000000e+02,7.933133244514465332e-01,4.820841550827026367e-02,4.396604097920717158e-01,1.402870907909437825e+01
7.800000000000000000e+02,7.927017211914062500e-01,4.346203058958053589e-02,4.404859524281730665e-01,1.559919845069030941e+01
7.810000000000000000e+02,7.805024981498718262e-01,4.177200794219970703e-02,4.570961393751598045e-01,1.624454239386131960e+01
7.820000000000000000e+02,8.068160414695739746e-01,3.982651978731155396e-02,4.215935506239729680e-01,1.705524039543656301e+01
7.830000000000000000e+02,7.533001899719238281e-01,4.608906432986259460e-02,4.952526344855904261e-01,1.468999916413783779e+01
7.840000000000000000e+02,7.793390750885009766e-01,4.529751837253570557e-02,4.586952037420280459e-01,1.495284945016803846e+01
7.850000000000000000e+02,7.743738889694213867e-01,4.431772977113723755e-02,4.655506359215895174e-01,1.529121175578740299e+01
7.860000000000000000e+02,7.744232416152954102e-01,4.140148684382438660e-02,4.654822426833977733e-01,1.639306836776401965e+01
7.870000000000000000e+02,7.938122153282165527e-01,4.179436340928077698e-02,4.389874923336407053e-01,1.623566527427069772e+01
7.880000000000000000e+02,8.158626556396484375e-01,4.392875730991363525e-02,4.096436925756472558e-01,1.542972509193895192e+01
7.890000000000000000e+02,7.879075407981872559e-01,4.309085011482238770e-02,4.469803592806801396e-01,1.573659832688537108e+01
7.900000000000000000e+02,8.273342251777648926e-01,4.227358847856521606e-02,3.946414090766253713e-01,1.604762758882218421e+01
7.910000000000000000e+02,8.135293126106262207e-01,4.597772285342216492e-02,4.127150518141840529e-01,1.472642566573187395e+01
7.920000000000000000e+02,7.525730729103088379e-01,4.354079812765121460e-02,4.962962454023986392e-01,1.557034233152339731e+01
7.930000000000000000e+02,7.920413613319396973e-01,3.945976868271827698e-02,4.413780482063192068e-01,1.721702202815678007e+01
7.940000000000000000e+02,7.620481252670288086e-01,3.583125397562980652e-02,4.827983127954584841e-01,1.899608356952894894e+01
7.950000000000000000e+02,7.886334061622619629e-01,3.528001531958580017e-02,4.459943807941830207e-01,1.929837218060101378e+01
7.960000000000000000e+02,7.765806317329406738e-01,3.881262987852096558e-02,4.624975028765966889e-01,1.750994469178348467e+01
7.970000000000000000e+02,7.627698183059692383e-01,3.330681845545768738e-02,4.817789918358068024e-01,2.046243922725774667e+01
7.980000000000000000e+02,7.829377651214599609e-01,3.663429617881774902e-02,4.537576999520561705e-01,1.857198846656853064e+01
7.990000000000000000e+02,7.725649476051330566e-01,4.974464699625968933e-02,4.680610416384137773e-01,1.358458517197800042e+01
8.000000000000000000e+02,8.087545633316040039e-01,3.598771616816520691e-02,4.190231883035792082e-01,1.891196982263547710e+01
8.010000000000000000e+02,7.816789746284484863e-01,4.177781194448471069e-02,4.554818798764458387e-01,1.624223677299181645e+01
8.020000000000000000e+02,7.771592736244201660e-01,4.251654446125030518e-02,4.616985989688920378e-01,1.595391587096677100e+01
8.030000000000000000e+02,7.914245724678039551e-01,3.958525136113166809e-02,4.422119829864577523e-01,1.716133165241262404e+01
8.040000000000000000e+02,7.848035693168640137e-01,3.605283051729202271e-02,4.512077588137856088e-01,1.887717959931961431e+01
8.050000000000000000e+02,7.878854274749755859e-01,3.929927945137023926e-02,4.470104122068911945e-01,1.728876686471533475e+01
8.060000000000000000e+02,8.197550177574157715e-01,3.736387193202972412e-02,4.045358178264581439e-01,1.820249432133453027e+01
8.070000000000000000e+02,7.604250907897949219e-01,3.823901712894439697e-02,4.850951429785099744e-01,1.777787406175948703e+01
8.080000000000000000e+02,7.809486985206604004e-01,4.175008088350296021e-02,4.564835783047399009e-01,1.625325863072626120e+01
8.090000000000000000e+02,8.102784752845764160e-01,3.772407770156860352e-02,4.170064005732582735e-01,1.802533719979539839e+01
8.100000000000000000e+02,7.902570962905883789e-01,4.117446765303611755e-02,4.437923469161315637e-01,1.648539105614271705e+01
8.110000000000000000e+02,7.785957455635070801e-01,4.024942591786384583e-02,4.597182988535126191e-01,1.687234708592080068e+01
8.120000000000000000e+02,8.256100416183471680e-01,4.083016142249107361e-02,3.968866426105978062e-01,1.662737024393346630e+01
8.130000000000000000e+02,8.516181111335754395e-01,3.827795758843421936e-02,3.632911598791701557e-01,1.775943129269658627e+01
8.140000000000000000e+02,8.346332311630249023e-01,4.156619682908058167e-02,3.851696219211661054e-01,1.632671635099766050e+01
8.150000000000000000e+02,8.361862897872924805e-01,3.375982865691184998e-02,3.831605552233504630e-01,2.018315773161969773e+01
8.160000000000000000e+02,8.385102152824401855e-01,4.628529772162437439e-02,3.801580046749659103e-01,1.462622594422234457e+01
8.170000000000000000e+02,7.178069949150085449e-01,3.630714491009712219e-02,5.478713951649448743e-01,1.874249619643680020e+01
8.180000000000000000e+02,7.401020526885986328e-01,4.427581652998924255e-02,5.144078288350597550e-01,1.530602011412283225e+01
8.190000000000000000e+02,7.783644795417785645e-01,3.975709900259971619e-02,4.600368345317247254e-01,1.708563437766142101e+01
8.200000000000000000e+02,7.894523739814758301e-01,4.244612902402877808e-02,4.448831019381155882e-01,1.598096576015340275e+01
8.210000000000000000e+02,7.394090294837951660e-01,4.334007203578948975e-02,5.154264562418382489e-01,1.564408428855951172e+01
8.220000000000000000e+02,7.713146805763244629e-01,4.283356294035911560e-02,4.698002220831252185e-01,1.583323547863537861e+01
8.230000000000000000e+02,8.082916736602783203e-01,4.286226630210876465e-02,4.196364518615895434e-01,1.582239700060553922e+01
8.240000000000000000e+02,8.131988048553466797e-01,4.537709802389144897e-02,4.131506838498376077e-01,1.492600872331222561e+01
8.250000000000000000e+02,7.690489292144775391e-01,4.734828695654869080e-02,4.729606370653130498e-01,1.428995434676926557e+01
8.260000000000000000e+02,7.314344644546508789e-01,4.689025133848190308e-02,5.272443176968540923e-01,1.443298271589504189e+01
8.270000000000000000e+02,7.754489779472351074e-01,3.757988661527633667e-02,4.640619290132850239e-01,1.809584596122602562e+01
8.280000000000000000e+02,8.134753704071044922e-01,4.274856671690940857e-02,4.127861412811276720e-01,1.586541566467949416e+01
8.290000000000000000e+02,8.072462081909179688e-01,4.165720567107200623e-02,4.210226983547667445e-01,1.629027923448035509e+01
8.300000000000000000e+02,8.079083561897277832e-01,4.102190583944320679e-02,4.201445297277269231e-01,1.654800790613336403e+01
8.310000000000000000e+02,8.035224676132202148e-01,4.826765879988670349e-02,4.259735228881130209e-01,1.401105788820188813e+01
8.320000000000000000e+02,8.257417678833007812e-01,5.237417668104171753e-02,3.967149962427665710e-01,1.288484095903777948e+01
8.330000000000000000e+02,8.257673382759094238e-01,4.460627213120460510e-02,3.966816788309093789e-01,1.519002201917141193e+01
8.340000000000000000e+02,7.848387956619262695e-01,4.106365144252777100e-02,4.511596804756291546e-01,1.653082777929987657e+01
8.350000000000000000e+02,8.353976011276245117e-01,5.134771019220352173e-02,3.841805611489766958e-01,1.314946821412330458e+01
8.360000000000000000e+02,7.359100580215454102e-01,4.334067553281784058e-02,5.205896490523573839e-01,1.564386155464995909e+01
8.370000000000000000e+02,8.022665381431579590e-01,4.138127341866493225e-02,4.276481252562892021e-01,1.640124755695471137e+01
8.380000000000000000e+02,7.892820239067077637e-01,4.437498003244400024e-02,4.451141531239266036e-01,1.527102987107781651e+01
8.390000000000000000e+02,8.083472251892089844e-01,5.246256664395332336e-02,4.195628374694356788e-01,1.286253778954044868e+01
8.400000000000000000e+02,8.122797608375549316e-01,5.118536576628684998e-02,4.143628280990577228e-01,1.319229309705782072e+01
8.410000000000000000e+02,7.818979024887084961e-01,4.563616216182708740e-02,4.551817882806654114e-01,1.483927950546181229e+01
8.420000000000000000e+02,8.058739304542541504e-01,4.529879242181777954e-02,4.228447416590042085e-01,1.495241899450697076e+01
8.430000000000000000e+02,7.860624194145202637e-01,4.915155470371246338e-02,4.494910979108413529e-01,1.375275853082948174e+01
8.440000000000000000e+02,8.186190128326416016e-01,4.957295954227447510e-02,4.060246162881162024e-01,1.363285399497883255e+01
8.450000000000000000e+02,7.823845148086547852e-01,4.517798125743865967e-02,4.545151105728351681e-01,1.499334474434119002e+01
8.460000000000000000e+02,7.353696227073669434e-01,4.508452489972114563e-02,5.213901849008253375e-01,1.502515426891551087e+01
8.470000000000000000e+02,7.805060148239135742e-01,5.075607821345329285e-02,4.570913099985991490e-01,1.330685466183579102e+01
8.480000000000000000e+02,8.013785481452941895e-01,4.712492972612380981e-02,4.288336332882402013e-01,1.435935366892486620e+01
8.490000000000000000e+02,8.240152001380920410e-01,4.737355932593345642e-02,3.989663151535187691e-01,1.428214317242658637e+01
8.500000000000000000e+02,7.941107749938964844e-01,4.942787066102027893e-02,4.385849947507700075e-01,1.367390616501542411e+01
8.510000000000000000e+02,8.051502704620361328e-01,4.688960313796997070e-02,4.238067211015524860e-01,1.443318710567801944e+01
8.520000000000000000e+02,8.531885147094726562e-01,5.471266061067581177e-02,3.612764718258181240e-01,1.231903912492385622e+01
8.530000000000000000e+02,8.291587233543395996e-01,5.138748511672019958e-02,3.922689269125667622e-01,1.313901723403459343e+01
8.540000000000000000e+02,8.408284187316894531e-01,5.506172776222229004e-02,3.771670154056509516e-01,1.223870277409786489e+01
8.550000000000000000e+02,8.362261652946472168e-01,4.872997105121612549e-02,3.831089983556862921e-01,1.387478862136425661e+01
8.560000000000000000e+02,7.738673090934753418e-01,5.606573820114135742e-02,4.662529551333436939e-01,1.201320899119947505e+01
8.570000000000000000e+02,7.797462940216064453e-01,5.766696855425834656e-02,4.581351935079144289e-01,1.166982611346410614e+01
8.580000000000000000e+02,7.854007482528686523e-01,5.762530863285064697e-02,4.503930255235291114e-01,1.167851834133199951e+01
8.590000000000000000e+02,7.856711149215698242e-01,5.956564471125602722e-02,4.500243868356297861e-01,1.128657325623714769e+01
8.600000000000000000e+02,8.081849813461303711e-01,5.682011321187019348e-02,4.197778483421645279e-01,1.184902331456580349e+01
8.610000000000000000e+02,8.060199618339538574e-01,4.889846965670585632e-02,4.226507143735258598e-01,1.382576323859867706e+01
8.620000000000000000e+02,8.149294257164001465e-01,4.664795473217964172e-02,4.108712310520231670e-01,1.450977907903381769e+01
8.630000000000000000e+02,7.863348126411437988e-01,5.593971908092498779e-02,4.491200381016990373e-01,1.204106791158601197e+01
8.640000000000000000e+02,8.143712878227233887e-01,4.769061133265495300e-02,4.116059343387514780e-01,1.418485212263193951e+01
8.650000000000000000e+02,8.371771574020385742e-01,5.507131293416023254e-02,3.818798056958038201e-01,1.223651114928891737e+01
8.660000000000000000e+02,8.807241320610046387e-01,4.936054721474647522e-02,3.259849894358080591e-01,1.369303695033369550e+01
8.670000000000000000e+02,8.695876598358154297e-01,4.894722253084182739e-02,3.402694186239813567e-01,1.381164132920930143e+01
8.680000000000000000e+02,8.490930199623107910e-01,5.709644779562950134e-02,3.665328317342265163e-01,1.178996596092937210e+01
8.690000000000000000e+02,8.686265945434570312e-01,4.966546222567558289e-02,3.415003318355783746e-01,1.360680600607230240e+01
8.700000000000000000e+02,8.623590469360351562e-01,5.768810585141181946e-02,3.495259003368023087e-01,1.166542067400234828e+01
8.710000000000000000e+02,8.764275312423706055e-01,4.937564209103584290e-02,3.315022541032758285e-01,1.368874301933219506e+01
8.720000000000000000e+02,8.366778492927551270e-01,5.142026022076606750e-02,3.825250874621420882e-01,1.313041762529317147e+01
8.730000000000000000e+02,8.097835779190063477e-01,5.008114501833915710e-02,4.176609973959722888e-01,1.349094067746106163e+01
8.740000000000000000e+02,8.299252986907958984e-01,5.066587030887603760e-02,3.912731164849520549e-01,1.333117471430360190e+01
8.750000000000000000e+02,8.475669622421264648e-01,4.847059771418571472e-02,3.684934457398563179e-01,1.395092042010375089e+01
8.760000000000000000e+02,8.088324069976806641e-01,5.245274677872657776e-02,4.189200869463448607e-01,1.286501189550061497e+01
8.770000000000000000e+02,8.453048467636108398e-01,5.153955146670341492e-02,3.714020291156830966e-01,1.309921003587090027e+01
8.780000000000000000e+02,7.934649586677551270e-01,4.997723177075386047e-02,4.394558354215892804e-01,1.351972428757889588e+01
8.790000000000000000e+02,8.431987166404724121e-01,5.004290863871574402e-02,3.741127830049150171e-01,1.350151812527943207e+01
8.800000000000000000e+02,8.596316576004028320e-01,5.457171052694320679e-02,3.530187786851837206e-01,1.235176940104218524e+01
8.810000000000000000e+02,8.235346674919128418e-01,4.536537081003189087e-02,3.995934842510550089e-01,1.492995817812832193e+01
8.820000000000000000e+02,8.494414091110229492e-01,5.480430275201797485e-02,3.660853998612347837e-01,1.229784902667252666e+01
8.830000000000000000e+02,8.219906091690063477e-01,5.174868553876876831e-02,4.016104994280680351e-01,1.304484595458188068e+01
8.840000000000000000e+02,8.395318388938903809e-01,5.068965628743171692e-02,3.788393926338425310e-01,1.332475361308945061e+01
8.850000000000000000e+02,8.548142910003662109e-01,5.115416646003723145e-02,3.591917068142211900e-01,1.320055430247063555e+01
8.860000000000000000e+02,8.207167983055114746e-01,4.928475990891456604e-02,4.032765775734322711e-01,1.371463536664577099e+01
8.870000000000000000e+02,8.483104109764099121e-01,5.418473482131958008e-02,3.675381455138311826e-01,1.244250501455527669e+01
8.880000000000000000e+02,7.975866198539733887e-01,4.767541959881782532e-02,4.339103667681987186e-01,1.418948437037509258e+01
8.890000000000000000e+02,8.059197664260864258e-01,5.414373427629470825e-02,4.227838373937155003e-01,1.245219453219921313e+01
8.900000000000000000e+02,8.140630722045898438e-01,5.979630351066589355e-02,4.120118305933588299e-01,1.124167160173443492e+01
8.910000000000000000e+02,7.964303493499755859e-01,6.167809292674064636e-02,4.354631423859932071e-01,1.088789161130495842e+01
8.920000000000000000e+02,7.897154688835144043e-01,4.917503148317337036e-02,4.445263621603187110e-01,1.374602451625675670e+01
8.930000000000000000e+02,8.034982085227966309e-01,4.209527000784873962e-02,4.260058455791875809e-01,1.611709587824559264e+01
8.940000000000000000e+02,8.374961018562316895e-01,5.002474784851074219e-02,3.814677229256024926e-01,1.350654766334416301e+01
8.950000000000000000e+02,8.384407162666320801e-01,5.463337153196334839e-02,3.802477362889807311e-01,1.233743021195746437e+01
8.960000000000000000e+02,7.960912585258483887e-01,5.149322375655174255e-02,4.359189412423798426e-01,1.311131258402633826e+01
8.970000000000000000e+02,8.273469209671020508e-01,5.855920910835266113e-02,3.946248882765144850e-01,1.148663061048479150e+01
8.980000000000000000e+02,8.050041794776916504e-01,5.737091973423957825e-02,4.240010199067966723e-01,1.173186969542554969e+01
8.990000000000000000e+02,7.731007933616638184e-01,5.716458335518836975e-02,4.673166819848951214e-01,1.177549196661917819e+01
9.000000000000000000e+02,7.463936805725097656e-01,4.422509670257568359e-02,5.052195751186681072e-01,1.532397745351998530e+01
9.010000000000000000e+02,7.878404259681701660e-01,6.020845100283622742e-02,4.470715739310512360e-01,1.116229639003775453e+01
9.020000000000000000e+02,7.616665959358215332e-01,5.160761252045631409e-02,4.833376765945517906e-01,1.308146931764715681e+01
9.030000000000000000e+02,7.641400098800659180e-01,4.856815561652183533e-02,4.798470510805964984e-01,1.392218963782547192e+01
9.040000000000000000e+02,8.725162744522094727e-01,5.293784663081169128e-02,3.365173472758585249e-01,1.274388846818078136e+01
9.050000000000000000e+02,8.681306838989257812e-01,4.948717355728149414e-02,3.421354306287694991e-01,1.365709762768166868e+01
9.060000000000000000e+02,8.319334983825683594e-01,5.722479149699211121e-02,3.886671055179288792e-01,1.176273066553369162e+01
9.070000000000000000e+02,8.134502172470092773e-01,5.440876260399818420e-02,4.128192915243333871e-01,1.238981912343829350e+01
9.080000000000000000e+02,8.508858680725097656e-01,5.834652110934257507e-02,3.642309072972310657e-01,1.152979141843493949e+01
9.090000000000000000e+02,8.152229189872741699e-01,5.217178538441658020e-02,4.104850570883804561e-01,1.293619430001346160e+01
9.100000000000000000e+02,8.049204945564270020e-01,5.145541206002235413e-02,4.241123342369713112e-01,1.312120657597888140e+01
9.110000000000000000e+02,8.499294519424438477e-01,5.948548391461372375e-02,3.654587102329122650e-01,1.130225942724616672e+01
9.120000000000000000e+02,8.866785764694213867e-01,8.372008055448532104e-02,3.183185178289192341e-01,7.927718719960851423e+00
9.130000000000000000e+02,8.890495896339416504e-01,8.320855349302291870e-02,3.152572108652743066e-01,7.978648447073434014e+00
9.140000000000000000e+02,8.915175199508666992e-01,8.335800468921661377e-02,3.120644721872848915e-01,7.963703884239571984e+00
9.150000000000000000e+02,8.738638162612915039e-01,8.595155179500579834e-02,3.347901274016929496e-01,7.712629938282570485e+00
9.160000000000000000e+02,8.899630904197692871e-01,8.340226113796234131e-02,3.140762142441861360e-01,7.959288675967670201e+00
9.170000000000000000e+02,8.721753954887390137e-01,8.580914139747619629e-02,3.369541831709942370e-01,7.726022747078369335e+00
9.180000000000000000e+02,8.753268122673034668e-01,8.538930118083953857e-02,3.329142095517447775e-01,7.765765895955548892e+00
9.190000000000000000e+02,8.938568830490112305e-01,8.359779417514801025e-02,3.090313858657466328e-01,7.939837399995619549e+00
9.200000000000000000e+02,8.820989131927490234e-01,5.740183219313621521e-02,3.242173069063329915e-01,1.172536139118992615e+01
9.210000000000000000e+02,8.368228673934936523e-01,6.075261160731315613e-02,3.823376520973204573e-01,1.105914596911113357e+01
9.220000000000000000e+02,8.378397822380065918e-01,6.114103645086288452e-02,3.810237719468128614e-01,1.098663932303295887e+01
9.230000000000000000e+02,8.777676224708557129e-01,5.730869621038436890e-02,3.297824980371573123e-01,1.174499151047199952e+01
9.240000000000000000e+02,8.866723179817199707e-01,5.716945230960845947e-02,3.183265911969569983e-01,1.177445897808074626e+01
9.250000000000000000e+02,8.167932033538818359e-01,6.010108813643455505e-02,4.084208089600037117e-01,1.118286851075227695e+01
9.260000000000000000e+02,8.356350660324096680e-01,6.021608412265777588e-02,3.838733940689378343e-01,1.116083657730876944e+01
9.270000000000000000e+02,8.283709287643432617e-01,6.087351217865943909e-02,3.932929160537114166e-01,1.103647850374060013e+01
9.280000000000000000e+02,8.469708561897277832e-01,7.753457129001617432e-02,3.692596291868315284e-01,8.588611880857650149e+00
9.290000000000000000e+02,8.816436529159545898e-01,7.772957533597946167e-02,3.248028182730967051e-01,8.566171835556223968e+00
9.300000000000000000e+02,8.534257411956787109e-01,7.869262248277664185e-02,3.609722136550215232e-01,8.456979361695243114e+00
9.310000000000000000e+02,8.761295676231384277e-01,7.644182443618774414e-02,3.318845208051169893e-01,8.716476635036629617e+00
9.320000000000000000e+02,8.609982728958129883e-01,7.832435518503189087e-02,3.512684831155720167e-01,8.498417448119790052e+00
9.330000000000000000e+02,8.609840273857116699e-01,7.759906351566314697e-02,3.512867267356709622e-01,8.581177978138780915e+00
9.340000000000000000e+02,8.714085817337036133e-01,7.705147564411163330e-02,3.379367380676503441e-01,8.644692967279924645e+00
9.350000000000000000e+02,8.776578307151794434e-01,7.723653316497802734e-02,3.299234281487751219e-01,8.623127358836006451e+00
9.360000000000000000e+02,8.625499010086059570e-01,5.264360457658767700e-02,3.492815097183893935e-01,1.281709077492823212e+01
9.370000000000000000e+02,8.421984910964965820e-01,6.211814284324645996e-02,3.754011497686944865e-01,1.080825261862695896e+01
9.380000000000000000e+02,8.411076664924621582e-01,5.462574958801269531e-02,3.768069904531423098e-01,1.233920093246397620e+01
9.390000000000000000e+02,8.705646395683288574e-01,6.200063601136207581e-02,3.390179531463730633e-01,1.082940808105866104e+01
9.400000000000000000e+02,8.085453510284423828e-01,6.289470940828323364e-02,4.193003265704368099e-01,1.067042941630048780e+01
9.410000000000000000e+02,8.358451128005981445e-01,5.726152658462524414e-02,3.836017328826507033e-01,1.175495772846765696e+01
9.420000000000000000e+02,8.233929276466369629e-01,5.691869184374809265e-02,3.997785263719163540e-01,1.182788962574809410e+01
9.430000000000000000e+02,8.218884468078613281e-01,6.314318627119064331e-02,4.017440520645890190e-01,1.062704596042646443e+01
9.440000000000000000e+02,8.677761554718017578e-01,5.576367676258087158e-02,3.425894461875674812e-01,1.208019615894107801e+01
9.450000000000000000e+02,8.463034033775329590e-01,4.979469999670982361e-02,3.701177477636055646e-01,1.357057574334176486e+01
9.460000000000000000e+02,8.507587909698486328e-01,5.598997697234153748e-02,3.643940193617828949e-01,1.202994242046930218e+01
9.470000000000000000e+02,8.167250752449035645e-01,5.103723704814910889e-02,4.085103020348138103e-01,1.323160566117290315e+01
9.480000000000000000e+02,8.764042854309082031e-01,4.510613903403282166e-02,3.315320782978049552e-01,1.501778580071007241e+01
9.490000000000000000e+02,8.749881386756896973e-01,5.369916558265686035e-02,3.333485442157836376e-01,1.255820769355963762e+01
9.500000000000000000e+02,8.732561469078063965e-01,5.358968302607536316e-02,3.355690830710068573e-01,1.258458507543934424e+01
9.510000000000000000e+02,8.786213994026184082e-01,5.252404138445854187e-02,3.286863652565608085e-01,1.284707030395491856e+01
9.520000000000000000e+02,8.221019506454467773e-01,5.191686004400253296e-02,4.014649611731675449e-01,1.300144688691955963e+01
9.530000000000000000e+02,8.538749217987060547e-01,6.047507375478744507e-02,3.603961664600698334e-01,1.111152383775078967e+01
9.540000000000000000e+02,8.512231111526489258e-01,5.398882180452346802e-02,3.637980671483859729e-01,1.248893727702175127e+01
9.550000000000000000e+02,8.406962156295776367e-01,5.919860303401947021e-02,3.773374799297422588e-01,1.135874532666638714e+01
9.560000000000000000e+02,8.426185846328735352e-01,5.822831392288208008e-02,3.748599560354812232e-01,1.155391549422868103e+01
9.570000000000000000e+02,8.454650640487670898e-01,5.757190287113189697e-02,3.711959283182563185e-01,1.168967970069979678e+01
9.580000000000000000e+02,8.479683995246887207e-01,5.764561146497726440e-02,3.679775799148967685e-01,1.167428064235759244e+01
9.590000000000000000e+02,8.592473864555358887e-01,4.918158054351806641e-02,3.535109882900692169e-01,1.374414714847981678e+01
9.600000000000000000e+02,8.884755373001098633e-01,7.983499765396118164e-02,3.159989080466257261e-01,8.330868158634119780e+00
9.610000000000000000e+02,8.838976025581359863e-01,7.886510342359542847e-02,3.219025386037246972e-01,8.437704496878138727e+00
9.620000000000000000e+02,8.889201879501342773e-01,8.542622625827789307e-02,3.154244326201818827e-01,7.762254816697852000e+00
9.630000000000000000e+02,8.898974061012268066e-01,8.072680979967117310e-02,3.141611627621835878e-01,8.234896902376378947e+00
9.640000000000000000e+02,9.019137024879455566e-01,8.037541806697845459e-02,2.985248768204354364e-01,8.272457387929277317e+00
9.650000000000000000e+02,8.969724774360656738e-01,7.947101444005966187e-02,3.049804862065871869e-01,8.370656338774455918e+00
9.660000000000000000e+02,8.971790075302124023e-01,8.608937263488769531e-02,3.047114559538000589e-01,7.699710909298150163e+00
9.670000000000000000e+02,8.803191184997558594e-01,8.524402976036071777e-02,3.265055165296315565e-01,7.779608761727073052e+00
9.680000000000000000e+02,8.574551939964294434e-01,6.544364988803863525e-02,3.558069769180277064e-01,1.024102881972402024e+01
9.690000000000000000e+02,8.544616103172302246e-01,6.667934358119964600e-02,3.596438795400150878e-01,1.004467177351678409e+01
9.700000000000000000e+02,8.502168655395507812e-01,6.683482974767684937e-02,3.650896982351305442e-01,1.002047843495076229e+01
9.710000000000000000e+02,8.555621504783630371e-01,6.480986624956130981e-02,3.582330050782847608e-01,1.034464366268119839e+01
9.720000000000000000e+02,8.699527978897094727e-01,6.488403677940368652e-02,3.398017156526457194e-01,1.033241326636176183e+01
9.730000000000000000e+02,8.508242964744567871e-01,6.633621454238891602e-02,3.643099377237243308e-01,1.009846311160912258e+01
9.740000000000000000e+02,8.392220735549926758e-01,6.583329290151596069e-02,3.792391237065791398e-01,1.017831748102326550e+01
9.750000000000000000e+02,8.510224819183349609e-01,6.933587789535522461e-02,3.640555620746417920e-01,9.646224365242350274e+00
9.760000000000000000e+02,8.277616500854492188e-01,5.245404690504074097e-02,3.940853011505310310e-01,1.286468427668748582e+01
9.770000000000000000e+02,7.984403967857360840e-01,5.218959972262382507e-02,4.327652502399968459e-01,1.293165823334213549e+01
9.780000000000000000e+02,8.026580214500427246e-01,5.356118455529212952e-02,4.271258729771271745e-01,1.259146883014953033e+01
9.790000000000000000e+02,8.494084477424621582e-01,6.078143790364265442e-02,3.661277292238113157e-01,1.105373318604394584e+01
9.800000000000000000e+02,8.473894596099853516e-01,5.997597426176071167e-02,3.687215722775575855e-01,1.120693484965091535e+01
9.810000000000000000e+02,8.404240012168884277e-01,5.989249050617218018e-02,3.776885166069125499e-01,1.122304931858698929e+01
9.820000000000000000e+02,8.411307334899902344e-01,5.920429155230522156e-02,3.767772534076036517e-01,1.135761995817432179e+01
9.830000000000000000e+02,8.497014641761779785e-01,5.382966250181198120e-02,3.657514524166755598e-01,1.252690749783451096e+01
9.840000000000000000e+02,8.483610153198242188e-01,5.909126624464988708e-02,3.674731314939171378e-01,1.138002053496333232e+01
9.850000000000000000e+02,8.675964474678039551e-01,6.031880900263786316e-02,3.428195780822122507e-01,1.114122666420433383e+01
9.860000000000000000e+02,8.682559132575988770e-01,6.044246256351470947e-02,3.419750559805616041e-01,1.111770990046682073e+01
9.870000000000000000e+02,8.517706394195556641e-01,5.638334527611732483e-02,3.630954363828897691e-01,1.194354819560511594e+01
9.880000000000000000e+02,8.376126885414123535e-01,5.838135257363319397e-02,3.813171109041240681e-01,1.152270153733577374e+01
9.890000000000000000e+02,8.657097220420837402e-01,5.818325281143188477e-02,3.452355318331626344e-01,1.156313749801239332e+01
9.900000000000000000e+02,8.815519809722900391e-01,6.084659695625305176e-02,3.249207005349322164e-01,1.104151700609681264e+01
9.910000000000000000e+02,8.815422654151916504e-01,5.779565498232841492e-02,3.249331935739080413e-01,1.164305515833453875e+01
9.920000000000000000e+02,8.500375747680664062e-01,6.669592857360839844e-02,3.653198862228382304e-01,1.004208580951446805e+01
9.930000000000000000e+02,8.488414883613586426e-01,7.057820260524749756e-02,3.668559075691745774e-01,9.470179927830544742e+00
9.940000000000000000e+02,8.373477458953857422e-01,5.908882245421409607e-02,3.816593916888117444e-01,1.138050581792877480e+01
9.950000000000000000e+02,8.628633022308349609e-01,7.035048305988311768e-02,3.488802018465207988e-01,9.501983896403741525e+00
9.960000000000000000e+02,8.606356382369995117e-01,5.726263672113418579e-02,3.517329020769495163e-01,1.175472298505195390e+01
9.970000000000000000e+02,8.617588281631469727e-01,5.879298225045204163e-02,3.502945066048626099e-01,1.143955112514502837e+01
9.980000000000000000e+02,8.675062656402587891e-01,6.895657628774642944e-02,3.429350625507602834e-01,9.701236973653704965e+00
9.990000000000000000e+02,8.658283948898315430e-01,7.020673900842666626e-02,3.450835775053299748e-01,9.522165776748357402e+00
1.000000000000000000e+03,8.723117709159851074e-01,6.364560872316360474e-02,3.367794222271009441e-01,1.054035879738986914e+01
1.001000000000000000e+03,8.918664455413818359e-01,6.606401503086090088e-02,3.116125055916836306e-01,1.014153232400727234e+01
1.002000000000000000e+03,8.831287622451782227e-01,6.636612117290496826e-02,3.228922704216962147e-01,1.009375261814043157e+01
1.003000000000000000e+03,8.939694762229919434e-01,6.627195328474044800e-02,3.088852270766577202e-01,1.010859906385150531e+01
1.004000000000000000e+03,8.995248675346374512e-01,6.673289835453033447e-02,3.016509705613564796e-01,1.003632603414273561e+01
1.005000000000000000e+03,8.739644885063171387e-01,6.230494752526283264e-02,3.346610661697660416e-01,1.077478525320814562e+01
1.006000000000000000e+03,8.734757304191589355e-01,6.494341045618057251e-02,3.352876187857183332e-01,1.032264293094986130e+01
1.007000000000000000e+03,8.820912837982177734e-01,6.418947130441665649e-02,3.242271202788721274e-01,1.044805059685640991e+01
1.008000000000000000e+03,7.697571516036987305e-01,6.180968508124351501e-02,4.719715562474851578e-01,1.086395762780128038e+01
1.009000000000000000e+03,8.634132146835327148e-01,5.589877441525459290e-02,3.481760572620193339e-01,1.205014653618604292e+01
1.010000000000000000e+03,8.630800843238830566e-01,5.262186005711555481e-02,3.486026176658342801e-01,1.282253290930049872e+01
1.011000000000000000e+03,8.317145109176635742e-01,5.196350812911987305e-02,3.889510952476871730e-01,1.298945864885561186e+01
1.012000000000000000e+03,8.315593004226684570e-01,5.016582831740379333e-02,3.891524043774794439e-01,1.346757186233652526e+01
1.013000000000000000e+03,8.091595768928527832e-01,6.859333813190460205e-02,4.184868569616189693e-01,9.754489845572679840e+00
1.014000000000000000e+03,7.935562729835510254e-01,6.746340543031692505e-02,4.393326598994553023e-01,9.923809533683650486e+00
1.015000000000000000e+03,8.467456698417663574e-01,5.227224156260490417e-02,3.695491148778170531e-01,1.291065556402377190e+01
1.016000000000000000e+03,8.576192855834960938e-01,6.062000989913940430e-02,3.555967289703956258e-01,1.108411119333019101e+01
1.017000000000000000e+03,8.459364175796508789e-01,6.325376778841018677e-02,3.705896747341032582e-01,1.060784825369513484e+01
1.018000000000000000e+03,8.440448045730590820e-01,6.574355065822601318e-02,3.730234680065910302e-01,1.019269524160943696e+01
1.019000000000000000e+03,8.234372138977050781e-01,6.449254602193832397e-02,3.997207079899093296e-01,1.039728588690184097e+01
1.020000000000000000e+03,8.467723131179809570e-01,6.505272537469863892e-02,3.695148624591931830e-01,1.030470105833749805e+01
1.021000000000000000e+03,8.740465641021728516e-01,5.436000600457191467e-02,3.345558431136024802e-01,1.240124853019041495e+01
1.022000000000000000e+03,8.705719113349914551e-01,6.050756573677062988e-02,3.390086376243420241e-01,1.110536701736446830e+01
1.023000000000000000e+03,8.541333675384521484e-01,5.432481318712234497e-02,3.600647574729941569e-01,1.240951109246399398e+01
