cell_type,source_neurons,eligible_neurons,selected_neurons
,2194,884,3
5-HTPLP01,2,2,2
5-HTPMPD01,2,2,0
5-HTPMPV01,2,2,0
5-HTPMPV03,2,0,0
5thsLNv_LNd6,4,0,0
ADNM1 MN,2,0,0
ADNM2 MN,2,0,0
AL-AST1,3,3,0
AL-MBDL1,2,2,2
ALBN1,2,2,0
ALIN1,4,4,0
ALIN2,2,2,2
ALIN3,4,4,0
ALIN4,2,2,0
ALIN5,2,2,1
ALIN6,2,2,0
ALIN7,2,2,0
ALIN8,2,2,0
ALON1,2,2,0
ALON2,2,2,0
ALON3,4,4,0
AMMC-A1,6,6,0
AMMC001,2,2,0
AMMC002,8,8,0
AMMC003,8,8,0
AMMC004,6,6,0
AMMC005,12,12,0
AMMC006,8,8,0
AMMC007,9,9,0
AMMC008,2,2,0
AMMC009,2,2,0
AMMC010,2,2,0
AMMC011,2,2,0
AMMC012,2,2,0
AMMC013,2,2,0
AMMC014,4,4,0
AMMC015,8,8,0
AMMC016,4,4,0
AMMC017,4,4,0
AMMC018,9,9,0
AMMC019,10,10,0
AMMC020,10,10,0
AMMC021,5,5,0
AMMC022,6,6,0
AMMC023,4,4,0
AMMC024,2,2,0
AMMC025,12,12,0
AMMC026,10,10,0
AMMC027,3,3,0
AMMC028,4,4,0
AMMC029,2,2,0
AMMC030,3,3,0
AMMC031,5,5,0
AMMC032,4,4,0
AMMC033,3,3,0
AMMC034_a,3,3,0
AMMC034_b,2,2,0
AMMC035,10,10,0
AMMC036,6,6,0
AMMC037,2,2,0
AMMC038,2,2,0
AN00A002,1,0,0
AN00A006,5,0,0
AN00A009,1,0,0
AN01A006,2,0,0
AN01A014,2,0,0
AN01A021,2,0,0
AN01A033,2,0,0
AN01A049,2,0,0
AN01A055,2,0,0
AN01A086,2,0,0
AN01A089,2,0,0
AN01B002,6,0,0
AN01B004,6,0,0
AN01B005,6,0,0
AN01B011,6,0,0
AN01B014,2,0,0
AN01B018,2,0,0
AN02A001,2,0,0
AN02A002,2,0,0
AN02A005,2,0,0
AN02A009,2,0,0
AN02A016,2,0,0
AN02A017,2,0,0
AN02A022,2,0,0
AN02A025,2,0,0
AN02A046,2,0,0
AN03A002,2,0,0
AN03A008,2,0,0
AN03B009,2,0,0
AN03B011,4,0,0
AN03B039,2,0,0
AN03B050,2,0,0
AN03B094,2,0,0
AN03B095,2,0,0
AN04A001,6,0,0
AN04B001,4,0,0
AN04B003,6,0,0
AN04B004,4,0,0
AN04B023,6,0,0
AN04B051,2,0,0
AN05B004,2,0,0
AN05B005,2,0,0
AN05B006,3,0,0
AN05B007,1,0,0
AN05B009,4,0,0
AN05B010,1,0,0
AN05B015,2,0,0
AN05B017,1,0,0
AN05B021,2,0,0
AN05B023a,2,0,0
AN05B023b,2,0,0
AN05B023c,2,0,0
AN05B023d,2,0,0
AN05B024,1,0,0
AN05B025,2,0,0
AN05B026,1,0,0
AN05B027,1,0,0
AN05B029,1,0,0
AN05B035,2,0,0
AN05B036,2,0,0
AN05B040,1,0,0
AN05B044,2,0,0
AN05B045,2,0,0
AN05B046,1,0,0
AN05B048,2,0,0
AN05B049_a,2,0,0
AN05B049_b,2,0,0
AN05B049_c,2,0,0
AN05B050_a,2,0,0
AN05B050_b,2,0,0
AN05B050_c,4,0,0
AN05B052,3,0,0
AN05B053,4,0,0
AN05B054_a,2,0,0
AN05B054_b,4,0,0
AN05B056,2,0,0
AN05B058,2,0,0
AN05B059,1,0,0
AN05B060,1,0,0
AN05B062,4,0,0
AN05B063,4,0,0
AN05B067,1,0,0
AN05B068,7,0,0
AN05B069,2,0,0
AN05B071,2,0,0
AN05B076,2,0,0
AN05B078,3,0,0
AN05B081,2,0,0
AN05B083,1,0,0
AN05B095,2,0,0
AN05B096,4,0,0
AN05B097,8,0,0
AN05B098,2,0,0
AN05B099,6,0,0
AN05B100,6,0,0
AN05B101,4,0,0
AN05B102a,2,0,0
AN05B102b,2,0,0
AN05B102c,2,0,0
AN05B102d,2,0,0
AN05B103,2,0,0
AN05B104,6,0,0
AN05B105,2,0,0
AN05B106,4,0,0
AN05B107,2,0,0
AN05B108,4,0,0
AN06A010,2,0,0
AN06A015,2,0,0
AN06A016,2,0,0
AN06A017,2,0,0
AN06A018,2,0,0
AN06A026,4,0,0
AN06A027,2,0,0
AN06A030,2,0,0
AN06A041,2,0,0
AN06A060,2,0,0
AN06A062,4,0,0
AN06A080,4,0,0
AN06A092,5,0,0
AN06A095,3,0,0
AN06A112,6,0,0
AN06B002,5,0,0
AN06B004,2,0,0
AN06B005,2,0,0
AN06B007,4,0,0
AN06B009,2,0,0
AN06B011,2,0,0
AN06B012,2,0,0
AN06B014,2,0,0
AN06B015,1,0,0
AN06B023,2,0,0
AN06B025,2,0,0
AN06B026,2,0,0
AN06B031,2,0,0
AN06B034,2,0,0
AN06B037,2,0,0
AN06B039,7,0,0
AN06B040,2,0,0
AN06B042,2,0,0
AN06B044,2,0,0
AN06B045,2,0,0
AN06B046,2,0,0
AN06B048,2,0,0
AN06B051,4,0,0
AN06B057,2,0,0
AN06B068,6,0,0
AN06B075,2,0,0
AN06B088,2,0,0
AN06B089,2,0,0
AN06B090,2,0,0
AN07B003,2,0,0
AN07B004,2,0,0
AN07B005,6,0,0
AN07B011,2,0,0
AN07B013,4,0,0
AN07B015,2,0,0
AN07B017,2,0,0
AN07B018,2,0,0
AN07B021,2,0,0
AN07B024,2,0,0
AN07B025,2,0,0
AN07B032,2,0,0
AN07B035,4,0,0
AN07B036,2,0,0
AN07B037_a,4,0,0
AN07B037_b,2,0,0
AN07B040,2,0,0
AN07B041,4,0,0
AN07B042,4,0,0
AN07B043,2,0,0
AN07B045,7,0,0
AN07B046_a,4,0,0
AN07B046_b,2,0,0
AN07B046_c,2,0,0
AN07B049,8,0,0
AN07B050,4,0,0
AN07B052,6,0,0
AN07B056,7,0,0
AN07B057,2,0,0
AN07B060,6,0,0
AN07B062,9,0,0
AN07B063,2,0,0
AN07B069_a,4,0,0
AN07B069_b,10,0,0
AN07B070,6,0,0
AN07B071_a,2,0,0
AN07B071_b,2,0,0
AN07B071_c,4,0,0
AN07B071_d,4,0,0
AN07B072_a,3,0,0
AN07B072_b,3,0,0
AN07B072_c,2,0,0
AN07B072_d,3,0,0
AN07B072_e,6,0,0
AN07B072_f,2,0,0
AN07B076,5,0,0
AN07B078_a,2,0,0
AN07B078_b,2,0,0
AN07B082_a,2,0,0
AN07B082_b,2,0,0
AN07B082_c,2,0,0
AN07B082_d,2,0,0
AN07B085,9,0,0
AN07B089,12,0,0
AN07B091,5,0,0
AN07B097,1,0,0
AN07B100,2,0,0
AN07B101_a,2,0,0
AN07B101_b,3,0,0
AN07B101_c,2,0,0
AN07B106,2,0,0
AN07B110,6,0,0
AN07B116,1,0,0
AN08B005,2,0,0
AN08B007,2,0,0
AN08B009,4,0,0
AN08B010,4,0,0
AN08B012,4,0,0
AN08B013,2,0,0
AN08B014,2,0,0
AN08B015,2,0,0
AN08B016,2,0,0
AN08B018,14,0,0
AN08B020,2,0,0
AN08B022,6,0,0
AN08B023,6,0,0
AN08B024,6,0,0
AN08B025,2,0,0
AN08B026,6,0,0
AN08B027,2,0,0
AN08B028,4,0,0
AN08B031,6,0,0
AN08B032,2,0,0
AN08B034,6,0,0
AN08B035,1,0,0
AN08B041,2,0,0
AN08B043,2,0,0
AN08B047,5,0,0
AN08B048,2,0,0
AN08B049,4,0,0
AN08B050,2,0,0
AN08B053,2,0,0
AN08B057,2,0,0
AN08B059,5,0,0
AN08B061,7,0,0
AN08B066,2,0,0
AN08B069,2,0,0
AN08B074,6,0,0
AN08B079_a,7,0,0
AN08B079_b,8,0,0
AN08B081,4,0,0
AN08B084,4,0,0
AN08B086,2,0,0
AN08B089,2,0,0
AN08B094,3,0,0
AN08B095,2,0,0
AN08B096,3,0,0
AN08B097,5,0,0
AN08B098,10,0,0
AN08B099_a,4,0,0
AN08B099_b,2,0,0
AN08B099_c,2,0,0
AN08B099_d,2,0,0
AN08B099_e,2,0,0
AN08B099_f,2,0,0
AN08B099_g,3,0,0
AN08B099_h,2,0,0
AN08B099_i,1,0,0
AN08B099_j,1,0,0
AN08B100,10,0,0
AN08B101,6,0,0
AN08B102,2,0,0
AN08B103,2,0,0
AN08B106,4,0,0
AN08B107,2,0,0
AN08B109,2,0,0
AN08B110,2,0,0
AN08B111,2,0,0
AN08B112,4,0,0
AN08B113,11,0,0
AN09A005,11,0,0
AN09A007,2,0,0
AN09B002,2,0,0
AN09B003,2,0,0
AN09B004,10,0,0
AN09B006,2,0,0
AN09B007,2,0,0
AN09B009,6,0,0
AN09B011,2,0,0
AN09B012,4,0,0
AN09B013,2,0,0
AN09B014,2,0,0
AN09B015,2,0,0
AN09B016,2,0,0
AN09B017a,2,0,0
AN09B017b,2,0,0
AN09B017c,2,0,0
AN09B017d,2,0,0
AN09B017e,2,0,0
AN09B017f,2,0,0
AN09B017g,2,0,0
AN09B018,8,0,0
AN09B019,2,0,0
AN09B020,4,0,0
AN09B021,2,0,0
AN09B023,8,0,0
AN09B024,2,0,0
AN09B026,2,0,0
AN09B027,2,0,0
AN09B028,2,0,0
AN09B029,4,0,0
AN09B030,4,0,0
AN09B031,2,0,0
AN09B032,4,0,0
AN09B033,6,0,0
AN09B034,2,0,0
AN09B035,6,0,0
AN09B036,2,0,0
AN09B037,4,0,0
AN09B040,6,0,0
AN09B042,2,0,0
AN09B044,2,0,0
AN09B059,2,0,0
AN09B060,4,0,0
AN10B005,2,0,0
AN10B008,2,0,0
AN10B009,2,0,0
AN10B015,6,0,0
AN10B017,2,0,0
AN10B018,2,0,0
AN10B019,6,0,0
AN10B020,6,0,0
AN10B021,2,0,0
AN10B022,6,0,0
AN10B024,4,0,0
AN10B025,2,0,0
AN10B026,2,0,0
AN10B027,6,0,0
AN10B029,6,0,0
AN10B031,2,0,0
AN10B033,7,0,0
AN10B034,8,0,0
AN10B035,11,0,0
AN10B037,15,0,0
AN10B039,12,0,0
AN10B045,31,0,0
AN10B046,13,0,0
AN10B047,16,0,0
AN10B048,6,0,0
AN10B053,11,0,0
AN10B061,7,0,0
AN10B062,3,0,0
AN11B008,2,0,0
AN11B012,2,0,0
AN12A003,2,0,0
AN12A017,2,0,0
AN12B001,2,0,0
AN12B004,6,0,0
AN12B005,2,0,0
AN12B006,2,0,0
AN12B008,4,0,0
AN12B011,2,0,0
AN12B017,6,0,0
AN12B019,6,0,0
AN12B055,5,0,0
AN12B060,10,0,0
AN12B076,3,0,0
AN12B080,3,0,0
AN12B089,7,0,0
AN13B002,2,0,0
AN14A003,5,0,0
AN14B012,2,0,0
AN16B078_a,2,0,0
AN16B078_b,2,0,0
AN16B078_c,6,0,0
AN16B078_d,6,0,0
AN16B081,2,0,0
AN16B112,4,0,0
AN16B116,2,0,0
AN17A002,2,0,0
AN17A003,6,0,0
AN17A004,2,0,0
AN17A008,2,0,0
AN17A009,2,0,0
AN17A012,4,0,0
AN17A013,4,0,0
AN17A014,6,0,0
AN17A015,8,0,0
AN17A018,6,0,0
AN17A024,6,0,0
AN17A026,2,0,0
AN17A031,2,0,0
AN17A047,2,0,0
AN17A050,2,0,0
AN17A062,6,0,0
AN17A068,2,0,0
AN17A073,2,0,0
AN17A076,2,0,0
AN17B002,2,0,0
AN17B005,2,0,0
AN17B007,2,0,0
AN17B008,6,0,0
AN17B009,2,0,0
AN17B011,2,0,0
AN17B012,2,0,0
AN17B013,4,0,0
AN17B016,2,0,0
AN18B001,2,0,0
AN18B002,2,0,0
AN18B003,2,0,0
AN18B004,2,0,0
AN18B019,4,0,0
AN18B020,2,0,0
AN18B022,2,0,0
AN18B023,2,0,0
AN18B025,2,0,0
AN18B032,3,0,0
AN18B053,6,0,0
AN19A018,12,0,0
AN19A019,2,0,0
AN19A038,2,0,0
AN19B001,4,0,0
AN19B004,2,0,0
AN19B009,4,0,0
AN19B010,4,0,0
AN19B014,2,0,0
AN19B015,2,0,0
AN19B017,2,0,0
AN19B018,2,0,0
AN19B019,2,0,0
AN19B022,2,0,0
AN19B024,2,0,0
AN19B025,2,0,0
AN19B028,2,0,0
AN19B032,2,0,0
AN19B036,4,0,0
AN19B039,2,0,0
AN19B042,2,0,0
AN19B044,4,0,0
AN19B046,3,0,0
AN19B049,2,0,0
AN19B051,4,0,0
AN19B059,7,0,0
AN19B060,4,0,0
AN19B061,4,0,0
AN19B063,4,0,0
AN19B065,6,0,0
AN19B076,3,0,0
AN19B079,6,0,0
AN19B093,5,0,0
AN19B098,4,0,0
AN19B099,4,0,0
AN19B100,2,0,0
AN19B101,10,0,0
AN19B102,2,0,0
AN19B104,9,0,0
AN19B106,2,0,0
AN23B001,2,0,0
AN23B002,2,0,0
AN23B003,2,0,0
AN23B004,2,0,0
AN23B010,2,0,0
AN23B026,2,0,0
AN26X004,2,0,0
AN27X003,2,0,0
AN27X004,2,0,0
AN27X008,2,0,0
AN27X009,4,0,0
AN27X011,2,0,0
AN27X013,4,0,0
AN27X015,2,0,0
AN27X016,2,0,0
AN27X017,2,0,0
AN27X018,6,0,0
AN27X019,2,0,0
AN27X020,2,0,0
AN27X021,2,0,0
AN27X022,2,0,0
AN27X024,2,0,0
ANXXX002,2,0,0
ANXXX005,2,0,0
ANXXX006,2,0,0
ANXXX007,7,0,0
ANXXX008,2,0,0
ANXXX013,2,0,0
ANXXX023,2,0,0
ANXXX024,2,0,0
ANXXX026,2,0,0
ANXXX027,14,0,0
ANXXX030,2,0,0
ANXXX033,2,0,0
ANXXX037,2,0,0
ANXXX041,4,0,0
ANXXX049,4,0,0
ANXXX050,2,0,0
ANXXX055,2,0,0
ANXXX057,2,0,0
ANXXX068,2,0,0
ANXXX071,2,0,0
ANXXX072,2,0,0
ANXXX074,2,0,0
ANXXX075,2,0,0
ANXXX082,2,0,0
ANXXX084,8,0,0
ANXXX086,2,0,0
ANXXX092,2,0,0
ANXXX093,2,0,0
ANXXX094,2,0,0
ANXXX098,6,0,0
ANXXX099,2,0,0
ANXXX102,2,0,0
ANXXX106,2,0,0
ANXXX108,2,0,0
ANXXX109,2,0,0
ANXXX116,4,0,0
ANXXX120,4,0,0
ANXXX127,2,0,0
ANXXX130,2,0,0
ANXXX131,2,0,0
ANXXX132,2,0,0
ANXXX136,2,0,0
ANXXX139,2,0,0
ANXXX144,2,0,0
ANXXX145,5,0,0
ANXXX150,4,0,0
ANXXX151,2,0,0
ANXXX152,2,0,0
ANXXX154,2,0,0
ANXXX157,2,0,0
ANXXX165,2,0,0
ANXXX169,10,0,0
ANXXX170,4,0,0
ANXXX171,2,0,0
ANXXX174,2,0,0
ANXXX178,2,0,0
ANXXX191,2,0,0
ANXXX196,2,0,0
ANXXX200,4,0,0
ANXXX202,9,0,0
ANXXX214,4,0,0
ANXXX218,2,0,0
ANXXX250,2,0,0
ANXXX254,2,0,0
ANXXX255,2,0,0
ANXXX264,2,0,0
ANXXX296,2,0,0
ANXXX308,2,0,0
ANXXX318,2,0,0
ANXXX338,3,0,0
ANXXX380,4,0,0
ANXXX404,2,0,0
ANXXX410,2,0,0
ANXXX434,2,0,0
ANXXX462a,2,0,0
ANXXX462b,2,0,0
ANXXX470,2,0,0
AOTU001,7,7,0
AOTU002_a,5,5,0
AOTU002_b,6,6,0
AOTU002_c,4,4,0
AOTU003,6,6,0
AOTU004,6,6,0
AOTU005,2,2,0
AOTU006,2,2,0
AOTU007,2,2,0
AOTU007_a,4,4,0
AOTU007_b,6,6,0
AOTU008,25,25,0
AOTU009,2,2,1
AOTU011,4,4,0
AOTU012,2,2,2
AOTU013,2,2,0
AOTU014,2,2,0
AOTU015,8,8,0
AOTU016_a,2,2,0
AOTU016_b,8,8,0
AOTU016_c,4,4,0
AOTU017,4,4,0
AOTU018,4,4,0
AOTU019,2,2,2
AOTU020,4,4,0
AOTU021,2,2,0
AOTU022,2,2,0
AOTU023,2,2,0
AOTU024,2,2,0
AOTU025,2,2,0
AOTU026,2,2,0
AOTU027,2,2,0
AOTU028,2,2,0
AOTU029,2,2,0
AOTU030,2,2,0
AOTU032,4,4,0
AOTU033,2,2,2
AOTU034,4,4,0
AOTU035,2,2,0
AOTU036,2,2,0
AOTU037,5,5,0
AOTU038,11,11,0
AOTU039,6,6,0
AOTU040,6,6,0
AOTU041,4,4,4
AOTU042,4,4,4
AOTU043,3,3,0
AOTU045,2,0,0
AOTU046,4,4,0
AOTU047,2,2,0
AOTU048,2,2,0
AOTU049,4,4,0
AOTU050,12,12,0
AOTU051,6,6,0
AOTU052,7,7,0
AOTU053,3,3,0
AOTU054,3,3,0
AOTU055,5,5,0
AOTU056,8,8,0
AOTU058,8,8,0
AOTU059,11,11,0
AOTU060,7,7,0
AOTU061,7,7,0
AOTU062,6,6,0
AOTU063_a,2,2,0
AOTU063_b,2,2,0
AOTU064,2,2,2
AOTU065,2,2,0
AOTU100m,2,2,0
AOTU101m,2,2,0
AOTU102m,2,2,0
AOTU103m,4,4,0
APL,2,2,2
ATL001,2,2,0
ATL002,2,2,0
ATL003,2,2,0
ATL004,2,2,0
ATL005,2,2,0
ATL006,2,2,0
ATL007,2,2,0
ATL008,2,2,0
ATL009,5,5,0
ATL011,2,2,0
ATL012,4,4,0
ATL013,4,4,0
ATL014,2,2,0
ATL015,2,2,0
ATL016,2,2,0
ATL017,2,2,0
ATL018,4,4,0
ATL019,3,3,0
ATL020,4,4,0
ATL021,2,2,0
ATL022,2,2,0
ATL023,2,2,0
ATL024,2,2,0
ATL025,2,2,0
ATL026,2,2,0
ATL027,2,2,0
ATL028,2,2,0
ATL029,2,2,0
ATL030,2,2,0
ATL031,2,2,0
ATL032,2,2,0
ATL033,2,2,0
ATL034,2,2,0
ATL035,2,2,0
ATL036,2,2,0
ATL037,2,2,0
ATL038,2,2,0
ATL039,2,2,0
ATL040,2,2,0
ATL041,2,2,0
ATL042,2,2,0
ATL043,2,2,0
ATL044,2,2,0
ATL045,2,2,0
AVL006_a,2,2,0
AVLP001,2,2,2
AVLP002,5,5,0
AVLP003,6,6,0
AVLP004_a,7,7,0
AVLP004_b,5,5,0
AVLP005,8,8,0
AVLP009,4,4,0
AVLP013,6,6,0
AVLP014,1,1,0
AVLP015,2,2,2
AVLP016,2,2,2
AVLP017,2,2,2
AVLP018,2,2,2
AVLP019,2,2,2
AVLP020,2,2,0
AVLP021,2,2,0
AVLP022,3,3,0
AVLP023,2,2,2
AVLP024_a,2,2,0
AVLP024_b,2,2,0
AVLP024_c,2,2,0
AVLP025,2,2,0
AVLP026,14,14,0
AVLP027,4,4,0
AVLP028,8,8,0
AVLP029,2,2,2
AVLP030,1,1,1
AVLP031,2,2,2
AVLP032,2,2,1
AVLP033,2,2,0
AVLP034,2,2,0
AVLP035,2,2,0
AVLP036,4,4,0
AVLP037,5,5,0
AVLP038,8,8,0
AVLP039,6,6,0
AVLP040,9,9,0
AVLP041,2,2,0
AVLP042,4,4,0
AVLP043,4,4,0
AVLP044_a,5,5,0
AVLP044_b,3,3,0
AVLP045,10,10,0
AVLP046,4,4,0
AVLP047,6,6,0
AVLP048,2,2,0
AVLP049,7,7,0
AVLP050,7,7,0
AVLP051,6,6,0
AVLP053,2,2,1
AVLP055,9,9,0
AVLP059,4,4,0
AVLP060,7,7,0
AVLP062,4,4,0
AVLP063,4,4,0
AVLP064,5,5,0
AVLP065,2,2,0
AVLP067,4,4,0
AVLP069_a,4,4,0
AVLP069_b,6,6,0
AVLP069_c,6,6,0
AVLP075,2,2,0
AVLP076,2,2,2
AVLP077,2,2,2
AVLP078,2,2,2
AVLP079,2,2,2
AVLP080,2,2,2
AVLP081,2,2,2
AVLP082,2,2,2
AVLP083,1,1,1
AVLP084,2,2,2
AVLP085,2,2,2
AVLP086,2,2,2
AVLP087,2,2,2
AVLP088,2,2,0
AVLP089,4,4,0
AVLP090,2,2,2
AVLP091,2,2,0
AVLP093,2,2,0
AVLP094,2,2,0
AVLP095,2,2,0
AVLP096,4,4,0
AVLP097,2,2,0
AVLP098,2,2,0
AVLP099,4,4,0
AVLP101,2,2,0
AVLP102,2,2,0
AVLP103,8,8,0
AVLP104,14,14,0
AVLP105,5,5,0
AVLP107,4,4,0
AVLP108,2,2,0
AVLP109,6,6,0
AVLP110_a,4,4,0
AVLP110_b,4,4,0
AVLP111,5,5,1
AVLP112,4,4,0
AVLP113,4,4,0
AVLP115,12,12,0
AVLP116,4,4,0
AVLP117,5,5,0
AVLP120,5,5,0
AVLP121,6,6,0
AVLP124,4,4,0
AVLP126,11,11,0
AVLP129,2,2,0
AVLP132,2,2,0
AVLP136,4,4,0
AVLP137,4,4,0
AVLP138,5,5,0
AVLP139,4,4,0
AVLP140,3,3,0
AVLP143,4,4,0
AVLP145,11,11,0
AVLP147,5,5,0
AVLP149,12,12,0
AVLP152,2,2,0
AVLP153,2,2,1
AVLP154,2,2,2
AVLP155_a,2,2,0
AVLP155_b,2,2,0
AVLP156,2,2,0
AVLP157,2,2,2
AVLP158,2,2,0
AVLP159,2,2,0
AVLP160,2,2,2
AVLP161,2,2,0
AVLP162,2,2,0
AVLP163,4,4,4
AVLP164,4,4,2
AVLP165,4,4,0
AVLP166,4,4,0
AVLP168,6,6,0
AVLP169,2,2,1
AVLP170,2,2,0
AVLP173,2,2,0
AVLP175,2,2,0
AVLP176_b,5,5,0
AVLP176_c,5,5,0
AVLP176_d,5,5,0
AVLP177_a,4,4,0
AVLP178,3,3,0
AVLP179,4,4,0
AVLP180,2,2,0
AVLP182,3,3,0
AVLP183,5,5,0
AVLP184,2,2,0
AVLP186,4,4,0
AVLP187,9,9,0
AVLP188,2,2,0
AVLP189_a,4,4,0
AVLP189_b,5,5,0
AVLP190,4,4,0
AVLP191,11,11,0
AVLP192_a,2,2,0
AVLP192_b,2,2,0
AVLP193,2,2,0
AVLP194_a,4,4,0
AVLP194_b1,2,2,0
AVLP194_b2,2,2,0
AVLP194_c1,2,2,0
AVLP194_c2,2,2,0
AVLP194_c3,2,2,0
AVLP195,4,4,0
AVLP197,2,2,0
AVLP198,5,5,0
AVLP199,8,8,0
AVLP200,2,2,2
AVLP201,2,2,2
AVLP202,2,2,0
AVLP203_a,2,2,0
AVLP203_b,2,2,0
AVLP203_c,2,2,0
AVLP204,4,4,0
AVLP205,3,3,0
AVLP209,2,2,2
AVLP210,2,2,2
AVLP211,2,2,0
AVLP212,2,2,0
AVLP213,2,2,2
AVLP214,2,2,0
AVLP215,2,2,2
AVLP216,2,2,1
AVLP217,2,2,0
AVLP218_a,2,2,0
AVLP218_b,4,4,0
AVLP219_a,4,4,0
AVLP219_b,4,4,0
AVLP219_c,6,6,0
AVLP220,4,4,0
AVLP221,2,2,0
AVLP222,2,2,0
AVLP224_a,6,6,0
AVLP224_b,2,2,0
AVLP225_a,2,2,0
AVLP225_b1,4,4,0
AVLP225_b2,4,4,0
AVLP225_b3,3,3,0
AVLP227,4,4,0
AVLP229,6,6,0
AVLP230,6,6,0
AVLP231,5,5,0
AVLP232,12,12,0
AVLP234,4,4,0
AVLP235,6,6,0
AVLP243,4,4,0
AVLP244,6,6,0
AVLP250,4,4,0
AVLP251,2,2,2
AVLP252,2,2,1
AVLP253,2,2,0
AVLP254,2,2,0
AVLP255,2,2,0
AVLP256,6,6,0
AVLP257,2,2,0
AVLP258,2,2,2
AVLP259,4,4,0
AVLP260,2,2,0
AVLP261_a,6,6,0
AVLP261_b,2,2,0
AVLP262,4,4,0
AVLP263,2,2,0
AVLP264,4,4,0
AVLP265,8,8,0
AVLP266,2,2,0
AVLP267,2,2,0
AVLP268,2,2,0
AVLP269_a,6,6,0
AVLP269_b,4,4,0
AVLP271,4,4,0
AVLP274_a,4,4,0
AVLP274_b,2,2,0
AVLP277,2,2,0
AVLP279,13,13,0
AVLP280,2,2,2
AVLP281,2,2,0
AVLP282,4,4,0
AVLP283,5,5,0
AVLP284,3,3,0
AVLP285,4,4,0
AVLP287,3,3,0
AVLP288,4,4,0
AVLP289,2,2,2
AVLP290_a,2,2,1
AVLP290_b,4,4,0
AVLP292,5,5,0
AVLP293,4,4,0
AVLP294,4,4,0
AVLP295,6,6,0
AVLP296_a,2,2,0
AVLP296_b,2,2,0
AVLP297,8,8,0
AVLP298,3,3,0
AVLP299_a,2,2,0
AVLP299_b,6,6,0
AVLP299_c,3,3,0
AVLP299_d,5,5,0
AVLP300_a,4,4,0
AVLP300_b,4,4,0
AVLP302,4,4,0
AVLP303,5,5,0
AVLP304,2,2,0
AVLP305,4,4,0
AVLP306,5,5,0
AVLP308,4,4,0
AVLP309,6,6,0
AVLP310,7,7,0
AVLP311_a1,4,4,0
AVLP311_a2,6,6,0
AVLP311_b1,4,4,0
AVLP311_b2,2,2,0
AVLP312,8,8,0
AVLP314,2,2,2
AVLP315,2,2,2
AVLP316,6,6,3
AVLP317,2,2,0
AVLP318,2,2,1
AVLP320_a,2,2,0
AVLP320_b,2,2,0
AVLP321,2,2,0
AVLP322,2,2,0
AVLP323,4,4,0
AVLP325_a,4,4,0
AVLP325_b,5,5,0
AVLP329,4,4,0
AVLP330,2,2,0
AVLP331a,2,2,0
AVLP332,2,2,0
AVLP333,4,4,0
AVLP334,5,5,0
AVLP337,5,5,0
AVLP338,4,4,0
AVLP339,2,2,0
AVLP340,2,2,0
AVLP341,2,2,0
AVLP342,2,2,0
AVLP343,2,2,0
AVLP344,4,4,0
AVLP345_a,4,4,0
AVLP345_b,1,1,0
AVLP346,6,6,0
AVLP347,4,4,0
AVLP348,4,4,0
AVLP349,8,8,0
AVLP352,4,4,2
AVLP353,5,5,0
AVLP354,4,4,0
AVLP357,3,3,0
AVLP363,3,3,0
AVLP365,4,4,0
AVLP369,2,2,0
AVLP370_a,2,2,0
AVLP370_b,2,2,2
AVLP371,2,2,0
AVLP372,4,4,0
AVLP373,2,2,0
AVLP374,4,4,3
AVLP377,18,18,0
AVLP378,4,4,0
AVLP379,4,4,0
AVLP380,4,4,0
AVLP381,2,2,0
AVLP385,10,10,0
AVLP387,10,10,0
AVLP390,4,4,0
AVLP393,2,2,0
AVLP394,6,6,0
AVLP395,2,2,0
AVLP396,2,2,2
AVLP397,2,2,2
AVLP398,2,2,0
AVLP399,2,2,1
AVLP400,4,4,3
AVLP401,8,8,0
AVLP402,2,2,0
AVLP403,3,3,0
AVLP404,2,2,0
AVLP405,4,4,0
AVLP407,4,4,0
AVLP409,4,4,0
AVLP410,6,6,0
AVLP411,3,3,0
AVLP412,4,4,0
AVLP413,2,2,0
AVLP415,2,2,0
AVLP417,4,4,0
AVLP418,2,2,0
AVLP419,1,1,0
AVLP419_a,2,2,0
AVLP419_b,2,2,0
AVLP420_a,4,4,0
AVLP420_b,4,4,0
AVLP421,5,5,0
AVLP422,4,4,0
AVLP423,7,7,0
AVLP424,2,2,0
AVLP427,1,1,0
AVLP428,2,2,0
AVLP429,2,2,0
AVLP430,2,2,1
AVLP431,2,2,1
AVLP432,2,2,2
AVLP433_a,2,2,2
AVLP433_b,2,2,2
AVLP434_a,2,2,2
AVLP434_b,2,2,2
AVLP435_a,2,2,2
AVLP435_b,2,2,2
AVLP436,4,4,0
AVLP437,2,2,0
AVLP439,2,2,1
AVLP440,1,1,0
AVLP442,2,2,2
AVLP443,2,2,0
AVLP444,4,4,0
AVLP445,2,2,0
AVLP446,2,2,0
AVLP447,2,2,0
AVLP448,2,2,0
AVLP449,2,2,2
AVLP451,8,8,0
AVLP452,4,4,0
AVLP454_a1,4,4,0
AVLP454_a2,2,2,0
AVLP454_a3,2,2,0
AVLP454_b1,2,2,0
AVLP454_b2,2,2,0
AVLP454_b3,2,2,0
AVLP454_b4,2,2,0
AVLP454_b5,2,2,0
AVLP454_b6,2,2,0
AVLP455,3,3,0
AVLP457,2,2,0
AVLP459,2,2,0
AVLP460,2,2,0
AVLP461,6,6,0
AVLP462,8,8,0
AVLP463,8,8,0
AVLP464,2,2,2
AVLP465,16,16,0
AVLP469,9,9,0
AVLP470_a,2,2,0
AVLP470_b,2,2,0
AVLP471,4,4,0
AVLP473,2,2,0
AVLP474,2,2,1
AVLP475_a,2,2,0
AVLP475_b,2,2,0
AVLP476,2,2,2
AVLP477,2,2,2
AVLP478,2,2,2
AVLP479,4,4,0
AVLP480,8,8,0
AVLP481,8,8,0
AVLP483,2,2,0
AVLP484,2,2,0
AVLP485,4,4,0
AVLP486,9,9,0
AVLP487,2,2,0
AVLP488,4,4,0
AVLP489,4,4,0
AVLP490,4,4,0
AVLP491,2,2,0
AVLP492,4,4,0
AVLP494,6,6,0
AVLP496,7,7,0
AVLP497,2,2,0
AVLP498,2,2,2
AVLP500,2,2,2
AVLP501,2,2,2
AVLP502,2,2,2
AVLP503,2,2,1
AVLP504,2,2,0
AVLP505,2,2,1
AVLP506,2,2,1
AVLP507,2,2,0
AVLP508,2,2,0
AVLP509,2,2,2
AVLP511,2,2,0
AVLP517,4,4,0
AVLP519,7,7,0
AVLP520,2,2,2
AVLP521,6,6,0
AVLP522,2,2,0
AVLP523,6,6,0
AVLP524_b,6,6,0
AVLP525,6,6,0
AVLP526,8,8,0
AVLP527,5,5,0
AVLP529,2,2,0
AVLP530,4,4,0
AVLP531,2,2,2
AVLP532,2,2,2
AVLP533,2,2,2
AVLP534,2,2,2
AVLP535,2,2,2
AVLP536,2,2,2
AVLP537,2,2,2
AVLP538,2,2,2
AVLP539,2,2,2
AVLP541,10,10,0
AVLP542,2,2,2
AVLP543,2,2,0
AVLP544,2,2,2
AVLP545,2,2,2
AVLP546,2,2,0
AVLP547,2,2,0
AVLP548_a,4,4,0
AVLP548_b,3,3,0
AVLP548_c,4,4,0
AVLP548_d,4,4,0
AVLP548_e,4,4,0
AVLP548_f1,2,2,0
AVLP548_f2,2,2,0
AVLP548_g1,2,2,0
AVLP548_g2,2,2,0
AVLP549,5,5,0
AVLP550_a,4,4,0
AVLP550_b,5,5,0
AVLP550b,6,6,0
AVLP551,6,6,0
AVLP552,2,2,0
AVLP555,3,3,0
AVLP557,4,4,0
AVLP558,6,6,0
AVLP559,8,8,0
AVLP560,5,5,0
AVLP562,2,2,2
AVLP563,2,2,2
AVLP565,2,2,1
AVLP566,4,4,0
AVLP567,4,4,0
AVLP571,2,2,2
AVLP572,2,2,2
AVLP573,2,2,1
AVLP574,4,4,0
AVLP575,2,2,1
AVLP576,2,2,2
AVLP577,4,4,3
AVLP578,2,2,0
AVLP579,2,2,0
AVLP580,4,4,0
AVLP584,8,8,0
AVLP586,2,2,0
AVLP590,2,2,2
AVLP591,2,2,0
AVLP592,2,2,2
AVLP593,2,2,0
AVLP594,2,2,2
AVLP595,2,2,1
AVLP596,2,2,0
AVLP597,2,2,2
AVLP598,2,2,0
AVLP599,2,2,0
AVLP600,4,4,0
AVLP601,2,2,0
AVLP603,1,1,0
AVLP604,2,2,0
AVLP605,1,1,0
AVLP606,1,1,0
AVLP607,1,1,0
AVLP608,2,2,0
AVLP609,2,2,0
AVLP610,2,2,2
AVLP611,6,6,0
AVLP612,2,2,0
AVLP613,2,2,0
AVLP614,2,2,0
AVLP615,2,2,1
AVLP700m,5,5,0
AVLP702m,4,4,0
AVLP703m,2,2,0
AVLP704m,3,3,0
AVLP705m,9,9,0
AVLP706m,6,6,0
AVLP708m,2,2,0
AVLP709m,8,8,0
AVLP710m,2,2,2
AVLP711m,5,5,0
AVLP712m,2,2,2
AVLP713m,2,2,0
AVLP714m,6,6,0
AVLP715m,4,4,0
AVLP716m,2,2,0
AVLP717m,2,2,2
AVLP718m,5,5,0
AVLP719m,2,2,0
AVLP720m,2,2,0
AVLP721m,2,2,2
AVLP722m,5,5,0
AVLP723m,2,2,0
AVLP724m,2,2,0
AVLP725m,4,4,0
AVLP727m,5,5,0
AVLP728m,6,6,0
AVLP729m,6,6,0
AVLP730m,3,3,1
AVLP731m,4,4,0
AVLP732m,6,6,0
AVLP733m,6,6,0
AVLP734m,8,8,0
AVLP735m,2,2,0
AVLP736m,2,2,0
AVLP737m,2,2,0
AVLP738m,2,2,0
AVLP739m,5,5,0
AVLP742m,6,6,0
AVLP743m,11,11,0
AVLP744m,7,7,0
AVLP745m,4,4,0
AVLP746m,6,6,0
AVLP748m,5,5,0
AVLP749m,12,12,0
AVLP750m,3,3,0
AVLP751m,2,2,0
AVLP752m,6,6,0
AVLP753m,12,12,0
AVLP755m,2,2,0
AVLP757m,2,2,1
AVLP758m,2,2,2
AVLP760m,2,2,0
AVLP761m,4,4,0
AVLP762m,5,5,0
AVLP763m,2,2,0
AVLP764m,2,2,0
Acc. ti flexor MN,47,0,0
Acc. tr flexor MN,22,0,0
Am1,2,0,0
AstA1,2,2,2
BM,69,0,0
BM_Hau,7,0,0
BM_InOm,745,0,0
BM_MaPa,15,0,0
BM_Taste,40,0,0
BM_Vib,22,0,0
BM_Vt_PoOc,8,0,0
BM_vOcci_vPoOr,26,0,0
BiT,2,2,0
C2,1745,0,0
C3,1779,0,0
CAPA,2,0,0
CAPA_a,4,0,0
CAPA_b,2,0,0
CB0024,2,2,0
CB0029,2,2,0
CB0046,2,2,0
CB0061,2,2,0
CB0079,2,2,0
CB0084,2,2,0
CB0086,1,1,0
CB0090,2,2,0
CB0103,1,1,0
CB0115,6,6,0
CB0121,2,2,0
CB0122,2,2,0
CB0128,2,2,0
CB0140,2,2,0
CB0141,2,2,0
CB0142,2,2,0
CB0154,1,1,0
CB0164,2,2,0
CB0194,2,2,0
CB0197,2,2,0
CB0204,2,2,0
CB0206,1,1,0
CB0214,2,2,1
CB0218,2,2,0
CB0221,2,2,0
CB0224,2,2,0
CB0227,2,2,0
CB0228,2,2,0
CB0244,2,2,0
CB0259,2,2,0
CB0266,2,2,0
CB0280,2,2,0
CB0282,2,2,0
CB0285,2,2,0
CB0297,2,2,0
CB0307,2,2,0
CB0312,2,2,0
CB0316,2,2,0
CB0320,2,2,0
CB0324,2,2,0
CB0325,2,2,0
CB0346,2,2,0
CB0356,2,2,0
CB0361,2,2,0
CB0367,2,2,0
CB0373,2,2,0
CB0374,2,2,0
CB0380,2,2,0
CB0381,4,4,0
CB0382,2,2,0
CB0386,2,2,0
CB0390,2,2,0
CB0391,3,3,0
CB0396,2,2,0
CB0397,2,2,0
CB0405,2,2,0
CB0414,1,1,0
CB0420,2,2,0
CB0429,2,0,0
CB0431,2,2,0
CB0432,2,2,0
CB0440,2,2,0
CB0466,2,2,2
CB0477,2,2,0
CB0492,2,2,0
CB0510,2,2,0
CB0517,2,2,0
CB0530,2,2,0
CB0533,2,2,0
CB0540,2,2,0
CB0582,2,2,0
CB0591,4,4,0
CB0598,2,2,0
CB0607,2,2,0
CB0609,2,2,0
CB0625,2,2,0
CB0629,2,2,0
CB0630,2,2,0
CB0633,2,2,0
CB0640,2,2,0
CB0645,2,2,0
CB0647,2,2,0
CB0648,1,1,0
CB0650,4,4,0
CB0652,2,2,0
CB0656,2,2,0
CB0657,2,2,0
CB0670,2,2,0
CB0671,2,2,0
CB0675,2,2,0
CB0677,2,2,0
CB0682,2,2,0
CB0683,1,1,0
CB0695,2,2,0
CB0734,4,4,0
CB0738,1,1,0
CB0743,10,10,0
CB0744,5,5,0
CB0747,2,2,0
CB0751,4,4,0
CB0758,4,4,0
CB0763,4,4,0
CB0785,3,3,0
CB0800,3,3,0
CB0813,1,1,0
CB0829,4,4,0
CB0925,4,4,0
CB0926,4,4,0
CB0927,1,1,0
CB0929,6,6,0
CB0930,4,4,0
CB0937,6,6,0
CB0943,15,15,0
CB0946,1,1,0
CB0947,7,7,0
CB0951,6,6,0
CB0956,9,9,0
CB0972,5,5,0
CB0973,8,8,0
CB0975,8,8,0
CB0976,4,4,0
CB0982,4,4,0
CB0986,13,13,0
CB0992,2,2,0
CB0993,8,8,0
CB0994,4,4,0
CB0996,5,5,0
CB0998,4,4,0
CB1000,4,4,0
CB1005,2,2,0
CB1007,6,6,0
CB1008,20,20,0
CB1009,2,2,0
CB1011,9,9,0
CB1012,7,7,0
CB1017,4,4,0
CB1020,6,6,0
CB1023,9,9,0
CB1024,8,8,0
CB1026,10,10,0
CB1030,6,6,0
CB1033,7,7,0
CB1035,2,2,0
CB1044,4,4,0
CB1047,4,4,0
CB1048,8,8,0
CB1050,4,4,0
CB1055,9,9,0
CB1056,6,6,0
CB1057,4,4,0
CB1059,4,4,0
CB1060,4,4,0
CB1062,8,8,0
CB1065,5,5,0
CB1072,14,14,0
CB1073,6,6,0
CB1074,4,4,0
CB1076,7,7,0
CB1077,2,2,0
CB1078,8,8,0
CB1079,1,1,0
CB1081,4,4,0
CB1085,5,5,0
CB1087,6,6,0
CB1088,4,4,0
CB1089,5,5,0
CB1094,10,10,0
CB1099,5,5,0
CB1103,3,3,0
CB1104,2,2,0
CB1108,2,2,0
CB1109,10,10,0
CB1114,10,10,0
CB1116,1,1,0
CB1124,2,2,0
CB1128,4,4,0
CB1131,5,5,0
CB1139,2,2,0
CB1140,2,2,0
CB1142,2,2,0
CB1145,7,7,0
CB1148,14,14,0
CB1149,7,7,0
CB1150,3,3,0
CB1151,2,2,0
CB1154,18,18,0
CB1156,3,3,0
CB1160,6,6,0
CB1165,6,6,0
CB1168,9,9,0
CB1171,7,7,0
CB1174,2,2,0
CB1178,21,21,0
CB1179,4,4,0
CB1181,6,6,0
CB1185,4,4,0
CB1187,3,3,0
CB1189,5,5,0
CB1190,4,4,0
CB1193,1,1,0
CB1194,2,2,0
CB1200,3,3,0
CB1201,9,9,0
CB1202,2,2,0
CB1205,6,6,0
CB1206,3,3,0
CB1207_a,7,7,0
CB1207_b,7,7,0
CB1208,3,3,0
CB1212,7,7,0
CB1213,7,7,0
CB1219,6,6,0
CB1220,9,9,0
CB1222,4,4,0
CB1227,11,11,0
CB1233,3,3,0
CB1237,1,1,0
CB1238,4,4,0
CB1241,4,4,0
CB1242,7,7,0
CB1246,7,7,0
CB1247,2,2,0
CB1249,3,3,0
CB1252,5,5,0
CB1255,3,3,0
CB1260,5,5,0
CB1263,3,3,0
CB1265,7,7,0
CB1268,11,11,0
CB1269,5,5,0
CB1274,1,1,0
CB1275,3,3,0
CB1276,8,8,0
CB1280,2,2,0
CB1281,3,3,0
CB1282,5,5,0
CB1286,3,3,0
CB1287,2,2,0
CB1287_b,4,4,0
CB1287_c,2,2,0
CB1289,7,7,0
CB1296_a,5,5,0
CB1299,2,2,0
CB1300,4,4,0
CB1301,2,2,0
CB1302,4,4,0
CB1308,4,4,0
CB1309,2,2,0
CB1312,2,2,0
CB1314,5,5,0
CB1316,5,5,0
CB1322,10,10,0
CB1326,3,3,0
CB1330,9,9,0
CB1333,10,10,0
CB1337,6,6,0
CB1339,10,10,0
CB1340,3,3,0
CB1346,2,2,0
CB1348,1,1,0
CB1352,8,8,0
CB1353,5,5,0
CB1356,3,3,0
CB1357,11,11,0
CB1359,10,10,0
CB1361,4,4,0
CB1365,4,4,0
CB1368,4,4,0
CB1374,3,3,0
CB1379,5,5,0
CB1384,4,4,0
CB1387,6,6,0
CB1389,6,6,0
CB1391,6,6,0
CB1392,5,5,0
CB1394_a,4,4,0
CB1394_b,4,4,0
CB1396,2,2,0
CB1403,2,2,0
CB1405,2,2,0
CB1406,6,6,0
CB1407,2,2,0
CB1412,2,2,0
CB1413,2,2,0
CB1417,6,6,0
CB1418,4,4,0
CB1419,4,4,0
CB1421,2,2,0
CB1428,3,3,0
CB1432,5,5,0
CB1434,6,6,0
CB1442,2,2,0
CB1447,6,6,0
CB1448,4,4,0
CB1454,2,2,0
CB1456,5,5,0
CB1457,9,9,0
CB1458,6,6,0
CB1460,5,5,0
CB1463,4,4,0
CB1464,8,8,0
CB1467,4,4,0
CB1477,3,3,0
CB1478,2,2,0
CB1483,3,3,0
CB1487,5,5,0
CB1493,3,3,0
CB1498,3,3,0
CB1500,4,4,0
CB1502,4,4,0
CB1503,5,5,0
CB1504,5,5,0
CB1509,2,2,0
CB1510,4,4,0
CB1513,2,2,0
CB1523,5,5,0
CB1527,5,5,0
CB1529,6,6,0
CB1532,4,4,0
CB1533,2,2,0
CB1534,3,3,0
CB1537,5,5,0
CB1538,4,4,0
CB1541,4,4,0
CB1542,2,2,0
CB1545,3,3,0
CB1547,3,3,0
CB1548,8,8,0
CB1549,4,4,0
CB1550,2,2,0
CB1551,2,2,0
CB1554,5,5,0
CB1556,15,15,0
CB1557,3,3,0
CB1560,2,2,0
CB1562,2,2,0
CB1564,4,4,0
CB1565,4,4,0
CB1570,10,10,0
CB1573,1,1,0
CB1574,5,5,0
CB1575,7,7,0
CB1576,5,5,0
CB1577,3,3,0
CB1585,3,3,0
CB1590,5,5,0
CB1593,6,6,0
CB1595,9,9,0
CB1599,3,3,0
CB1601,7,7,0
CB1603,2,2,0
CB1604,9,9,0
CB1607,1,1,0
CB1608,4,4,0
CB1610,4,4,0
CB1613,4,4,0
CB1617,22,22,0
CB1619,4,4,0
CB1625,2,2,0
CB1626,4,4,0
CB1627,3,3,0
CB1628,6,6,0
CB1629,6,6,0
CB1632,2,2,0
CB1636,2,2,0
CB1638,11,11,0
CB1641,5,5,0
CB1642,2,2,0
CB1648,1,1,0
CB1649,2,2,0
CB1650,1,1,0
CB1652,1,1,0
CB1653,4,4,0
CB1654,7,7,0
CB1655,2,2,0
CB1663,4,4,0
CB1670,2,2,0
CB1672,2,2,0
CB1678,2,2,0
CB1679,6,6,0
CB1682,2,2,0
CB1684,6,6,0
CB1685,9,9,0
CB1687,5,5,0
CB1688,2,2,0
CB1691,2,2,0
CB1695,4,4,0
CB1697,4,4,0
CB1698,1,1,0
CB1699,6,6,0
CB1701,7,7,0
CB1702,2,2,0
CB1705,8,8,0
CB1706,3,3,0
CB1714,2,2,0
CB1717,3,3,0
CB1726,2,2,0
CB1729,2,2,0
CB1731,2,2,0
CB1733,4,4,0
CB1735,6,6,0
CB1744,3,3,0
CB1748,2,2,0
CB1752,6,6,0
CB1759b,8,8,0
CB1771,4,4,0
CB1774,3,3,0
CB1782,7,7,0
CB1786_a,15,15,0
CB1787,3,3,0
CB1789,9,9,0
CB1792,3,3,0
CB1794,8,8,0
CB1795,4,4,0
CB1803,4,4,0
CB1804,4,4,0
CB1805,10,10,0
CB1808,2,2,0
CB1809,6,6,0
CB1811,4,4,0
CB1812,4,4,0
CB1815,5,5,0
CB1818,4,4,0
CB1821,3,3,0
CB1823,5,5,0
CB1824,12,12,0
CB1833,9,9,0
CB1834,4,4,0
CB1836,9,9,0
CB1838,8,8,0
CB1841,4,4,0
CB1842,2,2,0
CB1844,5,5,0
CB1846,4,4,0
CB1849,4,4,0
CB1850,5,5,0
CB1852,9,9,0
CB1853,4,4,0
CB1856,3,3,0
CB1858,2,2,0
CB1866,2,2,0
CB1871,2,2,0
CB1874,2,2,0
CB1876,25,25,0
CB1879,2,2,0
CB1883,3,3,0
CB1884,7,7,0
CB1885,7,7,0
CB1891b,2,2,0
CB1895,4,4,0
CB1896,6,6,0
CB1897,8,8,0
CB1899,6,6,0
CB1901,9,9,0
CB1902,2,2,0
CB1903,3,3,0
CB1908,3,3,0
CB1909,8,8,0
CB1910,2,2,0
CB1911,3,3,0
CB1914,4,4,0
CB1918,11,11,0
CB1920,1,1,0
CB1923,11,11,0
CB1924,4,4,0
CB1926,1,1,0
CB1927,2,2,0
CB1931,2,2,0
CB1932,10,10,0
CB1934,2,2,0
CB1935,3,3,0
CB1938,3,3,0
CB1942,4,4,0
CB1945,4,4,0
CB1946,2,2,0
CB1948,7,7,0
CB1949,3,3,0
CB1950,2,2,0
CB1955,6,6,0
CB1956,6,6,0
CB1958,4,4,0
CB1959,2,2,0
CB1960,2,2,0
CB1964,18,18,0
CB1973,2,2,0
CB1975,8,8,0
CB1976,2,2,0
CB1976b,2,2,0
CB1977,2,2,0
CB1980,4,4,0
CB1981,4,4,0
CB1983,6,6,0
CB1984,2,2,0
CB1985,4,4,0
CB1987,4,4,0
CB1995,2,2,0
CB1997,11,11,0
CB1997_b,2,2,0
CB2000,5,5,0
CB2003,4,4,0
CB2004,6,6,0
CB2006,4,4,0
CB2018,1,1,0
CB2026,2,2,0
CB2027,5,5,0
CB2029,2,2,0
CB2032,2,2,0
CB2033,4,4,0
CB2035,6,6,0
CB2036,1,1,0
CB2037,6,6,0
CB2038,6,6,0
CB2040,4,4,0
CB2041,2,2,0
CB2043,2,2,0
CB2045,4,4,0
CB2047,7,7,0
CB2048,4,4,0
CB2049,5,5,0
CB2050,9,9,0
CB2051,6,6,0
CB2053,3,3,0
CB2059,4,4,0
CB2064,8,8,0
CB2066,10,10,0
CB2074,10,10,0
CB2079,2,2,0
CB2081_a,14,14,0
CB2081_b,4,4,0
CB2084,4,4,0
CB2086,1,1,0
CB2087,4,4,0
CB2088,3,3,0
CB2089,6,6,0
CB2090,3,3,0
CB2092,2,2,0
CB2093,2,2,0
CB2094,4,4,0
CB2105,4,4,0
CB2107,4,4,0
CB2108,3,3,0
CB2111,2,2,0
CB2113,2,2,0
CB2116,7,7,0
CB2117,5,5,0
CB2123,5,5,0
CB2127,2,2,0
CB2132,2,2,0
CB2133,6,6,0
CB2136,5,5,0
CB2143,8,8,0
CB2144,4,4,0
CB2148,10,10,0
CB2151,4,4,0
CB2152,4,4,0
CB2153,4,4,0
CB2154,3,3,0
CB2171,2,2,0
CB2172,2,2,0
CB2174,4,4,0
CB2175,4,4,0
CB2178,4,4,0
CB2182,2,2,0
CB2184,4,4,0
CB2185,4,4,0
CB2189,2,2,0
CB2194,3,3,0
CB2196,6,6,0
CB2200,3,3,0
CB2202,1,1,0
CB2205,4,4,0
CB2206,2,2,0
CB2207,7,7,0
CB2208,8,8,0
CB2224,5,5,0
CB2226,4,4,0
CB2227,3,3,0
CB2228,5,5,0
CB2229,4,4,0
CB2230,3,3,0
CB2232,2,2,0
CB2235,4,4,0
CB2244,1,1,0
CB2245,4,4,0
CB2246,7,7,0
CB2251,5,5,0
CB2252,9,9,0
CB2254,1,1,0
CB2257,4,4,0
CB2259,1,1,0
CB2262,5,5,0
CB2269,5,5,0
CB2270,4,4,0
CB2280,2,2,0
CB2281,2,2,0
CB2285,8,8,0
CB2286,3,3,0
CB2290,10,10,0
CB2292,10,10,0
CB2294,4,4,0
CB2295,3,3,0
CB2298,5,5,0
CB2300,4,4,0
CB2302,5,5,0
CB2309,4,4,0
CB2310,4,4,0
CB2311,2,2,0
CB2315,4,4,0
CB2316,2,2,0
CB2319,1,1,0
CB2321,4,4,0
CB2323,2,2,0
CB2330,2,2,0
CB2337,4,4,0
CB2339,4,4,0
CB2342,10,10,0
CB2343,8,8,0
CB2346,7,7,0
CB2347,2,2,0
CB2348,3,3,0
CB2351,2,2,0
CB2357,2,2,0
CB2361,3,3,0
CB2363,2,2,0
CB2365,4,4,0
CB2366,2,2,0
CB2371,2,2,0
CB2373,2,2,0
CB2374,2,2,0
CB2377,4,4,0
CB2379,3,3,0
CB2380,4,4,0
CB2389,3,3,0
CB2390,2,2,0
CB2396,5,5,0
CB2398,5,5,0
CB2401,4,4,0
CB2404,7,7,0
CB2408,2,2,0
CB2411,1,1,0
CB2412,4,4,0
CB2416,1,1,0
CB2420,2,2,0
CB2425,3,3,0
CB2430,2,2,0
CB2431,6,6,0
CB2433,8,8,0
CB2437,2,2,0
CB2440,9,9,0
CB2442,2,2,0
CB2447,2,2,0
CB2448,9,9,0
CB2453,4,4,0
CB2458,3,3,0
CB2459,4,4,0
CB2462,2,2,0
CB2463,4,4,0
CB2465,2,2,0
CB2467,7,7,0
CB2469,6,6,0
CB2471,5,5,0
CB2472,5,5,0
CB2475,2,2,0
CB2478,2,2,0
CB2479,8,8,0
CB2480,6,6,0
CB2481,4,4,0
CB2489,2,2,0
CB2491,3,3,0
CB2494,6,6,0
CB2495,2,2,0
CB2497,4,4,0
CB2498,5,5,0
CB2500,2,2,0
CB2501,6,6,0
CB2503,6,6,0
CB2507,7,7,0
CB2512,2,2,0
CB2514,5,5,0
CB2517,3,3,0
CB2518,3,3,0
CB2521,2,2,0
CB2522,5,5,0
CB2523,3,3,0
CB2530,2,2,0
CB2535,2,2,0
CB2537,2,2,0
CB2538,4,4,0
CB2539,9,9,0
CB2545,1,1,0
CB2549,1,1,0
CB2550,5,5,0
CB2551b,4,4,0
CB2555,2,2,0
CB2558,13,13,0
CB2559,4,4,0
CB2561,2,2,0
CB2563,2,2,0
CB2572,9,9,0
CB2577,1,1,0
CB2584,4,4,0
CB2585,6,6,0
CB2589,6,6,0
CB2592,7,7,0
CB2595,2,2,0
CB2596,4,4,0
CB2599,2,2,0
CB2600,6,6,0
CB2620,2,2,0
CB2623,2,2,0
CB2624,4,4,0
CB2625,8,8,0
CB2627,2,2,0
CB2630,2,2,0
CB2633,4,4,0
CB2636,6,6,0
CB2638,6,6,0
CB2642,7,7,0
CB2646,2,2,0
CB2648,2,2,0
CB2653,2,2,0
CB2655,4,4,0
CB2659,5,5,0
CB2660,1,1,0
CB2664,4,4,0
CB2667,5,5,0
CB2671,4,4,0
CB2672,1,1,0
CB2674,5,5,0
CB2676,2,2,0
CB2678,8,8,0
CB2679,5,5,0
CB2681,2,2,0
CB2682,2,2,0
CB2684,1,1,0
CB2685,13,13,0
CB2687,5,5,0
CB2688,4,4,0
CB2689,2,2,0
CB2691,2,2,0
CB2693,7,7,0
CB2694,6,6,0
CB2701,5,5,0
CB2702,4,4,0
CB2703,6,6,0
CB2706,2,2,0
CB2710,1,1,0
CB2711,4,4,0
CB2713,4,4,0
CB2714,2,2,0
CB2719,4,4,0
CB2720,8,8,0
CB2721,3,3,0
CB2725,2,2,0
CB2733,3,3,0
CB2736,3,3,0
CB2737,3,3,0
CB2743,1,1,0
CB2744,5,5,0
CB2751,2,2,0
CB2754,4,4,0
CB2755,2,2,0
CB2763,5,5,0
CB2764,3,3,0
CB2766,2,2,0
CB2769,5,5,0
CB2770,5,5,0
CB2772,2,2,0
CB2782,3,3,0
CB2783,2,2,0
CB2784,8,8,0
CB2786,4,4,0
CB2787,5,5,0
CB2789,4,4,0
CB2790,2,2,0
CB2792,8,8,0
CB2797,4,4,0
CB2800,2,2,0
CB2802,1,1,0
CB2805,6,6,0
CB2812,3,3,0
CB2814,10,10,0
CB2816,4,4,0
CB2823,8,8,0
CB2824,2,2,0
CB2831,7,7,0
CB2845,4,4,0
CB2846,4,4,0
CB2851,5,5,0
CB2855,2,2,0
CB2859,4,4,0
CB2861,2,2,0
CB2862,2,2,0
CB2863,5,5,0
CB2869,5,5,0
CB2870,2,2,0
CB2873,6,6,0
CB2876,6,6,0
CB2877,2,2,0
CB2880,2,2,0
CB2881,12,12,0
CB2884,4,4,0
CB2889,1,1,0
CB2892,8,8,0
CB2895,3,3,0
CB2896,8,8,0
CB2902,2,2,0
CB2904,4,4,0
CB2906,4,4,0
CB2907,4,4,0
CB2908,4,4,0
CB2910,6,6,0
CB2912,5,5,0
CB2913,2,2,0
CB2919,6,6,0
CB2920,5,5,0
CB2922,2,2,0
CB2927,3,3,0
CB2931,5,5,0
CB2934,6,6,0
CB2935,2,2,0
CB2936,2,2,0
CB2937,5,5,0
CB2938,2,2,0
CB2940,2,2,0
CB2944,5,5,0
CB2947,2,2,0
CB2948,2,2,0
CB2950,8,8,0
CB2952,4,4,0
CB2953,2,2,0
CB2954,2,2,0
CB2955,6,6,0
CB2956,2,2,0
CB2958,2,2,0
CB2963,2,2,0
CB2966,4,4,0
CB2967,5,5,0
CB2970,2,2,0
CB2972,4,4,0
CB2975,2,2,0
CB2976,6,6,0
CB2979,3,3,0
CB2981,3,3,0
CB2982,2,2,0
CB2983,2,2,0
CB2985,2,2,0
CB2988,4,4,0
CB2992,3,3,0
CB2993,2,2,0
CB2995,5,5,0
CB2996,2,2,0
CB3001,6,6,0
CB3005,7,7,0
CB3007,4,4,0
CB3008,1,1,0
CB3010,6,6,0
CB3012,4,4,0
CB3013,5,5,0
CB3014,3,3,0
CB3015,3,3,0
CB3016,7,7,0
CB3019,5,5,0
CB3021,3,3,0
CB3023,5,5,0
CB3024,8,8,0
CB3030,2,2,0
CB3036,4,4,0
CB3042,4,4,0
CB3043,7,7,0
CB3044,4,4,0
CB3045,3,3,0
CB3049,6,6,0
CB3050,7,7,0
CB3051,3,3,0
CB3052,2,2,0
CB3055,7,7,0
CB3056,6,6,0
CB3060,2,2,0
CB3065,3,3,0
CB3067,2,2,0
CB3069,2,2,0
CB3071,1,1,0
CB3074,3,3,0
CB3075,5,5,0
CB3076,2,2,0
CB3080,4,4,0
CB3081,4,4,0
CB3084,1,1,0
CB3089,2,2,0
CB3093,2,2,0
CB3098,2,2,0
CB3103,5,5,0
CB3104,6,6,0
CB3109,3,3,0
CB3113,2,2,0
CB3118,6,6,0
CB3120,2,2,0
CB3121,4,4,0
CB3124,2,2,0
CB3127,1,1,0
CB3132,2,2,0
CB3133,2,2,0
CB3135,3,3,0
CB3140,6,6,0
CB3141,4,4,0
CB3142,2,2,0
CB3143,4,4,0
CB3147,2,2,0
CB3162,1,1,0
CB3168,3,3,0
CB3172,3,3,0
CB3173,4,4,0
CB3175,2,2,0
CB3184,4,4,0
CB3185,3,3,0
CB3187,2,2,0
CB3197,2,2,0
CB3201,4,4,0
CB3202,5,5,0
CB3204,2,2,0
CB3207,6,6,0
CB3208,4,4,0
CB3209,2,2,0
CB3212,1,1,0
CB3218,4,4,0
CB3220,2,2,0
CB3221,2,2,0
CB3228,3,3,0
CB3233,4,4,0
CB3236,4,4,0
CB3240,2,2,0
CB3245,4,4,0
CB3249,2,2,0
CB3250,2,2,0
CB3252,7,7,0
CB3255,4,4,0
CB3261,8,8,0
CB3264,3,3,0
CB3268,4,4,0
CB3269,4,4,0
CB3274,2,2,0
CB3276,2,2,0
CB3277,2,2,0
CB3278,2,2,0
CB3281,2,2,0
CB3287b,4,4,0
CB3288,4,4,0
CB3293,5,5,0
CB3297,2,2,0
CB3302,4,4,0
CB3305,3,3,0
CB3308,8,8,0
CB3316,2,2,0
CB3318,4,4,0
CB3319,2,2,0
CB3320,6,6,0
CB3322,4,4,0
CB3323,2,2,0
CB3326,2,2,0
CB3329,7,7,0
CB3332,1,1,0
CB3339,4,4,0
CB3340,4,4,0
CB3343,2,2,0
CB3347,2,2,0
CB3357,4,4,0
CB3358,2,2,0
CB3360,5,5,0
CB3361,2,2,0
CB3362,2,2,0
CB3364,5,5,0
CB3373,2,2,0
CB3374,4,4,0
CB3376,4,4,0
CB3381,2,2,0
CB3383,1,1,0
CB3384,2,2,0
CB3391,5,5,0
CB3393,3,3,0
CB3394,2,2,0
CB3396,2,2,0
CB3399,4,4,0
CB3400,2,2,0
CB3402,2,2,0
CB3404,3,3,0
CB3407,1,1,0
CB3409,3,3,0
CB3411,2,2,0
CB3414,3,3,0
CB3417,10,10,0
CB3419,4,4,0
CB3427,2,2,0
CB3433,2,2,0
CB3435,4,4,0
CB3437,2,2,0
CB3439,6,6,0
CB3441,2,2,0
CB3445,4,4,0
CB3446,5,5,0
CB3447,5,5,0
CB3450,4,4,0
CB3453,2,2,0
CB3459,2,2,0
CB3464,8,8,0
CB3466,4,4,0
CB3469,3,3,0
CB3476,5,5,0
CB3477,2,2,0
CB3479,4,4,0
CB3488,2,2,0
CB3496,3,3,0
CB3498,2,2,0
CB3499,3,3,0
CB3503,6,6,0
CB3506,4,4,0
CB3507,2,2,0
CB3508,2,2,0
CB3512,2,2,0
CB3513,4,4,0
CB3519,3,3,0
CB3523,2,2,0
CB3528,3,3,0
CB3530,4,4,0
CB3539,3,3,0
CB3541,4,4,0
CB3544,2,2,0
CB3545,4,4,0
CB3548,3,3,0
CB3552,4,4,0
CB3553,2,2,0
CB3556,7,7,0
CB3561,2,2,0
CB3566,2,2,0
CB3569,4,4,0
CB3570,2,2,0
CB3574,4,4,0
CB3576,2,2,0
CB3578,4,4,0
CB3581,2,2,0
CB3588,2,2,0
CB3594,2,2,0
CB3595,2,2,0
CB3598,3,3,0
CB3603,2,2,0
CB3606,2,2,0
CB3607,3,3,0
CB3608,2,2,0
CB3614,4,4,0
CB3619,2,2,0
CB3629,2,2,0
CB3630,2,2,0
CB3631,2,2,0
CB3635,4,4,0
CB3638,1,1,0
CB3646,4,4,0
CB3649,3,3,0
CB3657,3,3,0
CB3660,5,5,0
CB3661,2,2,0
CB3664,2,2,0
CB3666,4,4,0
CB3667,3,3,0
CB3671,2,2,0
CB3673a,2,2,0
CB3673b,4,4,0
CB3676,2,2,0
CB3679,1,1,0
CB3682,2,2,0
CB3683,2,2,0
CB3684,4,4,0
CB3690,2,2,1
CB3691,2,2,0
CB3692,2,2,0
CB3697,4,4,0
CB3710,3,3,0
CB3724,2,2,0
CB3727,2,2,0
CB3728,2,2,0
CB3729,5,5,0
CB3732,2,2,0
CB3733,4,4,0
CB3734,3,3,0
CB3738,2,2,0
CB3739,7,7,0
CB3740,4,4,0
CB3741,2,2,0
CB3742,3,3,0
CB3743,6,6,0
CB3744,2,2,0
CB3745,4,4,0
CB3746,4,4,0
CB3747,2,2,0
CB3748,4,4,0
CB3754,3,3,0
CB3758,2,2,0
CB3759,7,7,0
CB3760,3,3,0
CB3762,4,4,0
CB3768,7,7,0
CB3782,2,2,0
CB3784,4,4,0
CB3788,4,4,0
CB3789,1,1,0
CB3791,3,3,0
CB3798,3,3,0
CB3863,2,2,0
CB3865,10,10,0
CB3866,2,2,0
CB3869,2,2,0
CB3870,4,4,0
CB3873,4,4,0
CB3874,4,4,0
CB3879,2,2,0
CB3895,3,3,0
CB3900,4,4,0
CB3906,2,2,0
CB3907,2,2,0
CB3908,6,6,0
CB3909,2,2,0
CB3910,3,3,0
CB3930,2,2,0
CB3931,2,2,0
CB3932,4,4,0
CB3933,1,1,0
CB3950b,1,1,0
CB3951,1,1,0
CB3951b,1,1,0
CB3953,8,8,0
CB3959,4,4,0
CB3961,2,2,0
CB3977,4,4,0
CB3984,1,1,0
CB3992,6,6,0
CB3998,5,5,0
CB3999,1,1,0
CB4000,2,2,0
CB4019,1,1,0
CB4022,4,4,0
CB4023,9,9,0
CB4033,2,2,0
CB4037,4,4,0
CB4038,2,2,0
CB4052,2,2,0
CB4054,2,2,0
CB4064,3,3,0
CB4066,14,14,0
CB4069,7,7,0
CB4070,17,17,0
CB4071,14,14,0
CB4072,19,19,0
CB4073,15,15,0
CB4077,10,10,0
CB4081,14,14,0
CB4082,11,11,0
CB4083,15,15,0
CB4084,14,14,0
CB4085,6,6,0
CB4086,10,10,0
CB4087,11,11,0
CB4088,9,9,0
CB4091,20,20,0
CB4094,11,11,0
CB4095,6,6,0
CB4096,13,13,0
CB4097,7,7,0
CB4100,10,10,0
CB4101,7,7,0
CB4102,7,7,0
CB4103,10,10,0
CB4104,5,5,0
CB4105,8,8,0
CB4106,6,6,0
CB4107,9,9,0
CB4110,14,14,0
CB4111,3,3,0
CB4112,11,11,0
CB4114,7,7,0
CB4115,6,6,0
CB4116,19,19,0
CB4117,5,5,0
CB4118,14,14,0
CB4119,12,12,0
CB4120,13,13,0
CB4121,9,9,0
CB4122,10,10,0
CB4123,7,7,0
CB4124,8,8,0
CB4125,7,7,0
CB4126,3,3,0
CB4127,12,12,0
CB4128,12,12,0
CB4129,10,10,0
CB4130,11,11,0
CB4131,2,2,0
CB4132,7,7,0
CB4133,7,7,0
CB4134,9,9,0
CB4137,6,6,0
CB4138,15,15,0
CB4139,5,5,0
CB4141,8,8,0
CB4143,6,6,0
CB4150,3,3,0
CB4151,7,7,0
CB4152,5,5,0
CB4155,7,7,0
CB4156,2,2,0
CB4157,6,6,0
CB4158,4,4,0
CB4159,2,2,0
CB4162,4,4,0
CB4163,6,6,0
CB4165,4,4,0
CB4166,2,2,0
CB4167,6,6,0
CB4168,8,8,0
CB4169,6,6,0
CB4170,9,9,0
CB4172,3,3,0
CB4173,6,6,0
CB4174,3,3,0
CB4176,7,7,0
CB4179,5,5,0
CB4180,1,1,0
CB4181,1,1,0
CB4182,1,1,0
CB4183,4,4,0
CB4190,4,4,0
CB4193,4,4,0
CB4194,7,7,0
CB4195,4,4,0
CB4196,4,4,0
CB4197,6,6,0
CB4198,4,4,0
CB4200,2,2,0
CB4201,4,4,0
CB4205,7,7,0
CB4206,6,6,0
CB4208,9,9,0
CB4209,8,8,0
CB4214,5,5,0
CB4215,4,4,0
CB4216,6,6,0
CB4217,3,3,0
CB4220,3,3,0
CB4225,5,5,0
CB4228,8,8,0
CB4231,6,6,0
CB4241,2,2,0
CB4242,14,14,0
CB4243,10,10,0
CB4245,3,3,0
CB4246,2,0,0
CB4247,1,1,0
CB4248,5,5,0
CEM,6,0,0
CL001,2,2,2
CL002,2,2,2
CL003,2,2,0
CL004,4,4,0
CL005,5,5,0
CL006,4,4,0
CL007,2,2,0
CL008,4,4,0
CL010,2,2,0
CL011,2,2,0
CL012,2,2,0
CL013,4,4,0
CL014,8,8,0
CL015_a,2,2,0
CL015_b,2,2,0
CL016,8,8,0
CL018,8,8,0
CL021,2,2,0
CL022_a,2,2,0
CL022_b,2,2,0
CL022_c,2,2,0
CL023,6,6,0
CL024_a,6,6,0
CL024_b,2,2,0
CL024_c,2,2,0
CL024_d,2,2,0
CL025,2,2,0
CL026,2,2,0
CL027,2,2,0
CL028,2,2,0
CL029_a,2,2,2
CL029_b,2,2,2
CL030,4,4,0
CL031,2,2,0
CL032,2,2,0
CL036,2,2,2
CL038,4,4,0
CL040,4,4,0
CL042,4,4,0
CL046,4,4,0
CL048,7,7,0
CL049,9,9,0
CL053,2,2,2
CL054,2,2,0
CL055,2,2,0
CL056,2,2,0
CL057,2,2,0
CL058,2,2,0
CL062_a1,2,2,0
CL062_a2,2,2,0
CL062_b1,2,2,0
CL062_b2,2,2,0
CL062_b3,2,2,0
CL063,2,2,2
CL064,2,2,1
CL065,2,2,2
CL066,2,2,0
CL067,2,2,0
CL068,2,2,0
CL069,2,2,0
CL070_a,2,2,0
CL070_b,2,2,0
CL071_a,2,2,0
CL071_b,6,6,0
CL072,2,2,0
CL073,2,2,0
CL074,4,4,0
CL075_a,2,2,0
CL075_b,2,2,0
CL077,4,4,0
CL078_a,2,2,0
CL078_b,2,2,0
CL078_c,2,2,0
CL080,4,4,0
CL081,3,3,0
CL083,4,4,0
CL085_a,2,2,0
CL085_b,2,2,0
CL085_c,2,2,0
CL086_a,8,8,0
CL086_b,6,6,0
CL086_c,8,8,0
CL086_d,2,2,0
CL086_e,8,8,0
CL087,7,7,0
CL088_a,2,2,0
CL088_b,2,2,0
CL089_a1,2,2,0
CL089_a2,2,2,0
CL089_b,7,7,0
CL089_c,6,6,0
CL090_a,2,2,0
CL090_b,4,4,0
CL090_c,12,12,0
CL090_d,11,11,0
CL090_e,6,6,0
CL091,11,11,0
CL092,2,2,2
CL093,2,2,0
CL094,2,2,0
CL095,2,2,0
CL096,2,2,0
CL097,2,2,0
CL098,2,2,0
CL099,10,10,0
CL100,4,4,0
CL101,4,4,0
CL102,2,2,0
CL104,4,4,0
CL107,2,2,0
CL108,2,2,0
CL109,2,2,2
CL110,2,2,2
CL111,2,2,2
CL112,2,2,0
CL113,4,4,0
CL114,2,2,0
CL115,2,2,0
CL116,2,2,0
CL117,6,6,0
CL118,5,5,0
CL120,6,6,0
CL121_a,6,6,0
CL121_b,4,4,0
CL122_a,6,6,0
CL122_b,6,6,0
CL123_a,2,2,0
CL123_b,2,2,0
CL123_c,2,2,0
CL123_d,2,2,0
CL123_e,2,2,0
CL125,4,0,0
CL126,2,2,0
CL127,4,4,0
CL128_a,2,2,0
CL128_b,2,2,0
CL128_c,2,2,0
CL128_d,2,2,0
CL128_e,2,2,0
CL128_f,2,2,0
CL128a,4,4,0
CL129,2,2,0
CL12X,1,1,0
CL130,2,2,0
CL131,4,4,0
CL132,4,4,0
CL133,2,2,0
CL134,6,6,0
CL135,2,2,0
CL136,2,2,0
CL140,2,2,0
CL141,2,2,0
CL142,2,2,0
CL143,2,2,0
CL144,2,2,0
CL146,2,2,0
CL147,8,8,0
CL149,2,2,0
CL150,2,2,0
CL151,2,2,0
CL152,4,4,0
CL153,2,2,0
CL154,2,2,0
CL155,2,2,0
CL157,2,2,0
CL158,2,2,0
CL159,2,2,0
CL160,5,5,0
CL161_a,2,2,0
CL161_b,4,4,0
CL162,2,2,0
CL165,4,4,0
CL166,5,5,0
CL167,6,6,0
CL168,5,5,0
CL169,7,7,0
CL170,6,6,0
CL171,7,7,0
CL172,5,5,0
CL173,2,2,0
CL175,2,2,0
CL176,2,2,0
CL177,2,2,0
CL178,2,2,0
CL179,2,2,0
CL180,2,2,0
CL182,10,10,0
CL183,2,2,0
CL184,4,4,0
CL185,6,6,0
CL186,3,3,0
CL187,2,2,0
CL189,7,7,0
CL190,5,5,0
CL191_a,4,4,0
CL191_b,4,4,0
CL195,1,1,0
CL196,6,6,0
CL199,2,2,0
CL200,2,2,0
CL201,2,2,0
CL203,2,2,0
CL204,2,2,0
CL205,2,2,0
CL208,4,4,0
CL209,2,2,0
CL210_a,10,10,0
CL211,2,2,0
CL212,2,2,0
CL213,2,2,1
CL214,2,2,0
CL215,4,4,0
CL216,2,2,0
CL224,2,2,0
CL225,8,8,0
CL228,2,2,0
CL231,4,4,0
CL234,4,4,0
CL235,6,6,0
CL236,2,2,0
CL238,2,2,0
CL239,5,5,0
CL244,2,2,0
CL245,2,2,0
CL246,2,2,0
CL248,2,2,2
CL249,2,2,0
CL250,2,2,0
CL251,2,2,0
CL252,6,6,0
CL253,6,6,0
CL254,6,6,0
CL255,5,5,0
CL256,2,2,2
CL257,2,2,2
CL258,4,4,0
CL259,2,2,0
CL260,2,2,0
CL261,4,4,0
CL263,2,2,0
CL264,2,2,0
CL266_a1,2,2,0
CL266_a2,2,2,0
CL266_a3,2,2,0
CL266_b1,2,2,0
CL266_b2,2,2,0
CL267,4,4,0
CL268,6,6,0
CL269,7,7,0
CL270,4,4,0
CL271,4,4,0
CL272_a1,2,2,0
CL272_a2,2,2,0
CL272_b1,2,2,0
CL272_b2,2,2,0
CL272_b3,2,2,0
CL273,4,4,0
CL274,7,7,0
CL275,8,8,0
CL280,2,2,0
CL282,4,4,0
CL283_a,6,6,0
CL283_b,3,3,0
CL283_c,4,4,0
CL286,2,2,2
CL287,2,2,1
CL288,2,2,0
CL290,3,3,0
CL291,3,3,0
CL292,6,6,0
CL293,2,2,0
CL294,2,2,0
CL301,4,4,0
CL302,3,3,0
CL303,2,2,2
CL308,2,2,0
CL309,2,2,0
CL310,2,2,0
CL311,2,2,2
CL314,2,2,0
CL315,2,2,0
CL316,2,2,0
CL317,2,2,0
CL318,2,2,0
CL319,2,2,2
CL321,2,2,0
CL322,2,2,0
CL323,4,4,0
CL326,2,2,0
CL327,2,2,0
CL328,4,4,0
CL333,2,2,0
CL335,2,2,0
CL336,2,2,2
CL339,2,2,0
CL340,4,4,0
CL344_a,2,2,0
CL344_b,2,2,0
CL345,2,2,0
CL348,4,4,0
CL351,3,3,0
CL352,2,2,0
CL353,8,8,0
CL354,4,4,0
CL355,6,6,0
CL356,4,4,0
CL357,2,2,0
CL359,4,4,0
CL360,2,2,0
CL361,2,2,2
CL362,2,2,0
CL364,2,2,0
CL365,4,4,0
CL366,2,2,2
CL367,2,2,0
CL368,2,2,0
CRE001,5,5,0
CRE003_a,7,7,0
CRE003_b,12,12,0
CRE004,2,2,2
CRE005,4,4,0
CRE006,2,2,0
CRE007,2,2,0
CRE008,2,2,0
CRE009,2,2,0
CRE010,2,2,0
CRE011,2,2,2
CRE012,2,2,2
CRE013,2,2,2
CRE014,4,4,0
CRE015,2,2,0
CRE016,6,6,0
CRE017,4,4,0
CRE018,8,8,0
CRE019,4,4,0
CRE020,4,4,0
CRE021,2,2,2
CRE022,2,2,2
CRE023,2,2,0
CRE024,2,2,0
CRE025,2,2,0
CRE026,2,2,0
CRE027,4,4,0
CRE028,6,6,0
CRE030_b,2,2,0
CRE034,4,4,0
CRE035,2,2,0
CRE037,6,6,0
CRE038,2,2,0
CRE039,8,8,0
CRE040,2,2,2
CRE041,2,2,2
CRE042,2,2,2
CRE043_a1,2,2,0
CRE043_a2,2,2,0
CRE043_a3,2,2,0
CRE043_b,2,2,0
CRE043_c1,2,2,0
CRE043_c2,2,2,0
CRE043_d,2,2,0
CRE044,8,8,0
CRE045,4,4,0
CRE046,2,2,0
CRE048,2,2,0
CRE049,2,2,0
CRE050,2,2,0
CRE051,6,6,0
CRE052,8,8,0
CRE054,9,9,0
CRE055,17,17,0
CRE056,8,8,0
CRE057,2,2,0
CRE059,4,4,0
CRE060,2,2,0
CRE062,2,2,0
CRE065,4,4,0
CRE066,4,4,0
CRE067,6,6,0
CRE068,4,4,0
CRE069,2,2,0
CRE070,2,2,0
CRE071,2,2,0
CRE072,4,4,0
CRE074,2,2,2
CRE075,2,2,1
CRE076,2,2,0
CRE077,2,2,0
CRE078,4,4,0
CRE079,2,2,0
CRE080_a,2,2,0
CRE080_b,2,2,0
CRE080_c,2,2,0
CRE080_d,2,2,0
CRE081,6,6,0
CRE082,2,2,0
CRE083,6,6,0
CRE085,4,4,0
CRE086,6,6,0
CRE088,4,4,0
CRE089,2,2,0
CRE090,4,4,0
CRE092,6,6,0
CRE093,4,4,0
CRE094,5,5,0
CRE095,7,7,0
CRE096,2,2,0
CRE099,4,4,0
CRE100,2,2,2
CRE102,2,2,0
CRE103,10,10,0
CRE104,3,3,0
CRE105,2,2,0
CRE106,4,4,0
CRE107,2,2,2
CRE108,2,2,0
CRZ01,2,2,0
CRZ02,2,2,0
CSD,2,2,2
CT1,2,0,0
Cm-DRA,7,0,0
Cm1,472,0,0
Cm10,89,0,0
Cm11a,75,0,0
Cm11b,56,0,0
Cm11c,44,0,0
Cm11d,18,0,0
Cm12,70,0,0
Cm13,52,0,0
Cm14,48,0,0
Cm15,47,0,0
Cm16,38,0,0
Cm17,31,0,0
Cm18,28,0,0
Cm19,30,0,0
Cm2,383,0,0
Cm20,26,0,0
Cm21,25,0,0
Cm22,19,0,0
Cm23,17,0,0
Cm24,11,0,0
Cm25,7,0,0
Cm26,13,0,0
Cm27,9,0,0
Cm28,12,0,0
Cm29,6,0,0
Cm3,323,0,0
Cm30,4,0,0
Cm31a,4,0,0
Cm31b,2,0,0
Cm32,2,0,0
Cm33,2,0,0
Cm34,2,0,0
Cm35,2,0,0
Cm4,251,0,0
Cm5,214,0,0
Cm6,211,0,0
Cm7,184,0,0
Cm8,182,0,0
Cm9,143,0,0
Cm_unclear,1,0,0
CvN4,2,0,0
CvN5,2,0,0
CvN6,2,0,0
CvN7,2,0,0
DA1_lPN,13,13,0
DA1_vPN,2,2,0
DA2_lPN,10,10,0
DA3_adPN,4,4,0
DA4l_adPN,2,2,1
DA4m_adPN,2,2,2
DC1_adPN,2,2,2
DC2_adPN,4,4,1
DC3_adPN,6,6,0
DC4_adPN,2,2,1
DC4_vPN,2,2,0
DCH,2,0,0
DGI,2,2,0
DH44,6,0,0
DL1_adPN,4,4,3
DL2d_adPN,9,9,0
DL2d_vPN,4,4,0
DL2v_adPN,8,8,0
DL3_lPN,11,11,0
DL4_adPN,2,2,0
DL5_adPN,2,2,2
"DLMn a, b",2,0,0
DLMn c-f,8,0,0
DM1_lPN,2,2,2
DM2_lPN,4,4,4
DM3_adPN,2,2,2
DM3_vPN,2,2,0
DM4_adPN,2,2,2
DM4_vPN,2,2,0
DM5_lPN,7,7,0
DM6_adPN,7,7,0
DMS,6,0,0
DN1a,4,4,0
DN1pA,8,8,0
DN1pB,4,4,0
DNES1,10,0,0
DNES2,2,0,0
DNES3,4,0,0
DNa01,2,0,0
DNa02,2,0,0
DNa03,2,0,0
DNa04,2,0,0
DNa05,2,0,0
DNa06,2,0,0
DNa07,2,0,0
DNa08,2,0,0
DNa09,2,0,0
DNa10,2,0,0
DNa11,2,0,0
DNa13,4,0,0
DNa14,2,0,0
DNa15,2,0,0
DNa16,2,0,0
DNae001,2,0,0
DNae002,2,0,0
DNae003,2,0,0
DNae004,2,0,0
DNae005,2,0,0
DNae006,2,0,0
DNae007,2,0,0
DNae008,2,0,0
DNae009,2,0,0
DNae010,2,0,0
DNb01,2,0,0
DNb02,4,0,0
DNb03,4,0,0
DNb04,2,0,0
DNb05,2,0,0
DNb06,2,0,0
DNb07,2,0,0
DNb08,4,0,0
DNb09,2,0,0
DNbe001,2,0,0
DNbe002,4,0,0
DNbe003,2,0,0
DNbe004,2,0,0
DNbe005,2,0,0
DNbe006,2,0,0
DNbe007,2,0,0
DNc01,2,0,0
DNc02,2,0,0
DNd01,4,4,0
DNd02,2,0,0
DNd03,2,0,0
DNd04,2,0,0
DNd05,2,0,0
DNde001,2,0,0
DNde002,2,0,0
DNde003,4,0,0
DNde005,2,0,0
DNde006,2,0,0
DNde007,2,0,0
DNg01_a,2,0,0
DNg01_b,2,0,0
DNg01_c,2,0,0
DNg01_d,2,0,0
DNg01_unclear,1,0,0
DNg02_a,10,0,0
DNg02_b,5,0,0
DNg02_c,4,0,0
DNg02_d,2,0,0
DNg02_e,2,0,0
DNg02_f,2,0,0
DNg02_g,4,0,0
DNg03,12,0,0
DNg04,4,0,0
DNg05_a,2,0,0
DNg05_b,4,0,0
DNg05_c,2,0,0
DNg06,12,0,0
DNg07,16,0,0
DNg08,23,0,0
DNg09_a,6,0,0
DNg09_b,2,0,0
DNg10,12,0,0
DNg100,2,0,0
DNg101,2,0,0
DNg102,4,0,0
DNg103,2,0,0
DNg104,2,0,0
DNg105,2,0,0
DNg106,16,0,0
DNg107,2,0,0
DNg108,2,0,0
DNg109,2,0,0
DNg11,6,0,0
DNg110,6,0,0
DNg111,2,0,0
DNg12_a,8,0,0
DNg12_b,10,0,0
DNg12_c,8,0,0
DNg12_d,2,0,0
DNg12_e,6,0,0
DNg12_f,4,0,0
DNg12_g,2,0,0
DNg12_h,2,0,0
DNg13,2,0,0
DNg14,2,0,0
DNg15,2,0,0
DNg16,2,0,0
DNg17,2,0,0
DNg18_a,3,0,0
DNg18_b,6,0,0
DNg19,2,0,0
DNg20,2,0,0
DNg21,2,0,0
DNg22,2,0,0
DNg23,2,0,0
DNg24,2,0,0
DNg26,4,0,0
DNg27,2,0,0
DNg28,4,0,0
DNg29,2,0,0
DNg30,2,0,0
DNg31,2,0,0
DNg32,2,0,0
DNg33,2,0,0
DNg34,2,0,0
DNg35,2,0,0
DNg36_a,4,0,0
DNg36_b,7,0,0
DNg37,2,0,0
DNg38,2,0,0
DNg39,2,0,0
DNg40,2,0,0
DNg41,2,0,0
DNg42,2,0,0
DNg43,2,0,0
DNg44,2,0,0
DNg45,2,0,0
DNg46,2,0,0
DNg47,2,0,0
DNg48,2,0,0
DNg49,2,0,0
DNg50,2,0,0
DNg51,4,0,0
DNg52,4,0,0
DNg53,2,0,0
DNg54,2,0,0
DNg55,1,0,0
DNg56,2,0,0
DNg57,2,0,0
DNg58,2,0,0
DNg59,2,0,0
DNg60,2,0,0
DNg61,2,0,0
DNg62,2,0,0
DNg63,2,0,0
DNg64,2,0,0
DNg65,2,0,0
DNg66,1,0,0
DNg67,2,0,0
DNg68,2,0,0
DNg69,2,0,0
DNg70,2,0,0
DNg71,2,0,0
DNg72,4,0,0
DNg73,2,0,0
DNg74_a,2,0,0
DNg74_b,2,0,0
DNg75,2,0,0
DNg76,2,0,0
DNg77,2,0,0
DNg78,2,0,0
DNg79,4,0,0
DNg80,2,0,0
DNg81,2,0,0
DNg82,4,0,0
DNg83,2,0,0
DNg84,2,0,0
DNg85,2,0,0
DNg86,2,0,0
DNg87,2,0,0
DNg88,2,0,0
DNg89,2,0,0
DNg90,2,0,0
DNg91,2,0,0
DNg92_a,2,0,0
DNg92_b,4,0,0
DNg93,2,0,0
DNg94,2,0,0
DNg95,2,0,0
DNg96,2,0,0
DNg97,2,0,0
DNg98,2,0,0
DNg99,2,0,0
DNge001,3,0,0
DNge002,2,0,0
DNge003,2,0,0
DNge004,2,0,0
DNge006,2,0,0
DNge007,2,0,0
DNge008,2,0,0
DNge009,7,0,0
DNge010,2,0,0
DNge011,2,0,0
DNge012,2,0,0
DNge013,2,0,0
DNge014,2,0,0
DNge015,3,0,0
DNge016,2,0,0
DNge017,2,0,0
DNge018,2,0,0
DNge019,11,0,0
DNge020,6,0,0
DNge021,2,0,0
DNge022,2,0,0
DNge023,2,0,0
DNge024,4,0,0
DNge025,3,0,0
DNge026,2,0,0
DNge027,2,0,0
DNge028,2,0,0
DNge029,2,0,0
DNge030,2,0,0
DNge031,2,0,0
DNge032,2,0,0
DNge033,2,0,0
DNge034,2,0,0
DNge035,2,0,0
DNge036,2,0,0
DNge037,2,0,0
DNge038,2,0,0
DNge039,2,0,0
DNge040,2,0,0
DNge041,2,0,0
DNge042,2,0,0
DNge043,2,0,0
DNge044,2,0,0
DNge045,2,0,0
DNge046,4,0,0
DNge047,2,0,0
DNge048,2,0,0
DNge049,2,0,0
DNge050,2,0,0
DNge051,2,0,0
DNge052,2,0,0
DNge053,2,0,0
DNge054,2,0,0
DNge055,2,0,0
DNge056,2,0,0
DNge057,2,0,0
DNge058,2,0,0
DNge059,2,0,0
DNge060,2,0,0
DNge061,4,0,0
DNge062,2,0,0
DNge063,2,0,0
DNge064,2,0,0
DNge065,2,0,0
DNge067,2,0,0
DNge068,2,0,0
DNge069,2,0,0
DNge070,2,0,0
DNge071,10,0,0
DNge072,2,0,0
DNge073,2,0,0
DNge074,2,0,0
DNge075,2,0,0
DNge076,2,0,0
DNge077,2,0,0
DNge078,2,0,0
DNge079,2,0,0
DNge080,2,0,0
DNge081,2,0,0
DNge082,2,0,0
DNge083,2,0,0
DNge084,2,0,0
DNge085,8,0,0
DNge086,2,0,0
DNge087,4,0,0
DNge088,2,0,0
DNge089,6,0,0
DNge090,2,0,0
DNge091,14,0,0
DNge092,4,0,0
DNge093,4,0,0
DNge094,13,0,0
DNge095,3,0,0
DNge096,2,0,0
DNge097,2,0,0
DNge098,2,0,0
DNge099,2,0,0
DNge100,2,0,0
DNge101,2,0,0
DNge102,2,0,0
DNge103,2,0,0
DNge104,2,0,0
DNge105,2,0,0
DNge106,2,0,0
DNge107,2,0,0
DNge108,5,0,0
DNge110,2,0,0
DNge111,6,0,0
DNge113,4,0,0
DNge114,6,0,0
DNge115,8,0,0
DNge116,4,0,0
DNge117,4,0,0
DNge119,2,0,0
DNge120,2,0,0
DNge121,2,0,0
DNge122,2,0,0
DNge123,2,0,0
DNge124,2,0,0
DNge125,2,0,0
DNge126,2,0,0
DNge127,2,0,0
DNge128,2,0,0
DNge129,2,0,0
DNge130,2,0,0
DNge131,2,0,0
DNge132,2,0,0
DNge133,2,0,0
DNge134,2,0,0
DNge135,2,0,0
DNge136,4,0,0
DNge137,3,0,0
DNge138,2,0,0
DNge139,2,0,0
DNge140,2,0,0
DNge141,2,0,0
DNge142,2,0,0
DNge143,2,0,0
DNge144,2,0,0
DNge145,4,0,0
DNge146,2,0,0
DNge147,2,0,0
DNge148,2,0,0
DNge149,1,0,0
DNge150,1,0,0
DNge151,1,0,0
DNge152,1,0,0
DNge153,2,0,0
DNge154,2,0,0
DNge172,4,0,0
DNge173,2,0,0
DNge174,2,0,0
DNge175,2,0,0
DNge176,2,0,0
DNge178,2,0,0
DNge179,6,0,0
DNge180,2,0,0
DNge181,4,0,0
DNge182,2,0,0
DNge183,2,0,0
DNge184,2,0,0
DNp01,2,0,0
DNp02,2,0,0
DNp03,2,0,0
DNp04,2,0,0
DNp05,2,0,0
DNp06,2,0,0
DNp07,2,0,0
DNp08,2,0,0
DNp09,2,0,0
DNp10,2,0,0
DNp101,2,0,0
DNp102,2,0,0
DNp103,2,0,0
DNp104,2,0,0
DNp11,2,0,0
DNp12,2,0,0
DNp13,2,0,0
DNp14,2,0,0
DNp15,2,0,0
DNp16_a,2,0,0
DNp16_b,2,0,0
DNp17,12,0,0
DNp18,2,0,0
DNp19,2,0,0
DNp20,2,0,0
DNp21,2,0,0
DNp22,2,0,0
DNp23,2,0,0
DNp24,2,0,0
DNp25,2,0,0
DNp26,2,0,0
DNp27,2,0,0
DNp28,2,0,0
DNp29,2,0,0
DNp30,2,0,0
DNp31,2,0,0
DNp32,2,0,0
DNp33,2,0,0
DNp34,2,0,0
DNp35,2,0,0
DNp36,2,0,0
DNp38,2,0,0
DNp39,2,0,0
DNp41,4,0,0
DNp42,2,0,0
DNp43,2,0,0
DNp44,2,0,0
DNp45,2,0,0
DNp46,2,0,0
DNp47,2,0,0
DNp48,2,0,0
DNp49,2,0,0
"DNp51,DNpe019",4,0,0
DNp52,2,0,0
DNp53,2,0,0
DNp54,2,0,0
DNp55,2,0,0
DNp56,2,0,0
DNp57,2,0,0
DNp58,2,0,0
DNp59,2,0,0
DNp60,2,0,0
DNp62,2,0,0
DNp63,2,0,0
DNp64,2,0,0
DNp65,2,0,0
DNp66,2,0,0
DNp67,2,0,0
DNp68,2,0,0
DNp69,2,0,0
DNp70,2,0,0
DNp71,2,0,0
DNp72,2,0,0
DNp73,2,0,0
DNpe001,2,0,0
DNpe002,2,0,0
DNpe003,4,0,0
DNpe004,4,0,0
DNpe005,2,0,0
DNpe006,2,0,0
DNpe007,2,0,0
DNpe008,19,0,0
DNpe009,6,0,0
DNpe010,2,0,0
DNpe011,4,0,0
DNpe012_a,4,0,0
DNpe012_b,4,0,0
DNpe013,2,0,0
DNpe014,4,0,0
DNpe015,11,0,0
DNpe016,2,0,0
DNpe017,2,0,0
DNpe018,3,0,0
DNpe020,2,0,0
DNpe021,2,0,0
DNpe022,2,0,0
DNpe023,2,0,0
DNpe024,2,0,0
DNpe025,2,0,0
DNpe026,2,0,0
DNpe027,2,0,0
DNpe028,2,0,0
DNpe029,4,0,0
DNpe030,2,0,0
DNpe031,4,0,0
DNpe032,2,0,0
DNpe033,2,0,0
DNpe034,2,0,0
DNpe035,2,0,0
DNpe036,2,0,0
DNpe037,2,0,0
DNpe039,2,0,0
DNpe040,2,0,0
DNpe041,2,0,0
DNpe042,2,0,0
DNpe043,2,0,0
DNpe045,2,0,0
DNpe048,2,0,0
DNpe049,2,0,0
DNpe050,2,0,0
DNpe052,2,0,0
DNpe053,2,0,0
DNpe054,7,0,0
DNpe055,2,0,0
DNpe056,2,0,0
DNpe057,4,0,0
DNx01,2,0,0
DNx02,4,0,0
DNxl114,2,0,0
DP1l_adPN,2,2,2
DP1l_vPN,3,3,0
DP1m_adPN,2,2,2
DP1m_vPN,4,4,0
DPM,2,2,2
DSKMP3,4,4,0
DVMn 1a-c,6,0,0
"DVMn 2a, b",4,0,0
"DVMn 3a, b",4,0,0
D_adPN,6,6,0
Delta7,42,42,0
Dm-DRA1,50,0,0
Dm-DRA2,33,0,0
Dm1,80,0,0
Dm10,626,0,0
Dm11,158,0,0
Dm12,276,0,0
Dm13,53,0,0
Dm14,34,0,0
Dm15,485,0,0
Dm16,151,0,0
Dm17,8,0,0
Dm18,58,0,0
Dm19,30,0,0
Dm2,1452,0,0
Dm20,98,0,0
Dm3a,1204,0,0
Dm3b,1137,0,0
Dm3c,787,0,0
Dm4,99,0,0
Dm6,62,0,0
Dm8a,572,0,0
Dm8b,532,0,0
Dm9,273,0,0
EA00B006,1,0,0
EA00B007,1,0,0
EA00B022,1,0,0
EA06B010,2,0,0
EA27X006,2,0,0
EAXXX079,2,0,0
EL,18,18,0
EN00B001,1,0,0
EN00B002,1,0,0
EN00B003,2,0,0
EN00B004,2,0,0
EN00B008,3,0,0
EN00B010,4,0,0
EN00B011,2,0,0
EN00B012,1,0,0
EN00B013,4,0,0
EN00B015,3,0,0
EN00B016,3,0,0
EN00B017,1,0,0
EN00B018,1,0,0
EN00B019,1,0,0
EN00B020,1,0,0
EN00B023,4,0,0
EN00B024,1,0,0
EN00B025,2,0,0
EN00B026,8,0,0
EN00B027,2,0,0
EN21X001,4,0,0
ENS1,6,0,0
ENS2,4,0,0
ENS3,5,0,0
ENS4,5,0,0
ENS5,6,0,0
ENXXX128,2,0,0
ENXXX226,19,0,0
ENXXX286,2,0,0
EPG,46,46,6
EPGt,4,4,0
ER1_a,11,11,0
ER1_b,13,13,0
ER1_c,4,4,0
ER2_a,12,12,0
ER2_b,4,4,0
ER2_c,20,20,0
ER2_d,5,5,0
ER3a_a,15,15,0
ER3a_b,6,6,0
ER3a_c,4,4,0
ER3a_d,5,5,0
ER3d_a,7,7,0
ER3d_b,20,20,0
ER3d_c,9,9,0
ER3d_d,11,11,0
ER3d_e,7,7,0
ER3m,18,18,0
ER3p_a,14,14,0
ER3p_b,4,4,0
ER3w_a,7,7,0
ER3w_b,18,18,0
ER3w_c,6,6,0
ER4d,26,26,0
ER4m,11,11,1
ER5,21,21,0
ER6,4,4,0
ExR1,4,4,4
ExR2,4,4,0
ExR3,2,2,2
ExR4,2,2,2
ExR5,4,4,4
ExR6,2,2,2
ExR7,4,4,0
ExR8,4,4,0
FB,1,1,0
FB1A,4,4,0
FB1B,4,4,0
FB1C,4,4,0
FB1D,5,5,0
FB1E_a,5,5,0
FB1E_b,2,2,0
FB1F,2,2,0
FB1G,2,2,2
FB1H,2,2,2
FB1I,2,2,0
FB1J,2,2,0
FB2A,4,4,0
FB2B_a,4,4,0
FB2B_b,4,4,0
FB2C,5,5,0
FB2D,6,6,0
FB2E,4,4,0
FB2F_a,6,6,0
FB2F_b,3,3,0
FB2F_c,4,4,0
FB2F_d,4,4,0
FB2G_a,2,2,0
FB2G_b,6,6,0
FB2H_a,2,2,0
FB2H_b,2,2,0
FB2I_a,10,10,0
FB2I_b,2,2,0
FB2J_a,2,2,0
FB2J_b,2,2,0
FB2J_c,2,2,0
FB2K,9,9,0
FB2L,4,4,0
FB2M_a,4,4,0
FB2M_b,2,2,0
FB3A,4,4,0
FB3C,13,13,0
FB3D,1,1,0
FB3E,2,2,0
FB4A_a,6,6,0
FB4A_b,2,2,0
FB4B,2,2,2
FB4C,2,2,2
FB4D_a,2,2,0
FB4D_b,2,2,0
FB4D_c,2,2,0
FB4E_a,5,5,0
FB4E_b,4,4,0
FB4E_c,2,2,0
FB4F_a,4,4,0
FB4F_b,2,2,0
FB4F_c,6,6,0
FB4G,2,2,0
FB4H,2,2,1
FB4I,2,2,0
FB4J,2,2,0
FB4K,4,4,0
FB4L,4,4,0
FB4M,4,4,4
FB4N,2,2,2
FB4O,6,6,0
FB4P_a,4,4,0
FB4P_b,3,3,0
FB4P_c,2,2,0
FB4Q_a,2,2,0
FB4Q_b,2,2,0
FB4Q_c,3,3,0
FB4R,6,6,0
FB4X,2,2,2
FB4Y,4,4,4
FB4Z_a,8,8,0
FB4Z_b,3,3,0
FB4Z_c,4,4,0
FB5A,4,4,4
FB5AA,2,2,0
FB5AB,2,2,2
FB5B,6,6,0
FB5C,3,3,0
FB5D,3,3,0
FB5E,2,2,0
FB5F,2,2,0
FB5G_a,4,4,0
FB5G_b,2,2,0
FB5G_c,2,2,0
FB5H,2,2,0
FB5I,2,2,1
FB5J,2,2,0
FB5K,2,2,0
FB5L,2,2,0
FB5M,2,2,0
FB5N,4,4,0
FB5O,2,2,0
FB5P,4,4,0
FB5Q,4,4,0
FB5R,4,4,0
FB5S,9,9,0
FB5T,2,2,0
FB5U,4,4,0
FB5V_a,6,6,0
FB5V_b,6,6,0
FB5V_c,5,5,0
FB5W_a,6,6,0
FB5W_b,3,3,0
FB5X,6,6,0
FB5Y_a,2,2,0
FB5Y_b,2,2,0
FB5Z,4,4,0
FB6A_a,2,2,2
FB6A_b,2,2,2
FB6A_c,2,2,2
FB6B,2,2,0
FB6C_a,2,2,0
FB6C_b,6,6,0
FB6D,2,2,0
FB6E,2,2,0
FB6F,2,2,0
FB6G,2,2,0
FB6H,2,2,0
FB6I,2,2,0
FB6J,5,5,0
FB6K,4,4,0
FB6L,3,3,0
FB6M,4,4,0
FB6N,2,2,0
FB6O,2,2,0
FB6P,2,2,0
FB6Q,2,2,0
FB6R,4,4,0
FB6S,8,8,0
FB6T,4,4,0
FB6U,4,4,0
FB6V,2,2,0
FB6W,2,2,0
FB6X,2,2,0
FB6Y,2,2,0
FB6Z,2,2,0
FB7A,6,6,0
FB7B,2,2,0
FB7C,5,5,0
FB7D_a,4,4,0
FB7D_b,4,4,0
FB7E,6,6,0
FB7F,4,4,0
FB7G,4,4,0
FB7H,2,2,0
FB7I,5,5,0
FB7J,4,4,0
FB7K,4,4,0
FB7L,6,6,0
FB7M,2,2,0
FB8A,2,2,0
FB8B,4,4,0
FB8C,4,4,0
FB8D,2,2,0
FB8E,5,5,0
FB8F_a,7,7,0
FB8F_b,9,9,0
FB8G,6,6,0
FB8H,6,6,0
FB8I,6,6,0
FB9A,6,6,0
FB9B_a,4,4,0
FB9B_b,4,4,0
FB9B_c,4,4,0
FB9B_d,4,4,0
FB9B_e,4,4,0
FB9C,8,8,0
FC,3,3,0
FC1A,17,17,0
FC1B,22,22,0
FC1C_a,12,12,0
FC1C_b,17,17,0
FC1D,25,25,0
FC1E,22,22,0
FC1F,15,15,0
FC2A,18,18,0
FC2B,27,27,0
FC2C,47,47,0
FC3_a,17,17,0
FC3_b,20,20,0
FC3_c,15,15,0
FLA001m,12,12,0
FLA002m,12,12,0
FLA003m,4,4,0
FLA004m,11,11,0
FLA005m,3,3,0
FLA006m,6,6,0
FLA009m,1,1,0
FLA016,2,2,0
FLA017,2,2,0
FLA018,2,2,0
FLA019,2,2,0
FLA020,2,2,0
FMRFa_Tv,4,0,0
FNM2,2,0,0
FR1,18,18,0
FR2,18,18,0
FS1A_a,16,16,0
FS1A_b,13,13,0
FS1A_c,18,18,0
FS1B_a,13,13,0
FS1B_b,16,16,0
FS2,42,42,0
FS3,2,2,0
FS3_a,15,15,0
FS3_b,14,14,0
FS3_c,14,14,0
FS3_d,31,31,0
FS4A,57,57,0
FS4B,29,29,0
FS4C,28,28,0
Fe reductor MN,20,0,0
GFC1,3,0,0
GFC2,10,0,0
GFC3,13,0,0
GFC4,8,0,0
GLNO,4,4,0
GNG001,1,1,1
GNG002,1,1,0
GNG003,1,1,1
GNG004,1,1,0
GNG005,1,1,0
GNG006,1,1,0
GNG007,1,1,0
GNG008,1,1,0
GNG009,2,2,0
GNG011,2,2,2
GNG013,2,2,0
GNG014,2,2,2
GNG015,2,2,0
GNG016,2,2,0
GNG017,2,2,1
GNG018,2,2,0
GNG019,2,2,1
GNG021,2,2,2
GNG022,2,2,0
GNG023,2,2,0
GNG024,2,2,1
GNG025,2,2,0
GNG026,2,2,0
GNG027,2,2,0
GNG028,2,2,0
GNG029,2,2,0
GNG030,2,2,0
GNG031,2,2,0
GNG032,2,2,0
GNG033,2,2,0
GNG034,2,2,0
GNG035,2,2,0
GNG036,2,2,0
GNG037,2,2,0
GNG038,2,2,0
GNG039,2,2,0
GNG040,2,2,0
GNG041,2,2,0
GNG042,2,2,0
GNG043,2,2,0
GNG044,2,2,0
GNG045,2,2,0
GNG046,2,2,0
GNG047,2,2,0
GNG048,2,2,0
GNG049,2,2,0
GNG050,2,2,0
GNG051,2,2,0
GNG052,2,2,0
GNG053,2,2,0
GNG054,2,2,0
GNG055,2,2,0
GNG056,2,2,0
GNG057,2,2,0
GNG058,2,2,0
GNG059,2,2,0
GNG060,2,2,0
GNG061,2,2,0
GNG062,2,2,0
GNG063,2,2,0
GNG064,2,2,0
GNG065,2,2,0
GNG066,2,2,0
GNG067,2,2,0
GNG068,2,2,0
GNG069,2,2,0
GNG070,2,2,0
GNG071,2,2,0
GNG072,2,2,0
GNG073,2,2,0
GNG074,2,2,0
GNG075,2,2,0
GNG076,2,2,0
GNG077,2,2,0
GNG078,2,2,0
GNG079,2,2,0
GNG080,2,2,0
GNG081,2,2,0
GNG083,2,2,0
GNG084,2,2,0
GNG085,2,2,0
GNG086,2,2,0
GNG087,3,3,2
GNG088,2,2,2
GNG089,2,2,0
GNG090,2,2,0
GNG091,2,2,0
GNG092,2,2,0
GNG093,2,2,0
GNG094,2,2,0
GNG095,2,2,0
GNG096,2,2,0
GNG097,2,2,0
GNG099,2,2,0
GNG100,2,2,0
GNG101,2,2,0
GNG102,2,2,0
GNG103,2,2,2
GNG104,2,2,2
GNG105,2,2,2
GNG106,2,2,0
GNG107,2,2,1
GNG108,2,2,0
GNG109,2,2,0
GNG111,2,2,0
GNG112,2,2,0
GNG113,2,2,0
GNG114,2,2,0
GNG115,2,2,0
GNG116,2,2,0
GNG117,2,2,0
GNG118,2,2,0
GNG119,2,2,0
GNG120,2,2,0
GNG121,2,2,0
GNG122,2,2,0
GNG123,2,2,0
GNG124,2,2,0
GNG125,2,2,0
GNG126,2,2,0
GNG127,2,2,0
GNG128,2,2,0
GNG129,2,2,0
GNG130,2,2,0
GNG131,2,2,0
GNG132,2,2,0
GNG133,2,0,0
GNG134,2,2,0
GNG135,2,2,0
GNG136,2,2,0
GNG137,2,2,0
GNG139,2,2,0
GNG140,2,2,0
GNG141,2,2,0
GNG142,2,2,0
GNG143,2,2,0
GNG144,2,2,0
GNG145,2,2,0
GNG146,2,2,0
GNG147,3,3,0
GNG148,2,2,0
GNG149,2,2,0
GNG150,2,2,0
GNG152,2,2,0
GNG153,2,2,0
GNG154,2,2,0
GNG155,2,2,0
GNG156,2,2,0
GNG157,2,2,0
GNG158,2,2,0
GNG159,2,2,0
GNG160,2,2,0
GNG161,2,2,0
GNG162,2,2,0
GNG163,4,4,0
GNG164,2,2,0
GNG165,4,4,0
GNG166,2,2,0
GNG167,2,2,0
GNG168,2,2,0
GNG169,2,2,0
GNG170,2,2,0
GNG171,2,2,0
GNG172,2,2,0
GNG173,2,2,0
GNG174,2,2,0
GNG175,2,2,0
GNG176,2,2,0
GNG177,2,2,0
GNG178,2,2,0
GNG179,2,2,0
GNG180,2,2,0
GNG181,2,2,0
GNG182,2,2,0
GNG183,2,2,0
GNG184,2,2,0
GNG185,2,2,0
GNG186,2,2,0
GNG187,2,2,0
GNG188,2,2,0
GNG189,2,2,0
GNG190,2,2,0
GNG191,2,2,0
GNG192,2,2,0
GNG194,2,2,0
GNG195,2,2,0
GNG196,2,2,0
GNG197,2,2,0
GNG198,3,3,0
GNG199,2,2,0
GNG200,2,2,0
GNG201,2,2,0
GNG202,2,2,0
GNG203,2,2,0
GNG204,2,2,0
GNG205,2,2,0
GNG206,2,2,0
GNG207,2,2,0
GNG208,2,2,0
GNG209,2,2,0
GNG210,2,2,0
GNG211,2,2,0
GNG212,2,2,0
GNG213,2,2,0
GNG214,2,2,0
GNG215,2,2,0
GNG216,2,2,0
GNG217,2,2,0
GNG218,2,2,0
GNG219,2,2,0
GNG220,2,2,0
GNG221,2,2,0
GNG222,2,2,0
GNG223,2,2,0
GNG224,2,2,0
GNG225,2,2,0
GNG226,2,2,0
GNG227,2,2,0
GNG228,2,2,0
GNG229,2,2,0
GNG230,2,2,0
GNG231,2,2,0
GNG232,2,2,0
GNG233,2,2,0
GNG234,2,2,0
GNG235,2,2,0
GNG236,2,2,0
GNG237,2,2,0
GNG238,2,2,0
GNG239,6,6,0
GNG240,2,2,0
GNG241,2,2,0
GNG243,2,2,0
GNG244,2,2,0
GNG245,2,2,0
GNG246,2,2,0
GNG247,2,2,0
GNG248,2,2,0
GNG249,2,2,0
GNG250,2,2,0
GNG251,2,2,0
GNG252,2,2,0
GNG253,2,2,0
GNG254,2,2,0
GNG255,6,6,0
GNG256,2,2,0
GNG257,2,2,0
GNG258,2,2,0
GNG259,2,2,0
GNG260,2,2,0
GNG261,2,2,0
GNG262,2,2,0
GNG264,2,2,0
GNG266,4,4,0
GNG267,2,2,0
GNG268,2,2,0
GNG269,8,8,0
GNG270,2,2,0
GNG271,3,3,0
GNG272,2,2,0
GNG273,4,4,0
GNG274,2,2,0
GNG275,4,4,0
GNG276,2,0,0
GNG277,2,2,0
GNG278,2,2,0
GNG279_a,2,2,0
GNG279_b,2,2,0
GNG280,2,2,0
GNG281,2,2,0
GNG282,2,2,0
GNG283,2,0,0
GNG284,2,2,0
GNG285,2,2,0
GNG286,2,2,0
GNG287,2,2,0
GNG288,2,2,0
GNG289,2,2,0
GNG290,2,2,0
GNG291,2,2,0
GNG292,2,2,0
GNG293,2,2,0
GNG294,2,2,0
GNG295,1,1,0
GNG296,1,1,0
GNG297,1,1,0
GNG298,1,1,1
GNG299,1,1,0
GNG300,2,2,0
GNG301,2,2,0
GNG302,2,2,0
GNG303,2,2,0
GNG304,2,2,0
GNG305,2,2,0
GNG306,2,2,0
GNG307,2,2,0
GNG308,2,2,0
GNG309,4,4,0
GNG310,4,4,0
GNG311,2,2,0
GNG312,2,2,0
GNG313,2,2,0
GNG314,2,0,0
GNG315,2,2,0
GNG316,2,2,0
GNG317,2,2,0
GNG318,4,4,0
GNG319,9,9,0
GNG320,8,8,0
GNG321,2,2,0
GNG322,2,2,0
GNG323,1,1,1
GNG324,2,2,0
GNG325,2,2,0
GNG326,6,6,0
GNG327,2,2,0
GNG328,2,2,0
GNG329,9,9,0
GNG330,4,4,0
GNG331,4,4,0
GNG332,10,10,0
GNG333,2,2,0
GNG334,3,3,0
GNG335,2,2,0
GNG336,3,3,0
GNG337,1,1,0
GNG338,4,4,0
GNG339,2,2,0
GNG340,1,1,0
GNG341,2,2,0
GNG342,2,2,0
GNG343,2,2,0
GNG344,1,1,0
GNG345,4,4,0
GNG346,1,1,0
GNG347,1,1,0
GNG348,1,1,0
GNG349,1,1,0
GNG350,3,3,0
GNG351,3,3,0
GNG352,2,2,0
GNG353,2,2,0
GNG354,3,3,0
GNG355,2,2,0
GNG356,2,2,0
GNG357,4,4,0
GNG358,4,4,0
GNG359,2,2,0
GNG360,2,2,0
GNG361,4,4,0
GNG362,2,2,0
GNG363,3,3,0
GNG364,3,3,0
GNG365,2,2,0
GNG366,3,3,0
GNG367_a,2,2,0
GNG367_b,2,2,0
GNG368,2,2,0
GNG369,3,3,0
GNG370,2,2,0
GNG371,3,3,0
GNG372,3,3,0
GNG373,3,3,0
GNG375,4,4,0
GNG376,5,5,0
GNG377,4,4,0
GNG379,7,7,0
GNG380,6,6,0
GNG381,4,4,0
GNG382,5,5,0
GNG383,2,2,0
GNG384,1,1,0
GNG385,4,4,0
GNG386,8,8,0
GNG387,4,4,0
GNG388,7,7,0
GNG390,2,2,0
GNG391,4,4,0
GNG392,4,4,0
GNG393,3,3,0
GNG394,2,2,0
GNG395,6,6,0
GNG396,2,2,0
GNG397,3,3,0
GNG398,4,4,0
GNG399,2,2,0
GNG400,4,4,0
GNG401,5,5,0
GNG402,4,4,0
GNG403,2,2,0
GNG404,2,2,0
GNG406,12,12,0
GNG407,6,6,0
GNG408,4,4,0
GNG409,4,4,0
GNG410,10,10,0
GNG411,5,5,0
GNG412,6,6,0
GNG413,5,5,0
GNG414,3,3,0
GNG415,3,3,0
GNG416,6,6,0
GNG417,2,2,0
GNG418,2,2,0
GNG419,2,2,0
GNG420_a,2,2,0
GNG420_b,2,2,0
GNG421,3,3,0
GNG422,6,6,0
GNG423,4,4,0
GNG424,3,3,0
GNG425,3,3,0
GNG427,6,6,0
GNG428,12,12,0
GNG429,4,4,0
GNG430_a,2,2,0
GNG430_b,2,2,0
GNG431,21,21,0
GNG434,4,4,0
GNG435,5,5,0
GNG438,8,8,0
GNG439,4,4,0
GNG440,7,7,0
GNG441,2,2,0
GNG442,6,6,0
GNG443,6,6,0
GNG444,5,5,0
GNG445,2,2,0
GNG446,3,3,0
GNG447,2,2,0
GNG448,2,2,0
GNG449,2,2,0
GNG450,2,2,0
GNG451,2,2,0
GNG452,4,4,0
GNG453,5,5,0
GNG454,11,11,0
GNG455,2,2,0
GNG456,3,3,0
GNG457,2,2,1
GNG458,2,2,1
GNG459,2,2,0
GNG460,2,2,0
GNG461,4,4,0
GNG462,2,2,0
GNG463,2,2,0
GNG464,4,4,0
GNG465,5,5,0
GNG466,3,3,0
GNG467,4,4,0
GNG468,2,2,0
GNG469,2,2,0
GNG470,1,1,0
GNG471,4,4,0
GNG472,2,2,0
GNG473,2,2,0
GNG474,4,4,0
GNG479,2,2,0
GNG481,4,4,0
GNG482,4,4,0
GNG483,2,2,0
GNG484,2,2,0
GNG485,2,2,0
GNG486,2,2,0
GNG487,2,2,0
GNG488,4,4,0
GNG489,2,2,0
GNG490,2,2,0
GNG491,2,2,0
GNG492,2,2,0
GNG493,2,2,0
GNG494,2,2,0
GNG495,2,2,0
GNG496,3,3,0
GNG497,2,2,0
GNG498,2,2,0
GNG499,2,2,0
GNG500,2,2,0
GNG501,2,2,0
GNG502,2,2,0
GNG503,2,2,0
GNG504,2,2,0
GNG505,2,2,0
GNG506,2,2,1
GNG507,2,2,0
GNG508,2,2,0
GNG509,2,2,0
GNG510,2,2,0
GNG511,2,2,0
GNG512,2,2,0
GNG513,2,2,0
GNG514,2,2,0
GNG515,2,2,0
GNG516,2,2,0
GNG517,2,2,0
GNG518,2,2,0
GNG519,2,2,0
GNG520,2,2,0
GNG521,2,2,0
GNG522,1,1,0
GNG523,3,3,0
GNG524,2,2,0
GNG525,2,2,0
GNG526,2,2,0
GNG527,2,2,0
GNG528,1,1,0
GNG529,2,2,0
GNG530,2,2,0
GNG531,2,2,0
GNG532,2,2,0
GNG533,2,2,0
GNG534,2,2,0
GNG535,2,2,0
GNG536,2,2,0
GNG537,2,2,0
GNG538,2,2,0
GNG539,1,1,0
GNG540,2,2,0
GNG541,2,2,0
GNG542,2,2,0
GNG543,2,2,0
GNG544,2,2,0
GNG545,1,1,0
GNG546,2,2,0
GNG547,2,2,0
GNG548,2,2,0
GNG549,2,2,0
GNG550,2,2,0
GNG551,2,2,0
GNG552,2,2,0
GNG553,2,2,0
GNG554,3,3,0
GNG555,2,2,0
GNG556,3,3,0
GNG557,2,2,0
GNG558,2,2,0
GNG559,2,2,0
GNG560,2,2,0
GNG561,2,2,0
GNG562,2,2,0
GNG563,2,2,0
GNG564,2,2,0
GNG565,2,2,0
GNG566,2,2,0
GNG567,2,2,0
GNG568,2,2,0
GNG569,2,2,0
GNG572,3,3,0
GNG573,2,2,0
GNG574,2,2,0
GNG575,3,3,0
GNG576,2,2,0
GNG577,2,2,0
GNG578,2,2,0
GNG579,2,2,0
GNG580,2,2,0
GNG581,2,2,0
GNG582,2,2,0
GNG583,2,2,0
GNG584,2,2,0
GNG585,3,3,0
GNG586,2,2,0
GNG587,2,2,0
GNG588,2,2,0
GNG589,2,2,1
GNG590,2,2,0
GNG591,2,2,0
GNG592,3,3,0
GNG593,2,2,0
GNG594,2,2,0
GNG595,6,6,0
GNG596,2,2,0
GNG597,6,6,0
GNG598,4,4,0
GNG599,2,2,0
GNG600,3,3,0
GNG601,2,2,0
GNG602,2,2,0
GNG603,2,2,0
GNG604,2,2,0
GNG605,2,2,0
GNG606,2,2,0
GNG607,2,2,0
GNG608,2,2,0
GNG609,4,4,0
GNG610,8,8,0
GNG611,2,2,0
GNG612,2,2,0
GNG613,2,2,0
GNG614,2,2,0
GNG615,2,2,0
GNG616,2,2,0
GNG617,2,2,0
GNG618,2,2,0
GNG619,6,6,0
GNG620,2,2,0
GNG621,5,5,0
GNG622,4,4,0
GNG623,2,2,0
GNG624,4,4,0
GNG625,2,2,0
GNG626,2,2,0
GNG627,2,2,0
GNG628,2,2,0
GNG629,2,2,0
GNG630,2,2,0
GNG631,2,2,0
GNG633,4,4,0
GNG634,5,5,0
GNG635,8,8,0
GNG636,4,4,0
GNG637,2,2,0
GNG638,2,2,0
GNG639,2,2,0
GNG640,2,2,0
GNG641,2,0,0
GNG642,2,0,0
GNG643,18,0,0
GNG644,2,0,0
GNG646,5,5,0
GNG647,3,0,0
GNG648,2,0,0
GNG649,2,0,0
GNG650,2,0,0
GNG651,2,0,0
GNG652,2,0,0
GNG653,2,0,0
GNG654,2,0,0
GNG655,2,0,0
GNG656,4,0,0
GNG657,5,5,0
GNG658,2,2,0
GNG659,2,2,0
GNG660,2,2,0
GNG661,2,2,0
GNG662,6,6,0
GNG663,4,4,0
GNG664,2,2,0
GNG665,2,2,0
GNG666,2,2,0
GNG667,2,2,2
GNG668,2,0,0
GNG669,2,2,0
GNG670,2,2,0
GNG671,1,1,0
GNG700m,2,2,0
GNG701m,2,2,0
GNG702m,2,2,0
H1,2,0,0
H2,2,0,0
HBeyelet,7,0,0
HRN_VP1d,18,0,0
HRN_VP1l,8,0,0
HRN_VP4,28,0,0
HRN_VP5,12,0,0
HSE,2,0,0
HSN,2,0,0
HSS,2,0,0
HST,2,0,0
Hugin-RG,4,0,0
IB002,10,10,0
IB004_a,14,14,0
IB004_b,6,6,0
IB005,2,2,0
IB007,2,2,0
IB008,2,2,2
IB009,2,2,2
IB010,2,2,2
IB012,2,2,0
IB014,2,2,0
IB015,2,2,0
IB016,2,2,0
IB017,2,2,0
IB018,2,2,2
IB020,2,2,0
IB021,2,2,0
IB022,4,4,0
IB023,2,2,0
IB024,2,2,0
IB025,2,2,0
IB026,2,2,0
IB031,4,4,0
IB032,8,8,0
IB033,4,4,0
IB035,2,2,0
IB038,4,4,0
IB042,2,2,0
IB044,2,2,0
IB045,4,4,0
IB047,2,2,0
IB048,2,2,0
IB049,4,4,0
IB050,2,2,0
IB051,4,4,0
IB053,2,2,0
IB054,10,10,0
IB058,2,2,0
IB059_a,2,2,0
IB059_b,2,2,0
IB060,2,2,0
IB061,2,2,0
IB062,2,2,0
IB064,2,2,0
IB065,2,2,0
IB066,4,4,0
IB068,2,2,0
IB069,2,2,0
IB070,3,3,0
IB071,3,3,0
IB076,4,4,0
IB083,2,2,0
IB084,7,7,0
IB087,8,8,0
IB092,2,2,0
IB093,2,2,0
IB094,2,2,0
IB095,2,2,0
IB096,2,2,0
IB097,2,2,0
IB101,2,2,0
IB109,2,2,0
IB110,2,2,0
IB114,2,2,2
IB115,4,4,0
IB116,2,2,0
IB117,2,2,0
IB118,2,2,0
IB120,2,2,0
IB121,2,2,0
ICL002m,2,2,0
ICL003m,4,4,0
ICL004m_a,2,2,0
ICL004m_b,2,2,0
ICL005m,2,2,0
ICL006m,5,5,0
ICL008m,6,6,0
ICL010m,2,2,0
ICL011m,2,2,0
ICL012m,4,4,0
ICL013m_a,2,2,0
ICL013m_b,2,2,0
IN00A001,2,0,0
IN00A002,3,0,0
IN00A003,1,0,0
IN00A004,2,0,0
IN00A005,1,0,0
IN00A007,2,0,0
IN00A008,1,0,0
IN00A009,4,0,0
IN00A010,2,0,0
IN00A011,6,0,0
IN00A012,2,0,0
IN00A013,1,0,0
IN00A014,3,0,0
IN00A016,2,0,0
IN00A017,5,0,0
IN00A018,2,0,0
IN00A019,3,0,0
IN00A020,3,0,0
IN00A021,3,0,0
IN00A022,4,0,0
IN00A024,6,0,0
IN00A025,4,0,0
IN00A026,6,0,0
IN00A027,4,0,0
IN00A028,3,0,0
IN00A029,4,0,0
IN00A030,5,0,0
IN00A031,9,0,0
IN00A032,2,0,0
IN00A033,5,0,0
IN00A034,2,0,0
IN00A035,3,0,0
IN00A036,4,0,0
IN00A037,1,0,0
IN00A038,4,0,0
IN00A039,2,0,0
IN00A040,5,0,0
IN00A041,3,0,0
IN00A042,2,0,0
IN00A043,4,0,0
IN00A044,1,0,0
IN00A045,6,0,0
IN00A047,5,0,0
IN00A048,5,0,0
IN00A049,3,0,0
IN00A050,3,0,0
IN00A051,4,0,0
IN00A052,2,0,0
IN00A053,4,0,0
IN00A054,6,0,0
IN00A055,1,0,0
IN00A056,7,0,0
IN00A057,11,0,0
IN00A058,2,0,0
IN00A059,2,0,0
IN00A060,2,0,0
IN00A061,2,0,0
IN00A062,3,0,0
IN00A063,7,0,0
IN00A064,1,0,0
IN00A065,4,0,0
IN00A066,2,0,0
IN00A067,3,0,0
IN00A068,1,0,0
IN00A069,1,0,0
IN00A070,1,0,0
IN01A002,2,0,0
IN01A005,4,0,0
IN01A007,4,0,0
IN01A008,2,0,0
IN01A009,4,0,0
IN01A010,4,0,0
IN01A011,6,0,0
IN01A012,6,0,0
IN01A015,6,0,0
IN01A016,2,0,0
IN01A017,2,0,0
IN01A018,2,0,0
IN01A020,2,0,0
IN01A022,2,0,0
IN01A023,4,0,0
IN01A024,2,0,0
IN01A025,6,0,0
IN01A026,2,0,0
IN01A027,2,0,0
IN01A028,2,0,0
IN01A029,2,0,0
IN01A030,4,0,0
IN01A031,6,0,0
IN01A032,6,0,0
IN01A034,4,0,0
IN01A035,6,0,0
IN01A036,6,0,0
IN01A037,2,0,0
IN01A038,12,0,0
IN01A039,6,0,0
IN01A040,8,0,0
IN01A041,6,0,0
IN01A042,4,0,0
IN01A043,4,0,0
IN01A044,2,0,0
IN01A045,12,0,0
IN01A046,2,0,0
IN01A047,4,0,0
IN01A048,6,0,0
IN01A050,10,0,0
IN01A051,4,0,0
IN01A052_a,2,0,0
IN01A052_b,2,0,0
IN01A053,4,0,0
IN01A054,7,0,0
IN01A056,4,0,0
IN01A057,2,0,0
IN01A058,6,0,0
IN01A059,8,0,0
IN01A060,2,0,0
IN01A061,8,0,0
IN01A062_a,4,0,0
IN01A062_b,2,0,0
IN01A062_c,6,0,0
IN01A063_a,2,0,0
IN01A063_b,3,0,0
IN01A063_c,2,0,0
IN01A064,4,0,0
IN01A065,4,0,0
IN01A066,6,0,0
IN01A067,4,0,0
IN01A068,4,0,0
IN01A069,6,0,0
IN01A070,9,0,0
IN01A071,6,0,0
IN01A072,2,0,0
IN01A073,9,0,0
IN01A074,4,0,0
IN01A075,4,0,0
IN01A076,8,0,0
IN01A077,6,0,0
IN01A078,6,0,0
IN01A079,10,0,0
IN01A080_a,2,0,0
IN01A080_b,2,0,0
IN01A080_c,2,0,0
IN01A081,6,0,0
IN01A082,11,0,0
IN01A083_a,2,0,0
IN01A083_b,4,0,0
IN01A084,2,0,0
IN01A085,2,0,0
IN01A087_a,2,0,0
IN01A087_b,2,0,0
IN01A088,7,0,0
IN01A089,1,0,0
IN01B001,2,0,0
IN01B002,6,0,0
IN01B003,6,0,0
IN01B006,6,0,0
IN01B007,6,0,0
IN01B008,6,0,0
IN01B010,6,0,0
IN01B012,6,0,0
IN01B014,4,0,0
IN01B015,2,0,0
IN01B016,4,0,0
IN01B017,4,0,0
IN01B019_a,3,0,0
IN01B019_b,2,0,0
IN01B020,9,0,0
IN01B021,5,0,0
IN01B022,6,0,0
IN01B023_a,2,0,0
IN01B023_b,2,0,0
IN01B023_c,2,0,0
IN01B023_d,2,0,0
IN01B024,4,0,0
IN01B025,6,0,0
IN01B026,8,0,0
IN01B027_a,4,0,0
IN01B027_b,4,0,0
IN01B027_c,2,0,0
IN01B027_d,2,0,0
IN01B027_e,2,0,0
IN01B027_f,2,0,0
IN01B029,2,0,0
IN01B030,2,0,0
IN01B031_a,2,0,0
IN01B031_b,2,0,0
IN01B032,2,0,0
IN01B033,8,0,0
IN01B034,3,0,0
IN01B035,2,0,0
IN01B036,2,0,0
IN01B037_a,2,0,0
IN01B037_b,3,0,0
"IN01B038,IN01B056",4,0,0
IN01B039,4,0,0
IN01B040,3,0,0
IN01B041,4,0,0
IN01B042,8,0,0
IN01B043,3,0,0
IN01B044_a,2,0,0
IN01B044_b,2,0,0
IN01B045,2,0,0
IN01B046_a,4,0,0
IN01B046_b,4,0,0
IN01B047,2,0,0
IN01B048_a,2,0,0
IN01B048_b,2,0,0
IN01B049,6,0,0
IN01B050_a,2,0,0
IN01B050_b,2,0,0
IN01B051_a,2,0,0
IN01B051_b,2,0,0
IN01B052,6,0,0
IN01B053,5,0,0
IN01B054,5,0,0
IN01B055,2,0,0
IN01B056,4,0,0
IN01B057,2,0,0
IN01B059_a,2,0,0
IN01B059_b,4,0,0
IN01B060,4,0,0
IN01B061,7,0,0
IN01B062,4,0,0
IN01B063,2,0,0
IN01B064,4,0,0
IN01B065,20,0,0
IN01B066,2,0,0
IN01B067,6,0,0
IN01B068,2,0,0
IN01B069_a,2,0,0
IN01B069_b,3,0,0
IN01B070,2,0,0
IN01B072,2,0,0
IN01B073,7,0,0
IN01B074,7,0,0
IN01B075,3,0,0
IN01B077_a,2,0,0
IN01B077_b,2,0,0
IN01B078,5,0,0
IN01B079,5,0,0
IN01B080,16,0,0
IN01B081,5,0,0
IN01B082,8,0,0
IN01B083_a,2,0,0
IN01B083_b,2,0,0
IN01B083_c,4,0,0
IN01B084,8,0,0
IN01B085,2,0,0
IN01B086,2,0,0
IN01B087,2,0,0
IN01B088,1,0,0
IN01B090,17,0,0
IN01B091,3,0,0
IN01B092,3,0,0
IN01B093,2,0,0
IN01B094,2,0,0
IN01B095,31,0,0
IN01B097,5,0,0
IN01B098,4,0,0
IN01B099,4,0,0
IN01B100,4,0,0
IN01B101,1,0,0
IN01B102,1,0,0
IN02A003,4,0,0
IN02A004,2,0,0
IN02A007,4,0,0
IN02A008,2,0,0
IN02A010,6,0,0
IN02A011,2,0,0
IN02A012,4,0,0
IN02A013,2,0,0
IN02A014,2,0,0
IN02A015,6,0,0
IN02A018,2,0,0
IN02A019,4,0,0
IN02A020,6,0,0
IN02A021,2,0,0
IN02A023,8,0,0
IN02A024,2,0,0
IN02A026,2,0,0
IN02A028,2,0,0
IN02A029,16,0,0
IN02A030,14,0,0
IN02A031,2,0,0
IN02A032,2,0,0
IN02A033,12,0,0
IN02A034,4,0,0
IN02A035,4,0,0
IN02A036,4,0,0
IN02A037,2,0,0
IN02A038,4,0,0
IN02A040,4,0,0
IN02A041,2,0,0
IN02A042,4,0,0
IN02A043,6,0,0
IN02A044,10,0,0
IN02A045,6,0,0
IN02A047,8,0,0
IN02A048,6,0,0
IN02A049,9,0,0
IN02A050,4,0,0
IN02A051,2,0,0
IN02A052,6,0,0
IN02A053,2,0,0
IN02A054,14,0,0
IN02A055,5,0,0
IN02A056_a,4,0,0
IN02A056_b,2,0,0
IN02A056_c,2,0,0
IN02A057,6,0,0
IN02A058,8,0,0
IN02A059,12,0,0
IN02A060,4,0,0
IN02A061,2,0,0
IN02A062,8,0,0
IN02A063,4,0,0
IN02A064,6,0,0
IN02A065,2,0,0
IN02A066,11,0,0
IN02A067,3,0,0
IN03A001,4,0,0
IN03A003,2,0,0
IN03A004,6,0,0
IN03A005,2,0,0
IN03A006,6,0,0
IN03A007,6,0,0
IN03A009,4,0,0
IN03A010,6,0,0
IN03A011,2,0,0
IN03A012,2,0,0
IN03A013,4,0,0
IN03A014,6,0,0
IN03A015,2,0,0
IN03A017,4,0,0
IN03A018,3,0,0
IN03A019,6,0,0
IN03A020,6,0,0
IN03A021,1,0,0
IN03A022,4,0,0
IN03A023,2,0,0
IN03A024,4,0,0
IN03A025,2,0,0
IN03A026_a,2,0,0
IN03A026_b,2,0,0
IN03A026_c,4,0,0
IN03A026_d,2,0,0
IN03A027,6,0,0
IN03A028,3,0,0
IN03A029,6,0,0
IN03A030,11,0,0
IN03A031,10,0,0
IN03A032,4,0,0
IN03A033,8,0,0
IN03A034,4,0,0
IN03A035,4,0,0
IN03A036,7,0,0
IN03A037,10,0,0
IN03A038,4,0,0
IN03A039,11,0,0
IN03A040,6,0,0
IN03A041,4,0,0
IN03A042,2,0,0
IN03A043,2,0,0
IN03A044,5,0,0
IN03A045,15,0,0
IN03A046,14,0,0
IN03A047,6,0,0
IN03A048,3,0,0
IN03A049,2,0,0
IN03A050,2,0,0
IN03A051,10,0,0
IN03A052,10,0,0
IN03A053,6,0,0
IN03A054,6,0,0
IN03A055,11,0,0
IN03A056,1,0,0
IN03A057,6,0,0
IN03A058,5,0,0
IN03A059,10,0,0
IN03A060,9,0,0
IN03A061,1,0,0
IN03A062_a,2,0,0
IN03A062_b,4,0,0
IN03A062_c,4,0,0
IN03A062_d,2,0,0
IN03A062_e,7,0,0
IN03A062_f,2,0,0
IN03A062_g,1,0,0
IN03A062_h,2,0,0
IN03A063,2,0,0
IN03A064,10,0,0
IN03A065,7,0,0
IN03A066,9,0,0
IN03A067,13,0,0
IN03A068,11,0,0
IN03A069,9,0,0
IN03A070,4,0,0
IN03A071,19,0,0
IN03A072,2,0,0
IN03A073,11,0,0
IN03A074,2,0,0
IN03A075,11,0,0
IN03A076,2,0,0
IN03A077,8,0,0
IN03A078,5,0,0
IN03A079,2,0,0
IN03A080,4,0,0
IN03A081,8,0,0
IN03A082,4,0,0
IN03A083,3,0,0
IN03A084,6,0,0
IN03A085,6,0,0
IN03A087,5,0,0
"IN03A087,IN03A092",4,0,0
IN03A088,4,0,0
IN03A089,10,0,0
IN03A090,2,0,0
IN03A091,8,0,0
IN03A092,6,0,0
IN03A093,7,0,0
IN03A094,14,0,0
IN03A095,2,0,0
IN03A096,4,0,0
IN03A097,5,0,0
IN03B001,2,0,0
IN03B005,2,0,0
IN03B008,2,0,0
IN03B011,2,0,0
IN03B012,4,0,0
IN03B015,4,0,0
IN03B016,2,0,0
IN03B019,4,0,0
IN03B020,4,0,0
IN03B021,6,0,0
IN03B022,2,0,0
IN03B024,2,0,0
IN03B025,2,0,0
IN03B028,2,0,0
IN03B029,2,0,0
IN03B031,2,0,0
IN03B032,4,0,0
IN03B034,2,0,0
IN03B035,8,0,0
IN03B036,2,0,0
IN03B037,2,0,0
IN03B038,2,0,0
IN03B042,6,0,0
IN03B043,4,0,0
IN03B045,2,0,0
IN03B046,4,0,0
IN03B049,4,0,0
IN03B051,2,0,0
IN03B052,6,0,0
IN03B053,4,0,0
IN03B054,6,0,0
IN03B055,12,0,0
IN03B056,6,0,0
IN03B057,4,0,0
IN03B058,21,0,0
IN03B059,4,0,0
IN03B060,30,0,0
IN03B061,12,0,0
IN03B062,4,0,0
IN03B063,6,0,0
IN03B064,9,0,0
IN03B065,4,0,0
IN03B066,17,0,0
IN03B067,4,0,0
IN03B068,1,0,0
IN03B069,14,0,0
IN03B070,9,0,0
IN03B071,12,0,0
IN03B072,14,0,0
IN03B073,2,0,0
IN03B074,8,0,0
IN03B075,4,0,0
IN03B076,2,0,0
IN03B077,8,0,0
IN03B078,4,0,0
IN03B079,8,0,0
IN03B080,7,0,0
IN03B081,6,0,0
"IN03B082,IN03B093",4,0,0
IN03B083,8,0,0
IN03B084,6,0,0
IN03B085,3,0,0
IN03B086_a,3,0,0
IN03B086_b,3,0,0
IN03B086_c,2,0,0
IN03B086_d,9,0,0
IN03B086_e,3,0,0
IN03B088,9,0,0
IN03B089,18,0,0
IN03B090,6,0,0
IN03B091,13,0,0
IN03B092,5,0,0
IN03B094,1,0,0
IN04A002,6,0,0
IN04B001,2,0,0
IN04B002,2,0,0
IN04B004,2,0,0
IN04B005,2,0,0
IN04B006,2,0,0
IN04B007,2,0,0
IN04B008,6,0,0
IN04B009,5,0,0
IN04B010,7,0,0
IN04B011,5,0,0
IN04B012,3,0,0
IN04B013,9,0,0
IN04B014,2,0,0
IN04B015,9,0,0
IN04B016,2,0,0
IN04B017,10,0,0
IN04B018,11,0,0
IN04B019,2,0,0
IN04B020,2,0,0
IN04B021,1,0,0
IN04B022,4,0,0
IN04B024,5,0,0
IN04B025,5,0,0
IN04B026,4,0,0
IN04B027,6,0,0
IN04B028,4,0,0
IN04B029,5,0,0
IN04B030,3,0,0
IN04B031,9,0,0
IN04B032,10,0,0
IN04B033,4,0,0
IN04B034,4,0,0
IN04B035,2,0,0
IN04B036,10,0,0
IN04B037,6,0,0
IN04B038,2,0,0
IN04B039,2,0,0
IN04B041,5,0,0
IN04B042,2,0,0
IN04B043_a,2,0,0
IN04B043_b,2,0,0
IN04B044,6,0,0
IN04B046,4,0,0
IN04B047,2,0,0
IN04B048,8,0,0
IN04B049_a,2,0,0
IN04B049_b,2,0,0
IN04B049_c,2,0,0
IN04B050,4,0,0
IN04B052,2,0,0
IN04B053,4,0,0
IN04B054_a,2,0,0
IN04B054_b,4,0,0
IN04B054_c,3,0,0
IN04B055,2,0,0
IN04B056,2,0,0
IN04B057,3,0,0
IN04B058,2,0,0
IN04B059,4,0,0
IN04B060,5,0,0
IN04B061,2,0,0
IN04B062,6,0,0
IN04B063,6,0,0
IN04B064,4,0,0
IN04B066,4,0,0
IN04B067,5,0,0
IN04B068,14,0,0
IN04B069,2,0,0
IN04B070,5,0,0
IN04B071,7,0,0
IN04B072,2,0,0
IN04B073,2,0,0
IN04B074,23,0,0
IN04B075,2,0,0
IN04B076,5,0,0
IN04B077,8,0,0
IN04B078,14,0,0
IN04B079,7,0,0
IN04B080,4,0,0
IN04B081,16,0,0
IN04B082,1,0,0
IN04B083,2,0,0
IN04B084,6,0,0
IN04B085,3,0,0
IN04B086,3,0,0
IN04B087,4,0,0
IN04B088,4,0,0
IN04B089,3,0,0
IN04B090,4,0,0
IN04B091,6,0,0
IN04B092,7,0,0
IN04B093,1,0,0
IN04B094,4,0,0
IN04B095,4,0,0
IN04B096,4,0,0
IN04B097,3,0,0
IN04B098,4,0,0
IN04B099,2,0,0
IN04B100,16,0,0
IN04B101,7,0,0
IN04B102,13,0,0
IN04B103,7,0,0
IN04B104,7,0,0
IN04B105,8,0,0
IN04B106,3,0,0
IN04B107,5,0,0
IN04B108,8,0,0
IN04B109,1,0,0
IN04B110,4,0,0
IN04B111,4,0,0
IN04B112,8,0,0
"IN04B113,IN04B114",5,0,0
IN04B115,2,0,0
IN05B001,2,0,0
IN05B002,2,0,0
IN05B003,2,0,0
IN05B005,2,0,0
IN05B008,2,0,0
IN05B010,4,0,0
IN05B011a,2,0,0
IN05B011b,2,0,0
IN05B012,2,0,0
IN05B013,2,0,0
IN05B016,4,0,0
IN05B017,6,0,0
IN05B018,2,0,0
IN05B019,2,0,0
IN05B020,2,0,0
IN05B021,2,0,0
IN05B022,4,0,0
IN05B024,2,0,0
IN05B028,6,0,0
IN05B030,2,0,0
IN05B031,2,0,0
IN05B032,4,0,0
IN05B033,4,0,0
IN05B034,2,0,0
IN05B036,2,0,0
IN05B037,2,0,0
IN05B038,2,0,0
IN05B039,2,0,0
IN05B041,2,0,0
IN05B042,4,0,0
IN05B043,2,0,0
IN05B051,2,0,0
IN05B055,1,0,0
IN05B057,3,0,0
IN05B061,3,0,0
IN05B064_a,2,0,0
IN05B064_b,4,0,0
IN05B065,5,0,0
IN05B066,4,0,0
IN05B070,6,0,0
IN05B072_a,3,0,0
IN05B072_b,2,0,0
IN05B072_c,1,0,0
IN05B073,2,0,0
IN05B074,2,0,0
IN05B075,3,0,0
IN05B077,1,0,0
IN05B080,2,0,0
IN05B082,1,0,0
IN05B084,2,0,0
IN05B085,4,0,0
IN05B086,2,0,0
IN05B087,2,0,0
IN05B088,6,0,0
IN05B089,4,0,0
IN05B090,14,0,0
IN05B091,9,0,0
IN05B092,2,0,0
IN05B093,2,0,0
IN05B094,2,0,0
IN06A002,2,0,0
IN06A003,4,0,0
IN06A004,2,0,0
IN06A005,2,0,0
IN06A006,2,0,0
IN06A008,2,0,0
IN06A009,2,0,0
IN06A011,6,0,0
IN06A012,2,0,0
IN06A013,2,0,0
IN06A014,2,0,0
IN06A016,2,0,0
IN06A018,2,0,0
IN06A019,8,0,0
IN06A020,4,0,0
IN06A021,2,0,0
IN06A022,13,0,0
IN06A023,2,0,0
IN06A024,2,0,0
IN06A025,2,0,0
IN06A028,3,0,0
IN06A031,2,0,0
IN06A032,2,0,0
IN06A033,4,0,0
IN06A034,2,0,0
IN06A035,2,0,0
IN06A036,2,0,0
IN06A037,2,0,0
IN06A038,2,0,0
IN06A039,2,0,0
IN06A040,2,0,0
IN06A042,6,0,0
IN06A043,2,0,0
IN06A044,7,0,0
IN06A045,2,0,0
IN06A046,2,0,0
IN06A047,2,0,0
IN06A048,2,0,0
IN06A049,2,0,0
IN06A050,4,0,0
IN06A051,2,0,0
IN06A052,4,0,0
IN06A054,4,0,0
IN06A055,2,0,0
IN06A056,2,0,0
IN06A057,3,0,0
IN06A058,2,0,0
IN06A059,22,0,0
IN06A061,5,0,0
IN06A063,8,0,0
IN06A064,6,0,0
IN06A065,4,0,0
IN06A066,6,0,0
IN06A067_a,2,0,0
IN06A067_b,2,0,0
IN06A067_c,2,0,0
IN06A067_d,2,0,0
IN06A067_e,2,0,0
IN06A069,2,0,0
IN06A070,6,0,0
IN06A071,4,0,0
IN06A072,6,0,0
IN06A073,2,0,0
IN06A074,2,0,0
IN06A075,14,0,0
IN06A076_a,2,0,0
IN06A076_b,2,0,0
IN06A076_c,2,0,0
IN06A077,5,0,0
IN06A078,2,0,0
IN06A079,5,0,0
IN06A081,2,0,0
IN06A082,18,0,0
IN06A083,8,0,0
IN06A084,2,0,0
IN06A085,2,0,0
IN06A086,5,0,0
IN06A087,4,0,0
IN06A088,4,0,0
IN06A089,2,0,0
IN06A090,4,0,0
IN06A091,4,0,0
IN06A093,4,0,0
IN06A094,8,0,0
IN06A096,6,0,0
IN06A097,4,0,0
IN06A098,4,0,0
IN06A099,7,0,0
IN06A100,4,0,0
IN06A101,2,0,0
IN06A102,10,0,0
IN06A103,6,0,0
IN06A104,10,0,0
IN06A105,2,0,0
IN06A106,10,0,0
IN06A107,2,0,0
IN06A108,6,0,0
IN06A109,6,0,0
IN06A110,7,0,0
IN06A111,4,0,0
IN06A113,15,0,0
IN06A114,2,0,0
IN06A115,4,0,0
IN06A116,11,0,0
IN06A117,10,0,0
IN06A119,4,0,0
IN06A120_a,2,0,0
IN06A120_b,2,0,0
IN06A120_c,2,0,0
IN06A121,2,0,0
IN06A122,3,0,0
IN06A123,2,0,0
IN06A124,8,0,0
IN06A125,6,0,0
"IN06A126,IN06A137",8,0,0
IN06A127,2,0,0
IN06A128,2,0,0
IN06A129,4,0,0
IN06A132,13,0,0
IN06A133,1,0,0
IN06A134,1,0,0
IN06A135,5,0,0
IN06A136,8,0,0
IN06A137,2,0,0
IN06A138,7,0,0
IN06A139,3,0,0
IN06A140,6,0,0
IN06B001,1,0,0
IN06B003,2,0,0
IN06B006,2,0,0
IN06B008,6,0,0
IN06B012,2,0,0
IN06B013,4,0,0
IN06B014,2,0,0
IN06B015,2,0,0
IN06B016,4,0,0
IN06B017,10,0,0
IN06B018,2,0,0
IN06B019,2,0,0
IN06B020,2,0,0
IN06B021,1,0,0
IN06B022,2,0,0
IN06B024,4,0,0
IN06B025,2,0,0
IN06B027,2,0,0
IN06B028,4,0,0
IN06B029,12,0,0
IN06B030,4,0,0
IN06B032,2,0,0
IN06B033,4,0,0
IN06B035,4,0,0
IN06B036,5,0,0
IN06B038,4,0,0
IN06B040,6,0,0
IN06B042,4,0,0
IN06B043,7,0,0
IN06B047,17,0,0
IN06B049,2,0,0
IN06B050,3,0,0
IN06B052,5,0,0
IN06B053,4,0,0
IN06B054,2,0,0
IN06B055,4,0,0
IN06B056,9,0,0
IN06B058,6,0,0
IN06B059,14,0,0
IN06B061,6,0,0
IN06B062,2,0,0
IN06B063,10,0,0
IN06B064,9,0,0
IN06B065,6,0,0
IN06B066,25,0,0
IN06B067,4,0,0
IN06B069,9,0,0
IN06B070,8,0,0
IN06B071,6,0,0
IN06B072,5,0,0
IN06B073,12,0,0
IN06B074,10,0,0
IN06B076,6,0,0
IN06B077,7,0,0
IN06B078,9,0,0
IN06B079,12,0,0
IN06B080,9,0,0
IN06B081,8,0,0
IN06B082,6,0,0
IN06B083,4,0,0
IN06B085,8,0,0
IN06B086,7,0,0
IN06B087,6,0,0
IN06B088,2,0,0
IN07B001,4,0,0
IN07B002,6,0,0
IN07B006,6,0,0
IN07B007,6,0,0
IN07B008,2,0,0
IN07B009,4,0,0
IN07B010,2,0,0
IN07B012,4,0,0
IN07B013,2,0,0
IN07B014,2,0,0
IN07B016,2,0,0
IN07B019,2,0,0
IN07B020,2,0,0
IN07B022,2,0,0
IN07B023,4,0,0
IN07B026,2,0,0
IN07B027,4,0,0
IN07B028,2,0,0
IN07B029,6,0,0
IN07B030,4,0,0
IN07B031,4,0,0
IN07B032,2,0,0
IN07B033,4,0,0
IN07B034,2,0,0
IN07B038,4,0,0
IN07B039,4,0,0
IN07B044,6,0,0
IN07B045,2,0,0
IN07B047,2,0,0
IN07B048,6,0,0
IN07B051,2,0,0
IN07B053,2,0,0
IN07B054,9,0,0
IN07B055,9,0,0
IN07B058,4,0,0
IN07B059,2,0,0
IN07B061,10,0,0
IN07B063,4,0,0
IN07B064,4,0,0
IN07B065,11,0,0
IN07B066,9,0,0
IN07B067,4,0,0
IN07B068,6,0,0
IN07B073_a,5,0,0
IN07B073_b,5,0,0
IN07B073_c,4,0,0
IN07B073_d,3,0,0
IN07B073_e,5,0,0
IN07B073_f,1,0,0
IN07B074,4,0,0
IN07B075,10,0,0
IN07B076_a,2,0,0
IN07B076_b,3,0,0
IN07B076_c,3,0,0
IN07B076_d,2,0,0
IN07B077,6,0,0
IN07B079,10,0,0
IN07B080,7,0,0
IN07B081,10,0,0
IN07B083_a,2,0,0
IN07B083_b,6,0,0
IN07B083_c,2,0,0
IN07B083_d,2,0,0
IN07B084,4,0,0
IN07B086,10,0,0
IN07B087,12,0,0
IN07B090,6,0,0
IN07B092_a,4,0,0
IN07B092_b,2,0,0
IN07B092_c,3,0,0
IN07B092_d,4,0,0
IN07B092_e,2,0,0
IN07B093,1,0,0
IN07B094_a,3,0,0
IN07B094_b,6,0,0
IN07B094_c,1,0,0
IN07B096_a,5,0,0
IN07B096_b,8,0,0
IN07B096_c,4,0,0
IN07B096_d,3,0,0
IN07B098,18,0,0
IN07B099,9,0,0
IN07B100,9,0,0
IN07B102,12,0,0
IN07B103,4,0,0
IN07B104,2,0,0
IN08A002,6,0,0
IN08A003,2,0,0
IN08A005,6,0,0
IN08A006,6,0,0
IN08A007,6,0,0
IN08A008,6,0,0
IN08A010,2,0,0
IN08A011,14,0,0
IN08A012,2,0,0
IN08A016,4,0,0
IN08A017,4,0,0
IN08A019,12,0,0
IN08A021,4,0,0
IN08A022,6,0,0
IN08A023,7,0,0
IN08A024,6,0,0
IN08A025,2,0,0
IN08A026,24,0,0
"IN08A026,IN08A033",3,0,0
IN08A027,5,0,0
IN08A028,12,0,0
IN08A029,5,0,0
IN08A030,11,0,0
IN08A031,10,0,0
IN08A032,7,0,0
IN08A034,10,0,0
IN08A035,7,0,0
IN08A036,28,0,0
IN08A037,8,0,0
IN08A038,4,0,0
IN08A039,4,0,0
IN08A040,5,0,0
IN08A041,14,0,0
IN08A042,2,0,0
IN08A043,20,0,0
IN08A044,2,0,0
IN08A045,6,0,0
IN08A046,7,0,0
IN08A047,10,0,0
IN08A048,9,0,0
IN08A049,4,0,0
IN08A050,9,0,0
IN08B001,2,0,0
IN08B003,2,0,0
IN08B004,4,0,0
IN08B006,2,0,0
IN08B008,7,0,0
IN08B017,2,0,0
IN08B019,2,0,0
IN08B021,2,0,0
IN08B029,2,0,0
IN08B030,4,0,0
IN08B033,2,0,0
IN08B035,2,0,0
IN08B036,8,0,0
IN08B037,6,0,0
IN08B038,2,0,0
IN08B039,1,0,0
IN08B040,6,0,0
IN08B042,6,0,0
IN08B045,2,0,0
IN08B046,4,0,0
IN08B051_a,3,0,0
IN08B051_b,2,0,0
IN08B051_c,3,0,0
IN08B051_d,4,0,0
IN08B051_e,2,0,0
IN08B052,2,0,0
IN08B054,12,0,0
IN08B055,4,0,0
IN08B056,8,0,0
IN08B058,4,0,0
IN08B060,4,0,0
IN08B062,7,0,0
IN08B063,5,0,0
IN08B064,4,0,0
IN08B065,6,0,0
IN08B067,4,0,0
IN08B068,6,0,0
IN08B070_a,4,0,0
IN08B070_b,7,0,0
IN08B072,3,0,0
IN08B073,2,0,0
IN08B075,2,0,0
IN08B076,2,0,0
IN08B077,4,0,0
IN08B078,4,0,0
IN08B080,2,0,0
IN08B082,8,0,0
IN08B083_a,4,0,0
IN08B083_b,2,0,0
IN08B083_c,2,0,0
IN08B083_d,3,0,0
IN08B085_a,9,0,0
IN08B087,4,0,0
IN08B088,4,0,0
IN08B090,2,0,0
IN08B091,7,0,0
IN08B092,4,0,0
IN08B093,12,0,0
IN08B104,6,0,0
IN08B105,1,0,0
IN08B108,5,0,0
IN09A001,6,0,0
IN09A002,6,0,0
IN09A003,6,0,0
IN09A004,4,0,0
IN09A005,7,0,0
IN09A006,8,0,0
IN09A007,4,0,0
IN09A009,4,0,0
IN09A010,6,0,0
IN09A011,2,0,0
IN09A012,6,0,0
IN09A013,6,0,0
IN09A014,6,0,0
IN09A015,2,0,0
IN09A016,6,0,0
IN09A017,6,0,0
IN09A018,6,0,0
IN09A019,6,0,0
IN09A020,6,0,0
IN09A021,6,0,0
IN09A022,12,0,0
IN09A023,4,0,0
IN09A024,7,0,0
"IN09A025,IN09A026",4,0,0
IN09A026,5,0,0
IN09A027,6,0,0
IN09A028,2,0,0
IN09A029,4,0,0
IN09A030,4,0,0
IN09A031,6,0,0
IN09A032,3,0,0
IN09A033,7,0,0
IN09A034,4,0,0
IN09A035,2,0,0
IN09A037,4,0,0
IN09A038,3,0,0
IN09A039,18,0,0
IN09A041,2,0,0
IN09A042,6,0,0
IN09A043,18,0,0
IN09A044,6,0,0
IN09A045,6,0,0
IN09A046,12,0,0
IN09A047,9,0,0
IN09A048,4,0,0
IN09A049,6,0,0
IN09A050,5,0,0
IN09A051,2,0,0
IN09A052,4,0,0
IN09A053,4,0,0
IN09A054,6,0,0
IN09A055,10,0,0
IN09A056,2,0,0
"IN09A056,IN09A072",9,0,0
IN09A057,6,0,0
IN09A058,4,0,0
IN09A059,2,0,0
IN09A060,12,0,0
IN09A061,2,0,0
IN09A062,2,0,0
IN09A063,6,0,0
IN09A064,13,0,0
IN09A065,2,0,0
IN09A066,6,0,0
IN09A067,2,0,0
IN09A068,2,0,0
IN09A069,7,0,0
IN09A070,6,0,0
IN09A071,9,0,0
IN09A073,6,0,0
IN09A074,9,0,0
IN09A075,2,0,0
IN09A076,4,0,0
IN09A077,4,0,0
IN09A078,6,0,0
IN09A079,11,0,0
"IN09A080,IN09A085",7,0,0
IN09A081,5,0,0
IN09A082,3,0,0
IN09A083,7,0,0
IN09A084,2,0,0
IN09A086,5,0,0
IN09A087,3,0,0
IN09A088,5,0,0
IN09A089,2,0,0
IN09A090,7,0,0
IN09A091,6,0,0
IN09A092,12,0,0
IN09A093,11,0,0
IN09A094,5,0,0
IN09A095,8,0,0
IN09A096,9,0,0
IN09B005,6,0,0
IN09B006,4,0,0
IN09B008,6,0,0
IN09B014,2,0,0
IN09B018,2,0,0
IN09B022,4,0,0
IN09B038,12,0,0
IN09B043,6,0,0
IN09B044,4,0,0
IN09B045,6,0,0
IN09B046,6,0,0
IN09B047,6,0,0
IN09B048,2,0,0
IN09B049,6,0,0
IN09B050,4,0,0
IN09B052_a,2,0,0
IN09B052_b,2,0,0
IN09B053,4,0,0
IN09B054,5,0,0
IN09B055,2,0,0
IN09B058,2,0,0
IN10B001,2,0,0
IN10B002,2,0,0
IN10B003,2,0,0
IN10B004,2,0,0
IN10B006,2,0,0
IN10B007,4,0,0
IN10B010,2,0,0
IN10B011,4,0,0
IN10B012,4,0,0
IN10B013,2,0,0
IN10B014,6,0,0
IN10B016,2,0,0
IN10B023,4,0,0
IN10B028,9,0,0
IN10B030,7,0,0
IN10B031,4,0,0
IN10B032,19,0,0
IN10B033,6,0,0
IN10B034,1,0,0
IN10B036,4,0,0
IN10B038,7,0,0
IN10B040,5,0,0
IN10B041,13,0,0
IN10B042,19,0,0
IN10B043,4,0,0
IN10B044,11,0,0
IN10B050,10,0,0
IN10B052,6,0,0
IN10B054,6,0,0
IN10B055,18,0,0
IN10B057,27,0,0
IN10B058,27,0,0
IN10B059,13,0,0
IN11A001,2,0,0
IN11A002,4,0,0
IN11A003,8,0,0
IN11A004,3,0,0
IN11A005,5,0,0
IN11A006,4,0,0
IN11A007,5,0,0
IN11A008,7,0,0
IN11A009,1,0,0
IN11A010,4,0,0
IN11A011,4,0,0
IN11A012,3,0,0
IN11A013,2,0,0
IN11A014,6,0,0
"IN11A015,IN11A027",4,0,0
IN11A016,4,0,0
IN11A017,3,0,0
IN11A018,4,0,0
IN11A019,4,0,0
IN11A020,6,0,0
IN11A021,12,0,0
IN11A022,6,0,0
IN11A025,6,0,0
IN11A026,2,0,0
IN11A027_a,2,0,0
IN11A027_b,2,0,0
IN11A027_c,2,0,0
IN11A028,6,0,0
IN11A030,4,0,0
IN11A031,4,0,0
IN11A032_a,3,0,0
IN11A032_b,2,0,0
IN11A032_c,2,0,0
IN11A032_d,4,0,0
IN11A032_e,3,0,0
IN11A034,4,0,0
IN11A035,2,0,0
IN11A036,4,0,0
IN11A037_a,2,0,0
IN11A037_b,2,0,0
IN11A039,2,0,0
IN11A040,3,0,0
IN11A041,2,0,0
IN11A042,2,0,0
IN11A043,5,0,0
IN11A044,4,0,0
IN11A046,2,0,0
IN11A047,2,0,0
IN11A048,2,0,0
IN11A049,2,0,0
IN11B001,6,0,0
IN11B002,2,0,0
IN11B003,4,0,0
IN11B004,2,0,0
IN11B005,2,0,0
IN11B009,4,0,0
IN11B011,2,0,0
IN11B012,2,0,0
IN11B013,10,0,0
IN11B014,9,0,0
IN11B015,8,0,0
IN11B016_a,2,0,0
IN11B016_b,4,0,0
IN11B016_c,3,0,0
IN11B017_a,4,0,0
IN11B017_b,12,0,0
IN11B018,11,0,0
IN11B019,8,0,0
IN11B020,10,0,0
IN11B021_a,3,0,0
IN11B021_b,5,0,0
IN11B021_c,4,0,0
IN11B021_d,2,0,0
IN11B021_e,4,0,0
IN11B022_a,4,0,0
IN11B022_b,2,0,0
IN11B022_c,8,0,0
IN11B022_d,2,0,0
IN11B022_e,2,0,0
IN11B023,10,0,0
IN11B024_a,2,0,0
IN11B024_b,4,0,0
IN11B024_c,4,0,0
IN11B025,8,0,0
IN12A001,4,0,0
IN12A002,4,0,0
IN12A003,4,0,0
IN12A004,2,0,0
IN12A005,2,0,0
IN12A006,2,0,0
IN12A007,2,0,0
IN12A008,2,0,0
IN12A009,2,0,0
IN12A010,2,0,0
IN12A011,4,0,0
IN12A012,2,0,0
IN12A013,2,0,0
IN12A015,4,0,0
IN12A016,2,0,0
IN12A018,4,0,0
IN12A019_a,2,0,0
IN12A019_b,2,0,0
IN12A019_c,2,0,0
IN12A021_a,2,0,0
IN12A021_b,2,0,0
IN12A021_c,2,0,0
IN12A024,2,0,0
IN12A025,4,0,0
IN12A026,2,0,0
IN12A027,6,0,0
IN12A029_a,2,0,0
IN12A029_b,2,0,0
IN12A030,5,0,0
IN12A031,2,0,0
IN12A034,2,0,0
IN12A035,6,0,0
IN12A036,8,0,0
IN12A037,4,0,0
IN12A039,4,0,0
IN12A041,4,0,0
IN12A042,8,0,0
IN12A043_a,2,0,0
IN12A043_b,2,0,0
IN12A043_c,2,0,0
IN12A043_d,4,0,0
IN12A044,10,0,0
IN12A046_a,2,0,0
IN12A046_b,2,0,0
IN12A048,2,0,0
IN12A050_a,2,0,0
IN12A050_b,4,0,0
IN12A052_a,2,0,0
IN12A052_b,6,0,0
IN12A053_a,3,0,0
IN12A053_b,2,0,0
IN12A053_c,4,0,0
IN12A054,11,0,0
IN12A055,2,0,0
IN12A056,3,0,0
IN12A057_a,4,0,0
IN12A057_b,2,0,0
IN12A058,4,0,0
IN12A059_a,2,0,0
IN12A059_b,2,0,0
IN12A059_c,2,0,0
IN12A059_d,2,0,0
IN12A059_e,4,0,0
IN12A059_f,2,0,0
IN12A059_g,2,0,0
IN12A060_a,2,0,0
IN12A060_b,2,0,0
IN12A061_a,3,0,0
IN12A061_c,4,0,0
IN12A061_d,3,0,0
IN12A062,6,0,0
IN12A063_a,4,0,0
IN12A063_b,6,0,0
IN12A063_c,4,0,0
IN12A063_d,2,0,0
IN12A063_e,2,0,0
IN12A064,7,0,0
IN12B002,6,0,0
IN12B003,6,0,0
IN12B004,2,0,0
IN12B005,4,0,0
IN12B007,6,0,0
IN12B009,2,0,0
IN12B010,2,0,0
IN12B011,4,0,0
IN12B012,6,0,0
IN12B013,4,0,0
IN12B014,4,0,0
IN12B015,2,0,0
IN12B016,2,0,0
IN12B018,6,0,0
IN12B020,8,0,0
IN12B021,1,0,0
IN12B022,6,0,0
IN12B023,8,0,0
IN12B024_a,6,0,0
IN12B024_b,6,0,0
IN12B024_c,6,0,0
IN12B025,12,0,0
IN12B026,6,0,0
IN12B027,11,0,0
IN12B028,4,0,0
IN12B029,5,0,0
IN12B030,12,0,0
IN12B031,7,0,0
IN12B032,4,0,0
IN12B033,5,0,0
IN12B034,10,0,0
IN12B035,8,0,0
IN12B036,14,0,0
IN12B037_a,2,0,0
IN12B037_b,2,0,0
IN12B037_c,2,0,0
IN12B037_d,2,0,0
IN12B037_e,2,0,0
IN12B037_f,2,0,0
IN12B038,8,0,0
IN12B039,7,0,0
IN12B040,5,0,0
IN12B041,4,0,0
IN12B042,4,0,0
IN12B043,6,0,0
IN12B044_a,2,0,0
IN12B044_b,2,0,0
IN12B044_c,2,0,0
IN12B044_d,2,0,0
IN12B044_e,6,0,0
IN12B045,4,0,0
IN12B046,2,0,0
IN12B047,4,0,0
IN12B048,11,0,0
IN12B049,5,0,0
IN12B050,2,0,0
IN12B051,4,0,0
IN12B052,8,0,0
IN12B053,8,0,0
IN12B054,6,0,0
IN12B056,10,0,0
IN12B057,4,0,0
IN12B058,8,0,0
IN12B059,10,0,0
IN12B060,2,0,0
IN12B061,3,0,0
IN12B062,4,0,0
IN12B063_a,2,0,0
IN12B063_b,2,0,0
IN12B063_c,6,0,0
IN12B064,2,0,0
IN12B065,7,0,0
IN12B066_a,2,0,0
IN12B066_b,2,0,0
IN12B066_c,3,0,0
IN12B066_d,2,0,0
IN12B066_e,2,0,0
IN12B066_f,2,0,0
IN12B066_g,1,0,0
IN12B068_a,6,0,0
IN12B068_b,3,0,0
IN12B068_c,1,0,0
IN12B069,6,0,0
IN12B070,2,0,0
IN12B071,8,0,0
IN12B072,14,0,0
IN12B073,4,0,0
IN12B074,7,0,0
IN12B075,8,0,0
IN12B077,4,0,0
IN12B078,4,0,0
IN12B079_a,2,0,0
IN12B079_b,2,0,0
IN12B079_c,6,0,0
IN12B079_d,2,0,0
IN12B081,8,0,0
IN12B082,2,0,0
IN12B083,2,0,0
IN12B084,3,0,0
IN12B085,2,0,0
IN12B086,6,0,0
IN12B087,4,0,0
IN12B088,6,0,0
IN12B090,2,0,0
IN12B091,2,0,0
IN12B092,2,0,0
IN13A001,6,0,0
IN13A002,6,0,0
IN13A003,6,0,0
IN13A004,4,0,0
IN13A005,6,0,0
IN13A006,6,0,0
IN13A007,6,0,0
IN13A008,6,0,0
IN13A009,6,0,0
IN13A010,6,0,0
IN13A011,2,0,0
IN13A012,6,0,0
IN13A013,4,0,0
IN13A014,6,0,0
IN13A015,5,0,0
IN13A017,2,0,0
IN13A018,6,0,0
IN13A019,6,0,0
IN13A020,8,0,0
IN13A021,6,0,0
IN13A022,8,0,0
IN13A023,4,0,0
IN13A024,6,0,0
IN13A025,4,0,0
IN13A026,2,0,0
IN13A027,4,0,0
IN13A028,7,0,0
IN13A029,9,0,0
IN13A030,9,0,0
IN13A031,2,0,0
IN13A032,4,0,0
IN13A033,2,0,0
IN13A034,8,0,0
IN13A035,10,0,0
IN13A036,7,0,0
IN13A037,4,0,0
IN13A038,13,0,0
IN13A039,2,0,0
IN13A040,8,0,0
IN13A041,7,0,0
IN13A042,6,0,0
IN13A043,5,0,0
IN13A044,6,0,0
IN13A045,16,0,0
IN13A046,7,0,0
IN13A047,9,0,0
IN13A049,8,0,0
IN13A050,14,0,0
IN13A051,12,0,0
IN13A052,4,0,0
IN13A053,4,0,0
IN13A054,6,0,0
IN13A055,8,0,0
IN13A056,2,0,0
IN13A057,10,0,0
IN13A058,4,0,0
IN13A059,13,0,0
IN13A060,7,0,0
IN13A061,6,0,0
IN13A062,12,0,0
IN13A063,3,0,0
IN13A064,2,0,0
IN13A065,2,0,0
IN13A067,5,0,0
IN13A068,13,0,0
IN13A069,3,0,0
IN13A071,4,0,0
IN13A072,4,0,0
IN13A073,1,0,0
IN13A074,2,0,0
IN13A075,5,0,0
IN13B001,6,0,0
IN13B004,6,0,0
IN13B005,6,0,0
IN13B006,6,0,0
IN13B007,2,0,0
IN13B008,2,0,0
IN13B009,6,0,0
IN13B010,5,0,0
IN13B011,6,0,0
IN13B012,6,0,0
IN13B013,6,0,0
IN13B014,6,0,0
IN13B015,2,0,0
IN13B017,6,0,0
IN13B018,6,0,0
IN13B019,6,0,0
IN13B020,2,0,0
IN13B021,6,0,0
IN13B022,11,0,0
IN13B023,6,0,0
IN13B024,2,0,0
IN13B025,7,0,0
IN13B026,9,0,0
IN13B027,7,0,0
IN13B028,5,0,0
IN13B029,6,0,0
IN13B030,4,0,0
IN13B031,3,0,0
IN13B032,7,0,0
IN13B033,8,0,0
IN13B034,4,0,0
IN13B035,8,0,0
IN13B036,6,0,0
IN13B037,4,0,0
IN13B038,2,0,0
IN13B039,2,0,0
IN13B040,2,0,0
IN13B041,2,0,0
IN13B042,5,0,0
IN13B043,2,0,0
IN13B044,9,0,0
IN13B045,7,0,0
IN13B046,4,0,0
IN13B048,2,0,0
IN13B049,2,0,0
IN13B050,8,0,0
IN13B051,2,0,0
IN13B052,5,0,0
IN13B053,2,0,0
IN13B054,6,0,0
IN13B055,5,0,0
IN13B056,10,0,0
IN13B057,6,0,0
IN13B058,10,0,0
IN13B059,2,0,0
IN13B060,4,0,0
IN13B061,2,0,0
IN13B062,3,0,0
IN13B063,2,0,0
IN13B064,6,0,0
IN13B065,8,0,0
IN13B066,2,0,0
IN13B067,2,0,0
IN13B068,2,0,0
IN13B069,3,0,0
IN13B070,6,0,0
IN13B071,1,0,0
IN13B072,2,0,0
IN13B073,2,0,0
IN13B074,6,0,0
IN13B075,2,0,0
IN13B076,6,0,0
IN13B077,2,0,0
IN13B078,11,0,0
IN13B079,10,0,0
IN13B080,4,0,0
IN13B081,2,0,0
IN13B082,2,0,0
IN13B084,2,0,0
IN13B085,2,0,0
IN13B087,8,0,0
IN13B088,4,0,0
IN13B089,2,0,0
IN13B090,12,0,0
IN13B091,1,0,0
IN13B093,7,0,0
IN13B094,1,0,0
IN13B096_a,4,0,0
IN13B096_b,2,0,0
IN13B097,6,0,0
IN13B098,5,0,0
IN13B099,2,0,0
IN13B100,1,0,0
IN13B102,2,0,0
IN13B103,2,0,0
IN13B104,2,0,0
IN13B105,1,0,0
IN14A001,6,0,0
IN14A002,6,0,0
IN14A004,6,0,0
IN14A005,6,0,0
IN14A006,6,0,0
IN14A007,6,0,0
IN14A008,6,0,0
IN14A009,6,0,0
IN14A010,6,0,0
IN14A011,6,0,0
IN14A012,6,0,0
IN14A013,6,0,0
IN14A014,6,0,0
IN14A015,12,0,0
IN14A016,2,0,0
IN14A017,7,0,0
IN14A018,7,0,0
IN14A020,11,0,0
IN14A021,5,0,0
IN14A022,2,0,0
IN14A023,10,0,0
IN14A024,6,0,0
IN14A025,6,0,0
IN14A026,4,0,0
IN14A028,7,0,0
IN14A029,10,0,0
IN14A030,2,0,0
IN14A031,3,0,0
IN14A032,4,0,0
IN14A033,2,0,0
IN14A034,5,0,0
IN14A035,4,0,0
IN14A036,3,0,0
IN14A037,6,0,0
IN14A038,7,0,0
IN14A039,4,0,0
IN14A040,2,0,0
IN14A041,1,0,0
"IN14A042,IN14A047",14,0,0
IN14A043,5,0,0
IN14A044,6,0,0
IN14A045,3,0,0
IN14A046,4,0,0
IN14A047,2,0,0
"IN14A048,IN14A102",6,0,0
IN14A050,4,0,0
IN14A051,3,0,0
IN14A052,9,0,0
IN14A053,1,0,0
IN14A054,1,0,0
IN14A055,2,0,0
IN14A056,7,0,0
IN14A057,2,0,0
IN14A058,5,0,0
IN14A059,2,0,0
IN14A061,1,0,0
IN14A062,2,0,0
IN14A063,2,0,0
IN14A064,2,0,0
IN14A065,2,0,0
IN14A066,4,0,0
IN14A068,4,0,0
IN14A069,2,0,0
IN14A070,2,0,0
IN14A072,4,0,0
IN14A074,7,0,0
IN14A075,2,0,0
IN14A076,5,0,0
IN14A077,8,0,0
IN14A078,14,0,0
IN14A079,2,0,0
IN14A080,3,0,0
IN14A081,4,0,0
IN14A082,3,0,0
IN14A084,1,0,0
IN14A085_a,2,0,0
IN14A085_b,2,0,0
IN14A086,8,0,0
IN14A087,6,0,0
IN14A088,2,0,0
IN14A089,3,0,0
IN14A090,9,0,0
IN14A091,2,0,0
IN14A093,2,0,0
IN14A095,7,0,0
IN14A096,5,0,0
IN14A097,3,0,0
IN14A098,2,0,0
IN14A099,2,0,0
"IN14A100,IN14A113",5,0,0
IN14A101,2,0,0
IN14A102,1,0,0
IN14A103,2,0,0
IN14A104,2,0,0
IN14A105,7,0,0
IN14A106,4,0,0
IN14A107,3,0,0
IN14A108,6,0,0
IN14A109,8,0,0
IN14A110,11,0,0
IN14A111,4,0,0
IN14A114,7,0,0
IN14A115,2,0,0
IN14A116,2,0,0
IN14A117,2,0,0
IN14A118,6,0,0
IN14A119,4,0,0
IN14A120,7,0,0
IN14A121_a,2,0,0
IN14A121_b,2,0,0
IN14A123,1,0,0
IN14B001,2,0,0
IN14B002,2,0,0
IN14B003,2,0,0
IN14B004,2,0,0
IN14B005,4,0,0
IN14B006,2,0,0
IN14B007,4,0,0
IN14B008,2,0,0
IN14B009,2,0,0
IN14B010,6,0,0
IN14B011,5,0,0
IN14B012,4,0,0
IN16B014,2,0,0
IN16B016,6,0,0
IN16B018,6,0,0
IN16B020,6,0,0
IN16B022,4,0,0
IN16B024,2,0,0
IN16B029,6,0,0
IN16B030,6,0,0
IN16B032,6,0,0
IN16B033,6,0,0
IN16B034,2,0,0
IN16B036,6,0,0
IN16B037,6,0,0
IN16B038,2,0,0
IN16B039,4,0,0
IN16B040,2,0,0
IN16B041,6,0,0
IN16B042,12,0,0
IN16B045,12,0,0
IN16B046,3,0,0
IN16B047,2,0,0
IN16B048,2,0,0
IN16B049,4,0,0
IN16B050,2,0,0
IN16B051,4,0,0
IN16B052,8,0,0
IN16B053,6,0,0
IN16B054,3,0,0
IN16B055,8,0,0
IN16B056,4,0,0
IN16B057,2,0,0
IN16B058,6,0,0
IN16B059,4,0,0
IN16B060,4,0,0
IN16B061,9,0,0
IN16B062,4,0,0
IN16B063,4,0,0
IN16B064,4,0,0
IN16B065,1,0,0
IN16B066,2,0,0
IN16B068_a,2,0,0
IN16B068_b,2,0,0
IN16B068_c,2,0,0
IN16B069,6,0,0
IN16B070,6,0,0
IN16B071,6,0,0
IN16B072,2,0,0
IN16B073,8,0,0
IN16B074,6,0,0
IN16B075,2,0,0
IN16B075_a,2,0,0
IN16B075_b,2,0,0
IN16B075_c,2,0,0
IN16B075_d,2,0,0
IN16B075_e,2,0,0
IN16B075_f,3,0,0
IN16B075_g,2,0,0
IN16B075_h,2,0,0
IN16B075_i,2,0,0
IN16B076,2,0,0
IN16B077,10,0,0
IN16B079,5,0,0
IN16B080,4,0,0
IN16B082,6,0,0
IN16B083,10,0,0
IN16B084,4,0,0
IN16B085,3,0,0
IN16B086,4,0,0
IN16B087,2,0,0
"IN16B088,IN16B109",4,0,0
IN16B089,6,0,0
IN16B090,6,0,0
IN16B091,5,0,0
IN16B092,4,0,0
IN16B093,6,0,0
IN16B094,2,0,0
IN16B095,2,0,0
IN16B096,1,0,0
IN16B097,6,0,0
IN16B098,6,0,0
IN16B099,10,0,0
IN16B100_a,3,0,0
IN16B100_b,2,0,0
IN16B100_c,4,0,0
IN16B101,4,0,0
IN16B104,2,0,0
IN16B105,5,0,0
IN16B106,8,0,0
IN16B107,3,0,0
IN16B108,8,0,0
IN16B111,4,0,0
IN16B113,2,0,0
IN16B114,4,0,0
IN16B115,2,0,0
IN16B117,2,0,0
IN16B118,5,0,0
IN16B119,2,0,0
IN16B120,2,0,0
IN16B121,7,0,0
IN16B122,2,0,0
IN16B123,1,0,0
IN16B124,2,0,0
IN16B125,6,0,0
IN17A001,6,0,0
IN17A007,6,0,0
IN17A011,2,0,0
IN17A013,2,0,0
IN17A016,5,0,0
IN17A017,6,0,0
IN17A019,6,0,0
IN17A020,6,0,0
IN17A022,6,0,0
IN17A023,2,0,0
IN17A025,6,0,0
IN17A027,2,0,0
IN17A028,12,0,0
IN17A029,2,0,0
IN17A030,2,0,0
IN17A032,2,0,0
IN17A033,2,0,0
IN17A034,2,0,0
IN17A035,2,0,0
IN17A037,4,0,0
IN17A039,2,0,0
IN17A040,2,0,0
IN17A041,6,0,0
IN17A042,2,0,0
"IN17A043,IN17A046",4,0,0
IN17A044,6,0,0
IN17A045,1,0,0
IN17A048,3,0,0
IN17A049,5,0,0
IN17A051,2,0,0
IN17A052,12,0,0
IN17A053,3,0,0
IN17A055,1,0,0
IN17A056,2,0,0
IN17A057,2,0,0
IN17A058,4,0,0
"IN17A059,IN17A063",4,0,0
IN17A060,4,0,0
IN17A061,11,0,0
IN17A064,7,0,0
IN17A065,2,0,0
IN17A066,2,0,0
IN17A067,2,0,0
"IN17A071,IN17A081",5,0,0
IN17A072,2,0,0
IN17A074,2,0,0
IN17A075,2,0,0
IN17A077,2,0,0
IN17A078,5,0,0
IN17A079,4,0,0
"IN17A080,IN17A083",6,0,0
"IN17A082,IN17A086",5,0,0
IN17A084,2,0,0
IN17A085,4,0,0
IN17A087,1,0,0
"IN17A088,IN17A089",6,0,0
IN17A090,4,0,0
IN17A091,1,0,0
IN17A092,2,0,0
IN17A093,4,0,0
IN17A094,5,0,0
IN17A095,2,0,0
IN17A096,1,0,0
IN17A097,2,0,0
IN17A098,2,0,0
IN17A099,4,0,0
IN17A100,2,0,0
IN17A101,4,0,0
IN17A102,1,0,0
IN17A103,2,0,0
IN17A104,2,0,0
IN17A105,1,0,0
IN17A106_a,2,0,0
IN17A106_b,1,0,0
IN17A107,2,0,0
IN17A108,2,0,0
IN17A109,1,0,0
"IN17A109,IN17A120",3,0,0
IN17A110,3,0,0
IN17A111,6,0,0
IN17A112,3,0,0
IN17A113,1,0,0
"IN17A113,IN17A119",5,0,0
IN17A114,2,0,0
IN17A115,1,0,0
IN17A116,3,0,0
IN17A118,3,0,0
IN17A119,1,0,0
IN17B001,2,0,0
IN17B003,2,0,0
IN17B004,4,0,0
IN17B006,2,0,0
IN17B008,2,0,0
IN17B010,2,0,0
IN17B014,2,0,0
IN17B015,4,0,0
IN17B017,2,0,0
IN18B005,4,0,0
IN18B006,2,0,0
IN18B008,2,0,0
IN18B009,2,0,0
IN18B011,4,0,0
IN18B012,2,0,0
IN18B013,2,0,0
IN18B014,2,0,0
IN18B015,2,0,0
IN18B016,4,0,0
IN18B017,2,0,0
IN18B018,2,0,0
IN18B020,4,0,0
IN18B021,6,0,0
IN18B026,2,0,0
IN18B027,2,0,0
IN18B028,2,0,0
IN18B029,2,0,0
IN18B031,2,0,0
IN18B032,2,0,0
IN18B033,2,0,0
IN18B034,4,0,0
IN18B035,4,0,0
IN18B036,2,0,0
IN18B037,2,0,0
IN18B038,10,0,0
IN18B039,2,0,0
IN18B040,2,0,0
IN18B041,2,0,0
IN18B042,6,0,0
IN18B043,4,0,0
IN18B044,2,0,0
IN18B045_a,2,0,0
IN18B045_b,2,0,0
IN18B045_c,2,0,0
IN18B046,2,0,0
IN18B047,4,0,0
IN18B048,5,0,0
IN18B049,2,0,0
IN18B050,4,0,0
IN18B051,6,0,0
IN18B052,4,0,0
IN18B054,6,0,0
IN18B055,5,0,0
IN18B056,2,0,0
IN19A001,6,0,0
IN19A002,6,0,0
IN19A003,6,0,0
IN19A004,6,0,0
IN19A005,6,0,0
IN19A006,4,0,0
IN19A007,6,0,0
IN19A008,8,0,0
IN19A009,4,0,0
IN19A010,4,0,0
IN19A011,6,0,0
IN19A012,4,0,0
IN19A013,4,0,0
IN19A014,4,0,0
IN19A015,6,0,0
IN19A016,12,0,0
IN19A017,2,0,0
IN19A018,2,0,0
IN19A019,4,0,0
IN19A020,6,0,0
IN19A021,6,0,0
IN19A022,6,0,0
IN19A024,4,0,0
IN19A026,4,0,0
IN19A027,4,0,0
IN19A028,2,0,0
IN19A029,6,0,0
IN19A030,6,0,0
IN19A031,2,0,0
IN19A032,6,0,0
IN19A033,2,0,0
IN19A034,2,0,0
IN19A036,2,0,0
IN19A037,2,0,0
IN19A040,2,0,0
IN19A041,16,0,0
IN19A042,5,0,0
IN19A043,4,0,0
IN19A044,4,0,0
IN19A045,6,0,0
IN19A046,6,0,0
IN19A047,2,0,0
IN19A048,5,0,0
IN19A049,2,0,0
IN19A052,4,0,0
IN19A054,6,0,0
IN19A056,5,0,0
IN19A057,5,0,0
IN19A059,11,0,0
IN19A060,1,0,0
IN19A060_a,2,0,0
IN19A060_b,2,0,0
IN19A060_c,7,0,0
IN19A060_d,12,0,0
IN19A060_e,1,0,0
IN19A061,6,0,0
IN19A064,12,0,0
IN19A065,5,0,0
IN19A067,6,0,0
IN19A069_a,2,0,0
IN19A069_b,2,0,0
IN19A069_c,2,0,0
IN19A070,3,0,0
IN19A071,2,0,0
IN19A072,3,0,0
IN19A073,10,0,0
IN19A074,2,0,0
IN19A076,1,0,0
IN19A079,1,0,0
IN19A080,2,0,0
IN19A082,5,0,0
IN19A083,2,0,0
IN19A084,6,0,0
IN19A085,5,0,0
IN19A086,4,0,0
IN19A087,2,0,0
IN19A088_a,2,0,0
IN19A088_b,4,0,0
IN19A088_c,6,0,0
IN19A088_d,2,0,0
IN19A088_e,3,0,0
IN19A090,4,0,0
IN19A091,2,0,0
IN19A093,15,0,0
IN19A094,2,0,0
"IN19A095,IN19A127",5,0,0
IN19A096,8,0,0
IN19A098,14,0,0
IN19A099,8,0,0
IN19A100,6,0,0
IN19A101,1,0,0
IN19A102,5,0,0
IN19A103,3,0,0
IN19A104,2,0,0
IN19A105,4,0,0
IN19A106,11,0,0
IN19A108,11,0,0
IN19A109_a,2,0,0
IN19A109_b,2,0,0
IN19A110,4,0,0
IN19A111,3,0,0
IN19A112,2,0,0
IN19A113,5,0,0
IN19A114,14,0,0
IN19A115,1,0,0
IN19A117,21,0,0
IN19A118,1,0,0
IN19A120,4,0,0
IN19A121,3,0,0
IN19A123,1,0,0
IN19A124,3,0,0
IN19A126,1,0,0
IN19A129,1,0,0
IN19A133,3,0,0
IN19A135,3,0,0
IN19A142,2,0,0
IN19B002,2,0,0
IN19B003,6,0,0
IN19B004,2,0,0
IN19B005,2,0,0
IN19B007,2,0,0
IN19B008,2,0,0
IN19B010,2,0,0
IN19B011,4,0,0
IN19B012,6,0,0
IN19B013,4,0,0
IN19B015,2,0,0
IN19B016,2,0,0
IN19B020,2,0,0
IN19B021,4,0,0
IN19B023,2,0,0
IN19B027,2,0,0
IN19B030,2,0,0
IN19B031,2,0,0
IN19B033,2,0,0
IN19B034,2,0,0
IN19B035,4,0,0
IN19B037,1,0,0
IN19B038,4,0,0
IN19B040,4,0,0
IN19B041,2,0,0
IN19B043,9,0,0
IN19B045,4,0,0
"IN19B045,IN19B052",4,0,0
IN19B047,2,0,0
IN19B048,4,0,0
IN19B050,8,0,0
IN19B053,2,0,0
IN19B054,4,0,0
IN19B055,2,0,0
IN19B056,6,0,0
IN19B057,7,0,0
IN19B058,4,0,0
IN19B062,2,0,0
IN19B064,2,0,0
IN19B066,6,0,0
IN19B067,14,0,0
IN19B068,8,0,0
IN19B069,2,0,0
IN19B070,5,0,0
IN19B071,10,0,0
IN19B072,2,0,0
IN19B073,6,0,0
IN19B075,8,0,0
IN19B077,5,0,0
IN19B078,4,0,0
IN19B080,6,0,0
IN19B081,4,0,0
IN19B082,4,0,0
IN19B083,2,0,0
IN19B084,6,0,0
IN19B085,4,0,0
IN19B086,9,0,0
IN19B087,4,0,0
IN19B088,2,0,0
IN19B089,10,0,0
IN19B090,9,0,0
IN19B091,16,0,0
IN19B092,2,0,0
IN19B094,7,0,0
IN19B095,5,0,0
IN19B097,2,0,0
IN19B103,8,0,0
IN19B105,2,0,0
IN19B107,2,0,0
IN19B109,2,0,0
IN19B111,2,0,0
IN19B112,2,0,0
IN20A.22A001,12,0,0
IN20A.22A002,4,0,0
IN20A.22A003,4,0,0
IN20A.22A004,6,0,0
IN20A.22A005,6,0,0
IN20A.22A006,11,0,0
IN20A.22A007,12,0,0
IN20A.22A008,12,0,0
IN20A.22A009,18,0,0
IN20A.22A010,8,0,0
IN20A.22A011,4,0,0
IN20A.22A012,11,0,0
IN20A.22A013,5,0,0
IN20A.22A015,10,0,0
IN20A.22A016,15,0,0
IN20A.22A017,16,0,0
IN20A.22A018,8,0,0
IN20A.22A019,9,0,0
IN20A.22A021,17,0,0
IN20A.22A022,8,0,0
IN20A.22A023,5,0,0
IN20A.22A024,20,0,0
IN20A.22A026,5,0,0
IN20A.22A027,2,0,0
IN20A.22A028,12,0,0
IN20A.22A029,2,0,0
IN20A.22A030,6,0,0
IN20A.22A033,4,0,0
IN20A.22A035,5,0,0
IN20A.22A036,15,0,0
"IN20A.22A036,IN20A.22A072",4,0,0
IN20A.22A037,3,0,0
IN20A.22A038,7,0,0
IN20A.22A039,23,0,0
IN20A.22A040,2,0,0
IN20A.22A041,12,0,0
IN20A.22A042,8,0,0
IN20A.22A043,10,0,0
IN20A.22A044,8,0,0
IN20A.22A045,10,0,0
IN20A.22A046,5,0,0
IN20A.22A047,9,0,0
IN20A.22A048,17,0,0
IN20A.22A049,16,0,0
"IN20A.22A049,IN20A.22A067",5,0,0
IN20A.22A050,9,0,0
IN20A.22A051,12,0,0
IN20A.22A052,7,0,0
IN20A.22A053,18,0,0
IN20A.22A054,6,0,0
IN20A.22A055,15,0,0
IN20A.22A056,6,0,0
IN20A.22A057,2,0,0
IN20A.22A058,11,0,0
IN20A.22A059,9,0,0
IN20A.22A060,11,0,0
"IN20A.22A061,IN20A.22A066",4,0,0
"IN20A.22A061,IN20A.22A068",5,0,0
IN20A.22A062,3,0,0
IN20A.22A063,2,0,0
IN20A.22A064,6,0,0
IN20A.22A065,9,0,0
IN20A.22A066,5,0,0
IN20A.22A067,13,0,0
IN20A.22A069,11,0,0
IN20A.22A070,4,0,0
"IN20A.22A070,IN20A.22A080",8,0,0
IN20A.22A071,12,0,0
IN20A.22A073,18,0,0
IN20A.22A074,7,0,0
IN20A.22A076,8,0,0
IN20A.22A077,12,0,0
IN20A.22A078,3,0,0
IN20A.22A079,4,0,0
IN20A.22A081,6,0,0
IN20A.22A082,4,0,0
IN20A.22A083,2,0,0
IN20A.22A084,12,0,0
IN20A.22A085,15,0,0
IN20A.22A086,9,0,0
IN20A.22A087,3,0,0
IN20A.22A088,5,0,0
IN20A.22A089,17,0,0
IN20A.22A090,21,0,0
IN20A.22A091,7,0,0
IN20A.22A092,25,0,0
IN21A001,6,0,0
IN21A002,6,0,0
IN21A003,6,0,0
IN21A004,6,0,0
IN21A005,4,0,0
IN21A006,6,0,0
IN21A007,6,0,0
IN21A008,6,0,0
IN21A009,6,0,0
IN21A010,6,0,0
IN21A011,6,0,0
IN21A012,6,0,0
IN21A013,6,0,0
IN21A014,6,0,0
IN21A015,6,0,0
IN21A016,6,0,0
IN21A017,8,0,0
IN21A018,6,0,0
IN21A019,6,0,0
IN21A020,6,0,0
IN21A021,2,0,0
IN21A022,6,0,0
"IN21A023,IN21A024",12,0,0
IN21A026,3,0,0
IN21A027,2,0,0
IN21A028,6,0,0
"IN21A029,IN21A030",4,0,0
IN21A031,2,0,0
IN21A032,3,0,0
IN21A033,2,0,0
IN21A034,3,0,0
IN21A035,6,0,0
IN21A036,1,0,0
IN21A037,12,0,0
IN21A038,6,0,0
IN21A039,2,0,0
IN21A040,2,0,0
IN21A041,4,0,0
IN21A042,6,0,0
IN21A043,2,0,0
IN21A044,6,0,0
"IN21A045,IN21A046",4,0,0
IN21A047_a,2,0,0
IN21A047_b,2,0,0
IN21A047_c,2,0,0
IN21A047_d,4,0,0
IN21A047_e,2,0,0
IN21A047_f,2,0,0
IN21A048,4,0,0
IN21A049,6,0,0
IN21A050,2,0,0
IN21A051,8,0,0
IN21A052,2,0,0
IN21A054,6,0,0
IN21A055,2,0,0
IN21A056,6,0,0
IN21A057,2,0,0
IN21A058,7,0,0
IN21A059,2,0,0
IN21A060,2,0,0
IN21A061,6,0,0
IN21A062,2,0,0
IN21A063,5,0,0
IN21A064,2,0,0
IN21A065,1,0,0
IN21A066,2,0,0
IN21A070,2,0,0
IN21A071,1,0,0
IN21A072,2,0,0
IN21A073,2,0,0
IN21A074,2,0,0
IN21A075,2,0,0
IN21A076,3,0,0
IN21A077,6,0,0
IN21A078,6,0,0
IN21A079,4,0,0
IN21A080,3,0,0
IN21A081,2,0,0
IN21A082,2,0,0
IN21A083,5,0,0
IN21A084,2,0,0
IN21A085,4,0,0
IN21A086,4,0,0
IN21A087,18,0,0
IN21A088,1,0,0
IN21A090,2,0,0
"IN21A091,IN21A092",2,0,0
IN21A093,7,0,0
IN21A094,2,0,0
IN21A095,2,0,0
IN21A096,3,0,0
IN21A097,2,0,0
IN21A098,2,0,0
IN21A099,3,0,0
IN21A100,3,0,0
IN21A102,4,0,0
IN21A103,1,0,0
IN21A109,2,0,0
IN21A111,2,0,0
IN21A116,4,0,0
IN23B001,2,0,0
IN23B005,4,0,0
IN23B006,4,0,0
IN23B007,7,0,0
IN23B008,8,0,0
IN23B009,8,0,0
IN23B011,2,0,0
IN23B012,2,0,0
IN23B013,6,0,0
IN23B014,6,0,0
IN23B016,2,0,0
IN23B017,4,0,0
IN23B018,14,0,0
IN23B020,7,0,0
IN23B021,4,0,0
IN23B022,6,0,0
IN23B023,16,0,0
IN23B024,6,0,0
IN23B025,6,0,0
IN23B027,1,0,0
IN23B028,14,0,0
IN23B029,4,0,0
IN23B030,6,0,0
IN23B031,6,0,0
IN23B032,11,0,0
IN23B033,4,0,0
IN23B034,2,0,0
IN23B035,4,0,0
IN23B036,4,0,0
IN23B037,10,0,0
IN23B038,1,0,0
IN23B039,5,0,0
IN23B040,8,0,0
IN23B041,5,0,0
IN23B042,2,0,0
IN23B043,9,0,0
IN23B044,2,0,0
"IN23B044,IN23B057",4,0,0
IN23B045,4,0,0
IN23B046,10,0,0
IN23B047,6,0,0
IN23B048,4,0,0
IN23B049,9,0,0
IN23B050,2,0,0
IN23B051,1,0,0
IN23B053,3,0,0
IN23B054,6,0,0
IN23B055,2,0,0
IN23B056,10,0,0
IN23B057,5,0,0
IN23B058,4,0,0
IN23B059,3,0,0
IN23B060,10,0,0
IN23B061,3,0,0
IN23B062,4,0,0
IN23B063,6,0,0
IN23B064,3,0,0
IN23B065,4,0,0
IN23B066,5,0,0
IN23B067_a,2,0,0
IN23B067_b,2,0,0
IN23B067_c,2,0,0
IN23B067_d,2,0,0
IN23B067_e,2,0,0
IN23B068,3,0,0
"IN23B069,IN23B079",3,0,0
IN23B070,6,0,0
IN23B071,2,0,0
IN23B072,5,0,0
IN23B073,3,0,0
IN23B074,9,0,0
IN23B075,2,0,0
IN23B076,1,0,0
IN23B078,6,0,0
IN23B079,2,0,0
IN23B080,2,0,0
IN23B081,8,0,0
IN23B082,1,0,0
IN23B083,2,0,0
IN23B084,3,0,0
IN23B085,5,0,0
IN23B086,6,0,0
IN23B087,8,0,0
IN23B088,2,0,0
IN23B089,9,0,0
IN23B090,5,0,0
IN23B091,4,0,0
IN23B092,2,0,0
IN23B093,2,0,0
IN23B094,2,0,0
IN23B095,2,0,0
IN23B096,1,0,0
IN26X001,6,0,0
IN26X002,6,0,0
IN26X003,4,0,0
IN27X001,2,0,0
IN27X002,4,0,0
IN27X003,2,0,0
IN27X004,2,0,0
IN27X005,2,0,0
IN27X007,2,0,0
IN27X014,2,0,0
IN27X023,2,0,0
INXXX003,2,0,0
INXXX004,2,0,0
INXXX007,2,0,0
INXXX008,4,0,0
INXXX011,2,0,0
INXXX022,2,0,0
INXXX023,2,0,0
INXXX025,2,0,0
INXXX027,4,0,0
INXXX029,2,0,0
INXXX031,2,0,0
INXXX032,6,0,0
INXXX034,1,0,0
INXXX035,2,0,0
INXXX036,2,0,0
INXXX038,2,0,0
INXXX039,2,0,0
INXXX042,2,0,0
INXXX044,8,0,0
INXXX045,10,0,0
INXXX048,2,0,0
INXXX052,2,0,0
INXXX053,2,0,0
INXXX054,2,0,0
INXXX056,2,0,0
INXXX058,6,0,0
INXXX062,4,0,0
INXXX063,2,0,0
INXXX065,2,0,0
INXXX066,2,0,0
INXXX073,2,0,0
INXXX076,2,0,0
INXXX077,2,0,0
INXXX083,2,0,0
INXXX084,2,0,0
INXXX087,2,0,0
INXXX089,2,0,0
INXXX091,2,0,0
INXXX095,4,0,0
INXXX096,4,0,0
INXXX100,6,0,0
INXXX101,2,0,0
INXXX104,2,0,0
INXXX107,2,0,0
INXXX110,4,0,0
INXXX111,2,0,0
INXXX114,2,0,0
INXXX115,2,0,0
INXXX119,2,0,0
INXXX121,2,0,0
INXXX122,4,0,0
INXXX124,2,0,0
INXXX126,8,0,0
INXXX129,2,0,0
INXXX133,2,0,0
INXXX134,2,0,0
INXXX135,2,0,0
INXXX137,2,0,0
INXXX138,2,0,0
INXXX140,2,0,0
INXXX142,2,0,0
INXXX143,2,0,0
INXXX146,2,0,0
INXXX147,2,0,0
INXXX149,6,0,0
INXXX153,2,0,0
INXXX158,2,0,0
INXXX159,2,0,0
INXXX161,4,0,0
INXXX167,2,0,0
INXXX173,2,0,0
INXXX179,2,0,0
INXXX180,2,0,0
INXXX181,2,0,0
INXXX183,2,0,0
INXXX184,2,0,0
INXXX188,2,0,0
INXXX192,2,0,0
INXXX193,2,0,0
INXXX194,2,0,0
INXXX197,4,0,0
INXXX198,2,0,0
INXXX199,2,0,0
INXXX201,2,0,0
INXXX204,2,0,0
INXXX206,2,0,0
INXXX209,4,0,0
INXXX212,4,0,0
INXXX213,4,0,0
INXXX215,4,0,0
INXXX216,2,0,0
INXXX217,10,0,0
INXXX219,2,0,0
INXXX220,2,0,0
INXXX221,4,0,0
INXXX223,2,0,0
INXXX224,2,0,0
INXXX225,2,0,0
INXXX227,2,0,0
INXXX228,7,0,0
INXXX230,9,0,0
INXXX231,8,0,0
INXXX232,2,0,0
INXXX235,2,0,0
INXXX237,2,0,0
INXXX238,2,0,0
INXXX239,4,0,0
INXXX240,2,0,0
INXXX241,2,0,0
INXXX242,2,0,0
INXXX243,4,0,0
INXXX244,2,0,0
INXXX245,2,0,0
INXXX246,4,0,0
INXXX247,4,0,0
INXXX249,2,0,0
INXXX251,2,0,0
INXXX252,2,0,0
INXXX253,6,0,0
INXXX256,2,0,0
INXXX257,1,0,0
INXXX258,12,0,0
INXXX260,4,0,0
INXXX261,4,0,0
INXXX262,4,0,0
INXXX263,4,0,0
INXXX265,4,0,0
INXXX267,4,0,0
INXXX268,3,0,0
INXXX269,10,0,0
INXXX270,2,0,0
INXXX271,4,0,0
INXXX273,4,0,0
INXXX275,2,0,0
INXXX276,2,0,0
INXXX279,4,0,0
INXXX280,6,0,0
INXXX281,6,0,0
INXXX282,2,0,0
INXXX283,5,0,0
INXXX284,2,0,0
INXXX285,2,0,0
INXXX287,12,0,0
INXXX288,2,0,0
INXXX290,13,0,0
INXXX292,2,0,0
INXXX293,4,0,0
INXXX294,2,0,0
INXXX295,10,0,0
INXXX297,8,0,0
INXXX299,1,0,0
INXXX300,2,0,0
INXXX301,4,0,0
INXXX302,3,0,0
INXXX303,3,0,0
INXXX304,2,0,0
INXXX306,4,0,0
INXXX307,4,0,0
INXXX309,3,0,0
INXXX315,8,0,0
INXXX316,6,0,0
INXXX317,2,0,0
INXXX319,2,0,0
INXXX320,2,0,0
INXXX321,8,0,0
INXXX322,4,0,0
INXXX324,2,0,0
INXXX326,5,0,0
INXXX328,4,0,0
INXXX329,4,0,0
INXXX331,6,0,0
INXXX332,8,0,0
INXXX333,2,0,0
INXXX334,4,0,0
INXXX335,2,0,0
INXXX336,2,0,0
INXXX337,2,0,0
INXXX339,2,0,0
INXXX340,2,0,0
INXXX341,8,0,0
INXXX343,2,0,0
INXXX345,2,0,0
INXXX346,4,0,0
INXXX347,2,0,0
INXXX348,4,0,0
INXXX349,2,0,0
INXXX350,4,0,0
INXXX351,2,0,0
INXXX352,4,0,0
INXXX353,4,0,0
INXXX355,2,0,0
INXXX357,2,0,0
INXXX359,2,0,0
INXXX360,3,0,0
INXXX363,10,0,0
INXXX364,8,0,0
INXXX365,4,0,0
INXXX369,7,0,0
INXXX370,5,0,0
INXXX372,4,0,0
INXXX373,4,0,0
INXXX374,2,0,0
INXXX376,1,0,0
INXXX377,6,0,0
INXXX378,4,0,0
INXXX379,2,0,0
INXXX381,2,0,0
INXXX382_b,4,0,0
INXXX383,1,0,0
INXXX385,3,0,0
INXXX386,6,0,0
INXXX387,4,0,0
INXXX388,2,0,0
INXXX390,2,0,0
INXXX391,2,0,0
INXXX393,2,0,0
INXXX394,4,0,0
INXXX395,4,0,0
INXXX396,10,0,0
INXXX397,4,0,0
INXXX399,4,0,0
INXXX400,4,0,0
INXXX401,2,0,0
INXXX402,6,0,0
INXXX403,2,0,0
INXXX405,6,0,0
INXXX406,4,0,0
INXXX407,4,0,0
INXXX409,4,0,0
INXXX411,4,0,0
INXXX412,2,0,0
INXXX414,4,0,0
INXXX415,6,0,0
INXXX416,6,0,0
INXXX417,6,0,0
INXXX418,4,0,0
INXXX419,2,0,0
INXXX420,2,0,0
INXXX421,3,0,0
INXXX423,2,0,0
INXXX424,4,0,0
INXXX425,2,0,0
INXXX426,4,0,0
INXXX427,4,0,0
INXXX428,4,0,0
INXXX429,12,0,0
INXXX431,12,0,0
INXXX436,10,0,0
INXXX437,4,0,0
INXXX438,4,0,0
INXXX440,8,0,0
INXXX441,4,0,0
INXXX442,4,0,0
INXXX443,6,0,0
INXXX444,2,0,0
INXXX446,23,0,0
"INXXX447,INXXX449",4,0,0
INXXX448,19,0,0
INXXX450,4,0,0
INXXX452,7,0,0
INXXX454,7,0,0
INXXX456,2,0,0
INXXX460,4,0,0
INXXX464,6,0,0
INXXX466,6,0,0
INXXX468,12,0,0
INXXX471,4,0,0
INXXX472,2,0,0
INXXX473,4,0,0
INXXX474,4,0,0
IPC,16,0,0
IPS001,10,10,0
ISN,4,4,0
ITP,7,0,0
IbSpsP,31,31,0
JO-A-unclear,24,0,0
JO-A1,8,0,0
JO-A2,13,0,0
JO-A3,2,0,0
JO-A4,3,0,0
JO-B-unclear,13,0,0
JO-B1_a,17,0,0
JO-B1_b,12,0,0
JO-B1_c,10,0,0
JO-B2,9,0,0
JO-B3,12,0,0
JO-B4_a,3,0,0
JO-B4_b,12,0,0
JO-CA1,10,0,0
JO-CA2,9,0,0
JO-CL,19,0,0
JO-CM,30,0,0
JO-DA,5,0,0
JO-DP,3,0,0
JO-ED1,18,0,0
JO-ED2_a,38,0,0
JO-ED2_b,21,0,0
JO-ED2_c,14,0,0
JO-EV1,50,0,0
JO-EV2,36,0,0
JO-EV3,45,0,0
JO-EV4,1,0,0
JO-EV5,23,0,0
JO-EV6,21,0,0
JO-FD1,4,0,0
JO-FD2,4,0,0
JO-FV,70,0,0
JO-mz,11,0,0
JO-unclear,102,0,0
KC,2,2,0
KCa'b'-ap1,199,199,0
KCa'b'-ap2,291,291,0
KCa'b'-m,205,205,0
KCab-c,488,488,0
KCab-m,536,536,0
KCab-p,129,129,0
KCab-s,657,657,0
KCg,1,1,0
KCg-d,206,206,0
KCg-m,1342,1342,0
KCg-s1,2,2,0
KCg-s2,2,2,0
KCg-s3,2,2,0
KCg-s4,2,2,0
L1,1776,0,0
L2,1779,0,0
L3,1772,0,0
L4,1770,0,0
L5,1787,0,0
LAL001,2,2,0
LAL002,2,2,0
LAL003,4,4,0
LAL004,1,1,0
LAL006,6,6,0
LAL007,2,2,0
LAL008,2,2,0
LAL009,2,2,0
LAL010,2,2,0
LAL011,2,2,0
LAL012,2,2,0
LAL013,2,2,0
LAL014,2,2,2
LAL015,2,2,0
LAL016,2,2,0
LAL017,2,2,0
LAL018,2,2,2
LAL019,4,4,0
LAL020,4,4,0
LAL021,8,8,0
LAL022,6,6,0
LAL023,4,4,0
LAL024,2,2,0
LAL025,5,5,0
LAL026_a,2,2,0
LAL026_b,2,2,0
LAL027,2,2,0
LAL028,3,3,0
LAL029_a,2,2,0
LAL029_b,2,2,0
LAL029_c,2,2,0
LAL029_d,2,2,0
LAL029_e,2,2,0
LAL030_a,6,6,0
LAL030_b,6,6,0
LAL030d,2,2,0
LAL031,4,4,0
LAL032,2,2,0
LAL034,8,8,0
LAL035,4,4,0
LAL037,4,4,0
LAL040,2,2,2
LAL042,2,2,0
LAL043_a,4,4,0
LAL043_b,2,2,0
LAL043_c,2,2,0
LAL043_d,2,2,0
LAL043_e,2,2,0
LAL045,2,2,0
LAL046,2,2,0
LAL047,2,2,2
LAL048,10,10,0
LAL049,2,2,0
LAL050,8,8,0
LAL051,2,2,2
LAL052,2,2,0
LAL053,2,2,0
LAL054,2,2,0
LAL055,2,2,0
LAL056,6,6,0
LAL059,6,6,0
LAL060_a,7,7,0
LAL060_b,6,6,0
LAL061,7,7,0
LAL063,2,2,0
LAL064,4,4,0
LAL067,8,8,0
LAL071,8,8,0
LAL072,2,2,0
LAL073,2,2,2
LAL074,2,2,1
LAL075,2,2,0
LAL076,2,2,0
LAL081,2,2,0
LAL082,2,2,0
LAL083,4,4,2
LAL084,2,2,1
LAL085,4,4,0
LAL086,4,4,0
LAL087,10,10,0
LAL088,3,3,0
LAL089,6,6,0
LAL090,10,10,0
LAL093,4,4,0
LAL094,19,19,0
LAL096,16,16,0
LAL098,2,2,0
LAL099,2,2,0
LAL100,2,2,2
LAL101,2,2,0
LAL102,2,2,0
LAL104,4,4,0
LAL108,2,2,2
LAL109,4,4,0
LAL110,10,10,0
LAL111,2,2,0
LAL112,4,4,0
LAL113,4,4,0
LAL114,2,2,0
LAL115,2,2,0
LAL116,2,2,0
LAL117,4,4,0
LAL119,2,2,1
LAL120_a,2,2,2
LAL120_b,2,2,2
LAL121,2,2,0
LAL122,2,2,1
LAL123,2,2,2
LAL124,2,2,2
LAL125,2,2,2
LAL126,4,4,0
LAL127,4,4,0
LAL128,2,2,0
LAL129,2,2,2
LAL130,2,2,0
LAL131,4,4,0
LAL132_a,2,2,0
LAL132_b,2,2,0
LAL133_a,2,2,0
LAL133_b,2,2,0
LAL133_c,2,2,0
LAL133_d,2,2,0
LAL133_e,2,2,0
LAL134,2,2,1
LAL135,2,2,0
LAL136_a,5,5,0
LAL136_b,7,7,0
LAL137,2,2,1
LAL138,2,2,2
LAL139,2,2,0
LAL140,2,2,0
LAL141,2,2,1
LAL142,2,2,2
LAL143,2,2,0
LAL144,6,6,0
LAL145,4,4,0
LAL146,2,2,0
LAL147_a,4,4,0
LAL147_b,2,2,0
LAL147_c,2,2,0
LAL148,2,2,0
LAL149,4,4,0
LAL150,10,10,0
LAL151,2,2,0
LAL152,2,2,0
LAL153,2,2,0
LAL154,2,2,0
LAL155,4,4,0
LAL156_a,2,2,0
LAL156_b,2,2,0
LAL157,2,2,0
LAL158,2,2,0
LAL159,2,2,2
LAL160,2,2,0
LAL161,2,2,0
LAL162,2,2,0
LAL163,2,2,0
LAL164,2,2,0
LAL165,2,2,1
LAL166,2,2,0
LAL167,4,4,0
LAL168,2,2,0
LAL169,2,2,0
LAL170,2,2,0
LAL171,2,2,0
LAL172,2,2,0
LAL173,4,4,0
LAL175,4,4,0
LAL176,2,2,0
LAL177,2,2,0
LAL179,6,6,0
LAL180,4,4,0
LAL181,2,2,0
LAL182,2,2,0
LAL183,2,2,1
LAL184,2,2,0
LAL185,4,4,0
LAL186,2,2,0
LAL187,2,2,0
LAL188_a,4,4,0
LAL188_b,4,4,0
LAL189,6,6,0
LAL190,2,2,0
LAL191,2,2,0
LAL192,2,2,0
LAL193,2,2,0
LAL194,4,4,0
LAL195,2,2,0
LAL196,6,6,0
LAL197,2,2,0
LAL198,2,2,0
LAL199,2,2,0
LAL200,2,2,1
LAL203,4,4,0
LAL204,2,2,0
LAL205,2,2,0
LAL206,4,4,0
LAL207,2,2,2
LAL208,2,2,0
LAL300m,4,4,0
LAL301m,4,4,0
LAL302m,8,8,0
LAL303m,5,5,0
LAL304m,5,5,0
LA_ME_unclear,3,0,0
LB1a,11,0,0
LB1b,6,0,0
LB1c,16,0,0
LB1d,5,0,0
LB1e,19,0,0
LB2a,4,0,0
LB2b,3,0,0
LB2c,6,0,0
LB2d,5,0,0
LB3,1,0,0
LB3a,17,0,0
LB3b,11,0,0
LB3c,23,0,0
LB3d,26,0,0
LB4a,4,0,0
LB4b,8,0,0
LBL40,2,0,0
LC10_unclear,11,0,0
LC10a,275,0,0
LC10b,95,0,0
LC10c-1,130,0,0
LC10c-2,125,0,0
LC10d,214,0,0
LC10e,110,0,0
LC11,143,0,0
LC12,498,0,0
LC13,177,0,0
LC14a-1,30,0,0
LC14a-2,15,0,0
LC14b,43,0,0
LC15,126,0,0
LC16,182,0,0
LC17,353,0,0
LC18,208,0,0
LC19,14,0,0
LC20a,62,0,0
LC20b,79,0,0
LC21,153,0,0
LC22,73,0,0
LC23,11,0,0
LC24,94,0,0
LC25,56,0,0
LC26,75,0,0
LC27,46,0,0
LC28,62,0,0
LC29,40,0,0
LC30,57,0,0
LC31a,32,0,0
LC31b,10,0,0
LC33,32,0,0
LC34,10,0,0
LC35a,10,0,0
LC35b,2,0,0
LC36,32,0,0
LC37,15,0,0
LC39a,6,0,0
LC39b,2,0,0
LC4,126,0,0
LC40,34,0,0
LC41,13,0,0
LC43,14,0,0
LC44,5,0,0
LC46b,10,0,0
LC6,124,0,0
LC9,219,0,0
LCNOp,2,2,0
LCNOpm,2,2,2
LH001m,4,4,0
LH002m,9,9,0
LH003m,6,6,0
LH004m,6,6,0
LH005m,2,2,0
LH006m,7,7,0
LH007m,8,8,0
LH008m,11,11,0
LHAD1a1,6,6,0
LHAD1a2,14,14,0
LHAD1a3,2,2,0
LHAD1a4_a,4,4,0
LHAD1a4_b,5,5,0
LHAD1b1_b,8,8,0
LHAD1b2,8,8,0
LHAD1b2_b,6,6,0
LHAD1b2_d,5,5,0
LHAD1b3,4,4,0
LHAD1b4,5,5,0
LHAD1b5,12,12,0
LHAD1c2,11,11,0
LHAD1c2b,2,2,0
LHAD1c3,5,5,0
LHAD1d1,8,8,0
LHAD1d2,4,4,0
LHAD1f1,7,7,0
LHAD1f2,2,2,1
LHAD1f3_a,4,4,0
LHAD1f3_b,5,5,0
LHAD1f4,9,9,0
LHAD1f5,4,4,0
LHAD1g1,2,2,2
LHAD1h1,2,2,0
LHAD1i1,6,6,0
LHAD1i2_b,7,7,0
LHAD1j1,2,2,0
LHAD1k1,2,2,0
LHAD2b1,2,2,0
LHAD2c1,3,3,0
LHAD2c2,4,4,0
LHAD2c3,6,6,0
LHAD2d1,2,2,0
LHAD2e1,2,2,0
LHAD2e3,2,2,0
LHAD3a1,4,4,0
LHAD3a10,2,2,0
LHAD3a8,4,4,0
LHAD3b1_a,2,2,0
LHAD3d4,2,2,0
LHAD3d5,2,2,0
LHAD3e1_a,4,4,0
LHAD3f1_a,6,6,0
LHAD3f1_b,4,4,0
LHAD3g1,4,4,0
LHAD4a1,2,2,0
LHAV1a1,8,8,0
LHAV1a3,12,12,0
LHAV1a4,7,7,0
LHAV1b1,4,4,0
LHAV1b3,2,2,0
LHAV1d1,4,4,0
LHAV1d2,10,10,0
LHAV1e1,2,2,0
LHAV1f1,9,9,0
LHAV2a2,9,9,0
LHAV2a3,9,9,0
LHAV2a5,3,3,0
LHAV2b1,8,8,0
LHAV2b10,7,7,0
LHAV2b11,4,4,0
LHAV2b2_a,9,9,0
LHAV2b2_b,4,4,0
LHAV2b2_c,2,2,0
LHAV2b2_d,2,2,0
LHAV2b3,5,5,0
LHAV2b4,10,10,0
LHAV2b5,4,4,0
LHAV2b6,6,6,0
LHAV2b7_a,4,4,0
LHAV2b7_b,4,4,0
LHAV2b8,2,2,0
LHAV2b9,2,2,0
LHAV2c1,17,17,0
LHAV2d1,2,2,0
LHAV2e4_b,2,2,0
LHAV2f2_a,1,1,0
LHAV2f2_b,6,6,0
LHAV2g1,4,4,0
LHAV2g2_a,7,7,0
LHAV2g2_b,3,3,0
LHAV2g3,6,6,0
LHAV2g5,4,4,0
LHAV2g6,3,3,0
LHAV2h1,13,13,0
LHAV2i4,5,5,0
LHAV2j1,2,2,0
LHAV2k1,6,6,0
LHAV2k10,2,2,0
LHAV2k11_a,2,2,0
LHAV2k12_a,4,4,0
LHAV2k12_b,2,2,0
LHAV2k13,2,2,0
LHAV2k5,5,5,0
LHAV2k6,2,2,0
LHAV2k8,2,2,0
LHAV2k9,8,8,0
LHAV2m1,4,4,0
LHAV2n1,2,2,0
LHAV2o1,2,2,0
LHAV2p1,2,2,0
LHAV3a1_b,4,4,0
LHAV3a1_c,2,2,0
LHAV3b1,7,7,0
LHAV3b12,2,2,0
LHAV3b13,4,4,0
LHAV3b2_a,4,4,0
LHAV3b2_b,4,4,0
LHAV3b2_c,4,4,0
LHAV3b6_b,4,4,0
LHAV3b8,6,6,0
LHAV3d1,2,2,0
LHAV3e1,4,4,0
LHAV3e2,4,4,0
LHAV3e3_a,2,2,0
LHAV3e3_b,2,2,0
LHAV3e4_a,4,4,0
LHAV3e4_b,2,2,0
LHAV3e5,3,3,0
LHAV3e6,3,3,0
LHAV3f1,2,2,1
LHAV3g1,4,4,0
LHAV3g2,4,4,0
LHAV3h1,2,2,0
LHAV3i1,2,2,0
LHAV3j1,3,3,0
LHAV3k1,2,2,1
LHAV3k2,2,2,0
LHAV3k3,2,2,0
LHAV3k4,2,2,0
LHAV3k5,2,2,1
LHAV3k6,2,2,0
LHAV3m1,2,2,0
LHAV3n1,12,12,0
LHAV3o1,6,6,0
LHAV3p1,2,2,0
LHAV3q1,2,2,0
LHAV4a1_a,2,2,0
LHAV4a1_b,8,8,0
LHAV4a2,2,2,1
LHAV4a4,17,17,0
LHAV4a5,8,8,0
LHAV4a6,2,2,0
LHAV4a7,8,8,0
LHAV4b1,5,5,0
LHAV4b2,10,10,0
LHAV4b4,6,6,0
LHAV4c1,6,6,0
LHAV4c2,9,9,0
LHAV4d1,16,16,0
LHAV4d4,4,4,0
LHAV4d5,9,9,0
LHAV4e1_a,2,2,0
LHAV4e1_b,4,4,0
LHAV4e2_b1,7,7,0
LHAV4e2_b2,6,6,0
LHAV4e4,4,4,0
LHAV4e7_b,3,3,0
LHAV4g1,10,10,0
LHAV4g12,4,4,0
LHAV4g13,4,4,0
LHAV4g14,2,2,0
LHAV4g17,2,2,0
LHAV4g4_b,6,6,0
LHAV4g6_a,5,5,0
LHAV4g7_a,4,4,0
LHAV4g7_b,7,7,0
LHAV4i1,4,4,0
LHAV4j1,2,2,0
LHAV4l1,2,2,0
LHAV5a1,4,4,0
LHAV5a10_b,2,2,0
LHAV5a2_a1,9,9,0
LHAV5a2_a2,8,8,0
LHAV5a2_a3,11,11,0
LHAV5a2_a4,10,10,0
LHAV5a2_b,6,6,0
LHAV5a2_d,2,2,0
LHAV5a4_a,3,3,0
LHAV5a4_c,4,4,0
LHAV5a6_a,4,4,0
LHAV5a6_b,6,6,0
LHAV5a8,6,6,0
LHAV5a9_a,4,4,0
LHAV5b1,4,4,0
LHAV5b2,4,4,0
LHAV5c1,4,4,0
LHAV5d1,2,2,0
LHAV5e1,2,2,0
LHAV6a1,4,4,0
LHAV6a3,11,11,0
LHAV6a4,4,4,0
LHAV6a5,6,6,0
LHAV6a7,8,8,0
LHAV6a8,2,2,0
LHAV6b1,2,2,0
LHAV6b3,11,11,0
LHAV6b4,2,2,0
LHAV6c1,9,9,0
LHAV6e1,2,2,0
LHAV6g1,2,2,0
LHAV6h1,2,2,0
LHAV6i2_b,2,2,0
LHAV7a1,5,5,0
LHAV7a1_a,4,4,0
LHAV7a1_b,3,3,0
LHAV7a3,8,8,0
LHAV7a4,9,9,0
LHAV7a5,6,6,0
LHAV7a6,2,2,0
LHAV7a7,6,6,0
LHAV7b1,11,11,0
LHAV8a1,2,2,0
LHAV9a1_a,4,4,0
LHAV9a1_b,6,6,0
LHAV9a1_c,6,6,0
LHCENT1,2,2,2
LHCENT10,4,4,3
LHCENT11,2,2,2
LHCENT12_a,2,2,0
LHCENT12_b,4,4,0
LHCENT13_a,4,4,0
LHCENT13_b,3,3,0
LHCENT13_c,3,3,0
LHCENT13_d,2,2,0
LHCENT14,2,2,0
LHCENT2,2,2,2
LHCENT3,2,2,2
LHCENT4,2,2,2
LHCENT5,2,2,0
LHCENT6,2,2,2
LHCENT8,4,4,4
LHCENT9,2,2,2
LHMB1,2,2,2
LHPD1b1,2,2,0
LHPD2a1,9,9,0
LHPD2a2,10,10,0
LHPD2a4_a,8,8,0
LHPD2a4_b,4,4,0
LHPD2a5_b,2,2,0
LHPD2a6,8,8,0
LHPD2b1,4,4,0
LHPD2c1,2,2,0
LHPD2c2,10,10,0
LHPD2c6,4,4,0
LHPD2c7,4,4,0
LHPD2d1,2,2,0
LHPD2d2,2,2,0
LHPD3a2_a,8,8,0
LHPD3a2_b,8,8,0
LHPD3a2_c,4,4,0
LHPD3a4_b,9,9,0
LHPD3a4_c,9,9,0
LHPD3a5,8,8,0
LHPD3c1,3,3,0
LHPD4a1,8,8,0
LHPD4a2,4,4,0
LHPD4b1,8,8,0
LHPD4c1,2,2,2
LHPD4d1,2,2,0
LHPD4d2_b,2,2,0
LHPD4e1_b,3,3,0
LHPD5a1,2,2,0
LHPD5b1,2,2,0
LHPD5c1,2,2,1
LHPD5d1,4,4,0
LHPD5e1,4,4,0
LHPD5f1,2,2,0
LHPV10a1a,2,2,0
LHPV10a1b,2,2,0
LHPV10b1,2,2,2
LHPV10c1,2,2,0
LHPV10d1,2,2,2
LHPV11a1,4,4,0
LHPV12a1,2,2,2
LHPV1c1,3,3,0
LHPV1c2,2,2,0
LHPV1d1,2,2,0
LHPV2a1_a,6,6,0
LHPV2a1_c,8,8,0
LHPV2a1_d,5,5,0
LHPV2a1_e,3,3,0
LHPV2a2,2,2,0
LHPV2a3,5,5,0
LHPV2a4,6,6,0
LHPV2a5,5,5,0
LHPV2b1,5,5,0
LHPV2b2_a,10,10,0
LHPV2b3,14,14,0
LHPV2b4,6,6,0
LHPV2b5,5,5,0
LHPV2c1_a,4,4,0
LHPV2c2,7,7,0
LHPV2c4,4,4,0
LHPV2c5,7,7,0
LHPV2d1,4,4,0
LHPV2e1_a,10,10,0
LHPV2g1,4,4,0
LHPV2h1,2,2,0
LHPV2i1,3,3,0
LHPV2i2_a,2,2,0
LHPV2i2_b,2,2,0
LHPV3a1,4,4,0
LHPV3a2,5,5,0
LHPV3a3_b,9,9,0
LHPV3b1_a,5,5,0
LHPV3b1_b,6,6,0
LHPV3c1,2,2,1
LHPV4a1,6,6,0
LHPV4a10,12,12,0
LHPV4a11,2,2,0
LHPV4a2,6,6,0
LHPV4a3,4,4,0
LHPV4a5,12,12,0
LHPV4a7,3,3,0
LHPV4a7_d,2,2,0
LHPV4a8,5,5,0
LHPV4a9,4,4,0
LHPV4b1,6,6,0
LHPV4b2,8,8,0
LHPV4b3,7,7,0
LHPV4b4,10,10,0
LHPV4b5,2,2,0
LHPV4b7,2,2,0
LHPV4b9,2,2,0
LHPV4c1_a,2,2,0
LHPV4c1_b,8,8,0
LHPV4c1_c,8,8,0
LHPV4c2,4,4,0
LHPV4c3,4,4,0
LHPV4c4,4,4,0
LHPV4d10,6,6,0
LHPV4d3,6,6,0
LHPV4d4,4,4,0
LHPV4d7,2,2,0
LHPV4e1,2,2,0
LHPV4g1,12,12,0
LHPV4g2,8,8,0
LHPV4h1,9,9,0
LHPV4h3,2,2,0
LHPV4i1,6,6,0
LHPV4i3,8,8,0
LHPV4i4,2,2,0
LHPV4j2,2,2,0
LHPV4j3,2,2,0
LHPV4j4,2,2,0
LHPV4k1,3,3,0
LHPV4l1,2,2,0
LHPV4m1,2,2,0
LHPV5a1,12,12,0
LHPV5a2,8,8,0
LHPV5a3,6,6,0
LHPV5a5,1,1,0
LHPV5b1,20,20,0
LHPV5b2,17,17,0
LHPV5b3,14,14,0
LHPV5b4,4,4,0
LHPV5b6,6,6,0
LHPV5c1,12,12,0
LHPV5c1_a,8,8,0
LHPV5c1_c,2,2,0
LHPV5c1_d,8,8,0
LHPV5c2,2,2,0
LHPV5c3,12,12,0
LHPV5d1,9,9,0
LHPV5d3,2,2,0
LHPV5e1,2,2,2
LHPV5e2,2,2,0
LHPV5e3,2,2,2
LHPV5g1_a,5,5,0
LHPV5g1_b,7,7,0
LHPV5g2,6,6,0
LHPV5h2_a,4,4,0
LHPV5h2_b,3,3,0
LHPV5h2_c,2,2,0
LHPV5h4,8,8,0
LHPV5i1,2,2,0
LHPV5j1,4,4,0
LHPV5l1,2,2,0
LHPV5m1,4,4,0
LHPV6a1,23,23,0
LHPV6a10,2,2,0
LHPV6a3,6,6,0
LHPV6a9_b,7,7,0
LHPV6c1,2,2,0
LHPV6c2,2,2,0
LHPV6d1,10,10,0
LHPV6f1,11,11,0
LHPV6f3_b,4,4,0
LHPV6f5,5,5,0
LHPV6g1,2,2,2
LHPV6h1,7,7,0
LHPV6h1_b,6,6,0
LHPV6h2,7,7,0
"LHPV6h3,SLP276",6,6,0
LHPV6i1_a,4,4,0
LHPV6i2_a,2,2,0
LHPV6j1,2,2,0
LHPV6k1,6,6,0
LHPV6k2,4,4,0
LHPV6l1,2,2,0
LHPV6l2,2,2,0
LHPV6m1,2,2,0
LHPV6o1,2,2,0
LHPV6p1,2,2,0
LHPV6q1,2,2,2
LHPV7a1,4,4,0
LHPV7a2,4,4,0
LHPV7b1,2,2,0
LHPV7c1,2,2,0
LHPV8a1,2,2,0
LHPV8c1,2,2,0
LHPV9b1,2,2,0
LK,12,0,0
LLPC1,285,0,0
LLPC2,250,0,0
LLPC3,219,0,0
LLPC4,6,0,0
LLPC_unclear,1,0,0
LN-DN1,2,0,0
LN-DN2,4,0,0
LN60,4,4,0
LNO1,4,4,0
LNO2,2,2,2
LNOa,2,2,0
LNd_b,4,4,0
LNd_c,6,6,0
LOLP1,69,0,0
LOP_LO_unclear,2,0,0
LOP_ME_unclear,4,0,0
LOP_unclear,4,0,0
LO_LOP_unclear,1,0,0
LO_ME_unclear,2,0,0
LO_unclear,14,0,0
LPC1,224,0,0
LPC2,154,0,0
LPC_unclear,2,0,0
LPLC1,134,0,0
LPLC2,185,0,0
LPLC4,97,0,0
LPLC_unclear,1,0,0
LPN_a,4,4,0
LPN_b,2,2,0
LPT100,40,0,0
LPT101,11,0,0
LPT110,2,0,0
LPT111,101,0,0
LPT112,39,0,0
LPT113,22,0,0
LPT114,22,0,0
LPT115,6,0,0
LPT116,11,0,0
LPT21,2,0,0
LPT22,2,0,0
LPT23,6,0,0
LPT26,2,0,0
LPT27,2,0,0
LPT28,2,0,0
LPT29,2,0,0
LPT30,2,0,0
LPT31,8,0,0
LPT49,2,0,0
LPT50,2,0,0
LPT51,4,0,0
LPT52,2,0,0
LPT53,2,0,0
LPT54,2,0,0
LPT57,2,0,0
LPT59,2,0,0
LPT60,2,2,2
LPi12,4,0,0
LPi14,33,0,0
LPi21,2,0,0
LPi2b,2,0,0
LPi2c,54,0,0
LPi2d,61,0,0
LPi2e,95,0,0
LPi34,119,0,0
LPi3412,104,0,0
LPi3a,123,0,0
LPi3b,46,0,0
LPi3c,11,0,0
LPi43,61,0,0
LPi4a,34,0,0
LPi4b,2,0,0
LPi_unclear,4,0,0
LPsP,2,2,2
LT11,2,0,0
LT1a,2,0,0
LT1b,2,0,0
LT1c,2,0,0
LT1d,2,0,0
LT33,2,0,0
LT34,2,0,0
LT35,2,0,0
LT36,2,0,0
LT37,2,0,0
LT39,2,0,0
LT40,2,0,0
LT41,2,0,0
LT42,2,0,0
LT43,4,0,0
LT46,2,0,0
LT47,2,0,0
LT51,22,0,0
LT52,34,0,0
LT54,2,0,0
LT55,2,0,0
LT56,2,0,0
LT58,2,0,0
LT59,2,0,0
LT60,2,0,0
LT61a,2,0,0
LT61b,2,0,0
LT62,2,0,0
LT63,4,0,0
LT64,2,0,0
LT65,2,0,0
LT66,2,0,0
LT67,2,0,0
LT68,4,0,0
LT69,2,0,0
LT70,11,0,0
LT72,2,0,0
LT73,3,0,0
LT74,6,0,0
LT75,2,0,0
LT76,2,0,0
LT77,6,0,0
LT78,8,0,0
LT79,2,0,0
LT80,4,0,0
LT81,11,0,0
LT82a,4,0,0
LT82b,2,0,0
LT83,2,0,0
LT84,2,0,0
LT85,2,0,0
LT86,2,0,0
LT87,2,0,0
LT88,2,0,0
Lai,86,0,0
Lat1,8,0,0
Lat2,4,0,0
Lat3,8,0,0
Lat4,2,0,0
Lat5,2,0,0
Lawf1,361,0,0
Lawf2,383,0,0
LgAG1,25,0,0
LgAG2,11,0,0
LgAG3,7,0,0
LgAG4,8,0,0
LgAG5,4,0,0
LgAG6,4,0,0
LgAG7,5,0,0
LgAG8,9,0,0
LgAG9,3,0,0
LgLG1a,136,0,0
LgLG1b,134,0,0
LgLG2,130,0,0
LgLG3,162,0,0
LgLG4,43,0,0
LgLG5,13,0,0
LgLG6,16,0,0
LgLG7,21,0,0
LgLG8,14,0,0
Li11a,4,0,0
Li11b,4,0,0
Li12,4,0,0
Li13,65,0,0
Li14,217,0,0
Li15,41,0,0
Li16,4,0,0
Li17,22,0,0
Li18a,49,0,0
Li18b,31,0,0
Li19,51,0,0
Li20,40,0,0
Li21,207,0,0
Li22,232,0,0
Li23,119,0,0
Li25,117,0,0
Li26,38,0,0
Li27,113,0,0
Li28,13,0,0
Li29,8,0,0
Li30,10,0,0
Li31,2,0,0
Li32,2,0,0
Li33,2,0,0
Li34a,68,0,0
Li34b,60,0,0
Li35,27,0,0
Li36,2,0,0
Li37,2,0,0
Li38,2,0,0
Li39,2,0,0
Li_unclear,3,0,0
LoVC1,2,0,0
LoVC11,2,0,0
LoVC12,2,0,0
LoVC13,2,0,0
LoVC14,2,0,0
LoVC15,6,0,0
LoVC16,4,0,0
LoVC17,5,0,0
LoVC18,4,0,0
LoVC19,4,0,0
LoVC2,2,0,0
LoVC20,2,2,2
LoVC21,2,0,0
LoVC22,4,0,0
LoVC23,4,4,0
LoVC24,10,0,0
LoVC25,22,0,0
LoVC26,6,0,0
LoVC27,10,0,0
LoVC28,3,0,0
LoVC29,4,0,0
LoVC3,2,0,0
LoVC4,2,0,0
LoVC5,2,0,0
LoVC6,2,0,0
LoVC7,2,0,0
LoVC9,2,0,0
LoVCLo1,2,0,0
LoVCLo2,2,0,0
LoVCLo3,2,0,0
LoVP1,52,0,0
LoVP10,15,0,0
LoVP100,2,0,0
LoVP101,2,0,0
LoVP102,2,0,0
LoVP103,2,0,0
LoVP105,2,2,0
LoVP106,2,0,0
LoVP107,2,0,0
LoVP108,3,0,0
LoVP109,1,0,0
LoVP11,8,0,0
LoVP12,42,0,0
LoVP13,51,0,0
LoVP14,19,0,0
LoVP16,11,0,0
LoVP17,8,0,0
LoVP18,12,0,0
LoVP19,2,0,0
LoVP2,44,0,0
LoVP20,2,0,0
LoVP21,4,0,0
LoVP22,4,0,0
LoVP23,6,0,0
LoVP24,8,0,0
LoVP25,6,0,0
LoVP26,12,0,0
LoVP27,10,0,0
LoVP28,2,0,0
LoVP29,2,0,0
LoVP3,12,0,0
LoVP30,2,0,0
LoVP31,1,0,0
LoVP32,6,0,0
LoVP33,6,0,0
LoVP34,2,0,0
LoVP35,2,0,0
LoVP36,2,0,0
LoVP37,2,2,0
LoVP38,4,0,0
LoVP39,4,0,0
LoVP4,12,0,0
LoVP40,2,0,0
LoVP41,2,0,0
LoVP42,2,0,0
LoVP43,2,0,0
LoVP44,2,0,0
LoVP45,2,0,0
LoVP46,2,0,0
LoVP47,2,0,0
LoVP48,2,0,0
LoVP49,2,0,0
LoVP5,27,0,0
LoVP50,7,0,0
LoVP51,2,0,0
LoVP52,2,0,0
LoVP53,2,0,0
LoVP54,2,0,0
LoVP55,4,0,0
LoVP56,2,0,0
LoVP57,2,0,0
LoVP58,2,0,0
LoVP59,2,0,0
LoVP6,22,0,0
LoVP60,2,0,0
LoVP61,4,0,0
LoVP62,4,0,0
LoVP63,2,0,0
LoVP64,2,0,0
LoVP65,2,0,0
LoVP66,2,0,0
LoVP67,2,0,0
LoVP68,2,0,0
LoVP69,2,0,0
LoVP7,20,0,0
LoVP70,2,0,0
LoVP71,4,0,0
LoVP72,2,0,0
LoVP73,2,0,0
LoVP74,4,0,0
LoVP75,5,0,0
LoVP76,4,0,0
LoVP77,2,0,0
LoVP78,3,0,0
LoVP79,2,0,0
LoVP8,22,0,0
LoVP80,4,0,0
LoVP81,4,4,0
LoVP82,4,0,0
LoVP83,7,0,0
LoVP84,7,0,0
LoVP85,2,0,0
LoVP86,2,0,0
LoVP88,2,0,0
LoVP89,5,0,0
LoVP9,13,0,0
LoVP90a,2,0,0
LoVP90b,2,0,0
LoVP90c,2,0,0
LoVP91,2,2,0
LoVP92,13,0,0
LoVP93,12,0,0
LoVP94,2,2,0
LoVP95,2,0,0
LoVP96,2,0,0
LoVP97,2,2,0
LoVP98,2,0,0
LoVP99,2,0,0
LoVP_unclear,12,0,0
LopVC_unclear,1,0,0
LpMe_unclear,2,0,0
MB-C1,5,5,0
MBON01,2,2,2
MBON02,2,2,2
MBON03,2,2,2
MBON04,2,2,2
MBON05,2,2,2
MBON06,2,2,2
MBON07,4,4,1
MBON09,4,4,4
MBON10,9,9,0
MBON11,2,2,2
MBON12,4,4,4
MBON13,2,2,2
MBON14,4,4,2
MBON15,4,4,0
MBON15-like,4,4,0
MBON16,2,2,0
MBON17,2,2,0
MBON17-like,2,2,0
MBON18,2,2,2
MBON19,4,4,0
MBON20,2,2,2
MBON21,2,2,2
MBON22,2,2,2
MBON23,2,2,0
MBON24,2,2,0
MBON25,2,2,0
MBON25-like,4,4,0
MBON26,2,2,2
MBON27,2,2,1
MBON28,2,2,0
MBON29,2,2,0
MBON30,2,2,2
MBON31,2,2,2
MBON32,2,2,2
MBON33,2,2,2
MBON34,2,2,0
MBON35,2,2,2
MDN,4,0,0
ME_LOP_unclear,1,0,0
ME_LO_unclear,4,0,0
ME_unclear,26,0,0
MN1,4,0,0
MN10,3,0,0
MN11D,3,0,0
MN11V,2,0,0
MN12D,4,0,0
MN13,2,0,0
MN2Da,2,0,0
MN2Db,2,0,0
MN2V,2,0,0
MN3L,4,0,0
MN3M,2,0,0
MN4a,4,0,0
MN4b,2,0,0
MN5,2,0,0
MN6,2,0,0
MN7,4,0,0
MN8,2,0,0
MN9,2,0,0
MNad01,8,0,0
MNad02,12,0,0
MNad03,6,0,0
"MNad04,MNad48",5,0,0
MNad05,6,0,0
MNad06,8,0,0
MNad07,6,0,0
MNad08,6,0,0
MNad09,8,0,0
MNad10,6,0,0
MNad11,8,0,0
MNad12,4,0,0
MNad14,8,0,0
MNad15,4,0,0
MNad16,8,0,0
MNad17,8,0,0
"MNad18,MNad27",8,0,0
MNad19,4,0,0
MNad20,4,0,0
MNad21,4,0,0
MNad22,4,0,0
MNad23,2,0,0
MNad24,2,0,0
MNad25,4,0,0
MNad26,2,0,0
MNad28,2,0,0
MNad29,2,0,0
MNad30,2,0,0
MNad31,2,0,0
MNad32,2,0,0
MNad33,2,0,0
MNad34,2,0,0
MNad35,2,0,0
MNad36,2,0,0
MNad40,2,0,0
MNad41,2,0,0
MNad42,2,0,0
MNad43,2,0,0
MNad44,2,0,0
MNad45,2,0,0
MNad46,2,0,0
MNad47,2,0,0
MNad49,2,0,0
MNad50,1,0,0
MNad53,4,0,0
MNad54,4,0,0
MNad55,2,0,0
MNad56,2,0,0
MNad57,2,0,0
MNad61,2,0,0
MNad62,2,0,0
MNad63,2,0,0
MNad64,2,0,0
MNad65,2,0,0
MNad66,2,0,0
MNad67,2,0,0
MNad68,2,0,0
MNad69,2,0,0
MNhl01,2,0,0
MNhl02,2,0,0
MNhl29,2,0,0
MNhl59,2,0,0
MNhl60,2,0,0
MNhl62,2,0,0
MNhl64,2,0,0
MNhl65,3,0,0
MNhl87,2,0,0
MNhl88,2,0,0
MNhm03,2,0,0
MNhm42,2,0,0
MNhm43,2,0,0
MNml29,2,0,0
MNml76,1,0,0
MNml77,2,0,0
MNml78,6,0,0
MNml79,2,0,0
MNml80,6,0,0
MNml81,2,0,0
MNml82,2,0,0
MNml83,1,0,0
MNnm03,2,0,0
"MNnm07,MNnm12",4,0,0
MNnm08,2,0,0
MNnm09,2,0,0
MNnm10,2,0,0
MNnm11,2,0,0
MNnm13,2,0,0
MNnm14,2,0,0
MNwm35,2,0,0
MNwm36,2,0,0
MNx01,4,0,0
MNx02,2,0,0
MNx03,3,0,0
MNx04,2,0,0
MNx05,2,0,0
MNxm01,2,0,0
MNxm02,2,0,0
MNxm03,2,0,0
MZ_lv2PN,2,2,2
M_VPNml66,6,6,0
M_adPNm3,2,2,0
M_adPNm4,2,2,0
M_adPNm5,9,9,0
M_adPNm7,3,3,0
M_adPNm8,6,6,0
M_ilPNm90,2,2,0
M_imPNl92,2,2,2
M_l2PN10t19,4,4,0
M_l2PN3t18,4,4,0
M_l2PNl20,2,2,1
M_l2PNl21,2,2,0
M_l2PNl22,2,2,0
M_l2PNl23,2,2,0
M_l2PNm14,2,2,0
M_l2PNm15,2,2,0
M_l2PNm16,4,4,0
M_l2PNm17,2,2,0
M_lPNm11A,6,6,0
M_lPNm11B,2,2,0
M_lPNm11C,2,2,0
M_lPNm11D,12,12,0
M_lPNm12,2,2,0
M_lPNm13,7,7,0
M_lv2PN9t49_a,2,2,0
M_lv2PN9t49_b,2,2,0
M_lvPNm24,4,4,0
M_lvPNm25,4,4,0
M_lvPNm26,4,4,0
M_lvPNm27,1,1,0
M_lvPNm28,2,2,0
M_lvPNm29,2,2,0
M_lvPNm30,2,2,0
M_lvPNm31,2,2,0
M_lvPNm32,2,2,0
M_lvPNm33,5,5,0
M_lvPNm35,5,5,0
M_lvPNm37,5,5,0
M_lvPNm38,2,2,0
M_lvPNm39,2,2,0
M_lvPNm40,4,4,0
M_lvPNm41,5,5,0
M_lvPNm42,3,3,0
M_lvPNm43,4,4,0
M_lvPNm44,2,2,0
M_lvPNm45,7,7,0
M_lvPNm46,4,4,0
M_lvPNm47,4,4,0
M_lvPNm48,8,8,0
M_smPN6t2,2,2,0
M_smPNm1,2,2,0
M_spPN4t9,2,2,0
M_spPN5t10,2,2,0
M_vPNml50,4,4,4
M_vPNml51,2,2,0
M_vPNml52,2,2,0
M_vPNml53,12,12,0
M_vPNml54,2,2,0
M_vPNml55,2,2,0
M_vPNml57,2,2,0
M_vPNml60,5,5,0
M_vPNml63,7,7,0
M_vPNml65,6,6,0
M_vPNml67,4,4,0
M_vPNml68,5,5,0
M_vPNml69,4,4,0
M_vPNml72,4,4,0
M_vPNml73,2,2,0
M_vPNml75,4,4,0
M_vPNml76,6,6,0
M_vPNml77,4,4,0
M_vPNml78,1,1,0
M_vPNml79,2,2,0
M_vPNml80,4,4,0
M_vPNml83,8,8,0
M_vPNml84,8,8,0
M_vPNml86,3,3,0
M_vPNml87,6,6,0
M_vPNml88,2,2,0
MeLo1,123,0,0
MeLo10,61,0,0
MeLo11,50,0,0
MeLo12,50,0,0
MeLo13,73,0,0
MeLo14,39,0,0
MeLo2,145,0,0
MeLo3a,107,0,0
MeLo3b,81,0,0
MeLo4,68,0,0
MeLo5,37,0,0
MeLo6,62,0,0
MeLo7,96,0,0
MeLo8,47,0,0
MeLo9,82,0,0
MeTu1,250,0,0
MeTu2a,70,0,0
MeTu2b,31,0,0
MeTu3a,42,0,0
MeTu3b,80,0,0
MeTu3c,173,0,0
MeTu4_unclear,2,0,0
MeTu4a,95,0,0
MeTu4b,32,0,0
MeTu4c,87,0,0
MeTu4d,40,0,0
MeTu4e,51,0,0
MeTu4f,56,0,0
MeVC1,2,0,0
MeVC10,2,0,0
MeVC11,2,0,0
MeVC12,2,0,0
MeVC2,2,0,0
MeVC20,4,0,0
MeVC21,6,0,0
MeVC22,4,0,0
MeVC23,2,0,0
MeVC24,2,0,0
MeVC25,2,0,0
MeVC26,2,0,0
MeVC27,6,0,0
MeVC3,2,0,0
MeVC4a,2,0,0
MeVC4b,2,0,0
MeVC5,2,0,0
MeVC6,2,0,0
MeVC7a,2,0,0
MeVC7b,2,0,0
MeVC8,2,0,0
MeVC9,2,0,0
MeVCMe1,4,0,0
MeVC_unclear,1,0,0
MeVP1,122,0,0
MeVP10,61,0,0
MeVP11,55,0,0
MeVP12,27,0,0
MeVP14,33,0,0
MeVP15,24,0,0
MeVP16,8,0,0
MeVP17,14,0,0
MeVP18,6,0,0
MeVP2,76,0,0
MeVP20,4,0,0
MeVP21,6,0,0
MeVP22,3,0,0
MeVP23,2,0,0
MeVP24,2,0,0
MeVP25,2,0,0
MeVP26,2,0,0
MeVP27,2,0,0
MeVP28,2,0,0
MeVP29,2,0,0
MeVP3,69,0,0
MeVP30,2,0,0
MeVP31,2,0,0
MeVP32,2,0,0
MeVP33,2,0,0
MeVP34,4,0,0
MeVP35,2,0,0
MeVP36,2,0,0
MeVP38,2,0,0
MeVP39,2,0,0
MeVP4,40,0,0
MeVP40,2,0,0
MeVP41,2,0,0
MeVP42,2,0,0
MeVP43,2,0,0
MeVP45,2,0,0
MeVP46,4,0,0
MeVP47,2,0,0
MeVP48,2,0,0
MeVP49,2,0,0
MeVP5,17,0,0
MeVP50,2,0,0
MeVP51,2,0,0
MeVP52,2,0,0
MeVP53,2,0,0
MeVP54,4,0,0
MeVP55,4,0,0
MeVP56,2,0,0
MeVP57,1,0,0
MeVP58,6,0,0
MeVP59,4,0,0
MeVP6,99,0,0
MeVP60,2,0,0
MeVP61,2,0,0
MeVP62,6,0,0
MeVP63,2,0,0
MeVP64,1,0,0
MeVP6_unclear,2,0,0
MeVP7,23,0,0
MeVP8,13,0,0
MeVP9,12,0,0
MeVPLo1,4,0,0
MeVPLo2,14,0,0
MeVPLp1,2,0,0
MeVPLp2,2,0,0
MeVPMe1,12,0,0
MeVPMe10,4,0,0
MeVPMe11,2,0,0
MeVPMe12,4,0,0
MeVPMe13,2,0,0
MeVPMe2,10,0,0
MeVPMe3,2,0,0
MeVPMe4,3,0,0
MeVPMe5,19,0,0
MeVPMe6,2,0,0
MeVPMe7,2,0,0
MeVPMe8,4,0,0
MeVPMe9,12,0,0
MeVPOL1,2,0,0
MeVP_unclear,1,0,0
MeVPaMe1,2,0,0
MeVPaMe2,2,0,0
Mi1,1773,0,0
Mi10,444,0,0
Mi13,910,0,0
Mi14,315,0,0
Mi15,1151,0,0
Mi16,191,0,0
Mi17,189,0,0
Mi18,69,0,0
Mi19,12,0,0
Mi2,986,0,0
Mi20,2,0,0
Mi4,1772,0,0
Mi9,1775,0,0
NPFL1-I,2,2,0
Nod1,4,0,0
Nod2,2,0,0
Nod3,2,0,0
Nod4,2,0,0
Nod5,2,0,0
OA-AL2i1,2,0,0
OA-AL2i2,4,0,0
OA-AL2i3,4,0,0
OA-AL2i4,2,0,0
OA-ASM1,4,0,0
OA-ASM2,2,2,1
OA-ASM3,2,2,0
OA-VPM3,2,2,2
OA-VPM4,2,2,2
OA-VUMa1,2,2,2
OA-VUMa2,2,2,2
OA-VUMa3,2,2,2
OA-VUMa4,2,2,2
OA-VUMa5,2,2,0
OA-VUMa6,2,2,2
OA-VUMa8,1,1,1
OCC01b,2,0,0
OCC02a,6,0,0
OCC02b,16,0,0
OCG01a,2,0,0
OCG01b,2,0,0
OCG01c,2,0,0
OCG01d,2,0,0
OCG01e,2,0,0
OCG01f,2,0,0
OCG02b,2,0,0
OCG02c,4,0,0
OCG03,2,0,0
OCG06,2,0,0
OLVC1,2,0,0
OLVC2,2,0,0
OLVC3,2,0,0
OLVC4,2,0,0
OLVC5,2,0,0
OLVC6,2,0,0
OLVC7,6,0,0
OLVp_unclear,1,0,0
ORN_D,28,0,0
ORN_DA1,204,0,0
ORN_DA2,48,0,0
ORN_DA3,34,0,0
ORN_DA4l,33,0,0
ORN_DA4m,35,0,0
ORN_DC1,32,0,0
ORN_DC2,22,0,0
ORN_DC3,35,0,0
ORN_DC4,23,0,0
ORN_DL1,83,0,0
ORN_DL2d,15,0,0
ORN_DL2v,23,0,0
ORN_DL3,103,0,0
ORN_DL4,62,0,0
ORN_DL5,43,0,0
ORN_DM1,74,0,0
ORN_DM2,54,0,0
ORN_DM3,63,0,0
ORN_DM4,32,0,0
ORN_DM5,35,0,0
ORN_DM6,58,0,0
ORN_DP1l,33,0,0
ORN_DP1m,31,0,0
ORN_V,55,0,0
ORN_VA1d,132,0,0
ORN_VA1v,130,0,0
ORN_VA2,83,0,0
ORN_VA3,30,0,0
ORN_VA4,34,0,0
ORN_VA5,16,0,0
ORN_VA6,63,0,0
ORN_VA7l,29,0,0
ORN_VA7m,24,0,0
ORN_VC1,29,0,0
ORN_VC2,32,0,0
ORN_VC3,34,0,0
ORN_VC4,38,0,0
ORN_VC5,31,0,0
ORN_VL1,82,0,0
ORN_VL2a,98,0,0
ORN_VL2p,45,0,0
ORN_VM1,33,0,0
ORN_VM2,41,0,0
ORN_VM3,43,0,0
ORN_VM4,78,0,0
ORN_VM5d,84,0,0
ORN_VM5v,34,0,0
ORN_VM6l,14,0,0
ORN_VM6m,25,0,0
ORN_VM6v,34,0,0
ORN_VM7d,36,0,0
ORN_VM7v,25,0,0
P6-8P9,4,4,0
PAL01,2,2,0
PAL03,2,2,0
PAM01,44,44,0
PAM02,17,17,0
PAM03,12,12,0
PAM04,32,32,0
PAM05,20,20,0
PAM06,28,28,0
PAM07,14,14,0
PAM08,50,50,0
PAM09,9,9,0
PAM10,15,15,0
PAM11,15,15,0
PAM12,22,22,0
PAM13,16,16,0
PAM14,18,18,0
PAM15,4,4,0
PEG,18,18,0
PEN_a(PEN1),20,20,0
PEN_b(PEN2),22,22,0
PFGs,18,18,0
PFL1,14,14,0
PFL2,12,12,0
PFL3,24,24,0
PFNa,58,58,0
PFNd,40,40,0
PFNm_a,21,21,0
PFNm_b,26,26,0
PFNp_a,64,64,0
PFNp_b,136,136,0
PFNp_c,40,40,0
PFNp_d,28,28,0
PFNp_e,23,23,0
PFNv,20,20,0
PFR_a,28,28,0
PFR_b,16,16,0
PI3,8,0,0
PLP001,3,3,1
PLP002,2,2,0
PLP003,3,3,0
PLP004,2,2,0
PLP005,2,2,0
PLP006,2,2,0
PLP007,2,2,0
PLP008,2,2,0
PLP009,6,6,0
PLP010,2,2,0
PLP012,2,2,0
PLP013,4,4,0
PLP015,4,4,3
PLP016,2,2,1
PLP017,4,4,0
PLP018,4,4,0
PLP019,2,2,2
PLP020,2,2,0
PLP021,4,4,0
PLP022,2,2,0
PLP023,4,4,0
PLP025,12,12,0
PLP026,8,8,0
PLP028,8,8,0
PLP029,2,2,0
PLP032,2,2,0
PLP034,2,2,0
PLP035,2,2,0
PLP036,2,2,0
PLP037,9,9,0
PLP038,4,4,0
PLP039,6,6,0
PLP041,2,2,0
PLP042_a,5,5,0
PLP042_b,8,8,0
PLP042_c,6,6,0
PLP042a,2,2,0
PLP043,4,4,0
PLP044,6,6,0
PLP046,12,12,0
PLP048,8,8,0
PLP052,7,7,0
PLP053,6,6,0
PLP054,8,8,0
PLP055,4,4,0
PLP056,3,3,0
PLP057,3,3,0
PLP058,2,2,0
PLP059,6,6,0
PLP060,2,2,2
PLP063,3,3,0
PLP064_a,7,7,0
PLP064_b,6,6,0
PLP065,6,6,0
PLP066,2,2,0
PLP067,6,6,0
PLP069,4,4,0
PLP071,4,4,0
PLP073,4,4,0
PLP074,2,2,2
PLP075,2,2,0
PLP076,2,2,0
PLP078,2,2,1
PLP079,2,2,0
PLP080,2,2,0
PLP081,4,4,0
PLP084,2,2,0
PLP085,4,4,0
PLP086,9,9,0
PLP087,4,4,0
PLP089,7,7,0
PLP092,2,2,1
PLP093,2,2,0
PLP094,2,2,0
PLP095,4,4,0
PLP096,2,2,0
PLP097,2,2,0
PLP099,7,7,0
PLP100,3,3,0
PLP101,7,7,0
PLP102,4,4,0
PLP103,9,9,0
PLP106,6,6,0
PLP108,9,9,0
PLP109,4,4,0
PLP111,5,5,0
PLP113,4,4,0
PLP114,2,2,0
PLP115_a,10,10,0
PLP115_b,16,16,0
PLP116,2,2,0
PLP119,2,2,0
PLP120,2,2,0
PLP121,2,2,0
PLP122_a,2,2,0
PLP122_b,2,2,0
PLP123,2,2,0
PLP124,2,2,0
PLP128,2,2,0
PLP129,2,2,0
PLP130,2,2,0
PLP131,2,2,0
PLP132,2,2,0
PLP134,2,2,0
PLP139,4,4,0
PLP141,2,2,0
PLP142,4,4,0
PLP143,2,2,0
PLP144,2,2,0
PLP145,2,2,0
PLP148,2,2,0
PLP149,4,4,0
PLP150,11,11,0
PLP154,2,2,0
PLP155,6,6,0
PLP156,4,4,0
PLP157,6,6,0
PLP158,10,10,0
PLP159,4,4,0
PLP160,7,7,0
PLP161,4,4,0
PLP162,4,4,0
PLP163,2,2,2
PLP164,4,4,0
PLP165,5,5,0
PLP169,2,2,0
PLP170,2,2,0
PLP171,2,2,0
PLP172,9,9,0
PLP173,3,3,0
PLP174,5,5,0
PLP175,2,2,0
PLP177,2,2,0
PLP178,2,2,0
PLP180,6,6,0
PLP181,6,6,0
PLP182,12,12,0
PLP184,2,2,0
PLP185,4,4,0
PLP186,4,4,0
PLP187,6,6,0
PLP188,10,10,0
PLP189,6,6,0
PLP190,6,6,0
PLP191,6,6,0
PLP192,8,8,0
PLP196,2,2,0
PLP197,2,2,0
PLP199,4,4,0
PLP208,2,2,2
PLP209,2,2,2
PLP211,2,2,2
PLP213,2,2,0
PLP214,2,2,0
PLP216,2,2,0
PLP217,2,2,0
PLP218,4,4,0
PLP219,4,4,0
PLP221,2,2,0
PLP222,2,2,0
PLP225,2,2,0
PLP228,2,2,0
PLP229,2,2,0
PLP230,2,2,0
PLP231,4,4,0
PLP232,2,2,0
PLP239,2,2,0
PLP241,5,5,0
PLP243,2,2,0
PLP245,2,2,0
PLP246,2,2,0
PLP247,2,2,0
PLP248,2,2,0
PLP249,2,2,0
PLP250,2,2,0
PLP252,2,2,0
PLP254,4,4,0
PLP256,2,2,2
PLP257,2,2,0
PLP258,2,2,0
PLP259,2,2,0
PLP260,2,2,0
PLP261,2,2,0
PLP262,2,2,0
PLP300m,4,4,0
PLP301m,4,4,0
PLP_TBD1,1,1,0
PLVP059,9,9,0
PPL101,2,2,2
PPL102,2,2,2
PPL103,2,2,2
PPL104,2,2,0
PPL105,2,2,2
PPL106,2,2,2
PPL107,2,2,2
PPL108,2,2,1
PPL201,2,2,2
PPL202,2,2,0
PPL203,2,2,0
PPL204,2,2,0
PPM1201,4,4,0
PPM1202,4,4,0
PPM1203,2,2,2
PPM1204,2,2,0
PPM1205,2,2,0
PRW001,2,2,0
PRW002,2,2,0
PRW003,2,2,0
PRW004,1,1,1
PRW005,14,14,0
PRW006,19,19,0
PRW007,12,12,0
PRW008,10,10,0
PRW009,6,6,0
PRW010,8,8,0
PRW011,2,2,0
PRW012,4,4,0
PRW013,2,2,0
PRW014,2,2,0
PRW015,2,2,0
PRW016,6,6,0
PRW017,4,4,0
PRW019,2,2,0
PRW020,4,4,0
PRW021,3,3,0
PRW022,4,4,0
PRW023,3,3,0
PRW024,6,6,0
PRW025,6,6,0
PRW026,5,5,0
PRW027,2,2,0
PRW028,6,6,0
PRW029,2,2,0
PRW030,2,2,0
PRW031,4,4,0
PRW032,2,2,0
PRW033,2,2,0
PRW034,2,2,0
PRW035,5,5,0
PRW036,2,2,0
PRW037,6,6,0
PRW038,2,2,0
PRW039,8,8,0
PRW040,2,2,0
PRW041,6,6,0
PRW042,6,6,0
PRW043,5,5,0
PRW044,8,8,0
PRW045,2,2,0
PRW046,2,2,0
PRW047,2,2,0
PRW048,2,2,0
PRW049,2,2,0
PRW050,3,3,0
PRW051,2,2,0
PRW052,2,2,0
PRW053,2,2,0
PRW054,2,2,0
PRW055,2,2,0
PRW056,2,2,0
PRW057,1,1,0
PRW058,2,2,0
PRW059,2,2,0
PRW060,2,2,0
PRW061,2,2,0
PRW062,2,2,0
PRW063,2,2,0
PRW064,2,2,0
PRW065,2,2,0
PRW066,2,2,0
PRW067,2,2,0
PRW068,2,2,0
PRW069,2,2,0
PRW070,2,2,0
PRW071,2,2,0
PRW072,2,2,0
PRW073,2,2,0
PRW074,2,2,0
PRW075,4,4,0
PS001,2,2,0
PS002,6,6,0
PS003,4,4,0
PS004,6,6,0
PS005_a,8,8,0
PS005_b,5,5,0
PS005_c,5,5,0
PS005_d,5,5,0
PS005_e,5,5,0
PS005_f,4,4,0
PS007,4,4,0
PS008_a1,2,2,0
PS008_a2,4,4,0
PS008_a3,2,2,0
PS008_a4,3,3,0
PS008_b,10,10,0
PS010,2,2,0
PS011,2,2,0
PS013,2,2,0
PS018_a,2,2,0
PS018_b,2,2,0
PS019,4,4,0
PS020,2,2,0
PS021,4,4,0
PS022,4,4,0
PS023,5,5,0
PS024,4,4,0
PS025,2,2,0
PS026,4,4,0
PS027,2,2,0
PS029,2,2,0
PS030,2,2,0
PS031,2,2,0
PS032,4,4,0
PS033_a,4,4,0
PS033_b,2,2,0
PS034,6,6,0
PS037,6,6,0
PS038,12,12,0
PS041,2,2,0
PS042,6,6,0
PS046,2,2,0
PS047_a,2,2,0
PS047_b,2,2,2
PS048_a,2,2,0
PS048_b,2,2,0
PS049,2,2,1
PS050,2,2,0
PS051,2,2,0
PS052,4,4,0
PS053,2,2,0
PS054,4,4,0
PS055,9,9,0
PS057,2,2,0
PS058,2,2,0
PS059,4,4,0
PS060,2,2,0
PS061,2,2,0
PS062,2,2,0
PS063,2,2,0
PS065,2,2,0
PS068,2,2,0
PS070,2,2,0
PS072,11,11,0
PS074,4,4,0
PS076,6,6,0
PS077,15,15,0
PS078,6,6,0
PS080,2,2,0
PS081,2,2,0
PS082,2,2,0
PS083_a,2,2,0
PS083_b,4,4,0
PS083_c,2,2,0
PS084,6,6,0
PS085,2,2,0
PS087,18,18,0
PS088,2,2,2
PS089,2,2,0
PS090,4,4,0
PS091,2,2,0
PS092,2,2,0
PS093,2,2,0
PS094,4,4,0
PS095,8,8,0
PS096,12,12,0
PS097,8,8,0
PS098,2,2,0
PS099_a,2,2,0
PS099_b,2,2,0
PS100,2,2,2
PS101,2,2,0
PS106,4,4,0
PS107,4,4,0
PS108,2,2,0
PS109,4,4,0
PS110,6,6,0
PS111,2,2,0
PS112,2,2,2
PS114,2,2,0
PS115,2,2,0
PS116,2,2,0
PS117_a,2,2,0
PS117_b,2,2,0
PS118,6,6,0
PS124,2,2,2
PS126,2,2,0
PS127,2,2,0
PS137,4,4,0
PS138,2,2,0
PS139,2,2,0
PS140,4,4,0
PS141,4,4,0
PS142,6,6,0
PS143,2,2,0
PS146,4,4,0
PS148,6,6,0
PS149,2,2,0
PS150,9,9,0
PS153,12,12,0
PS156,2,2,0
PS157,2,2,0
PS158,2,2,0
PS159,2,2,0
PS160,2,2,0
PS161,2,2,0
PS164,4,4,0
PS170,2,2,0
PS171,2,2,0
PS172,2,2,0
PS173,2,2,0
PS174,2,2,0
PS175,2,2,0
PS176,2,2,0
PS177,2,2,0
PS178,2,2,0
PS180,2,2,0
PS181,2,2,0
PS182,2,2,0
PS183,2,2,0
PS185,2,2,0
PS186,2,2,0
PS187,2,2,0
PS188,7,7,0
PS191,4,4,0
PS192,4,4,0
PS193,2,2,0
PS193b,4,4,0
PS194,6,6,0
PS196_a,2,2,2
PS196_b,2,2,2
PS197,4,4,0
PS199,2,2,0
PS200,2,2,0
PS201,2,2,0
PS202,2,2,0
PS203,4,4,0
PS206,2,2,0
PS208,11,11,0
PS209,12,12,0
PS210,1,1,0
PS213,2,2,0
PS214,2,2,0
PS215,2,2,0
PS217,2,2,0
PS220,4,4,0
PS221,8,8,0
PS224,2,2,0
PS229,6,6,0
PS230,4,4,0
PS231,2,2,0
PS232,2,2,0
PS233,4,4,0
PS234,2,2,0
PS237,4,4,0
PS238,2,2,0
PS239,4,4,0
PS240,6,6,0
PS241,8,8,0
PS242,3,3,0
PS246,2,2,0
PS247,1,1,0
PS248,2,2,0
PS249,2,2,0
PS252,5,5,0
PS253,2,2,0
PS258,2,2,0
PS260,4,4,0
PS261,4,4,0
PS262,2,2,0
PS263,4,4,0
PS265,2,2,0
PS267,5,5,0
PS268,8,8,0
PS269,5,5,0
PS270,6,6,0
PS272,4,4,0
PS274,2,2,2
PS276,2,2,0
PS278,2,2,0
PS279,4,4,0
PS280,2,2,0
PS281,4,4,0
PS282,7,7,0
PS283,2,2,0
PS284,4,4,0
PS285,6,6,0
PS286,2,2,0
PS291,4,4,0
PS292,4,4,0
PS300,2,2,0
PS303,2,2,0
PS304,2,2,0
PS305,2,2,0
PS306,2,2,1
PS307,2,2,0
PS308,2,2,0
PS309,2,2,0
PS310,2,2,0
PS311,2,2,0
PS312,2,2,0
PS313,2,2,0
PS314,2,2,0
PS315,4,4,0
PS316,4,4,0
PS317,2,2,0
PS318,4,4,0
PS320,2,2,0
PS321,2,2,0
PS322,2,2,0
PS323,4,4,0
PS324,12,12,0
PS326,4,4,0
PS327,2,2,0
PS328,2,2,0
PS329,2,2,0
PS330,2,2,0
PS331,6,6,0
PS333,4,4,0
PS334,2,2,0
PS335,15,15,0
PS336,4,4,0
PS337,2,2,0
PS338,2,2,0
PS339,2,2,0
PS340,2,2,0
PS341,4,4,0
PS342,2,2,0
PS343,4,4,0
PS344,2,2,0
PS345,6,6,0
PS346,5,5,0
PS347_a,2,2,0
PS347_b,2,2,0
PS348,2,0,0
PS349,2,0,0
PS350,3,3,0
PS351,4,4,0
PS352,2,2,0
PS353,10,10,0
PS354,2,2,0
PS355,2,2,0
PS356,4,4,0
PS357,12,12,0
PS358,2,2,0
PS359,2,2,0
PSI,2,0,0
PVLP001,2,2,0
PVLP002,2,2,2
PVLP003,2,2,0
PVLP004,16,16,0
PVLP005,15,15,0
PVLP007,11,11,0
PVLP008_a1,4,4,0
PVLP008_a2,4,4,0
PVLP008_a3,2,2,0
PVLP008_a4,2,2,0
PVLP008_b,4,4,0
PVLP008_c,12,12,0
PVLP009,3,3,0
PVLP010,2,2,2
PVLP011,2,2,0
PVLP012,4,4,0
PVLP013,2,2,2
PVLP014,2,2,2
PVLP015,2,2,0
PVLP016,2,2,2
PVLP017,2,2,2
PVLP018,2,2,2
PVLP019,2,2,0
PVLP020,2,2,0
PVLP021,4,4,0
PVLP022,3,3,0
PVLP024,3,3,0
PVLP025,4,4,0
PVLP026,2,2,0
PVLP027,2,2,0
PVLP028,4,4,0
PVLP030,2,2,0
PVLP031,4,4,0
PVLP033,9,9,0
PVLP034,10,10,0
PVLP036,6,6,0
PVLP037,7,7,0
PVLP037_unclear,2,2,0
PVLP046,14,0,0
PVLP046_unclear,1,0,0
PVLP047,8,8,0
PVLP048,8,8,0
PVLP049,4,4,0
PVLP060,6,6,0
PVLP061,2,2,2
PVLP062,2,2,0
PVLP063,2,2,0
PVLP064,6,6,0
PVLP065,2,2,0
PVLP066,4,4,0
PVLP068,6,6,0
PVLP069,2,2,0
PVLP070,4,4,0
PVLP071,4,4,0
PVLP072,10,10,0
PVLP073,5,5,0
PVLP074,9,9,0
PVLP075,2,2,0
PVLP076,2,2,2
PVLP078,2,2,0
PVLP079,2,2,0
PVLP080_a,4,4,0
PVLP080_b,6,6,0
PVLP081,4,4,0
PVLP082,10,10,0
PVLP084,2,2,0
PVLP085,8,8,0
PVLP086,4,4,0
PVLP088,7,7,0
PVLP089,2,2,0
PVLP090,2,2,0
PVLP092,6,6,0
PVLP093,2,2,2
PVLP094,2,2,0
PVLP096,4,4,0
PVLP097,14,14,0
PVLP098,8,8,0
PVLP099,8,8,0
PVLP100,3,3,0
PVLP101,8,8,0
PVLP102,2,2,0
PVLP103,7,7,0
PVLP104,4,4,0
PVLP105,5,5,0
PVLP106,2,2,2
PVLP107,2,2,2
PVLP108,4,4,0
PVLP109,4,4,0
PVLP110,4,4,0
PVLP111,9,9,0
PVLP112,8,8,0
PVLP113,7,7,0
PVLP114,2,2,2
PVLP115,2,2,1
PVLP118,4,4,0
PVLP120,2,2,2
PVLP121,2,2,2
PVLP122,6,6,4
PVLP123,10,10,0
PVLP124,2,2,0
PVLP125,2,2,0
PVLP126_a,2,2,0
PVLP126_b,2,2,0
PVLP127,3,3,0
PVLP128,7,7,0
PVLP130,2,2,0
PVLP131,3,3,0
PVLP133,24,24,0
PVLP134,4,4,0
PVLP135,4,4,1
PVLP137,2,2,2
PVLP138,2,2,2
PVLP139,4,4,0
PVLP140,2,2,2
PVLP141,2,2,2
PVLP143,2,2,0
PVLP144,6,6,0
PVLP148,4,4,0
PVLP149,4,4,0
PVLP150,2,2,0
PVLP151,4,4,0
PVLP200m_a,2,2,0
PVLP200m_b,2,2,0
PVLP201m_a,2,2,0
PVLP201m_b,2,2,0
PVLP201m_c,2,2,0
PVLP201m_d,2,2,0
PVLP202m,6,6,0
PVLP203m,8,8,0
PVLP204m,6,6,0
PVLP205m,8,8,0
PVLP206m,4,4,0
PVLP207m,8,8,0
PVLP208m,3,3,0
PVLP209m,13,13,0
PVLP210m,6,6,0
PVLP211m_a,2,2,0
PVLP211m_b,2,2,0
PVLP211m_c,2,2,0
PVLP213m,4,4,0
PVLP214m,10,10,0
PVLP216m,4,4,0
PVLP217m,2,2,0
PhG10,2,0,0
PhG11,2,0,0
PhG12,2,0,0
PhG13,2,0,0
PhG14,2,0,0
PhG15,2,0,0
PhG16,2,0,0
PhG1a,2,0,0
PhG1b,2,0,0
PhG1c,4,0,0
PhG2,4,0,0
PhG3,2,0,0
PhG4,4,0,0
PhG5,2,0,0
PhG6,2,0,0
PhG7,4,0,0
PhG8,4,0,0
PhG9,4,0,0
Pleural remotor/abductor MN,14,0,0
Pm1,246,0,0
Pm10,74,0,0
Pm11,4,0,0
Pm12,4,0,0
Pm13,2,0,0
Pm2a,219,0,0
Pm2b,124,0,0
Pm3,69,0,0
Pm4,168,0,0
Pm5,182,0,0
Pm6,50,0,0
Pm7,28,0,0
Pm7_Li28,2,0,0
Pm8,39,0,0
Pm9,54,0,0
Pm_unclear,1,0,0
R1-R6,3377,0,0
R7R8_unclear,85,0,0
R7_unclear,404,0,0
R7d,82,0,0
R7p,332,0,0
R7y,482,0,0
R8_unclear,442,0,0
R8d,76,0,0
R8p,330,0,0
R8y,481,0,0
SA1_a,3,3,0
SA1_b,5,5,0
SA1_c,1,1,0
SA2_a,3,3,0
SA2_b,4,4,0
SA2_c,2,2,0
SA3,8,8,0
SAD001,10,10,0
SAD003,6,6,0
SAD004,10,10,0
SAD005,5,5,0
SAD006,6,6,0
SAD007,8,8,0
SAD008,6,6,0
SAD009,3,3,0
SAD010,2,2,0
SAD011,6,6,0
SAD012,4,4,0
SAD013,2,2,2
SAD014,4,4,0
SAD019,2,2,0
SAD021,2,2,0
SAD021_a,6,6,0
SAD021_b,2,2,0
SAD021_c,4,4,0
SAD023,6,6,0
SAD030,7,7,0
SAD034,2,2,0
SAD035,2,2,0
SAD036,2,2,0
SAD040,4,4,0
SAD043,2,2,0
SAD044,4,4,0
SAD045,10,10,0
SAD046,4,4,0
SAD047,7,7,0
SAD049,2,2,0
SAD051_a,7,7,0
SAD051_b,7,7,0
SAD052,4,4,0
SAD053,2,2,0
SAD055,2,2,0
SAD057,12,12,0
SAD064,6,6,0
SAD070,2,2,0
SAD071,2,2,0
SAD072,2,2,0
SAD073,4,4,0
SAD074,2,2,0
SAD075,4,4,0
SAD076,2,2,0
SAD077,9,9,0
SAD078,6,6,0
SAD079,8,8,0
SAD080,3,3,0
SAD082,2,2,0
SAD084,2,2,0
SAD085,2,2,0
SAD091,1,1,0
SAD092,1,1,0
SAD093,2,2,0
SAD094,2,2,0
SAD096,1,1,0
SAD097,2,2,0
SAD098,2,2,0
SAD099,2,2,0
SAD100,2,2,0
SAD101,2,2,0
SAD103,1,1,0
SAD104,5,5,0
SAD105,2,2,0
SAD106,2,2,2
SAD107,2,2,0
SAD108,2,2,0
SAD109,1,1,0
SAD110,4,4,0
SAD111,2,2,0
SAD112_a,2,2,0
SAD112_b,2,2,0
SAD112_c,2,2,0
SAD113,4,4,0
SAD114,2,2,0
SAD115,1,1,0
SAD116,4,4,0
SAD117,10,10,0
SAD200m,11,11,0
SAF,8,8,0
SApp,148,0,0
SApp01,19,0,0
"SApp02,SApp03",3,0,0
SApp04,9,0,0
SApp05,3,0,0
"SApp06,SApp15",37,0,0
SApp07,2,0,0
SApp08,47,0,0
"SApp09,SApp22",74,0,0
SApp10,37,0,0
"SApp11,SApp18",8,0,0
SApp13,8,0,0
SApp14,7,0,0
SApp19,9,0,0
SApp20,2,0,0
SApp21,3,0,0
SApp23,23,0,0
"SApp23,SNpp56",6,0,0
SAxx01,13,0,0
SAxx02,12,0,0
SCL001m,11,11,0
SCL002m,10,10,0
SIP003_a,8,8,0
SIP003_b,8,8,0
SIP004,2,2,0
SIP005,4,4,0
SIP006,2,2,0
SIP007,2,2,0
SIP011,8,8,0
SIP013,5,5,0
SIP015,8,8,0
SIP017,2,2,0
SIP018,2,2,0
SIP019,2,2,0
SIP020_a,4,4,0
SIP020_b,2,2,0
SIP020_c,2,2,0
SIP020b,1,1,0
SIP021_a,4,4,0
SIP021_b,3,3,0
SIP022,2,2,0
SIP024,5,5,0
SIP025,2,2,0
SIP026,2,2,0
SIP027,7,7,0
SIP028,9,9,0
SIP029,2,2,0
SIP030,4,4,0
SIP031,2,2,0
SIP032,6,6,0
SIP033,4,4,0
SIP034,4,4,0
SIP037,6,6,0
SIP041,4,4,0
SIP042_a,6,6,0
SIP042_b,4,4,0
SIP045,4,4,0
SIP046,2,2,0
SIP047,10,10,0
SIP048,2,2,0
SIP049,2,2,0
SIP051,2,2,0
SIP052,2,2,0
SIP053,10,10,0
SIP054,4,4,0
SIP057,2,2,0
SIP064,2,2,0
SIP065,2,2,0
SIP066,4,4,0
SIP067,2,2,0
SIP069,3,3,0
SIP070,6,6,0
SIP071,6,6,0
SIP073,6,6,0
SIP074_a,2,2,0
SIP074_b,6,6,0
SIP075,6,6,0
SIP076,20,20,0
SIP077,4,4,0
SIP078,8,8,0
SIP080,6,6,0
SIP081,4,4,0
SIP086,2,2,0
SIP087,2,2,2
SIP088,2,2,0
SIP089,9,9,0
SIP090,1,1,0
SIP091,2,2,0
SIP100m,10,10,0
SIP101m,6,6,0
SIP102m,2,2,2
SIP103m,9,9,0
SIP104m,8,8,0
SIP105m,2,2,0
SIP106m,2,2,2
SIP107m,2,2,0
SIP108m,4,4,0
SIP109m,4,4,0
SIP110m_a,2,2,0
SIP110m_b,2,2,0
SIP111m,2,2,0
SIP112m,8,8,0
SIP113m,5,5,0
SIP115m,4,4,0
SIP116m,6,6,0
SIP117m,2,2,0
SIP118m,7,7,0
SIP119m,9,9,0
SIP121m,6,6,0
SIP122m,8,8,0
SIP123m,4,4,0
SIP124m,7,7,0
SIP126m_a,2,2,0
SIP126m_b,2,2,0
SIP128m,5,5,0
SIP130m,4,4,0
SIP132m,2,2,0
SIP133m,2,2,2
SIP135m,10,10,0
SIP136m,2,2,2
SIP137m_a,2,2,0
SIP137m_b,2,2,0
SIP140m,2,2,0
SIP141m,6,6,0
SIP142m,4,4,0
SIP143m,4,4,0
SIP145m,6,6,0
SIP146m,9,9,0
SIP147m,5,5,0
SLP001,2,2,0
SLP002,8,8,0
SLP003,2,2,2
SLP004,2,2,2
SLP006,2,2,0
SLP007,4,4,0
SLP008,4,4,0
SLP011,2,2,0
SLP012,8,8,0
SLP015_b,4,4,0
SLP015_c,7,7,0
SLP016,2,2,0
SLP017,3,3,0
SLP018,10,10,0
SLP019,6,6,0
SLP021,6,6,0
SLP022,2,2,0
SLP024,21,21,0
SLP025,4,4,0
SLP026,5,5,0
SLP027,4,4,0
SLP028,9,9,0
SLP030,2,2,0
SLP031,2,2,0
SLP032,2,2,0
SLP033,2,2,0
SLP034,2,2,0
SLP035,3,3,0
SLP036,10,10,0
SLP038,6,6,0
SLP040,6,6,0
SLP041,6,6,0
SLP042,5,5,0
SLP043,6,6,0
SLP044_a,3,3,0
SLP044_d,6,6,0
SLP046,2,2,0
SLP047,2,2,0
SLP048,2,2,0
SLP056,2,2,2
SLP057,2,2,2
SLP058,2,2,0
SLP059,2,2,0
SLP060,2,2,1
SLP061,2,2,0
SLP062,4,4,0
SLP064,2,2,0
SLP065,5,5,0
SLP066,2,2,0
SLP067,2,2,0
SLP068,2,2,0
SLP069,2,2,0
SLP070,2,2,0
SLP071,2,2,0
SLP072,2,2,0
SLP073,2,2,0
SLP074,2,2,0
SLP075,2,2,0
SLP076,4,4,0
SLP077,2,2,0
SLP078,4,4,0
SLP079,2,2,0
SLP080,2,2,0
SLP081,7,7,0
SLP082,18,18,0
SLP083,2,2,0
SLP085,4,4,0
SLP086,7,7,0
SLP087,8,8,0
SLP088_a,8,8,0
SLP088_b,4,4,0
SLP089,5,5,0
SLP094_a,4,4,0
SLP094_b,4,4,0
SLP094_c,2,2,0
SLP098,4,4,0
SLP099,2,2,0
SLP101,4,4,0
SLP102,8,8,0
SLP103,8,8,0
SLP104,6,6,0
SLP105,4,4,0
SLP106,4,4,0
SLP109,4,4,0
SLP112,6,6,0
SLP113,6,6,0
SLP114,2,2,0
SLP115,7,7,0
SLP116,2,2,0
SLP118,2,2,0
SLP119,2,2,0
SLP120,2,2,0
SLP122,6,6,0
SLP122_b,2,2,0
SLP126,2,2,0
SLP128,6,6,0
SLP129_c,6,6,0
SLP130,2,2,2
SLP131,2,2,2
SLP132,2,2,0
SLP134,2,2,0
SLP136,2,2,0
SLP137,4,4,0
SLP138,3,3,0
SLP141,6,6,0
SLP142,8,8,0
SLP149,2,2,0
SLP150,2,2,0
SLP151,2,2,0
SLP152,8,8,0
SLP153,2,2,0
SLP155,2,2,0
SLP157,4,4,0
SLP158,6,6,0
SLP160,9,9,0
SLP162,9,9,0
SLP164,11,11,0
SLP168,2,2,0
SLP170,2,2,0
SLP171,6,6,0
SLP173,1,1,0
SLP176,13,13,0
SLP178,4,4,0
SLP179_a,6,6,0
SLP179_b,12,12,0
SLP183,5,5,0
SLP184,2,2,0
SLP186,5,5,0
SLP187,12,12,0
SLP188,14,14,0
SLP189,3,3,0
SLP189_a,2,2,0
SLP189_b,8,8,0
SLP198,6,6,0
SLP199,8,8,0
SLP202,2,2,0
SLP204,7,7,0
SLP206,2,2,0
SLP207,2,2,0
SLP208,2,2,0
SLP209,2,2,0
SLP210,2,2,0
SLP211,2,2,0
SLP212_a,2,2,0
SLP212_b,2,2,0
SLP212_c,2,2,0
SLP214,2,2,0
SLP215,2,2,0
SLP216,2,2,0
SLP217,8,8,0
SLP221,2,2,0
SLP222,4,4,0
SLP223,8,8,0
SLP224,7,7,0
SLP227,8,8,0
SLP228,4,4,0
SLP229,8,8,0
SLP230,2,2,2
SLP231,2,2,0
SLP234,2,2,0
SLP235,2,2,0
SLP236,2,2,0
SLP237,4,4,0
SLP238,2,2,0
SLP239,2,2,0
SLP240_a,5,5,0
SLP240_b,7,7,0
SLP241,9,9,0
SLP242,6,6,0
SLP243,2,2,0
SLP244,4,4,0
SLP245,6,6,0
SLP246,5,5,0
SLP247,2,2,0
SLP248,2,2,0
SLP249,4,4,0
SLP250,2,0,0
SLP251,2,2,0
SLP252_a,2,2,0
SLP252_b,2,2,0
SLP252_c,2,2,0
SLP255,2,2,0
SLP256,2,2,0
SLP257,2,2,0
SLP258,2,2,0
SLP259,4,4,0
SLP260,2,2,0
SLP265,2,2,0
SLP266,14,14,0
SLP267,10,10,0
SLP268,11,11,0
SLP269,2,2,0
SLP270,2,2,0
SLP271,2,2,0
SLP273,2,2,0
SLP274,3,3,0
SLP275,10,10,0
SLP278,2,2,0
SLP279,2,2,0
SLP281,2,2,0
"SLP283,SLP284",10,10,0
SLP285,12,12,0
SLP286,9,9,0
SLP287,4,4,0
SLP288,10,10,0
SLP289,11,11,0
SLP290,6,6,0
SLP291,5,5,0
SLP295,10,10,0
SLP298,2,2,0
SLP300,10,10,0
SLP302,4,4,0
SLP304,4,4,0
SLP305,2,2,0
SLP307,1,1,0
SLP308,4,4,0
SLP310,2,2,0
SLP311,4,4,0
SLP312,6,6,0
SLP313,4,4,0
SLP314,8,8,0
SLP315,2,2,0
SLP316,6,6,0
SLP319,2,2,0
SLP320,5,5,0
SLP321,4,4,0
SLP322,7,7,0
SLP324,10,10,0
SLP327,4,4,0
SLP328,3,3,0
SLP330,5,5,0
SLP334,6,6,0
SLP337,6,6,0
SLP340,2,2,0
SLP341_a,2,2,0
SLP341_b,2,2,0
SLP344,4,4,0
SLP345,5,5,0
SLP347,4,4,0
SLP354,2,2,0
SLP355,2,2,0
SLP356,4,4,0
SLP358,2,2,0
SLP359,4,4,0
SLP360_a,2,2,0
SLP360_b,2,2,0
SLP360_c,2,2,0
SLP360_d,5,5,0
SLP361,4,4,0
SLP363,2,2,0
SLP364,4,4,0
SLP365,2,2,0
SLP366,2,2,0
SLP368,2,2,0
SLP369,12,12,0
SLP372,4,4,0
SLP373,2,2,0
SLP374,2,2,0
SLP375,4,4,0
SLP376,2,2,0
SLP377,2,2,0
SLP378,2,2,0
SLP379,2,2,0
SLP380,2,2,0
SLP381,2,2,0
SLP382,2,2,0
SLP383,2,2,0
SLP384,2,2,0
SLP385,2,2,0
SLP386,2,2,0
SLP387,2,2,0
SLP388,2,2,2
SLP389,2,2,0
SLP390,2,2,0
SLP391,2,2,0
SLP392,2,2,0
SLP393,2,2,0
SLP394,2,2,0
SLP395,2,2,0
SLP396,4,4,0
SLP397,2,2,0
SLP398,4,4,0
SLP400,5,5,0
SLP402_a,4,4,0
SLP402_b,2,2,0
SLP403,4,4,0
SLP404,2,2,0
SLP405,2,2,0
SLP405_a,13,13,0
SLP405_b,11,11,0
SLP405_c,6,6,0
SLP406,2,2,0
SLP411,2,2,0
SLP412_a,2,2,0
SLP412_b,2,2,0
SLP414,11,11,0
SLP421,10,10,0
SLP424,2,2,0
SLP429,2,2,0
SLP433,2,2,0
SLP435,2,2,0
SLP437,2,2,0
SLP438,4,4,0
SLP439,2,2,0
SLP440,2,2,2
SLP441,2,2,0
SLP442,2,2,0
SLP443,2,2,0
SLP444,4,4,0
SLP447,2,2,0
SLP450,6,6,0
SLP451,4,4,0
SLP455,2,2,0
SLP456,2,2,0
SLP457,4,4,0
SLP458,2,2,0
SLP459,1,1,0
SLP460,2,2,0
SLP461,2,2,0
SLP462,2,2,0
SLP463,4,4,0
SLP464,4,4,0
SLP465,4,4,0
SLP466,2,2,0
SLP467,6,6,0
SLP469,2,2,0
SLP470,2,2,0
SLP471,2,2,0
SLP472,2,2,0
SLP473,2,2,0
SMP001,2,2,0
SMP002,2,2,0
SMP004,2,2,0
SMP006,9,9,0
SMP007,8,8,0
SMP008,9,9,0
SMP009,2,2,0
SMP010,2,2,0
SMP011_a,2,2,0
SMP011_b,2,2,0
SMP012,4,4,0
SMP013,2,2,0
SMP014,2,2,0
SMP015,2,2,0
SMP016_a,5,5,0
SMP016_b,8,8,0
SMP017,4,4,0
SMP018,21,21,0
SMP019,9,9,0
SMP020,4,4,0
SMP021,6,6,0
SMP022,6,6,0
SMP024,2,2,0
SMP025,10,10,0
SMP026,2,2,2
SMP027,2,2,0
SMP028,2,2,0
SMP030,2,2,0
SMP031,1,1,0
SMP033,2,2,0
SMP034,4,4,0
SMP035,2,2,0
SMP036,2,2,0
SMP037,2,2,0
SMP038,2,2,0
SMP039,4,4,0
SMP040,2,2,0
SMP041,2,2,0
SMP042,2,2,0
SMP043,4,4,0
SMP044,2,2,0
SMP045,2,2,0
SMP046,2,2,0
SMP047,2,2,0
SMP048,2,2,2
SMP049,2,2,2
SMP050,2,2,0
SMP051,2,2,0
SMP052,4,4,0
SMP053,2,2,0
SMP054,2,2,2
SMP055,4,4,0
SMP056,2,2,0
SMP057,4,4,0
SMP058,2,2,0
SMP059,2,2,0
SMP061,4,4,0
SMP063,2,2,0
SMP064,2,2,0
SMP065,4,4,0
SMP066,4,4,0
SMP067,4,4,0
SMP068,4,4,0
SMP069,4,4,0
SMP072,2,2,0
SMP075,4,4,0
SMP076,2,2,2
SMP077,2,2,0
SMP079,4,4,0
SMP080,2,2,0
SMP081,4,4,4
SMP082,4,4,4
SMP083,4,4,0
SMP084,4,4,0
SMP085,4,4,0
SMP086,4,4,0
SMP087,4,4,0
SMP088,4,4,0
SMP089,4,4,0
SMP090,4,4,0
SMP091,6,6,0
SMP092,4,4,0
SMP093,4,4,0
SMP095,4,4,0
SMP096,4,4,0
SMP102,5,5,0
SMP105_a,11,11,0
SMP105_b,6,6,0
SMP106,14,14,0
SMP107,4,4,0
SMP108,2,2,2
SMP109,2,2,2
SMP110,4,4,0
SMP111,2,2,0
SMP112,6,6,0
SMP114,2,2,0
SMP115,2,2,0
SMP116,2,2,0
SMP117_a,2,2,0
SMP117_b,2,2,0
SMP118,2,2,0
SMP119,2,2,0
SMP120,5,5,0
SMP122,3,3,0
SMP123,4,4,0
SMP124,4,4,0
SMP125,2,2,0
SMP126,2,2,0
SMP128,2,2,0
SMP130,2,2,0
SMP131,2,2,0
SMP132,4,4,0
SMP133,10,10,0
SMP134,2,2,0
SMP135,2,2,0
SMP136,2,2,0
SMP138,2,2,0
SMP139,2,2,0
SMP142,2,2,0
SMP143,4,4,0
SMP144,2,2,0
SMP145,2,2,0
SMP146,2,2,0
SMP147,2,2,1
SMP148,4,4,0
SMP150,2,2,0
SMP151,4,4,0
SMP152,2,2,0
SMP153_a,2,2,0
SMP153_b,2,2,0
SMP154,2,2,1
SMP155,4,4,0
SMP156,2,2,0
SMP157,2,2,1
SMP158,2,2,0
SMP159,2,2,1
SMP160,4,4,0
SMP161,2,2,0
SMP162,8,8,0
SMP163,2,2,2
SMP164,2,2,0
SMP165,2,2,2
SMP166,6,6,0
SMP167,12,12,0
SMP168,2,2,0
SMP169,2,2,0
SMP170,4,4,0
SMP171,8,8,0
SMP172,5,5,0
SMP174,8,8,0
SMP175,2,2,2
SMP176,2,2,0
SMP177,2,2,2
SMP178,2,2,0
SMP179,2,2,0
SMP180,2,2,0
SMP181,2,2,1
SMP182,2,2,0
SMP183,2,2,0
SMP184,2,2,0
SMP185,2,2,0
SMP186,2,2,0
SMP187,2,2,0
SMP188,2,2,0
SMP189,2,2,0
SMP190,2,2,0
SMP191,2,2,0
SMP192,2,2,0
SMP193,4,4,0
SMP194,4,4,0
SMP196_a,2,2,0
SMP196_b,2,2,0
SMP198,2,2,0
SMP199,2,2,0
SMP200,2,2,0
SMP201,2,2,0
SMP202,2,2,0
SMP203,2,2,0
SMP204,2,2,0
SMP206,3,3,0
SMP207,6,6,0
SMP208,5,5,0
SMP209,5,5,0
SMP210,7,7,0
SMP213,4,4,0
SMP214,6,6,0
SMP215,8,8,0
SMP216,4,4,0
SMP217,6,6,0
SMP218,6,6,0
SMP219,10,10,0
SMP220,12,12,0
SMP221,4,4,0
SMP222,4,4,0
SMP223,6,6,0
SMP226,4,4,0
SMP227,6,6,0
SMP228,12,12,0
SMP229,9,9,0
SMP232,8,8,0
SMP234,2,2,0
SMP235,2,2,0
SMP236,2,2,0
SMP237,2,2,0
SMP238,2,2,0
SMP239,2,2,0
SMP240,2,2,0
SMP242,2,2,0
SMP243,8,8,0
SMP245,10,10,0
SMP246,2,2,0
SMP247,9,9,0
SMP248_a,2,2,0
SMP248_b,2,2,0
SMP248_c,4,4,0
SMP248_d,2,2,0
SMP249,2,2,0
SMP250,2,2,0
SMP251,2,2,0
SMP252,2,2,0
SMP253,2,2,0
SMP254,2,2,0
SMP255,2,2,0
SMP256,2,2,0
SMP257,2,2,0
SMP258,2,2,0
SMP261,13,13,0
SMP262,6,6,0
SMP266,2,2,0
SMP267,4,4,0
SMP268,6,6,0
SMP269,2,2,0
SMP270,5,5,0
SMP271,4,4,0
SMP272,2,2,0
SMP273,2,2,0
SMP274,2,2,0
SMP275,2,2,0
SMP276,2,2,0
SMP277,6,6,0
SMP278,5,5,0
SMP279_a,8,8,0
SMP279_b,3,3,0
SMP279_c,5,5,0
SMP280,5,5,0
SMP281,11,11,0
SMP282,9,9,0
SMP283,4,4,0
SMP284_a,2,2,0
SMP284_b,2,2,0
SMP285,2,2,2
SMP286,2,2,2
SMP291,2,2,0
SMP293,2,2,0
SMP297,8,8,0
SMP299,4,4,0
SMP302,5,5,0
SMP304,4,4,0
SMP305,4,4,0
SMP306,5,5,0
SMP307,8,8,0
SMP311,2,2,0
SMP312,4,4,0
SMP313,2,2,0
SMP314,4,4,0
SMP315,6,6,0
SMP316_a,2,2,0
SMP316_b,2,2,0
SMP317,10,10,0
SMP319,8,8,0
SMP320,8,8,0
SMP320a,2,2,0
SMP321_a,4,4,0
SMP321_b,2,2,0
SMP322,4,4,0
SMP323,6,6,0
SMP324,4,4,0
SMP326,6,6,0
SMP327,2,2,0
SMP328_a,2,2,0
SMP328_b,2,2,0
SMP328_c,2,2,0
SMP329,4,4,0
SMP330,4,4,0
SMP331,11,11,0
SMP332,6,6,0
SMP333,2,2,0
SMP334,2,2,0
SMP335,2,2,0
SMP336,2,2,0
SMP337,2,2,0
SMP338,4,4,0
SMP339,2,2,0
SMP340,2,2,0
SMP341,2,2,0
SMP342,3,3,0
SMP344,4,4,0
SMP345,4,4,0
SMP346,4,4,0
SMP347,12,12,0
SMP348,4,4,0
SMP350,7,7,0
SMP352,12,12,0
SMP353,2,2,0
SMP354,6,6,0
SMP355,4,4,0
SMP356,2,2,0
SMP357,8,8,0
SMP358,6,6,0
SMP359,4,4,0
SMP360,2,2,0
SMP361,8,8,0
SMP362,4,4,0
SMP368,2,2,0
SMP369,2,2,0
SMP370,2,2,0
SMP371_a,2,2,0
SMP371_b,2,2,0
SMP372,2,2,0
SMP373,2,2,0
SMP374,4,4,0
SMP375,2,2,0
SMP376,2,2,1
SMP377,15,15,0
SMP378,2,2,0
SMP379,2,2,0
SMP380,7,7,0
SMP381_a,6,6,0
SMP381_b,4,4,0
SMP381_c,2,2,0
SMP382,7,7,0
SMP383,2,2,2
SMP384,2,2,0
SMP385,2,2,0
SMP386,2,2,0
SMP387,2,2,0
SMP388,2,2,0
SMP389_a,2,2,0
SMP389_b,2,2,0
SMP389_c,2,2,0
SMP390,2,2,0
SMP391,3,3,0
SMP392,3,3,0
SMP393,2,2,0
SMP394,3,3,0
SMP395,2,2,0
SMP397,4,4,0
SMP398_a,2,2,0
SMP398_b,2,2,0
SMP399_a,2,2,0
SMP399_b,4,4,0
SMP399_c,2,2,0
SMP400,2,2,0
SMP401,2,2,0
SMP402,2,2,0
SMP403,6,6,0
SMP404,5,5,0
SMP405,4,4,0
SMP406_a,2,2,0
SMP406_b,2,2,0
SMP406_c,4,4,0
SMP406_d,2,2,0
SMP406_e,2,2,0
SMP407,2,2,0
SMP408_a,4,4,0
SMP408_b,6,6,0
SMP408_c,6,6,0
SMP408_d,10,10,0
SMP409,11,11,0
SMP410,6,6,0
SMP411,4,4,0
SMP412,2,2,0
SMP413,4,4,0
SMP414,4,4,0
SMP415_a,2,2,0
SMP415_b,2,2,0
SMP416,4,4,0
SMP418,2,2,0
SMP419,2,2,0
SMP420,2,2,0
SMP421,2,2,0
SMP422,2,2,0
SMP423,2,2,0
SMP424,4,4,0
SMP425,2,2,0
SMP426,3,3,0
SMP427,11,11,0
SMP428_a,2,2,0
SMP428_b,2,2,0
SMP429,6,6,0
SMP430,4,4,0
SMP437,2,2,0
SMP438,4,4,0
SMP441,2,2,0
SMP442,2,2,0
SMP443,2,2,0
SMP444,2,2,0
SMP445,2,2,0
SMP446,4,4,0
SMP447,4,4,0
SMP448,6,6,0
SMP449,2,2,0
SMP450,8,8,0
SMP451,4,4,0
SMP452,10,10,0
SMP453,8,8,0
SMP455,2,2,0
SMP456,2,2,0
SMP457,2,2,0
SMP458,2,2,0
SMP459,8,8,0
SMP460,2,2,0
SMP461,8,8,0
SMP467,2,2,0
SMP468,6,6,0
SMP469,4,4,0
SMP470,2,2,2
SMP471,2,2,0
SMP472,4,4,0
SMP476,4,4,0
SMP477,4,4,0
SMP482,4,4,0
SMP483,4,4,0
SMP484,3,3,0
SMP487,8,8,0
SMP488,2,2,0
SMP489,4,4,0
SMP490,4,4,0
SMP491,2,2,0
SMP492,2,2,0
SMP493,2,2,2
SMP494,2,2,0
SMP495_a,2,2,0
SMP495_b,2,2,0
SMP495_c,2,2,0
SMP496,2,2,0
SMP497,4,4,0
SMP501,4,4,0
SMP503,2,2,2
SMP504,2,2,0
SMP505,2,2,0
SMP506,2,2,0
SMP507,2,2,0
SMP508,2,2,0
SMP509,5,5,0
SMP510,2,2,0
SMP511,2,2,0
SMP512,2,2,0
SMP513,2,2,0
SMP514,2,2,0
SMP516,4,4,0
SMP517,4,4,0
SMP518,4,4,0
SMP519,4,4,0
SMP520,4,4,0
SMP521,2,2,0
SMP522,1,1,0
SMP523,8,8,0
SMP525,2,2,0
SMP526,1,1,0
SMP527,2,2,0
SMP528,2,2,0
SMP529,2,2,0
SMP530_a,2,2,0
SMP530_b,2,2,0
SMP531,2,2,0
SMP532_a,2,2,0
SMP532_b,2,2,0
SMP533,3,3,0
SMP535,4,4,0
SMP537,4,4,0
SMP538,2,2,0
SMP539,4,4,0
SMP540,4,4,0
SMP541,2,2,1
SMP542,2,2,0
SMP543,2,2,2
SMP544,2,2,1
SMP545,2,2,2
SMP546,2,2,0
SMP547,2,2,0
SMP548,2,2,2
SMP549,2,2,2
SMP550,2,2,2
SMP551,2,2,2
SMP552,2,2,0
SMP553,2,2,0
SMP554,2,2,0
SMP555,2,2,0
SMP556,2,2,0
SMP560,2,2,0
SMP561,2,2,0
SMP562,2,2,0
SMP565,3,3,0
SMP566,6,6,0
SMP567,4,4,0
SMP568_a,8,8,0
SMP568_b,6,6,0
SMP568_c,4,4,0
SMP568_d,3,3,0
SMP569,4,4,0
SMP570,5,5,0
SMP571,2,2,0
SMP572,4,4,0
SMP573,2,2,0
SMP577,2,2,0
SMP578,6,6,0
SMP579,2,2,0
SMP580,2,2,0
SMP581,6,6,0
SMP582,2,2,0
SMP583,2,2,0
SMP586,2,2,0
SMP588,4,4,0
SMP589,2,2,0
SMP590_a,5,5,0
SMP590_b,6,6,0
SMP591,8,8,0
SMP592,7,7,0
SMP593,2,2,2
SMP594,2,2,0
SMP595,2,2,0
SMP596,2,2,0
SMP597,2,2,0
SMP598,2,2,0
SMP599,2,2,0
SMP600,2,2,0
SMP603,2,2,0
SMP604,2,2,0
SMP700m,4,4,0
SMP702m,4,4,4
SMP703m,14,14,0
SMP705m,8,8,0
SMP709m,2,2,2
SMP710m,7,7,0
SMP711m,2,2,0
SMP712m,2,2,0
SMP713m,3,3,0
SMP714m,6,6,0
SMP715m,4,4,0
SMP716m,4,4,0
SMP717m,5,5,0
SMP718m,2,2,0
SMP719m,8,8,0
SMP720m,2,2,0
SMP721m,8,8,0
SMP723m,11,11,0
SMP726m,8,8,0
SMP727m,2,2,0
SMP728m,5,5,0
SMP729,4,4,0
SMP729m,2,2,0
SMP730,4,4,0
SMP731,3,3,0
SMP732,2,2,0
SMP733,2,2,0
SMP734,7,7,0
SMP735,3,3,0
SMP736,1,1,0
SMP737,6,6,0
SMP738,9,9,0
SMP739,8,8,0
SMP740,8,8,0
SMP741,8,8,0
SMP742,4,4,0
SMP743,4,4,0
SMP744,2,2,0
SMP745,2,2,0
SMP_unclear,2,2,0
SMPp&v1B_M02,2,2,0
SNch01,35,0,0
SNch05,8,0,0
SNch10,81,0,0
SNpp01,25,0,0
SNpp02,36,0,0
SNpp03,4,0,0
SNpp04,4,0,0
SNpp05,2,0,0
SNpp06,4,0,0
SNpp07,12,0,0
SNpp08,4,0,0
SNpp09,4,0,0
SNpp10,7,0,0
SNpp11,6,0,0
SNpp12,2,0,0
SNpp13,2,0,0
SNpp14,6,0,0
SNpp15,6,0,0
SNpp16,13,0,0
SNpp17,12,0,0
SNpp18,18,0,0
SNpp19,35,0,0
SNpp20,6,0,0
"SNpp20,SApp02",3,0,0
SNpp21,4,0,0
SNpp22,2,0,0
SNpp23,16,0,0
SNpp24,4,0,0
SNpp25,7,0,0
SNpp26,2,0,0
SNpp27,2,0,0
SNpp28,17,0,0
"SNpp29,SNpp63",18,0,0
SNpp30,8,0,0
SNpp31,2,0,0
SNpp32,8,0,0
SNpp33,7,0,0
SNpp34,8,0,0
"SNpp34,SApp16",3,0,0
SNpp35,6,0,0
SNpp36,2,0,0
SNpp37,7,0,0
SNpp38,6,0,0
SNpp39,39,0,0
SNpp40,32,0,0
SNpp41,22,0,0
SNpp42,20,0,0
SNpp43,19,0,0
SNpp44,5,0,0
SNpp45,53,0,0
SNpp46,2,0,0
SNpp47,40,0,0
SNpp48,10,0,0
SNpp49,4,0,0
SNpp50,62,0,0
SNpp51,32,0,0
SNpp52,43,0,0
SNpp53,13,0,0
SNpp55,7,0,0
SNpp56,13,0,0
SNpp57,12,0,0
SNpp58,16,0,0
SNpp59,6,0,0
SNpp60,41,0,0
SNpp61,10,0,0
SNpp62,9,0,0
SNppxx,80,0,0
SNta02,2,0,0
"SNta02,SNta09",241,0,0
SNta03,39,0,0
SNta04,83,0,0
"SNta04,SNta11",53,0,0
SNta05,6,0,0
SNta06,10,0,0
SNta07,30,0,0
SNta10,4,0,0
SNta11,67,0,0
"SNta11,SNta14",42,0,0
SNta12,5,0,0
SNta13,6,0,0
SNta14,12,0,0
SNta18,55,0,0
SNta19,28,0,0
"SNta19,SNta37",13,0,0
SNta20,156,0,0
"SNta20,SNta29",1,0,0
SNta21,117,0,0
"SNta21,SNta38",2,0,0
SNta22,5,0,0
"SNta22,SNta23",3,0,0
"SNta22,SNta33",8,0,0
SNta23,40,0,0
SNta24,1,0,0
SNta25,63,0,0
"SNta25,SNta30",8,0,0
SNta26,31,0,0
SNta27,47,0,0
"SNta27,SNta28",8,0,0
SNta28,74,0,0
"SNta28,SNta29",1,0,0
"SNta28,SNta40",1,0,0
"SNta28,SNta44",8,0,0
SNta29,260,0,0
SNta30,65,0,0
SNta31,76,0,0
"SNta31,SNta34",1,0,0
SNta32,53,0,0
SNta33,25,0,0
SNta34,54,0,0
SNta35,43,0,0
SNta36,12,0,0
SNta37,228,0,0
SNta38,122,0,0
SNta39,23,0,0
SNta40,50,0,0
SNta41,54,0,0
SNta42,77,0,0
SNta43,73,0,0
SNta44,36,0,0
"SNta44,SNta45",1,0,0
SNta45,31,0,0
SNtaxx,19,0,0
SNxx01,21,0,0
SNxx02,25,0,0
SNxx03,186,0,0
SNxx04,130,0,0
SNxx05,18,0,0
SNxx06,37,0,0
SNxx07,27,0,0
SNxx08,5,0,0
SNxx09,2,0,0
SNxx10,6,0,0
SNxx11,11,0,0
SNxx14,66,0,0
SNxx15,10,0,0
SNxx16,6,0,0
SNxx17,6,0,0
SNxx19,14,0,0
SNxx20,26,0,0
SNxx21,18,0,0
SNxx22,34,0,0
SNxx23,22,0,0
SNxx24,2,0,0
SNxx25,10,0,0
SNxx26,12,0,0
"SNxx27,SNxx29",4,0,0
SNxx28,6,0,0
SNxx29,20,0,0
SNxx30,5,0,0
SNxx31,2,0,0
SNxx32,2,0,0
SNxx33,72,0,0
SNxxxx,102,0,0
STTMm,4,0,0
SpsP,4,4,0
Sternal adductor MN,6,0,0
Sternal anterior rotator MN,12,0,0
Sternal posterior rotator MN,22,0,0
Sternotrochanter MN,14,0,0
T1,1777,0,0
T2,1630,0,0
T2a,1872,0,0
T3,1940,0,0
T4_unclear,4,0,0
T4a,1684,0,0
T4b,1690,0,0
T4c,1778,0,0
T4d,1709,0,0
T5a,1664,0,0
T5a_unclear,1,0,0
T5b,1715,0,0
T5c,1720,0,0
T5d,1620,0,0
TN1a_a,2,0,0
TN1a_b,2,0,0
TN1a_c,2,0,0
TN1a_d,2,0,0
TN1a_e,2,0,0
TN1a_f,4,0,0
TN1a_g,4,0,0
TN1a_h,2,0,0
TN1a_i,2,0,0
TN1c_a,5,0,0
TN1c_b,2,0,0
TN1c_c,4,0,0
TN1c_d,2,0,0
TPMN1,48,0,0
TPMN2,12,0,0
TRN_VP1m,11,0,0
TRN_VP2,7,0,0
TRN_VP3a,6,0,0
TRN_VP3b,1,0,0
TTMn,2,0,0
Ta depressor MN,9,0,0
Ta levator MN,5,0,0
Tergopleural/Pleural promotor MN,8,0,0
Tergotr. MN,12,0,0
Ti extensor MN,12,0,0
Ti flexor MN,37,0,0
Tlp11,68,0,0
Tlp12,139,0,0
Tlp13,115,0,0
Tlp14,58,0,0
Tm1,1777,0,0
Tm12,967,0,0
Tm16,396,0,0
Tm2,1766,0,0
Tm20,1762,0,0
Tm23,33,0,0
Tm24,245,0,0
Tm26,103,0,0
Tm29,544,0,0
Tm3,2054,0,0
Tm30,124,0,0
Tm31,120,0,0
Tm32,125,0,0
Tm33,280,0,0
Tm34,174,0,0
Tm35,86,0,0
Tm36,155,0,0
Tm37,559,0,0
Tm38,223,0,0
Tm39,426,0,0
Tm3_unclear,1,0,0
Tm4,1670,0,0
Tm40,180,0,0
Tm5Y,898,0,0
Tm5a,624,0,0
Tm5b,522,0,0
Tm5c,750,0,0
Tm6,1526,0,0
Tm9,1771,0,0
TmY10,552,0,0
TmY13,432,0,0
TmY14,477,0,0
TmY15,209,0,0
TmY16,168,0,0
TmY17,395,0,0
TmY18,1367,0,0
TmY19a,86,0,0
TmY19b,36,0,0
TmY20,343,0,0
TmY21,372,0,0
TmY3,824,0,0
TmY4,562,0,0
TmY5a,1364,0,0
TmY9a,471,0,0
TmY9b,515,0,0
TmY_unclear,4,0,0
Tm_unclear,4,0,0
Tr extensor MN,11,0,0
Tr flexor MN,35,0,0
TuBu01,10,10,0
TuBu02,12,12,0
TuBu03,23,23,0
TuBu04,12,12,0
TuBu05,11,11,0
TuBu06,10,10,0
TuBu07,21,21,0
TuBu08,21,21,0
TuBu09,21,21,0
TuBu10,15,15,0
TuTuA_1,2,2,0
TuTuA_2,2,2,0
TuTuB_a,2,2,0
TuTuB_b,2,2,0
V1,2,0,0
VA1d_adPN,6,6,1
VA1d_vPN,2,2,0
VA1v_adPN,8,8,0
VA1v_vPN,4,4,0
VA2_adPN,2,2,2
VA3_adPN,4,4,2
VA4_lPN,2,2,2
VA5_lPN,6,6,0
VA6_adPN,2,2,2
VA7l_adPN,2,2,2
VA7m_lPN,6,6,0
VC1_lPN,2,2,2
VC2_lPN,2,2,2
VC3_adPN,7,7,0
VC4_adPN,6,6,0
VC5_lvPN,6,6,0
VCH,2,0,0
VES001,2,2,2
VES002,2,2,0
VES003,2,2,0
VES004,2,2,0
VES005,2,2,2
VES007,2,2,0
VES010,2,2,0
VES011,2,2,0
VES012,2,2,0
VES013,2,2,0
VES014,2,2,0
VES016,2,2,0
VES017,2,2,0
VES018,2,2,0
VES019,6,6,0
VES020,6,6,0
VES021,5,5,0
VES022,11,11,0
VES023,7,7,0
VES024_a,4,4,0
VES024_b,2,2,0
VES025,2,2,0
VES027,2,2,0
VES030,2,2,0
VES031,7,7,0
VES032,2,2,0
VES033,7,7,0
VES034_b,8,8,0
VES037,8,8,0
VES039,2,2,0
VES040,2,2,0
VES041,2,2,2
VES043,2,2,0
VES045,2,2,2
VES046,2,2,0
VES047,2,2,0
VES048,2,2,0
VES049,6,6,0
VES050,4,4,0
VES051,4,4,0
VES052,4,4,0
VES053,2,2,2
VES054,2,2,0
VES056,2,2,0
VES057,2,2,0
VES058,2,2,0
VES059,2,2,0
VES063,4,4,1
VES064,2,2,0
VES065,2,2,0
VES067,2,2,0
VES070,2,2,0
VES071,2,2,0
VES072,2,2,0
VES073,2,2,0
VES074,2,2,0
VES075,2,2,0
VES076,2,2,0
VES077,2,2,0
VES078,2,2,0
VES079,2,2,0
VES085_a,2,2,0
VES085_b,2,2,0
VES087,4,4,0
VES088,2,2,2
VES089,2,2,0
VES090,2,2,0
VES091,2,2,0
VES092,2,2,2
VES093_a,2,2,0
VES093_b,4,4,0
VES093_c,2,2,0
VES094,2,2,0
VES095,2,2,0
VES096,2,2,0
VES097,4,4,0
VES098,2,2,0
VES099,2,2,0
VES100,2,2,0
VES101,6,6,0
VES102,2,2,0
VES103,4,4,0
VES104,2,2,0
VES105,2,2,0
VES106,2,2,0
VES107,4,4,0
VES108,1,1,0
VES109,2,2,0
VES200m,12,12,0
VES202m,7,7,0
VES203m,6,6,0
VES204m,6,6,0
VES205m,2,2,0
VES206m,7,7,0
VL1_ilPN,2,2,2
VL1_vPN,2,2,0
VL2a_adPN,2,2,2
VL2a_vPN,6,6,0
VL2p_adPN,2,2,2
VL2p_vPN,4,4,0
VLP_TBD1,2,2,0
VM1_lPN,2,2,2
VM2_adPN,3,3,0
VM3_adPN,4,4,1
VM4_adPN,2,2,0
VM4_lvPN,6,6,0
VM5d_adPN,12,12,0
VM5v_adPN,5,5,0
VM6_adPN,2,2,2
VM6_lvPN,6,6,0
VM7d_adPN,7,7,0
VM7v_adPN,3,3,0
VP1d+VP4_l2PN1,2,2,2
VP1d+VP4_l2PN2,2,2,2
VP1d_il2PN,2,2,2
VP1l+VP3_ilPN,2,2,0
VP1l+_lvPN,9,9,0
VP1m+VP2_lvPN1,2,2,0
VP1m+VP2_lvPN2,8,8,0
VP1m+VP5_ilPN,2,2,0
VP1m+_lvPN,4,4,0
VP1m_l2PN,2,2,2
VP2+VC5_l2PN,2,2,0
VP2+Z_lvPN,4,4,0
VP2+_adPN,2,2,0
VP2_adPN,1,1,1
VP2_l2PN,2,2,0
VP3+VP1l_ivPN,2,2,2
VP3+_l2PN,6,6,0
VP3+_vPN,2,2,0
VP4+VL1_l2PN,2,2,0
VP4+_vPN,2,2,0
VP4_vPN,2,2,0
VP5+VP3_l2PN,2,2,0
VP5+Z_adPN,2,2,0
VS,18,0,0
VST1,5,0,0
VST2,7,0,0
VSm,4,0,0
V_ilPN,2,2,2
V_l2PN,2,2,0
WED001,10,10,0
WED002,16,16,0
WED004,10,10,0
WED006,2,2,0
WED007,2,2,0
WED008,2,2,0
WED009,6,6,0
WED010,6,6,0
WED011,2,2,0
WED012,5,5,0
WED013,1,1,0
WED014,4,4,0
WED015,9,9,0
WED016,2,2,0
WED017,2,2,0
WED018,2,2,0
WED020_a,2,2,0
WED020_b,3,3,0
WED022,2,2,0
WED023,6,6,0
WED024,4,4,0
WED025,6,6,0
WED026,6,6,0
WED028,6,6,0
WED029,4,4,0
WED030_a,12,12,0
WED030_b,12,12,0
WED031,9,9,0
WED032,8,8,0
WED033,14,14,0
WED034,6,6,0
WED035,10,10,0
WED037,8,8,0
WED038,16,16,0
WED039,5,5,0
WED040_a,15,15,0
WED040_b,4,4,0
WED040_c,2,2,0
WED041,6,6,0
WED042,10,10,0
WED044,2,2,0
WED045,2,2,0
WED046,2,2,1
WED047,4,4,0
WED051,2,2,0
WED055_a,2,2,0
WED055_b,8,8,0
WED056,12,12,0
WED057,21,21,0
WED060,4,4,0
WED061,4,4,0
WED063_a,4,4,0
WED063_b,7,7,0
WED065,4,4,0
WED066,1,1,0
WED069,2,2,0
WED070,2,2,0
WED071,2,2,0
WED072,6,6,0
WED074,4,4,0
WED075,2,2,0
WED076,2,2,0
WED077,4,4,0
WED078,2,2,0
WED079,2,2,0
WED080,2,2,0
WED081,2,2,0
WED082,4,4,0
WED083,2,2,0
WED084,2,2,0
WED085,2,2,0
WED089,2,2,0
WED091,2,2,0
WED092,10,10,0
WED093,4,4,0
WED094,5,5,0
WED095,5,5,0
WED096,10,10,0
WED097,4,4,0
WED098,5,5,0
WED099,3,3,0
WED100,4,4,0
WED101,5,5,0
WED102,4,4,0
WED103,12,12,0
WED104,2,2,2
WED106,4,4,0
WED107,2,2,2
WED108,2,2,0
WED109,2,2,0
WED111,4,4,0
WED114,5,5,0
WED116,2,2,0
WED117,8,8,0
WED118,12,12,0
WED119,2,2,2
WED121,2,2,0
WED122,2,2,0
WED124,2,2,0
WED125,3,3,0
WED127,3,3,0
WED128,8,8,0
WED129,4,4,0
WED130,2,2,0
WED131,4,4,0
WED132,4,4,0
WED143_a,8,8,0
WED143_b,4,4,0
WED143_c,12,12,0
WED143_d,5,5,0
WED144,3,3,0
WED145,9,9,0
WED146_a,2,2,0
WED146_b,2,2,0
WED146_c,2,2,0
WED151,2,2,0
WED152,2,2,0
WED153,6,6,0
WED154,2,2,0
WED155,4,4,0
WED157,6,6,0
WED159,4,4,0
WED161,5,5,0
WED162,9,9,0
WED163,10,10,0
WED164,13,13,0
WED165,2,2,0
WED166_a,4,4,0
WED166_d,12,12,0
WED167,6,6,0
WED168,8,8,0
WED181,2,2,0
WED182,2,2,0
WED183,2,2,0
WED184,2,2,2
WED185,1,1,1
WED187,2,2,0
WED188,1,1,0
WED189,1,1,0
WED190,1,1,1
WED191,2,2,1
WED192,3,3,0
WED193,2,2,1
WED194,2,2,0
WED195,2,2,1
WED196,1,1,1
WED197,2,2,0
WED198,2,2,0
WED199,2,2,0
WED200,2,2,0
WED201,8,8,0
WED202,2,2,0
WED203,2,2,2
WED204,5,5,0
WED205,2,2,0
WED206,4,4,0
WED207,6,6,0
WED208,2,2,0
WED209,2,2,0
WED210,2,2,0
WED26,4,4,0
WEDPN10A,2,2,0
WEDPN10B,2,2,0
WEDPN11,2,2,0
WEDPN12,2,2,0
WEDPN14,6,6,0
WEDPN16_d,6,6,0
WEDPN17_a1,7,7,0
WEDPN17_a2,4,4,0
WEDPN17_b,6,6,0
WEDPN17_c,9,9,0
WEDPN18,3,3,0
WEDPN1A,10,10,0
WEDPN1B,2,2,0
WEDPN2A,6,6,0
WEDPN2B_a,2,2,0
WEDPN2B_b,2,2,0
WEDPN3,6,6,0
WEDPN4,2,2,0
WEDPN5,2,2,0
WEDPN6A,8,8,0
WEDPN6B,8,8,0
WEDPN6C,5,5,0
WEDPN7A,7,7,0
WEDPN7B,8,8,0
WEDPN7C,5,5,0
WEDPN8B,11,11,0
WEDPN8C,13,13,0
WEDPN8D,5,5,0
WEDPN9,2,2,0
WG1,96,0,0
WG2,97,0,0
WG3,96,0,0
WG4,96,0,0
Y11,153,0,0
Y12,186,0,0
Y13,193,0,0
Y14,208,0,0
Y3,627,0,0
Y_unclear,1,0,0
Z_lvPNm1,9,9,0
Z_vPNml1,2,2,0
aDT4,4,4,0
aIPg1,8,8,0
aIPg10,4,4,0
aIPg2,6,6,0
aIPg4,2,2,0
aIPg5,6,6,0
aIPg6,5,5,0
aIPg7,7,7,0
aIPg8,3,3,0
aIPg9,3,3,0
aIPg_m1,4,4,0
aIPg_m2,4,4,0
aIPg_m3,2,2,0
aIPg_m4,2,2,2
aMe1,4,0,0
aMe10,3,0,0
aMe12,6,0,0
aMe13,2,2,0
aMe15,2,2,0
aMe17a,2,0,0
aMe17b,5,0,0
aMe17c,4,0,0
aMe17e,2,0,0
aMe2,8,0,0
aMe20,2,0,0
aMe22,2,2,0
aMe23,2,2,0
aMe24,2,2,0
aMe25,2,0,0
aMe26,6,0,0
aMe3,2,0,0
aMe30,5,0,0
aMe4,19,0,0
aMe5,42,0,0
aMe6a,2,0,0
aMe6b,2,0,0
aMe6c,3,0,0
aMe8,4,0,0
aMe9,4,0,0
aMe_TBD1,2,2,0
aMe_unclear,1,0,0
aPhM1,21,0,0
aPhM2a,5,0,0
aPhM2b,2,0,0
aPhM3,5,0,0
aPhM4,2,0,0
aPhM5,4,0,0
aSP-g3Am,2,2,0
aSP10A_a,6,6,0
aSP10A_b,10,10,0
aSP10B,11,11,0
aSP10C_a,9,9,0
aSP10C_b,6,6,0
aSP22,2,0,0
b1 MN,2,0,0
b2 MN,2,0,0
b3 MN,2,0,0
claw_tpGRN,50,0,0
dCal1,2,0,0
dMS10,2,0,0
dMS2,20,0,0
dMS5,2,0,0
dMS9,2,0,0
dPR1,2,0,0
dorsal_tpGRN,10,0,0
hDVM MN,2,0,0
hDeltaA,12,12,0
hDeltaB,19,19,0
hDeltaC,20,20,0
hDeltaD,8,8,0
hDeltaE,8,8,0
hDeltaF,8,8,0
hDeltaG,8,8,0
hDeltaH,8,8,0
hDeltaI,17,17,0
hDeltaJ,31,31,0
hDeltaK,31,31,0
hDeltaL,11,11,0
hDeltaM,8,8,0
hg1 MN,2,0,0
hg2 MN,2,0,0
hg3 MN,2,0,0
hg4 MN,2,0,0
hi1 MN,2,0,0
hi2 MN,4,0,0
hiii2 MN,2,0,0
i1 MN,2,0,0
i2 MN,2,0,0
iii1 MN,2,0,0
iii3 MN,2,0,0
il3LN6,2,2,2
l-LNv,8,0,0
l2LN19,4,4,0
l2LN20,5,5,0
l2LN21,2,2,0
l2LN22,3,3,0
l2LN23,4,4,0
lLN10,2,2,0
lLN12A,10,10,0
lLN13,6,6,0
lLN14,2,2,0
lLN15,7,7,0
lLN1_a,2,2,2
lLN1_bc,30,30,30
lLN2F_a,4,4,4
lLN2F_b,4,4,4
lLN2P_a,7,7,7
lLN2P_b,12,12,4
lLN2P_c,9,9,9
lLN2R_a,6,6,0
lLN2T_a,5,5,5
lLN2T_b,4,4,4
lLN2T_c,4,4,4
lLN2T_d,4,4,4
lLN2T_e,4,4,4
lLN2X02,6,6,0
lLN2X04,4,4,4
lLN2X05,4,4,4
lLN2X11,4,4,4
lLN2X12,11,11,8
lLN8,4,4,0
lLN9,6,6,0
ltm MN,21,0,0
ltm1-tibia MN,9,0,0
ltm2-femur MN,12,0,0
mAL4A,4,4,0
mAL4B,3,3,0
mAL4C,2,2,0
mAL4D,2,2,0
mAL4E,4,4,0
mAL4F,6,6,0
mAL4G,4,4,0
mAL4H,2,2,0
mAL4I,4,4,0
mAL5A1,2,2,0
mAL5A2,4,4,0
mAL5B,2,2,0
mAL6,4,4,0
mALB1,2,2,2
mALB2,2,2,0
mALB3,4,4,0
mALB4,2,2,0
mALB5,2,2,0
mALD1,2,2,2
mALD3,2,2,0
mALD4,2,2,0
mAL_m1,12,12,0
mAL_m10,2,2,0
mAL_m11,2,2,0
mAL_m2a,4,4,0
mAL_m2b,6,6,0
mAL_m3a,3,3,0
mAL_m3b,8,8,0
mAL_m3c,10,10,0
mAL_m4,3,3,0
mAL_m5a,6,6,0
mAL_m5b,6,6,0
mAL_m5c,6,6,0
mAL_m6,8,8,0
mAL_m7,2,2,0
mAL_m8,16,16,0
mAL_m9,4,4,0
mesVUM-MJ,1,0,0
oviIN,2,2,2
pC1_10a,2,2,0
pC1_10b,4,4,0
pC1_10c,4,4,0
pC1_10d,3,3,0
pC1_11a,2,2,0
pC1_11b,2,2,0
pC1_12a,2,2,0
pC1_12b,4,4,0
pC1_13a,2,2,0
pC1_13b,4,4,0
pC1_13c,2,2,0
pC1_14a,6,6,0
pC1_14b,2,2,0
pC1_15a,2,2,0
pC1_15b,2,2,0
pC1_15c,3,3,0
pC1_16a,5,5,0
pC1_16b,8,8,0
pC1_17a,3,3,0
pC1_17b,5,5,0
pC1_18a,2,2,0
pC1_18b,4,4,0
pC1_19,7,7,0
pC1_1a,7,7,0
pC1_1b,2,2,0
pC1_2a,4,4,0
pC1_2a/2b,1,1,0
pC1_2b,2,2,0
pC1_2c,2,2,0
pC1_3a,2,2,0
pC1_3b,2,2,0
pC1_3c,4,4,0
pC1_4a,6,6,0
pC1_4b,2,2,0
pC1_5a,2,2,0
pC1_5b,4,4,0
pC1_6a,6,6,0
pC1_6b,2,2,0
pC1_7a,4,4,0
pC1_7b,4,4,0
pC1_8a,2,2,0
pC1_8b,2,2,0
pC1_8c,2,2,0
pC1_9a,4,4,0
pC1_9b,2,2,0
pC1x_a,2,2,0
pC1x_b,2,2,2
pC1x_c,2,2,2
pC1x_d,2,2,2
pIP1,2,0,0
pIP10,2,0,0
pMP2,2,0,0
ps1 MN,2,0,0
ps2 MN,2,0,0
s-LNv,8,0,0
tp1 MN,2,0,0
tp2 MN,2,0,0
tpn MN,2,0,0
v2LN30,2,2,2
v2LN31,2,2,0
v2LN32,2,2,0
v2LN33,4,4,0
v2LN34A,7,7,0
v2LN34B,3,3,0
v2LN34C,2,2,0
v2LN34D,8,8,0
v2LN34E,7,7,0
v2LN34F,4,4,0
v2LN36,2,2,1
v2LN37,2,2,0
v2LN38,4,4,0
v2LN39a,4,4,0
v2LN3A,4,4,0
v2LN3A1_a,2,2,0
v2LN3A1_b,9,9,0
v2LN4,6,6,0
v2LN40_2,4,4,0
v2LN41,4,4,0
v2LN42,7,7,0
v2LN46,10,10,0
v2LN47,5,5,0
v2LN49,4,4,0
v2LN5,3,3,0
v2LN50,7,7,0
v2LNX01,2,2,0
vCal1,2,0,0
vCal2,2,0,0
vCal3,2,0,0
vDeltaA_a,70,70,0
vDeltaA_b,31,31,0
vDeltaB,31,31,0
vDeltaC,27,27,0
vDeltaD,21,21,0
vDeltaE,18,18,0
vDeltaF,18,18,0
vDeltaG,18,18,0
vDeltaH,9,9,0
vDeltaI_a,17,17,0
vDeltaI_b,20,20,0
vDeltaJ,11,11,0
vDeltaK,47,47,0
vDeltaL,37,37,0
vDeltaM,55,55,0
vLN24,4,4,0
vLN25,4,4,0
vLN26,2,2,0
vLN27,2,2,0
vLN28,2,2,0
vLN29,2,2,0
vMS11,14,0,0
vMS12_a,6,0,0
vMS12_b,2,0,0
vMS12_c,4,0,0
vMS12_d,4,0,0
vMS12_e,2,0,0
vMS13,2,0,0
vMS16,2,0,0
vMS17,2,0,0
vPR6,8,0,0
vPR9_a,4,0,0
vPR9_b,2,0,0
vPR9_c,3,0,0
vpoEN,4,4,0
vpoIN,5,5,0
w-cHIN,14,0,0
