body_id,cell_type,source_class,side,transmitter_label,fast_sign,selection_rank,central_strength,central_in_contacts,central_out_contacts,full_in_contacts,full_out_contacts,inside_in_contacts,inside_out_contacts,boundary_in_contacts,boundary_out_contacts,active_in_contacts,active_out_contacts,full_in_connections,full_out_connections,boundary_in_connections,boundary_out_connections
12929,,cb_intrinsic,L,acetylcholine,1,988,8029,3068,4961,5356,5559,2061,3544,3295,2015,1777,3544,1009,800,911,696
13621,,cb_intrinsic,R,acetylcholine,1,861,8536,3238,5298,4975,5984,2206,3761,2769,2223,1881,3761,913,815,816,712
13716,,cb_intrinsic,R,unclear,0,837,8682,3414,5268,5834,6152,2381,3839,3453,2313,2088,0,1100,905,1001,800
11569,5-HTPLP01,cb_intrinsic,L,glutamate,-1,235,15093,4940,10153,5466,11377,1441,3828,4025,7549,1093,3828,715,1282,619,1149
11601,5-HTPLP01,cb_intrinsic,R,glutamate,-1,158,17236,5982,11254,6534,12243,2471,4509,4063,7734,2028,4509,784,1238,671,1085
10378,AL-MBDL1,cb_intrinsic,R,acetylcholine,1,243,14958,4963,9995,5482,10156,2067,8302,3415,1854,1701,8302,1195,534,966,361
10593,AL-MBDL1,cb_intrinsic,L,acetylcholine,1,295,14128,4735,9393,5167,9462,2005,7759,3162,1703,1613,7759,1110,466,881,290
12371,ALIN2,cb_intrinsic,L,acetylcholine,1,778,9037,4078,4959,4954,5066,600,1327,4354,3739,574,1327,647,557,569,487
23204,ALIN2,cb_intrinsic,R,acetylcholine,1,787,9004,4866,4138,5751,4244,734,1234,5017,3010,664,1234,721,523,632,448
529602,ALIN5,cb_intrinsic,L,gaba,-1,947,8153,977,7176,2110,9569,364,3008,1746,6561,282,3008,679,961,621,883
14411,AOTU009,cb_intrinsic,R,glutamate,-1,928,8215,5561,2654,6175,2731,777,793,5398,1938,752,793,928,332,853,291
10406,AOTU012,cb_intrinsic,R,acetylcholine,1,953,8144,5024,3120,12411,4133,753,447,11658,3686,713,447,951,419,876,367
531863,AOTU012,cb_intrinsic,L,acetylcholine,1,961,8107,5288,2819,11015,3801,766,395,10249,3406,721,395,900,398,827,348
10005,AOTU019,cb_intrinsic,R,gaba,-1,116,20416,14670,5746,31382,9322,2032,1770,29350,7552,1939,1770,1295,528,1210,451
10070,AOTU019,cb_intrinsic,L,gaba,-1,120,20066,14721,5345,29952,8893,1784,1096,28168,7797,1681,1096,1263,605,1174,534
11787,AOTU033,cb_intrinsic,R,acetylcholine,1,789,8996,5474,3522,6689,5324,1603,558,5086,4766,1467,558,851,683,764,622
521650,AOTU033,cb_intrinsic,L,acetylcholine,1,700,9552,5970,3582,7130,5343,1751,600,5379,4743,1612,600,822,672,724,619
10031,AOTU041,cb_intrinsic,R,gaba,-1,995,8002,5051,2951,20151,7176,1100,654,19051,6522,887,654,912,829,868,799
10148,AOTU041,cb_intrinsic,L,gaba,-1,820,8792,5436,3356,19366,7336,1203,680,18163,6656,1007,680,968,876,923,839
10502,AOTU041,cb_intrinsic,L,gaba,-1,857,8577,5545,3032,19064,7173,1086,621,17978,6552,897,621,939,883,901,846
523317,AOTU041,cb_intrinsic,R,gaba,-1,944,8161,5230,2931,20421,7036,1201,663,19220,6373,975,663,986,829,947,797
10212,AOTU042,cb_intrinsic,L,gaba,-1,296,14087,8277,5810,10434,13404,1599,510,8835,12894,1440,510,1164,879,1064,803
10239,AOTU042,cb_intrinsic,R,gaba,-1,361,13023,7700,5323,9737,12959,1530,418,8207,12541,1429,418,1107,844,1028,785
10875,AOTU042,cb_intrinsic,L,gaba,-1,297,14069,8417,5652,10590,13482,1473,466,9117,13016,1362,466,1150,920,1057,849
11571,AOTU042,cb_intrinsic,R,gaba,-1,355,13115,7986,5129,10068,12838,1372,366,8696,12472,1278,366,1104,814,1024,766
11445,AOTU064,cb_intrinsic,L,gaba,-1,397,12471,7032,5439,7414,5987,584,1958,6830,4029,528,1958,863,454,782,408
11764,AOTU064,cb_intrinsic,R,gaba,-1,447,11904,6877,5027,7256,5478,614,1925,6642,3553,567,1925,836,415,755,370
10540,APL,cb_intrinsic,R,gaba,-1,1,221887,119784,102103,119935,102263,6578,4642,113357,97621,3178,4642,3031,2913,2915,2779
10977,APL,cb_intrinsic,L,gaba,-1,2,221651,114032,107619,114090,107649,6673,4634,107417,103015,3131,4634,3154,2932,3045,2823
10224,AVLP001,cb_intrinsic,L,gaba,-1,10,59429,38302,21127,40221,22069,6090,3788,34131,18281,5254,3788,2192,1855,2035,1714
10241,AVLP001,cb_intrinsic,R,gaba,-1,4,70877,44949,25928,47466,27068,8303,6213,39163,20855,7359,6213,2474,2017,2299,1843
15118,AVLP015,cb_intrinsic,R,glutamate,-1,564,10701,8836,1865,9637,2317,1774,963,7863,1354,1717,963,1262,340,1126,277
16446,AVLP015,cb_intrinsic,L,glutamate,-1,761,9119,6794,2325,7461,2762,1274,1334,6187,1428,1219,1334,1091,392,976,316
10082,AVLP016,cb_intrinsic,R,glutamate,-1,9,62042,45852,16190,46944,17942,9338,3924,37606,14018,9100,3924,2305,1655,2079,1468
10115,AVLP016,cb_intrinsic,L,glutamate,-1,12,55082,39920,15162,40806,16765,7847,3546,32959,13219,7691,3546,2220,1789,2022,1620
11376,AVLP017,cb_intrinsic,R,glutamate,-1,673,9777,5777,4000,6318,4147,1180,1537,5138,2610,1085,1537,860,688,743,583
531273,AVLP017,cb_intrinsic,L,glutamate,-1,993,8007,4436,3571,4854,3710,755,1244,4099,2466,698,1244,728,657,640,563
12729,AVLP018,cb_intrinsic,R,acetylcholine,1,430,12068,7440,4628,8259,5043,2064,3054,6195,1989,1947,3054,951,528,824,416
519909,AVLP018,cb_intrinsic,L,acetylcholine,1,617,10248,5583,4665,6218,5052,1381,2978,4837,2074,1300,2978,962,559,840,449
13288,AVLP019,cb_intrinsic,R,acetylcholine,1,688,9622,4674,4948,4863,4984,1512,3101,3351,1883,1446,3101,516,480,416,390
14884,AVLP019,cb_intrinsic,L,acetylcholine,1,876,8447,3833,4614,4085,4670,1138,2929,2947,1741,1101,2929,503,496,424,412
11439,AVLP023,cb_intrinsic,L,acetylcholine,1,578,10557,5136,5421,6469,5782,1277,3779,5192,2003,1194,3779,807,577,713,476
12519,AVLP023,cb_intrinsic,R,acetylcholine,1,375,12762,6677,6085,8167,6445,1735,4222,6432,2223,1642,4222,832,535,716,429
12125,AVLP029,cb_intrinsic,R,gaba,-1,165,17007,7160,9847,7744,10181,565,1350,7179,8831,498,1350,824,1285,743,1156
519862,AVLP029,cb_intrinsic,L,gaba,-1,268,14561,5643,8918,6007,9309,366,905,5641,8404,325,905,743,1182,676,1079
12561,AVLP030,cb_intrinsic,R,gaba,-1,175,16757,10245,6512,10510,6765,3471,1943,7039,4822,3332,1943,1148,1176,1020,1058
13305,AVLP031,cb_intrinsic,R,gaba,-1,624,10177,5689,4488,5985,4716,2019,1528,3966,3188,1616,1528,758,620,651,532
524133,AVLP031,cb_intrinsic,L,gaba,-1,916,8252,4405,3847,4625,4081,1475,1041,3150,3040,1177,1041,690,574,602,516
14728,AVLP032,cb_intrinsic,R,acetylcholine,1,1004,7956,5309,2647,5399,2668,958,298,4441,2370,930,298,685,629,600,565
12063,AVLP053,cb_intrinsic,R,acetylcholine,1,950,8146,4783,3363,5481,3670,1487,1476,3994,2194,1378,1476,820,522,693,437
10494,AVLP076,cb_intrinsic,L,gaba,-1,17,50197,34073,16124,35423,18255,8382,2197,27041,16058,7906,2197,1950,1827,1780,1663
10879,AVLP076,cb_intrinsic,R,gaba,-1,11,55676,37838,17838,39722,19956,10597,2972,29125,16984,10068,2972,2180,1847,1970,1656
11654,AVLP077,cb_intrinsic,R,gaba,-1,249,14893,8606,6287,10982,7836,2804,1971,8178,5865,2199,1971,903,788,796,675
11937,AVLP077,cb_intrinsic,L,gaba,-1,304,14019,8471,5548,10285,6760,2481,1446,7804,5314,1922,1446,845,743,751,646
10993,AVLP078,cb_intrinsic,L,glutamate,-1,287,14265,6635,7630,7546,8336,2551,2556,4995,5780,2251,2556,776,521,664,437
523672,AVLP078,cb_intrinsic,R,glutamate,-1,172,16842,7876,8966,8731,9483,3577,3082,5154,6401,3168,3082,791,486,672,401
10421,AVLP079,cb_intrinsic,L,gaba,-1,13,54142,35949,18193,38502,20644,10142,3564,28360,17080,9684,3564,1762,1953,1615,1787
10719,AVLP079,cb_intrinsic,R,gaba,-1,6,64711,42652,22059,45744,24440,13782,5106,31962,19334,13139,5106,2066,2095,1874,1897
10172,AVLP080,cb_intrinsic,L,gaba,-1,15,51467,33880,17587,37620,22598,8877,3269,28743,19329,8535,3269,2120,2138,1960,1967
21568,AVLP080,cb_intrinsic,R,gaba,-1,14,53761,33535,20226,37416,25443,10161,4146,27255,21297,9775,4146,2121,2176,1942,1992
12552,AVLP081,cb_intrinsic,R,gaba,-1,554,10806,4111,6695,4757,7140,1021,2245,3736,4895,818,2245,699,633,601,526
12932,AVLP081,cb_intrinsic,L,gaba,-1,824,8781,3350,5431,3775,5958,781,1769,2994,4189,616,1769,594,530,520,453
10404,AVLP082,cb_intrinsic,R,gaba,-1,8,63345,36825,26520,38209,27408,8549,4215,29660,23193,8099,4215,998,1068,873,945
520034,AVLP082,cb_intrinsic,L,gaba,-1,7,63787,41658,22129,42941,23115,5951,2153,36990,20962,5417,2153,1065,1071,961,967
10307,AVLP083,cb_intrinsic,R,gaba,-1,19,45042,24879,20163,26101,21095,2849,3241,23252,17854,2476,3241,1380,1490,1260,1345
10614,AVLP084,cb_intrinsic,L,gaba,-1,242,14967,6984,7983,11149,8084,1117,1509,10032,6575,960,1509,389,435,357,405
11631,AVLP084,cb_intrinsic,R,gaba,-1,174,16775,7465,9310,11764,9380,2173,2534,9591,6846,1998,2534,424,425,372,374
11128,AVLP085,cb_intrinsic,L,gaba,-1,314,13760,5241,8519,6582,9035,634,3085,5948,5950,474,3085,826,804,739,704
12547,AVLP085,cb_intrinsic,R,gaba,-1,244,14953,5425,9528,7052,10033,790,3856,6262,6177,613,3856,880,808,781,678
11181,AVLP086,cb_intrinsic,L,gaba,-1,48,29904,17663,12241,19509,13979,2488,1210,17021,12769,2172,1210,1401,1757,1303,1651
11460,AVLP086,cb_intrinsic,R,gaba,-1,34,32939,19139,13800,21362,15550,2881,1556,18481,13994,2558,1556,1504,1785,1384,1647
12015,AVLP087,cb_intrinsic,R,glutamate,-1,315,13760,4555,9205,6860,9295,2000,2104,4860,7191,1874,2104,384,547,332,477
102545,AVLP087,cb_intrinsic,L,glutamate,-1,386,12644,4219,8425,6398,8565,887,1044,5511,7521,781,1044,397,528,361,481
15360,AVLP090,cb_intrinsic,R,gaba,-1,792,8969,4882,4087,5309,4101,1661,723,3648,3378,1513,723,379,420,321,358
525354,AVLP090,cb_intrinsic,L,gaba,-1,985,8038,4406,3632,4800,3662,1239,445,3561,3217,1071,445,346,414,300,370
16752,AVLP111,cb_intrinsic,R,acetylcholine,1,655,9956,5597,4359,6534,4417,1463,1844,5071,2573,1366,1844,644,512,540,421
16624,AVLP153,cb_intrinsic,R,acetylcholine,1,731,9371,2812,6559,5378,6652,940,2172,4438,4480,843,2172,452,554,405,472
11224,AVLP154,cb_intrinsic,R,acetylcholine,1,290,14224,6742,7482,6942,7746,3103,4705,3839,3041,2976,4705,627,502,517,371
388536,AVLP154,cb_intrinsic,L,acetylcholine,1,419,12184,5245,6939,5476,7280,2245,4143,3231,3137,2171,4143,572,563,470,437
13626,AVLP157,cb_intrinsic,R,acetylcholine,1,650,9987,4427,5560,4734,5864,1394,3413,3340,2451,1320,3413,568,443,464,326
532838,AVLP157,cb_intrinsic,L,acetylcholine,1,791,8970,3883,5087,4161,5336,1177,3022,2984,2314,1130,3022,577,479,477,367
12525,AVLP160,cb_intrinsic,R,acetylcholine,1,549,10850,6937,3913,7268,4158,2240,1414,5028,2744,2144,1414,1077,756,917,605
513433,AVLP160,cb_intrinsic,L,acetylcholine,1,661,9872,6362,3510,6662,3687,1769,1147,4893,2540,1692,1147,1024,643,888,525
14281,AVLP163,cb_intrinsic,L,acetylcholine,1,937,8180,5016,3164,5171,3379,1377,1886,3794,1493,1316,1886,594,361,509,292
14309,AVLP163,cb_intrinsic,R,acetylcholine,1,559,10767,6091,4676,6372,4884,2795,2826,3577,2058,2746,2826,540,343,441,269
511956,AVLP163,cb_intrinsic,L,acetylcholine,1,864,8518,4840,3678,5076,3860,2153,2184,2923,1676,2104,2184,494,319,411,257
514522,AVLP163,cb_intrinsic,R,acetylcholine,1,713,9485,5313,4172,5538,4398,1710,2496,3828,1902,1633,2496,646,395,543,311
15417,AVLP164,cb_intrinsic,R,acetylcholine,1,797,8926,5204,3722,5479,3928,1336,2421,4143,1507,1299,2421,745,471,639,374
18938,AVLP164,cb_intrinsic,R,acetylcholine,1,841,8648,5076,3572,5447,3765,1267,2157,4180,1608,1223,2157,698,501,593,405
13111,AVLP169,cb_intrinsic,R,acetylcholine,1,982,8059,4004,4055,4340,4693,1432,1685,2908,3008,1304,1685,670,422,576,351
10602,AVLP200,cb_intrinsic,L,gaba,-1,494,11443,2583,8860,4591,8993,360,1555,4231,7438,293,1555,366,810,325,717
13148,AVLP200,cb_intrinsic,R,gaba,-1,446,11912,2784,9128,5076,9240,357,2090,4719,7150,279,2090,346,784,305,695
11518,AVLP201,cb_intrinsic,L,gaba,-1,799,8919,4910,4009,6498,4408,578,798,5920,3610,516,798,856,899,780,805
522857,AVLP201,cb_intrinsic,R,gaba,-1,694,9586,5662,3924,7359,4315,721,1006,6638,3309,670,1006,874,867,792,756
11664,AVLP209,cb_intrinsic,R,gaba,-1,184,16503,8459,8044,11760,9575,902,1482,10858,8093,866,1482,1259,1696,1178,1559
11923,AVLP209,cb_intrinsic,L,gaba,-1,245,14950,8266,6684,10905,8208,792,907,10113,7301,775,907,1108,1497,1039,1393
10667,AVLP210,cb_intrinsic,L,acetylcholine,1,591,10442,7427,3015,8121,4074,1335,1152,6786,2922,1281,1152,1308,639,1186,544
12798,AVLP210,cb_intrinsic,R,acetylcholine,1,455,11813,8193,3620,8945,4736,1456,1539,7489,3197,1397,1539,1396,692,1265,583
10900,AVLP213,cb_intrinsic,L,gaba,-1,454,11831,4552,7279,4684,7307,794,1950,3890,5357,681,1950,697,686,600,604
12645,AVLP213,cb_intrinsic,R,gaba,-1,277,14422,6324,8098,6527,8141,1252,2476,5275,5665,1107,2476,750,730,639,614
10319,AVLP215,cb_intrinsic,L,gaba,-1,47,29947,17248,12699,17597,13396,4700,2349,12897,11047,4585,2349,1384,1585,1260,1447
10917,AVLP215,cb_intrinsic,R,gaba,-1,31,33443,19237,14206,19643,14916,5817,3066,13826,11850,5626,3066,1417,1659,1281,1500
14640,AVLP216,cb_intrinsic,R,gaba,-1,978,8066,3281,4785,3575,4851,504,1150,3071,3701,410,1150,303,434,262,365
12731,AVLP251,cb_intrinsic,R,gaba,-1,400,12458,8563,3895,9691,4009,2453,1095,7238,2914,2344,1095,1218,560,1095,476
532827,AVLP251,cb_intrinsic,L,gaba,-1,533,10988,7683,3305,8719,3450,1910,895,6809,2555,1838,895,1202,524,1100,464
15856,AVLP252,cb_intrinsic,R,gaba,-1,936,8184,3897,4287,3958,4320,1071,862,2887,3458,982,862,383,568,331,485
11018,AVLP258,cb_intrinsic,L,acetylcholine,1,452,11853,4506,7347,6885,7638,1181,3748,5704,3890,1026,3748,1155,812,1053,643
11727,AVLP258,cb_intrinsic,R,acetylcholine,1,393,12498,5142,7356,7826,7646,1512,3905,6314,3741,1356,3905,1238,769,1115,615
10155,AVLP280,cb_intrinsic,R,acetylcholine,1,197,16153,9400,6753,10176,7717,3408,3439,6768,4278,3292,3439,1415,844,1263,727
555384,AVLP280,cb_intrinsic,L,acetylcholine,1,331,13539,7658,5881,8338,6781,2306,2983,6032,3798,2209,2983,1231,785,1103,670
10749,AVLP289,cb_intrinsic,L,acetylcholine,1,352,13129,3929,9200,4091,9374,1494,1716,2597,7658,1194,1716,368,624,297,549
533442,AVLP289,cb_intrinsic,R,acetylcholine,1,195,16186,4972,11214,5209,11370,2111,2474,3098,8896,1737,2474,464,707,384,613
529378,AVLP290_a,cb_intrinsic,R,acetylcholine,1,817,8806,3353,5453,3779,5821,1472,2507,2307,3314,1353,2507,420,456,337,366
11499,AVLP314,cb_intrinsic,L,acetylcholine,1,965,8093,3657,4436,3976,4489,874,2071,3102,2418,827,2071,794,723,695,624
12789,AVLP314,cb_intrinsic,R,acetylcholine,1,735,9324,4517,4807,5023,4865,1179,2252,3844,2613,1110,2252,836,725,711,618
11792,AVLP315,cb_intrinsic,L,acetylcholine,1,574,10588,5443,5145,6248,5245,1064,1842,5184,3403,992,1842,950,664,849,577
12363,AVLP315,cb_intrinsic,R,acetylcholine,1,366,12938,7453,5485,8580,5614,1814,2235,6766,3379,1725,2235,1009,652,898,556
12120,AVLP316,cb_intrinsic,R,acetylcholine,1,868,8492,7034,1458,7627,1711,1226,758,6401,953,1191,758,933,260,832,208
12326,AVLP316,cb_intrinsic,R,acetylcholine,1,913,8258,6874,1384,7514,1674,1246,723,6268,951,1188,723,969,273,852,214
12751,AVLP316,cb_intrinsic,R,acetylcholine,1,1001,7975,6593,1382,7095,1672,1201,677,5894,995,1143,677,890,292,785,232
13782,AVLP318,cb_intrinsic,R,acetylcholine,1,788,9002,5356,3646,5609,3648,1909,1260,3700,2388,1843,1260,357,280,299,244
16095,AVLP352,cb_intrinsic,R,acetylcholine,1,943,8164,2647,5517,4139,5523,1441,945,2698,4578,1397,945,150,251,121,213
16248,AVLP352,cb_intrinsic,R,acetylcholine,1,914,8257,1729,6528,3488,6548,731,974,2757,5574,708,974,152,252,127,216
13108,AVLP370_b,cb_intrinsic,R,acetylcholine,1,388,12566,6053,6513,7319,7247,843,1684,6476,5563,712,1684,703,456,628,389
533064,AVLP370_b,cb_intrinsic,L,acetylcholine,1,464,11748,5864,5884,6821,6750,673,1392,6148,5358,554,1392,671,427,599,380
13150,AVLP374,cb_intrinsic,R,acetylcholine,1,206,15901,6478,9423,9458,9461,1560,2423,7898,7038,1417,2423,328,412,288,353
519345,AVLP374,cb_intrinsic,L,acetylcholine,1,465,11743,5328,6415,7912,6445,943,1433,6969,5012,836,1433,303,385,275,347
522194,AVLP374,cb_intrinsic,R,acetylcholine,1,715,9475,4429,5046,6368,5050,1455,2065,4913,2985,1382,2065,242,319,209,277
10780,AVLP396,cb_intrinsic,L,acetylcholine,1,855,8581,6528,2053,8007,3198,2158,735,5849,2463,2098,735,969,437,869,360
12041,AVLP396,cb_intrinsic,R,acetylcholine,1,645,10021,7827,2194,9722,3303,2642,824,7080,2479,2538,824,1084,518,963,428
10934,AVLP397,cb_intrinsic,L,acetylcholine,1,762,9108,4254,4854,4672,4897,1260,2106,3412,2791,1212,2106,667,561,555,465
12573,AVLP397,cb_intrinsic,R,acetylcholine,1,618,10230,4865,5365,5273,5408,1775,2306,3498,3102,1714,2306,703,614,590,496
511960,AVLP399,cb_intrinsic,R,acetylcholine,1,666,9800,3115,6685,3839,6730,1036,2257,2803,4473,949,2257,382,496,321,423
13747,AVLP400,cb_intrinsic,R,acetylcholine,1,847,8612,3107,5505,5239,5516,1830,1901,3409,3615,1759,1901,213,290,180,248
15536,AVLP400,cb_intrinsic,R,acetylcholine,1,660,9884,2846,7038,3875,7043,976,1544,2899,5499,907,1544,245,301,207,259
533065,AVLP400,cb_intrinsic,L,acetylcholine,1,926,8218,2323,5895,3043,5904,769,1198,2274,4706,712,1198,223,265,201,244
13953,AVLP430,cb_intrinsic,R,acetylcholine,1,812,8823,3580,5243,4493,5321,1554,1699,2939,3622,1440,1699,758,775,649,646
14723,AVLP431,cb_intrinsic,R,acetylcholine,1,1009,7944,3652,4292,3784,4320,1671,827,2113,3493,1636,827,445,555,360,468
12289,AVLP432,cb_intrinsic,R,acetylcholine,1,210,15743,9783,5960,10193,6180,3074,3926,7119,2254,2963,3926,1031,675,896,562
13521,AVLP432,cb_intrinsic,L,acetylcholine,1,531,11000,6355,4645,6590,4810,1990,3081,4600,1729,1921,3081,791,629,684,536
10659,AVLP433_a,cb_intrinsic,R,acetylcholine,1,320,13689,9444,4245,9736,4527,2501,2338,7235,2189,2403,2338,1085,771,914,624
519531,AVLP433_a,cb_intrinsic,L,acetylcholine,1,573,10623,6511,4112,6701,4426,1472,2128,5229,2298,1402,2128,944,784,816,635
13300,AVLP433_b,cb_intrinsic,R,acetylcholine,1,505,11297,7271,4026,7635,4090,1810,1550,5825,2540,1733,1550,878,407,755,339
520590,AVLP433_b,cb_intrinsic,L,acetylcholine,1,639,10061,5944,4117,6179,4206,1441,1579,4738,2627,1372,1579,813,426,699,354
10519,AVLP434_a,cb_intrinsic,R,acetylcholine,1,398,12470,8870,3600,8933,3658,2115,670,6818,2988,1802,670,906,466,772,406
11148,AVLP434_a,cb_intrinsic,L,acetylcholine,1,603,10388,6832,3556,6879,3611,1192,751,5687,2860,903,751,811,456,704,399
12515,AVLP434_b,cb_intrinsic,L,acetylcholine,1,785,9006,5346,3660,5520,3753,1562,1663,3958,2090,1487,1663,786,547,672,445
13200,AVLP434_b,cb_intrinsic,R,acetylcholine,1,589,10453,6737,3716,7039,3778,2169,1740,4870,2038,2070,1740,859,498,738,396
11240,AVLP435_a,cb_intrinsic,L,acetylcholine,1,463,11750,4382,7368,5366,7801,1896,3421,3470,4380,1780,3421,421,559,350,484
12018,AVLP435_a,cb_intrinsic,R,acetylcholine,1,269,14556,5358,9198,6556,9777,2336,4353,4220,5424,2181,4353,499,652,416,545
14551,AVLP435_b,cb_intrinsic,R,acetylcholine,1,524,11077,3414,7663,3669,8062,1346,3675,2323,4387,1251,3675,494,554,403,446
533480,AVLP435_b,cb_intrinsic,L,acetylcholine,1,790,8976,2726,6250,2934,6628,981,2655,1953,3973,915,2655,430,529,368,447
15697,AVLP439,cb_intrinsic,R,acetylcholine,1,892,8382,4709,3673,4830,3752,1345,1728,3485,2024,1271,1728,774,590,658,477
10098,AVLP442,cb_intrinsic,L,acetylcholine,1,223,15473,9514,5959,10181,7341,1725,2030,8456,5311,1623,2030,1184,759,1064,659
31440,AVLP442,cb_intrinsic,R,acetylcholine,1,182,16538,10916,5622,11609,7126,2022,1825,9587,5301,1897,1825,1274,752,1130,644
22607,AVLP449,cb_intrinsic,R,gaba,-1,256,14761,9053,5708,9793,6997,3644,2980,6149,4017,2815,2980,702,586,599,496
523842,AVLP449,cb_intrinsic,L,gaba,-1,354,13120,7942,5178,8522,6519,2621,2846,5901,3673,1951,2846,646,552,554,477
12153,AVLP464,cb_intrinsic,R,gaba,-1,480,11605,2251,9354,6599,9461,215,2276,6384,7185,182,2276,649,867,587,764
36607,AVLP464,cb_intrinsic,L,gaba,-1,689,9616,1834,7782,4802,7872,153,1650,4649,6222,129,1650,613,845,565,762
13774,AVLP474,cb_intrinsic,R,gaba,-1,811,8832,5784,3048,5894,3070,1215,856,4679,2214,1117,856,789,542,676,466
10898,AVLP476,cb_intrinsic,R,dopamine,0,373,12782,5383,7399,7913,8240,1762,1945,6151,6295,1607,0,1154,2239,1017,2025
529811,AVLP476,cb_intrinsic,L,dopamine,0,517,11170,4881,6289,6859,7088,1430,1453,5429,5635,1274,0,1109,2117,995,1949
519296,AVLP477,cb_intrinsic,R,acetylcholine,1,525,11058,7406,3652,8343,3904,1597,1532,6746,2372,1531,1532,1262,590,1107,484
521687,AVLP477,cb_intrinsic,L,acetylcholine,1,808,8857,4990,3867,5788,4138,904,1584,4884,2554,868,1584,1116,647,984,526
10874,AVLP478,cb_intrinsic,L,gaba,-1,280,14409,8664,5745,9825,5876,2108,3274,7717,2602,1990,3274,1062,712,940,619
12161,AVLP478,cb_intrinsic,R,gaba,-1,143,17829,11685,6144,13080,6221,2942,3699,10138,2522,2800,3699,1170,708,1027,590
11630,AVLP498,cb_intrinsic,R,acetylcholine,1,237,15068,10467,4601,12476,5774,1829,2589,10647,3185,1723,2589,1242,615,1108,503
30511,AVLP498,cb_intrinsic,L,acetylcholine,1,382,12712,8615,4097,10057,5221,1369,2218,8688,3003,1286,2218,1101,573,994,482
11697,AVLP500,cb_intrinsic,L,acetylcholine,1,729,9385,5821,3564,8040,3701,2511,840,5529,2861,2355,840,795,535,724,456
12870,AVLP500,cb_intrinsic,R,acetylcholine,1,403,12383,7893,4490,10993,4663,3780,1240,7213,3423,3542,1240,982,591,877,480
10348,AVLP501,cb_intrinsic,L,acetylcholine,1,204,15990,7765,8225,9534,8385,1900,3197,7634,5188,1752,3197,1158,868,1030,742
11250,AVLP501,cb_intrinsic,R,acetylcholine,1,186,16375,8835,7540,10648,7667,2181,2557,8467,5110,2035,2557,1204,844,1063,717
11101,AVLP502,cb_intrinsic,L,acetylcholine,1,497,11421,5343,6078,6052,6881,801,1334,5251,5547,737,1334,872,917,782,778
11462,AVLP502,cb_intrinsic,R,acetylcholine,1,472,11652,5803,5849,6872,6576,961,1402,5911,5174,898,1402,935,866,827,737
374042364,AVLP503,cb_intrinsic,R,acetylcholine,1,973,8074,3623,4451,5022,4521,1169,1438,3853,3083,1104,1438,792,387,695,303
13835,AVLP505,cb_intrinsic,R,acetylcholine,1,909,8269,5071,3198,6116,3311,1171,1325,4945,1986,1091,1325,761,587,648,478
14186,AVLP506,cb_intrinsic,R,acetylcholine,1,997,7996,4337,3659,4382,3830,1423,1205,2959,2625,1376,1205,475,437,386,344
13329,AVLP509,cb_intrinsic,R,acetylcholine,1,390,12537,7935,4602,8735,4828,3097,861,5638,3967,3017,861,593,539,505,461
523860,AVLP509,cb_intrinsic,L,acetylcholine,1,434,12044,6959,5085,7771,5298,2107,1078,5664,4220,2063,1078,595,488,512,411
13924,AVLP520,cb_intrinsic,R,acetylcholine,1,342,13315,5957,7358,6011,7498,2378,2930,3633,4568,2310,2930,643,657,526,530
525350,AVLP520,cb_intrinsic,L,acetylcholine,1,376,12761,5333,7428,5389,7548,1989,3362,3400,4186,1934,3362,622,673,511,546
10828,AVLP531,cb_intrinsic,L,gaba,-1,641,10043,3273,6770,6897,7332,867,3236,6030,4096,796,3236,1231,848,1112,740
10943,AVLP531,cb_intrinsic,R,gaba,-1,486,11531,4469,7062,10439,7554,1149,3590,9290,3964,1062,3590,1483,836,1338,717
10847,AVLP532,cb_intrinsic,R,unclear,0,20,43018,27995,15023,29831,15483,7044,3753,22787,11730,6505,0,1609,1983,1432,1784
522410,AVLP532,cb_intrinsic,L,unclear,0,28,34543,23341,11202,24975,11609,5372,2423,19603,9186,4961,0,1438,1769,1301,1601
12283,AVLP533,cb_intrinsic,L,gaba,-1,183,16534,7118,9416,7464,9722,973,1509,6491,8213,677,1509,675,993,601,894
12396,AVLP533,cb_intrinsic,R,gaba,-1,140,17976,7481,10495,7809,10810,1208,2039,6601,8771,912,2039,641,1029,546,903
12856,AVLP534,cb_intrinsic,R,acetylcholine,1,523,11083,5990,5093,6102,5214,1717,3437,4385,1777,1636,3437,819,575,692,459
12878,AVLP534,cb_intrinsic,L,acetylcholine,1,726,9415,5073,4342,5192,4483,1311,2749,3881,1734,1246,2749,769,538,672,444
10375,AVLP535,cb_intrinsic,R,gaba,-1,150,17540,8177,9363,9663,9912,2235,1585,7428,8327,2068,1585,673,993,575,885
11549,AVLP535,cb_intrinsic,L,gaba,-1,254,14824,7120,7704,8698,8254,1842,1113,6856,7141,1724,1113,608,916,524,829
12423,AVLP536,cb_intrinsic,R,glutamate,-1,194,16194,4926,11268,8995,11560,2138,3487,6857,8073,1757,3487,1024,1054,901,925
12488,AVLP536,cb_intrinsic,L,glutamate,-1,362,12978,3345,9633,6365,9931,1418,2277,4947,7654,1207,2277,868,942,776,842
12276,AVLP537,cb_intrinsic,L,glutamate,-1,360,13030,3111,9919,11223,10229,1264,2404,9959,7825,1122,2404,952,919,889,828
13080,AVLP537,cb_intrinsic,R,glutamate,-1,253,14825,3632,11193,16043,11479,1588,3494,14455,7985,1377,3494,984,924,908,816
10353,AVLP538,cb_intrinsic,R,unclear,0,35,32469,18744,13725,30616,15203,6370,3871,24246,11332,6149,0,2065,2137,1890,1932
523512,AVLP538,cb_intrinsic,L,unclear,0,53,28971,17989,10982,27678,12147,5498,2874,22180,9273,5272,0,1853,1948,1707,1767
11580,AVLP539,cb_intrinsic,L,glutamate,-1,263,14594,4722,9872,5190,10996,1378,3604,3812,7392,1018,3604,650,1142,570,1023
12205,AVLP539,cb_intrinsic,R,glutamate,-1,196,16165,5584,10581,6140,11576,2278,4270,3862,7306,1879,4270,734,1265,617,1112
10925,AVLP542,cb_intrinsic,R,gaba,-1,111,20726,11495,9231,14408,9964,1742,1154,12666,8810,1333,1154,801,947,729,852
11091,AVLP542,cb_intrinsic,L,gaba,-1,153,17360,10108,7252,12875,7989,1381,625,11494,7364,1028,625,813,930,749,855
10708,AVLP544,cb_intrinsic,L,gaba,-1,80,23713,11715,11998,13000,13895,1292,1719,11708,12176,1091,1719,549,784,508,720
10902,AVLP544,cb_intrinsic,R,gaba,-1,59,27379,13264,14115,14579,15775,2251,3021,12328,12754,1980,3021,591,791,524,691
49693,AVLP545,cb_intrinsic,L,glutamate,-1,1018,7891,1954,5937,2760,5968,251,716,2509,5252,180,716,316,468,298,427
512903,AVLP545,cb_intrinsic,R,glutamate,-1,742,9249,2771,6478,3693,6502,580,1238,3113,5264,467,1238,361,477,324,418
11115,AVLP562,cb_intrinsic,L,acetylcholine,1,359,13044,8181,4863,8235,5045,1760,1302,6475,3743,1617,1302,980,617,824,508
12390,AVLP562,cb_intrinsic,R,acetylcholine,1,327,13563,8872,4691,8957,4802,2172,1302,6785,3500,2005,1302,1051,611,905,512
12676,AVLP563,cb_intrinsic,L,acetylcholine,1,739,9270,5333,3937,5380,3986,1620,1295,3760,2691,1509,1295,811,491,687,401
13576,AVLP563,cb_intrinsic,R,acetylcholine,1,679,9681,5750,3931,5784,3963,1723,1279,4061,2684,1608,1279,869,473,730,388
13400,AVLP565,cb_intrinsic,R,acetylcholine,1,805,8871,4179,4692,4755,4730,1483,1494,3272,3236,1386,1494,663,664,561,562
10792,AVLP571,cb_intrinsic,L,acetylcholine,1,704,9529,5731,3798,6059,4529,1343,1558,4716,2971,1248,1558,963,584,854,485
13085,AVLP571,cb_intrinsic,R,acetylcholine,1,514,11199,7018,4181,7722,4887,1653,1768,6069,3119,1524,1768,1137,605,1007,500
10325,AVLP572,cb_intrinsic,R,acetylcholine,1,436,12030,8636,3394,10575,3646,1732,1599,8843,2047,1626,1599,1563,583,1398,465
11349,AVLP572,cb_intrinsic,L,acetylcholine,1,498,11414,7496,3918,8870,4142,1386,1933,7484,2209,1291,1933,1456,619,1322,499
12769,AVLP573,cb_intrinsic,R,acetylcholine,1,721,9445,6149,3296,6466,3711,1173,1510,5293,2201,1105,1510,875,481,731,382
12615,AVLP575,cb_intrinsic,R,acetylcholine,1,1019,7889,2640,5249,4771,5478,624,1213,4147,4265,598,1213,767,679,672,555
12148,AVLP576,cb_intrinsic,L,acetylcholine,1,888,8403,4268,4135,4457,4326,896,2183,3561,2143,789,2183,673,540,578,422
15288,AVLP576,cb_intrinsic,R,acetylcholine,1,678,9684,4912,4772,5092,5022,1346,2489,3746,2533,1191,2489,690,563,578,441
12930,AVLP577,cb_intrinsic,R,acetylcholine,1,786,9005,4384,4621,5083,4823,1028,2055,4055,2768,890,2055,798,600,692,487
14900,AVLP577,cb_intrinsic,R,acetylcholine,1,769,9076,4442,4634,5037,4818,1093,2221,3944,2597,953,2221,726,581,603,468
15298,AVLP577,cb_intrinsic,L,acetylcholine,1,976,8069,3472,4597,4081,4801,819,2224,3262,2577,705,2224,671,570,571,462
11648,AVLP590,cb_intrinsic,R,glutamate,-1,509,11244,7751,3493,8230,4155,1673,1141,6557,3014,1623,1141,1084,468,960,399
11776,AVLP590,cb_intrinsic,L,glutamate,-1,586,10500,7163,3337,7574,3954,1598,986,5976,2968,1561,986,1067,412,954,350
12020,AVLP592,cb_intrinsic,L,acetylcholine,1,565,10695,5638,5057,6799,5533,2083,1863,4716,3670,1853,1863,817,713,710,598
12444,AVLP592,cb_intrinsic,R,acetylcholine,1,374,12781,7316,5465,8723,5860,2686,2077,6037,3783,2409,2077,892,643,767,536
11237,AVLP594,cb_intrinsic,R,unclear,0,871,8473,4718,3755,5087,4348,699,627,4388,3721,599,0,574,546,504,509
11317,AVLP594,cb_intrinsic,L,unclear,0,1008,7945,4345,3600,4676,4219,525,505,4151,3714,438,0,591,470,529,442
15896,AVLP595,cb_intrinsic,R,acetylcholine,1,1000,7992,4113,3879,4177,3910,1092,1601,3085,2309,1021,1601,745,734,626,608
10094,AVLP597,cb_intrinsic,L,gaba,-1,224,15471,8808,6663,14220,8186,1027,720,13193,7466,984,720,1205,1371,1141,1292
10646,AVLP597,cb_intrinsic,R,gaba,-1,191,16243,8797,7446,14023,9102,1168,1018,12855,8084,1107,1018,1210,1440,1122,1334
11125,AVLP610,cb_intrinsic,R,dopamine,0,339,13384,8114,5270,9530,5843,1937,1201,7593,4642,1682,0,1210,1979,1085,1791
520188,AVLP610,cb_intrinsic,L,dopamine,0,298,14065,7980,6085,9376,6685,2114,1598,7262,5087,1814,0,1175,2050,1029,1832
11110,AVLP615,cb_intrinsic,R,gaba,-1,959,8127,2786,5341,5666,5620,659,797,5007,4823,614,797,377,490,337,450
10588,AVLP710m,cb_intrinsic,R,gaba,-1,365,12938,8715,4223,9370,7142,1749,1154,7621,5988,1618,1154,1166,755,1019,665
525452,AVLP710m,cb_intrinsic,L,gaba,-1,413,12245,7996,4249,8623,6820,1384,1121,7239,5699,1262,1121,1141,832,1000,732
10988,AVLP712m,cb_intrinsic,R,glutamate,-1,569,10663,6151,4512,7131,6737,586,786,6545,5951,546,786,738,653,666,573
521783,AVLP712m,cb_intrinsic,L,glutamate,-1,594,10430,6067,4363,7043,6750,531,576,6512,6174,495,576,728,651,651,565
11854,AVLP717m,cb_intrinsic,R,acetylcholine,1,542,10888,7542,3346,7950,4228,1496,798,6454,3430,1376,798,1035,640,906,534
520020,AVLP717m,cb_intrinsic,L,acetylcholine,1,659,9897,6758,3139,6968,3995,978,740,5990,3255,898,740,979,633,864,533
12857,AVLP721m,cb_intrinsic,R,acetylcholine,1,898,8339,3937,4402,4518,4646,897,1037,3621,3609,874,1037,596,661,539,595
521490,AVLP721m,cb_intrinsic,L,acetylcholine,1,992,8008,3589,4419,4163,4630,610,1061,3553,3569,579,1061,619,685,565,615
13385,AVLP730m,cb_intrinsic,R,acetylcholine,1,986,8030,3634,4396,3821,4666,1016,2048,2805,2618,891,2048,696,585,577,476
12903,AVLP757m,cb_intrinsic,R,acetylcholine,1,880,8433,5142,3291,5389,3532,793,835,4596,2697,729,835,679,442,612,387
11331,AVLP758m,cb_intrinsic,L,acetylcholine,1,750,9206,3946,5260,4153,5420,564,768,3589,4652,543,768,517,732,459,659
13162,AVLP758m,cb_intrinsic,R,acetylcholine,1,600,10395,4544,5851,4801,6005,668,1071,4133,4934,640,1071,582,745,513,661
10035,AstA1,cb_intrinsic,L,gaba,-1,30,34136,12829,21307,16190,22304,1019,3008,15171,19296,953,3008,2418,2997,2268,2817
10299,AstA1,cb_intrinsic,R,gaba,-1,38,32116,10976,21140,14127,22121,892,2651,13235,19470,821,2651,2156,2954,2019,2783
10748,CB0214,cb_intrinsic,R,gaba,-1,1010,7936,5373,2563,6952,2898,16,56,6936,2842,7,56,422,304,416,296
12747,CB0466,cb_intrinsic,R,gaba,-1,605,10364,4964,5400,7100,5874,321,272,6779,5602,284,272,554,600,514,561
533751,CB0466,cb_intrinsic,L,gaba,-1,856,8581,4072,4509,5776,4997,315,244,5461,4753,294,244,518,595,485,564
52029,CB3690,cb_intrinsic,L,acetylcholine,1,649,9992,4283,5709,4521,6010,1291,3217,3230,2793,1223,3217,654,600,548,479
10252,CL001,cb_intrinsic,R,glutamate,-1,82,23626,15565,8061,15936,9510,3401,1948,12535,7562,3349,1948,1217,1038,1111,943
28160,CL001,cb_intrinsic,L,glutamate,-1,77,23809,15978,7831,16329,9339,3698,1981,12631,7358,3629,1981,1212,997,1104,893
11407,CL002,cb_intrinsic,R,glutamate,-1,368,12899,7527,5372,7697,5794,1814,934,5883,4860,1776,934,857,709,756,618
524881,CL002,cb_intrinsic,L,glutamate,-1,438,11997,6957,5040,7130,5475,1590,882,5540,4593,1547,882,836,727,744,641
13757,CL029_a,cb_intrinsic,R,glutamate,-1,377,12734,9733,3001,10562,3153,1176,447,9386,2706,1140,447,967,288,874,252
521360,CL029_a,cb_intrinsic,L,glutamate,-1,479,11615,8313,3302,9118,3486,901,478,8217,3008,862,478,951,276,868,241
11679,CL029_b,cb_intrinsic,R,glutamate,-1,736,9321,5259,4062,5452,4215,957,757,4495,3458,907,757,666,558,575,484
512842,CL029_b,cb_intrinsic,L,glutamate,-1,693,9587,5124,4463,5308,4662,901,939,4407,3723,868,939,709,582,623,504
10412,CL036,cb_intrinsic,L,glutamate,-1,459,11789,6970,4819,7623,4946,891,577,6732,4369,866,577,939,703,859,633
13515,CL036,cb_intrinsic,R,glutamate,-1,152,17401,12293,5108,13112,5267,1748,651,11364,4616,1703,651,1246,750,1136,663
11022,CL053,cb_intrinsic,R,acetylcholine,1,461,11759,5981,5778,7532,7576,602,482,6930,7094,564,482,1222,899,1136,838
24597,CL053,cb_intrinsic,L,acetylcholine,1,449,11865,6372,5493,7636,7048,650,483,6986,6565,606,483,1123,856,1030,798
10604,CL063,cb_intrinsic,L,gaba,-1,310,13892,5883,8009,8112,9049,532,586,7580,8463,409,586,1107,1205,1032,1133
531768,CL063,cb_intrinsic,R,gaba,-1,178,16720,7741,8979,10700,9982,799,819,9901,9163,553,819,1328,1228,1223,1145
12685,CL064,cb_intrinsic,R,gaba,-1,952,8145,3323,4822,4854,5017,282,278,4572,4739,168,278,578,797,546,745
11675,CL065,cb_intrinsic,R,acetylcholine,1,164,17090,11353,5737,11504,6965,3528,1766,7976,5199,3405,1766,1101,859,938,726
523385,CL065,cb_intrinsic,L,acetylcholine,1,205,15945,10559,5386,10726,6496,3002,1616,7724,4880,2859,1616,1111,862,974,751
10698,CL092,cb_intrinsic,L,acetylcholine,1,815,8812,6156,2656,6364,3095,1733,1268,4631,1827,1506,1268,793,388,709,335
11308,CL092,cb_intrinsic,R,acetylcholine,1,635,10096,7112,2984,7376,3385,1983,1511,5393,1874,1783,1511,885,423,781,349
12137,CL109,cb_intrinsic,L,acetylcholine,1,699,9553,5826,3727,6218,4776,1377,1093,4841,3683,1314,1093,922,770,803,655
13302,CL109,cb_intrinsic,R,acetylcholine,1,516,11171,6757,4414,7174,5600,1792,1379,5382,4221,1688,1379,984,854,854,725
10681,CL110,cb_intrinsic,L,acetylcholine,1,616,10248,5661,4587,5765,5946,1115,1725,4650,4221,1046,1725,847,657,740,556
12208,CL110,cb_intrinsic,R,acetylcholine,1,863,8518,4393,4125,4478,4539,860,1345,3618,3194,786,1345,702,672,620,578
11543,CL111,cb_intrinsic,R,acetylcholine,1,767,9085,6406,2679,6768,3745,1194,670,5574,3075,1163,670,778,599,691,534
12081,CL111,cb_intrinsic,L,acetylcholine,1,999,7992,5579,2413,5901,3466,1103,567,4798,2899,1087,567,738,532,657,463
10998,CL213,cb_intrinsic,L,acetylcholine,1,1020,7882,4421,3461,5655,6081,1173,602,4482,5479,1125,602,778,265,688,231
11311,CL248,cb_intrinsic,R,gaba,-1,722,9444,5575,3869,5902,6149,1326,1028,4576,5121,1136,1028,922,636,820,553
521126,CL248,cb_intrinsic,L,gaba,-1,664,9822,6081,3741,6361,5792,1075,1023,5286,4769,890,1023,929,618,837,543
12984,CL256,cb_intrinsic,R,acetylcholine,1,784,9007,5849,3158,6425,3456,1078,1035,5347,2421,1042,1035,994,571,885,485
512673,CL256,cb_intrinsic,L,acetylcholine,1,1006,7953,4606,3347,5098,3725,873,871,4225,2854,853,871,863,542,777,465
10393,CL257,cb_intrinsic,R,acetylcholine,1,416,12216,7700,4516,7898,5152,1732,1211,6166,3941,1657,1211,929,624,809,532
11705,CL257,cb_intrinsic,L,acetylcholine,1,500,11353,7071,4282,7266,4878,1552,1088,5714,3790,1512,1088,862,572,764,487
10778,CL286,cb_intrinsic,L,acetylcholine,1,553,10806,6155,4651,7032,6540,1816,1672,5216,4868,1730,1672,1143,729,1008,625
11108,CL286,cb_intrinsic,R,acetylcholine,1,718,9451,5329,4122,6451,6059,1571,1542,4880,4517,1506,1542,1128,685,996,592
12963,CL287,cb_intrinsic,L,gaba,-1,911,8264,3695,4569,4567,4774,391,191,4176,4583,363,191,665,645,639,610
12832,CL303,cb_intrinsic,L,acetylcholine,1,606,10334,5680,4654,5929,4687,904,1918,5025,2769,831,1918,1328,518,1185,417
529023,CL303,cb_intrinsic,R,acetylcholine,1,588,10461,5660,4801,5967,4864,834,2050,5133,2814,762,2050,1331,621,1196,484
10487,CL311,cb_intrinsic,L,acetylcholine,1,705,9523,6723,2800,7418,4680,1437,592,5981,4088,1375,592,999,294,880,262
10987,CL311,cb_intrinsic,R,acetylcholine,1,567,10668,7107,3561,7943,5856,2028,740,5915,5116,1966,740,1016,289,892,256
11268,CL319,cb_intrinsic,L,acetylcholine,1,814,8820,5552,3268,6471,4555,1364,1088,5107,3467,1282,1088,1083,696,949,584
11353,CL319,cb_intrinsic,R,acetylcholine,1,752,9190,6025,3165,7272,4380,1782,1006,5490,3374,1690,1006,1144,638,1003,522
556064,CL336,cb_intrinsic,R,acetylcholine,1,910,8266,3232,5034,3731,6906,378,672,3353,6234,362,672,642,590,606,553
558801,CL336,cb_intrinsic,L,acetylcholine,1,733,9333,4076,5257,4529,7237,531,745,3998,6492,507,745,747,620,701,591
10186,CL361,cb_intrinsic,L,acetylcholine,1,890,8387,5701,2686,5833,3162,875,1065,4958,2097,823,1065,865,582,758,479
10883,CL361,cb_intrinsic,R,acetylcholine,1,782,9013,6107,2906,6339,3359,971,1274,5368,2085,899,1274,868,656,748,549
10184,CL366,cb_intrinsic,L,gaba,-1,137,18023,7347,10676,12815,13844,1254,2784,11561,11060,1210,2784,1664,1877,1525,1698
10323,CL366,cb_intrinsic,R,gaba,-1,144,17820,7216,10604,12373,13869,1132,2507,11241,11362,1081,2507,1627,1869,1495,1711
10368,CRE004,cb_intrinsic,L,acetylcholine,1,703,9533,5169,4364,6163,4524,830,1040,5333,3484,717,1040,990,955,858,817
114715,CRE004,cb_intrinsic,R,acetylcholine,1,809,8852,4661,4191,5715,4309,641,956,5074,3353,562,956,870,899,755,755
10285,CRE011,cb_intrinsic,L,acetylcholine,1,46,30453,21662,8791,21929,8833,6056,1191,15873,7642,5679,1191,947,835,812,719
519132,CRE011,cb_intrinsic,R,acetylcholine,1,60,26907,18752,8155,18985,8204,4815,1025,14170,7179,4528,1025,922,816,787,704
16473,CRE012,cb_intrinsic,R,gaba,-1,903,8314,4330,3984,4399,4078,869,1227,3530,2851,775,1227,658,495,564,413
522715,CRE012,cb_intrinsic,L,gaba,-1,972,8075,4598,3477,4652,3593,998,832,3654,2761,903,832,637,496,533,401
14133,CRE013,cb_intrinsic,R,gaba,-1,656,9955,5725,4230,5823,4304,1413,1027,4410,3277,1239,1027,736,654,630,557
512662,CRE013,cb_intrinsic,L,gaba,-1,423,12171,7406,4765,7570,4853,2177,1176,5393,3677,1981,1176,800,731,696,623
10635,CRE021,cb_intrinsic,R,gaba,-1,338,13403,7738,5665,8540,7095,1026,704,7514,6391,966,704,962,894,851,789
10916,CRE021,cb_intrinsic,L,gaba,-1,248,14904,8846,6058,9736,7590,1346,777,8390,6813,1303,777,1056,928,919,804
13870,CRE022,cb_intrinsic,R,glutamate,-1,652,9973,5676,4297,5736,4366,1382,2300,4354,2066,1319,2300,716,598,607,474
532568,CRE022,cb_intrinsic,L,glutamate,-1,657,9927,5681,4246,5750,4309,1329,2328,4421,1981,1272,2328,743,598,640,475
11192,CRE040,cb_intrinsic,R,gaba,-1,230,15216,9768,5448,10305,6035,1954,1329,8351,4706,1806,1329,1055,1005,934,893
533590,CRE040,cb_intrinsic,L,gaba,-1,162,17120,11630,5490,12262,6095,2981,1462,9281,4633,2816,1462,1118,988,993,868
11634,CRE041,cb_intrinsic,L,gaba,-1,358,13060,9311,3749,10301,3805,1649,795,8652,3010,1507,795,864,444,745,353
534301,CRE041,cb_intrinsic,R,gaba,-1,537,10945,7386,3559,8126,3609,1149,1089,6977,2520,1039,1089,767,385,681,305
12761,CRE042,cb_intrinsic,R,gaba,-1,825,8770,4519,4251,4528,4298,1450,1069,3078,3229,1331,1069,563,614,475,517
520393,CRE042,cb_intrinsic,L,gaba,-1,719,9450,5364,4086,5370,4134,1726,928,3644,3206,1540,928,616,633,527,539
10669,CRE074,cb_intrinsic,R,glutamate,-1,647,10011,5455,4556,6609,4622,1046,1923,5563,2699,904,1923,976,586,881,495
520337,CRE074,cb_intrinsic,L,glutamate,-1,590,10449,5208,5241,6210,5302,1181,2436,5029,2866,1049,2436,994,630,893,536
10521,CRE075,cb_intrinsic,L,glutamate,-1,954,8144,5213,2931,5456,2976,694,1646,4762,1330,679,1646,861,383,785,321
11423,CRE100,cb_intrinsic,L,gaba,-1,555,10799,5586,5213,5747,6200,1256,1700,4491,4500,1164,1700,807,701,702,613
11945,CRE100,cb_intrinsic,R,gaba,-1,654,9957,4826,5131,4928,5926,1121,1703,3807,4223,1036,1703,771,691,674,598
11318,CRE107,cb_intrinsic,R,glutamate,-1,887,8409,3758,4651,3823,4654,319,1060,3504,3594,265,1060,800,616,708,523
11607,CRE107,cb_intrinsic,L,glutamate,-1,885,8418,3947,4471,3993,4477,366,952,3627,3525,311,952,766,613,681,521
11227,CSD,cb_intrinsic,R,serotonin,0,407,12331,5847,6484,7565,6713,2068,3311,5497,3402,1740,0,1560,2038,1394,1860
14212,CSD,cb_intrinsic,L,serotonin,0,332,13535,5988,7547,8232,7897,2008,3687,6224,4210,1701,0,1733,2271,1568,2074
14530,DA4l_adPN,cb_intrinsic,R,acetylcholine,1,900,8330,1729,6601,3676,6669,993,1228,2683,5441,819,1228,289,554,227,485
11135,DA4m_adPN,cb_intrinsic,L,acetylcholine,1,850,8604,2541,6063,5279,6141,1581,2256,3698,3885,1410,2256,396,624,316,545
519850,DA4m_adPN,cb_intrinsic,R,acetylcholine,1,622,10181,2825,7356,6851,7432,1794,2409,5057,5023,1518,2409,416,671,337,588
10470,DC1_adPN,cb_intrinsic,L,acetylcholine,1,117,20356,4522,15834,8387,15905,3094,4416,5293,11489,2607,4416,475,1022,395,945
10569,DC1_adPN,cb_intrinsic,R,acetylcholine,1,92,22905,4712,18193,8711,18345,3062,3897,5649,14448,2543,3897,477,1115,401,1035
17484,DC2_adPN,cb_intrinsic,R,acetylcholine,1,970,8080,2046,6034,4117,6046,1212,1568,2905,4478,1121,1568,330,625,264,545
12160,DC4_adPN,cb_intrinsic,R,acetylcholine,1,987,8029,1721,6308,4778,6366,1019,1805,3759,4561,926,1805,229,552,158,472
10359,DL1_adPN,cb_intrinsic,L,acetylcholine,1,852,8595,2246,6349,5469,6529,1416,2154,4053,4375,1279,2154,313,536,250,469
12782,DL1_adPN,cb_intrinsic,R,acetylcholine,1,727,9401,2341,7060,5828,7099,1490,2169,4338,4930,1312,2169,343,568,273,492
520003,DL1_adPN,cb_intrinsic,R,acetylcholine,1,728,9400,2296,7104,5921,7144,1426,2091,4495,5053,1249,2091,384,600,310,522
10767,DL5_adPN,cb_intrinsic,L,acetylcholine,1,319,13702,3288,10414,6839,10452,2116,4120,4723,6332,2000,4120,339,697,263,621
525105,DL5_adPN,cb_intrinsic,R,acetylcholine,1,278,14418,2957,11461,6373,11540,1934,3667,4439,7873,1807,3667,309,714,227,621
10176,DM1_lPN,cb_intrinsic,R,acetylcholine,1,58,27879,5728,22151,12574,22325,3912,6040,8662,16285,3589,6040,478,1103,385,1007
10208,DM1_lPN,cb_intrinsic,L,acetylcholine,1,41,31270,6316,24954,13177,25014,4420,7563,8757,17451,4087,7563,493,1095,396,995
11080,DM2_lPN,cb_intrinsic,L,acetylcholine,1,608,10328,2331,7997,4929,8124,1534,2377,3395,5747,1319,2377,362,664,280,582
11092,DM2_lPN,cb_intrinsic,L,acetylcholine,1,425,12154,2567,9587,5446,9686,1666,2525,3780,7161,1438,2525,397,737,314,650
12171,DM2_lPN,cb_intrinsic,R,acetylcholine,1,410,12285,2450,9835,5037,10101,1660,2760,3377,7341,1422,2760,337,743,262,667
520466,DM2_lPN,cb_intrinsic,R,acetylcholine,1,428,12084,2597,9487,5351,9566,1842,2913,3509,6653,1531,2913,326,731,250,646
10111,DM3_adPN,cb_intrinsic,L,acetylcholine,1,511,11227,2390,8837,4231,8888,1477,2370,2754,6518,1275,2370,379,734,303,662
11469,DM3_adPN,cb_intrinsic,R,acetylcholine,1,453,11838,2407,9431,4777,9497,1378,2219,3399,7278,1214,2219,370,759,295,684
10613,DM4_adPN,cb_intrinsic,R,acetylcholine,1,121,20009,3748,16261,6801,16304,2427,4450,4374,11854,2131,4450,418,940,327,843
10670,DM4_adPN,cb_intrinsic,L,acetylcholine,1,128,19029,3492,15537,6187,15748,2259,4222,3928,11526,2038,4222,350,900,266,806
10423,DP1l_adPN,cb_intrinsic,R,acetylcholine,1,90,23080,5779,17301,10213,17447,3917,5035,6296,12412,3125,5035,405,886,319,798
10524,DP1l_adPN,cb_intrinsic,L,acetylcholine,1,102,21397,5870,15527,9066,15603,4019,4751,5047,10852,3215,4751,390,840,311,757
10084,DP1m_adPN,cb_intrinsic,R,acetylcholine,1,24,35779,9309,26470,17358,26599,5655,7546,11703,19053,4905,7546,552,1313,451,1211
10126,DP1m_adPN,cb_intrinsic,L,acetylcholine,1,25,35594,8504,27090,16037,27204,4996,7083,11041,20121,4355,7083,479,1259,383,1158
11734,DPM,cb_intrinsic,L,dopamine,0,3,80827,54909,25918,54910,25927,1910,6168,53000,19759,1127,0,2562,2537,2515,2478
12569,DPM,cb_intrinsic,R,dopamine,0,5,68672,46903,21769,46904,21770,1491,4699,45413,17071,860,0,2381,2397,2334,2334
15616,EPG,cb_intrinsic,R,acetylcholine,1,874,8467,5727,2740,5734,2740,1005,655,4729,2085,941,655,377,276,349,249
512513,EPG,cb_intrinsic,R,acetylcholine,1,889,8390,5449,2941,5462,2945,869,657,4593,2288,830,657,392,302,362,274
512928,EPG,cb_intrinsic,R,acetylcholine,1,984,8053,5466,2587,5476,2588,824,581,4652,2007,770,581,391,285,361,261
513284,EPG,cb_intrinsic,R,acetylcholine,1,849,8605,5773,2832,5780,2832,918,671,4862,2161,856,671,387,276,358,251
515675,EPG,cb_intrinsic,R,acetylcholine,1,940,8172,5127,3045,5135,3045,771,716,4364,2329,736,716,377,302,347,275
519140,EPG,cb_intrinsic,L,acetylcholine,1,994,8003,5035,2968,5047,2972,733,638,4314,2334,689,638,390,300,361,276
13434,ER4m,cb_intrinsic,R,gaba,-1,1016,7903,2974,4929,2974,4929,147,410,2827,4519,126,410,212,214,191,194
10324,ExR1,cb_intrinsic,R,acetylcholine,1,114,20547,13666,6881,13702,6883,1061,481,12641,6402,820,481,696,462,656,434
11433,ExR1,cb_intrinsic,L,acetylcholine,1,124,19562,12924,6638,12956,6652,901,490,12055,6162,670,490,679,527,639,497
11886,ExR1,cb_intrinsic,R,acetylcholine,1,109,20954,13677,7277,13717,7280,892,483,12825,6797,708,483,697,445,652,417
12656,ExR1,cb_intrinsic,L,acetylcholine,1,122,19966,13325,6641,13364,6648,981,505,12383,6143,772,505,694,464,655,437
12706,ExR3,cb_intrinsic,L,serotonin,0,192,16236,6966,9270,7446,9385,1019,1025,6427,8360,846,0,933,1161,856,1079
520468,ExR3,cb_intrinsic,R,serotonin,0,203,16001,6824,9177,7168,9266,1000,950,6168,8316,818,0,880,1115,807,1040
10969,ExR4,cb_intrinsic,L,glutamate,-1,159,17201,10299,6902,10404,6905,1774,945,8630,5960,1706,945,477,298,424,255
520817,ExR4,cb_intrinsic,R,glutamate,-1,176,16754,9605,7149,9674,7166,1376,981,8298,6185,1312,981,422,275,373,243
10624,ExR5,cb_intrinsic,R,glutamate,-1,717,9465,2791,6674,3067,6683,199,839,2868,5844,129,839,649,795,610,754
11326,ExR5,cb_intrinsic,R,glutamate,-1,613,10261,2850,7411,3167,7438,203,1087,2964,6351,127,1087,668,835,625,794
22884,ExR5,cb_intrinsic,L,glutamate,-1,620,10192,2652,7540,2937,7550,221,1173,2716,6377,128,1173,661,881,618,836
23281,ExR5,cb_intrinsic,L,glutamate,-1,638,10079,2499,7580,2799,7595,209,1075,2590,6520,125,1075,685,887,638,834
10099,ExR6,cb_intrinsic,R,glutamate,-1,130,18874,9633,9241,9845,9254,1441,766,8404,8488,1281,766,580,543,509,480
12506,ExR6,cb_intrinsic,L,glutamate,-1,123,19823,10138,9685,10353,9701,1797,1053,8556,8648,1631,1053,662,611,568,530
12106,FB1G,cb_intrinsic,R,acetylcholine,1,488,11521,3370,8151,3417,8157,310,195,3107,7962,230,195,895,1021,833,1001
13058,FB1G,cb_intrinsic,L,acetylcholine,1,442,11944,3426,8518,3471,8529,285,243,3186,8286,215,243,862,965,816,947
521584,FB1H,cb_intrinsic,L,dopamine,0,412,12273,6493,5780,6552,5782,1052,688,5500,5094,809,0,1315,1509,1211,1416
533103,FB1H,cb_intrinsic,R,dopamine,0,469,11674,5899,5775,5967,5780,800,634,5167,5146,589,0,1271,1543,1176,1449
12083,FB4B,cb_intrinsic,L,glutamate,-1,670,9790,5183,4607,5247,4607,564,101,4683,4506,395,101,516,279,457,259
12802,FB4B,cb_intrinsic,R,glutamate,-1,720,9449,4675,4774,4772,4775,691,277,4081,4498,530,277,600,424,494,403
15325,FB4C,cb_intrinsic,L,glutamate,-1,437,12016,6275,5741,6286,5741,1030,348,5256,5393,682,348,659,583,584,529
26287,FB4C,cb_intrinsic,R,glutamate,-1,632,10113,5294,4819,5301,4824,957,427,4344,4397,613,427,768,685,688,630
26665,FB4H,cb_intrinsic,L,glutamate,-1,933,8195,3222,4973,3276,4973,409,167,2867,4806,328,167,518,425,456,389
12333,FB4M,cb_intrinsic,R,dopamine,0,875,8459,4697,3762,4887,3763,827,500,4060,3263,582,0,722,748,654,704
15888,FB4M,cb_intrinsic,R,dopamine,0,822,8784,4726,4058,4913,4059,855,509,4058,3550,627,0,759,777,680,736
43756,FB4M,cb_intrinsic,L,dopamine,0,838,8666,4815,3851,5015,3851,916,449,4099,3402,693,0,732,761,657,724
44903,FB4M,cb_intrinsic,L,dopamine,0,867,8493,4583,3910,4763,3914,832,489,3931,3425,589,0,721,790,650,755
23846,FB4N,cb_intrinsic,R,glutamate,-1,716,9474,5670,3804,5768,3805,656,161,5112,3644,499,161,748,591,681,567
520338,FB4N,cb_intrinsic,L,glutamate,-1,630,10121,6102,4019,6194,4020,633,129,5561,3891,504,129,732,585,669,562
14420,FB4X,cb_intrinsic,R,glutamate,-1,957,8141,4102,4039,4102,4039,548,98,3554,3941,438,98,494,420,449,404
133601,FB4X,cb_intrinsic,L,glutamate,-1,826,8749,4520,4229,4520,4229,619,98,3901,4131,476,98,526,453,478,427
13559,FB4Y,cb_intrinsic,L,serotonin,0,754,9188,5935,3253,6033,3254,1024,167,5009,3087,921,0,1127,831,1016,791
14434,FB4Y,cb_intrinsic,R,serotonin,0,795,8953,5506,3447,5581,3447,930,191,4651,3256,824,0,1026,888,939,845
23601,FB4Y,cb_intrinsic,R,serotonin,0,807,8863,5487,3376,5547,3378,909,191,4638,3187,808,0,986,828,899,790
517548,FB4Y,cb_intrinsic,L,serotonin,0,783,9010,5656,3354,5715,3355,987,166,4728,3189,890,0,1053,834,964,795
10744,FB5A,cb_intrinsic,R,gaba,-1,487,11529,5326,6203,5405,6204,203,142,5202,6062,160,142,782,764,721,743
12221,FB5A,cb_intrinsic,L,gaba,-1,427,12085,5784,6301,5892,6304,382,165,5510,6139,321,165,862,821,783,788
13142,FB5A,cb_intrinsic,R,gaba,-1,458,11798,5731,6067,5822,6073,257,139,5565,5934,202,139,849,731,774,706
520435,FB5A,cb_intrinsic,L,gaba,-1,379,12723,6635,6088,6761,6093,551,155,6210,5938,490,155,910,820,819,779
13033,FB5AB,cb_intrinsic,L,acetylcholine,1,370,12896,6053,6843,6055,6846,1015,536,5040,6310,911,536,757,612,682,584
13101,FB5AB,cb_intrinsic,R,acetylcholine,1,421,12176,5667,6509,5669,6509,913,449,4756,6060,821,449,761,587,679,564
14677,FB5I,cb_intrinsic,L,glutamate,-1,833,8706,3831,4875,3837,4875,213,103,3624,4772,176,103,462,446,419,423
10453,FB6A_a,cb_intrinsic,L,glutamate,-1,389,12549,4222,8327,4222,8327,444,687,3778,7640,288,687,392,673,373,644
12248,FB6A_a,cb_intrinsic,R,glutamate,-1,543,10875,3895,6980,3896,6982,364,549,3532,6433,260,549,345,606,323,577
523578,FB6A_b,cb_intrinsic,L,glutamate,-1,671,9788,3205,6583,3207,6584,304,405,2903,6179,267,405,366,613,347,583
529129,FB6A_b,cb_intrinsic,R,glutamate,-1,662,9832,3235,6597,3235,6600,352,469,2883,6131,296,469,356,619,334,591
10514,FB6A_c,cb_intrinsic,R,glutamate,-1,475,11639,4716,6923,4724,6923,428,636,4296,6287,200,636,371,644,349,619
533946,FB6A_c,cb_intrinsic,L,glutamate,-1,508,11256,4366,6890,4386,6890,472,606,3914,6284,232,606,358,670,334,636
10553,GNG001,cb_intrinsic,M,gaba,-1,316,13758,10537,3221,15496,6313,1571,513,13925,5800,1571,513,386,350,372,338
10205,GNG003,cb_intrinsic,M,gaba,-1,609,10308,5528,4780,12376,9608,367,1274,12009,8334,306,1274,1029,893,990,830
10935,GNG011,cb_intrinsic,L,gaba,-1,895,8367,5422,2945,9778,4985,1088,1297,8690,3688,1076,1297,938,583,869,522
19306,GNG011,cb_intrinsic,R,gaba,-1,667,9794,6908,2886,12168,4693,1541,1256,10627,3437,1523,1256,991,576,912,517
10864,GNG014,cb_intrinsic,R,acetylcholine,1,220,15570,6496,9074,8745,12767,410,796,8335,11971,410,796,542,458,528,445
555296,GNG014,cb_intrinsic,L,acetylcholine,1,155,17310,6795,10515,8992,14564,479,1146,8513,13418,477,1146,522,538,509,523
555270,GNG017,cb_intrinsic,R,gaba,-1,1005,7956,5966,1990,6553,2501,418,283,6135,2218,415,283,334,193,321,187
513992,GNG019,cb_intrinsic,L,acetylcholine,1,1014,7910,5684,2226,6242,4101,796,675,5446,3426,796,675,197,132,190,126
27203,GNG021,cb_intrinsic,L,acetylcholine,1,804,8874,5016,3858,5606,4549,140,272,5466,4277,140,272,307,306,299,294
521222,GNG021,cb_intrinsic,R,acetylcholine,1,738,9290,5115,4175,5841,4918,447,849,5394,4069,426,849,437,451,392,396
13460,GNG024,cb_intrinsic,R,gaba,-1,941,8171,5168,3003,5920,3494,516,565,5404,2929,516,565,225,163,214,155
11896,GNG087,cb_intrinsic,R,glutamate,-1,878,8436,4871,3565,8074,4312,134,298,7940,4014,120,298,552,416,537,398
12900,GNG087,cb_intrinsic,R,glutamate,-1,836,8695,5070,3625,8130,4416,128,310,8002,4106,118,310,578,411,559,394
11710,GNG088,cb_intrinsic,R,gaba,-1,930,8201,5957,2244,7490,3337,509,234,6981,3103,506,234,497,330,480,322
12319,GNG088,cb_intrinsic,L,gaba,-1,925,8219,5943,2276,7146,3166,468,62,6678,3104,467,62,480,360,469,351
10202,GNG103,cb_intrinsic,R,gaba,-1,169,16863,9214,7649,17570,9984,992,1564,16578,8420,929,1564,1799,1596,1684,1449
162461,GNG103,cb_intrinsic,L,gaba,-1,530,11005,2482,8523,2762,11246,435,1897,2327,9349,413,1897,700,1569,621,1420
10103,GNG104,cb_intrinsic,L,acetylcholine,1,250,14845,9764,5081,12473,7694,2567,1139,9906,6555,2538,1139,895,671,816,585
519567,GNG104,cb_intrinsic,R,acetylcholine,1,651,9976,5571,4405,7126,7045,1525,1067,5601,5978,1505,1067,701,775,637,675
10510,GNG105,cb_intrinsic,L,acetylcholine,1,329,13553,3650,9903,7623,10570,1047,2455,6576,8115,982,2455,827,1429,737,1285
10617,GNG105,cb_intrinsic,R,acetylcholine,1,483,11586,3974,7612,8141,8227,990,1697,7151,6530,933,1697,846,1420,761,1280
11231,GNG107,cb_intrinsic,R,gaba,-1,917,8242,5684,2558,7026,3502,222,912,6804,2590,215,912,723,403,691,359
520816,GNG298,cb_intrinsic,M,gaba,-1,924,8222,3852,4370,7722,7954,520,808,7202,7146,509,808,876,996,825,929
10695,GNG323,cb_intrinsic,M,glutamate,-1,585,10501,3753,6748,5219,7262,375,1329,4844,5933,365,1329,935,948,884,854
32461,GNG457,cb_intrinsic,R,acetylcholine,1,990,8018,3383,4635,3683,5668,652,659,3031,5009,651,659,299,247,287,235
26344,GNG458,cb_intrinsic,R,gaba,-1,793,8969,6398,2571,7416,5277,439,793,6977,4484,424,793,654,577,602,506
10949,GNG506,cb_intrinsic,R,gaba,-1,846,8614,2501,6113,4599,7556,234,2382,4365,5174,170,2382,610,681,553,603
17140,GNG589,cb_intrinsic,R,glutamate,-1,819,8802,4469,4333,5859,5482,1214,475,4645,5007,1193,475,721,387,651,352
10420,GNG667,cb_intrinsic,L,acetylcholine,1,326,13620,5493,8127,9501,9723,1057,1262,8444,8461,744,1262,966,1421,865,1288
10638,GNG667,cb_intrinsic,R,acetylcholine,1,323,13641,5371,8270,8810,10001,1068,1360,7742,8641,750,1360,972,1421,877,1290
10166,IB008,cb_intrinsic,L,gaba,-1,477,11618,10379,1239,13269,3723,633,35,12636,3688,620,35,1083,452,1057,428
26862,IB008,cb_intrinsic,R,gaba,-1,476,11621,10679,942,14261,2941,672,14,13589,2927,659,14,1094,314,1063,303
12455,IB009,cb_intrinsic,L,gaba,-1,996,7998,5477,2521,5926,4468,149,190,5777,4278,135,190,765,423,743,401
525408,IB009,cb_intrinsic,R,gaba,-1,942,8166,5439,2727,5805,4667,128,201,5677,4466,118,201,797,474,759,449
513831,IB010,cb_intrinsic,R,gaba,-1,948,8151,5948,2203,6486,3209,325,61,6161,3148,300,61,795,337,771,323
522335,IB010,cb_intrinsic,L,gaba,-1,956,8143,5963,2180,6357,3081,336,81,6021,3000,324,81,785,375,758,357
11208,IB018,cb_intrinsic,L,acetylcholine,1,154,17310,13247,4063,17152,5202,474,1154,16678,4048,421,1154,1307,638,1251,606
521028,IB018,cb_intrinsic,R,acetylcholine,1,180,16607,12564,4043,16950,5329,462,1119,16488,4210,418,1119,1342,680,1289,650
10887,IB114,cb_intrinsic,R,gaba,-1,701,9546,6337,3209,7736,4251,375,406,7361,3845,342,406,1039,461,958,395
12395,IB114,cb_intrinsic,L,gaba,-1,685,9633,6391,3242,7547,4336,298,363,7249,3973,261,363,1000,472,916,411
12724,LAL014,cb_intrinsic,R,acetylcholine,1,682,9643,7349,2294,8392,3829,869,670,7523,3159,797,670,506,358,447,304
519724,LAL014,cb_intrinsic,L,acetylcholine,1,642,10035,7911,2124,8962,3778,1466,1064,7496,2714,1398,1064,521,361,450,296
519461,LAL018,cb_intrinsic,L,acetylcholine,1,829,8740,7173,1567,8542,3291,1708,580,6834,2711,1636,580,713,353,648,303
529641,LAL018,cb_intrinsic,R,acetylcholine,1,821,8786,6913,1873,8328,3895,1404,482,6924,3413,1318,482,730,436,667,381
200284,LAL040,cb_intrinsic,R,gaba,-1,602,10391,6618,3773,7438,4978,1299,1580,6139,3398,1218,1580,573,546,491,459
519925,LAL040,cb_intrinsic,L,gaba,-1,468,11677,8039,3638,9072,4862,1902,1324,7170,3538,1789,1324,637,532,540,441
10725,LAL047,cb_intrinsic,L,gaba,-1,873,8471,4200,4271,4540,4926,19,1066,4521,3860,11,1066,258,481,251,467
531732,LAL047,cb_intrinsic,R,gaba,-1,932,8196,4308,3888,4689,4630,13,892,4676,3738,11,892,296,514,288,498
12910,LAL051,cb_intrinsic,R,glutamate,-1,998,7995,3220,4775,3248,5609,1816,1702,1432,3907,1757,1702,266,271,216,228
14192,LAL051,cb_intrinsic,L,glutamate,-1,551,10828,4649,6179,4665,7270,2463,2657,2202,4613,2399,2657,296,293,247,235
11490,LAL073,cb_intrinsic,R,glutamate,-1,415,12233,8433,3800,9033,5004,944,1155,8089,3849,844,1155,569,344,509,293
521527,LAL073,cb_intrinsic,L,glutamate,-1,411,12278,8899,3379,9610,4509,1124,881,8486,3628,1040,881,584,399,526,343
33289,LAL074,cb_intrinsic,L,glutamate,-1,966,8091,5134,2957,5644,3635,734,157,4910,3478,661,157,617,418,560,382
11750,LAL083,cb_intrinsic,L,glutamate,-1,886,8410,7051,1359,8234,3283,1340,417,6894,2866,1256,417,652,311,590,273
11795,LAL083,cb_intrinsic,L,glutamate,-1,869,8485,7161,1324,8204,3161,1411,499,6793,2662,1323,499,649,246,585,211
521529,LAL084,cb_intrinsic,L,glutamate,-1,949,8149,5166,2983,5634,3686,631,228,5003,3458,535,228,632,428,576,394
13450,LAL100,cb_intrinsic,L,gaba,-1,780,9024,3819,5205,3888,5248,942,1424,2946,3824,864,1424,534,733,433,611
13724,LAL100,cb_intrinsic,R,gaba,-1,920,8230,3320,4910,3404,4959,823,1401,2581,3558,765,1401,515,794,422,681
11351,LAL108,cb_intrinsic,R,glutamate,-1,764,9106,5500,3606,5982,4335,1099,780,4883,3555,1037,780,567,410,501,363
11457,LAL108,cb_intrinsic,L,glutamate,-1,709,9509,6327,3182,6916,3791,1423,720,5493,3071,1332,720,597,433,524,372
555727,LAL119,cb_intrinsic,L,acetylcholine,1,577,10579,6136,4443,6654,4992,1090,466,5564,4526,1010,466,471,547,406,478
12206,LAL120_a,cb_intrinsic,R,glutamate,-1,251,14844,9245,5599,9497,6014,1200,1393,8297,4621,1097,1393,525,386,461,318
523716,LAL120_a,cb_intrinsic,L,glutamate,-1,324,13630,8980,4650,9230,5002,1476,1285,7754,3717,1358,1285,500,390,437,328
13182,LAL120_b,cb_intrinsic,R,glutamate,-1,293,14178,8827,5351,9121,5645,1247,889,7874,4756,1133,889,588,456,512,399
525959,LAL120_b,cb_intrinsic,L,glutamate,-1,228,15363,9948,5415,10346,5714,2622,654,7724,5060,2506,654,653,549,569,475
16642,LAL122,cb_intrinsic,R,glutamate,-1,842,8643,4391,4252,4533,4795,935,1818,3598,2977,878,1818,393,215,344,179
11199,LAL123,cb_intrinsic,R,unclear,0,241,14978,9559,5419,10218,5897,1446,1399,8772,4498,1227,0,1056,999,946,865
532909,LAL123,cb_intrinsic,L,unclear,0,226,15419,9635,5784,10275,6374,1379,1285,8896,5089,1173,0,1119,1132,993,980
10517,LAL124,cb_intrinsic,R,glutamate,-1,827,8744,3498,5246,4096,7186,737,1513,3359,5673,671,1513,546,530,488,464
519944,LAL124,cb_intrinsic,L,glutamate,-1,907,8286,3368,4918,3989,6914,750,1271,3239,5643,672,1271,561,520,489,459
10546,LAL125,cb_intrinsic,R,glutamate,-1,610,10307,6801,3506,7456,4201,1275,774,6181,3427,1184,774,622,406,555,357
10606,LAL125,cb_intrinsic,L,glutamate,-1,490,11484,8034,3450,8917,4054,1622,736,7295,3318,1537,736,642,420,567,364
17113,LAL129,cb_intrinsic,R,acetylcholine,1,879,8434,3691,4743,3724,4787,1186,2113,2538,2674,1124,2113,347,544,270,426
523715,LAL129,cb_intrinsic,L,acetylcholine,1,939,8173,3947,4226,3974,4278,1220,1819,2754,2459,1133,1819,369,511,284,402
520613,LAL134,cb_intrinsic,L,gaba,-1,865,8512,6231,2281,6841,2851,1263,1586,5578,1265,1170,1586,1144,320,1003,265
12107,LAL137,cb_intrinsic,L,acetylcholine,1,831,8726,3925,4801,3989,4899,904,1322,3085,3577,749,1322,502,639,402,545
10018,LAL138,cb_intrinsic,L,gaba,-1,225,15454,6685,8769,6764,8876,551,84,6213,8792,540,84,449,341,427,322
10290,LAL138,cb_intrinsic,R,gaba,-1,212,15735,6150,9585,6245,9732,389,168,5856,9564,383,168,456,401,442,379
532906,LAL141,cb_intrinsic,L,acetylcholine,1,796,8943,4560,4383,5259,4847,734,851,4525,3996,688,851,674,489,615,446
12298,LAL142,cb_intrinsic,L,gaba,-1,466,11731,6031,5700,6302,5776,704,548,5598,5228,656,548,540,500,497,451
12327,LAL142,cb_intrinsic,R,gaba,-1,581,10538,5735,4803,6007,4880,570,402,5437,4478,536,402,505,490,471,446
10830,LAL159,cb_intrinsic,L,acetylcholine,1,563,10708,6913,3795,7476,4068,1689,1047,5787,3021,1468,1047,698,529,596,427
13877,LAL159,cb_intrinsic,R,acetylcholine,1,683,9641,5922,3719,6363,3950,1239,1108,5124,2842,1043,1108,600,478,514,388
12943,LAL165,cb_intrinsic,R,acetylcholine,1,931,8196,1952,6244,2266,6607,913,2557,1353,4050,822,2557,408,495,360,420
11186,LAL183,cb_intrinsic,L,acetylcholine,1,902,8319,5080,3239,5175,3324,1037,475,4138,2849,853,475,429,414,369,369
12408,LAL200,cb_intrinsic,L,acetylcholine,1,883,8422,5731,2691,6269,4038,1538,176,4731,3862,1492,176,803,378,700,334
12183,LAL207,cb_intrinsic,L,gaba,-1,840,8656,4796,3860,4896,3898,499,1297,4397,2601,414,1297,338,152,289,122
522706,LAL207,cb_intrinsic,R,gaba,-1,974,8070,4702,3368,4796,3393,457,1071,4339,2322,344,1071,341,177,290,149
11516,LCNOpm,cb_intrinsic,L,glutamate,-1,171,16842,8850,7992,8950,7997,599,19,8351,7978,471,19,492,234,444,220
12359,LCNOpm,cb_intrinsic,R,glutamate,-1,233,15144,8179,6965,8241,6969,870,6,7371,6963,771,6,478,203,437,199
13556,LHAD1f2,cb_intrinsic,R,glutamate,-1,634,10108,7036,3072,7044,3073,1732,548,5312,2525,1625,548,728,737,651,690
10147,LHAD1g1,cb_intrinsic,L,gaba,-1,56,27966,21933,6033,25537,8032,3579,997,21958,7035,3329,997,1870,1476,1713,1347
10297,LHAD1g1,cb_intrinsic,R,gaba,-1,36,32416,25023,7393,28981,9590,4566,1389,24415,8201,4315,1389,1998,1628,1801,1452
14066,LHAV3f1,cb_intrinsic,R,glutamate,-1,800,8919,3666,5253,3670,5272,1288,461,2382,4811,1253,461,452,756,396,711
13664,LHAV3k1,cb_intrinsic,R,acetylcholine,1,828,8744,4832,3912,4844,3916,1798,665,3046,3251,1725,665,641,606,568,553
15295,LHAV3k5,cb_intrinsic,R,glutamate,-1,946,8159,4825,3334,4842,3344,343,267,4499,3077,302,267,745,615,711,588
16422,LHAV4a2,cb_intrinsic,R,gaba,-1,979,8065,4350,3715,4361,3723,1021,675,3340,3048,988,675,609,667,565,629
12162,LHCENT1,cb_intrinsic,L,gaba,-1,104,21200,12004,9196,12041,9303,1732,1542,10309,7761,1651,1542,1395,1776,1334,1717
13153,LHCENT1,cb_intrinsic,R,gaba,-1,84,23584,13248,10336,13278,10466,1855,1626,11423,8840,1735,1626,1468,1858,1398,1790
11042,LHCENT10,cb_intrinsic,L,gaba,-1,967,8089,3499,4590,3543,4644,497,594,3046,4050,433,594,914,1052,820,982
11682,LHCENT10,cb_intrinsic,R,gaba,-1,899,8331,3360,4971,3475,5036,535,826,2940,4210,457,826,899,1128,791,1041
12003,LHCENT10,cb_intrinsic,R,gaba,-1,1013,7910,3171,4739,3251,4800,479,733,2772,4067,400,733,858,1056,759,975
10678,LHCENT11,cb_intrinsic,L,acetylcholine,1,1023,7870,2526,5344,2746,5515,526,1348,2220,4167,499,1348,580,567,496,517
11691,LHCENT11,cb_intrinsic,R,acetylcholine,1,810,8851,2225,6626,2440,6809,469,1809,1971,5000,430,1809,555,648,483,582
11341,LHCENT2,cb_intrinsic,R,gaba,-1,66,26104,17240,8864,17260,8869,1729,1385,15531,7484,1407,1385,1724,1511,1627,1435
519692,LHCENT2,cb_intrinsic,L,gaba,-1,99,22439,15012,7427,15027,7433,1379,1284,13648,6149,1123,1284,1645,1411,1558,1343
11030,LHCENT3,cb_intrinsic,L,gaba,-1,106,21189,10743,10446,10858,10609,2504,1953,8354,8656,2044,1953,1695,1772,1548,1631
522828,LHCENT3,cb_intrinsic,R,gaba,-1,148,17570,8326,9244,8842,9496,1982,1965,6860,7531,1499,1965,1458,1598,1299,1440
11190,LHCENT4,cb_intrinsic,L,glutamate,-1,345,13237,7795,5442,8044,5449,2224,2447,5820,3002,2124,2447,965,626,849,582
513601,LHCENT4,cb_intrinsic,R,glutamate,-1,378,12733,7432,5301,7741,5308,2401,2512,5340,2796,2288,2512,964,615,844,556
12343,LHCENT6,cb_intrinsic,L,gaba,-1,221,15561,8423,7138,8523,7226,545,437,7978,6789,472,437,1087,1210,1042,1166
12572,LHCENT6,cb_intrinsic,R,gaba,-1,139,17979,10044,7935,10139,8032,587,722,9552,7310,486,722,1172,1300,1118,1237
11174,LHCENT8,cb_intrinsic,R,gaba,-1,536,10951,3870,7081,3972,7105,1075,743,2897,6362,889,743,740,1786,648,1692
11210,LHCENT8,cb_intrinsic,L,gaba,-1,596,10417,3770,6647,3836,6687,1005,605,2831,6082,786,605,729,1788,650,1704
11606,LHCENT8,cb_intrinsic,R,gaba,-1,611,10298,3576,6722,3645,6762,1009,700,2636,6062,808,700,744,1726,657,1630
12259,LHCENT8,cb_intrinsic,L,gaba,-1,601,10392,3623,6769,3687,6786,997,673,2690,6113,775,673,711,1792,623,1705
11112,LHCENT9,cb_intrinsic,L,gaba,-1,107,21102,12046,9056,12089,9086,1170,1232,10919,7854,1054,1232,1553,1623,1464,1526
12037,LHCENT9,cb_intrinsic,R,gaba,-1,91,23061,13293,9768,13348,9818,1535,1427,11813,8391,1383,1427,1506,1682,1400,1569
11001,LHMB1,cb_intrinsic,R,glutamate,-1,448,11889,7486,4403,7487,4403,2381,1870,5106,2533,2263,1870,1441,727,1356,662
522760,LHMB1,cb_intrinsic,L,glutamate,-1,644,10027,5297,4730,5303,4730,1784,2240,3519,2490,1680,2240,1077,681,1005,606
11525,LHPD4c1,cb_intrinsic,L,acetylcholine,1,991,8011,5592,2419,5621,2422,1209,645,4412,1777,1139,645,918,539,848,490
512745,LHPD4c1,cb_intrinsic,R,acetylcholine,1,823,8783,6341,2442,6388,2442,1724,675,4664,1767,1645,675,925,526,854,470
19873,LHPD5c1,cb_intrinsic,R,glutamate,-1,983,8056,4334,3722,4343,3723,2171,1336,2172,2387,2073,1336,395,691,347,643
10486,LHPV10b1,cb_intrinsic,R,acetylcholine,1,835,8701,5264,3437,5298,3445,1768,1039,3530,2406,1711,1039,643,749,559,663
13384,LHPV10b1,cb_intrinsic,L,acetylcholine,1,893,8369,4892,3477,4920,3488,1595,1018,3325,2470,1552,1018,679,735,605,656
13018,LHPV10d1,cb_intrinsic,L,acetylcholine,1,560,10758,6319,4439,6320,4440,2793,1278,3527,3162,2556,1278,576,873,495,784
529519,LHPV10d1,cb_intrinsic,R,acetylcholine,1,710,9506,5694,3812,5699,3813,2489,1192,3210,2621,2286,1192,563,811,474,730
10209,LHPV12a1,cb_intrinsic,R,gaba,-1,26,35101,18778,16323,18797,16329,5506,2222,13291,14107,5021,2222,2216,3328,2107,3225
10305,LHPV12a1,cb_intrinsic,L,gaba,-1,29,34357,19083,15274,19146,15285,5257,1771,13889,13514,4873,1771,2229,3241,2126,3146
11903,LHPV3c1,cb_intrinsic,R,acetylcholine,1,570,10650,4062,6588,4709,6648,210,57,4499,6591,140,57,1141,523,1102,513
12702,LHPV5e1,cb_intrinsic,R,acetylcholine,1,294,14130,8998,5132,9000,5137,1380,801,7620,4336,1289,801,1171,940,1063,854
520410,LHPV5e1,cb_intrinsic,L,acetylcholine,1,422,12175,7343,4832,7349,4833,1201,694,6148,4139,1111,694,1116,881,1000,805
10356,LHPV5e3,cb_intrinsic,L,acetylcholine,1,391,12515,5836,6679,5858,6694,1399,614,4459,6080,1288,614,844,1071,746,983
13613,LHPV5e3,cb_intrinsic,R,acetylcholine,1,491,11474,5014,6460,5053,6462,1115,472,3938,5990,992,472,817,1077,732,1004
13761,LHPV6g1,cb_intrinsic,L,glutamate,-1,975,8069,1815,6254,1998,6438,635,1423,1363,5015,615,1423,398,689,353,647
15039,LHPV6g1,cb_intrinsic,R,glutamate,-1,830,8729,1917,6812,2083,6954,625,1426,1458,5528,590,1426,415,724,363,670
10347,LHPV6q1,cb_intrinsic,L,unclear,0,97,22583,7282,15301,7458,15704,323,816,7135,14888,227,0,688,1554,654,1484
11477,LHPV6q1,cb_intrinsic,R,unclear,0,93,22770,7334,15436,7606,15876,316,668,7290,15208,251,0,705,1467,667,1405
10537,LNO2,cb_intrinsic,R,glutamate,-1,232,15149,9105,6044,9475,6050,1800,468,7675,5582,1413,468,500,80,443,57
11497,LNO2,cb_intrinsic,L,glutamate,-1,227,15416,9178,6238,9462,6252,1615,427,7847,5825,1161,427,508,123,448,98
10583,LPT60,cb_intrinsic,R,acetylcholine,1,404,12373,9327,3046,14917,8412,2398,763,12519,7649,2228,763,1623,1486,1486,1372
11043,LPT60,cb_intrinsic,L,acetylcholine,1,544,10864,8461,2403,13343,7017,1544,550,11799,6467,1414,550,1537,1308,1417,1227
11053,LPsP,cb_intrinsic,L,acetylcholine,1,343,13268,6388,6880,6496,6962,741,240,5755,6722,689,240,296,563,270,554
555342,LPsP,cb_intrinsic,R,acetylcholine,1,381,12713,5646,7067,5780,7158,688,285,5092,6873,618,285,290,583,264,564
10597,LoVC20,cb_intrinsic,R,gaba,-1,1022,7871,2942,4929,4979,7718,457,705,4522,7013,429,705,781,1430,740,1362
10956,LoVC20,cb_intrinsic,L,gaba,-1,904,8289,3002,5287,4887,8250,519,736,4368,7514,474,736,774,1565,721,1489
10013,MBON01,cb_intrinsic,R,glutamate,-1,43,31109,24380,6729,24389,6742,1311,2104,23078,4638,1173,2104,1413,679,1361,602
520151,MBON01,cb_intrinsic,L,glutamate,-1,37,32255,24291,7964,24301,7988,1158,2315,23143,5673,1001,2315,1441,744,1383,662
522444,MBON02,cb_intrinsic,R,glutamate,-1,279,14416,10950,3466,10950,3467,447,1320,10503,2147,381,1320,2443,495,2395,449
522749,MBON02,cb_intrinsic,L,glutamate,-1,309,13923,10499,3424,10501,3426,375,1039,10126,2387,307,1039,2372,633,2330,587
519373,MBON03,cb_intrinsic,L,glutamate,-1,201,16024,13142,2882,13146,2883,525,1487,12621,1396,478,1487,801,428,761,376
521526,MBON03,cb_intrinsic,R,glutamate,-1,115,20483,17179,3304,17179,3304,655,1762,16524,1542,548,1762,815,438,773,387
525780,MBON04,cb_intrinsic,R,glutamate,-1,166,16966,11179,5787,11190,5787,1336,2181,9854,3606,1148,2181,1524,670,1439,592
530875,MBON04,cb_intrinsic,L,glutamate,-1,214,15714,9676,6038,9676,6039,1354,2460,8322,3579,1124,2460,1417,695,1337,605
10495,MBON05,cb_intrinsic,R,glutamate,-1,55,28903,23056,5847,23058,5847,1859,2332,21199,3515,872,2332,1083,916,1042,843
519371,MBON05,cb_intrinsic,L,glutamate,-1,67,26049,20610,5439,20613,5439,1649,1912,18964,3527,903,1912,1355,928,1312,863
10079,MBON06,cb_intrinsic,R,glutamate,-1,135,18408,14878,3530,14878,3533,1017,825,13861,2708,636,825,1108,725,1079,680
12690,MBON06,cb_intrinsic,L,glutamate,-1,112,20654,17034,3620,17034,3620,997,861,16037,2759,632,861,1158,761,1127,722
515338,MBON07,cb_intrinsic,R,glutamate,-1,772,9061,7761,1300,7761,1304,396,63,7365,1241,273,63,1056,227,1035,214
18713,MBON09,cb_intrinsic,L,gaba,-1,101,22069,18501,3568,18501,3572,958,1479,17543,2093,439,1479,1396,536,1354,471
19267,MBON09,cb_intrinsic,L,gaba,-1,103,21204,17849,3355,17850,3359,898,1411,16952,1948,378,1411,1372,580,1333,495
21242,MBON09,cb_intrinsic,R,gaba,-1,125,19446,16177,3269,16178,3273,863,1356,15315,1917,433,1356,1327,497,1295,431
523060,MBON09,cb_intrinsic,R,gaba,-1,79,23744,19637,4107,19638,4109,958,1550,18680,2559,442,1550,1331,625,1290,551
10704,MBON11,cb_intrinsic,L,gaba,-1,75,24329,19133,5196,19135,5200,1972,1568,17163,3632,756,1568,2186,789,2147,707
11402,MBON11,cb_intrinsic,R,gaba,-1,33,33126,27726,5400,27730,5405,2745,1820,24985,3585,857,1820,2307,860,2262,780
13728,MBON12,cb_intrinsic,L,acetylcholine,1,433,12050,6806,5244,6806,5244,696,1413,6110,3831,411,1413,1165,603,1123,532
13768,MBON12,cb_intrinsic,L,acetylcholine,1,387,12584,7248,5336,7248,5336,710,1554,6538,3782,391,1554,1225,657,1181,584
519368,MBON12,cb_intrinsic,R,acetylcholine,1,520,11122,6559,4563,6559,4568,601,1238,5958,3330,336,1238,1169,581,1135,514
521086,MBON12,cb_intrinsic,R,acetylcholine,1,435,12031,7285,4746,7285,4750,684,1253,6601,3497,407,1253,1191,518,1151,454
12726,MBON13,cb_intrinsic,L,acetylcholine,1,471,11664,6816,4848,6816,4848,920,1063,5896,3785,482,1063,458,499,433,449
514853,MBON13,cb_intrinsic,R,acetylcholine,1,612,10295,6097,4198,6097,4199,762,887,5335,3312,362,887,477,523,444,473
11873,MBON14,cb_intrinsic,L,acetylcholine,1,1017,7896,6225,1671,6225,1672,525,177,5700,1495,268,177,967,300,945,278
17946,MBON14,cb_intrinsic,R,acetylcholine,1,743,9247,7465,1782,7468,1782,528,103,6940,1679,245,103,977,447,959,428
14221,MBON18,cb_intrinsic,R,acetylcholine,1,496,11426,8503,2923,8503,2923,1221,1310,7282,1613,966,1310,1036,445,983,385
512788,MBON18,cb_intrinsic,L,acetylcholine,1,492,11457,8517,2940,8517,2940,1206,1302,7311,1638,895,1302,1003,428,956,370
10804,MBON20,cb_intrinsic,R,gaba,-1,489,11507,5680,5827,5905,6727,748,1143,5157,5584,590,1143,1171,1124,1092,1004
11145,MBON20,cb_intrinsic,L,gaba,-1,444,11913,5907,6006,6133,7097,849,992,5284,6105,725,992,1248,1186,1161,1059
10826,MBON21,cb_intrinsic,L,acetylcholine,1,692,9594,6094,3500,6094,3522,640,1413,5454,2109,551,1413,1166,448,1103,365
523628,MBON21,cb_intrinsic,R,acetylcholine,1,669,9792,6510,3282,6513,3306,668,1326,5845,1980,601,1326,1154,461,1088,371
11990,MBON22,cb_intrinsic,R,acetylcholine,1,424,12157,9787,2370,9803,2371,521,389,9282,1982,460,389,1756,392,1713,326
12918,MBON22,cb_intrinsic,L,acetylcholine,1,615,10249,7598,2651,7603,2651,468,388,7135,2263,427,388,1696,487,1660,418
11176,MBON26,cb_intrinsic,R,acetylcholine,1,207,15836,9681,6155,9931,6232,2377,1417,7554,4815,2148,1417,996,630,884,532
524893,MBON26,cb_intrinsic,L,acetylcholine,1,141,17943,11416,6527,11754,6639,2884,1532,8870,5107,2602,1532,977,647,875,555
515034,MBON27,cb_intrinsic,R,acetylcholine,1,906,8287,6002,2285,6022,2445,607,960,5415,1485,555,960,821,468,741,387
513174,MBON30,cb_intrinsic,L,glutamate,-1,173,16817,10242,6575,10296,6601,1555,2089,8741,4512,1302,2089,1170,554,1099,466
515015,MBON30,cb_intrinsic,R,glutamate,-1,306,14001,8685,5316,8717,5340,1352,1431,7365,3909,1133,1431,1089,538,1025,465
10816,MBON31,cb_intrinsic,L,gaba,-1,187,16329,13314,3015,13323,3297,2173,1143,11150,2154,1462,1143,854,488,756,390
11805,MBON31,cb_intrinsic,R,gaba,-1,219,15624,12531,3093,12539,3322,1807,1008,10732,2314,1221,1008,809,478,721,399
11455,MBON32,cb_intrinsic,L,gaba,-1,94,22746,19213,3533,19421,3810,2292,1181,17129,2629,1570,1181,1672,414,1558,328
519131,MBON32,cb_intrinsic,R,gaba,-1,119,20088,16251,3837,16474,4117,1942,1390,14532,2727,1323,1390,1710,396,1591,307
11785,MBON33,cb_intrinsic,L,acetylcholine,1,714,9479,5402,4077,5632,5557,1361,2012,4271,3545,1057,2012,1016,638,914,543
523043,MBON33,cb_intrinsic,R,acetylcholine,1,958,8140,4296,3844,4521,5121,1000,2026,3521,3095,745,2026,939,578,851,499
10599,MBON35,cb_intrinsic,L,acetylcholine,1,42,31145,24958,6187,25428,6423,4162,1723,21266,4700,3263,1723,1973,706,1830,597
508595,MBON35,cb_intrinsic,R,acetylcholine,1,52,29244,23593,5651,24453,5885,3651,1386,20802,4499,2815,1386,2077,758,1938,645
10402,MZ_lv2PN,cb_intrinsic,R,gaba,-1,357,13090,7222,5868,15630,7624,3828,1386,11802,6238,3121,1386,817,527,723,463
10472,MZ_lv2PN,cb_intrinsic,L,gaba,-1,557,10782,5576,5206,7425,7167,2163,1347,5262,5820,1530,1347,621,564,534,504
11930,M_imPNl92,cb_intrinsic,L,acetylcholine,1,697,9562,5591,3971,5853,3997,2681,852,3172,3145,2563,852,750,761,570,612
517458,M_imPNl92,cb_intrinsic,R,acetylcholine,1,672,9786,5878,3908,6330,3940,3033,996,3297,2944,2913,996,816,735,638,585
10567,M_l2PNl20,cb_intrinsic,R,acetylcholine,1,929,8207,2678,5529,11704,5661,1304,962,10400,4699,882,962,1221,909,1104,798
13314,M_vPNml50,cb_intrinsic,L,gaba,-1,753,9189,7135,2054,7247,2060,5015,1021,2232,1039,4886,1021,435,250,317,193
13389,M_vPNml50,cb_intrinsic,R,gaba,-1,607,10333,8178,2155,8381,2165,4873,998,3508,1167,4716,998,504,289,375,221
13832,M_vPNml50,cb_intrinsic,R,gaba,-1,740,9260,7167,2093,7312,2097,4138,968,3174,1129,4025,968,437,257,324,203
13951,M_vPNml50,cb_intrinsic,L,gaba,-1,756,9179,7038,2141,7166,2144,4837,1062,2329,1082,4715,1062,432,284,312,214
23850,OA-ASM2,cb_intrinsic,R,unclear,0,919,8232,3669,4563,4236,5254,427,948,3809,4306,355,0,1031,2635,919,2375
10187,OA-VPM3,cb_intrinsic,R,octopamine,0,63,26673,9689,16984,10362,17193,1738,2038,8624,15155,1429,0,2657,6018,2480,5726
287884,OA-VPM3,cb_intrinsic,L,octopamine,0,73,24671,7783,16888,7918,17038,1239,1934,6679,15104,935,0,2408,5624,2269,5363
10120,OA-VPM4,cb_intrinsic,L,octopamine,0,145,17743,5886,11857,6838,12283,1709,3056,5129,9227,1622,0,1629,3557,1456,3238
11921,OA-VPM4,cb_intrinsic,R,octopamine,0,236,15076,4286,10790,4819,11387,866,2789,3953,8598,780,0,1458,3372,1316,3064
10041,OA-VUMa1,cb_intrinsic,M,octopamine,0,72,24803,8553,16250,10673,19967,1880,2822,8793,17145,1751,0,1769,3481,1621,3229
10110,OA-VUMa1,cb_intrinsic,M,octopamine,0,70,25143,8431,16712,10523,20499,1846,2762,8677,17737,1749,0,1823,3461,1677,3200
11608,OA-VUMa2,cb_intrinsic,M,octopamine,0,265,14573,3911,10662,4743,11104,1584,3861,3159,7243,1447,0,1280,3364,1073,3098
12109,OA-VUMa2,cb_intrinsic,M,octopamine,0,240,15029,4277,10752,5363,11293,1715,4331,3648,6962,1533,0,1393,3368,1178,3095
10080,OA-VUMa3,cb_intrinsic,M,octopamine,0,291,14196,5073,9123,7299,10925,588,798,6711,10127,563,0,1252,2985,1183,2844
10555,OA-VUMa3,cb_intrinsic,M,octopamine,0,346,13226,4770,8456,6990,10000,651,721,6339,9279,635,0,1237,3213,1172,3052
10799,OA-VUMa4,cb_intrinsic,M,octopamine,0,161,17152,4647,12505,6372,15157,1067,2168,5305,12989,831,0,1693,4660,1552,4370
11005,OA-VUMa4,cb_intrinsic,M,octopamine,0,281,14395,4158,10237,5758,12791,786,1573,4972,11218,653,0,1448,4130,1342,3871
10168,OA-VUMa6,cb_intrinsic,M,octopamine,0,85,23551,8347,15204,9885,16381,2119,4030,7766,12351,2072,0,2219,5166,2030,4775
10175,OA-VUMa6,cb_intrinsic,M,octopamine,0,76,24151,8594,15557,10859,17321,2256,3567,8603,13754,2164,0,2388,5735,2192,5355
10185,OA-VUMa8,cb_intrinsic,M,octopamine,0,22,39204,9882,29322,12162,32374,2440,7496,9722,24878,2239,0,2401,5849,2124,5322
14463,PLP001,cb_intrinsic,R,gaba,-1,691,9598,3938,5660,5590,6404,670,427,4920,5977,431,427,608,889,570,842
11789,PLP015,cb_intrinsic,L,gaba,-1,745,9227,3898,5329,9162,5860,859,481,8303,5379,845,481,617,916,590,874
11815,PLP015,cb_intrinsic,R,gaba,-1,637,10084,4055,6029,10515,6584,749,671,9766,5913,716,671,695,974,652,918
533704,PLP015,cb_intrinsic,R,gaba,-1,848,8608,3403,5205,9125,5623,735,570,8390,5053,716,570,677,858,623,810
11905,PLP016,cb_intrinsic,R,gaba,-1,923,8222,1372,6850,8014,6938,196,1236,7818,5702,175,1236,435,638,391,566
11712,PLP019,cb_intrinsic,R,gaba,-1,541,10924,5375,5549,7539,6777,634,678,6905,6099,501,678,1064,1287,1002,1197
521059,PLP019,cb_intrinsic,L,gaba,-1,582,10536,5521,5015,7818,6246,564,690,7254,5556,383,690,989,1216,933,1130
11440,PLP060,cb_intrinsic,R,gaba,-1,760,9120,4719,4401,7430,8459,557,358,6873,8101,520,358,624,911,592,854
525958,PLP060,cb_intrinsic,L,gaba,-1,734,9329,5005,4324,7418,8331,713,329,6705,8002,654,329,657,882,616,820
10794,PLP074,cb_intrinsic,L,gaba,-1,335,13489,2599,10890,3882,11747,659,2075,3223,9672,632,2075,894,1387,825,1260
524883,PLP074,cb_intrinsic,R,gaba,-1,299,14064,2713,11351,3892,12178,724,2726,3168,9452,691,2726,927,1359,850,1247
10912,PLP078,cb_intrinsic,L,glutamate,-1,1002,7963,2959,5004,5991,5314,46,314,5945,5000,27,314,551,373,533,354
11637,PLP092,cb_intrinsic,L,acetylcholine,1,918,8239,4297,3942,5746,5866,117,299,5629,5567,106,299,928,602,885,571
10644,PLP163,cb_intrinsic,L,acetylcholine,1,409,12308,3465,8843,13848,9176,723,2173,13125,7003,661,2173,1178,903,1109,800
524521,PLP163,cb_intrinsic,R,acetylcholine,1,328,13558,3298,10260,14606,10486,670,2759,13936,7727,611,2759,1115,961,1042,827
11626,PLP208,cb_intrinsic,R,acetylcholine,1,658,9917,6882,3035,10214,4259,603,673,9611,3586,561,673,1198,571,1124,515
35790,PLP208,cb_intrinsic,L,acetylcholine,1,623,10178,7502,2676,10371,3765,632,587,9739,3178,598,587,1161,534,1092,477
12376,PLP209,cb_intrinsic,R,acetylcholine,1,730,9385,6811,2574,10486,3509,724,571,9762,2938,707,571,995,606,923,560
12452,PLP209,cb_intrinsic,L,acetylcholine,1,881,8430,5937,2493,9332,3326,706,566,8626,2760,689,566,991,614,925,573
11303,PLP211,cb_intrinsic,L,unclear,0,540,10931,3322,7609,4737,9242,835,2033,3902,7209,758,0,1253,2781,1109,2488
11507,PLP211,cb_intrinsic,R,unclear,0,526,11044,3789,7255,5387,8934,913,2156,4474,6778,839,0,1267,2664,1114,2389
11719,PLP256,cb_intrinsic,R,glutamate,-1,712,9488,4860,4628,11308,5256,642,532,10666,4724,574,532,1343,735,1281,675
524668,PLP256,cb_intrinsic,L,glutamate,-1,866,8511,4450,4061,10022,4600,577,561,9445,4039,535,561,1300,659,1249,607
11327,PPL101,cb_intrinsic,R,dopamine,0,61,26852,17898,8954,18029,8972,1711,2324,16318,6648,1382,0,3568,2889,3487,2809
11900,PPL101,cb_intrinsic,L,dopamine,0,50,29274,20968,8306,21096,8315,2233,2112,18863,6203,1936,0,3711,2854,3620,2772
11618,PPL102,cb_intrinsic,L,dopamine,0,349,13203,9875,3328,9965,3361,2390,1083,7575,2278,2164,0,1381,1180,1245,1029
13428,PPL102,cb_intrinsic,R,dopamine,0,414,12236,8801,3435,8882,3456,1919,1141,6963,2315,1720,0,1288,1139,1167,991
11752,PPL103,cb_intrinsic,L,dopamine,0,51,29268,16141,13127,16157,13132,1182,2832,14975,10300,869,0,2763,2355,2662,2304
14182,PPL103,cb_intrinsic,R,dopamine,0,49,29531,15289,14242,15339,14302,1150,2905,14189,11397,836,0,2791,2452,2695,2390
14225,PPL105,cb_intrinsic,R,dopamine,0,330,13546,8140,5406,8140,5406,644,1219,7496,4187,379,0,2347,1874,2313,1838
512326,PPL105,cb_intrinsic,L,dopamine,0,246,14933,9093,5840,9093,5840,613,1295,8480,4545,365,0,2481,1949,2445,1918
529512,PPL106,cb_intrinsic,R,dopamine,0,380,12714,8563,4151,8671,4155,464,445,8207,3710,364,0,2082,1733,2029,1692
529516,PPL106,cb_intrinsic,L,dopamine,0,394,12485,8300,4185,8419,4187,570,436,7849,3751,449,0,2004,1694,1950,1662
14705,PPL107,cb_intrinsic,R,dopamine,0,770,9075,5206,3869,5231,3883,911,725,4320,3158,845,0,816,1130,741,1031
519616,PPL107,cb_intrinsic,L,dopamine,0,353,13129,7545,5584,7590,5596,1496,1131,6094,4465,1390,0,886,1274,794,1163
12902,PPL108,cb_intrinsic,R,dopamine,0,798,8924,5743,3181,5868,3270,1729,927,4139,2343,1683,0,692,950,593,802
10753,PPL201,cb_intrinsic,L,dopamine,0,441,11964,6999,4965,7171,4982,1168,538,6003,4444,995,0,1600,2213,1491,2120
11560,PPL201,cb_intrinsic,R,dopamine,0,283,14376,7110,7266,7314,7315,1219,786,6095,6529,1048,0,1523,2583,1411,2474
10910,PPM1203,cb_intrinsic,L,dopamine,0,528,11019,5637,5382,6868,6397,1692,1272,5176,5125,1427,0,1144,1928,1028,1763
11532,PPM1203,cb_intrinsic,R,dopamine,0,369,12898,5551,7347,6685,8405,1882,2042,4803,6363,1573,0,1103,2054,969,1854
555259,PRW004,cb_intrinsic,M,glutamate,-1,912,8260,3876,4384,4652,5946,22,36,4630,5910,12,36,539,717,529,701
11908,PS047_b,cb_intrinsic,L,acetylcholine,1,432,12055,6554,5501,10207,6633,105,1266,10102,5367,93,1266,391,413,378,383
555176,PS047_b,cb_intrinsic,R,acetylcholine,1,340,13371,7744,5627,12153,6831,122,1307,12031,5524,98,1307,456,392,442,362
31330,PS049,cb_intrinsic,L,gaba,-1,955,8143,5505,2638,7416,4851,702,1164,6714,3687,665,1164,725,408,670,355
10777,PS088,cb_intrinsic,L,gaba,-1,431,12055,5103,6952,7386,8502,342,1328,7044,7174,269,1328,1308,1414,1237,1333
10781,PS088,cb_intrinsic,R,gaba,-1,481,11597,5203,6394,7579,7990,317,1143,7262,6847,250,1143,1318,1371,1251,1284
10101,PS100,cb_intrinsic,R,gaba,-1,519,11132,8946,2186,16665,6095,779,375,15886,5720,767,375,847,732,815,691
10203,PS100,cb_intrinsic,L,gaba,-1,732,9364,7571,1793,13883,5457,485,361,13398,5096,476,361,750,696,727,663
11515,PS112,cb_intrinsic,R,glutamate,-1,801,8912,6791,2121,8605,3560,498,174,8107,3386,477,174,932,434,898,406
511784,PS112,cb_intrinsic,L,glutamate,-1,945,8160,6245,1915,7976,3333,498,203,7478,3130,479,203,879,450,843,429
10207,PS124,cb_intrinsic,L,acetylcholine,1,604,10372,5893,4479,7507,7864,713,334,6794,7530,697,334,585,528,548,491
533529,PS124,cb_intrinsic,R,acetylcholine,1,575,10587,5998,4589,7567,8164,648,365,6919,7799,627,365,597,558,559,513
10479,PS196_a,cb_intrinsic,R,acetylcholine,1,470,11668,5183,6485,6446,6767,752,855,5694,5912,686,855,295,441,258,394
10603,PS196_a,cb_intrinsic,L,acetylcholine,1,460,11777,5426,6351,6661,6788,846,824,5815,5964,748,824,304,456,274,417
12055,PS196_b,cb_intrinsic,L,acetylcholine,1,962,8100,2755,5345,3061,5600,319,1340,2742,4260,242,1340,242,465,222,426
12091,PS196_b,cb_intrinsic,R,acetylcholine,1,744,9235,2680,6555,2971,6860,366,1823,2605,5037,284,1823,249,524,223,468
12292,PS274,cb_intrinsic,R,acetylcholine,1,467,11705,9521,2184,11121,3919,1416,586,9705,3333,1384,586,633,478,591,433
521305,PS274,cb_intrinsic,L,acetylcholine,1,566,10675,8649,2026,10447,3727,1291,548,9156,3179,1261,548,622,436,584,392
10333,PS306,cb_intrinsic,R,gaba,-1,1015,7905,5626,2279,10632,5297,1169,435,9463,4862,1058,435,811,605,756,567
13136,PVLP002,cb_intrinsic,R,acetylcholine,1,518,11139,2453,8686,5507,8869,718,2244,4789,6625,522,2244,580,830,512,735
14639,PVLP002,cb_intrinsic,L,acetylcholine,1,576,10586,2296,8290,4980,8513,630,2184,4350,6329,433,2184,595,856,523,760
10074,PVLP010,cb_intrinsic,L,glutamate,-1,87,23335,14981,8354,18772,10753,2098,1449,16674,9304,1850,1449,1643,1156,1514,1067
531985,PVLP010,cb_intrinsic,R,glutamate,-1,88,23322,15165,8157,18712,10259,2130,1761,16582,8498,1892,1761,1656,1059,1519,958
11762,PVLP013,cb_intrinsic,R,acetylcholine,1,208,15801,3311,12490,23475,12707,1513,2197,21962,10510,1437,2197,693,1046,631,940
522346,PVLP013,cb_intrinsic,L,acetylcholine,1,264,14593,3171,11422,17974,11665,1451,1887,16523,9778,1379,1887,745,1071,685,955
520606,PVLP014,cb_intrinsic,L,acetylcholine,1,839,8664,2636,6028,4034,6178,712,2284,3322,3894,547,2284,565,745,495,624
523528,PVLP014,cb_intrinsic,R,acetylcholine,1,690,9613,2677,6936,4106,7142,766,2714,3340,4428,632,2714,521,777,438,639
11278,PVLP016,cb_intrinsic,L,glutamate,-1,252,14828,10074,4754,10300,5185,1700,2354,8600,2831,1587,2354,947,451,834,364
521375,PVLP016,cb_intrinsic,R,glutamate,-1,188,16298,11107,5191,11432,5860,2169,2726,9263,3134,2037,2726,1037,455,907,365
11252,PVLP017,cb_intrinsic,L,gaba,-1,267,14566,10345,4221,12277,4941,1239,1058,11038,3883,998,1058,1090,938,993,846
11883,PVLP017,cb_intrinsic,R,gaba,-1,167,16951,11734,5217,14157,5939,1616,1541,12541,4398,1336,1541,1174,950,1056,829
13271,PVLP018,cb_intrinsic,R,gaba,-1,504,11299,5185,6114,13692,8355,1318,1854,12374,6501,1124,1854,924,1214,853,1103
523624,PVLP018,cb_intrinsic,L,gaba,-1,636,10087,4682,5405,10969,7620,879,1668,10090,5952,743,1668,921,1230,855,1122
10364,PVLP061,cb_intrinsic,L,acetylcholine,1,132,18464,6390,12074,32410,12604,3152,2939,29258,9665,2954,2939,703,776,637,701
11367,PVLP061,cb_intrinsic,R,acetylcholine,1,98,22510,6884,15626,38345,16360,3412,3858,34933,12502,3145,3858,853,954,777,846
10867,PVLP076,cb_intrinsic,R,acetylcholine,1,307,13964,8808,5156,12787,7071,1954,2173,10833,4898,1794,2173,1313,932,1179,807
555383,PVLP076,cb_intrinsic,L,acetylcholine,1,450,11865,7224,4641,10671,6345,1540,1858,9131,4487,1333,1858,1255,862,1143,747
10448,PVLP093,cb_intrinsic,L,gaba,-1,305,14013,5608,8405,8446,9388,1885,2114,6561,7274,1549,2114,1583,1428,1461,1294
11017,PVLP093,cb_intrinsic,R,gaba,-1,271,14528,5715,8813,9028,9941,2136,2444,6892,7497,1698,2444,1628,1520,1490,1371
10641,PVLP106,cb_intrinsic,L,unclear,0,303,14021,4406,9615,24161,10222,1781,2152,22380,8070,1640,0,759,883,710,812
522405,PVLP106,cb_intrinsic,R,unclear,0,239,15038,3913,11125,25343,11735,1814,2606,23529,9129,1653,0,728,946,657,846
10742,PVLP107,cb_intrinsic,L,glutamate,-1,803,8879,2552,6327,8669,6482,619,897,8050,5585,564,897,630,624,578,562
530685,PVLP107,cb_intrinsic,R,glutamate,-1,512,11221,2981,8240,10503,8355,845,1256,9658,7099,755,1256,653,654,590,567
10594,PVLP114,cb_intrinsic,L,acetylcholine,1,724,9429,5595,3834,7016,5963,1108,1715,5908,4248,1048,1715,871,573,754,473
11526,PVLP114,cb_intrinsic,R,acetylcholine,1,598,10403,6432,3971,8476,6200,1378,1413,7098,4787,1319,1413,1007,664,888,551
12323,PVLP115,cb_intrinsic,R,acetylcholine,1,960,8108,6089,2019,7404,3293,2151,656,5253,2637,1988,656,896,233,777,204
10609,PVLP120,cb_intrinsic,L,acetylcholine,1,456,11810,4467,7343,16434,9327,1126,3380,15308,5947,1031,3380,1554,886,1459,751
10995,PVLP120,cb_intrinsic,R,acetylcholine,1,426,12124,5153,6971,21145,9252,1415,3222,19730,6030,1315,3222,1627,917,1528,796
12518,PVLP121,cb_intrinsic,R,acetylcholine,1,501,11341,6109,5232,14418,5372,1438,357,12980,5015,1258,357,834,678,768,600
43368,PVLP121,cb_intrinsic,L,acetylcholine,1,674,9756,5106,4650,11191,4779,1049,239,10142,4540,926,239,767,649,711,586
11927,PVLP122,cb_intrinsic,L,acetylcholine,1,614,10257,7463,2794,9214,4153,1450,1121,7764,3032,1360,1121,794,552,711,461
12184,PVLP122,cb_intrinsic,R,acetylcholine,1,633,10112,7909,2203,8821,3533,2105,418,6716,3115,2048,418,838,404,726,334
12215,PVLP122,cb_intrinsic,R,acetylcholine,1,587,10464,7561,2903,9459,4221,1839,1272,7620,2949,1745,1272,820,581,710,480
521693,PVLP122,cb_intrinsic,L,acetylcholine,1,695,9581,7487,2094,8113,3396,1940,432,6173,2964,1892,432,839,420,746,349
13367,PVLP135,cb_intrinsic,R,acetylcholine,1,1007,7949,2981,4968,14952,5089,1198,1444,13754,3645,1060,1444,743,465,679,393
10329,PVLP137,cb_intrinsic,R,acetylcholine,1,759,9127,6782,2345,9263,5059,1961,344,7302,4715,1818,344,989,386,866,344
11118,PVLP137,cb_intrinsic,L,acetylcholine,1,749,9207,6746,2461,9580,5620,1547,336,8033,5284,1407,336,1001,385,888,351
10483,PVLP138,cb_intrinsic,L,acetylcholine,1,502,11315,7786,3529,8588,3943,1231,1492,7357,2451,1104,1492,722,343,646,281
11798,PVLP138,cb_intrinsic,R,acetylcholine,1,522,11094,7583,3511,8895,3997,1347,1728,7548,2269,1207,1728,738,315,643,254
10986,PVLP140,cb_intrinsic,R,gaba,-1,882,8428,4757,3671,6956,4388,691,532,6265,3856,594,532,759,263,684,231
11338,PVLP140,cb_intrinsic,L,gaba,-1,773,9059,5284,3775,7139,4754,840,560,6299,4194,740,560,789,337,738,296
10373,PVLP141,cb_intrinsic,L,acetylcholine,1,971,8075,5635,2440,7904,4487,1018,282,6886,4205,984,282,916,338,836,299
514764,PVLP141,cb_intrinsic,R,acetylcholine,1,921,8230,5981,2249,8119,4394,1171,285,6948,4109,1136,285,946,324,852,281
11397,SAD013,cb_intrinsic,R,gaba,-1,627,10155,6476,3679,8915,5360,812,540,8103,4820,739,540,921,929,849,871
30194,SAD013,cb_intrinsic,L,gaba,-1,675,9709,6100,3609,9137,5347,563,504,8574,4843,521,504,1151,995,1096,940
11782,SAD106,cb_intrinsic,L,acetylcholine,1,768,9077,3599,5478,4490,5842,466,576,4024,5266,448,576,645,684,602,628
12053,SAD106,cb_intrinsic,R,acetylcholine,1,755,9187,3608,5579,4431,5974,492,549,3939,5425,475,549,629,686,590,636
12654,SIP087,cb_intrinsic,L,unclear,0,562,10736,6939,3797,6945,3831,2100,670,4845,3161,1893,0,879,1406,778,1274
21692,SIP087,cb_intrinsic,R,unclear,0,629,10142,6616,3526,6622,3538,1842,613,4780,2925,1662,0,900,1403,803,1254
521981,SIP102m,cb_intrinsic,R,glutamate,-1,748,9214,4427,4787,4471,5133,824,1440,3647,3693,788,1440,634,732,564,619
531867,SIP102m,cb_intrinsic,L,glutamate,-1,802,8896,4097,4799,4133,5051,842,1463,3291,3588,810,1463,641,689,560,576
11964,SIP106m,cb_intrinsic,R,dopamine,0,383,12665,7623,5042,7946,5284,1490,872,6456,4412,1432,0,1079,1563,961,1395
520146,SIP106m,cb_intrinsic,L,dopamine,0,499,11369,6579,4790,6816,5036,1254,785,5562,4251,1211,0,991,1513,881,1356
12074,SIP133m,cb_intrinsic,R,glutamate,-1,372,12854,8021,4833,8259,5723,723,882,7536,4841,686,882,685,624,615,550
523561,SIP133m,cb_intrinsic,L,glutamate,-1,503,11306,6470,4836,6737,5673,555,854,6182,4819,513,854,612,666,555,587
10230,SIP136m,cb_intrinsic,R,acetylcholine,1,300,14050,9264,4786,10099,8178,2966,1450,7133,6728,2773,1450,1324,1085,1142,934
10273,SIP136m,cb_intrinsic,L,acetylcholine,1,336,13445,9467,3978,10221,7307,2861,1183,7360,6124,2652,1183,1322,1110,1149,996
10683,SLP003,cb_intrinsic,R,gaba,-1,229,15229,7782,7447,10073,8735,1630,799,8443,7936,1442,799,1495,1446,1395,1353
515578,SLP003,cb_intrinsic,L,gaba,-1,247,14932,7271,7661,9550,9089,1175,607,8375,8482,1039,607,1428,1380,1359,1302
11969,SLP004,cb_intrinsic,R,gaba,-1,583,10528,4184,6344,4539,6813,891,576,3648,6237,814,576,818,1145,748,1081
11997,SLP004,cb_intrinsic,L,gaba,-1,593,10438,4136,6302,4590,6951,895,405,3695,6546,839,405,849,1210,789,1155
11959,SLP056,cb_intrinsic,R,gaba,-1,198,16113,7562,8551,8785,9263,799,512,7986,8751,742,512,783,986,744,928
533914,SLP056,cb_intrinsic,L,gaba,-1,308,13938,6648,7290,7698,8061,818,366,6880,7695,783,366,752,934,720,894
13147,SLP057,cb_intrinsic,L,gaba,-1,746,9227,5013,4214,5089,4232,650,833,4439,3399,588,833,775,874,724,805
13221,SLP057,cb_intrinsic,R,gaba,-1,538,10938,5916,5022,6059,5046,724,956,5335,4090,633,956,825,886,762,801
14966,SLP060,cb_intrinsic,R,gaba,-1,915,8252,5999,2253,6300,2260,964,195,5336,2065,871,195,842,635,767,594
10871,SLP130,cb_intrinsic,L,acetylcholine,1,681,9662,3684,5978,3778,6341,646,2497,3132,3844,590,2497,895,776,798,699
11962,SLP130,cb_intrinsic,R,acetylcholine,1,711,9503,3546,5957,3711,6242,683,2715,3028,3527,626,2715,830,733,743,630
11207,SLP131,cb_intrinsic,L,acetylcholine,1,891,8386,4938,3448,5002,3533,487,538,4515,2995,446,538,625,559,570,495
12585,SLP131,cb_intrinsic,R,acetylcholine,1,592,10442,6315,4127,6406,4258,866,752,5540,3506,793,752,676,598,606,534
11958,SLP230,cb_intrinsic,R,acetylcholine,1,558,10777,5760,5017,5836,5106,1169,1226,4667,3880,1073,1226,1062,707,968,648
533588,SLP230,cb_intrinsic,L,acetylcholine,1,758,9139,4527,4612,4605,4672,705,911,3900,3761,657,911,990,697,913,651
11008,SLP388,cb_intrinsic,L,acetylcholine,1,238,15039,10142,4897,10193,4958,850,1038,9343,3920,788,1038,1050,652,992,598
11170,SLP388,cb_intrinsic,R,acetylcholine,1,160,17166,12484,4682,12554,4748,1067,1003,11487,3745,943,1003,1097,691,1033,632
521194,SLP440,cb_intrinsic,R,acetylcholine,1,597,10416,7272,3144,7354,3169,838,173,6516,2996,772,173,890,580,846,537
521309,SLP440,cb_intrinsic,L,acetylcholine,1,737,9312,6111,3201,6162,3225,714,223,5448,3002,672,223,848,609,805,572
13526,SMP026,cb_intrinsic,R,acetylcholine,1,451,11861,8145,3716,8563,3758,1594,1487,6969,2271,1548,1487,1091,566,960,472
34896,SMP026,cb_intrinsic,L,acetylcholine,1,547,10852,6880,3972,7173,4010,1137,1440,6036,2570,1098,1440,1083,658,968,580
519398,SMP048,cb_intrinsic,L,acetylcholine,1,313,13771,5298,8473,5559,9226,933,1241,4626,7985,839,1241,1176,1315,1046,1191
521352,SMP048,cb_intrinsic,R,acetylcholine,1,364,12951,4463,8488,4730,9163,788,1356,3942,7807,698,1356,1110,1426,987,1302
520236,SMP049,cb_intrinsic,R,gaba,-1,401,12452,5199,7253,5212,7295,507,805,4705,6490,467,805,1257,1381,1185,1328
532000,SMP049,cb_intrinsic,L,gaba,-1,344,13250,5862,7388,5884,7461,669,762,5215,6699,626,762,1325,1447,1233,1388
10528,SMP054,cb_intrinsic,L,gaba,-1,927,8216,5318,2898,5486,3045,814,296,4672,2749,785,296,570,562,507,503
519592,SMP054,cb_intrinsic,R,gaba,-1,845,8620,5902,2718,6040,2906,1011,238,5029,2668,970,238,613,532,553,484
46388,SMP076,cb_intrinsic,L,gaba,-1,385,12654,5299,7355,5325,7449,683,766,4642,6683,643,766,1225,1385,1139,1316
526311,SMP076,cb_intrinsic,R,gaba,-1,406,12352,5062,7290,5086,7352,604,786,4482,6566,556,786,1228,1409,1135,1340
261784,SMP081,cb_intrinsic,R,glutamate,-1,534,10968,5507,5461,5534,5497,593,430,4941,5067,519,430,980,869,893,787
512734,SMP081,cb_intrinsic,L,glutamate,-1,445,11913,6210,5703,6240,5744,742,445,5498,5299,678,445,1016,865,935,799
518488,SMP081,cb_intrinsic,R,glutamate,-1,550,10846,5608,5238,5638,5255,735,424,4903,4831,676,424,1020,857,919,796
520773,SMP081,cb_intrinsic,L,glutamate,-1,473,11652,5737,5915,5770,5955,706,399,5064,5556,639,399,1052,960,948,873
38425,SMP082,cb_intrinsic,L,glutamate,-1,548,10851,4635,6216,4689,6392,267,320,4422,6072,243,320,953,990,889,940
39262,SMP082,cb_intrinsic,L,glutamate,-1,510,11240,4730,6510,4779,6633,305,319,4474,6314,278,319,990,995,923,949
514555,SMP082,cb_intrinsic,R,glutamate,-1,684,9637,4143,5494,4192,5644,283,266,3909,5378,267,266,879,932,824,884
519761,SMP082,cb_intrinsic,R,glutamate,-1,625,10176,4260,5916,4321,6088,286,252,4035,5836,266,252,957,946,898,901
10044,SMP108,cb_intrinsic,L,acetylcholine,1,27,34831,26556,8275,26597,8359,3930,2059,22667,6300,3774,2059,1612,1299,1459,1169
10122,SMP108,cb_intrinsic,R,acetylcholine,1,32,33254,25721,7533,25747,7591,3803,1853,21944,5738,3662,1853,1569,1270,1417,1135
12313,SMP109,cb_intrinsic,R,acetylcholine,1,872,8472,5465,3007,5515,3101,763,648,4752,2453,732,648,818,672,720,570
512841,SMP109,cb_intrinsic,L,acetylcholine,1,529,11010,6611,4399,6625,4521,953,823,5672,3698,915,823,962,809,857,710
36704,SMP147,cb_intrinsic,L,gaba,-1,964,8097,5810,2287,6345,2296,781,769,5564,1527,591,769,744,231,656,175
14982,SMP154,cb_intrinsic,L,acetylcholine,1,1024,7862,4357,3505,4402,3515,922,1036,3480,2479,868,1036,626,483,533,412
13807,SMP157,cb_intrinsic,L,acetylcholine,1,905,8287,4487,3800,4526,3933,916,1386,3610,2547,855,1386,808,637,718,541
15158,SMP159,cb_intrinsic,R,glutamate,-1,779,9036,5546,3490,5820,3559,649,1031,5171,2528,615,1031,1111,785,1004,685
11723,SMP163,cb_intrinsic,R,gaba,-1,440,11970,6903,5067,7499,5332,1525,1515,5974,3817,1382,1515,938,795,819,690
527588,SMP163,cb_intrinsic,L,gaba,-1,317,13745,7933,5812,8427,6073,1943,1917,6484,4156,1765,1917,950,824,808,710
13523,SMP165,cb_intrinsic,L,glutamate,-1,862,8529,3543,4986,3587,5043,1056,1329,2531,3714,1014,1329,570,691,489,585
525777,SMP165,cb_intrinsic,R,glutamate,-1,766,9098,4116,4982,4155,5030,1143,1355,3012,3675,1106,1355,634,763,541,655
13631,SMP175,cb_intrinsic,R,acetylcholine,1,897,8355,5573,2782,5607,2793,936,1611,4671,1182,852,1611,758,412,663,349
520081,SMP175,cb_intrinsic,L,acetylcholine,1,665,9819,6402,3417,6426,3429,1250,2021,5176,1408,1136,2021,749,443,656,375
10564,SMP177,cb_intrinsic,L,acetylcholine,1,126,19173,12277,6896,12285,6906,2408,1792,9877,5114,2264,1792,1024,967,895,862
11324,SMP177,cb_intrinsic,R,acetylcholine,1,157,17255,10623,6632,10650,6636,2089,1710,8561,4926,1981,1710,1035,961,906,864
14061,SMP181,cb_intrinsic,L,unclear,0,1003,7959,5677,2282,5997,2308,559,329,5438,1979,539,0,858,1128,794,1030
10980,SMP285,cb_intrinsic,R,gaba,-1,648,10003,7000,3003,7294,3315,321,265,6973,3050,312,265,627,640,602,611
12261,SMP285,cb_intrinsic,L,gaba,-1,725,9426,6269,3157,6583,3466,207,271,6376,3195,205,271,583,590,565,559
11732,SMP286,cb_intrinsic,R,gaba,-1,626,10161,6963,3198,7289,3368,202,172,7087,3196,198,172,681,432,652,405
12090,SMP286,cb_intrinsic,L,gaba,-1,572,10643,7156,3487,7508,3633,195,209,7313,3424,193,209,663,429,632,394
558970,SMP376,cb_intrinsic,L,glutamate,-1,870,8485,5245,3240,5261,3263,563,834,4698,2429,506,834,664,500,600,438
10645,SMP383,cb_intrinsic,L,acetylcholine,1,535,10966,5880,5086,5932,5135,580,1247,5352,3888,553,1247,737,480,666,431
38788,SMP383,cb_intrinsic,R,acetylcholine,1,495,11428,6190,5238,6234,5288,630,1369,5604,3919,603,1369,749,501,672,441
519143,SMP470,cb_intrinsic,L,acetylcholine,1,506,11278,5233,6045,5556,6678,929,848,4627,5830,800,848,635,982,568,881
521026,SMP470,cb_intrinsic,R,acetylcholine,1,631,10118,4770,5348,5051,5992,740,785,4311,5207,601,785,568,924,511,837
45633,SMP493,cb_intrinsic,R,acetylcholine,1,599,10397,5122,5275,5293,5732,845,1816,4448,3916,813,1816,962,637,854,531
520039,SMP493,cb_intrinsic,L,acetylcholine,1,595,10425,5636,4789,5844,5154,1117,1673,4727,3481,1077,1673,948,542,828,460
14174,SMP503,cb_intrinsic,L,unclear,0,751,9206,4960,4246,5050,4292,710,594,4340,3698,622,0,1356,2360,1239,2193
532010,SMP503,cb_intrinsic,R,unclear,0,777,9051,4641,4410,4711,4473,689,600,4022,3873,609,0,1321,2198,1212,2049
13865,SMP541,cb_intrinsic,L,glutamate,-1,963,8097,5035,3062,5045,3075,342,425,4703,2650,276,425,507,473,453,421
10798,SMP543,cb_intrinsic,R,gaba,-1,677,9689,7714,1975,8403,3053,1671,636,6732,2417,1565,636,992,393,852,320
10963,SMP543,cb_intrinsic,L,gaba,-1,552,10810,8433,2377,9091,3575,1702,711,7389,2864,1545,711,1137,394,985,324
10525,SMP544,cb_intrinsic,L,gaba,-1,1011,7919,5550,2369,6171,2834,1110,1577,5061,1257,1036,1577,1019,331,892,268
11801,SMP545,cb_intrinsic,L,gaba,-1,894,8368,5606,2762,6062,2928,57,73,6005,2855,46,73,711,551,684,520
12296,SMP545,cb_intrinsic,R,gaba,-1,763,9108,5767,3341,6354,3576,60,89,6294,3487,53,89,753,626,731,599
512355,SMP548,cb_intrinsic,L,acetylcholine,1,580,10550,6458,4092,6579,4144,959,973,5620,3171,909,973,911,622,855,563
521195,SMP548,cb_intrinsic,R,acetylcholine,1,485,11541,7616,3925,7700,3973,982,866,6718,3107,916,866,930,612,865,555
10789,SMP549,cb_intrinsic,L,acetylcholine,1,747,9226,5434,3792,5461,3846,481,1495,4980,2351,452,1495,805,460,752,412
13686,SMP549,cb_intrinsic,R,acetylcholine,1,781,9018,5406,3612,5434,3667,573,1309,4861,2358,540,1309,815,498,756,444
11470,SMP550,cb_intrinsic,L,acetylcholine,1,527,11037,5851,5186,6156,5453,447,902,5709,4551,422,902,737,689,685,626
13244,SMP550,cb_intrinsic,R,acetylcholine,1,321,13680,8155,5525,8508,5859,529,801,7979,5058,466,801,883,681,822,610
13388,SMP551,cb_intrinsic,L,acetylcholine,1,816,8807,4739,4068,4941,4234,606,1194,4335,3040,587,1194,744,705,686,635
14935,SMP551,cb_intrinsic,R,acetylcholine,1,771,9070,4904,4166,5172,4390,663,1256,4509,3134,632,1256,794,697,720,614
10707,SMP593,cb_intrinsic,R,gaba,-1,273,14482,6138,8344,8221,8814,1001,2013,7220,6801,940,2013,1346,1527,1202,1362
522465,SMP593,cb_intrinsic,L,gaba,-1,222,15493,6724,8769,8555,9269,1184,2075,7371,7194,1105,2075,1342,1632,1200,1459
24136,SMP702m,cb_intrinsic,R,glutamate,-1,706,9517,3699,5818,3949,6052,483,1305,3466,4747,462,1305,668,670,613,620
57240,SMP702m,cb_intrinsic,R,glutamate,-1,676,9703,3930,5773,4212,6001,498,1175,3714,4826,468,1175,652,695,600,646
512581,SMP702m,cb_intrinsic,L,glutamate,-1,708,9511,3443,6068,3646,6323,510,1331,3136,4992,492,1331,604,728,549,672
527318,SMP702m,cb_intrinsic,L,glutamate,-1,860,8538,2772,5766,2954,6035,324,1321,2630,4714,306,1321,589,713,544,665
10328,SMP709m,cb_intrinsic,R,acetylcholine,1,420,12183,4795,7388,4894,7857,1798,2203,3096,5654,1736,2203,1108,1111,952,954
521736,SMP709m,cb_intrinsic,L,acetylcholine,1,395,12484,5158,7326,5252,7895,1947,2098,3305,5797,1889,2098,1033,1066,890,929
11355,VA1d_adPN,cb_intrinsic,R,acetylcholine,1,757,9139,1953,7186,4923,7234,1327,2132,3596,5102,1065,2132,305,579,246,513
10390,VA2_adPN,cb_intrinsic,R,acetylcholine,1,89,23233,4929,18304,12130,18495,2704,4318,9426,14177,2200,4318,434,1018,352,924
10561,VA2_adPN,cb_intrinsic,L,acetylcholine,1,105,21189,4556,16633,10498,16803,2495,4085,8003,12718,2088,4085,416,1019,344,940
519970,VA3_adPN,cb_intrinsic,R,acetylcholine,1,968,8086,1951,6135,3898,6222,1236,1192,2662,5030,916,1192,282,636,208,562
521437,VA3_adPN,cb_intrinsic,R,acetylcholine,1,723,9436,2489,6947,4650,6989,1566,1428,3084,5561,1189,1428,304,640,234,567
10996,VA4_lPN,cb_intrinsic,R,acetylcholine,1,399,12458,2995,9463,5630,9580,1773,2062,3857,7518,1367,2062,415,727,331,644
11467,VA4_lPN,cb_intrinsic,L,acetylcholine,1,545,10862,2627,8235,4990,8259,1539,1972,3451,6287,1148,1972,382,707,303,627
10877,VA6_adPN,cb_intrinsic,L,acetylcholine,1,209,15750,4241,11509,7922,11617,2953,3233,4969,8384,2533,3233,405,750,324,669
527577,VA6_adPN,cb_intrinsic,R,acetylcholine,1,129,18943,5057,13886,9732,14041,3574,3601,6158,10440,2797,3601,394,799,311,715
10198,VA7l_adPN,cb_intrinsic,R,acetylcholine,1,628,10151,2264,7887,4650,8088,1319,2485,3331,5603,1058,2485,329,671,255,582
529665,VA7l_adPN,cb_intrinsic,L,acetylcholine,1,843,8635,2115,6520,4122,6543,1264,2053,2858,4490,1147,2053,345,656,271,580
10808,VC1_lPN,cb_intrinsic,L,acetylcholine,1,439,11976,3192,8784,6695,8860,2073,3067,4622,5793,1793,3067,327,589,253,509
10904,VC1_lPN,cb_intrinsic,R,acetylcholine,1,266,14568,3353,11215,7015,11355,2142,3549,4873,7806,1763,3549,338,668,260,584
10756,VC2_lPN,cb_intrinsic,R,acetylcholine,1,532,10995,2654,8341,5531,8447,1666,2502,3865,5945,1362,2502,404,729,324,646
11105,VC2_lPN,cb_intrinsic,L,acetylcholine,1,561,10749,2494,8255,4937,8283,1549,2503,3388,5780,1279,2503,412,715,332,632
32824,VES001,cb_intrinsic,L,glutamate,-1,621,10192,4517,5675,6517,6979,326,521,6191,6458,288,521,813,960,763,895
519655,VES001,cb_intrinsic,R,glutamate,-1,686,9629,3982,5647,5800,7282,368,626,5432,6656,319,626,719,976,666,907
13327,VES005,cb_intrinsic,R,acetylcholine,1,832,8708,5695,3013,7107,5192,494,579,6613,4613,448,579,539,387,489,342
521191,VES005,cb_intrinsic,L,acetylcholine,1,775,9058,6378,2680,7939,4718,743,577,7196,4141,694,577,593,372,532,329
10109,VES041,cb_intrinsic,L,gaba,-1,65,26261,15928,10333,19970,11105,2131,2248,17839,8857,2005,2248,2033,1264,1879,1137
10167,VES041,cb_intrinsic,R,gaba,-1,64,26577,15769,10808,19991,11661,1891,2593,18100,9068,1744,2593,2051,1341,1885,1206
11061,VES045,cb_intrinsic,L,gaba,-1,707,9511,6616,2895,7228,5276,1353,1208,5875,4068,1168,1208,903,418,809,357
11363,VES045,cb_intrinsic,R,gaba,-1,776,9052,6140,2912,6744,5420,1312,1127,5432,4293,1152,1127,873,457,773,392
513058,VES053,cb_intrinsic,R,acetylcholine,1,922,8225,6272,1953,7799,3486,1239,424,6560,3062,1175,424,803,540,711,475
532942,VES053,cb_intrinsic,L,acetylcholine,1,851,8598,6261,2337,7808,3787,1294,480,6514,3307,1215,480,854,583,759,516
13238,VES063,cb_intrinsic,R,acetylcholine,1,969,8082,2861,5221,3329,6025,190,419,3139,5606,156,419,435,636,401,613
11413,VES088,cb_intrinsic,R,acetylcholine,1,568,10667,6669,3998,8871,7806,1694,1678,7177,6128,1688,1678,539,351,491,312
12988,VES088,cb_intrinsic,L,acetylcholine,1,794,8965,5056,3909,6676,7942,1490,1444,5186,6498,1487,1444,426,345,385,310
519365,VES092,cb_intrinsic,L,gaba,-1,217,15637,9715,5922,11224,6317,2124,1384,9100,4933,1857,1384,1299,1033,1160,894
523636,VES092,cb_intrinsic,R,gaba,-1,215,15698,9791,5907,11369,6328,1789,1157,9580,5171,1524,1157,1355,1159,1211,1022
10530,VL1_ilPN,cb_intrinsic,L,acetylcholine,1,418,12191,3646,8545,6571,8631,2342,4076,4229,4555,2021,4076,484,659,369,526
11390,VL1_ilPN,cb_intrinsic,R,acetylcholine,1,402,12399,3830,8569,6944,8675,2450,4062,4494,4613,2122,4062,522,651,401,522
10039,VL2a_adPN,cb_intrinsic,R,acetylcholine,1,127,19145,4238,14907,10086,15218,2791,4675,7295,10543,2205,4675,461,880,377,797
10134,VL2a_adPN,cb_intrinsic,L,acetylcholine,1,133,18429,3940,14489,7086,14733,2786,4457,4300,10276,2152,4457,362,817,289,738
10321,VL2p_adPN,cb_intrinsic,L,acetylcholine,1,95,22682,6413,16269,9357,16333,3821,4964,5536,11369,3050,4964,446,890,367,803
10522,VL2p_adPN,cb_intrinsic,R,acetylcholine,1,62,26700,6457,20243,10604,20334,3942,5572,6662,14762,3016,5572,458,1001,381,912
11703,VM1_lPN,cb_intrinsic,L,acetylcholine,1,877,8442,2043,6399,3571,6430,1350,2131,2221,4299,1231,2131,313,496,239,413
13283,VM1_lPN,cb_intrinsic,R,acetylcholine,1,896,8361,2053,6308,3991,6461,1288,1953,2703,4508,1178,1953,345,535,275,460
12057,VM3_adPN,cb_intrinsic,L,acetylcholine,1,935,8189,1848,6341,3446,6387,1154,1628,2292,4759,958,1628,315,552,240,478
10429,VM6_adPN,cb_intrinsic,L,acetylcholine,1,216,15663,4523,11140,6551,11167,2601,3648,3950,7519,2345,3648,526,748,452,664
520916,VM6_adPN,cb_intrinsic,R,acetylcholine,1,199,16082,4622,11460,8758,11513,2609,3244,6149,8269,2344,3244,561,774,481,691
11050,VP1d+VP4_l2PN1,cb_intrinsic,L,acetylcholine,1,272,14505,5316,9189,6542,9242,2189,3371,4353,5871,1984,3371,573,853,432,712
11761,VP1d+VP4_l2PN1,cb_intrinsic,R,acetylcholine,1,202,16010,5283,10727,6499,10773,2213,3631,4286,7142,1976,3631,630,897,488,750
10408,VP1d+VP4_l2PN2,cb_intrinsic,R,acetylcholine,1,356,13111,4548,8563,5321,8657,1993,3394,3328,5263,1788,3394,378,614,303,518
11583,VP1d+VP4_l2PN2,cb_intrinsic,L,acetylcholine,1,474,11647,4313,7334,5027,7497,1793,2976,3234,4521,1637,2976,313,597,241,506
16648,VP1d_il2PN,cb_intrinsic,L,acetylcholine,1,977,8069,2817,5252,3561,5413,1521,2167,2040,3246,1381,2167,283,473,175,360
18049,VP1d_il2PN,cb_intrinsic,R,acetylcholine,1,980,8063,2812,5251,3640,5315,1580,2229,2060,3086,1418,2229,273,496,164,375
11143,VP1m_l2PN,cb_intrinsic,L,acetylcholine,1,334,13520,3614,9906,4587,9949,2324,4634,2263,5315,2217,4634,307,754,227,673
11521,VP1m_l2PN,cb_intrinsic,R,acetylcholine,1,261,14671,3633,11038,5016,11082,2421,4478,2595,6604,2294,4478,291,740,218,653
10736,VP2_adPN,cb_intrinsic,L,acetylcholine,1,189,16287,5361,10926,6231,11008,2687,4164,3544,6844,2530,4164,298,605,235,541
14437,VP3+VP1l_ivPN,cb_intrinsic,R,acetylcholine,1,653,9961,3148,6813,3809,6858,1726,2543,2083,4315,1588,2543,356,692,242,565
19845,VP3+VP1l_ivPN,cb_intrinsic,L,acetylcholine,1,646,10021,2947,7074,3562,7103,1674,2522,1888,4581,1574,2522,339,694,225,562
10262,V_ilPN,cb_intrinsic,L,acetylcholine,1,163,17092,4055,13037,6721,13111,2827,4616,3894,8495,2667,4616,481,1075,343,925
11229,V_ilPN,cb_intrinsic,R,acetylcholine,1,142,17842,4272,13570,7297,13635,3011,4762,4286,8873,2843,4762,474,1082,341,932
11567,WED046,cb_intrinsic,R,acetylcholine,1,938,8177,4153,4024,5972,4535,786,1005,5186,3530,664,1005,619,677,545,574
520792,WED104,cb_intrinsic,L,gaba,-1,507,11273,4875,6398,7114,7402,566,604,6548,6798,389,604,772,1019,720,958
531583,WED104,cb_intrinsic,R,gaba,-1,282,14386,5604,8782,8210,9914,688,949,7522,8965,486,949,874,1180,805,1086
13062,WED107,cb_intrinsic,L,acetylcholine,1,1021,7882,2733,5149,4952,5621,1065,964,3887,4657,1051,964,683,789,621,704
519420,WED107,cb_intrinsic,R,acetylcholine,1,741,9255,3920,5335,6995,5776,1927,1274,5068,4502,1894,1274,895,808,808,708
11667,WED119,cb_intrinsic,L,glutamate,-1,859,8564,3432,5132,3743,5245,268,148,3475,5097,202,148,345,425,323,400
523938,WED119,cb_intrinsic,R,glutamate,-1,640,10060,3829,6231,4194,6386,367,167,3827,6219,259,167,338,454,315,425
10529,WED184,cb_intrinsic,L,gaba,-1,521,11105,5083,6022,5958,8116,293,842,5665,7274,259,842,905,953,866,903
532747,WED184,cb_intrinsic,R,gaba,-1,493,11457,5223,6234,6195,8279,364,912,5831,7367,298,912,838,989,791,940
10684,WED185,cb_intrinsic,M,gaba,-1,462,11753,5696,6057,6291,6442,280,240,6011,6202,277,240,458,680,427,629
11249,WED190,cb_intrinsic,M,gaba,-1,351,13155,5453,7702,6656,8187,668,822,5988,7365,604,822,597,793,554,740
10598,WED191,cb_intrinsic,M,gaba,-1,1012,7916,3787,4129,4113,4421,102,176,4011,4245,100,176,360,490,335,462
10709,WED193,cb_intrinsic,R,acetylcholine,1,584,10512,4278,6234,5564,6560,1087,1088,4477,5472,1077,1088,650,700,602,644
11419,WED195,cb_intrinsic,L,gaba,-1,765,9103,3055,6048,4396,7236,336,1471,4060,5765,308,1471,619,823,558,725
532198,WED196,cb_intrinsic,M,gaba,-1,443,11923,3201,8722,4679,9275,170,1103,4509,8172,143,1103,523,920,491,865
10371,WED203,cb_intrinsic,L,gaba,-1,687,9626,7197,2429,10457,3736,41,86,10416,3650,20,86,759,430,751,421
10691,WED203,cb_intrinsic,R,gaba,-1,698,9558,6997,2561,9140,3831,71,56,9069,3775,45,56,685,452,671,441
10498,aIPg_m4,cb_intrinsic,L,acetylcholine,1,901,8327,5317,3010,5634,3343,1344,1266,4290,2077,1199,1266,802,546,710,457
12079,aIPg_m4,cb_intrinsic,R,acetylcholine,1,643,10027,6556,3471,6976,3815,1663,1404,5313,2411,1511,1404,907,660,791,555
10473,il3LN6,cb_intrinsic,R,gaba,-1,44,30795,12590,18205,50910,26887,6866,9553,44044,17334,5467,9553,2735,2575,2569,2395
523591,il3LN6,cb_intrinsic,L,gaba,-1,39,31979,12497,19482,47220,28609,7408,10404,39812,18205,6027,10404,2696,2599,2534,2420
11975,lLN1_a,cb_intrinsic,L,acetylcholine,1,318,13738,7089,6649,7677,6876,5118,4129,2559,2747,4692,4129,583,658,480,548
11992,lLN1_a,cb_intrinsic,R,acetylcholine,1,350,13170,6639,6531,7292,6896,4961,4399,2331,2497,4479,4399,615,607,516,503
10140,lLN1_bc,cb_intrinsic,R,acetylcholine,1,131,18728,10615,8113,11003,8413,7898,6178,3105,2235,7632,6178,622,651,509,536
10463,lLN1_bc,cb_intrinsic,L,acetylcholine,1,118,20262,10510,9752,10794,9981,8076,7208,2718,2773,7828,7208,485,582,378,478
10632,lLN1_bc,cb_intrinsic,L,acetylcholine,1,284,14300,7476,6824,7830,6972,5758,5170,2072,1802,5626,5170,430,463,331,360
10905,lLN1_bc,cb_intrinsic,L,acetylcholine,1,179,16671,8390,8281,8654,8441,6285,6291,2369,2150,6089,6291,479,501,376,396
11099,lLN1_bc,cb_intrinsic,L,acetylcholine,1,367,12917,6670,6247,6993,6388,5343,4770,1650,1618,5213,4770,435,446,337,341
11244,lLN1_bc,cb_intrinsic,R,acetylcholine,1,218,15631,8530,7101,9152,7627,6764,5254,2388,2373,6522,5254,640,666,536,559
11262,lLN1_bc,cb_intrinsic,L,acetylcholine,1,149,17569,9063,8506,9343,8719,6783,6424,2560,2295,6625,6424,503,570,398,465
11281,lLN1_bc,cb_intrinsic,R,acetylcholine,1,292,14181,8351,5830,8662,5998,6917,4550,1745,1448,6692,4550,449,467,349,362
11289,lLN1_bc,cb_intrinsic,R,acetylcholine,1,200,16024,8215,7809,8656,8043,6417,5614,2239,2429,6207,5614,499,500,395,395
11292,lLN1_bc,cb_intrinsic,L,acetylcholine,1,156,17306,9103,8203,9391,8397,6870,6200,2521,2197,6762,6200,467,528,366,424
11400,lLN1_bc,cb_intrinsic,L,acetylcholine,1,181,16591,8313,8278,8631,8489,6239,6225,2392,2264,6091,6225,475,542,372,438
11478,lLN1_bc,cb_intrinsic,R,acetylcholine,1,147,17597,8865,8732,9294,9094,6810,6750,2484,2344,6578,6750,542,607,441,502
11501,lLN1_bc,cb_intrinsic,R,acetylcholine,1,138,18011,9549,8462,9906,8733,7247,6517,2659,2216,6985,6517,541,624,440,520
11523,lLN1_bc,cb_intrinsic,L,acetylcholine,1,258,14707,7662,7045,8032,7201,5635,5082,2397,2119,5521,5082,476,488,375,384
11531,lLN1_bc,cb_intrinsic,L,acetylcholine,1,286,14275,7308,6967,7638,7178,5752,5183,1886,1995,5617,5183,414,468,314,367
11620,lLN1_bc,cb_intrinsic,R,acetylcholine,1,185,16459,8154,8305,8436,8576,6270,6431,2166,2145,6038,6431,481,583,380,478
11725,lLN1_bc,cb_intrinsic,R,acetylcholine,1,312,13802,7219,6583,7567,6771,5898,4951,1669,1820,5717,4951,462,483,362,377
11736,lLN1_bc,cb_intrinsic,R,acetylcholine,1,193,16229,7942,8287,8463,8617,6030,6084,2433,2533,5816,6084,551,608,447,504
11744,lLN1_bc,cb_intrinsic,R,acetylcholine,1,211,15739,8850,6889,9318,7173,7238,5248,2080,1925,7006,5248,552,558,451,453
11783,lLN1_bc,cb_intrinsic,L,acetylcholine,1,341,13320,7080,6240,7362,6383,5724,4553,1638,1830,5610,4553,403,438,305,335
11828,lLN1_bc,cb_intrinsic,R,acetylcholine,1,260,14694,7941,6753,8483,7094,6398,5011,2085,2083,6198,5011,542,574,438,469
11870,lLN1_bc,cb_intrinsic,L,acetylcholine,1,322,13668,7337,6331,7608,6486,5824,4762,1784,1724,5673,4762,438,478,338,376
11922,lLN1_bc,cb_intrinsic,R,acetylcholine,1,363,12975,6658,6317,6976,6557,5536,4816,1440,1741,5372,4816,456,521,355,416
12111,lLN1_bc,cb_intrinsic,R,acetylcholine,1,274,14447,7274,7173,7632,7427,5734,5385,1898,2042,5577,5385,465,534,362,428
12338,lLN1_bc,cb_intrinsic,L,acetylcholine,1,405,12363,6632,5731,6793,5830,5324,4230,1469,1600,5214,4230,379,435,277,333
23401,lLN1_bc,cb_intrinsic,L,acetylcholine,1,285,14299,7797,6502,8055,6643,6368,5017,1687,1626,6230,5017,429,438,328,333
520002,lLN1_bc,cb_intrinsic,R,acetylcholine,1,134,18424,9397,9027,9725,9322,7316,6596,2409,2726,6996,6596,524,651,421,545
521935,lLN1_bc,cb_intrinsic,L,acetylcholine,1,311,13841,7285,6556,7637,6683,5537,4793,2100,1890,5415,4793,442,459,343,354
524238,lLN1_bc,cb_intrinsic,R,acetylcholine,1,276,14423,7394,7029,7966,7341,6014,5402,1952,1939,5771,5402,501,574,400,471
529429,lLN1_bc,cb_intrinsic,L,acetylcholine,1,168,16877,8591,8286,8938,8460,6312,6233,2626,2227,6193,6233,511,543,407,439
10096,lLN2F_a,cb_intrinsic,L,unclear,0,78,23784,12161,11623,25260,17617,8689,9113,16571,8504,8324,0,2113,2132,2011,2024
10254,lLN2F_a,cb_intrinsic,R,unclear,0,74,24572,12279,12293,26473,20440,9058,9451,17415,10989,8367,0,2352,2527,2245,2419
10456,lLN2F_a,cb_intrinsic,R,unclear,0,71,25054,12217,12837,26712,20846,9317,9845,17395,11001,8757,0,2366,2524,2260,2414
10459,lLN2F_a,cb_intrinsic,L,unclear,0,96,22633,11792,10841,25301,16925,8587,8583,16714,8342,8212,0,2143,2194,2038,2088
10133,lLN2F_b,cb_intrinsic,L,gaba,-1,57,27963,14500,13463,35378,27656,9447,10937,25931,16719,7423,10937,2216,2272,2115,2165
10169,lLN2F_b,cb_intrinsic,R,gaba,-1,40,31822,16174,15648,38199,34036,11127,12415,27072,21621,8809,12415,2426,2495,2319,2388
10376,lLN2F_b,cb_intrinsic,L,gaba,-1,54,28939,14688,14251,37063,29934,9777,11716,27286,18218,7771,11716,2247,2286,2144,2179
10515,lLN2F_b,cb_intrinsic,R,gaba,-1,45,30596,15661,14935,37611,33639,10242,11783,27369,21856,8022,11783,2545,2618,2439,2511
11603,lLN2P_a,cb_intrinsic,R,gaba,-1,556,10795,7005,3790,10323,3981,5231,2295,5092,1686,4836,2295,890,359,801,275
17325,lLN2P_a,cb_intrinsic,L,gaba,-1,396,12483,8428,4055,11677,4229,6082,2409,5595,1820,5684,2409,906,388,812,299
19921,lLN2P_a,cb_intrinsic,L,gaba,-1,680,9663,6423,3240,9830,3283,4595,1910,5235,1373,4294,1910,788,304,706,224
22276,lLN2P_a,cb_intrinsic,L,gaba,-1,539,10935,7553,3382,10986,3444,5626,2131,5360,1313,5278,2131,905,299,817,217
23854,lLN2P_a,cb_intrinsic,R,gaba,-1,337,13443,9350,4093,13106,4247,7104,2548,6002,1699,6566,2548,1087,393,996,311
35196,lLN2P_a,cb_intrinsic,L,gaba,-1,408,12331,8498,3833,12501,3918,6367,2294,6134,1624,5924,2294,1001,356,912,278
918582,lLN2P_a,cb_intrinsic,R,gaba,-1,262,14641,9552,5089,14957,5328,6247,2681,8710,2647,5691,2681,1228,450,1139,364
18165,lLN2P_b,cb_intrinsic,L,gaba,-1,934,8194,5155,3039,7776,4775,3526,1675,4250,3100,3282,1675,916,915,826,826
18730,lLN2P_b,cb_intrinsic,L,gaba,-1,858,8569,5190,3379,7804,5528,3788,1996,4016,3532,3574,1996,908,950,816,853
19767,lLN2P_b,cb_intrinsic,L,gaba,-1,989,8021,4908,3113,8089,5152,3740,1899,4349,3253,3549,1899,958,961,861,868
20402,lLN2P_b,cb_intrinsic,L,gaba,-1,774,9059,5467,3592,8092,5246,3384,1837,4708,3409,3126,1837,1021,975,929,890
18016,lLN2P_c,cb_intrinsic,R,gaba,-1,288,14230,8398,5832,9967,6234,6234,3501,3733,2733,5339,3501,896,591,801,497
18726,lLN2P_c,cb_intrinsic,L,gaba,-1,663,9823,5909,3914,7384,4134,4439,2359,2945,1775,3816,2359,723,458,634,366
20581,lLN2P_c,cb_intrinsic,L,gaba,-1,484,11543,6816,4727,8184,5006,5078,2827,3106,2179,4373,2827,731,484,641,396
21567,lLN2P_c,cb_intrinsic,R,gaba,-1,457,11808,7066,4742,8551,5031,5403,2850,3148,2181,4658,2850,749,507,656,419
22166,lLN2P_c,cb_intrinsic,L,gaba,-1,429,12070,7275,4795,8861,5145,5130,2523,3731,2622,4368,2523,777,507,687,418
22243,lLN2P_c,cb_intrinsic,L,gaba,-1,478,11617,6856,4761,7998,4930,4934,2583,3064,2347,4229,2583,648,444,557,347
28406,lLN2P_c,cb_intrinsic,L,gaba,-1,579,10554,6221,4333,7619,4576,4555,2478,3064,2098,3930,2478,714,485,619,388
267437,lLN2P_c,cb_intrinsic,R,gaba,-1,546,10854,6436,4418,7721,4634,4377,2339,3344,2295,3666,2339,731,435,637,346
551294,lLN2P_c,cb_intrinsic,R,gaba,-1,515,11180,6628,4552,8168,4910,4903,2631,3265,2279,4256,2631,807,544,714,452
10397,lLN2T_a,cb_intrinsic,L,acetylcholine,1,146,17693,9828,7865,12329,8155,7052,5564,5277,2591,5960,5564,1159,568,1060,465
10929,lLN2T_a,cb_intrinsic,R,acetylcholine,1,86,23432,13287,10145,16436,10687,9686,6475,6750,4212,8308,6475,1316,671,1217,569
10942,lLN2T_a,cb_intrinsic,R,acetylcholine,1,81,23708,13313,10395,16575,10977,9824,6518,6751,4459,8267,6518,1356,682,1251,575
520787,lLN2T_a,cb_intrinsic,L,acetylcholine,1,113,20654,11531,9123,14645,9469,8272,6504,6373,2965,7067,6504,1168,590,1068,486
532655,lLN2T_a,cb_intrinsic,L,acetylcholine,1,110,20920,11772,9148,14376,9424,8364,6408,6012,3016,7081,6408,1159,582,1059,478
13431,lLN2T_b,cb_intrinsic,L,acetylcholine,1,231,15207,7796,7411,24542,12199,4807,5338,19735,6861,3704,5338,2164,1957,2067,1855
14243,lLN2T_b,cb_intrinsic,L,acetylcholine,1,302,14023,7120,6903,21575,10766,4261,4788,17314,5978,3314,4788,2047,1800,1950,1698
16460,lLN2T_b,cb_intrinsic,R,acetylcholine,1,333,13523,6661,6862,21123,11655,4014,4243,17109,7412,3143,4243,2097,1926,1983,1799
67052,lLN2T_b,cb_intrinsic,R,acetylcholine,1,170,16843,8151,8692,27830,14950,5242,5732,22588,9218,4110,5732,2260,2122,2161,2019
10201,lLN2T_c,cb_intrinsic,R,acetylcholine,1,69,25146,13589,11557,19799,12832,8882,8901,10917,3931,7586,8901,1778,1064,1674,962
10650,lLN2T_c,cb_intrinsic,R,acetylcholine,1,83,23622,13285,10337,18591,11263,8482,7801,10109,3462,7292,7801,1562,885,1465,788
11517,lLN2T_c,cb_intrinsic,L,acetylcholine,1,68,25530,14287,11243,21123,12380,9249,8911,11874,3469,7912,8911,1709,948,1608,848
527470,lLN2T_c,cb_intrinsic,L,acetylcholine,1,100,22398,12597,9801,18450,10795,7893,7712,10557,3083,6929,7712,1636,921,1535,822
11399,lLN2T_d,cb_intrinsic,L,unclear,0,853,8589,5020,3569,10637,8501,2841,2397,7796,6104,2411,0,1259,1426,1165,1334
11556,lLN2T_d,cb_intrinsic,L,unclear,0,908,8284,4855,3429,10020,7448,2613,2252,7407,5196,2183,0,1266,1362,1166,1265
11788,lLN2T_d,cb_intrinsic,R,unclear,0,818,8804,5006,3798,10286,8965,2961,2518,7325,6447,2454,0,1316,1526,1227,1434
519242,lLN2T_d,cb_intrinsic,R,unclear,0,702,9541,5526,4015,11210,10012,3345,2676,7865,7336,2778,0,1390,1552,1289,1451
11294,lLN2T_e,cb_intrinsic,L,acetylcholine,1,301,14039,8823,5216,11279,9243,4609,3398,6670,5845,4185,3398,1430,1850,1319,1731
11359,lLN2T_e,cb_intrinsic,L,acetylcholine,1,347,13208,8011,5197,11189,9154,4260,3425,6929,5729,3850,3425,1493,1769,1386,1662
11379,lLN2T_e,cb_intrinsic,R,acetylcholine,1,213,15724,9631,6093,12642,10863,5277,3816,7365,7047,4825,3816,1639,2038,1532,1932
12354,lLN2T_e,cb_intrinsic,R,acetylcholine,1,325,13627,8363,5264,11254,9901,4568,3500,6686,6401,4188,3500,1543,1967,1421,1841
11342,lLN2X04,cb_intrinsic,R,acetylcholine,1,234,15098,8048,7050,12308,8496,5171,4464,7137,4032,4487,4464,1332,1074,1230,969
23477,lLN2X04,cb_intrinsic,L,acetylcholine,1,151,17534,9435,8099,13268,9197,6025,5431,7243,3766,5246,5431,1347,1068,1245,966
530777,lLN2X04,cb_intrinsic,R,acetylcholine,1,108,20977,11595,9382,17088,11145,7563,5796,9525,5349,6509,5796,1619,1241,1514,1136
555318,lLN2X04,cb_intrinsic,L,acetylcholine,1,136,18024,9866,8158,14672,9514,6347,5380,8325,4134,5597,5380,1364,1109,1261,1002
11837,lLN2X05,cb_intrinsic,L,acetylcholine,1,257,14743,8052,6691,10394,7369,5262,5469,5132,1900,4432,5469,1037,779,933,674
11914,lLN2X05,cb_intrinsic,R,acetylcholine,1,270,14529,7831,6698,10753,7910,5385,5200,5368,2710,4286,5200,1097,954,998,851
11991,lLN2X05,cb_intrinsic,L,acetylcholine,1,190,16283,8836,7447,10931,8256,5914,6144,5017,2112,4983,6144,1049,837,948,733
11993,lLN2X05,cb_intrinsic,R,acetylcholine,1,177,16742,8878,7864,10940,8782,6185,6178,4755,2604,4936,6178,1141,963,1038,855
11345,lLN2X11,cb_intrinsic,R,acetylcholine,1,259,14699,5982,8717,10162,10577,4400,6283,5762,4294,3678,6283,1227,1242,1127,1137
11594,lLN2X11,cb_intrinsic,L,acetylcholine,1,348,13204,5204,8000,9057,9446,3666,5815,5391,3631,3213,5815,1174,1150,1074,1044
11952,lLN2X11,cb_intrinsic,L,acetylcholine,1,289,14228,5676,8552,9655,10330,4039,6228,5616,4102,3513,6228,1211,1232,1109,1126
12320,lLN2X11,cb_intrinsic,R,acetylcholine,1,384,12663,5226,7437,8743,9241,3889,5482,4854,3759,3272,5482,1138,1242,1042,1136
12717,lLN2X12,cb_intrinsic,L,acetylcholine,1,571,10647,4878,5769,7125,6315,3502,4388,3623,1927,2970,4388,988,792,886,687
12977,lLN2X12,cb_intrinsic,L,acetylcholine,1,696,9576,4233,5343,6558,5945,2968,4051,3590,1894,2489,4051,954,789,855,686
12994,lLN2X12,cb_intrinsic,L,acetylcholine,1,668,9792,4282,5510,6837,6130,3129,4228,3708,1902,2611,4228,951,780,851,676
14161,lLN2X12,cb_intrinsic,L,acetylcholine,1,813,8822,3771,5051,5753,5627,2607,3567,3146,2060,2180,3567,848,772,748,668
192978,lLN2X12,cb_intrinsic,R,acetylcholine,1,371,12886,6162,6724,9305,7667,4495,5054,4810,2613,3558,5054,1179,913,1079,810
247232,lLN2X12,cb_intrinsic,R,acetylcholine,1,513,11203,4636,6567,7425,7460,3428,4881,3997,2579,2768,4881,1086,901,990,799
521158,lLN2X12,cb_intrinsic,R,acetylcholine,1,482,11597,5145,6452,8007,7463,3753,4933,4254,2530,2971,4933,1188,1009,1088,903
524208,lLN2X12,cb_intrinsic,R,acetylcholine,1,619,10197,4353,5844,6684,6572,3256,4282,3428,2290,2649,4282,1019,865,920,761
11741,mALB1,cb_intrinsic,L,gaba,-1,417,12197,5195,7002,6069,7083,865,992,5204,6091,822,992,756,1073,684,995
33047,mALB1,cb_intrinsic,R,gaba,-1,392,12507,5408,7099,6283,7196,896,1043,5387,6153,840,1043,743,1033,671,956
10057,mALD1,cb_intrinsic,R,gaba,-1,255,14817,6783,8034,7825,11682,1052,1392,6773,10290,880,1392,1341,2038,1236,1936
10457,mALD1,cb_intrinsic,L,gaba,-1,275,14424,6049,8375,6956,11826,802,1607,6154,10219,589,1607,1249,2067,1157,1945
10097,oviIN,cb_intrinsic,L,gaba,-1,16,51308,25954,25354,27075,25699,4129,2545,22946,23154,3650,2545,2428,2930,2238,2717
10138,oviIN,cb_intrinsic,R,gaba,-1,18,50113,24697,25416,25716,25775,2898,2440,22818,23335,2459,2440,2320,2975,2145,2775
10217,pC1x_b,cb_intrinsic,L,acetylcholine,1,951,8145,5487,2658,5523,2962,363,293,5160,2669,355,293,857,500,801,454
512580,pC1x_b,cb_intrinsic,R,acetylcholine,1,981,8062,5247,2815,5316,3072,294,229,5022,2843,277,229,846,530,784,483
10666,pC1x_c,cb_intrinsic,R,acetylcholine,1,884,8421,3796,4625,3878,4918,798,1027,3080,3891,765,1027,690,607,615,529
12257,pC1x_c,cb_intrinsic,L,acetylcholine,1,854,8587,3913,4674,3982,4980,607,1058,3375,3922,585,1058,680,559,610,478
12893,pC1x_d,cb_intrinsic,L,acetylcholine,1,844,8624,5176,3448,5211,3706,509,940,4702,2766,495,940,721,551,660,480
13449,pC1x_d,cb_intrinsic,R,acetylcholine,1,806,8866,5308,3558,5352,3733,486,894,4866,2839,463,894,781,544,719,485
11546,v2LN30,cb_intrinsic,L,unclear,0,23,39015,14415,24600,20332,24994,8918,12512,11414,12482,8420,0,1235,591,1147,499
11722,v2LN30,cb_intrinsic,R,unclear,0,21,42264,16461,25803,21470,26314,10626,13724,10844,12590,9952,0,1362,676,1270,581
521581,v2LN36,cb_intrinsic,R,glutamate,-1,834,8702,1974,6728,10771,7691,1490,1298,9281,6393,1365,1298,704,507,656,450
