graph,node_index,body_id,source_sign,pool,in_degree,out_degree,positive_in_degree,negative_in_degree,incoming_absolute_weight,outgoing_absolute_weight
Measured,0,12929,1,0,90,104,74,16,0.999999990221113,1.2203614024911076
Measured,1,13621,1,0,88,103,77,11,1.000000006519258,1.270690756617114
Measured,2,13716,0,0,90,0,78,12,1.0000000367872417,0.0
Measured,3,11569,-1,0,83,133,41,42,0.9999999385327101,2.016646114178002
Measured,4,11601,-1,0,100,153,50,50,0.99999999278225,2.1947502875700593
Measured,5,10378,1,0,204,173,139,65,0.999999986961484,1.786505877156742
Measured,6,10593,1,0,206,176,142,64,1.0000000344589353,1.754929780261591
Measured,7,12371,1,0,71,70,52,19,0.9999999962747097,0.9492937730392441
Measured,8,23204,1,1,79,75,63,16,0.9999999804422259,0.8527086752001196
Measured,9,529602,-1,1,48,78,35,13,0.9999999944120646,0.9908481051679701
Measured,10,14411,-1,1,68,41,29,39,1.0000000083819032,0.5226467218017206
Measured,11,10406,1,1,67,52,27,40,1.0000000270083547,0.6905159379821271
Measured,12,531863,1,1,64,50,24,40,0.9999999729916453,0.5658382093533874
Measured,13,10005,-1,1,74,77,21,53,1.0000000144355,1.4757605628110468
Measured,14,10070,-1,1,78,71,26,52,1.0000000344589353,1.3205048476811498
Measured,15,11787,1,1,75,61,18,57,1.0000000488944352,0.6957385570276529
Measured,16,521650,1,2,87,53,29,58,1.0000000284053385,0.6920874288771302
Measured,17,10031,-1,2,38,30,13,25,1.0000000447034836,0.6321935330051929
Measured,18,10148,-1,2,40,37,12,28,0.9999999683350325,0.7052480166312307
Measured,19,10502,-1,2,34,37,11,23,1.0000000344589353,0.5901535437442362
Measured,20,523317,-1,2,33,32,12,21,0.9999999515712261,0.5635890068951994
Measured,21,10212,-1,2,87,76,33,54,0.9999999571591616,0.91649662819691
Measured,22,10239,-1,2,69,59,23,46,0.9999999408610165,0.828769363462925
Measured,23,10875,-1,2,80,71,32,48,0.9999999809078872,0.8731873105280101
Measured,24,11571,-1,3,71,48,22,49,1.0000000386498868,0.6416676619555801
Measured,25,11445,-1,3,69,46,26,43,0.9999999883584678,0.752273021498695
Measured,26,11764,-1,3,68,45,26,42,1.0000000181607902,0.7136843083426356
Measured,27,10540,-1,3,96,134,49,47,0.9999999860301614,3.3949084759224206
Measured,28,10977,-1,3,87,109,44,43,1.0000000041909516,2.8094840415287763
Measured,29,10224,-1,3,140,141,92,48,0.9999999625142664,2.269329289207235
Measured,30,10241,-1,3,157,174,108,49,1.0000000093132257,2.729664047481492
Measured,31,15118,-1,3,121,63,60,61,0.9999999629799277,0.7527227288810536
Measured,32,16446,-1,4,101,76,46,55,0.9999999566935003,0.948635853244923
Measured,33,10082,-1,4,203,187,110,93,0.9999999958090484,2.1743181673809886
Measured,34,10115,-1,4,179,169,94,85,0.9999999748542905,2.1077104015275836
Measured,35,11376,-1,4,104,105,56,48,1.0000000409781933,0.9061804990051314
Measured,36,531273,-1,4,79,94,41,38,1.0000000102445483,0.9015045145060867
Measured,37,12729,1,4,113,112,54,59,0.9999999981373549,1.139805712737143
Measured,38,519909,1,4,108,110,48,60,0.9999999948777258,1.1566740488633513
Measured,39,13288,1,4,87,90,50,37,0.999999969266355,0.9565626409603283
Measured,40,14884,1,5,69,84,42,27,1.0000000018626451,0.9260780890472233
Measured,41,11439,1,5,79,101,36,43,0.999999956227839,1.1098799561150372
Measured,42,12519,1,5,100,106,49,51,1.000000029336661,1.137277358211577
Measured,43,12125,-1,5,68,129,48,20,1.0000000046566129,1.389714413206093
Measured,44,519862,-1,5,54,103,33,21,1.000000013038516,1.149992550490424
Measured,45,12561,-1,5,116,118,72,44,1.0000000507570803,1.3148646366316825
Measured,46,13305,-1,5,92,88,58,34,0.9999999604187906,0.9268975275335833
Measured,47,524133,-1,5,75,58,43,32,0.9999999897554517,0.7424655824434012
Measured,48,14728,1,6,71,64,41,30,0.9999999501742423,0.6971563911065459
Measured,49,12063,1,6,111,85,57,54,0.9999999599531293,0.8775261683622375
Measured,50,10494,-1,6,156,164,103,53,0.9999999804422259,2.418176297331229
Measured,51,10879,-1,6,193,191,129,64,0.9999999937135726,2.7112592081539333
Measured,52,11654,-1,6,95,113,67,28,0.9999999883584678,0.9979397436836734
Measured,53,11937,-1,6,82,97,57,25,1.0000000149011612,0.9561996043194085
Measured,54,10993,-1,6,99,84,56,43,1.0000000139698386,1.1374502065591514
Measured,55,523672,-1,6,109,85,61,48,1.0000000027939677,1.0852744685253128
Measured,56,10421,-1,7,130,166,83,47,0.9999999962747097,2.571625190321356
Measured,57,10719,-1,7,172,198,106,66,0.9999999839346856,2.7688492776360363
Measured,58,10172,-1,7,143,171,96,47,0.9999999874271452,2.3923054703045636
Measured,59,21568,-1,7,161,184,111,50,0.9999999786959961,2.5539129229728132
Measured,60,12552,-1,7,86,107,48,38,0.9999999646097422,1.1025462405523285
Measured,61,12932,-1,7,62,77,32,30,0.9999999888241291,0.8981835707090795
Measured,62,10404,-1,7,114,123,76,38,0.9999999650754035,2.1929721100023016
Measured,63,520034,-1,7,94,104,63,31,0.9999999613501132,1.8969409235287458
Measured,64,10307,-1,8,105,145,58,47,0.9999999771825969,2.4184929385082796
Measured,65,10614,-1,8,27,30,11,16,0.9999999981373549,0.6918307410087436
Measured,66,11631,-1,8,45,51,25,20,1.0000000167638063,0.9922599766869098
Measured,67,11128,-1,8,74,100,36,38,1.0000000204890966,1.8483673590235412
Measured,68,12547,-1,8,86,130,54,32,1.0000000433064997,1.8422701173694804
Measured,69,11181,-1,8,84,106,48,36,1.0000000321306288,1.6001285649836063
Measured,70,11460,-1,8,105,138,58,47,1.0000000395812094,1.758925330475904
Measured,71,12015,-1,8,45,70,25,20,0.999999969266355,1.2927324870834127
Measured,72,102545,-1,9,29,47,14,15,1.0000000149011612,0.845694484654814
Measured,73,15360,-1,9,51,62,33,18,1.000000011175871,0.7666628321167082
Measured,74,525354,-1,9,39,44,22,17,1.0000000093132257,0.5013752933591604
Measured,75,16752,1,9,87,91,38,49,1.0000000158324838,1.2262751085218042
Measured,76,16624,1,9,38,82,20,18,1.0000000474974513,1.000976335722953
Measured,77,11224,1,9,95,131,52,43,0.9999999878928065,1.398352384683676
Measured,78,388536,1,9,87,126,51,36,1.0000000116415322,1.4043381912633777
Measured,79,13626,1,9,90,117,51,39,1.0000000479631126,1.3106094007380307
Measured,80,532838,1,10,91,112,50,41,0.9999999911524355,1.2098529320210218
Measured,81,12525,1,10,148,151,80,68,0.9999999972060323,1.2797282978426665
Measured,82,513433,1,10,123,118,58,65,1.0000000086147338,1.0140235535800457
Measured,83,14281,1,10,74,69,45,29,0.9999999622814357,0.8452960511203855
Measured,84,14309,1,10,90,74,52,38,1.0000000153668225,0.7317964944522828
Measured,85,511956,1,10,72,62,37,35,0.9999999925494194,0.7133187619037926
Measured,86,514522,1,10,96,84,57,39,0.9999999767169356,0.8179998591076583
Measured,87,15417,1,10,94,97,52,42,0.9999999762512743,0.9442998568993062
Measured,88,18938,1,11,88,96,46,42,0.9999999983701855,0.9295705899130553
Measured,89,13111,1,11,82,71,46,36,0.9999999599531293,0.7303579738363624
Measured,90,10602,-1,11,33,93,9,24,1.0000000037252903,1.4479287543799728
Measured,91,13148,-1,11,34,89,13,21,0.9999999785795808,1.53770349745173
Measured,92,11518,-1,11,61,94,33,28,1.0000000330619514,0.8891557259485126
Measured,93,522857,-1,11,72,111,39,33,1.0000000190921128,0.9737828157376498
Measured,94,11664,-1,11,70,137,29,41,1.000000011175871,1.5234449892304838
Measured,95,11923,-1,11,59,104,30,29,1.000000024214387,1.1401895633898675
Measured,96,10667,1,12,107,95,53,54,1.0000000286381692,0.8608890890609473
Measured,97,12798,1,12,118,109,54,64,0.9999999804422259,0.9374652713304386
Measured,98,10900,-1,12,83,82,48,35,1.000000013038516,1.059682060731575
Measured,99,12645,-1,12,99,116,61,38,1.0000000190921128,1.2735865709837526
Measured,100,10319,-1,12,113,138,80,33,1.0000000046566129,1.8321865829639137
Measured,101,10917,-1,12,120,159,86,34,1.0000000342261046,1.9831197244348004
Measured,102,14640,-1,12,34,69,16,18,1.000000013038516,1.1367798141436651
Measured,103,12731,-1,12,107,84,62,45,0.9999999762512743,0.7644252696773037
Measured,104,532827,-1,13,91,60,55,36,0.9999999585561454,0.6023258180357516
Measured,105,15856,-1,13,44,83,20,24,0.9999999795109034,0.8221995106432587
Measured,106,11018,1,13,83,169,37,46,1.0000000540167093,2.0821960030589253
Measured,107,11727,1,13,105,154,48,57,1.000000011175871,1.9391065700910985
Measured,108,10155,1,13,135,117,84,51,1.0000000253785402,1.3603783114813268
Measured,109,555384,1,13,114,115,66,48,1.0000000079162419,1.374755080556497
Measured,110,10749,1,13,60,75,30,30,1.0000000237487257,1.0047917584888637
Measured,111,533442,1,13,69,94,34,35,1.0000000139698386,1.1967265580315143
Measured,112,529378,1,14,72,90,42,30,0.9999999976716936,0.9692079994129017
Measured,113,11499,1,14,82,99,39,43,0.999999962747097,1.2252714857459068
Measured,114,12789,1,14,107,107,55,52,1.000000033993274,1.146185313235037
Measured,115,11792,1,14,86,87,32,54,1.0000000316649675,1.2043211343698204
Measured,116,12363,1,14,97,96,42,55,1.0000000291038305,1.2209920051973313
Measured,117,12120,1,14,91,52,30,61,1.00000003981404,0.5346583102364093
Measured,118,12326,1,14,107,59,44,63,1.0000000102445483,0.6013472529593855
Measured,119,12751,1,14,93,60,32,61,0.9999999664723873,0.6227196655236185
Measured,120,13782,1,15,50,36,20,30,1.0000000316649675,0.5327609840314835
Measured,121,16095,1,15,25,38,7,18,0.9999999618157744,0.7883051303215325
Measured,122,16248,1,15,21,36,8,13,0.9999999813735485,0.6800546534359455
Measured,123,13108,1,15,63,67,32,31,0.9999999925494194,0.6313589160563424
Measured,124,533064,1,15,60,47,30,30,0.9999999972060323,0.5204978650435805
Measured,125,13150,1,15,35,59,12,23,1.000000017695129,1.1415040388237685
Measured,126,519345,1,15,22,38,5,17,1.0000000149011612,0.8850204639602453
Measured,127,522194,1,15,28,42,9,19,0.999999993480742,0.9572024024091661
Measured,128,10780,1,16,89,77,44,45,0.9999999739229679,0.729587031644769
Measured,129,12041,1,16,106,90,52,54,1.0000000246800482,0.7959167947992682
Measured,130,10934,1,16,100,96,51,49,0.9999999641440809,0.9858046445297077
Measured,131,12573,1,16,100,118,48,52,0.9999999864958227,1.0996123696677387
Measured,132,511960,1,16,50,73,21,29,0.9999999715946615,1.0358077909331769
Measured,133,13747,1,16,27,42,9,18,0.9999999944120646,0.7889451700029895
Measured,134,15536,1,16,30,42,13,17,0.9999999776482582,0.726516175433062
Measured,135,533065,1,16,18,21,4,14,0.9999999888241291,0.5420649582520127
Measured,136,13953,1,17,94,129,47,47,0.9999999739229679,1.4318060205550864
Measured,137,14723,1,17,76,87,30,46,0.9999999944120646,0.8889048328856006
Measured,138,12289,1,17,122,113,70,52,0.999999990221113,1.3431774522177875
Measured,139,13521,1,17,95,93,54,41,0.9999999655410647,1.2239956932608038
Measured,140,10659,1,17,155,147,82,73,1.0000000165309757,1.5138064969796687
Measured,141,519531,1,17,118,149,58,60,1.0000000155996531,1.579329133965075
Measured,142,13300,1,17,113,68,60,53,1.000000020954758,0.7641372738871723
Measured,143,520590,1,17,104,72,55,49,0.9999999734573066,0.7488458588486537
Measured,144,10519,1,18,118,60,62,56,0.9999999951105565,0.6229777312837541
Measured,145,11148,1,18,90,57,49,41,0.9999999930150807,0.6336680356180295
Measured,146,12515,1,18,100,102,47,53,1.0000000225845724,1.0016268098261207
Measured,147,13200,1,18,109,102,58,51,0.9999999788124114,1.0514879934489727
Measured,148,11240,1,18,61,75,32,29,0.9999999995343387,1.2541514006443322
Measured,149,12018,1,18,71,107,38,33,1.0000000251457095,1.3910419184248894
Measured,150,14551,1,18,79,108,44,35,1.0000000149011612,1.2703269515186548
Measured,151,533480,1,18,52,82,27,25,1.0000000055879354,1.109981146408245
Measured,152,15697,1,19,105,113,60,45,0.999999966006726,1.0754642384126782
Measured,153,10098,1,19,103,100,59,44,0.9999999820720404,1.1397049995139241
Measured,154,31440,1,19,127,108,62,65,1.0000000190921128,1.0254185878438875
Measured,155,22607,-1,19,89,90,47,42,0.9999999939464033,1.082006329903379
Measured,156,523842,-1,19,79,75,42,37,1.0000000102445483,1.0470804790966213
Measured,157,12153,-1,19,50,103,32,18,1.0000000223517418,1.030566753121093
Measured,158,36607,-1,19,39,83,24,15,1.0000000074505806,0.8459004368633032
Measured,159,13774,-1,19,98,76,62,36,1.0000000335276127,0.7019323100103065
Measured,160,10898,0,20,122,0,73,49,0.9999999664723873,0.0
Measured,161,529811,0,20,102,0,54,48,0.9999999897554517,0.0
Measured,162,519296,1,20,138,106,82,56,1.0000000279396772,1.324293506797403
Measured,163,521687,1,20,117,121,62,55,0.9999999795109034,1.4432198421563953
Measured,164,10874,-1,20,109,93,64,45,0.9999999972060323,1.104252352612093
Measured,165,12161,-1,20,131,118,81,50,1.0000000144355,1.1140492768026888
Measured,166,11630,1,20,121,112,55,66,1.000000019557774,1.0864581243367866
Measured,167,30511,1,20,92,91,35,57,1.000000013038516,0.9671416012570262
Measured,168,11697,1,21,59,79,25,34,1.0000000181607902,0.8468922937754542
Measured,169,12870,1,21,91,111,49,42,0.999999966705218,0.9918228563619778
Measured,170,10348,1,21,108,126,46,62,0.9999999718274921,1.7718276559608057
Measured,171,11250,1,21,122,127,56,66,0.9999999832361937,1.5956484159687534
Measured,172,11101,1,21,73,139,27,46,0.9999999804422259,1.3461754566524178
Measured,173,11462,1,21,91,129,42,49,1.0000000316649675,1.2113109241472557
Measured,174,374042364,1,21,84,84,45,39,1.0000000302679837,0.8425791825866327
Measured,175,13835,1,21,101,109,55,46,0.999999949708581,0.9097164719132707
Measured,176,14186,1,22,78,93,39,39,1.0000000139698386,0.8703416725620627
Measured,177,13329,1,22,74,78,30,44,0.9999999674037099,0.7580675855278969
Measured,178,523860,1,22,73,77,25,48,1.0000000451691449,0.7969371369108558
Measured,179,13924,1,22,106,127,57,49,0.9999999892897904,1.342025025980547
Measured,180,525350,1,22,100,127,53,47,1.0000000158324838,1.4359458412509412
Measured,181,10828,-1,22,102,108,59,43,1.0000000465661287,1.4203866312745959
Measured,182,10943,-1,22,128,119,73,55,1.0000000037252903,1.3703082439024001
Measured,183,10847,0,22,161,0,104,57,0.9999999809078872,0.0
Measured,184,522410,0,23,124,0,77,47,1.0000000472646207,0.0
Measured,185,12283,-1,23,63,99,33,30,0.9999999962747097,1.3685836615040898
Measured,186,12396,-1,23,82,126,39,43,1.0000000325962901,1.6027936897007748
Measured,187,12856,1,23,115,116,72,43,0.9999999965075403,1.2484729487914592
Measured,188,12878,1,23,87,94,44,43,1.0000000321306288,1.1305241503287107
Measured,189,10375,-1,23,86,108,58,28,0.9999999781139195,1.2862294395454228
Measured,190,11549,-1,23,72,87,45,27,1.0000000395812094,1.0720783676952124
Measured,191,12423,-1,23,111,129,76,35,0.9999999811407179,1.7329282786231488
Measured,192,12488,-1,24,79,100,52,27,0.9999999664723873,1.5149066373705864
Measured,193,12276,-1,24,52,91,34,18,1.0000000190921128,1.3367890608496964
Measured,194,13080,-1,24,64,108,43,21,0.9999999683350325,1.4811653166543692
Measured,195,10353,0,24,162,0,110,52,1.0000000315485522,0.0
Measured,196,523512,0,24,132,0,89,43,1.0000000020954758,0.0
Measured,197,11580,-1,24,68,119,31,37,0.9999999636784196,1.8281401589047164
Measured,198,12205,-1,24,104,153,52,52,1.0000000279396772,2.0883451242698357
Measured,199,10925,-1,24,60,95,25,35,1.0000000149011612,1.4626776897348464
Measured,200,11091,-1,25,53,75,19,34,1.0000000055879354,1.1132577264215797
Measured,201,10708,-1,25,32,64,13,19,0.9999999534338713,1.3302550284424797
Measured,202,10902,-1,25,59,100,31,28,0.9999999832361937,1.7802719293395057
Measured,203,49693,-1,25,14,41,6,8,1.000000024214387,0.84056239167694
Measured,204,512903,-1,25,31,59,12,19,1.000000017695129,1.079547194764018
Measured,205,11115,1,25,135,109,71,64,0.9999999813735485,1.212879920960404
Measured,206,12390,1,25,126,99,61,65,1.0000000330619514,1.1073417086154222
Measured,207,12676,1,25,105,90,55,50,1.0000000270083547,1.1718935421667993
Measured,208,13576,1,26,119,85,62,57,1.0000000181607902,1.0618694499135017
Measured,209,13400,1,26,89,102,43,46,1.0000000414438546,1.0692730838200077
Measured,210,10792,1,26,94,99,47,47,1.0000000288709998,0.9906216602539644
Measured,211,13085,1,26,108,105,57,51,0.9999999906867743,1.1159785465570167
Measured,212,10325,1,26,147,118,67,80,1.00000006146729,1.206595509313047
Measured,213,11349,1,26,118,120,46,72,0.9999999743886292,1.245222087483853
Measured,214,12769,1,26,127,99,61,66,1.000000002561137,0.9251364523079246
Measured,215,12615,1,26,83,124,33,50,0.9999999823048711,1.1165340791922063
Measured,216,12148,1,27,83,118,45,38,0.9999999757856131,1.2803601515479386
Measured,217,15288,1,27,100,122,55,45,0.9999999613501132,1.286373163573444
Measured,218,12930,1,27,91,113,35,56,0.9999999762512743,1.221103651681915
Measured,219,14900,1,27,107,113,48,59,0.9999999734573066,1.2027828411664814
Measured,220,15298,1,27,88,108,35,53,1.000000016298145,1.1946848575025797
Measured,221,11648,-1,27,111,69,65,46,1.000000019557774,1.052522243000567
Measured,222,11776,-1,27,98,62,55,43,1.000000022817403,0.8876033560372889
Measured,223,12020,1,27,94,115,47,47,0.999999996740371,1.3672113695647568
Measured,224,12444,1,28,112,107,66,46,1.0000000081490725,1.2505560498684645
Measured,225,11237,0,28,55,0,21,34,0.9999999748542905,0.0
Measured,226,11317,0,28,49,0,20,29,1.0000000484287739,0.0
Measured,227,15896,1,28,102,126,59,43,1.000000016298145,1.2412799117155373
Measured,228,10094,-1,28,53,79,29,24,1.0000000321306288,1.1084803324192762
Measured,229,10646,-1,28,74,106,41,33,1.0000000088475645,1.3819092033663765
Measured,230,11125,0,28,110,0,63,47,0.9999999694991857,0.0
Measured,231,520188,0,28,131,0,83,48,0.9999999790452421,0.0
Measured,232,11110,-1,29,32,40,11,21,1.0000000493600965,0.8174661984667182
Measured,233,10588,-1,29,132,90,66,66,0.9999999925494194,1.0737392210867256
Measured,234,525452,-1,29,127,100,64,63,0.9999999855645001,1.1760768704116344
Measured,235,10988,-1,29,61,80,24,37,1.0000000144355,0.8347966009750962
Measured,236,521783,-1,29,67,86,25,42,1.000000058207661,0.8427713977871463
Measured,237,11854,1,29,114,106,51,63,0.9999999678693712,0.9906651600031182
Measured,238,520020,1,29,100,100,39,61,0.9999999473802745,0.9199389764107764
Measured,239,12857,1,29,47,66,17,30,0.9999999636784196,0.8684971336042508
Measured,240,521490,1,30,45,70,16,29,1.000000026077032,0.9964030890259892
Measured,241,13385,1,30,101,109,56,45,0.9999999953433871,1.2285373494960368
Measured,242,12903,1,30,51,55,22,29,1.0000000400468707,0.6285399908665568
Measured,243,11331,1,30,47,73,18,29,1.0000000223517418,1.040425019338727
Measured,244,13162,1,30,60,84,27,33,1.0000000107102096,1.1227127711754292
Measured,245,10035,-1,30,132,180,82,50,1.0000000088475645,2.5279052327387035
Measured,246,10299,-1,30,118,171,69,49,1.0000000381842256,2.267572189681232
Measured,247,10748,-1,30,4,8,1,3,1.0,0.29005924332886934
Measured,248,12747,-1,31,29,39,12,17,1.0000000428408384,0.6190314018167555
Measured,249,533751,-1,31,27,31,9,18,1.000000011175871,0.5622955625876784
Measured,250,52029,1,31,92,121,48,44,0.9999999590218067,1.3371886920649558
Measured,251,10252,-1,31,95,95,56,39,1.0000000232830644,1.078939131111838
Measured,252,28160,-1,31,99,104,59,40,1.0000000004656613,1.244269024580717
Measured,253,11407,-1,31,92,91,66,26,1.0000000251457095,0.8382424662122503
Measured,254,524881,-1,31,82,86,52,30,1.0000000265426934,0.8837033873423934
Measured,255,13757,-1,31,82,36,53,29,1.0000000442378223,0.4525350157637149
Measured,256,521360,-1,32,73,35,44,29,1.000000050291419,0.4268938989844173
Measured,257,11679,-1,32,79,74,47,32,1.0000000046566129,0.7222207721788436
Measured,258,512842,-1,32,80,78,45,35,1.0000000041909516,0.813545955112204
Measured,259,10412,-1,32,73,70,42,31,0.9999999441206455,0.7163475989364088
Measured,260,13515,-1,32,100,87,56,44,0.9999999608844519,0.7020565352868289
Measured,261,11022,1,32,72,61,30,42,1.0000000158324838,1.6686923271045089
Measured,262,24597,1,32,80,58,27,53,1.0000000139698386,1.451691128546372
Measured,263,10604,-1,32,62,72,35,27,0.9999999525025487,0.7400137020740658
Measured,264,531768,-1,33,94,83,54,40,0.9999999986030161,0.8388453278457746
Measured,265,12685,-1,33,23,52,7,16,1.000000011175871,0.575082449009642
Measured,266,11675,1,33,148,133,84,64,1.0000000451691449,1.4846837320365012
Measured,267,523385,1,33,121,111,67,54,1.0000000041909516,1.3471112849656492
Measured,268,10698,1,33,73,53,42,31,1.0000000009313226,0.5522383872885257
Measured,269,11308,1,33,92,74,49,43,0.9999999739229679,0.6824848934775218
Measured,270,12137,1,33,107,115,59,48,1.000000024214387,1.4374667993979529
Measured,271,13302,1,33,115,129,70,45,0.9999999990686774,1.5846942856442183
Measured,272,10681,1,34,88,101,39,49,0.999999943189323,1.1670940603362396
Measured,273,12208,1,34,70,94,29,41,0.9999999729916453,1.1125305336900055
Measured,274,11543,1,34,76,65,41,35,1.0000000079162419,0.7885823460528627
Measured,275,12081,1,34,73,69,42,31,1.0000000214204192,0.8174805657472461
Measured,276,10998,1,34,81,34,43,38,1.0000000251457095,0.5368755448143929
Measured,277,11311,-1,34,90,83,41,49,1.0000000018626451,0.8466921114595607
Measured,278,521126,-1,34,83,75,46,37,0.9999999790452421,0.8277340808417648
Measured,279,12984,1,34,95,86,34,61,0.9999999678693712,0.8480588559759781
Measured,280,512673,1,35,79,77,28,51,0.9999999804422259,0.7960337980184704
Measured,281,10393,1,35,107,92,48,59,1.0000000183936208,0.872946442803368
Measured,282,11705,1,35,87,85,37,50,1.000000017695129,0.7949817843036726
Measured,283,10778,1,35,121,104,67,54,0.9999999962747097,1.0184619773644954
Measured,284,11108,1,35,117,93,56,61,0.9999999897554517,0.7986174048855901
Measured,285,12963,-1,35,18,35,9,9,0.999999986961484,0.4044586861273274
Measured,286,12832,1,35,125,101,64,61,1.000000013038516,1.5569931592326611
Measured,287,529023,1,35,113,137,57,56,1.000000016298145,1.8832076779799536
Measured,288,10487,1,36,107,32,34,73,1.0000000419095159,0.42181887524202466
Measured,289,10987,1,36,110,33,39,71,1.0000000074505806,0.4922986689489335
Measured,290,11268,1,36,120,112,77,43,0.9999999813735485,0.9771417092997581
Measured,291,11353,1,36,128,116,83,45,0.9999999662395567,0.9240392558276653
Measured,292,556064,1,36,29,37,13,16,0.9999999525025487,0.5707802241668105
Measured,293,558801,1,36,39,29,16,23,0.9999999599531293,0.5410651862621307
Measured,294,10186,1,36,93,103,47,46,1.000000016298145,1.0434146956540644
Measured,295,10883,1,36,101,107,51,50,0.9999999748542905,1.0240685425233096
Measured,296,10184,-1,37,125,179,77,48,0.999999986961484,2.1513212486170232
Measured,297,10323,-1,37,112,158,69,43,0.9999999981373549,1.9450588639592752
Measured,298,10368,1,37,107,138,48,59,0.9999999688006938,1.8826195518486202
Measured,299,114715,1,37,92,144,37,55,0.9999999850988388,1.7740544849075377
Measured,300,10285,1,37,115,116,43,72,0.99999995296821,1.639437579200603
Measured,301,519132,1,37,110,112,48,62,1.0000000190921128,1.6665754872374237
Measured,302,16473,-1,37,78,82,37,41,1.000000054948032,1.04725810745731
Measured,303,522715,-1,37,85,95,37,48,0.9999999753199518,1.0475780223496258
Measured,304,14133,-1,38,88,97,39,49,0.9999999571591616,1.290021623717621
Measured,305,512662,-1,38,84,108,38,46,1.0000000270083547,1.5392342361155897
Measured,306,10635,-1,38,92,105,43,49,0.999999972525984,1.0934963807230815
Measured,307,10916,-1,38,115,124,54,61,1.0000000002328306,1.3075302250217646
Measured,308,13870,-1,38,95,124,39,56,1.0000000279396772,1.650689803995192
Measured,309,532568,-1,38,90,123,36,54,0.9999999832361937,1.6288241774309427
Measured,310,11192,-1,38,102,112,45,57,1.0000000381842256,1.5057931495830417
Measured,311,533590,-1,38,107,120,44,63,0.9999999655410647,1.6091029583476484
Measured,312,11634,-1,39,102,91,41,61,0.9999999599531293,1.1549487907905132
Measured,313,534301,-1,39,70,80,29,41,0.9999999892897904,1.1545167660806328
Measured,314,12761,-1,39,73,97,29,44,0.9999999604187906,1.5340204108506441
Measured,315,520393,-1,39,71,94,27,44,0.9999999762512743,1.3757269966881722
Measured,316,10669,-1,39,77,91,38,39,0.9999999874271452,1.2338485091459006
Measured,317,520337,-1,39,85,94,38,47,0.9999999608844519,1.3231052560731769
Measured,318,10521,-1,39,68,62,27,41,0.9999999925494194,0.8183919445145875
Measured,319,11423,-1,39,86,88,39,47,1.0000000121071935,0.9631162153091282
Measured,320,11945,-1,40,78,93,36,42,0.9999999981373549,1.0862276330590248
Measured,321,11318,-1,40,73,93,35,38,1.0000000037252903,1.4088953058235347
Measured,322,11607,-1,40,66,92,31,35,1.0000000321306288,1.29694840637967
Measured,323,11227,0,40,148,0,101,47,0.9999999944120646,0.0
Measured,324,14212,0,40,146,0,99,47,0.9999999520368874,0.0
Measured,325,14530,1,40,55,69,44,11,0.9999999753199518,0.6140545606613159
Measured,326,11135,1,40,71,79,52,19,0.9999999962747097,0.8099209528882056
Measured,327,519850,1,40,70,83,49,21,0.9999999864958227,0.8560488605871797
Measured,328,10470,1,41,72,77,50,22,1.0000000330619514,0.9311820960137993
Measured,329,10569,1,41,67,80,47,20,1.000000026077032,0.912469936767593
Measured,330,17484,1,41,58,80,40,18,1.0000000521540642,0.7615897329524159
Measured,331,12160,1,41,60,80,41,19,1.0000000251457095,0.9146138955838978
Measured,332,10359,1,41,55,67,39,16,0.9999999678693712,0.6736266186926514
Measured,333,12782,1,41,60,76,42,18,0.999999956227839,0.7449939816724509
Measured,334,520003,1,41,65,78,47,18,1.000000022817403,0.757914851536043
Measured,335,10767,1,41,68,76,48,20,1.0000000298023224,0.8984897378832102
Measured,336,525105,1,42,73,93,51,22,1.0000000051222742,1.0136389110703021
Measured,337,10176,1,42,81,96,56,25,1.0000000251457095,1.2671107704518363
Measured,338,10208,1,42,85,100,55,30,1.0000000311993062,1.3974497290328145
Measured,339,11080,1,42,73,82,48,25,1.0000000325962901,0.8432402149774134
Measured,340,11092,1,42,72,87,47,25,0.9999999939464033,0.9138760067289695
Measured,341,12171,1,42,64,76,44,20,1.0000000442378223,0.8966526405420154
Measured,342,520466,1,42,66,85,44,22,1.0000000237487257,0.9384762910194695
Measured,343,10111,1,42,67,72,44,23,0.9999999608844519,0.76114297285676
Measured,344,11469,1,43,66,75,45,21,0.9999999729916453,0.760835082619451
Measured,345,10613,1,43,78,97,53,25,1.0000000321306288,1.2230319310911
Measured,346,10670,1,43,73,94,50,23,0.9999999739229679,1.130789342802018
Measured,347,10423,1,43,76,88,47,29,1.000000037951395,1.0825587024446577
Measured,348,10524,1,43,71,83,45,26,0.9999999825377017,0.9548082274850458
Measured,349,10084,1,43,91,102,60,31,1.0000000344589353,1.521976914955303
Measured,350,10126,1,43,87,101,54,33,1.0000000060535967,1.3653334281407297
Measured,351,11734,0,43,33,0,9,24,0.9999999906867743,0.0
Measured,352,12569,0,44,32,0,10,22,1.0000000149011612,0.0
Measured,353,15616,1,44,20,27,11,9,1.0000000298023224,1.047037289943546
Measured,354,512513,1,44,21,28,11,10,0.9999999599531293,1.0281926891766489
Measured,355,512928,1,44,21,24,9,12,1.0000000121071935,0.8588969088159502
Measured,356,513284,1,44,20,25,10,10,1.0000000521540642,0.930948291439563
Measured,357,515675,1,44,21,27,10,11,0.9999999580904841,0.9553101104684174
Measured,358,519140,1,44,19,24,9,10,1.0000000465661287,0.9546640263870358
Measured,359,13434,-1,44,17,20,10,7,1.0000000037252903,0.6837415196932852
Measured,360,10324,1,45,31,28,11,20,1.000000006519258,0.8787807687185705
Measured,361,11433,1,45,32,30,14,18,0.9999999981373549,0.8599818823859096
Measured,362,11886,1,45,30,28,16,14,1.0000000037252903,0.8622810132801533
Measured,363,12656,1,45,31,27,12,19,1.000000024214387,0.8616377143189311
Measured,364,12706,0,45,57,0,21,36,1.0000000256113708,0.0
Measured,365,520468,0,45,60,0,20,40,0.9999999990686774,0.0
Measured,366,10969,-1,45,39,43,21,18,1.000000040512532,1.0075724974740297
Measured,367,520817,-1,45,38,32,18,20,1.0000000158324838,0.7387410735245794
Measured,368,10624,-1,46,26,41,14,12,1.0000000074505806,1.1350421004462987
Measured,369,11326,-1,46,30,41,19,11,0.9999999850988388,1.3421500441618264
Measured,370,22884,-1,46,28,45,17,11,1.0000000093132257,1.2610009529162198
Measured,371,23281,-1,46,30,53,18,12,1.000000037252903,1.344896069029346
Measured,372,10099,-1,46,58,63,21,37,1.0000000125728548,1.309378904523328
Measured,373,12506,-1,46,80,81,29,51,0.9999999976716936,1.523079093778506
Measured,374,12106,1,46,39,20,21,18,1.0000000158324838,0.4006948871538043
Measured,375,13058,1,46,32,18,16,16,0.9999999962747097,0.35909279342740774
Measured,376,521584,0,47,80,0,37,43,0.9999999683350325,0.0
Measured,377,533103,0,47,74,0,38,36,0.9999999743886292,0.0
Measured,378,12083,-1,47,39,20,8,31,1.0000000139698386,0.32429529912769794
Measured,379,12802,-1,47,85,21,42,43,0.9999999906867743,0.4927589278668165
Measured,380,15325,-1,47,56,54,17,39,1.0000000447034836,0.8271186053752899
Measured,381,26287,-1,47,60,55,15,45,0.9999999855645001,0.9331224311608821
Measured,382,26665,-1,47,43,36,21,22,0.9999999748542905,0.3183680260553956
Measured,383,12333,0,47,49,0,24,25,1.0000000055879354,0.0
Measured,384,15888,0,48,57,0,25,32,0.9999999878928065,0.0
Measured,385,43756,0,48,55,0,22,33,1.000000027474016,0.0
Measured,386,44903,0,48,51,0,22,29,0.9999999981373549,0.0
Measured,387,23846,-1,48,48,24,20,28,1.000000037252903,0.46428845333866775
Measured,388,520338,-1,48,42,23,15,27,0.999999993480742,0.36025889590382576
Measured,389,14420,-1,48,31,16,9,22,1.0000000204890966,0.256403042236343
Measured,390,133601,-1,48,31,26,7,24,0.999999986961484,0.3307140425313264
Measured,391,13559,0,48,90,0,46,44,0.9999999981373549,0.0
Measured,392,14434,0,49,68,0,36,32,1.0000000223517418,0.0
Measured,393,23601,0,49,65,0,33,32,1.0000000419095159,0.0
Measured,394,517548,0,49,71,0,37,34,1.0000000256113708,0.0
Measured,395,10744,-1,49,43,21,15,28,0.9999999655410647,0.284039244055748
Measured,396,12221,-1,49,60,33,22,38,1.0000000167638063,0.37652454478666186
Measured,397,13142,-1,49,54,25,20,34,1.0000000316649675,0.31227277335710824
Measured,398,520435,-1,49,72,41,28,44,1.0000000158324838,0.4225967244710773
Measured,399,13033,1,49,59,28,19,40,1.000000003259629,0.8355733552016318
Measured,400,13101,1,50,70,23,25,45,1.000000063329935,0.649204692337662
Measured,401,14677,-1,50,29,23,10,19,0.9999999739229679,0.34600871661677957
Measured,402,10453,-1,50,12,29,5,7,0.9999999813735485,1.0974011360667646
Measured,403,12248,-1,50,15,29,6,9,0.9999999701976776,1.056685984134674
Measured,404,523578,-1,50,13,30,5,8,0.9999999888241291,1.0836276598274708
Measured,405,529129,-1,50,14,28,5,9,0.9999999720603228,1.0758513377513736
Measured,406,10514,-1,50,16,25,8,8,1.0000000279396772,1.1054906812496483
Measured,407,533946,-1,50,16,34,9,7,0.9999999962747097,1.0989770942833275
Measured,408,10553,-1,51,14,12,6,8,1.0,0.7317619598470628
Measured,409,10205,-1,51,32,63,15,17,0.999999962747097,0.9233581814914942
Measured,410,10935,-1,51,63,61,36,27,0.9999999953433871,0.8565231433603913
Measured,411,19306,-1,51,71,59,38,33,1.0000000186264515,0.8745634185615927
Measured,412,10864,1,51,14,13,5,9,0.9999999925494194,1.0885374280624092
Measured,413,555296,1,51,12,15,5,7,1.000000011175871,1.355955942417495
Measured,414,555270,-1,51,12,6,6,6,1.0000000037252903,0.4352544769644737
Measured,415,513992,1,51,7,6,1,6,1.0000000670552254,0.5115469321608543
Measured,416,27203,1,52,8,12,4,4,1.0,0.7556840386241674
Measured,417,521222,1,52,36,55,27,9,0.9999999850988388,1.2509665720863268
Measured,418,13460,-1,52,11,8,6,5,1.0000000223517418,0.7088462822139263
Measured,419,11896,-1,52,12,18,4,8,1.0000000167638063,0.7860593635123223
Measured,420,12900,-1,52,15,17,8,7,1.000000026077032,0.7929067686200142
Measured,421,11710,-1,52,15,8,6,9,1.000000026077032,0.6718914564698935
Measured,422,12319,-1,52,10,9,6,4,0.9999999981373549,0.39120610151439905
Measured,423,10202,-1,52,100,147,61,39,0.999999956227839,1.5490913380635902
Measured,424,162461,-1,53,69,149,48,21,0.9999999850988388,1.6834424197440967
Measured,425,10103,1,53,66,86,32,34,0.9999999525025487,1.2885686759836972
Measured,426,519567,1,53,55,100,26,29,0.9999999729916453,1.3325464217923582
Measured,427,10510,1,53,75,144,36,39,0.9999999650754035,1.960860616993159
Measured,428,10617,1,53,72,140,34,38,0.9999999785795808,2.0561030404642224
Measured,429,11231,-1,53,27,44,12,15,0.9999999590218067,0.8295002339873463
Measured,430,520816,-1,53,44,67,30,14,0.9999999804422259,1.6716459025628865
Measured,431,10695,-1,53,47,94,21,26,1.0,1.6294605603907257
Measured,432,32461,1,54,11,12,5,6,0.9999999422580004,0.972216815687716
Measured,433,26344,-1,54,46,71,24,22,0.9999999888241291,0.7398475066293031
Measured,434,10949,-1,54,46,78,22,24,1.0000000167638063,1.1217132468009368
Measured,435,17140,-1,54,64,35,30,34,1.0000000027939677,0.37916199560277164
Measured,436,10420,1,54,80,133,35,45,0.9999999813735485,2.0490161012858152
Measured,437,10638,1,54,79,131,37,42,0.9999999776482582,1.6647333523724228
Measured,438,10166,-1,54,21,24,14,7,0.9999999832361937,0.30366022838279605
Measured,439,26862,-1,54,27,11,15,12,0.9999999962747097,0.10594731662422419
Measured,440,12455,-1,55,17,22,11,6,1.0000000018626451,0.3290826412849128
Measured,441,525408,-1,55,31,25,15,16,0.9999999385327101,0.32811533519998193
Measured,442,513831,-1,55,14,14,9,5,0.9999999832361937,0.20566191198304296
Measured,443,522335,-1,55,20,18,14,6,0.9999999757856131,0.29023767774924636
Measured,444,11208,1,55,46,32,17,29,1.0000000279396772,0.9812159819994122
Measured,445,521028,1,55,42,30,11,31,0.9999999701976776,1.0370462366845459
Measured,446,10887,-1,55,71,66,25,46,1.0000000037252903,0.5556993512436748
Measured,447,12395,-1,55,71,61,35,36,1.0000000330619514,0.5521357036195695
Measured,448,12724,1,56,52,54,29,23,0.9999999874271452,0.7358381289523095
Measured,449,519724,1,56,63,65,30,33,0.9999999739229679,1.0004397097509354
Measured,450,519461,1,56,58,50,22,36,0.9999999781139195,0.8413198390044272
Measured,451,529641,1,56,57,55,23,34,1.0000000074505806,0.8489057023543864
Measured,452,200284,-1,56,71,87,27,44,0.9999999878928065,1.4418043619953096
Measured,453,519925,-1,56,83,91,27,56,1.000000019557774,1.3711542135570198
Measured,454,10725,-1,56,3,14,0,3,1.0000000149011612,0.6784318787977099
Measured,455,531732,-1,56,6,16,0,6,1.0000000149011612,0.8236753861419857
Measured,456,12910,-1,57,41,43,20,21,1.0000000353902578,0.8670422276481986
Measured,457,14192,-1,57,40,58,22,18,0.9999999734573066,1.150752610526979
Measured,458,11490,-1,57,52,51,22,30,0.9999999878928065,0.8363897448871285
Measured,459,521527,-1,57,54,56,23,31,1.0000000037252903,0.823610256658867
Measured,460,33289,-1,57,51,36,21,30,1.0000000391155481,0.4860997055657208
Measured,461,11750,-1,57,54,38,22,32,0.9999999674037099,0.4947976325638592
Measured,462,11795,-1,57,58,35,22,36,0.9999999878928065,0.47819654108025134
Measured,463,521529,-1,57,49,34,19,30,0.9999999972060323,0.4180400646291673
Measured,464,13450,-1,58,84,122,42,42,1.0000000074505806,1.586538796313107
Measured,465,13724,-1,58,76,113,37,39,1.000000003259629,1.5208838691469282
Measured,466,11351,-1,58,60,47,25,35,1.0000000223517418,0.8029548844788224
Measured,467,11457,-1,58,65,61,27,38,1.0000000237487257,0.7927620288683102
Measured,468,555727,1,58,57,69,25,32,1.0000000186264515,0.8268851183820516
Measured,469,12206,-1,58,56,68,24,32,1.0000000391155481,1.1013331897556782
Measured,470,523716,-1,58,55,62,24,31,1.0000000009313226,1.112611231394112
Measured,471,13182,-1,58,65,57,32,33,0.9999999818392098,0.9760076031088829
Measured,472,525959,-1,59,74,74,37,37,1.0000000046566129,1.0541330128908157
Measured,473,16642,-1,59,42,36,20,22,1.0000000232830644,0.7078160727396607
Measured,474,11199,0,59,99,0,44,55,0.9999999697320163,0.0
Measured,475,532909,0,59,116,0,46,70,0.9999999925494194,0.0
Measured,476,10517,-1,59,53,66,24,29,0.9999999897554517,1.1314019807614386
Measured,477,519944,-1,59,65,61,29,36,0.9999999557621777,1.0388610432855785
Measured,478,10546,-1,59,60,49,24,36,0.9999999888241291,0.7039478924125433
Measured,479,10606,-1,59,67,56,29,38,1.000000043772161,0.7179972635349259
Measured,480,17113,1,60,66,118,30,36,0.9999999441206455,1.6976775617804378
Measured,481,523715,1,60,68,109,31,37,1.0000000214204192,1.4976725371088833
Measured,482,520613,-1,60,123,55,50,73,1.0000000263098627,0.6577701123896986
Measured,483,12107,1,60,85,94,38,47,0.9999999441206455,1.3814569162204862
Measured,484,10018,-1,60,15,19,4,11,1.0000000074505806,0.9858721997588873
Measured,485,10290,-1,60,9,22,1,8,0.9999999590218067,1.0742501351051033
Measured,486,532906,1,60,48,43,11,37,0.9999999618157744,0.6009503342211246
Measured,487,12298,-1,60,29,49,13,16,1.000000017695129,1.1044766972772777
Measured,488,12327,-1,61,25,44,13,12,0.9999999776482582,0.8726545381359756
Measured,489,10830,1,61,91,102,37,54,1.0000000325962901,1.308522007195279
Measured,490,13877,1,61,75,90,32,43,1.000000013038516,1.208300681086257
Measured,491,12943,1,61,39,75,18,21,0.9999999571591616,1.4803585461340845
Measured,492,11186,1,61,48,45,18,30,1.000000026077032,0.46221216884441674
Measured,493,12408,1,61,86,44,40,46,1.0000000088475645,0.5526515648234636
Measured,494,12183,-1,61,39,30,19,20,0.9999999739229679,0.4392549991607666
Measured,495,522706,-1,61,41,28,15,26,1.0000000204890966,0.547695959219709
Measured,496,11516,-1,62,35,14,17,18,0.9999999832361937,0.10839782445691526
Measured,497,12359,-1,62,27,4,11,16,1.0000000083819032,0.03407168062403798
Measured,498,13556,-1,62,67,47,41,26,0.9999999655410647,0.6881737093208358
Measured,499,10147,-1,62,134,129,80,54,0.9999999701976776,1.3586375056765974
Measured,500,10297,-1,62,174,176,104,70,0.999999959138222,1.6281381864100695
Measured,501,14066,-1,62,50,45,36,14,0.9999999701976776,0.4894993811612949
Measured,502,13664,1,62,65,53,42,23,0.9999999827705324,0.7592693781480193
Measured,503,15295,-1,62,27,27,12,15,1.000000019557774,0.4014246070291847
Measured,504,16422,-1,63,36,38,24,12,1.0000000447034836,0.40322806767653674
Measured,505,12162,-1,63,53,59,30,23,1.0000000125728548,0.9008204651763663
Measured,506,13153,-1,63,60,68,34,26,1.000000017695129,1.0892503205686808
Measured,507,11042,-1,63,80,70,32,48,1.0000000428408384,1.127159709809348
Measured,508,11682,-1,63,94,87,35,59,0.9999999850988388,1.2399246921995655
Measured,509,12003,-1,63,86,81,38,48,1.0000000121071935,1.2024627174250782
Measured,510,10678,1,63,70,50,30,40,1.0000000167638063,0.8828136585652828
Measured,511,11691,1,63,56,66,25,31,1.0000000325962901,1.0622704091947526
Measured,512,11341,-1,64,82,76,52,30,1.0000000055879354,0.9770289115840569
Measured,513,519692,-1,64,71,68,48,23,1.0,0.7612614869140089
Measured,514,11030,-1,64,126,141,74,52,0.9999999632127583,1.8456493047997355
Measured,515,522828,-1,64,129,158,81,48,0.9999999850988388,2.022524241823703
Measured,516,11190,-1,64,98,44,48,50,0.999999969266355,0.6601703218184412
Measured,517,513601,-1,64,102,59,49,53,1.0000000419095159,0.7624870010185987
Measured,518,12343,-1,64,36,44,21,15,0.9999999394640326,0.6191686177626252
Measured,519,12572,-1,64,45,63,26,19,1.0000000363215804,0.8382752102334052
Measured,520,11174,-1,65,79,94,38,41,1.0000000149011612,1.1757603948935866
Measured,521,11210,-1,65,65,84,37,28,1.0000000325962901,1.0598832758842036
Measured,522,11606,-1,65,69,96,39,30,0.9999999906867743,1.187958944705315
Measured,523,12259,-1,65,72,87,46,26,1.0000000223517418,1.0992634302238002
Measured,524,11112,-1,65,75,97,49,26,1.000000006519258,1.3833571830764413
Measured,525,12037,-1,65,92,113,56,36,0.9999999813735485,1.5806330733466893
Measured,526,11001,-1,65,68,65,36,32,1.000000027474016,1.3654265850782394
Measured,527,522760,-1,65,55,75,30,25,1.000000017695129,1.5223432374186814
Measured,528,11525,1,66,59,49,33,26,1.0000000158324838,0.6854988746345043
Measured,529,512745,1,66,60,56,33,27,1.0000000558793545,0.7308272598311305
Measured,530,19873,-1,66,42,48,26,16,1.0000000018626451,0.6523905000649393
Measured,531,10486,1,66,73,86,34,39,1.0000000023283064,1.0047740014269948
Measured,532,13384,1,66,65,79,32,33,1.0000000246800482,0.9179291075561196
Measured,533,13018,1,66,64,89,29,35,1.0000000204890966,1.2638069323729724
Measured,534,529519,1,66,71,81,31,40,0.9999999813735485,1.1792909495998174
Measured,535,10209,-1,66,97,103,64,33,0.9999999811407179,1.3860694793984294
Measured,536,10305,-1,67,93,95,64,29,1.0000000165309757,1.205013188184239
Measured,537,11903,1,67,26,10,12,14,0.9999999664723873,0.08424107660539448
Measured,538,12702,1,67,90,86,34,56,0.9999999790452421,1.0743982675485313
Measured,539,520410,1,67,96,76,45,51,1.0000000139698386,1.0290551036596298
Measured,540,10356,1,67,80,88,35,45,0.9999999939464033,0.9855121036525816
Measured,541,13613,1,67,67,73,28,39,1.0000000027939677,0.837272553704679
Measured,542,13761,-1,67,36,42,22,14,1.000000013038516,0.8880090489983559
Measured,543,15039,-1,67,39,54,20,19,1.0000000689178705,0.8533265839796513
Measured,544,10347,0,68,19,0,7,12,0.9999999552965164,0.0
Measured,545,11477,0,68,24,0,8,16,1.0000000186264515,0.0
Measured,546,10537,-1,68,40,23,15,25,0.9999999646097422,0.5568897922057658
Measured,547,11497,-1,68,43,25,15,28,0.9999999944120646,0.5027863620780408
Measured,548,10583,1,68,122,114,63,59,0.9999999955762178,1.503526721848175
Measured,549,11043,1,68,105,81,54,51,1.0000000484287739,1.1606108233099803
Measured,550,11053,1,68,22,9,15,7,1.000000011175871,0.38582676090300083
Measured,551,555342,1,68,20,19,15,5,0.9999999944120646,0.49279721174389124
Measured,552,10597,-1,69,36,68,15,21,0.9999999906867743,0.8362010596320033
Measured,553,10956,-1,69,40,76,17,23,1.0000000055879354,0.8646829259814695
Measured,554,10013,-1,69,42,77,18,24,0.9999999757856131,1.6798205492086709
Measured,555,520151,-1,69,50,82,23,27,0.9999999664723873,1.6728479065932333
Measured,556,522444,-1,69,39,46,14,25,0.9999999580904841,1.2709627775475383
Measured,557,522749,-1,69,33,46,12,21,0.9999999823048711,1.199951535090804
Measured,558,519373,-1,69,31,52,13,18,1.0000000186264515,1.5250702882185578
Measured,559,521526,-1,69,34,51,9,25,0.9999999860301614,1.5631099678575993
Measured,560,525780,-1,70,70,78,24,46,0.9999999916180968,1.2406394036952406
Measured,561,530875,-1,70,65,90,23,42,0.999999986961484,1.447034436976537
Measured,562,10495,-1,70,28,73,9,19,1.0000000335276127,1.466764550888911
Measured,563,519371,-1,70,29,65,7,22,0.9999999925494194,1.334219530923292
Measured,564,10079,-1,70,20,45,5,15,0.9999999739229679,1.2677402379922569
Measured,565,12690,-1,70,23,39,5,18,1.0000000149011612,1.4023059336468577
Measured,566,515338,-1,70,11,13,3,8,0.9999999590218067,0.17491140076890588
Measured,567,18713,-1,70,33,65,10,23,0.9999999720603228,1.4410699487198144
Measured,568,19267,-1,71,31,85,10,21,1.000000013038516,1.524741391884163
Measured,569,21242,-1,71,24,66,9,15,1.0000000158324838,1.5366003157105297
Measured,570,523060,-1,71,32,74,11,21,0.9999999701976776,1.6451412381138653
Measured,571,10704,-1,71,27,82,7,20,1.0000000279396772,2.0342441839165986
Measured,572,11402,-1,71,31,80,9,22,1.0,2.187304205726832
Measured,573,13728,1,71,26,71,11,15,1.0000000409781933,1.225158688146621
Measured,574,13768,1,71,30,73,11,19,0.9999999981373549,1.2243588173296303
Measured,575,519368,1,71,25,67,10,15,0.9999999739229679,1.1041414064820856
Measured,576,521086,1,72,25,64,12,13,1.0000000037252903,1.0113200484775007
Measured,577,12726,1,72,15,50,7,8,1.0000000149011612,0.8864015175495297
Measured,578,514853,1,72,25,50,12,13,1.0000000521540642,0.8594104312360287
Measured,579,11873,1,72,13,22,1,12,1.0000000074505806,0.43085259525105357
Measured,580,17946,1,72,12,19,1,11,1.0,0.3454098526854068
Measured,581,14221,1,72,42,60,10,32,1.000000017695129,0.9858752149157226
Measured,582,512788,1,72,38,58,8,30,0.9999999897554517,1.0053007754031569
Measured,583,10804,-1,72,55,120,28,27,0.9999999729916453,1.4086868294980377
Measured,584,11145,-1,73,67,127,32,35,0.9999999804422259,1.4741257133428007
Measured,585,10826,1,73,53,83,11,42,1.0000000381842256,1.458417100366205
Measured,586,523628,1,73,54,90,17,37,0.9999999515712261,1.5050727904308587
Measured,587,11990,1,73,34,66,12,22,1.000000011175871,0.8667063913308084
Measured,588,12918,1,73,27,69,9,18,0.9999999701976776,0.9127916020806879
Measured,589,11176,1,73,93,98,40,53,0.9999999892897904,1.4541560714133084
Measured,590,524893,1,73,85,92,34,51,0.9999999953433871,1.461080502718687
Measured,591,515034,1,73,67,81,25,42,0.9999999580904841,1.197771912207827
Measured,592,513174,-1,74,56,88,19,37,0.9999999804422259,1.6108251817058772
Measured,593,515015,-1,74,48,73,19,29,0.9999999976716936,1.4173575066961348
Measured,594,10816,-1,74,78,98,35,43,1.0000000330619514,1.221582043915987
Measured,595,11805,-1,74,69,79,33,36,0.9999999492429197,0.9514852263964713
Measured,596,11455,-1,74,95,86,45,50,1.0000000139698386,1.0226682221982628
Measured,597,519131,-1,74,97,89,49,48,0.999999969266355,1.1741305091418326
Measured,598,11785,1,74,77,95,31,46,0.9999999669380486,1.3242904669605196
Measured,599,523043,1,74,66,79,27,39,0.9999999860301614,1.0943613746203482
Measured,600,10599,1,75,119,109,51,68,1.0000000069849193,1.4806660807225853
Measured,601,508595,1,75,112,113,51,61,0.9999999832361937,1.4972544119227678
Measured,602,10402,-1,75,85,64,64,21,1.000000016996637,0.6940329858334735
Measured,603,10472,-1,75,81,60,59,22,0.9999999965075403,0.7102586755063385
Measured,604,11930,1,75,165,149,128,37,1.0000000190921128,0.9300155799137428
Measured,605,517458,1,75,163,150,125,38,0.9999999946448952,1.007807986694388
Measured,606,10567,1,75,97,111,76,21,1.0000000419095159,0.9046597386477515
Measured,607,13314,-1,75,104,57,77,27,1.0000000400468707,0.6536202501738444
Measured,608,13389,-1,76,116,68,87,29,1.0000000237487257,0.6458589162211865
Measured,609,13832,-1,76,103,54,79,24,1.0000000135041773,0.5917223467258736
Measured,610,13951,-1,76,107,70,79,28,0.999999959487468,0.7138883052393794
Measured,611,23850,0,76,99,0,42,57,0.9999999571591616,0.0
Measured,612,10187,0,76,141,0,41,100,0.9999999834690243,0.0
Measured,613,287884,0,76,107,0,34,73,1.000000030035153,0.0
Measured,614,10120,0,76,150,0,77,73,0.9999999953433871,0.0
Measured,615,11921,0,76,124,0,59,65,1.0000000037252903,0.0
Measured,616,10041,0,77,126,0,62,64,1.0000000186264515,0.0
Measured,617,10110,0,77,130,0,61,69,1.0000000258442014,0.0
Measured,618,11608,0,77,184,0,130,54,1.0000000456348062,0.0
Measured,619,12109,0,77,195,0,141,54,0.9999999864958227,0.0
Measured,620,10080,0,77,57,0,23,34,1.0000000335276127,0.0
Measured,621,10555,0,77,56,0,22,34,0.9999999823048711,0.0
Measured,622,10799,0,77,120,0,56,64,0.9999999538995326,0.0
Measured,623,11005,0,77,87,0,44,43,1.000000016298145,0.0
Measured,624,10168,0,78,166,0,67,99,0.9999999669380486,0.0
Measured,625,10175,0,78,171,0,80,91,0.9999999483115971,0.0
Measured,626,10185,0,78,243,0,122,121,0.999999996740371,0.0
Measured,627,14463,-1,78,31,47,14,17,0.9999999981373549,0.5863035954535007
Measured,628,11789,-1,78,20,42,12,8,0.9999999590218067,0.6782344630919397
Measured,629,11815,-1,78,33,56,14,19,0.9999999925494194,0.7441176313441247
Measured,630,533704,-1,78,45,48,19,26,0.9999999981373549,0.7077172793215141
Measured,631,11905,-1,78,33,72,10,23,0.9999999552965164,0.8293686545221135
Measured,632,11712,-1,79,50,90,25,25,0.9999999608844519,1.1978164239553735
Measured,633,521059,-1,79,43,86,19,24,0.9999999571591616,1.38929962948896
Measured,634,11440,-1,79,27,57,10,17,0.9999999962747097,0.8001929895253852
Measured,635,525958,-1,79,35,62,13,22,1.000000019557774,0.9453540295362473
Measured,636,10794,-1,79,60,127,21,39,1.0000000018626451,2.0368127941619605
Measured,637,524883,-1,79,65,112,26,39,0.9999999557621777,2.0631315435748547
Measured,638,10912,-1,79,12,19,4,8,1.0000000447034836,0.454561750870198
Measured,639,11637,1,79,37,31,16,21,1.0000000037252903,0.5414448725059628
Measured,640,10644,1,80,54,103,18,36,1.0000000158324838,1.5629658007528633
Measured,641,524521,1,80,58,134,17,41,0.9999999832361937,1.8296294703613967
Measured,642,11626,1,80,63,56,18,45,1.0000000074505806,0.8623399951029569
Measured,643,35790,1,80,59,57,19,40,0.9999999846331775,1.034065691754222
Measured,644,12376,1,80,62,46,17,45,1.000000011175871,0.9612032906152308
Measured,645,12452,1,80,58,41,13,45,1.0000000200234354,1.0029685064218938
Measured,646,11303,0,80,129,0,75,54,1.0000000074505806,0.0
Measured,647,11507,0,80,134,0,71,63,1.0000000100117177,0.0
Measured,648,11719,-1,81,49,60,19,30,0.9999999850988388,0.7739412492373958
Measured,649,524668,-1,81,40,52,16,24,1.0000000270083547,0.8947516568005085
Measured,650,11327,0,81,64,0,24,40,1.0000000456348062,0.0
Measured,651,11900,0,81,74,0,34,40,0.9999999580904841,0.0
Measured,652,11618,0,81,113,0,52,61,1.0000000344589353,0.0
Measured,653,13428,0,81,101,0,50,51,0.9999999639112502,0.0
Measured,654,11752,0,81,80,0,33,47,1.0000000167638063,0.0
Measured,655,14182,0,81,82,0,38,44,1.0000000465661287,0.0
Measured,656,14225,0,82,25,0,5,20,0.9999999953433871,0.0
Measured,657,512326,0,82,26,0,5,21,0.9999999590218067,0.0
Measured,658,529512,0,82,43,0,18,25,1.000000043772161,0.0
Measured,659,529516,0,82,40,0,14,26,1.0000000121071935,0.0
Measured,660,14705,0,82,63,0,31,32,0.9999999878928065,0.0
Measured,661,519616,0,82,78,0,36,42,1.000000033993274,0.0
Measured,662,12902,0,82,88,0,43,45,0.9999999776482582,0.0
Measured,663,10753,0,82,92,0,51,41,1.0000000251457095,0.0
Measured,664,11560,0,83,95,0,51,44,1.0000000484287739,0.0
Measured,665,10910,0,83,102,0,54,48,1.0000000027939677,0.0
Measured,666,11532,0,83,122,0,69,53,0.9999999664723873,0.0
Measured,667,555259,-1,83,8,16,3,5,1.0000000149011612,0.16359272366389632
Measured,668,11908,1,83,9,30,4,5,0.9999999701976776,1.0349331034813076
Measured,669,555176,1,83,10,30,5,5,0.9999999850988388,1.2549822402652353
Measured,670,31330,-1,83,48,53,15,33,1.000000024214387,1.150043123634532
Measured,671,10777,-1,83,61,81,26,35,0.9999999487772584,1.1527500681113452
Measured,672,10781,-1,84,54,87,23,31,1.000000026077032,1.2577427795622498
Measured,673,10101,-1,84,27,41,14,13,1.000000026077032,0.8081050293985754
Measured,674,10203,-1,84,19,33,13,6,1.0000000055879354,0.49739634641446173
Measured,675,11515,-1,84,29,28,12,17,1.000000013038516,0.7484748479910195
Measured,676,511784,-1,84,31,21,16,15,1.0000000298023224,0.628318287897855
Measured,677,10207,1,84,33,37,13,20,0.9999999608844519,1.0198389375582337
Measured,678,533529,1,84,34,45,12,22,1.000000043772161,1.1014533513225615
Measured,679,10479,1,84,31,47,13,18,1.0000000335276127,0.7937993523664773
Measured,680,10603,1,85,23,39,11,12,0.9999999534338713,0.8715120395645499
Measured,681,12055,1,85,14,39,8,6,1.0000000223517418,1.0347300588618964
Measured,682,12091,1,85,20,56,9,11,1.000000013038516,1.3731569000519812
Measured,683,12292,1,85,37,45,13,24,0.9999999739229679,0.7449581071268767
Measured,684,521305,1,85,32,44,16,16,1.0000000325962901,0.766220910474658
Measured,685,10333,-1,85,48,38,22,26,0.9999999958090484,0.7480236182454973
Measured,686,13136,1,85,53,95,10,43,0.9999999795109034,1.1937143851537257
Measured,687,14639,1,85,56,96,15,41,0.9999999767169356,1.247608627891168
Measured,688,10074,-1,86,113,89,70,43,0.9999999636784196,1.332531718770042
Measured,689,531985,-1,86,120,101,74,46,0.9999999734573066,1.3024348139297217
Measured,690,11762,1,86,52,106,12,40,1.0000000284053385,1.515203192946501
Measured,691,522346,1,86,49,116,12,37,0.9999999906867743,1.6030870286049321
Measured,692,520606,1,86,58,121,23,35,1.0000000186264515,1.4528406558092684
Measured,693,523528,1,86,67,138,31,36,0.9999999990686774,1.6020933313993737
Measured,694,11278,-1,86,98,87,38,60,1.0000000055879354,0.9977985293371603
Measured,695,521375,-1,86,118,90,52,66,1.0000000095460564,0.9104023724794388
Measured,696,11252,-1,87,85,92,46,39,1.0000000013969839,1.0545495263068005
Measured,697,11883,-1,87,102,121,57,45,0.9999999646097422,1.4433360149851069
Measured,698,13271,-1,87,56,111,34,22,1.0000000298023224,1.2057218750705943
Measured,699,523624,-1,87,53,108,24,29,0.9999999571591616,1.1877397003117949
Measured,700,10364,1,87,56,75,25,31,1.0000000139698386,1.2854381361976266
Measured,701,11367,1,87,64,108,31,33,1.0000000344589353,1.6401184032438323
Measured,702,10867,1,87,116,125,52,64,0.9999999860301614,1.5629794800188392
Measured,703,555383,1,87,93,115,42,51,0.9999999613501132,1.5081502229440957
Measured,704,10448,-1,88,101,134,57,44,0.9999999757856131,1.8147090333513916
Measured,705,11017,-1,88,118,149,69,49,1.0000000218860805,1.9516255822964013
Measured,706,10641,0,88,39,0,18,21,1.0000000079162419,0.0
Measured,707,522405,0,88,57,0,26,31,0.9999999906867743,0.0
Measured,708,10742,-1,88,42,62,24,18,1.000000011175871,0.7765911484602839
Measured,709,530685,-1,88,54,87,30,24,0.9999999906867743,0.9908090870594606
Measured,710,10594,1,88,102,100,27,75,1.0000000400468707,1.3442312628030777
Measured,711,11526,1,88,107,113,35,72,0.9999999701976776,1.3388938538264483
Measured,712,12323,1,89,103,29,54,49,1.000000013038516,0.4604291415307671
Measured,713,10609,1,89,80,135,37,43,1.000000050291419,1.7265678921248764
Measured,714,10995,1,89,82,121,35,47,0.9999999911524355,1.6527379605686292
Measured,715,12518,1,89,58,78,29,29,1.0000000302679837,0.6361098550260067
Measured,716,43368,1,89,47,63,22,25,1.0000000428408384,0.558618106180802
Measured,717,11927,1,89,72,91,25,47,0.9999999930150807,0.8575608062092215
Measured,718,12184,1,89,101,70,41,60,1.0000000284053385,0.5624391154851764
Measured,719,12215,1,89,98,101,38,60,1.0000000330619514,0.8660044317366555
Measured,720,521693,1,90,82,71,37,45,1.0000000230502337,0.6027094675228
Measured,721,13367,1,90,54,72,21,33,0.9999999878928065,0.850892938207835
Measured,722,10329,1,90,111,42,63,48,0.9999999911524355,0.48574034485500306
Measured,723,11118,1,90,103,34,57,46,0.9999999664723873,0.4343324638903141
Measured,724,10483,1,90,64,62,31,33,1.0000000027939677,1.0621516196988523
Measured,725,11798,1,90,81,61,41,40,1.0000000279396772,1.1646495515014976
Measured,726,10986,-1,90,63,32,29,34,1.0000000186264515,0.4896785032469779
Measured,727,11338,-1,90,42,41,25,17,1.0000000474974513,0.52871502074413
Measured,728,10373,1,91,71,39,33,38,1.0000000325962901,0.5905620753765106
Measured,729,514764,1,91,83,43,43,40,0.9999999711290002,0.6237184811616316
Measured,730,11397,-1,91,63,58,30,33,1.0000000139698386,1.4806692083366215
Measured,731,30194,-1,91,44,55,21,23,1.0000000465661287,1.179147788323462
Measured,732,11782,1,91,36,56,11,25,1.0000000149011612,0.8233894612640142
Measured,733,12053,1,91,32,50,9,23,1.0000000139698386,0.778796988655813
Measured,734,12654,0,91,85,0,33,52,1.0000000037252903,0.0
Measured,735,21692,0,91,77,0,35,42,1.0000000214204192,0.0
Measured,736,521981,-1,92,58,113,25,33,0.9999999674037099,1.543861652025953
Measured,737,531867,-1,92,68,113,32,36,1.0000000279396772,1.477580860024318
Measured,738,11964,0,92,109,0,50,59,1.0000000214204192,0.0
Measured,739,520146,0,92,100,0,41,59,0.9999999883584678,0.0
Measured,740,12074,-1,92,64,74,25,39,0.9999999916180968,0.8277748599648476
Measured,741,523561,-1,92,48,79,17,31,1.0000000037252903,0.9289591142442077
Measured,742,10230,1,92,161,151,63,98,1.0000000221189111,1.5582609460689127
Measured,743,10273,1,92,153,114,47,106,1.0000000211875886,1.3582286015152931
Measured,744,10683,-1,93,84,93,52,32,1.0000000456348062,0.9570897821104154
Measured,745,515578,-1,93,57,78,33,24,1.0000000488944352,0.8312386963516474
Measured,746,11969,-1,93,59,64,32,27,1.000000017695129,0.7498350178357214
Measured,747,11997,-1,93,50,55,33,17,0.9999999501742423,0.598377546062693
Measured,748,11959,-1,93,28,58,16,12,0.9999999813735485,0.6969410357996821
Measured,749,533914,-1,93,25,40,14,11,0.9999999832361937,0.5246507201809436
Measured,750,13147,-1,93,40,69,30,10,1.0000000167638063,0.8333208025433123
Measured,751,13221,-1,93,53,85,37,16,1.0000000167638063,0.9192051026038826
Measured,752,14966,-1,94,63,41,26,37,0.999999993480742,0.42809098144061863
Measured,753,10871,1,94,78,77,44,34,0.9999999776482582,1.234689085977152
Measured,754,11962,1,94,67,103,36,31,1.0000000251457095,1.2445745475124568
Measured,755,11207,1,94,42,64,25,17,1.000000011175871,0.7056707418523729
Measured,756,12585,1,94,56,64,26,30,0.9999999944120646,0.7691410649567842
Measured,757,11958,1,94,75,59,36,39,1.0000000079162419,0.7174929904285818
Measured,758,533588,1,94,59,46,25,34,1.0000000186264515,0.594904929632321
Measured,759,11008,1,94,49,54,24,25,0.9999999944120646,1.0946813772898167
Measured,760,11170,1,95,55,59,24,31,0.9999999711290002,1.0599763405043632
Measured,761,521194,1,95,38,43,16,22,0.9999999655410647,0.6528581008315086
Measured,762,521309,1,95,37,37,17,20,1.0,0.5735892395023257
Measured,763,13526,1,95,114,94,69,45,1.0000000330619514,1.7332984448876232
Measured,764,34896,1,95,100,78,66,34,0.9999999925494194,1.6566518205218017
Measured,765,519398,1,95,105,124,47,58,1.000000003259629,1.9517412623390555
Measured,766,521352,1,95,99,124,46,53,1.000000009778887,1.9577521672472358
Measured,767,520236,-1,95,57,53,28,29,0.999999966006726,1.0123517934698611
Measured,768,532000,-1,96,72,59,33,39,1.0000000083819032,0.8597282664850354
Measured,769,10528,-1,96,57,59,22,35,0.9999999748542905,0.6656893494073302
Measured,770,519592,-1,96,52,48,23,29,1.0000000386498868,0.5582362250424922
Measured,771,46388,-1,96,68,69,36,32,0.9999999795109034,1.0893523967824876
Measured,772,526311,-1,96,76,69,31,45,1.0000000102445483,0.9680002776440233
Measured,773,261784,-1,96,71,82,35,36,1.0000000200234354,0.7967279453296214
Measured,774,512734,-1,96,67,66,33,34,0.9999999976716936,0.6509793093428016
Measured,775,518488,-1,96,84,61,48,36,1.0000000391155481,0.5668472044635564
Measured,776,520773,-1,97,85,87,45,40,0.9999999813735485,0.8292948121670634
Measured,777,38425,-1,97,53,50,26,27,0.999999993480742,0.7206373300869018
Measured,778,39262,-1,97,54,46,29,25,0.9999999981373549,0.6673687880393118
Measured,779,514555,-1,97,46,48,25,21,1.0000000223517418,0.6666508638300002
Measured,780,519761,-1,97,48,45,24,24,0.9999999599531293,0.7689912796486169
Measured,781,10044,1,97,131,130,53,78,1.000000026077032,1.6826411152724177
Measured,782,10122,1,97,131,135,53,78,0.999999986262992,1.7737635469529778
Measured,783,12313,1,97,85,102,36,49,0.9999999674037099,0.9846828365698457
Measured,784,512841,1,98,91,99,35,56,1.0000000116415322,1.1271191439591348
Measured,785,36704,-1,98,68,56,22,46,1.0000000153668225,0.733949665678665
Measured,786,14982,1,98,79,71,38,41,0.9999999646097422,0.9649627066683024
Measured,787,13807,1,98,75,96,34,41,0.9999999804422259,1.4698112478945404
Measured,788,15158,-1,98,94,100,46,48,0.9999999953433871,1.1167738118674606
Measured,789,11723,-1,98,104,105,53,51,0.9999999785795808,1.4315792215056717
Measured,790,527588,-1,98,125,114,59,66,0.9999999906867743,1.5979057531803846
Measured,791,13523,-1,98,67,106,35,32,0.9999999823048711,1.5332988540176302
Measured,792,525777,-1,99,76,108,37,39,1.0000000214204192,1.53195433691144
Measured,793,13631,1,99,77,63,35,42,0.9999999571591616,0.9507211525924504
Measured,794,520081,1,99,77,68,34,43,0.9999999543651938,0.9896349443588406
Measured,795,10564,1,99,111,105,42,69,1.000000009778887,1.3989968749228865
Measured,796,11324,1,99,112,97,46,66,0.9999999706633389,1.3850843491964042
Measured,797,14061,0,99,55,0,18,37,0.9999999962747097,0.0
Measured,798,10980,-1,99,19,29,12,7,1.0000000409781933,0.5976330998819321
Measured,799,12261,-1,99,16,31,11,5,1.000000026077032,0.5994898620992899
Measured,800,11732,-1,100,26,27,15,11,1.0000000363215804,0.3871927550062537
Measured,801,12090,-1,100,29,35,15,14,1.0000000139698386,0.5373840562533587
Measured,802,558970,-1,100,50,62,18,32,0.9999999925494194,0.7014406982343644
Measured,803,10645,1,100,63,49,25,38,1.0000000298023224,0.796392003307119
Measured,804,38788,1,100,70,60,24,46,1.0000000083819032,0.9057770653162152
Measured,805,519143,1,100,58,101,26,32,0.9999999948777258,1.1745822487864643
Measured,806,521026,1,100,48,87,21,27,0.9999999990686774,0.9781163092702627
Measured,807,45633,1,100,95,106,43,52,0.9999999711290002,1.076148958876729
Measured,808,520039,1,101,106,82,47,59,0.9999999694991857,0.9190914478385821
Measured,809,14174,0,101,98,0,46,52,1.0000000298023224,0.0
Measured,810,532010,0,101,94,0,38,56,0.999999969266355,0.0
Measured,811,13865,-1,101,39,52,15,24,0.9999999925494194,0.4903263475280255
Measured,812,10798,-1,101,124,73,60,64,1.0000000179279596,0.7565813951659948
Measured,813,10963,-1,101,136,70,59,77,0.9999999620486051,0.7783758153673261
Measured,814,10525,-1,101,108,63,42,66,1.0000000288709998,0.6572047786321491
Measured,815,11801,-1,101,21,31,11,10,1.0,0.39105619047768414
Measured,816,12296,-1,102,19,27,7,12,0.9999999962747097,0.5703989944886416
Measured,817,512355,1,102,46,59,17,29,1.000000024214387,1.0524168892297894
Measured,818,521195,1,102,54,57,20,34,1.0000000186264515,0.9082961345557123
Measured,819,10789,1,102,46,48,18,28,0.9999999525025487,0.9631452797912061
Measured,820,13686,1,102,52,54,21,31,0.9999999776482582,0.9508196152746677
Measured,821,11470,1,102,42,63,22,20,0.9999999944120646,0.8717587608844042
Measured,822,13244,1,102,48,71,16,32,1.0000000121071935,0.976714005577378
Measured,823,13388,1,102,50,70,16,34,1.0000000358559191,1.164973545819521
Measured,824,14935,1,103,64,83,18,46,1.0000000200234354,1.2572562373243272
Measured,825,10707,-1,103,128,165,79,49,1.0000000360887498,2.1780002762097865
Measured,826,522465,-1,103,127,173,74,53,1.000000033993274,2.2651789258234203
Measured,827,24136,-1,103,46,50,28,18,1.0000000409781933,0.8888088536914438
Measured,828,57240,-1,103,44,49,26,18,0.9999999878928065,0.9442296279594302
Measured,829,512581,-1,103,52,56,35,17,1.0000000149011612,0.9612190693151206
Measured,830,527318,-1,103,39,48,25,14,0.9999999795109034,0.9299874198623002
Measured,831,10328,1,103,140,157,61,79,0.9999999923165888,1.8178282763110474
Measured,832,521736,1,104,131,137,53,78,1.000000005820766,1.6248042904771864
Measured,833,11355,1,104,51,66,32,19,1.0000000279396772,0.7057373276911676
Measured,834,10390,1,104,72,94,47,25,1.0000000298023224,1.1547621644567698
Measured,835,10561,1,104,63,79,39,24,0.9999999655410647,0.9899372931104153
Measured,836,519970,1,104,66,74,45,21,0.9999999534338713,0.6278971766587347
Measured,837,521437,1,104,62,73,45,17,1.0000000270083547,0.6636615365277976
Measured,838,10996,1,104,74,83,51,23,1.0000000135041773,0.897978727472946
Measured,839,11467,1,104,70,80,47,23,1.0000000139698386,0.7852868003537878
Measured,840,10877,1,105,73,81,48,25,1.0000000158324838,0.8890544357709587
Measured,841,527577,1,105,73,84,51,22,1.0000000083819032,0.8935107181314379
Measured,842,10198,1,105,64,89,44,20,0.9999999571591616,0.9224258062895387
Measured,843,529665,1,105,65,76,45,20,1.000000024214387,0.7435209283139557
Measured,844,10808,1,105,64,80,48,16,1.0000000214204192,0.8263999972259626
Measured,845,10904,1,105,70,84,52,18,0.999999969266355,0.9094243830768391
Measured,846,10756,1,105,71,83,52,19,0.9999999925494194,0.855031558079645
Measured,847,11105,1,105,70,83,48,22,0.999999996740371,0.8612349696923047
Measured,848,32824,-1,106,41,65,21,20,1.0000000223517418,0.8321106852963567
Measured,849,519655,-1,106,42,69,16,26,1.0000000223517418,1.027519148774445
Measured,850,13327,1,106,43,45,21,22,1.000000026077032,0.7124812970869243
Measured,851,521191,1,106,54,43,21,33,1.000000026077032,0.6714991452172399
Measured,852,10109,-1,106,131,127,69,62,0.9999999855645001,1.9066209476441145
Measured,853,10167,-1,106,146,135,76,70,0.999999990221113,1.9946176279336214
Measured,854,11061,-1,106,82,61,39,43,1.0000000158324838,0.8478691063355654
Measured,855,11363,-1,106,85,65,43,42,1.0000000223517418,0.894302116939798
Measured,856,513058,1,107,83,65,40,43,1.000000027474016,0.6683911648578942
Measured,857,532942,1,107,87,67,38,49,1.0000000158324838,0.759250285802409
Measured,858,13238,1,107,29,23,10,19,1.0000000409781933,0.5299225451890379
Measured,859,11413,1,107,44,39,18,26,0.9999999734573066,0.7124992019962519
Measured,860,12988,1,107,38,35,16,22,0.9999999674037099,0.7547995850909501
Measured,861,519365,-1,107,118,139,67,51,0.9999999955762178,1.6289647715166211
Measured,862,523636,-1,107,121,137,67,54,1.0000000230502337,1.5876425299793482
Measured,863,10530,1,107,100,133,73,27,0.9999999669380486,1.5321573624387383
Measured,864,11390,1,108,107,129,79,28,1.0000000544823706,1.4519060221500695
Measured,865,10039,1,108,74,83,53,21,1.0000000265426934,1.0477393716573715
Measured,866,10134,1,108,65,79,45,20,0.9999999860301614,0.9492445518262684
Measured,867,10321,1,108,70,87,48,22,1.000000026077032,1.0266657548490912
Measured,868,10522,1,108,67,89,48,19,1.0000000367872417,1.1698350459337234
Measured,869,11703,1,108,68,83,47,21,1.0000000121071935,0.7850277373800054
Measured,870,13283,1,108,62,75,44,18,0.999999956227839,0.7289390132064
Measured,871,12057,1,108,66,74,45,21,1.0000000018626451,0.6941356944153085
Measured,872,10429,1,109,68,84,46,22,0.9999999655410647,0.9275168047752231
Measured,873,520916,1,109,70,83,47,23,1.0000000232830644,0.911571028875187
Measured,874,11050,1,109,125,141,93,32,0.9999999608844519,1.3662555778864771
Measured,875,11761,1,109,128,147,92,36,1.0000000391155481,1.492743189795874
Measured,876,10408,1,109,66,96,48,18,0.9999999771825969,1.0522997824009508
Measured,877,11583,1,109,65,91,46,19,0.999999993480742,0.9597340961918235
Measured,878,16648,1,109,95,113,76,19,0.9999999720603228,1.0964392157038674
Measured,879,18049,1,109,99,121,78,21,0.9999999941792339,1.1562004562001675
Measured,880,11143,1,110,71,81,48,23,0.9999999613501132,1.010794136673212
Measured,881,11521,1,110,66,87,48,18,1.000000009080395,0.9952295939438045
Measured,882,10736,1,110,57,64,43,14,0.9999999664723873,0.7461901120841503
Measured,883,14437,1,110,104,127,79,25,0.9999999643769115,1.2832719248253852
Measured,884,19845,1,110,105,132,81,24,0.9999999683350325,1.2800632151775062
Measured,885,10262,1,110,126,150,88,38,1.0000000102445483,1.685849881498143
Measured,886,11229,1,110,122,150,85,37,0.9999999646097422,1.691040358855389
Measured,887,11567,1,110,59,103,20,39,0.9999999832361937,1.2380689622368664
Measured,888,520792,-1,111,42,61,17,25,1.0000000204890966,0.8495949041098356
Measured,889,531583,-1,111,58,94,23,35,1.0000000218860805,1.0803523956565186
Measured,890,13062,1,111,56,85,14,42,1.0000000069849193,1.4342940310016274
Measured,891,519420,1,111,79,100,27,52,1.0000000153668225,1.5976163634331897
Measured,892,11667,-1,111,16,25,7,9,1.0000000186264515,0.5313205090351403
Measured,893,523938,-1,111,18,29,7,11,0.9999999888241291,0.4339724292512983
Measured,894,10529,-1,111,30,50,13,17,1.0000000018626451,0.9616782187949866
Measured,895,532747,-1,111,33,49,14,19,0.9999999906867743,0.9818368656560779
Measured,896,10684,-1,112,28,51,10,18,1.0000000074505806,0.7093032489065081
Measured,897,11249,-1,112,35,53,8,27,0.9999999739229679,1.076660475693643
Measured,898,10598,-1,112,23,28,7,16,0.999999986961484,0.5541750646661967
Measured,899,10709,1,112,42,56,4,38,0.9999999972060323,1.162505976157263
Measured,900,11419,-1,112,52,98,32,20,0.9999999608844519,1.24114279425703
Measured,901,532198,-1,112,25,55,9,16,0.9999999739229679,1.2779651064192876
Measured,902,10371,-1,112,5,9,3,2,0.9999999850988388,0.1547556770965457
Measured,903,10691,-1,112,10,11,6,4,1.0000000447034836,0.5628960847388953
Measured,904,10498,1,113,77,89,23,54,0.9999999990686774,0.9708765059476718
Measured,905,12079,1,113,101,105,45,56,0.9999999827705324,1.0356513794977218
Measured,906,10473,-1,113,151,180,122,29,1.0000000112922862,2.3462877691490576
Measured,907,523591,-1,113,147,179,122,25,0.9999999714782462,2.3903770747128874
Measured,908,11975,1,113,94,110,77,17,0.9999999979045242,1.3464976381510496
Measured,909,11992,1,113,89,104,78,11,1.000000036554411,1.3721898987423629
Measured,910,10140,1,113,103,115,84,19,1.0000000086147338,1.5813334975391626
Measured,911,10463,1,113,97,104,77,20,0.9999999899882823,1.457256509223953
Measured,912,10632,1,114,91,103,74,17,1.0000000374857336,1.2875321618048474
Measured,913,10905,1,114,94,105,76,18,0.9999999688006938,1.3751630771439523
Measured,914,11099,1,114,89,105,73,16,1.0000000107102096,1.2634068606421351
Measured,915,11244,1,114,95,107,81,14,0.999999966006726,1.4289728931616992
Measured,916,11262,1,114,96,105,77,19,1.0000000328291208,1.40077144629322
Measured,917,11281,1,114,90,105,79,11,0.9999999664723873,1.2913246562238783
Measured,918,11289,1,114,95,105,80,15,1.0000000419095159,1.4086795565672219
Measured,919,11292,1,114,92,104,75,17,0.9999999653082341,1.3751723524183035
Measured,920,11400,1,115,95,104,76,19,1.000000023515895,1.3767956893425435
Measured,921,11478,1,115,92,105,80,12,1.0000000160653144,1.4889208669774234
Measured,922,11501,1,115,92,104,80,12,1.0000000158324838,1.4669395526871085
Measured,923,11523,1,115,92,104,76,16,0.9999999573919922,1.2974378527142107
Measured,924,11531,1,115,92,101,74,18,0.999999983003363,1.2795999797526747
Measured,925,11620,1,115,92,105,79,13,1.0000000395812094,1.4938833776395768
Measured,926,11725,1,115,91,106,79,12,1.000000046333298,1.367025674553588
Measured,927,11736,1,115,95,104,81,14,1.0000000225845724,1.4540080190636218
Measured,928,11744,1,116,92,105,80,12,0.9999999739229679,1.376177869271487
Measured,929,11783,1,116,90,103,73,17,0.9999999578576535,1.2477346751838923
Measured,930,11828,1,116,95,105,81,14,1.0000000356230885,1.382491274503991
Measured,931,11870,1,116,92,102,76,16,0.9999999548308551,1.2760799161624163
Measured,932,11922,1,116,92,105,80,12,0.9999999583233148,1.3285436712903902
Measured,933,12111,1,116,94,106,81,13,0.9999999948777258,1.411187558202073
Measured,934,12338,1,116,93,102,76,17,0.9999999804422259,1.2200370328500867
Measured,935,23401,1,116,92,105,75,17,0.9999999988358468,1.3093096767552197
Measured,936,520002,1,117,94,106,81,13,1.000000041211024,1.5365069194231182
Measured,937,521935,1,117,91,105,75,16,0.9999999632127583,1.2803024009335786
Measured,938,524238,1,117,92,103,80,12,1.0000000060535967,1.3846913720481098
Measured,939,529429,1,117,95,104,77,18,1.0,1.3824797216802835
Measured,940,10096,0,117,94,0,77,17,0.9999999767169356,0.0
Measured,941,10254,0,117,97,0,82,15,0.9999999948777258,0.0
Measured,942,10456,0,117,97,0,84,13,1.0000000023283064,0.0
Measured,943,10459,0,117,96,0,77,19,1.0000000277068466,0.0
Measured,944,10133,-1,118,92,107,74,18,1.0000000391155481,1.487783795921132
Measured,945,10169,-1,118,96,107,82,14,0.9999999834690243,1.7008262819144875
Measured,946,10376,-1,118,93,107,76,17,1.0000000011641532,1.5149955921806395
Measured,947,10515,-1,118,95,107,81,14,1.000000026775524,1.6709022638387978
Measured,948,11603,-1,118,78,84,66,12,1.0000000046566129,0.8490257856901735
Measured,949,17325,-1,118,85,89,69,16,1.0000000400468707,0.8173897610977292
Measured,950,19921,-1,118,73,80,56,17,0.9999999767169356,0.6786128112580627
Measured,951,22276,-1,118,79,82,64,15,0.9999999832361937,0.7602752222446725
Measured,952,23854,-1,119,82,82,70,12,0.9999999739229679,0.7952783999498934
Measured,953,35196,-1,119,80,78,62,18,0.9999999823048711,0.7436564080417156
Measured,954,918582,-1,119,80,86,66,14,1.0000000384170562,0.8312926690559834
Measured,955,18165,-1,119,81,89,64,17,1.0000000125728548,0.8161683809012175
Measured,956,18730,-1,119,82,97,67,15,0.9999999722931534,0.882601932855323
Measured,957,19767,-1,119,88,93,71,17,1.0000000074505806,0.8654591717058793
Measured,958,20402,-1,119,83,85,65,18,1.0000000037252903,0.7793959910050035
Measured,959,18016,-1,119,85,94,75,10,0.9999999543651938,1.0338889637496322
Measured,960,18726,-1,120,81,92,67,14,0.9999999743886292,0.8375525743467733
Measured,961,20581,-1,120,80,88,66,14,0.9999999953433871,0.8940931465476751
Measured,962,21567,-1,120,83,88,72,11,1.0000000018626451,0.9133661658270285
Measured,963,22166,-1,120,82,89,68,14,1.0000000214204192,0.8469172625336796
Measured,964,22243,-1,120,82,97,67,15,0.9999999813735485,0.8784490679390728
Measured,965,28406,-1,120,85,97,69,16,0.9999999799765646,0.8960363280493766
Measured,966,267437,-1,120,85,89,75,10,0.9999999776482582,0.8412402992835268
Measured,967,551294,-1,120,83,92,72,11,0.9999999450519681,0.9058806300163269
Measured,968,10397,1,121,91,103,74,17,0.9999999701976776,1.3625905637163669
Measured,969,10929,1,121,89,102,77,12,0.999999969266355,1.4789783428423107
Measured,970,10942,1,121,94,107,79,15,0.9999999958090484,1.5281645508948714
Measured,971,520787,1,121,91,104,74,17,1.000000027823262,1.4793955327477306
Measured,972,532655,1,121,91,104,74,17,1.0000000067520887,1.4095162227749825
Measured,973,13431,1,121,88,102,71,17,1.0000000167638063,1.34283014270477
Measured,974,14243,1,121,88,102,69,19,1.0000000121071935,1.2711926323827356
Measured,975,16460,1,121,101,127,79,22,1.0000000074505806,1.3822059240192175
Measured,976,67052,1,122,88,103,74,14,1.0000000055879354,1.4043731028214097
Measured,977,10201,1,122,93,102,77,16,0.9999999573919922,1.504487628582865
Measured,978,10650,1,122,87,97,73,14,0.9999999604187906,1.3843417102470994
Measured,979,11517,1,122,92,100,73,19,0.9999999837018549,1.4192616110667586
Measured,980,527470,1,122,91,99,71,20,1.0000000351574272,1.35304966266267
Measured,981,11399,0,122,86,0,69,17,0.9999999846331775,0.0
Measured,982,11556,0,122,92,0,73,19,0.9999999883584678,0.0
Measured,983,11788,0,122,80,0,66,14,0.9999999923165888,0.0
Measured,984,519242,0,123,90,0,72,18,0.9999999990686774,0.0
Measured,985,11294,1,123,100,119,80,20,1.0000000270083547,1.3347407395485789
Measured,986,11359,1,123,97,107,77,20,0.9999999781139195,1.268384691211395
Measured,987,11379,1,123,96,106,81,15,1.0000000265426934,1.4047787755262107
Measured,988,12354,1,123,111,126,93,18,1.0000000160653144,1.397109119221568
Measured,989,11342,1,123,92,105,79,13,1.000000013038516,1.4334091432392597
Measured,990,23477,1,123,92,102,75,17,1.0000000167638063,1.4122343617491424
Measured,991,530777,1,123,95,105,81,14,0.9999999632127583,1.4993892691563815
Measured,992,555318,1,124,94,107,77,17,1.000000017695129,1.4315022171940655
Measured,993,11837,1,124,95,105,76,19,1.0000000186264515,1.3608099983539432
Measured,994,11914,1,124,89,103,77,12,0.999999986961484,1.3216366018168628
Measured,995,11991,1,124,92,104,75,17,1.0000000041909516,1.3896800165530294
Measured,996,11993,1,124,93,108,80,13,0.9999999646097422,1.457745443796739
Measured,997,11345,1,124,91,105,79,12,0.999999972525984,1.4900583603885025
Measured,998,11594,1,124,91,106,74,17,0.9999999837018549,1.4419324295595288
Measured,999,11952,1,124,92,106,75,17,1.0000000153668225,1.4575659434776753
Measured,1000,12320,1,125,87,106,76,11,0.9999999674037099,1.4522454319521785
Measured,1001,12717,1,125,93,105,75,18,1.0,1.3071946903364733
Measured,1002,12977,1,125,90,103,73,17,1.0000000323634595,1.2448517286684364
Measured,1003,12994,1,125,91,104,76,15,1.0000000279396772,1.253653092077002
Measured,1004,14161,1,125,91,104,74,17,1.0000000074505806,1.193625398678705
Measured,1005,192978,1,125,91,103,80,11,1.000000051688403,1.3767385920509696
Measured,1006,247232,1,125,86,102,76,10,0.99999999278225,1.37300706631504
Measured,1007,521158,1,125,90,106,79,11,0.9999999711290002,1.3828164266888052
Measured,1008,524208,1,126,90,104,80,10,0.9999999753199518,1.3300001833122224
Measured,1009,11741,-1,126,61,78,39,22,0.9999999552965164,1.0520448118913919
Measured,1010,33047,-1,126,57,77,38,19,1.0000000605359674,0.8485060401726514
Measured,1011,10057,-1,126,86,102,42,44,0.9999999585561454,1.4974522655829787
Measured,1012,10457,-1,126,69,122,32,37,0.9999999860301614,1.7961747389053926
Measured,1013,10097,-1,126,154,213,85,69,1.0000000048894435,3.0041763747576624
Measured,1014,10138,-1,126,143,200,86,57,1.0000000279396772,3.0228672781959176
Measured,1015,10217,1,126,51,46,25,26,0.9999999571591616,0.7512266186531633
Measured,1016,512580,1,127,56,47,24,32,0.9999999478459358,0.740506129572168
Measured,1017,10666,1,127,67,78,31,36,1.0000000251457095,1.1140183925163
Measured,1018,12257,1,127,59,81,28,31,0.9999999785795808,1.1684237699955702
Measured,1019,12893,1,127,52,71,17,35,1.000000011175871,1.3041614901740104
Measured,1020,13449,1,127,55,59,20,35,1.000000019557774,1.0650108985137194
Measured,1021,11546,0,127,80,0,61,19,1.0000000135041773,0.0
Measured,1022,11722,0,127,84,0,69,15,0.9999999743886292,0.0
Measured,1023,521581,-1,127,39,57,29,10,0.9999999701976776,0.47571144974790514
Rewired 101,0,12929,1,0,90,104,74,16,0.999999990221113,1.3704559486359358
Rewired 101,1,13621,1,0,88,103,77,11,1.000000006519258,1.357961823232472
Rewired 101,2,13716,0,0,90,0,78,12,1.0000000367872417,0.0
Rewired 101,3,11569,-1,0,83,133,41,42,0.9999999385327101,1.8369106866884977
Rewired 101,4,11601,-1,0,100,153,50,50,0.99999999278225,2.149364229408093
Rewired 101,5,10378,1,0,204,173,139,65,0.999999986961484,2.5915136807598174
Rewired 101,6,10593,1,0,206,176,142,64,1.0000000344589353,2.2544812739361078
Rewired 101,7,12371,1,0,71,70,52,19,0.9999999962747097,0.8099077150691301
Rewired 101,8,23204,1,1,79,75,63,16,0.9999999804422259,0.9338683381211013
Rewired 101,9,529602,-1,1,48,78,35,13,0.9999999944120646,1.040728936670348
Rewired 101,10,14411,-1,1,68,41,29,39,1.0000000083819032,0.49161343090236187
Rewired 101,11,10406,1,1,67,52,27,40,1.0000000270083547,0.6434338816907257
Rewired 101,12,531863,1,1,64,50,24,40,0.9999999729916453,0.535102543537505
Rewired 101,13,10005,-1,1,74,77,21,53,1.0000000144355,1.1712230544071645
Rewired 101,14,10070,-1,1,78,71,26,52,1.0000000344589353,0.9087507388321683
Rewired 101,15,11787,1,1,75,61,18,57,1.0000000488944352,0.8131412074435502
Rewired 101,16,521650,1,2,87,53,29,58,1.0000000284053385,0.6446113027632236
Rewired 101,17,10031,-1,2,38,30,13,25,1.0000000447034836,0.4444982494460419
Rewired 101,18,10148,-1,2,40,37,12,28,0.9999999683350325,0.5490211031865329
Rewired 101,19,10502,-1,2,34,37,11,23,1.0000000344589353,0.4661083791870624
Rewired 101,20,523317,-1,2,33,32,12,21,0.9999999515712261,0.36254079453647137
Rewired 101,21,10212,-1,2,87,76,33,54,0.9999999571591616,1.0622949679382145
Rewired 101,22,10239,-1,2,69,59,23,46,0.9999999408610165,1.0156309301964939
Rewired 101,23,10875,-1,2,80,71,32,48,0.9999999809078872,1.2265745596960187
Rewired 101,24,11571,-1,3,71,48,22,49,1.0000000386498868,0.6796722448198125
Rewired 101,25,11445,-1,3,69,46,26,43,0.9999999883584678,0.7824571828823537
Rewired 101,26,11764,-1,3,68,45,26,42,1.0000000181607902,0.5921653931727633
Rewired 101,27,10540,-1,3,96,134,49,47,0.9999999860301614,2.027948539238423
Rewired 101,28,10977,-1,3,87,109,44,43,1.0000000041909516,1.4703038012376055
Rewired 101,29,10224,-1,3,140,141,92,48,0.9999999625142664,2.4352547281887382
Rewired 101,30,10241,-1,3,157,174,108,49,1.0000000093132257,2.2709336335537955
Rewired 101,31,15118,-1,3,121,63,60,61,0.9999999629799277,0.8074723308673128
Rewired 101,32,16446,-1,4,101,76,46,55,0.9999999566935003,1.012648633797653
Rewired 101,33,10082,-1,4,203,187,110,93,0.9999999958090484,2.627328382572159
Rewired 101,34,10115,-1,4,179,169,94,85,0.9999999748542905,2.209449114976451
Rewired 101,35,11376,-1,4,104,105,56,48,1.0000000409781933,1.2412021993659437
Rewired 101,36,531273,-1,4,79,94,41,38,1.0000000102445483,1.6483562306966633
Rewired 101,37,12729,1,4,113,112,54,59,0.9999999981373549,1.4324293471872807
Rewired 101,38,519909,1,4,108,110,48,60,0.9999999948777258,1.2855693858582526
Rewired 101,39,13288,1,4,87,90,50,37,0.999999969266355,1.2602430856786668
Rewired 101,40,14884,1,5,69,84,42,27,1.0000000018626451,0.9625703056808561
Rewired 101,41,11439,1,5,79,101,36,43,0.999999956227839,1.2598204485839233
Rewired 101,42,12519,1,5,100,106,49,51,1.000000029336661,1.2072138915536925
Rewired 101,43,12125,-1,5,68,129,48,20,1.0000000046566129,2.0146928200265393
Rewired 101,44,519862,-1,5,54,103,33,21,1.000000013038516,1.3550460787955672
Rewired 101,45,12561,-1,5,116,118,72,44,1.0000000507570803,1.6251626757439226
Rewired 101,46,13305,-1,5,92,88,58,34,0.9999999604187906,1.0266538800206035
Rewired 101,47,524133,-1,5,75,58,43,32,0.9999999897554517,0.7355500033590943
Rewired 101,48,14728,1,6,71,64,41,30,0.9999999501742423,0.8014653075952083
Rewired 101,49,12063,1,6,111,85,57,54,0.9999999599531293,0.9880410574842244
Rewired 101,50,10494,-1,6,156,164,103,53,0.9999999804422259,2.252117191790603
Rewired 101,51,10879,-1,6,193,191,129,64,0.9999999937135726,2.944410762633197
Rewired 101,52,11654,-1,6,95,113,67,28,0.9999999883584678,1.504255994106643
Rewired 101,53,11937,-1,6,82,97,57,25,1.0000000149011612,1.1938848320860416
Rewired 101,54,10993,-1,6,99,84,56,43,1.0000000139698386,1.2442729924805462
Rewired 101,55,523672,-1,6,109,85,61,48,1.0000000027939677,1.3509996158536524
Rewired 101,56,10421,-1,7,130,166,83,47,0.9999999962747097,2.834510831395164
Rewired 101,57,10719,-1,7,172,198,106,66,0.9999999839346856,2.9789793374948204
Rewired 101,58,10172,-1,7,143,171,96,47,0.9999999874271452,2.5229393725749105
Rewired 101,59,21568,-1,7,161,184,111,50,0.9999999786959961,2.8290874373633415
Rewired 101,60,12552,-1,7,86,107,48,38,0.9999999646097422,1.371633458067663
Rewired 101,61,12932,-1,7,62,77,32,30,0.9999999888241291,1.4915662182029337
Rewired 101,62,10404,-1,7,114,123,76,38,0.9999999650754035,1.7700342743191868
Rewired 101,63,520034,-1,7,94,104,63,31,0.9999999613501132,1.4527741989586502
Rewired 101,64,10307,-1,8,105,145,58,47,0.9999999771825969,1.867867085384205
Rewired 101,65,10614,-1,8,27,30,11,16,0.9999999981373549,0.4420375020708889
Rewired 101,66,11631,-1,8,45,51,25,20,1.0000000167638063,0.5852081591729075
Rewired 101,67,11128,-1,8,74,100,36,38,1.0000000204890966,1.6354272968601435
Rewired 101,68,12547,-1,8,86,130,54,32,1.0000000433064997,1.6916951448656619
Rewired 101,69,11181,-1,8,84,106,48,36,1.0000000321306288,1.4019018105464056
Rewired 101,70,11460,-1,8,105,138,58,47,1.0000000395812094,2.0106278454186395
Rewired 101,71,12015,-1,8,45,70,25,20,0.999999969266355,0.8219199266750365
Rewired 101,72,102545,-1,9,29,47,14,15,1.0000000149011612,0.6527070151641965
Rewired 101,73,15360,-1,9,51,62,33,18,1.000000011175871,0.9663141352357343
Rewired 101,74,525354,-1,9,39,44,22,17,1.0000000093132257,0.5496698773931712
Rewired 101,75,16752,1,9,87,91,38,49,1.0000000158324838,1.1602613847935572
Rewired 101,76,16624,1,9,38,82,20,18,1.0000000474974513,0.9275064158719033
Rewired 101,77,11224,1,9,95,131,52,43,0.9999999878928065,1.729451996856369
Rewired 101,78,388536,1,9,87,126,51,36,1.0000000116415322,1.7417709005530924
Rewired 101,79,13626,1,9,90,117,51,39,1.0000000479631126,1.4491974259726703
Rewired 101,80,532838,1,10,91,112,50,41,0.9999999911524355,1.4343738837633282
Rewired 101,81,12525,1,10,148,151,80,68,0.9999999972060323,2.1046059757936746
Rewired 101,82,513433,1,10,123,118,58,65,1.0000000086147338,1.4767680373042822
Rewired 101,83,14281,1,10,74,69,45,29,0.9999999622814357,0.8451498807407916
Rewired 101,84,14309,1,10,90,74,52,38,1.0000000153668225,0.9869521013461053
Rewired 101,85,511956,1,10,72,62,37,35,0.9999999925494194,0.822166055906564
Rewired 101,86,514522,1,10,96,84,57,39,0.9999999767169356,1.3275145861553028
Rewired 101,87,15417,1,10,94,97,52,42,0.9999999762512743,1.378647078294307
Rewired 101,88,18938,1,11,88,96,46,42,0.9999999983701855,1.1063518945593387
Rewired 101,89,13111,1,11,82,71,46,36,0.9999999599531293,1.228478563716635
Rewired 101,90,10602,-1,11,33,93,9,24,1.0000000037252903,1.1701943394728005
Rewired 101,91,13148,-1,11,34,89,13,21,0.9999999785795808,1.2545034165959805
Rewired 101,92,11518,-1,11,61,94,33,28,1.0000000330619514,1.2300146650522947
Rewired 101,93,522857,-1,11,72,111,39,33,1.0000000190921128,1.659670649911277
Rewired 101,94,11664,-1,11,70,137,29,41,1.000000011175871,1.9610118591226637
Rewired 101,95,11923,-1,11,59,104,30,29,1.000000024214387,1.6857365964679047
Rewired 101,96,10667,1,12,107,95,53,54,1.0000000286381692,1.0589460525661707
Rewired 101,97,12798,1,12,118,109,54,64,0.9999999804422259,1.4045962844975293
Rewired 101,98,10900,-1,12,83,82,48,35,1.000000013038516,1.2140847139526159
Rewired 101,99,12645,-1,12,99,116,61,38,1.0000000190921128,1.5215704314177856
Rewired 101,100,10319,-1,12,113,138,80,33,1.0000000046566129,1.9605467128567398
Rewired 101,101,10917,-1,12,120,159,86,34,1.0000000342261046,2.6648594414582476
Rewired 101,102,14640,-1,12,34,69,16,18,1.000000013038516,0.9861815166659653
Rewired 101,103,12731,-1,12,107,84,62,45,0.9999999762512743,0.8354636617004871
Rewired 101,104,532827,-1,13,91,60,55,36,0.9999999585561454,0.7035734583623707
Rewired 101,105,15856,-1,13,44,83,20,24,0.9999999795109034,1.05518775456585
Rewired 101,106,11018,1,13,83,169,37,46,1.0000000540167093,2.2338662075344473
Rewired 101,107,11727,1,13,105,154,48,57,1.000000011175871,1.905527289956808
Rewired 101,108,10155,1,13,135,117,84,51,1.0000000253785402,1.4651885882485658
Rewired 101,109,555384,1,13,114,115,66,48,1.0000000079162419,1.3628986448748037
Rewired 101,110,10749,1,13,60,75,30,30,1.0000000237487257,0.8529048587661237
Rewired 101,111,533442,1,13,69,94,34,35,1.0000000139698386,1.2379334204597399
Rewired 101,112,529378,1,14,72,90,42,30,0.9999999976716936,1.1956300800666213
Rewired 101,113,11499,1,14,82,99,39,43,0.999999962747097,1.2201129940804094
Rewired 101,114,12789,1,14,107,107,55,52,1.000000033993274,1.3020902862772346
Rewired 101,115,11792,1,14,86,87,32,54,1.0000000316649675,1.0190557390451431
Rewired 101,116,12363,1,14,97,96,42,55,1.0000000291038305,1.0734810659196228
Rewired 101,117,12120,1,14,91,52,30,61,1.00000003981404,0.6066925639752299
Rewired 101,118,12326,1,14,107,59,44,63,1.0000000102445483,0.8347770485561341
Rewired 101,119,12751,1,14,93,60,32,61,0.9999999664723873,0.7930300778243691
Rewired 101,120,13782,1,15,50,36,20,30,1.0000000316649675,0.5593817899934947
Rewired 101,121,16095,1,15,25,38,7,18,0.9999999618157744,0.3816325821680948
Rewired 101,122,16248,1,15,21,36,8,13,0.9999999813735485,0.37621775711886585
Rewired 101,123,13108,1,15,63,67,32,31,0.9999999925494194,1.084356773411855
Rewired 101,124,533064,1,15,60,47,30,30,0.9999999972060323,0.5936868719290942
Rewired 101,125,13150,1,15,35,59,12,23,1.000000017695129,0.7355382500682026
Rewired 101,126,519345,1,15,22,38,5,17,1.0000000149011612,0.3866929425857961
Rewired 101,127,522194,1,15,28,42,9,19,0.999999993480742,0.4654386774636805
Rewired 101,128,10780,1,16,89,77,44,45,0.9999999739229679,0.911462981486693
Rewired 101,129,12041,1,16,106,90,52,54,1.0000000246800482,1.1158286368008703
Rewired 101,130,10934,1,16,100,96,51,49,0.9999999641440809,1.168326131417416
Rewired 101,131,12573,1,16,100,118,48,52,0.9999999864958227,1.58504247025121
Rewired 101,132,511960,1,16,50,73,21,29,0.9999999715946615,0.9870388826820999
Rewired 101,133,13747,1,16,27,42,9,18,0.9999999944120646,0.611711632926017
Rewired 101,134,15536,1,16,30,42,13,17,0.9999999776482582,0.5425749747082591
Rewired 101,135,533065,1,16,18,21,4,14,0.9999999888241291,0.21366838505491614
Rewired 101,136,13953,1,17,94,129,47,47,0.9999999739229679,1.6022817051270977
Rewired 101,137,14723,1,17,76,87,30,46,0.9999999944120646,1.2072227890603244
Rewired 101,138,12289,1,17,122,113,70,52,0.999999990221113,1.5072066808352247
Rewired 101,139,13521,1,17,95,93,54,41,0.9999999655410647,1.1144298292929307
Rewired 101,140,10659,1,17,155,147,82,73,1.0000000165309757,1.7886092291446403
Rewired 101,141,519531,1,17,118,149,58,60,1.0000000155996531,1.8712754945736378
Rewired 101,142,13300,1,17,113,68,60,53,1.000000020954758,0.8312996784225106
Rewired 101,143,520590,1,17,104,72,55,49,0.9999999734573066,0.9192370118107647
Rewired 101,144,10519,1,18,118,60,62,56,0.9999999951105565,0.6736907579470426
Rewired 101,145,11148,1,18,90,57,49,41,0.9999999930150807,0.7003679368644953
Rewired 101,146,12515,1,18,100,102,47,53,1.0000000225845724,1.3040489587001503
Rewired 101,147,13200,1,18,109,102,58,51,0.9999999788124114,1.2390569176059216
Rewired 101,148,11240,1,18,61,75,32,29,0.9999999995343387,1.054234600160271
Rewired 101,149,12018,1,18,71,107,38,33,1.0000000251457095,1.1912048830417916
Rewired 101,150,14551,1,18,79,108,44,35,1.0000000149011612,1.3658285246929154
Rewired 101,151,533480,1,18,52,82,27,25,1.0000000055879354,0.9796856925822794
Rewired 101,152,15697,1,19,105,113,60,45,0.999999966006726,1.3097815858200192
Rewired 101,153,10098,1,19,103,100,59,44,0.9999999820720404,1.2427329132333398
Rewired 101,154,31440,1,19,127,108,62,65,1.0000000190921128,1.3840091993333772
Rewired 101,155,22607,-1,19,89,90,47,42,0.9999999939464033,1.0702403767500073
Rewired 101,156,523842,-1,19,79,75,42,37,1.0000000102445483,1.0695909026544541
Rewired 101,157,12153,-1,19,50,103,32,18,1.0000000223517418,1.345311051234603
Rewired 101,158,36607,-1,19,39,83,24,15,1.0000000074505806,1.3661652139853686
Rewired 101,159,13774,-1,19,98,76,62,36,1.0000000335276127,1.027599586872384
Rewired 101,160,10898,0,20,122,0,73,49,0.9999999664723873,0.0
Rewired 101,161,529811,0,20,102,0,54,48,0.9999999897554517,0.0
Rewired 101,162,519296,1,20,138,106,82,56,1.0000000279396772,1.1503107738681138
Rewired 101,163,521687,1,20,117,121,62,55,0.9999999795109034,1.487515665590763
Rewired 101,164,10874,-1,20,109,93,64,45,0.9999999972060323,1.300894770072773
Rewired 101,165,12161,-1,20,131,118,81,50,1.0000000144355,1.6645886171609163
Rewired 101,166,11630,1,20,121,112,55,66,1.000000019557774,1.438067654846236
Rewired 101,167,30511,1,20,92,91,35,57,1.000000013038516,1.188991139875725
Rewired 101,168,11697,1,21,59,79,25,34,1.0000000181607902,0.8703628988005221
Rewired 101,169,12870,1,21,91,111,49,42,0.999999966705218,1.4444728717207909
Rewired 101,170,10348,1,21,108,126,46,62,0.9999999718274921,1.5869121423456818
Rewired 101,171,11250,1,21,122,127,56,66,0.9999999832361937,1.7347380820428953
Rewired 101,172,11101,1,21,73,139,27,46,0.9999999804422259,1.5325213545002043
Rewired 101,173,11462,1,21,91,129,42,49,1.0000000316649675,1.5945581826381385
Rewired 101,174,374042364,1,21,84,84,45,39,1.0000000302679837,0.9525723243132234
Rewired 101,175,13835,1,21,101,109,55,46,0.999999949708581,1.508169351844117
Rewired 101,176,14186,1,22,78,93,39,39,1.0000000139698386,1.25907923001796
Rewired 101,177,13329,1,22,74,78,30,44,0.9999999674037099,0.9028603727929294
Rewired 101,178,523860,1,22,73,77,25,48,1.0000000451691449,1.0083829169161618
Rewired 101,179,13924,1,22,106,127,57,49,0.9999999892897904,1.5346567947417498
Rewired 101,180,525350,1,22,100,127,53,47,1.0000000158324838,1.773492748849094
Rewired 101,181,10828,-1,22,102,108,59,43,1.0000000465661287,1.3315996814053506
Rewired 101,182,10943,-1,22,128,119,73,55,1.0000000037252903,1.7757362202974036
Rewired 101,183,10847,0,22,161,0,104,57,0.9999999809078872,0.0
Rewired 101,184,522410,0,23,124,0,77,47,1.0000000472646207,0.0
Rewired 101,185,12283,-1,23,63,99,33,30,0.9999999962747097,1.4715673869941384
Rewired 101,186,12396,-1,23,82,126,39,43,1.0000000325962901,1.8005570956738666
Rewired 101,187,12856,1,23,115,116,72,43,0.9999999965075403,1.4360001287423074
Rewired 101,188,12878,1,23,87,94,44,43,1.0000000321306288,1.3093054561177269
Rewired 101,189,10375,-1,23,86,108,58,28,0.9999999781139195,1.75798420002684
Rewired 101,190,11549,-1,23,72,87,45,27,1.0000000395812094,1.4844491836847737
Rewired 101,191,12423,-1,23,111,129,76,35,0.9999999811407179,1.9554681689478457
Rewired 101,192,12488,-1,24,79,100,52,27,0.9999999664723873,1.3214457470458
Rewired 101,193,12276,-1,24,52,91,34,18,1.0000000190921128,1.4517574425553903
Rewired 101,194,13080,-1,24,64,108,43,21,0.9999999683350325,1.7003338511567563
Rewired 101,195,10353,0,24,162,0,110,52,1.0000000315485522,0.0
Rewired 101,196,523512,0,24,132,0,89,43,1.0000000020954758,0.0
Rewired 101,197,11580,-1,24,68,119,31,37,0.9999999636784196,1.417120897443965
Rewired 101,198,12205,-1,24,104,153,52,52,1.0000000279396772,2.213990240590647
Rewired 101,199,10925,-1,24,60,95,25,35,1.0000000149011612,1.269983027363196
Rewired 101,200,11091,-1,25,53,75,19,34,1.0000000055879354,1.1206483617424965
Rewired 101,201,10708,-1,25,32,64,13,19,0.9999999534338713,0.8715906364377588
Rewired 101,202,10902,-1,25,59,100,31,28,0.9999999832361937,1.3984672571532428
Rewired 101,203,49693,-1,25,14,41,6,8,1.000000024214387,0.5624008204322308
Rewired 101,204,512903,-1,25,31,59,12,19,1.000000017695129,0.8085546514485031
Rewired 101,205,11115,1,25,135,109,71,64,0.9999999813735485,1.6014867252670228
Rewired 101,206,12390,1,25,126,99,61,65,1.0000000330619514,1.2262869576225057
Rewired 101,207,12676,1,25,105,90,55,50,1.0000000270083547,1.2456403154646978
Rewired 101,208,13576,1,26,119,85,62,57,1.0000000181607902,1.0674434008542448
Rewired 101,209,13400,1,26,89,102,43,46,1.0000000414438546,1.164126634132117
Rewired 101,210,10792,1,26,94,99,47,47,1.0000000288709998,1.2515857287216932
Rewired 101,211,13085,1,26,108,105,57,51,0.9999999906867743,1.4487122499849647
Rewired 101,212,10325,1,26,147,118,67,80,1.00000006146729,1.466285581002012
Rewired 101,213,11349,1,26,118,120,46,72,0.9999999743886292,1.810288788517937
Rewired 101,214,12769,1,26,127,99,61,66,1.000000002561137,1.0197346254717559
Rewired 101,215,12615,1,26,83,124,33,50,0.9999999823048711,1.8409796104533598
Rewired 101,216,12148,1,27,83,118,45,38,0.9999999757856131,1.7066463106311858
Rewired 101,217,15288,1,27,100,122,55,45,0.9999999613501132,1.493122790241614
Rewired 101,218,12930,1,27,91,113,35,56,0.9999999762512743,1.4957829711493105
Rewired 101,219,14900,1,27,107,113,48,59,0.9999999734573066,1.4341750058811158
Rewired 101,220,15298,1,27,88,108,35,53,1.000000016298145,1.312589626177214
Rewired 101,221,11648,-1,27,111,69,65,46,1.000000019557774,0.7970043788664043
Rewired 101,222,11776,-1,27,98,62,55,43,1.000000022817403,0.935278415796347
Rewired 101,223,12020,1,27,94,115,47,47,0.999999996740371,1.188590673613362
Rewired 101,224,12444,1,28,112,107,66,46,1.0000000081490725,1.34201138431672
Rewired 101,225,11237,0,28,55,0,21,34,0.9999999748542905,0.0
Rewired 101,226,11317,0,28,49,0,20,29,1.0000000484287739,0.0
Rewired 101,227,15896,1,28,102,126,59,43,1.000000016298145,1.859224886400625
Rewired 101,228,10094,-1,28,53,79,29,24,1.0000000321306288,1.3018304866272956
Rewired 101,229,10646,-1,28,74,106,41,33,1.0000000088475645,1.547504048096016
Rewired 101,230,11125,0,28,110,0,63,47,0.9999999694991857,0.0
Rewired 101,231,520188,0,28,131,0,83,48,0.9999999790452421,0.0
Rewired 101,232,11110,-1,29,32,40,11,21,1.0000000493600965,0.4713134178891778
Rewired 101,233,10588,-1,29,132,90,66,66,0.9999999925494194,1.249188474030234
Rewired 101,234,525452,-1,29,127,100,64,63,0.9999999855645001,1.4512354026082903
Rewired 101,235,10988,-1,29,61,80,24,37,1.0000000144355,1.01982049504295
Rewired 101,236,521783,-1,29,67,86,25,42,1.000000058207661,1.1824782527983189
Rewired 101,237,11854,1,29,114,106,51,63,0.9999999678693712,1.3778801040025428
Rewired 101,238,520020,1,29,100,100,39,61,0.9999999473802745,1.150881087174639
Rewired 101,239,12857,1,29,47,66,17,30,0.9999999636784196,0.9814921021461487
Rewired 101,240,521490,1,30,45,70,16,29,1.000000026077032,0.9156786845996976
Rewired 101,241,13385,1,30,101,109,56,45,0.9999999953433871,1.3291697554523125
Rewired 101,242,12903,1,30,51,55,22,29,1.0000000400468707,0.6698743489105254
Rewired 101,243,11331,1,30,47,73,18,29,1.0000000223517418,0.7616354478523135
Rewired 101,244,13162,1,30,60,84,27,33,1.0000000107102096,1.197721495758742
Rewired 101,245,10035,-1,30,132,180,82,50,1.0000000088475645,2.7577426077332348
Rewired 101,246,10299,-1,30,118,171,69,49,1.0000000381842256,2.417487731669098
Rewired 101,247,10748,-1,30,4,8,1,3,1.0,0.14108655089512467
Rewired 101,248,12747,-1,31,29,39,12,17,1.0000000428408384,0.6429703203029931
Rewired 101,249,533751,-1,31,27,31,9,18,1.000000011175871,0.4427328067831695
Rewired 101,250,52029,1,31,92,121,48,44,0.9999999590218067,1.4552420293912292
Rewired 101,251,10252,-1,31,95,95,56,39,1.0000000232830644,1.1621341954451054
Rewired 101,252,28160,-1,31,99,104,59,40,1.0000000004656613,1.348947089863941
Rewired 101,253,11407,-1,31,92,91,66,26,1.0000000251457095,1.155889667221345
Rewired 101,254,524881,-1,31,82,86,52,30,1.0000000265426934,1.3234562219586223
Rewired 101,255,13757,-1,31,82,36,53,29,1.0000000442378223,0.4684014683589339
Rewired 101,256,521360,-1,32,73,35,44,29,1.000000050291419,0.5630111035425216
Rewired 101,257,11679,-1,32,79,74,47,32,1.0000000046566129,0.9102857687976211
Rewired 101,258,512842,-1,32,80,78,45,35,1.0000000041909516,1.2435863185673952
Rewired 101,259,10412,-1,32,73,70,42,31,0.9999999441206455,0.8737819067901
Rewired 101,260,13515,-1,32,100,87,56,44,0.9999999608844519,1.1175399064086378
Rewired 101,261,11022,1,32,72,61,30,42,1.0000000158324838,0.8211753193754703
Rewired 101,262,24597,1,32,80,58,27,53,1.0000000139698386,0.850234599551186
Rewired 101,263,10604,-1,32,62,72,35,27,0.9999999525025487,0.9475451589096338
Rewired 101,264,531768,-1,33,94,83,54,40,0.9999999986030161,1.1685395499225706
Rewired 101,265,12685,-1,33,23,52,7,16,1.000000011175871,0.6749415369704366
Rewired 101,266,11675,1,33,148,133,84,64,1.0000000451691449,1.562858369667083
Rewired 101,267,523385,1,33,121,111,67,54,1.0000000041909516,1.608653467381373
Rewired 101,268,10698,1,33,73,53,42,31,1.0000000009313226,0.728648028569296
Rewired 101,269,11308,1,33,92,74,49,43,0.9999999739229679,0.8739959669765085
Rewired 101,270,12137,1,33,107,115,59,48,1.000000024214387,1.3022328392835334
Rewired 101,271,13302,1,33,115,129,70,45,0.9999999990686774,1.7127779272850603
Rewired 101,272,10681,1,34,88,101,39,49,0.999999943189323,1.1790797365829349
Rewired 101,273,12208,1,34,70,94,29,41,0.9999999729916453,1.3834037203341722
Rewired 101,274,11543,1,34,76,65,41,35,1.0000000079162419,1.0019587785936892
Rewired 101,275,12081,1,34,73,69,42,31,1.0000000214204192,1.275600471533835
Rewired 101,276,10998,1,34,81,34,43,38,1.0000000251457095,0.36916888458654284
Rewired 101,277,11311,-1,34,90,83,41,49,1.0000000018626451,1.2483684569597244
Rewired 101,278,521126,-1,34,83,75,46,37,0.9999999790452421,1.08139022893738
Rewired 101,279,12984,1,34,95,86,34,61,0.9999999678693712,0.993646630551666
Rewired 101,280,512673,1,35,79,77,28,51,0.9999999804422259,0.9924877029843628
Rewired 101,281,10393,1,35,107,92,48,59,1.0000000183936208,1.1780915167182684
Rewired 101,282,11705,1,35,87,85,37,50,1.000000017695129,1.4039469952695072
Rewired 101,283,10778,1,35,121,104,67,54,0.9999999962747097,1.3297516775783151
Rewired 101,284,11108,1,35,117,93,56,61,0.9999999897554517,0.9279728657566011
Rewired 101,285,12963,-1,35,18,35,9,9,0.999999986961484,0.39154601423069835
Rewired 101,286,12832,1,35,125,101,64,61,1.000000013038516,1.3055597220081836
Rewired 101,287,529023,1,35,113,137,57,56,1.000000016298145,1.887470138259232
Rewired 101,288,10487,1,36,107,32,34,73,1.0000000419095159,0.40412746043875813
Rewired 101,289,10987,1,36,110,33,39,71,1.0000000074505806,0.4663355320226401
Rewired 101,290,11268,1,36,120,112,77,43,0.9999999813735485,1.305718667106703
Rewired 101,291,11353,1,36,128,116,83,45,0.9999999662395567,1.434466511476785
Rewired 101,292,556064,1,36,29,37,13,16,0.9999999525025487,0.5376851956825703
Rewired 101,293,558801,1,36,39,29,16,23,0.9999999599531293,0.46876952750608325
Rewired 101,294,10186,1,36,93,103,47,46,1.000000016298145,1.210797717096284
Rewired 101,295,10883,1,36,101,107,51,50,0.9999999748542905,1.2704831297742203
Rewired 101,296,10184,-1,37,125,179,77,48,0.999999986961484,2.336867907550186
Rewired 101,297,10323,-1,37,112,158,69,43,0.9999999981373549,2.935695720370859
Rewired 101,298,10368,1,37,107,138,48,59,0.9999999688006938,1.690390179399401
Rewired 101,299,114715,1,37,92,144,37,55,0.9999999850988388,2.135685707209632
Rewired 101,300,10285,1,37,115,116,43,72,0.99999995296821,1.4466248650569469
Rewired 101,301,519132,1,37,110,112,48,62,1.0000000190921128,1.4059789758175611
Rewired 101,302,16473,-1,37,78,82,37,41,1.000000054948032,1.1049167963210493
Rewired 101,303,522715,-1,37,85,95,37,48,0.9999999753199518,1.2272397549822927
Rewired 101,304,14133,-1,38,88,97,39,49,0.9999999571591616,1.7084648397285491
Rewired 101,305,512662,-1,38,84,108,38,46,1.0000000270083547,1.4019969418877736
Rewired 101,306,10635,-1,38,92,105,43,49,0.999999972525984,1.6372513307724148
Rewired 101,307,10916,-1,38,115,124,54,61,1.0000000002328306,1.642670258646831
Rewired 101,308,13870,-1,38,95,124,39,56,1.0000000279396772,1.551086122635752
Rewired 101,309,532568,-1,38,90,123,36,54,0.9999999832361937,1.6639530716929585
Rewired 101,310,11192,-1,38,102,112,45,57,1.0000000381842256,1.466691128211096
Rewired 101,311,533590,-1,38,107,120,44,63,0.9999999655410647,1.8233918445184827
Rewired 101,312,11634,-1,39,102,91,41,61,0.9999999599531293,1.3660476747900248
Rewired 101,313,534301,-1,39,70,80,29,41,0.9999999892897904,1.024615838075988
Rewired 101,314,12761,-1,39,73,97,29,44,0.9999999604187906,1.4927141959778965
Rewired 101,315,520393,-1,39,71,94,27,44,0.9999999762512743,1.244821519823745
Rewired 101,316,10669,-1,39,77,91,38,39,0.9999999874271452,1.154211196815595
Rewired 101,317,520337,-1,39,85,94,38,47,0.9999999608844519,1.450416063889861
Rewired 101,318,10521,-1,39,68,62,27,41,0.9999999925494194,0.801385116064921
Rewired 101,319,11423,-1,39,86,88,39,47,1.0000000121071935,1.704197161947377
Rewired 101,320,11945,-1,40,78,93,36,42,0.9999999981373549,1.067112949443981
Rewired 101,321,11318,-1,40,73,93,35,38,1.0000000037252903,1.069346966338344
Rewired 101,322,11607,-1,40,66,92,31,35,1.0000000321306288,1.072434201836586
Rewired 101,323,11227,0,40,148,0,101,47,0.9999999944120646,0.0
Rewired 101,324,14212,0,40,146,0,99,47,0.9999999520368874,0.0
Rewired 101,325,14530,1,40,55,69,44,11,0.9999999753199518,1.0437706436496228
Rewired 101,326,11135,1,40,71,79,52,19,0.9999999962747097,0.9214182455325499
Rewired 101,327,519850,1,40,70,83,49,21,0.9999999864958227,0.9743011915124953
Rewired 101,328,10470,1,41,72,77,50,22,1.0000000330619514,0.9213987805414945
Rewired 101,329,10569,1,41,67,80,47,20,1.000000026077032,0.9214265556074679
Rewired 101,330,17484,1,41,58,80,40,18,1.0000000521540642,1.0349818898830563
Rewired 101,331,12160,1,41,60,80,41,19,1.0000000251457095,0.9733528767246753
Rewired 101,332,10359,1,41,55,67,39,16,0.9999999678693712,0.9821979105472565
Rewired 101,333,12782,1,41,60,76,42,18,0.999999956227839,1.0402674785582349
Rewired 101,334,520003,1,41,65,78,47,18,1.000000022817403,0.9008319927379489
Rewired 101,335,10767,1,41,68,76,48,20,1.0000000298023224,0.9917444395832717
Rewired 101,336,525105,1,42,73,93,51,22,1.0000000051222742,1.315715910634026
Rewired 101,337,10176,1,42,81,96,56,25,1.0000000251457095,1.1125570896547288
Rewired 101,338,10208,1,42,85,100,55,30,1.0000000311993062,1.1622753124684095
Rewired 101,339,11080,1,42,73,82,48,25,1.0000000325962901,0.9848755492130294
Rewired 101,340,11092,1,42,72,87,47,25,0.9999999939464033,0.9439999242313206
Rewired 101,341,12171,1,42,64,76,44,20,1.0000000442378223,1.0898159757489339
Rewired 101,342,520466,1,42,66,85,44,22,1.0000000237487257,1.1175415962934494
Rewired 101,343,10111,1,42,67,72,44,23,0.9999999608844519,0.8647709201322868
Rewired 101,344,11469,1,43,66,75,45,21,0.9999999729916453,0.9534628058318049
Rewired 101,345,10613,1,43,78,97,53,25,1.0000000321306288,0.9634026228450239
Rewired 101,346,10670,1,43,73,94,50,23,0.9999999739229679,1.264729355694726
Rewired 101,347,10423,1,43,76,88,47,29,1.000000037951395,1.085827321978286
Rewired 101,348,10524,1,43,71,83,45,26,0.9999999825377017,1.0069618397392333
Rewired 101,349,10084,1,43,91,102,60,31,1.0000000344589353,1.2754564975621179
Rewired 101,350,10126,1,43,87,101,54,33,1.0000000060535967,1.0817791162990034
Rewired 101,351,11734,0,43,33,0,9,24,0.9999999906867743,0.0
Rewired 101,352,12569,0,44,32,0,10,22,1.0000000149011612,0.0
Rewired 101,353,15616,1,44,20,27,11,9,1.0000000298023224,0.30029857181943953
Rewired 101,354,512513,1,44,21,28,11,10,0.9999999599531293,0.3370687591377646
Rewired 101,355,512928,1,44,21,24,9,12,1.0000000121071935,0.26520454324781895
Rewired 101,356,513284,1,44,20,25,10,10,1.0000000521540642,0.30324630136601627
Rewired 101,357,515675,1,44,21,27,10,11,0.9999999580904841,0.307264399016276
Rewired 101,358,519140,1,44,19,24,9,10,1.0000000465661287,0.28348803147673607
Rewired 101,359,13434,-1,44,17,20,10,7,1.0000000037252903,0.3078129985369742
Rewired 101,360,10324,1,45,31,28,11,20,1.000000006519258,0.3177929932717234
Rewired 101,361,11433,1,45,32,30,14,18,0.9999999981373549,0.5470910388976336
Rewired 101,362,11886,1,45,30,28,16,14,1.0000000037252903,0.3032106216996908
Rewired 101,363,12656,1,45,31,27,12,19,1.000000024214387,0.3107925218064338
Rewired 101,364,12706,0,45,57,0,21,36,1.0000000256113708,0.0
Rewired 101,365,520468,0,45,60,0,20,40,0.9999999990686774,0.0
Rewired 101,366,10969,-1,45,39,43,21,18,1.000000040512532,0.4698970594909042
Rewired 101,367,520817,-1,45,38,32,18,20,1.0000000158324838,0.3413023690227419
Rewired 101,368,10624,-1,46,26,41,14,12,1.0000000074505806,0.5986914518289268
Rewired 101,369,11326,-1,46,30,41,19,11,0.9999999850988388,0.6289007922168821
Rewired 101,370,22884,-1,46,28,45,17,11,1.0000000093132257,0.5510518103837967
Rewired 101,371,23281,-1,46,30,53,18,12,1.000000037252903,0.7975259113591164
Rewired 101,372,10099,-1,46,58,63,21,37,1.0000000125728548,1.0772557221353054
Rewired 101,373,12506,-1,46,80,81,29,51,0.9999999976716936,1.299603639403358
Rewired 101,374,12106,1,46,39,20,21,18,1.0000000158324838,0.2486725989729166
Rewired 101,375,13058,1,46,32,18,16,16,0.9999999962747097,0.21614088956266642
Rewired 101,376,521584,0,47,80,0,37,43,0.9999999683350325,0.0
Rewired 101,377,533103,0,47,74,0,38,36,0.9999999743886292,0.0
Rewired 101,378,12083,-1,47,39,20,8,31,1.0000000139698386,0.47961407364346087
Rewired 101,379,12802,-1,47,85,21,42,43,0.9999999906867743,0.2395518848206848
Rewired 101,380,15325,-1,47,56,54,17,39,1.0000000447034836,0.6772795945871621
Rewired 101,381,26287,-1,47,60,55,15,45,0.9999999855645001,0.6121180879417807
Rewired 101,382,26665,-1,47,43,36,21,22,0.9999999748542905,0.4670644130092114
Rewired 101,383,12333,0,47,49,0,24,25,1.0000000055879354,0.0
Rewired 101,384,15888,0,48,57,0,25,32,0.9999999878928065,0.0
Rewired 101,385,43756,0,48,55,0,22,33,1.000000027474016,0.0
Rewired 101,386,44903,0,48,51,0,22,29,0.9999999981373549,0.0
Rewired 101,387,23846,-1,48,48,24,20,28,1.000000037252903,0.3123366202926263
Rewired 101,388,520338,-1,48,42,23,15,27,0.999999993480742,0.2747705103829503
Rewired 101,389,14420,-1,48,31,16,9,22,1.0000000204890966,0.2753296443261206
Rewired 101,390,133601,-1,48,31,26,7,24,0.999999986961484,0.5387782715260983
Rewired 101,391,13559,0,48,90,0,46,44,0.9999999981373549,0.0
Rewired 101,392,14434,0,49,68,0,36,32,1.0000000223517418,0.0
Rewired 101,393,23601,0,49,65,0,33,32,1.0000000419095159,0.0
Rewired 101,394,517548,0,49,71,0,37,34,1.0000000256113708,0.0
Rewired 101,395,10744,-1,49,43,21,15,28,0.9999999655410647,0.21716774604283273
Rewired 101,396,12221,-1,49,60,33,22,38,1.0000000167638063,0.40837774076499045
Rewired 101,397,13142,-1,49,54,25,20,34,1.0000000316649675,0.31548271188512444
Rewired 101,398,520435,-1,49,72,41,28,44,1.0000000158324838,0.44043541443534195
Rewired 101,399,13033,1,49,59,28,19,40,1.000000003259629,0.32526935054920614
Rewired 101,400,13101,1,50,70,23,25,45,1.000000063329935,0.288895369740203
Rewired 101,401,14677,-1,50,29,23,10,19,0.9999999739229679,0.2955287133809179
Rewired 101,402,10453,-1,50,12,29,5,7,0.9999999813735485,0.37512312072794884
Rewired 101,403,12248,-1,50,15,29,6,9,0.9999999701976776,0.4019285193644464
Rewired 101,404,523578,-1,50,13,30,5,8,0.9999999888241291,0.4031638621818274
Rewired 101,405,529129,-1,50,14,28,5,9,0.9999999720603228,0.39976737671531737
Rewired 101,406,10514,-1,50,16,25,8,8,1.0000000279396772,0.34453416196629405
Rewired 101,407,533946,-1,50,16,34,9,7,0.9999999962747097,0.6053254741709679
Rewired 101,408,10553,-1,51,14,12,6,8,1.0,0.10806346102617681
Rewired 101,409,10205,-1,51,32,63,15,17,0.999999962747097,0.9610775739420205
Rewired 101,410,10935,-1,51,63,61,36,27,0.9999999953433871,0.7891796985641122
Rewired 101,411,19306,-1,51,71,59,38,33,1.0000000186264515,0.8977184249088168
Rewired 101,412,10864,1,51,14,13,5,9,0.9999999925494194,0.135448117274791
Rewired 101,413,555296,1,51,12,15,5,7,1.000000011175871,0.2057565979193896
Rewired 101,414,555270,-1,51,12,6,6,6,1.0000000037252903,0.10094801522791386
Rewired 101,415,513992,1,51,7,6,1,6,1.0000000670552254,0.07913925964385271
Rewired 101,416,27203,1,52,8,12,4,4,1.0,0.11938813864253461
Rewired 101,417,521222,1,52,36,55,27,9,0.9999999850988388,0.683966166805476
Rewired 101,418,13460,-1,52,11,8,6,5,1.0000000223517418,0.06716758850961924
Rewired 101,419,11896,-1,52,12,18,4,8,1.0000000167638063,0.18040559976361692
Rewired 101,420,12900,-1,52,15,17,8,7,1.000000026077032,0.2558312532491982
Rewired 101,421,11710,-1,52,15,8,6,9,1.000000026077032,0.14423775300383568
Rewired 101,422,12319,-1,52,10,9,6,4,0.9999999981373549,0.07303144654724747
Rewired 101,423,10202,-1,52,100,147,61,39,0.999999956227839,2.2080607902025804
Rewired 101,424,162461,-1,53,69,149,48,21,0.9999999850988388,2.2003445173613727
Rewired 101,425,10103,1,53,66,86,32,34,0.9999999525025487,1.0886388288345188
Rewired 101,426,519567,1,53,55,100,26,29,0.9999999729916453,1.3406185440253466
Rewired 101,427,10510,1,53,75,144,36,39,0.9999999650754035,1.9270926840836182
Rewired 101,428,10617,1,53,72,140,34,38,0.9999999785795808,1.5783447915455326
Rewired 101,429,11231,-1,53,27,44,12,15,0.9999999590218067,0.5872055210638791
Rewired 101,430,520816,-1,53,44,67,30,14,0.9999999804422259,0.8633421002887189
Rewired 101,431,10695,-1,53,47,94,21,26,1.0,1.2221790457842872
Rewired 101,432,32461,1,54,11,12,5,6,0.9999999422580004,0.13031405117362738
Rewired 101,433,26344,-1,54,46,71,24,22,0.9999999888241291,1.3778576918412
Rewired 101,434,10949,-1,54,46,78,22,24,1.0000000167638063,1.280258163693361
Rewired 101,435,17140,-1,54,64,35,30,34,1.0000000027939677,0.45661526592448354
Rewired 101,436,10420,1,54,80,133,35,45,0.9999999813735485,1.51694564986974
Rewired 101,437,10638,1,54,79,131,37,42,0.9999999776482582,1.8983165493700653
Rewired 101,438,10166,-1,54,21,24,14,7,0.9999999832361937,0.20408529951237142
Rewired 101,439,26862,-1,54,27,11,15,12,0.9999999962747097,0.1420083800330758
Rewired 101,440,12455,-1,55,17,22,11,6,1.0000000018626451,0.3990856669843197
Rewired 101,441,525408,-1,55,31,25,15,16,0.9999999385327101,0.36768624489195645
Rewired 101,442,513831,-1,55,14,14,9,5,0.9999999832361937,0.17842168733477592
Rewired 101,443,522335,-1,55,20,18,14,6,0.9999999757856131,0.2701058341190219
Rewired 101,444,11208,1,55,46,32,17,29,1.0000000279396772,0.49653698154725134
Rewired 101,445,521028,1,55,42,30,11,31,0.9999999701976776,0.3401998810004443
Rewired 101,446,10887,-1,55,71,66,25,46,1.0000000037252903,0.6465650545433164
Rewired 101,447,12395,-1,55,71,61,35,36,1.0000000330619514,0.8125555826118216
Rewired 101,448,12724,1,56,52,54,29,23,0.9999999874271452,0.6884772947523743
Rewired 101,449,519724,1,56,63,65,30,33,0.9999999739229679,0.7480331491678953
Rewired 101,450,519461,1,56,58,50,22,36,0.9999999781139195,0.6060562727507204
Rewired 101,451,529641,1,56,57,55,23,34,1.0000000074505806,0.7908776656258851
Rewired 101,452,200284,-1,56,71,87,27,44,0.9999999878928065,1.2526287941727787
Rewired 101,453,519925,-1,56,83,91,27,56,1.000000019557774,1.118108399445191
Rewired 101,454,10725,-1,56,3,14,0,3,1.0000000149011612,0.2217360995709896
Rewired 101,455,531732,-1,56,6,16,0,6,1.0000000149011612,0.3811757587827742
Rewired 101,456,12910,-1,57,41,43,20,21,1.0000000353902578,0.6944464810658246
Rewired 101,457,14192,-1,57,40,58,22,18,0.9999999734573066,0.7395003431010991
Rewired 101,458,11490,-1,57,52,51,22,30,0.9999999878928065,0.8095822371542454
Rewired 101,459,521527,-1,57,54,56,23,31,1.0000000037252903,0.8181219372199848
Rewired 101,460,33289,-1,57,51,36,21,30,1.0000000391155481,0.4680098947137594
Rewired 101,461,11750,-1,57,54,38,22,32,0.9999999674037099,0.5893526395084336
Rewired 101,462,11795,-1,57,58,35,22,36,0.9999999878928065,0.5180757811758667
Rewired 101,463,521529,-1,57,49,34,19,30,0.9999999972060323,0.7217288161627948
Rewired 101,464,13450,-1,58,84,122,42,42,1.0000000074505806,2.0105183518026024
Rewired 101,465,13724,-1,58,76,113,37,39,1.000000003259629,1.6631641547428444
Rewired 101,466,11351,-1,58,60,47,25,35,1.0000000223517418,0.6093887866009027
Rewired 101,467,11457,-1,58,65,61,27,38,1.0000000237487257,1.1254068384878337
Rewired 101,468,555727,1,58,57,69,25,32,1.0000000186264515,0.9547327891923487
Rewired 101,469,12206,-1,58,56,68,24,32,1.0000000391155481,0.8500475739128888
Rewired 101,470,523716,-1,58,55,62,24,31,1.0000000009313226,0.7910492911469191
Rewired 101,471,13182,-1,58,65,57,32,33,0.9999999818392098,0.6514426099602133
Rewired 101,472,525959,-1,59,74,74,37,37,1.0000000046566129,1.002188518177718
Rewired 101,473,16642,-1,59,42,36,20,22,1.0000000232830644,0.3175381366163492
Rewired 101,474,11199,0,59,99,0,44,55,0.9999999697320163,0.0
Rewired 101,475,532909,0,59,116,0,46,70,0.9999999925494194,0.0
Rewired 101,476,10517,-1,59,53,66,24,29,0.9999999897554517,0.8923888329882175
Rewired 101,477,519944,-1,59,65,61,29,36,0.9999999557621777,0.8691366999410093
Rewired 101,478,10546,-1,59,60,49,24,36,0.9999999888241291,0.7996941802557558
Rewired 101,479,10606,-1,59,67,56,29,38,1.000000043772161,0.8976152990944684
Rewired 101,480,17113,1,60,66,118,30,36,0.9999999441206455,1.5715562177356333
Rewired 101,481,523715,1,60,68,109,31,37,1.0000000214204192,1.2992673898115754
Rewired 101,482,520613,-1,60,123,55,50,73,1.0000000263098627,0.7835656418465078
Rewired 101,483,12107,1,60,85,94,38,47,0.9999999441206455,1.1034662614110857
Rewired 101,484,10018,-1,60,15,19,4,11,1.0000000074505806,0.28263823594897985
Rewired 101,485,10290,-1,60,9,22,1,8,0.9999999590218067,0.41517135920003057
Rewired 101,486,532906,1,60,48,43,11,37,0.9999999618157744,0.5483765027020127
Rewired 101,487,12298,-1,60,29,49,13,16,1.000000017695129,0.7287168382899836
Rewired 101,488,12327,-1,61,25,44,13,12,0.9999999776482582,0.900319080799818
Rewired 101,489,10830,1,61,91,102,37,54,1.0000000325962901,1.6304406999843195
Rewired 101,490,13877,1,61,75,90,32,43,1.000000013038516,0.987835468375124
Rewired 101,491,12943,1,61,39,75,18,21,0.9999999571591616,1.0006521076429635
Rewired 101,492,11186,1,61,48,45,18,30,1.000000026077032,0.585772393969819
Rewired 101,493,12408,1,61,86,44,40,46,1.0000000088475645,0.5279136926401407
Rewired 101,494,12183,-1,61,39,30,19,20,0.9999999739229679,0.41082626464776695
Rewired 101,495,522706,-1,61,41,28,15,26,1.0000000204890966,0.3098965601529926
Rewired 101,496,11516,-1,62,35,14,17,18,0.9999999832361937,0.20079777762293816
Rewired 101,497,12359,-1,62,27,4,11,16,1.0000000083819032,0.032872780691832304
Rewired 101,498,13556,-1,62,67,47,41,26,0.9999999655410647,0.6072502951137722
Rewired 101,499,10147,-1,62,134,129,80,54,0.9999999701976776,1.6526888839434832
Rewired 101,500,10297,-1,62,174,176,104,70,0.999999959138222,2.2732978188432753
Rewired 101,501,14066,-1,62,50,45,36,14,0.9999999701976776,0.762366391485557
Rewired 101,502,13664,1,62,65,53,42,23,0.9999999827705324,0.6015150903258473
Rewired 101,503,15295,-1,62,27,27,12,15,1.000000019557774,0.4480369701050222
Rewired 101,504,16422,-1,63,36,38,24,12,1.0000000447034836,0.40281164390034974
Rewired 101,505,12162,-1,63,53,59,30,23,1.0000000125728548,0.6965756991412491
Rewired 101,506,13153,-1,63,60,68,34,26,1.000000017695129,0.9566823919303715
Rewired 101,507,11042,-1,63,80,70,32,48,1.0000000428408384,0.9502836847677827
Rewired 101,508,11682,-1,63,94,87,35,59,0.9999999850988388,1.1218676476273686
Rewired 101,509,12003,-1,63,86,81,38,48,1.0000000121071935,1.203181445831433
Rewired 101,510,10678,1,63,70,50,30,40,1.0000000167638063,0.5885767391882837
Rewired 101,511,11691,1,63,56,66,25,31,1.0000000325962901,0.8134765450377017
Rewired 101,512,11341,-1,64,82,76,52,30,1.0000000055879354,1.102395314956084
Rewired 101,513,519692,-1,64,71,68,48,23,1.0,0.8595804153010249
Rewired 101,514,11030,-1,64,126,141,74,52,0.9999999632127583,2.4776366238947958
Rewired 101,515,522828,-1,64,129,158,81,48,0.9999999850988388,2.645808515022509
Rewired 101,516,11190,-1,64,98,44,48,50,0.999999969266355,0.8008515806868672
Rewired 101,517,513601,-1,64,102,59,49,53,1.0000000419095159,0.7756827970733866
Rewired 101,518,12343,-1,64,36,44,21,15,0.9999999394640326,0.7868799148127437
Rewired 101,519,12572,-1,64,45,63,26,19,1.0000000363215804,0.7761836920399219
Rewired 101,520,11174,-1,65,79,94,38,41,1.0000000149011612,1.3809737844858319
Rewired 101,521,11210,-1,65,65,84,37,28,1.0000000325962901,1.2576653414871544
Rewired 101,522,11606,-1,65,69,96,39,30,0.9999999906867743,1.4138876852812245
Rewired 101,523,12259,-1,65,72,87,46,26,1.0000000223517418,1.0846514855511487
Rewired 101,524,11112,-1,65,75,97,49,26,1.000000006519258,1.4742810741299763
Rewired 101,525,12037,-1,65,92,113,56,36,0.9999999813735485,1.6609249329194427
Rewired 101,526,11001,-1,65,68,65,36,32,1.000000027474016,0.7947591822594404
Rewired 101,527,522760,-1,65,55,75,30,25,1.000000017695129,1.0264718099497259
Rewired 101,528,11525,1,66,59,49,33,26,1.0000000158324838,0.652558802627027
Rewired 101,529,512745,1,66,60,56,33,27,1.0000000558793545,0.6163160975556821
Rewired 101,530,19873,-1,66,42,48,26,16,1.0000000018626451,0.6119544974062592
Rewired 101,531,10486,1,66,73,86,34,39,1.0000000023283064,1.1465522281359881
Rewired 101,532,13384,1,66,65,79,32,33,1.0000000246800482,1.1084687606198713
Rewired 101,533,13018,1,66,64,89,29,35,1.0000000204890966,1.1070540533401072
Rewired 101,534,529519,1,66,71,81,31,40,0.9999999813735485,1.2177440749946982
Rewired 101,535,10209,-1,66,97,103,64,33,0.9999999811407179,1.3583581398706883
Rewired 101,536,10305,-1,67,93,95,64,29,1.0000000165309757,1.3936355581972748
Rewired 101,537,11903,1,67,26,10,12,14,0.9999999664723873,0.08953570039011538
Rewired 101,538,12702,1,67,90,86,34,56,0.9999999790452421,1.2676695517729968
Rewired 101,539,520410,1,67,96,76,45,51,1.0000000139698386,0.9350400145631284
Rewired 101,540,10356,1,67,80,88,35,45,0.9999999939464033,1.157074342481792
Rewired 101,541,13613,1,67,67,73,28,39,1.0000000027939677,0.8585949020925909
Rewired 101,542,13761,-1,67,36,42,22,14,1.000000013038516,0.5328778434777632
Rewired 101,543,15039,-1,67,39,54,20,19,1.0000000689178705,0.7929779295809567
Rewired 101,544,10347,0,68,19,0,7,12,0.9999999552965164,0.0
Rewired 101,545,11477,0,68,24,0,8,16,1.0000000186264515,0.0
Rewired 101,546,10537,-1,68,40,23,15,25,0.9999999646097422,0.2903622321318835
Rewired 101,547,11497,-1,68,43,25,15,28,0.9999999944120646,0.33946218993514776
Rewired 101,548,10583,1,68,122,114,63,59,0.9999999955762178,1.3837882142979652
Rewired 101,549,11043,1,68,105,81,54,51,1.0000000484287739,1.0908092035679147
Rewired 101,550,11053,1,68,22,9,15,7,1.000000011175871,0.09926178772002459
Rewired 101,551,555342,1,68,20,19,15,5,0.9999999944120646,0.2012140539009124
Rewired 101,552,10597,-1,69,36,68,15,21,0.9999999906867743,1.327445876551792
Rewired 101,553,10956,-1,69,40,76,17,23,1.0000000055879354,1.0101182030048221
Rewired 101,554,10013,-1,69,42,77,18,24,0.9999999757856131,1.2070591382216662
Rewired 101,555,520151,-1,69,50,82,23,27,0.9999999664723873,0.9616555338725448
Rewired 101,556,522444,-1,69,39,46,14,25,0.9999999580904841,0.7039665505290031
Rewired 101,557,522749,-1,69,33,46,12,21,0.9999999823048711,0.6156715584220365
Rewired 101,558,519373,-1,69,31,52,13,18,1.0000000186264515,0.7044351850636303
Rewired 101,559,521526,-1,69,34,51,9,25,0.9999999860301614,0.9286408156622201
Rewired 101,560,525780,-1,70,70,78,24,46,0.9999999916180968,1.2413920375984162
Rewired 101,561,530875,-1,70,65,90,23,42,0.999999986961484,1.333886019187048
Rewired 101,562,10495,-1,70,28,73,9,19,1.0000000335276127,1.1737328061135486
Rewired 101,563,519371,-1,70,29,65,7,22,0.9999999925494194,0.9396956926211715
Rewired 101,564,10079,-1,70,20,45,5,15,0.9999999739229679,0.6845194138586521
Rewired 101,565,12690,-1,70,23,39,5,18,1.0000000149011612,0.47206718125380576
Rewired 101,566,515338,-1,70,11,13,3,8,0.9999999590218067,0.29088806733489037
Rewired 101,567,18713,-1,70,33,65,10,23,0.9999999720603228,0.9143323684111238
Rewired 101,568,19267,-1,71,31,85,10,21,1.000000013038516,1.3441621344536543
Rewired 101,569,21242,-1,71,24,66,9,15,1.0000000158324838,1.0542316185310483
Rewired 101,570,523060,-1,71,32,74,11,21,0.9999999701976776,1.201284259557724
Rewired 101,571,10704,-1,71,27,82,7,20,1.0000000279396772,0.9156828596023843
Rewired 101,572,11402,-1,71,31,80,9,22,1.0,1.1594837094889954
Rewired 101,573,13728,1,71,26,71,11,15,1.0000000409781933,1.1216213456355035
Rewired 101,574,13768,1,71,30,73,11,19,0.9999999981373549,1.0405460258480161
Rewired 101,575,519368,1,71,25,67,10,15,0.9999999739229679,0.8846599005628377
Rewired 101,576,521086,1,72,25,64,12,13,1.0000000037252903,0.7570740527007729
Rewired 101,577,12726,1,72,15,50,7,8,1.0000000149011612,0.5379567688796669
Rewired 101,578,514853,1,72,25,50,12,13,1.0000000521540642,0.5905682246666402
Rewired 101,579,11873,1,72,13,22,1,12,1.0000000074505806,0.31264696922153234
Rewired 101,580,17946,1,72,12,19,1,11,1.0,0.2622488168999553
Rewired 101,581,14221,1,72,42,60,10,32,1.000000017695129,0.6768935690633953
Rewired 101,582,512788,1,72,38,58,8,30,0.9999999897554517,0.8380742962472141
Rewired 101,583,10804,-1,72,55,120,28,27,0.9999999729916453,1.998991864034906
Rewired 101,584,11145,-1,73,67,127,32,35,0.9999999804422259,1.9100358698051423
Rewired 101,585,10826,1,73,53,83,11,42,1.0000000381842256,1.057361545972526
Rewired 101,586,523628,1,73,54,90,17,37,0.9999999515712261,1.2111703036352992
Rewired 101,587,11990,1,73,34,66,12,22,1.000000011175871,0.8576906729722396
Rewired 101,588,12918,1,73,27,69,9,18,0.9999999701976776,0.9281030222773552
Rewired 101,589,11176,1,73,93,98,40,53,0.9999999892897904,1.3994595773983747
Rewired 101,590,524893,1,73,85,92,34,51,0.9999999953433871,1.2153327501146123
Rewired 101,591,515034,1,73,67,81,25,42,0.9999999580904841,1.2373437152709812
Rewired 101,592,513174,-1,74,56,88,19,37,0.9999999804422259,1.2053841735469177
Rewired 101,593,515015,-1,74,48,73,19,29,0.9999999976716936,0.8875029440969229
Rewired 101,594,10816,-1,74,78,98,35,43,1.0000000330619514,1.2726840742398053
Rewired 101,595,11805,-1,74,69,79,33,36,0.9999999492429197,0.9732929142192006
Rewired 101,596,11455,-1,74,95,86,45,50,1.0000000139698386,1.46207289211452
Rewired 101,597,519131,-1,74,97,89,49,48,0.999999969266355,1.064487798139453
Rewired 101,598,11785,1,74,77,95,31,46,0.9999999669380486,1.241391148767434
Rewired 101,599,523043,1,74,66,79,27,39,0.9999999860301614,1.2282540203304961
Rewired 101,600,10599,1,75,119,109,51,68,1.0000000069849193,1.3295678910799325
Rewired 101,601,508595,1,75,112,113,51,61,0.9999999832361937,1.263602928025648
Rewired 101,602,10402,-1,75,85,64,64,21,1.000000016996637,1.0165825373260304
Rewired 101,603,10472,-1,75,81,60,59,22,0.9999999965075403,0.8984889208804816
Rewired 101,604,11930,1,75,165,149,128,37,1.0000000190921128,1.9538086790125817
Rewired 101,605,517458,1,75,163,150,125,38,0.9999999946448952,1.8417813498526812
Rewired 101,606,10567,1,75,97,111,76,21,1.0000000419095159,1.4014524999074638
Rewired 101,607,13314,-1,75,104,57,77,27,1.0000000400468707,0.9011251253541559
Rewired 101,608,13389,-1,76,116,68,87,29,1.0000000237487257,0.9786585208494216
Rewired 101,609,13832,-1,76,103,54,79,24,1.0000000135041773,0.6237179348245263
Rewired 101,610,13951,-1,76,107,70,79,28,0.999999959487468,1.0075004941318184
Rewired 101,611,23850,0,76,99,0,42,57,0.9999999571591616,0.0
Rewired 101,612,10187,0,76,141,0,41,100,0.9999999834690243,0.0
Rewired 101,613,287884,0,76,107,0,34,73,1.000000030035153,0.0
Rewired 101,614,10120,0,76,150,0,77,73,0.9999999953433871,0.0
Rewired 101,615,11921,0,76,124,0,59,65,1.0000000037252903,0.0
Rewired 101,616,10041,0,77,126,0,62,64,1.0000000186264515,0.0
Rewired 101,617,10110,0,77,130,0,61,69,1.0000000258442014,0.0
Rewired 101,618,11608,0,77,184,0,130,54,1.0000000456348062,0.0
Rewired 101,619,12109,0,77,195,0,141,54,0.9999999864958227,0.0
Rewired 101,620,10080,0,77,57,0,23,34,1.0000000335276127,0.0
Rewired 101,621,10555,0,77,56,0,22,34,0.9999999823048711,0.0
Rewired 101,622,10799,0,77,120,0,56,64,0.9999999538995326,0.0
Rewired 101,623,11005,0,77,87,0,44,43,1.000000016298145,0.0
Rewired 101,624,10168,0,78,166,0,67,99,0.9999999669380486,0.0
Rewired 101,625,10175,0,78,171,0,80,91,0.9999999483115971,0.0
Rewired 101,626,10185,0,78,243,0,122,121,0.999999996740371,0.0
Rewired 101,627,14463,-1,78,31,47,14,17,0.9999999981373549,0.49043052608612925
Rewired 101,628,11789,-1,78,20,42,12,8,0.9999999590218067,0.6753681076224893
Rewired 101,629,11815,-1,78,33,56,14,19,0.9999999925494194,0.7995501996483654
Rewired 101,630,533704,-1,78,45,48,19,26,0.9999999981373549,0.7401665397919714
Rewired 101,631,11905,-1,78,33,72,10,23,0.9999999552965164,1.2861436470411718
Rewired 101,632,11712,-1,79,50,90,25,25,0.9999999608844519,1.137391582597047
Rewired 101,633,521059,-1,79,43,86,19,24,0.9999999571591616,1.4960497601423413
Rewired 101,634,11440,-1,79,27,57,10,17,0.9999999962747097,0.6293279025703669
Rewired 101,635,525958,-1,79,35,62,13,22,1.000000019557774,0.9420998538844287
Rewired 101,636,10794,-1,79,60,127,21,39,1.0000000018626451,1.7376483951229602
Rewired 101,637,524883,-1,79,65,112,26,39,0.9999999557621777,1.643377632368356
Rewired 101,638,10912,-1,79,12,19,4,8,1.0000000447034836,0.17859034333378077
Rewired 101,639,11637,1,79,37,31,16,21,1.0000000037252903,0.4117959076538682
Rewired 101,640,10644,1,80,54,103,18,36,1.0000000158324838,1.3744499837048352
Rewired 101,641,524521,1,80,58,134,17,41,0.9999999832361937,2.0268679258879274
Rewired 101,642,11626,1,80,63,56,18,45,1.0000000074505806,0.7344584411475807
Rewired 101,643,35790,1,80,59,57,19,40,0.9999999846331775,0.6721681687049568
Rewired 101,644,12376,1,80,62,46,17,45,1.000000011175871,0.5688918121159077
Rewired 101,645,12452,1,80,58,41,13,45,1.0000000200234354,0.4468677348922938
Rewired 101,646,11303,0,80,129,0,75,54,1.0000000074505806,0.0
Rewired 101,647,11507,0,80,134,0,71,63,1.0000000100117177,0.0
Rewired 101,648,11719,-1,81,49,60,19,30,0.9999999850988388,0.708099972223863
Rewired 101,649,524668,-1,81,40,52,16,24,1.0000000270083547,0.5852518575266004
Rewired 101,650,11327,0,81,64,0,24,40,1.0000000456348062,0.0
Rewired 101,651,11900,0,81,74,0,34,40,0.9999999580904841,0.0
Rewired 101,652,11618,0,81,113,0,52,61,1.0000000344589353,0.0
Rewired 101,653,13428,0,81,101,0,50,51,0.9999999639112502,0.0
Rewired 101,654,11752,0,81,80,0,33,47,1.0000000167638063,0.0
Rewired 101,655,14182,0,81,82,0,38,44,1.0000000465661287,0.0
Rewired 101,656,14225,0,82,25,0,5,20,0.9999999953433871,0.0
Rewired 101,657,512326,0,82,26,0,5,21,0.9999999590218067,0.0
Rewired 101,658,529512,0,82,43,0,18,25,1.000000043772161,0.0
Rewired 101,659,529516,0,82,40,0,14,26,1.0000000121071935,0.0
Rewired 101,660,14705,0,82,63,0,31,32,0.9999999878928065,0.0
Rewired 101,661,519616,0,82,78,0,36,42,1.000000033993274,0.0
Rewired 101,662,12902,0,82,88,0,43,45,0.9999999776482582,0.0
Rewired 101,663,10753,0,82,92,0,51,41,1.0000000251457095,0.0
Rewired 101,664,11560,0,83,95,0,51,44,1.0000000484287739,0.0
Rewired 101,665,10910,0,83,102,0,54,48,1.0000000027939677,0.0
Rewired 101,666,11532,0,83,122,0,69,53,0.9999999664723873,0.0
Rewired 101,667,555259,-1,83,8,16,3,5,1.0000000149011612,0.2776065734215081
Rewired 101,668,11908,1,83,9,30,4,5,0.9999999701976776,0.4774675015360117
Rewired 101,669,555176,1,83,10,30,5,5,0.9999999850988388,0.3267390166874975
Rewired 101,670,31330,-1,83,48,53,15,33,1.000000024214387,0.8399780180770904
Rewired 101,671,10777,-1,83,61,81,26,35,0.9999999487772584,1.2637510909698904
Rewired 101,672,10781,-1,84,54,87,23,31,1.000000026077032,1.1172137793619186
Rewired 101,673,10101,-1,84,27,41,14,13,1.000000026077032,0.47881198627874255
Rewired 101,674,10203,-1,84,19,33,13,6,1.0000000055879354,0.40066975937224925
Rewired 101,675,11515,-1,84,29,28,12,17,1.000000013038516,0.4470250594895333
Rewired 101,676,511784,-1,84,31,21,16,15,1.0000000298023224,0.3137688029091805
Rewired 101,677,10207,1,84,33,37,13,20,0.9999999608844519,0.6212208939250559
Rewired 101,678,533529,1,84,34,45,12,22,1.000000043772161,0.5391090455232188
Rewired 101,679,10479,1,84,31,47,13,18,1.0000000335276127,0.5708058322779834
Rewired 101,680,10603,1,85,23,39,11,12,0.9999999534338713,0.4923560780007392
Rewired 101,681,12055,1,85,14,39,8,6,1.0000000223517418,0.41067195939831436
Rewired 101,682,12091,1,85,20,56,9,11,1.000000013038516,0.7149155689403415
Rewired 101,683,12292,1,85,37,45,13,24,0.9999999739229679,0.5062384712509811
Rewired 101,684,521305,1,85,32,44,16,16,1.0000000325962901,0.5975925221573561
Rewired 101,685,10333,-1,85,48,38,22,26,0.9999999958090484,0.4307041550055146
Rewired 101,686,13136,1,85,53,95,10,43,0.9999999795109034,1.1843595820246264
Rewired 101,687,14639,1,85,56,96,15,41,0.9999999767169356,1.1426172006176785
Rewired 101,688,10074,-1,86,113,89,70,43,0.9999999636784196,1.6960641582263634
Rewired 101,689,531985,-1,86,120,101,74,46,0.9999999734573066,1.4811284334864467
Rewired 101,690,11762,1,86,52,106,12,40,1.0000000284053385,1.5403986555757
Rewired 101,691,522346,1,86,49,116,12,37,0.9999999906867743,1.3581657344475389
Rewired 101,692,520606,1,86,58,121,23,35,1.0000000186264515,1.5571640831185505
Rewired 101,693,523528,1,86,67,138,31,36,0.9999999990686774,1.776014571543783
Rewired 101,694,11278,-1,86,98,87,38,60,1.0000000055879354,1.2241331788245589
Rewired 101,695,521375,-1,86,118,90,52,66,1.0000000095460564,1.11884133098647
Rewired 101,696,11252,-1,87,85,92,46,39,1.0000000013969839,1.3121268937829882
Rewired 101,697,11883,-1,87,102,121,57,45,0.9999999646097422,1.5122125428169966
Rewired 101,698,13271,-1,87,56,111,34,22,1.0000000298023224,1.5458242723252624
Rewired 101,699,523624,-1,87,53,108,24,29,0.9999999571591616,1.605000122450292
Rewired 101,700,10364,1,87,56,75,25,31,1.0000000139698386,0.9571188809350133
Rewired 101,701,11367,1,87,64,108,31,33,1.0000000344589353,1.3797482904046774
Rewired 101,702,10867,1,87,116,125,52,64,0.9999999860301614,1.4687855804804713
Rewired 101,703,555383,1,87,93,115,42,51,0.9999999613501132,1.515161455841735
Rewired 101,704,10448,-1,88,101,134,57,44,0.9999999757856131,1.8140434483066201
Rewired 101,705,11017,-1,88,118,149,69,49,1.0000000218860805,1.9433532576076686
Rewired 101,706,10641,0,88,39,0,18,21,1.0000000079162419,0.0
Rewired 101,707,522405,0,88,57,0,26,31,0.9999999906867743,0.0
Rewired 101,708,10742,-1,88,42,62,24,18,1.000000011175871,0.7963853317778558
Rewired 101,709,530685,-1,88,54,87,30,24,0.9999999906867743,1.4045586350839585
Rewired 101,710,10594,1,88,102,100,27,75,1.0000000400468707,1.3016130314208567
Rewired 101,711,11526,1,88,107,113,35,72,0.9999999701976776,1.3844207503134385
Rewired 101,712,12323,1,89,103,29,54,49,1.000000013038516,0.2688517840579152
Rewired 101,713,10609,1,89,80,135,37,43,1.000000050291419,1.8694076612591743
Rewired 101,714,10995,1,89,82,121,35,47,0.9999999911524355,1.4814381879987195
Rewired 101,715,12518,1,89,58,78,29,29,1.0000000302679837,0.9698449776042253
Rewired 101,716,43368,1,89,47,63,22,25,1.0000000428408384,0.7219224738655612
Rewired 101,717,11927,1,89,72,91,25,47,0.9999999930150807,1.0989320588996634
Rewired 101,718,12184,1,89,101,70,41,60,1.0000000284053385,0.9438963842112571
Rewired 101,719,12215,1,89,98,101,38,60,1.0000000330619514,1.1462626061402261
Rewired 101,720,521693,1,90,82,71,37,45,1.0000000230502337,0.9496827328111976
Rewired 101,721,13367,1,90,54,72,21,33,0.9999999878928065,0.9330667026806623
Rewired 101,722,10329,1,90,111,42,63,48,0.9999999911524355,0.5442226680461317
Rewired 101,723,11118,1,90,103,34,57,46,0.9999999664723873,0.5986757304053754
Rewired 101,724,10483,1,90,64,62,31,33,1.0000000027939677,0.773921424522996
Rewired 101,725,11798,1,90,81,61,41,40,1.0000000279396772,0.6695918042678386
Rewired 101,726,10986,-1,90,63,32,29,34,1.0000000186264515,0.4189659080002457
Rewired 101,727,11338,-1,90,42,41,25,17,1.0000000474974513,0.49792409176006913
Rewired 101,728,10373,1,91,71,39,33,38,1.0000000325962901,0.5600190910045058
Rewired 101,729,514764,1,91,83,43,43,40,0.9999999711290002,0.5242480235174298
Rewired 101,730,11397,-1,91,63,58,30,33,1.0000000139698386,0.7249859728617594
Rewired 101,731,30194,-1,91,44,55,21,23,1.0000000465661287,0.8762486591003835
Rewired 101,732,11782,1,91,36,56,11,25,1.0000000149011612,0.7205506721511483
Rewired 101,733,12053,1,91,32,50,9,23,1.0000000139698386,0.5848692853469402
Rewired 101,734,12654,0,91,85,0,33,52,1.0000000037252903,0.0
Rewired 101,735,21692,0,91,77,0,35,42,1.0000000214204192,0.0
Rewired 101,736,521981,-1,92,58,113,25,33,0.9999999674037099,1.5364595670253038
Rewired 101,737,531867,-1,92,68,113,32,36,1.0000000279396772,1.730550242587924
Rewired 101,738,11964,0,92,109,0,50,59,1.0000000214204192,0.0
Rewired 101,739,520146,0,92,100,0,41,59,0.9999999883584678,0.0
Rewired 101,740,12074,-1,92,64,74,25,39,0.9999999916180968,1.094014409580268
Rewired 101,741,523561,-1,92,48,79,17,31,1.0000000037252903,1.0278652687557042
Rewired 101,742,10230,1,92,161,151,63,98,1.0000000221189111,1.6831507666502148
Rewired 101,743,10273,1,92,153,114,47,106,1.0000000211875886,1.5453499504365027
Rewired 101,744,10683,-1,93,84,93,52,32,1.0000000456348062,1.2201252413215116
Rewired 101,745,515578,-1,93,57,78,33,24,1.0000000488944352,1.2093989367131144
Rewired 101,746,11969,-1,93,59,64,32,27,1.000000017695129,0.8597570250276476
Rewired 101,747,11997,-1,93,50,55,33,17,0.9999999501742423,0.711449310882017
Rewired 101,748,11959,-1,93,28,58,16,12,0.9999999813735485,0.6379349253838882
Rewired 101,749,533914,-1,93,25,40,14,11,0.9999999832361937,0.5136151474434882
Rewired 101,750,13147,-1,93,40,69,30,10,1.0000000167638063,0.9578810755629092
Rewired 101,751,13221,-1,93,53,85,37,16,1.0000000167638063,1.185311721288599
Rewired 101,752,14966,-1,94,63,41,26,37,0.999999993480742,0.7527405100408942
Rewired 101,753,10871,1,94,78,77,44,34,0.9999999776482582,0.9986213869415224
Rewired 101,754,11962,1,94,67,103,36,31,1.0000000251457095,1.344970621401444
Rewired 101,755,11207,1,94,42,64,25,17,1.000000011175871,0.7307894667610526
Rewired 101,756,12585,1,94,56,64,26,30,0.9999999944120646,0.9080807738937438
Rewired 101,757,11958,1,94,75,59,36,39,1.0000000079162419,0.7816165001131594
Rewired 101,758,533588,1,94,59,46,25,34,1.0000000186264515,0.6591885164380074
Rewired 101,759,11008,1,94,49,54,24,25,0.9999999944120646,0.6938779992051423
Rewired 101,760,11170,1,95,55,59,24,31,0.9999999711290002,0.74576082569547
Rewired 101,761,521194,1,95,38,43,16,22,0.9999999655410647,0.5923223197460175
Rewired 101,762,521309,1,95,37,37,17,20,1.0,0.344729496515356
Rewired 101,763,13526,1,95,114,94,69,45,1.0000000330619514,1.1478584534488618
Rewired 101,764,34896,1,95,100,78,66,34,0.9999999925494194,0.92827960383147
Rewired 101,765,519398,1,95,105,124,47,58,1.000000003259629,1.5906828874722123
Rewired 101,766,521352,1,95,99,124,46,53,1.000000009778887,1.491281789727509
Rewired 101,767,520236,-1,95,57,53,28,29,0.999999966006726,0.7705406695604324
Rewired 101,768,532000,-1,96,72,59,33,39,1.0000000083819032,0.7236873235087842
Rewired 101,769,10528,-1,96,57,59,22,35,0.9999999748542905,0.6957948268391192
Rewired 101,770,519592,-1,96,52,48,23,29,1.0000000386498868,0.8546237358823419
Rewired 101,771,46388,-1,96,68,69,36,32,0.9999999795109034,0.9058876759372652
Rewired 101,772,526311,-1,96,76,69,31,45,1.0000000102445483,0.8629203722812235
Rewired 101,773,261784,-1,96,71,82,35,36,1.0000000200234354,1.2014879455091432
Rewired 101,774,512734,-1,96,67,66,33,34,0.9999999976716936,0.8621815375518054
Rewired 101,775,518488,-1,96,84,61,48,36,1.0000000391155481,0.7753687270451337
Rewired 101,776,520773,-1,97,85,87,45,40,0.9999999813735485,1.1870702049927786
Rewired 101,777,38425,-1,97,53,50,26,27,0.999999993480742,0.6345605456735939
Rewired 101,778,39262,-1,97,54,46,29,25,0.9999999981373549,0.5821470601949841
Rewired 101,779,514555,-1,97,46,48,25,21,1.0000000223517418,0.7244224390015006
Rewired 101,780,519761,-1,97,48,45,24,24,0.9999999599531293,0.6672475551022217
Rewired 101,781,10044,1,97,131,130,53,78,1.000000026077032,1.5211718908976763
Rewired 101,782,10122,1,97,131,135,53,78,0.999999986262992,1.7145276105729863
Rewired 101,783,12313,1,97,85,102,36,49,0.9999999674037099,1.5230635213665664
Rewired 101,784,512841,1,98,91,99,35,56,1.0000000116415322,1.1028995872475207
Rewired 101,785,36704,-1,98,68,56,22,46,1.0000000153668225,0.7645381467882544
Rewired 101,786,14982,1,98,79,71,38,41,0.9999999646097422,1.00739452871494
Rewired 101,787,13807,1,98,75,96,34,41,0.9999999804422259,1.3085647148545831
Rewired 101,788,15158,-1,98,94,100,46,48,0.9999999953433871,1.1834317510947585
Rewired 101,789,11723,-1,98,104,105,53,51,0.9999999785795808,1.4375780778937042
Rewired 101,790,527588,-1,98,125,114,59,66,0.9999999906867743,1.680754277156666
Rewired 101,791,13523,-1,98,67,106,35,32,0.9999999823048711,1.7854124151635915
Rewired 101,792,525777,-1,99,76,108,37,39,1.0000000214204192,1.6125997880008072
Rewired 101,793,13631,1,99,77,63,35,42,0.9999999571591616,0.7811756844166666
Rewired 101,794,520081,1,99,77,68,34,43,0.9999999543651938,0.8528017939534038
Rewired 101,795,10564,1,99,111,105,42,69,1.000000009778887,1.1478885012911633
Rewired 101,796,11324,1,99,112,97,46,66,0.9999999706633389,1.2923018836881965
Rewired 101,797,14061,0,99,55,0,18,37,0.9999999962747097,0.0
Rewired 101,798,10980,-1,99,19,29,12,7,1.0000000409781933,0.3902137733530253
Rewired 101,799,12261,-1,99,16,31,11,5,1.000000026077032,0.3845991448033601
Rewired 101,800,11732,-1,100,26,27,15,11,1.0000000363215804,0.3456576229073107
Rewired 101,801,12090,-1,100,29,35,15,14,1.0000000139698386,0.606798711232841
Rewired 101,802,558970,-1,100,50,62,18,32,0.9999999925494194,0.8232464728644118
Rewired 101,803,10645,1,100,63,49,25,38,1.0000000298023224,0.5805497809778899
Rewired 101,804,38788,1,100,70,60,24,46,1.0000000083819032,0.8183588054962456
Rewired 101,805,519143,1,100,58,101,26,32,0.9999999948777258,1.2579362444812432
Rewired 101,806,521026,1,100,48,87,21,27,0.9999999990686774,1.0453867129981518
Rewired 101,807,45633,1,100,95,106,43,52,0.9999999711290002,1.5233857025159523
Rewired 101,808,520039,1,101,106,82,47,59,0.9999999694991857,1.350422865478322
Rewired 101,809,14174,0,101,98,0,46,52,1.0000000298023224,0.0
Rewired 101,810,532010,0,101,94,0,38,56,0.999999969266355,0.0
Rewired 101,811,13865,-1,101,39,52,15,24,0.9999999925494194,0.6374779976904392
Rewired 101,812,10798,-1,101,124,73,60,64,1.0000000179279596,0.9557844144292176
Rewired 101,813,10963,-1,101,136,70,59,77,0.9999999620486051,0.9003935507498682
Rewired 101,814,10525,-1,101,108,63,42,66,1.0000000288709998,1.003779356367886
Rewired 101,815,11801,-1,101,21,31,11,10,1.0,0.4603302457835525
Rewired 101,816,12296,-1,102,19,27,7,12,0.9999999962747097,0.3672882183454931
Rewired 101,817,512355,1,102,46,59,17,29,1.000000024214387,0.879430468659848
Rewired 101,818,521195,1,102,54,57,20,34,1.0000000186264515,0.6580494518857449
Rewired 101,819,10789,1,102,46,48,18,28,0.9999999525025487,0.6915341992862523
Rewired 101,820,13686,1,102,52,54,21,31,0.9999999776482582,0.7975276324432343
Rewired 101,821,11470,1,102,42,63,22,20,0.9999999944120646,0.7470790129154921
Rewired 101,822,13244,1,102,48,71,16,32,1.0000000121071935,0.7524148137308657
Rewired 101,823,13388,1,102,50,70,16,34,1.0000000358559191,0.8886375147849321
Rewired 101,824,14935,1,103,64,83,18,46,1.0000000200234354,0.9655775914434344
Rewired 101,825,10707,-1,103,128,165,79,49,1.0000000360887498,2.195161951938644
Rewired 101,826,522465,-1,103,127,173,74,53,1.000000033993274,2.7402990192640573
Rewired 101,827,24136,-1,103,46,50,28,18,1.0000000409781933,0.6119559830985963
Rewired 101,828,57240,-1,103,44,49,26,18,0.9999999878928065,0.8290315084159374
Rewired 101,829,512581,-1,103,52,56,35,17,1.0000000149011612,0.7531249923631549
Rewired 101,830,527318,-1,103,39,48,25,14,0.9999999795109034,0.6828324536327273
Rewired 101,831,10328,1,103,140,157,61,79,0.9999999923165888,2.0992370618041605
Rewired 101,832,521736,1,104,131,137,53,78,1.000000005820766,1.874443485867232
Rewired 101,833,11355,1,104,51,66,32,19,1.0000000279396772,0.9066239027306437
Rewired 101,834,10390,1,104,72,94,47,25,1.0000000298023224,1.2280666143633425
Rewired 101,835,10561,1,104,63,79,39,24,0.9999999655410647,1.1220508695114404
Rewired 101,836,519970,1,104,66,74,45,21,0.9999999534338713,1.023653611075133
Rewired 101,837,521437,1,104,62,73,45,17,1.0000000270083547,0.9733802913688123
Rewired 101,838,10996,1,104,74,83,51,23,1.0000000135041773,1.0207487978041172
Rewired 101,839,11467,1,104,70,80,47,23,1.0000000139698386,1.184321794542484
Rewired 101,840,10877,1,105,73,81,48,25,1.0000000158324838,0.9071781429229304
Rewired 101,841,527577,1,105,73,84,51,22,1.0000000083819032,1.0324858450330794
Rewired 101,842,10198,1,105,64,89,44,20,0.9999999571591616,1.186948192305863
Rewired 101,843,529665,1,105,65,76,45,20,1.000000024214387,1.1073934789747
Rewired 101,844,10808,1,105,64,80,48,16,1.0000000214204192,1.1206905586877838
Rewired 101,845,10904,1,105,70,84,52,18,0.999999969266355,1.1374478288926184
Rewired 101,846,10756,1,105,71,83,52,19,0.9999999925494194,1.203070955700241
Rewired 101,847,11105,1,105,70,83,48,22,0.999999996740371,1.0648681505117565
Rewired 101,848,32824,-1,106,41,65,21,20,1.0000000223517418,0.9691531325224787
Rewired 101,849,519655,-1,106,42,69,16,26,1.0000000223517418,0.784272932796739
Rewired 101,850,13327,1,106,43,45,21,22,1.000000026077032,0.39165872568264604
Rewired 101,851,521191,1,106,54,43,21,33,1.000000026077032,0.5834795248229057
Rewired 101,852,10109,-1,106,131,127,69,62,0.9999999855645001,1.8825100881513208
Rewired 101,853,10167,-1,106,146,135,76,70,0.999999990221113,1.9637689527589828
Rewired 101,854,11061,-1,106,82,61,39,43,1.0000000158324838,0.8315384164452553
Rewired 101,855,11363,-1,106,85,65,43,42,1.0000000223517418,0.9062046082690358
Rewired 101,856,513058,1,107,83,65,40,43,1.000000027474016,0.8253526270855218
Rewired 101,857,532942,1,107,87,67,38,49,1.0000000158324838,0.9629755706992
Rewired 101,858,13238,1,107,29,23,10,19,1.0000000409781933,0.2727863541804254
Rewired 101,859,11413,1,107,44,39,18,26,0.9999999734573066,0.5620080990483984
Rewired 101,860,12988,1,107,38,35,16,22,0.9999999674037099,0.4556266840081662
Rewired 101,861,519365,-1,107,118,139,67,51,0.9999999955762178,2.0626602268312126
Rewired 101,862,523636,-1,107,121,137,67,54,1.0000000230502337,1.7384043654892594
Rewired 101,863,10530,1,107,100,133,73,27,0.9999999669380486,1.6002511514816433
Rewired 101,864,11390,1,108,107,129,79,28,1.0000000544823706,1.6996150049380958
Rewired 101,865,10039,1,108,74,83,53,21,1.0000000265426934,1.2527819948736578
Rewired 101,866,10134,1,108,65,79,45,20,0.9999999860301614,1.0231756581924856
Rewired 101,867,10321,1,108,70,87,48,22,1.000000026077032,1.0244046112056822
Rewired 101,868,10522,1,108,67,89,48,19,1.0000000367872417,1.1799083965597674
Rewired 101,869,11703,1,108,68,83,47,21,1.0000000121071935,1.0208092518150806
Rewired 101,870,13283,1,108,62,75,44,18,0.999999956227839,1.1306296412367374
Rewired 101,871,12057,1,108,66,74,45,21,1.0000000018626451,0.9132771454751492
Rewired 101,872,10429,1,109,68,84,46,22,0.9999999655410647,0.9212351595051587
Rewired 101,873,520916,1,109,70,83,47,23,1.0000000232830644,0.936177373630926
Rewired 101,874,11050,1,109,125,141,93,32,0.9999999608844519,1.9692894594045356
Rewired 101,875,11761,1,109,128,147,92,36,1.0000000391155481,1.9404896842315793
Rewired 101,876,10408,1,109,66,96,48,18,0.9999999771825969,1.2994742811424658
Rewired 101,877,11583,1,109,65,91,46,19,0.999999993480742,1.2092101086163893
Rewired 101,878,16648,1,109,95,113,76,19,0.9999999720603228,1.5479050887515768
Rewired 101,879,18049,1,109,99,121,78,21,0.9999999941792339,1.4548619892448187
Rewired 101,880,11143,1,110,71,81,48,23,0.9999999613501132,1.0579266042914242
Rewired 101,881,11521,1,110,66,87,48,18,1.000000009080395,1.0911211722996086
Rewired 101,882,10736,1,110,57,64,43,14,0.9999999664723873,0.7323366363998502
Rewired 101,883,14437,1,110,104,127,79,25,0.9999999643769115,1.7524669368285686
Rewired 101,884,19845,1,110,105,132,81,24,0.9999999683350325,1.8313964656554163
Rewired 101,885,10262,1,110,126,150,88,38,1.0000000102445483,1.9102863264270127
Rewired 101,886,11229,1,110,122,150,85,37,0.9999999646097422,1.990229086135514
Rewired 101,887,11567,1,110,59,103,20,39,0.9999999832361937,1.2491369664203376
Rewired 101,888,520792,-1,111,42,61,17,25,1.0000000204890966,0.9009580803103745
Rewired 101,889,531583,-1,111,58,94,23,35,1.0000000218860805,1.6276293888222426
Rewired 101,890,13062,1,111,56,85,14,42,1.0000000069849193,0.9504601133521646
Rewired 101,891,519420,1,111,79,100,27,52,1.0000000153668225,1.2466161474585533
Rewired 101,892,11667,-1,111,16,25,7,9,1.0000000186264515,0.4221718569751829
Rewired 101,893,523938,-1,111,18,29,7,11,0.9999999888241291,0.35478708264417946
Rewired 101,894,10529,-1,111,30,50,13,17,1.0000000018626451,0.7293216066900641
Rewired 101,895,532747,-1,111,33,49,14,19,0.9999999906867743,0.8062491677701473
Rewired 101,896,10684,-1,112,28,51,10,18,1.0000000074505806,0.8652844574535266
Rewired 101,897,11249,-1,112,35,53,8,27,0.9999999739229679,0.7364947919268161
Rewired 101,898,10598,-1,112,23,28,7,16,0.999999986961484,0.5351618644781411
Rewired 101,899,10709,1,112,42,56,4,38,0.9999999972060323,0.6680121999233961
Rewired 101,900,11419,-1,112,52,98,32,20,0.9999999608844519,1.5704718958586454
Rewired 101,901,532198,-1,112,25,55,9,16,0.9999999739229679,1.0701414316426963
Rewired 101,902,10371,-1,112,5,9,3,2,0.9999999850988388,0.13014634000137448
Rewired 101,903,10691,-1,112,10,11,6,4,1.0000000447034836,0.13459974015131593
Rewired 101,904,10498,1,113,77,89,23,54,0.9999999990686774,1.1913102366961539
Rewired 101,905,12079,1,113,101,105,45,56,0.9999999827705324,1.383192902430892
Rewired 101,906,10473,-1,113,151,180,122,29,1.0000000112922862,2.538606780464761
Rewired 101,907,523591,-1,113,147,179,122,25,0.9999999714782462,2.9268760449485853
Rewired 101,908,11975,1,113,94,110,77,17,0.9999999979045242,1.4272551785688847
Rewired 101,909,11992,1,113,89,104,78,11,1.000000036554411,1.380112551851198
Rewired 101,910,10140,1,113,103,115,84,19,1.0000000086147338,1.4188214119058102
Rewired 101,911,10463,1,113,97,104,77,20,0.9999999899882823,1.396998050622642
Rewired 101,912,10632,1,114,91,103,74,17,1.0000000374857336,1.3783159290906042
Rewired 101,913,10905,1,114,94,105,76,18,0.9999999688006938,1.2645438474137336
Rewired 101,914,11099,1,114,89,105,73,16,1.0000000107102096,1.299126013647765
Rewired 101,915,11244,1,114,95,107,81,14,0.999999966006726,1.2422775735612959
Rewired 101,916,11262,1,114,96,105,77,19,1.0000000328291208,1.5144381519639865
Rewired 101,917,11281,1,114,90,105,79,11,0.9999999664723873,1.5979262398323044
Rewired 101,918,11289,1,114,95,105,80,15,1.0000000419095159,1.2574924493674189
Rewired 101,919,11292,1,114,92,104,75,17,0.9999999653082341,1.3140558409504592
Rewired 101,920,11400,1,115,95,104,76,19,1.000000023515895,1.3062545319553465
Rewired 101,921,11478,1,115,92,105,80,12,1.0000000160653144,1.298538280185312
Rewired 101,922,11501,1,115,92,104,80,12,1.0000000158324838,1.4927528308471665
Rewired 101,923,11523,1,115,92,104,76,16,0.9999999573919922,1.3568669010419399
Rewired 101,924,11531,1,115,92,101,74,18,0.999999983003363,1.3642103326274082
Rewired 101,925,11620,1,115,92,105,79,13,1.0000000395812094,1.2945274050580338
Rewired 101,926,11725,1,115,91,106,79,12,1.000000046333298,1.2509996802546084
Rewired 101,927,11736,1,115,95,104,81,14,1.0000000225845724,1.4735534416977316
Rewired 101,928,11744,1,116,92,105,80,12,0.9999999739229679,1.3146479243878275
Rewired 101,929,11783,1,116,90,103,73,17,0.9999999578576535,1.463521783822216
Rewired 101,930,11828,1,116,95,105,81,14,1.0000000356230885,1.3010573702631518
Rewired 101,931,11870,1,116,92,102,76,16,0.9999999548308551,1.3088841871358454
Rewired 101,932,11922,1,116,92,105,80,12,0.9999999583233148,1.14643133233767
Rewired 101,933,12111,1,116,94,106,81,13,0.9999999948777258,1.402454312890768
Rewired 101,934,12338,1,116,93,102,76,17,0.9999999804422259,1.510805401718244
Rewired 101,935,23401,1,116,92,105,75,17,0.9999999988358468,1.4244558457285166
Rewired 101,936,520002,1,117,94,106,81,13,1.000000041211024,1.4328420497477055
Rewired 101,937,521935,1,117,91,105,75,16,0.9999999632127583,1.4245758296456188
Rewired 101,938,524238,1,117,92,103,80,12,1.0000000060535967,1.233687569387257
Rewired 101,939,529429,1,117,95,104,77,18,1.0,1.2665467695333064
Rewired 101,940,10096,0,117,94,0,77,17,0.9999999767169356,0.0
Rewired 101,941,10254,0,117,97,0,82,15,0.9999999948777258,0.0
Rewired 101,942,10456,0,117,97,0,84,13,1.0000000023283064,0.0
Rewired 101,943,10459,0,117,96,0,77,19,1.0000000277068466,0.0
Rewired 101,944,10133,-1,118,92,107,74,18,1.0000000391155481,1.4408714851597324
Rewired 101,945,10169,-1,118,96,107,82,14,0.9999999834690243,1.2695448454469442
Rewired 101,946,10376,-1,118,93,107,76,17,1.0000000011641532,1.5339121546130627
Rewired 101,947,10515,-1,118,95,107,81,14,1.000000026775524,1.5516089756274596
Rewired 101,948,11603,-1,118,78,84,66,12,1.0000000046566129,1.0774892263580114
Rewired 101,949,17325,-1,118,85,89,69,16,1.0000000400468707,1.2884191332850605
Rewired 101,950,19921,-1,118,73,80,56,17,0.9999999767169356,0.9986718746367842
Rewired 101,951,22276,-1,118,79,82,64,15,0.9999999832361937,1.0453227693215013
Rewired 101,952,23854,-1,119,82,82,70,12,0.9999999739229679,1.0499752843752503
Rewired 101,953,35196,-1,119,80,78,62,18,0.9999999823048711,0.9286301867105067
Rewired 101,954,918582,-1,119,80,86,66,14,1.0000000384170562,1.248559577157721
Rewired 101,955,18165,-1,119,81,89,64,17,1.0000000125728548,1.0239797257818282
Rewired 101,956,18730,-1,119,82,97,67,15,0.9999999722931534,1.3504429936874658
Rewired 101,957,19767,-1,119,88,93,71,17,1.0000000074505806,1.4042494422756135
Rewired 101,958,20402,-1,119,83,85,65,18,1.0000000037252903,1.3612382118590176
Rewired 101,959,18016,-1,119,85,94,75,10,0.9999999543651938,1.4436032995581627
Rewired 101,960,18726,-1,120,81,92,67,14,0.9999999743886292,1.2451922722393647
Rewired 101,961,20581,-1,120,80,88,66,14,0.9999999953433871,1.3501218763412908
Rewired 101,962,21567,-1,120,83,88,72,11,1.0000000018626451,1.073924318421632
Rewired 101,963,22166,-1,120,82,89,68,14,1.0000000214204192,1.3429595555644482
Rewired 101,964,22243,-1,120,82,97,67,15,0.9999999813735485,1.6290711503243074
Rewired 101,965,28406,-1,120,85,97,69,16,0.9999999799765646,1.200645211734809
Rewired 101,966,267437,-1,120,85,89,75,10,0.9999999776482582,1.2612476809881628
Rewired 101,967,551294,-1,120,83,92,72,11,0.9999999450519681,1.2932068496011198
Rewired 101,968,10397,1,121,91,103,74,17,0.9999999701976776,1.3930321745574474
Rewired 101,969,10929,1,121,89,102,77,12,0.999999969266355,1.185676603578031
Rewired 101,970,10942,1,121,94,107,79,15,0.9999999958090484,1.531441141385585
Rewired 101,971,520787,1,121,91,104,74,17,1.000000027823262,1.633254111977294
Rewired 101,972,532655,1,121,91,104,74,17,1.0000000067520887,1.450472628348507
Rewired 101,973,13431,1,121,88,102,71,17,1.0000000167638063,1.188900099368766
Rewired 101,974,14243,1,121,88,102,69,19,1.0000000121071935,1.3107055688742548
Rewired 101,975,16460,1,121,101,127,79,22,1.0000000074505806,1.6437620687065646
Rewired 101,976,67052,1,122,88,103,74,14,1.0000000055879354,1.202360367635265
Rewired 101,977,10201,1,122,93,102,77,16,0.9999999573919922,1.2370305790100247
Rewired 101,978,10650,1,122,87,97,73,14,0.9999999604187906,1.3144583068788052
Rewired 101,979,11517,1,122,92,100,73,19,0.9999999837018549,1.1585300425067544
Rewired 101,980,527470,1,122,91,99,71,20,1.0000000351574272,1.3723264373838902
Rewired 101,981,11399,0,122,86,0,69,17,0.9999999846331775,0.0
Rewired 101,982,11556,0,122,92,0,73,19,0.9999999883584678,0.0
Rewired 101,983,11788,0,122,80,0,66,14,0.9999999923165888,0.0
Rewired 101,984,519242,0,123,90,0,72,18,0.9999999990686774,0.0
Rewired 101,985,11294,1,123,100,119,80,20,1.0000000270083547,1.6736780672799796
Rewired 101,986,11359,1,123,97,107,77,20,0.9999999781139195,1.4785761791281402
Rewired 101,987,11379,1,123,96,106,81,15,1.0000000265426934,1.3452083185547963
Rewired 101,988,12354,1,123,111,126,93,18,1.0000000160653144,1.6134018022567034
Rewired 101,989,11342,1,123,92,105,79,13,1.000000013038516,1.3557215193286538
Rewired 101,990,23477,1,123,92,102,75,17,1.0000000167638063,1.3883824304211885
Rewired 101,991,530777,1,123,95,105,81,14,0.9999999632127583,1.343878576764837
Rewired 101,992,555318,1,124,94,107,77,17,1.000000017695129,1.4135144865140319
Rewired 101,993,11837,1,124,95,105,76,19,1.0000000186264515,1.256853754981421
Rewired 101,994,11914,1,124,89,103,77,12,0.999999986961484,1.379295906284824
Rewired 101,995,11991,1,124,92,104,75,17,1.0000000041909516,1.408957213978283
Rewired 101,996,11993,1,124,93,108,80,13,0.9999999646097422,1.2610016660764813
Rewired 101,997,11345,1,124,91,105,79,12,0.999999972525984,1.4494381472468376
Rewired 101,998,11594,1,124,91,106,74,17,0.9999999837018549,1.4021075677592307
Rewired 101,999,11952,1,124,92,106,75,17,1.0000000153668225,1.2248508709017187
Rewired 101,1000,12320,1,125,87,106,76,11,0.9999999674037099,1.2021474339999259
Rewired 101,1001,12717,1,125,93,105,75,18,1.0,1.197169314371422
Rewired 101,1002,12977,1,125,90,103,73,17,1.0000000323634595,1.3706473112106323
Rewired 101,1003,12994,1,125,91,104,76,15,1.0000000279396772,1.3589235409162939
Rewired 101,1004,14161,1,125,91,104,74,17,1.0000000074505806,1.4123136582784355
Rewired 101,1005,192978,1,125,91,103,80,11,1.000000051688403,1.2953461613506079
Rewired 101,1006,247232,1,125,86,102,76,10,0.99999999278225,1.2158333121333271
Rewired 101,1007,521158,1,125,90,106,79,11,0.9999999711290002,1.507236422272399
Rewired 101,1008,524208,1,126,90,104,80,10,0.9999999753199518,1.2691080591175705
Rewired 101,1009,11741,-1,126,61,78,39,22,0.9999999552965164,0.986039707204327
Rewired 101,1010,33047,-1,126,57,77,38,19,1.0000000605359674,0.9362065055174753
Rewired 101,1011,10057,-1,126,86,102,42,44,0.9999999585561454,1.440982080064714
Rewired 101,1012,10457,-1,126,69,122,32,37,0.9999999860301614,1.6810600094031543
Rewired 101,1013,10097,-1,126,154,213,85,69,1.0000000048894435,3.1765410639345646
Rewired 101,1014,10138,-1,126,143,200,86,57,1.0000000279396772,2.979749323334545
Rewired 101,1015,10217,1,126,51,46,25,26,0.9999999571591616,0.62343714479357
Rewired 101,1016,512580,1,127,56,47,24,32,0.9999999478459358,0.517096126684919
Rewired 101,1017,10666,1,127,67,78,31,36,1.0000000251457095,0.9397545349784195
Rewired 101,1018,12257,1,127,59,81,28,31,0.9999999785795808,0.9744067015126348
Rewired 101,1019,12893,1,127,52,71,17,35,1.000000011175871,0.9657372660003603
Rewired 101,1020,13449,1,127,55,59,20,35,1.000000019557774,0.7001129379495978
Rewired 101,1021,11546,0,127,80,0,61,19,1.0000000135041773,0.0
Rewired 101,1022,11722,0,127,84,0,69,15,0.9999999743886292,0.0
Rewired 101,1023,521581,-1,127,39,57,29,10,0.9999999701976776,0.8578583127819002
Rewired 103,0,12929,1,0,90,104,74,16,0.999999990221113,1.4312233708333224
Rewired 103,1,13621,1,0,88,103,77,11,1.000000006519258,1.3748591071926057
Rewired 103,2,13716,0,0,90,0,78,12,1.0000000367872417,0.0
Rewired 103,3,11569,-1,0,83,133,41,42,0.9999999385327101,2.237802197341807
Rewired 103,4,11601,-1,0,100,153,50,50,0.99999999278225,2.362793150357902
Rewired 103,5,10378,1,0,204,173,139,65,0.999999986961484,2.221037211245857
Rewired 103,6,10593,1,0,206,176,142,64,1.0000000344589353,2.49061723833438
Rewired 103,7,12371,1,0,71,70,52,19,0.9999999962747097,0.8114056717604399
Rewired 103,8,23204,1,1,79,75,63,16,0.9999999804422259,0.9614300061948597
Rewired 103,9,529602,-1,1,48,78,35,13,0.9999999944120646,1.0587121432181448
Rewired 103,10,14411,-1,1,68,41,29,39,1.0000000083819032,0.628389717778191
Rewired 103,11,10406,1,1,67,52,27,40,1.0000000270083547,0.8003490704577416
Rewired 103,12,531863,1,1,64,50,24,40,0.9999999729916453,0.6271506272023544
Rewired 103,13,10005,-1,1,74,77,21,53,1.0000000144355,0.93183036101982
Rewired 103,14,10070,-1,1,78,71,26,52,1.0000000344589353,0.9408183773048222
Rewired 103,15,11787,1,1,75,61,18,57,1.0000000488944352,0.7576558154541999
Rewired 103,16,521650,1,2,87,53,29,58,1.0000000284053385,0.695429926738143
Rewired 103,17,10031,-1,2,38,30,13,25,1.0000000447034836,0.33401893684640527
Rewired 103,18,10148,-1,2,40,37,12,28,0.9999999683350325,0.6870134368073195
Rewired 103,19,10502,-1,2,34,37,11,23,1.0000000344589353,0.43345850077457726
Rewired 103,20,523317,-1,2,33,32,12,21,0.9999999515712261,0.45549369510263205
Rewired 103,21,10212,-1,2,87,76,33,54,0.9999999571591616,0.9985889049712569
Rewired 103,22,10239,-1,2,69,59,23,46,0.9999999408610165,0.7676458349451423
Rewired 103,23,10875,-1,2,80,71,32,48,0.9999999809078872,1.1913070045411587
Rewired 103,24,11571,-1,3,71,48,22,49,1.0000000386498868,0.5939738668967038
Rewired 103,25,11445,-1,3,69,46,26,43,0.9999999883584678,0.6476435079239309
Rewired 103,26,11764,-1,3,68,45,26,42,1.0000000181607902,0.678706742124632
Rewired 103,27,10540,-1,3,96,134,49,47,0.9999999860301614,2.0122428128961474
Rewired 103,28,10977,-1,3,87,109,44,43,1.0000000041909516,1.5703289121156558
Rewired 103,29,10224,-1,3,140,141,92,48,0.9999999625142664,2.2650225206743926
Rewired 103,30,10241,-1,3,157,174,108,49,1.0000000093132257,3.1216608207905665
Rewired 103,31,15118,-1,3,121,63,60,61,0.9999999629799277,0.7172499455045909
Rewired 103,32,16446,-1,4,101,76,46,55,0.9999999566935003,0.8988638601731509
Rewired 103,33,10082,-1,4,203,187,110,93,0.9999999958090484,2.7135925631737337
Rewired 103,34,10115,-1,4,179,169,94,85,0.9999999748542905,2.3526577920420095
Rewired 103,35,11376,-1,4,104,105,56,48,1.0000000409781933,1.1939263633685187
Rewired 103,36,531273,-1,4,79,94,41,38,1.0000000102445483,1.1426235447870567
Rewired 103,37,12729,1,4,113,112,54,59,0.9999999981373549,1.4576707303058356
Rewired 103,38,519909,1,4,108,110,48,60,0.9999999948777258,1.376871429150924
Rewired 103,39,13288,1,4,87,90,50,37,0.999999969266355,1.132354250526987
Rewired 103,40,14884,1,5,69,84,42,27,1.0000000018626451,1.300551732769236
Rewired 103,41,11439,1,5,79,101,36,43,0.999999956227839,1.490407147910446
Rewired 103,42,12519,1,5,100,106,49,51,1.000000029336661,1.3541806961875409
Rewired 103,43,12125,-1,5,68,129,48,20,1.0000000046566129,1.791083607939072
Rewired 103,44,519862,-1,5,54,103,33,21,1.000000013038516,1.4553014922421426
Rewired 103,45,12561,-1,5,116,118,72,44,1.0000000507570803,1.6945528388023376
Rewired 103,46,13305,-1,5,92,88,58,34,0.9999999604187906,1.312235098448582
Rewired 103,47,524133,-1,5,75,58,43,32,0.9999999897554517,0.7193089078646153
Rewired 103,48,14728,1,6,71,64,41,30,0.9999999501742423,0.8381076320074499
Rewired 103,49,12063,1,6,111,85,57,54,0.9999999599531293,1.1307167158229277
Rewired 103,50,10494,-1,6,156,164,103,53,0.9999999804422259,2.6784189183963463
Rewired 103,51,10879,-1,6,193,191,129,64,0.9999999937135726,2.937250718474388
Rewired 103,52,11654,-1,6,95,113,67,28,0.9999999883584678,1.629978203563951
Rewired 103,53,11937,-1,6,82,97,57,25,1.0000000149011612,1.3073254732880741
Rewired 103,54,10993,-1,6,99,84,56,43,1.0000000139698386,1.123360639438033
Rewired 103,55,523672,-1,6,109,85,61,48,1.0000000027939677,1.321915022097528
Rewired 103,56,10421,-1,7,130,166,83,47,0.9999999962747097,2.4795182495145127
Rewired 103,57,10719,-1,7,172,198,106,66,0.9999999839346856,2.7789943856187165
Rewired 103,58,10172,-1,7,143,171,96,47,0.9999999874271452,2.2224260257789865
Rewired 103,59,21568,-1,7,161,184,111,50,0.9999999786959961,2.653662459924817
Rewired 103,60,12552,-1,7,86,107,48,38,0.9999999646097422,1.7766676302999258
Rewired 103,61,12932,-1,7,62,77,32,30,0.9999999888241291,1.0345409548608586
Rewired 103,62,10404,-1,7,114,123,76,38,0.9999999650754035,1.9881444743368775
Rewired 103,63,520034,-1,7,94,104,63,31,0.9999999613501132,1.2296446973923594
Rewired 103,64,10307,-1,8,105,145,58,47,0.9999999771825969,1.9345950027927756
Rewired 103,65,10614,-1,8,27,30,11,16,0.9999999981373549,0.40758604230359197
Rewired 103,66,11631,-1,8,45,51,25,20,1.0000000167638063,0.6391689993906766
Rewired 103,67,11128,-1,8,74,100,36,38,1.0000000204890966,1.400473654619418
Rewired 103,68,12547,-1,8,86,130,54,32,1.0000000433064997,1.6435678268317133
Rewired 103,69,11181,-1,8,84,106,48,36,1.0000000321306288,1.4905996131710708
Rewired 103,70,11460,-1,8,105,138,58,47,1.0000000395812094,1.9099211357533932
Rewired 103,71,12015,-1,8,45,70,25,20,0.999999969266355,1.0326960810925812
Rewired 103,72,102545,-1,9,29,47,14,15,1.0000000149011612,0.7976639599073678
Rewired 103,73,15360,-1,9,51,62,33,18,1.000000011175871,0.882555635413155
Rewired 103,74,525354,-1,9,39,44,22,17,1.0000000093132257,0.5903970731887966
Rewired 103,75,16752,1,9,87,91,38,49,1.0000000158324838,1.0974155840231106
Rewired 103,76,16624,1,9,38,82,20,18,1.0000000474974513,1.2050926103256643
Rewired 103,77,11224,1,9,95,131,52,43,0.9999999878928065,1.6435386433731765
Rewired 103,78,388536,1,9,87,126,51,36,1.0000000116415322,1.6163968136534095
Rewired 103,79,13626,1,9,90,117,51,39,1.0000000479631126,1.7173053837614134
Rewired 103,80,532838,1,10,91,112,50,41,0.9999999911524355,1.5095840855501592
Rewired 103,81,12525,1,10,148,151,80,68,0.9999999972060323,1.7868436127901077
Rewired 103,82,513433,1,10,123,118,58,65,1.0000000086147338,1.5633493473287672
Rewired 103,83,14281,1,10,74,69,45,29,0.9999999622814357,0.7778422938426957
Rewired 103,84,14309,1,10,90,74,52,38,1.0000000153668225,0.8743949048221111
Rewired 103,85,511956,1,10,72,62,37,35,0.9999999925494194,0.6829242098610848
Rewired 103,86,514522,1,10,96,84,57,39,0.9999999767169356,0.9736695952014998
Rewired 103,87,15417,1,10,94,97,52,42,0.9999999762512743,1.2512750851456076
Rewired 103,88,18938,1,11,88,96,46,42,0.9999999983701855,1.1309480804484338
Rewired 103,89,13111,1,11,82,71,46,36,0.9999999599531293,0.8938370426185429
Rewired 103,90,10602,-1,11,33,93,9,24,1.0000000037252903,1.2997253818903118
Rewired 103,91,13148,-1,11,34,89,13,21,0.9999999785795808,1.075571661349386
Rewired 103,92,11518,-1,11,61,94,33,28,1.0000000330619514,1.2575434910831973
Rewired 103,93,522857,-1,11,72,111,39,33,1.0000000190921128,1.6343208404723555
Rewired 103,94,11664,-1,11,70,137,29,41,1.000000011175871,1.8123279705177993
Rewired 103,95,11923,-1,11,59,104,30,29,1.000000024214387,1.4326926295179874
Rewired 103,96,10667,1,12,107,95,53,54,1.0000000286381692,1.391821882687509
Rewired 103,97,12798,1,12,118,109,54,64,0.9999999804422259,1.236201336258091
Rewired 103,98,10900,-1,12,83,82,48,35,1.000000013038516,1.362460520118475
Rewired 103,99,12645,-1,12,99,116,61,38,1.0000000190921128,1.558606689563021
Rewired 103,100,10319,-1,12,113,138,80,33,1.0000000046566129,1.7744838499929756
Rewired 103,101,10917,-1,12,120,159,86,34,1.0000000342261046,2.3335792565485463
Rewired 103,102,14640,-1,12,34,69,16,18,1.000000013038516,1.0365316104143858
Rewired 103,103,12731,-1,12,107,84,62,45,0.9999999762512743,1.0144281324464828
Rewired 103,104,532827,-1,13,91,60,55,36,0.9999999585561454,0.7966269357129931
Rewired 103,105,15856,-1,13,44,83,20,24,0.9999999795109034,1.0757552166469395
Rewired 103,106,11018,1,13,83,169,37,46,1.0000000540167093,2.104377332376316
Rewired 103,107,11727,1,13,105,154,48,57,1.000000011175871,1.939754709834233
Rewired 103,108,10155,1,13,135,117,84,51,1.0000000253785402,1.4587642047554255
Rewired 103,109,555384,1,13,114,115,66,48,1.0000000079162419,1.3841808936558664
Rewired 103,110,10749,1,13,60,75,30,30,1.0000000237487257,1.155786441406235
Rewired 103,111,533442,1,13,69,94,34,35,1.0000000139698386,1.3884097943082452
Rewired 103,112,529378,1,14,72,90,42,30,0.9999999976716936,1.2413409813307226
Rewired 103,113,11499,1,14,82,99,39,43,0.999999962747097,1.1462837180588394
Rewired 103,114,12789,1,14,107,107,55,52,1.000000033993274,1.1616038623033091
Rewired 103,115,11792,1,14,86,87,32,54,1.0000000316649675,1.194661352550611
Rewired 103,116,12363,1,14,97,96,42,55,1.0000000291038305,1.3299999791197479
Rewired 103,117,12120,1,14,91,52,30,61,1.00000003981404,0.6583932661451399
Rewired 103,118,12326,1,14,107,59,44,63,1.0000000102445483,0.6966012585908175
Rewired 103,119,12751,1,14,93,60,32,61,0.9999999664723873,0.6470325854606926
Rewired 103,120,13782,1,15,50,36,20,30,1.0000000316649675,0.6451057775411755
Rewired 103,121,16095,1,15,25,38,7,18,0.9999999618157744,0.4034222108311951
Rewired 103,122,16248,1,15,21,36,8,13,0.9999999813735485,0.409930492634885
Rewired 103,123,13108,1,15,63,67,32,31,0.9999999925494194,0.762750345049426
Rewired 103,124,533064,1,15,60,47,30,30,0.9999999972060323,0.48524056433234364
Rewired 103,125,13150,1,15,35,59,12,23,1.000000017695129,0.8054952033562586
Rewired 103,126,519345,1,15,22,38,5,17,1.0000000149011612,0.38598797004669905
Rewired 103,127,522194,1,15,28,42,9,19,0.999999993480742,0.544986464548856
Rewired 103,128,10780,1,16,89,77,44,45,0.9999999739229679,1.1357830022461712
Rewired 103,129,12041,1,16,106,90,52,54,1.0000000246800482,1.00149753713049
Rewired 103,130,10934,1,16,100,96,51,49,0.9999999641440809,1.3422312068287283
Rewired 103,131,12573,1,16,100,118,48,52,0.9999999864958227,1.6361156416824088
Rewired 103,132,511960,1,16,50,73,21,29,0.9999999715946615,0.8959230508189648
Rewired 103,133,13747,1,16,27,42,9,18,0.9999999944120646,0.45308850007131696
Rewired 103,134,15536,1,16,30,42,13,17,0.9999999776482582,0.5580654945224524
Rewired 103,135,533065,1,16,18,21,4,14,0.9999999888241291,0.22500842553563416
Rewired 103,136,13953,1,17,94,129,47,47,0.9999999739229679,1.547014424810186
Rewired 103,137,14723,1,17,76,87,30,46,0.9999999944120646,0.9750903437379748
Rewired 103,138,12289,1,17,122,113,70,52,0.999999990221113,1.388118939823471
Rewired 103,139,13521,1,17,95,93,54,41,0.9999999655410647,1.0891438068356365
Rewired 103,140,10659,1,17,155,147,82,73,1.0000000165309757,1.8331356146372855
Rewired 103,141,519531,1,17,118,149,58,60,1.0000000155996531,1.8655034345574677
Rewired 103,142,13300,1,17,113,68,60,53,1.000000020954758,0.8420953613240272
Rewired 103,143,520590,1,17,104,72,55,49,0.9999999734573066,1.0249987784773111
Rewired 103,144,10519,1,18,118,60,62,56,0.9999999951105565,0.6118987260852009
Rewired 103,145,11148,1,18,90,57,49,41,0.9999999930150807,0.7355309317354113
Rewired 103,146,12515,1,18,100,102,47,53,1.0000000225845724,1.344185666181147
Rewired 103,147,13200,1,18,109,102,58,51,0.9999999788124114,1.3157043433748186
Rewired 103,148,11240,1,18,61,75,32,29,0.9999999995343387,0.9416840116027743
Rewired 103,149,12018,1,18,71,107,38,33,1.0000000251457095,1.3507955770473927
Rewired 103,150,14551,1,18,79,108,44,35,1.0000000149011612,1.5656782749574631
Rewired 103,151,533480,1,18,52,82,27,25,1.0000000055879354,1.1510765529237688
Rewired 103,152,15697,1,19,105,113,60,45,0.999999966006726,1.5984383478062227
Rewired 103,153,10098,1,19,103,100,59,44,0.9999999820720404,1.2404657263541594
Rewired 103,154,31440,1,19,127,108,62,65,1.0000000190921128,1.5173148084431887
Rewired 103,155,22607,-1,19,89,90,47,42,0.9999999939464033,1.3839451763778925
Rewired 103,156,523842,-1,19,79,75,42,37,1.0000000102445483,0.8840207781177014
Rewired 103,157,12153,-1,19,50,103,32,18,1.0000000223517418,1.4604096051771194
Rewired 103,158,36607,-1,19,39,83,24,15,1.0000000074505806,1.3644242770969868
Rewired 103,159,13774,-1,19,98,76,62,36,1.0000000335276127,1.044094440061599
Rewired 103,160,10898,0,20,122,0,73,49,0.9999999664723873,0.0
Rewired 103,161,529811,0,20,102,0,54,48,0.9999999897554517,0.0
Rewired 103,162,519296,1,20,138,106,82,56,1.0000000279396772,1.280023816972971
Rewired 103,163,521687,1,20,117,121,62,55,0.9999999795109034,1.509304839768447
Rewired 103,164,10874,-1,20,109,93,64,45,0.9999999972060323,1.4006409791763872
Rewired 103,165,12161,-1,20,131,118,81,50,1.0000000144355,1.7525216792710125
Rewired 103,166,11630,1,20,121,112,55,66,1.000000019557774,1.6358355856500566
Rewired 103,167,30511,1,20,92,91,35,57,1.000000013038516,1.2479098410112783
Rewired 103,168,11697,1,21,59,79,25,34,1.0000000181607902,1.0569479976547882
Rewired 103,169,12870,1,21,91,111,49,42,0.999999966705218,1.7097762124612927
Rewired 103,170,10348,1,21,108,126,46,62,0.9999999718274921,1.520164066227153
Rewired 103,171,11250,1,21,122,127,56,66,0.9999999832361937,1.7808981826528907
Rewired 103,172,11101,1,21,73,139,27,46,0.9999999804422259,1.633547258330509
Rewired 103,173,11462,1,21,91,129,42,49,1.0000000316649675,1.8705737660638988
Rewired 103,174,374042364,1,21,84,84,45,39,1.0000000302679837,1.0660808321554214
Rewired 103,175,13835,1,21,101,109,55,46,0.999999949708581,1.6546981998253614
Rewired 103,176,14186,1,22,78,93,39,39,1.0000000139698386,1.1535678877262399
Rewired 103,177,13329,1,22,74,78,30,44,0.9999999674037099,0.8928495552390814
Rewired 103,178,523860,1,22,73,77,25,48,1.0000000451691449,1.08653757837601
Rewired 103,179,13924,1,22,106,127,57,49,0.9999999892897904,1.5159457956906408
Rewired 103,180,525350,1,22,100,127,53,47,1.0000000158324838,1.7719326007645577
Rewired 103,181,10828,-1,22,102,108,59,43,1.0000000465661287,1.8521667357999831
Rewired 103,182,10943,-1,22,128,119,73,55,1.0000000037252903,1.7527686171233654
Rewired 103,183,10847,0,22,161,0,104,57,0.9999999809078872,0.0
Rewired 103,184,522410,0,23,124,0,77,47,1.0000000472646207,0.0
Rewired 103,185,12283,-1,23,63,99,33,30,0.9999999962747097,1.2062716432847083
Rewired 103,186,12396,-1,23,82,126,39,43,1.0000000325962901,1.9634769968688488
Rewired 103,187,12856,1,23,115,116,72,43,0.9999999965075403,1.5607713498175144
Rewired 103,188,12878,1,23,87,94,44,43,1.0000000321306288,1.261188680306077
Rewired 103,189,10375,-1,23,86,108,58,28,0.9999999781139195,1.6510459133423865
Rewired 103,190,11549,-1,23,72,87,45,27,1.0000000395812094,1.5458633212838322
Rewired 103,191,12423,-1,23,111,129,76,35,0.9999999811407179,1.8947956818155944
Rewired 103,192,12488,-1,24,79,100,52,27,0.9999999664723873,1.6250767802121118
Rewired 103,193,12276,-1,24,52,91,34,18,1.0000000190921128,1.3712588609196246
Rewired 103,194,13080,-1,24,64,108,43,21,0.9999999683350325,1.4645225850399584
Rewired 103,195,10353,0,24,162,0,110,52,1.0000000315485522,0.0
Rewired 103,196,523512,0,24,132,0,89,43,1.0000000020954758,0.0
Rewired 103,197,11580,-1,24,68,119,31,37,0.9999999636784196,1.851560492417775
Rewired 103,198,12205,-1,24,104,153,52,52,1.0000000279396772,2.4808559925295413
Rewired 103,199,10925,-1,24,60,95,25,35,1.0000000149011612,1.1973989628022537
Rewired 103,200,11091,-1,25,53,75,19,34,1.0000000055879354,0.9707219612319022
Rewired 103,201,10708,-1,25,32,64,13,19,0.9999999534338713,0.7889619474299252
Rewired 103,202,10902,-1,25,59,100,31,28,0.9999999832361937,1.4398807985708117
Rewired 103,203,49693,-1,25,14,41,6,8,1.000000024214387,0.5450945254415274
Rewired 103,204,512903,-1,25,31,59,12,19,1.000000017695129,0.929040664806962
Rewired 103,205,11115,1,25,135,109,71,64,0.9999999813735485,1.4091977693606168
Rewired 103,206,12390,1,25,126,99,61,65,1.0000000330619514,1.1053519595880061
Rewired 103,207,12676,1,25,105,90,55,50,1.0000000270083547,1.069904605159536
Rewired 103,208,13576,1,26,119,85,62,57,1.0000000181607902,1.092266459716484
Rewired 103,209,13400,1,26,89,102,43,46,1.0000000414438546,1.369023239123635
Rewired 103,210,10792,1,26,94,99,47,47,1.0000000288709998,1.254741585580632
Rewired 103,211,13085,1,26,108,105,57,51,0.9999999906867743,1.1754669959191233
Rewired 103,212,10325,1,26,147,118,67,80,1.00000006146729,1.4216491924598813
Rewired 103,213,11349,1,26,118,120,46,72,0.9999999743886292,1.5262002788949758
Rewired 103,214,12769,1,26,127,99,61,66,1.000000002561137,1.6242397553287446
Rewired 103,215,12615,1,26,83,124,33,50,0.9999999823048711,1.8600299856625497
Rewired 103,216,12148,1,27,83,118,45,38,0.9999999757856131,1.4286652114242315
Rewired 103,217,15288,1,27,100,122,55,45,0.9999999613501132,1.5520878774113953
Rewired 103,218,12930,1,27,91,113,35,56,0.9999999762512743,1.610131636611186
Rewired 103,219,14900,1,27,107,113,48,59,0.9999999734573066,1.283378078485839
Rewired 103,220,15298,1,27,88,108,35,53,1.000000016298145,1.6483341929269955
Rewired 103,221,11648,-1,27,111,69,65,46,1.000000019557774,0.877307417569682
Rewired 103,222,11776,-1,27,98,62,55,43,1.000000022817403,0.985921019455418
Rewired 103,223,12020,1,27,94,115,47,47,0.999999996740371,1.5998655403964221
Rewired 103,224,12444,1,28,112,107,66,46,1.0000000081490725,1.5427235928364098
Rewired 103,225,11237,0,28,55,0,21,34,0.9999999748542905,0.0
Rewired 103,226,11317,0,28,49,0,20,29,1.0000000484287739,0.0
Rewired 103,227,15896,1,28,102,126,59,43,1.000000016298145,1.6480367402546108
Rewired 103,228,10094,-1,28,53,79,29,24,1.0000000321306288,1.0480323111405596
Rewired 103,229,10646,-1,28,74,106,41,33,1.0000000088475645,1.6273408755660057
Rewired 103,230,11125,0,28,110,0,63,47,0.9999999694991857,0.0
Rewired 103,231,520188,0,28,131,0,83,48,0.9999999790452421,0.0
Rewired 103,232,11110,-1,29,32,40,11,21,1.0000000493600965,0.44441157684195787
Rewired 103,233,10588,-1,29,132,90,66,66,0.9999999925494194,1.21604421781376
Rewired 103,234,525452,-1,29,127,100,64,63,0.9999999855645001,1.538014064077288
Rewired 103,235,10988,-1,29,61,80,24,37,1.0000000144355,1.061831568251364
Rewired 103,236,521783,-1,29,67,86,25,42,1.000000058207661,1.4645525277592242
Rewired 103,237,11854,1,29,114,106,51,63,0.9999999678693712,1.301016375189647
Rewired 103,238,520020,1,29,100,100,39,61,0.9999999473802745,1.286596006480977
Rewired 103,239,12857,1,29,47,66,17,30,0.9999999636784196,0.7981811721110716
Rewired 103,240,521490,1,30,45,70,16,29,1.000000026077032,0.9327421020716429
Rewired 103,241,13385,1,30,101,109,56,45,0.9999999953433871,1.4282141905277967
Rewired 103,242,12903,1,30,51,55,22,29,1.0000000400468707,0.5951402923092246
Rewired 103,243,11331,1,30,47,73,18,29,1.0000000223517418,0.9515316701726988
Rewired 103,244,13162,1,30,60,84,27,33,1.0000000107102096,1.1262282910756767
Rewired 103,245,10035,-1,30,132,180,82,50,1.0000000088475645,3.14891518605873
Rewired 103,246,10299,-1,30,118,171,69,49,1.0000000381842256,2.3082696080673486
Rewired 103,247,10748,-1,30,4,8,1,3,1.0,0.1143876682035625
Rewired 103,248,12747,-1,31,29,39,12,17,1.0000000428408384,0.4831311535090208
Rewired 103,249,533751,-1,31,27,31,9,18,1.000000011175871,0.48018925613723695
Rewired 103,250,52029,1,31,92,121,48,44,0.9999999590218067,1.3948298138566315
Rewired 103,251,10252,-1,31,95,95,56,39,1.0000000232830644,1.4751287458930165
Rewired 103,252,28160,-1,31,99,104,59,40,1.0000000004656613,1.4522550561232492
Rewired 103,253,11407,-1,31,92,91,66,26,1.0000000251457095,1.218964712927118
Rewired 103,254,524881,-1,31,82,86,52,30,1.0000000265426934,1.2738156511913985
Rewired 103,255,13757,-1,31,82,36,53,29,1.0000000442378223,0.5344887631945312
Rewired 103,256,521360,-1,32,73,35,44,29,1.000000050291419,0.44657800148706883
Rewired 103,257,11679,-1,32,79,74,47,32,1.0000000046566129,0.8467593529494479
Rewired 103,258,512842,-1,32,80,78,45,35,1.0000000041909516,1.292220414034091
Rewired 103,259,10412,-1,32,73,70,42,31,0.9999999441206455,1.0498290224932134
Rewired 103,260,13515,-1,32,100,87,56,44,0.9999999608844519,1.119610080262646
Rewired 103,261,11022,1,32,72,61,30,42,1.0000000158324838,0.8327658323105425
Rewired 103,262,24597,1,32,80,58,27,53,1.0000000139698386,0.697779324487783
Rewired 103,263,10604,-1,32,62,72,35,27,0.9999999525025487,1.0721610879991204
Rewired 103,264,531768,-1,33,94,83,54,40,0.9999999986030161,1.3522686148062348
Rewired 103,265,12685,-1,33,23,52,7,16,1.000000011175871,0.7082682973705232
Rewired 103,266,11675,1,33,148,133,84,64,1.0000000451691449,1.9228527250234038
Rewired 103,267,523385,1,33,121,111,67,54,1.0000000041909516,1.5157244948204607
Rewired 103,268,10698,1,33,73,53,42,31,1.0000000009313226,0.5872472634073347
Rewired 103,269,11308,1,33,92,74,49,43,0.9999999739229679,1.061481409240514
Rewired 103,270,12137,1,33,107,115,59,48,1.000000024214387,1.4348512873984873
Rewired 103,271,13302,1,33,115,129,70,45,0.9999999990686774,1.681388181168586
Rewired 103,272,10681,1,34,88,101,39,49,0.999999943189323,1.190973894437775
Rewired 103,273,12208,1,34,70,94,29,41,0.9999999729916453,1.289179339306429
Rewired 103,274,11543,1,34,76,65,41,35,1.0000000079162419,0.8929517189972103
Rewired 103,275,12081,1,34,73,69,42,31,1.0000000214204192,0.8479691669344902
Rewired 103,276,10998,1,34,81,34,43,38,1.0000000251457095,0.36602157447487116
Rewired 103,277,11311,-1,34,90,83,41,49,1.0000000018626451,1.2162821332458407
Rewired 103,278,521126,-1,34,83,75,46,37,0.9999999790452421,1.0419198300223798
Rewired 103,279,12984,1,34,95,86,34,61,0.9999999678693712,1.0873666297411546
Rewired 103,280,512673,1,35,79,77,28,51,0.9999999804422259,0.8585194053594023
Rewired 103,281,10393,1,35,107,92,48,59,1.0000000183936208,1.1986541373189539
Rewired 103,282,11705,1,35,87,85,37,50,1.000000017695129,1.15222012787126
Rewired 103,283,10778,1,35,121,104,67,54,0.9999999962747097,1.528192755067721
Rewired 103,284,11108,1,35,117,93,56,61,0.9999999897554517,1.2538484407123178
Rewired 103,285,12963,-1,35,18,35,9,9,0.999999986961484,0.45705580757930875
Rewired 103,286,12832,1,35,125,101,64,61,1.000000013038516,1.230487466789782
Rewired 103,287,529023,1,35,113,137,57,56,1.000000016298145,1.7623382287565619
Rewired 103,288,10487,1,36,107,32,34,73,1.0000000419095159,0.44352903123945
Rewired 103,289,10987,1,36,110,33,39,71,1.0000000074505806,0.4255595763679594
Rewired 103,290,11268,1,36,120,112,77,43,0.9999999813735485,1.496892252820544
Rewired 103,291,11353,1,36,128,116,83,45,0.9999999662395567,1.3247305271215737
Rewired 103,292,556064,1,36,29,37,13,16,0.9999999525025487,0.45316127012483776
Rewired 103,293,558801,1,36,39,29,16,23,0.9999999599531293,0.33302884083241224
Rewired 103,294,10186,1,36,93,103,47,46,1.000000016298145,1.140321142040193
Rewired 103,295,10883,1,36,101,107,51,50,0.9999999748542905,1.4065726947737858
Rewired 103,296,10184,-1,37,125,179,77,48,0.999999986961484,2.65736330288928
Rewired 103,297,10323,-1,37,112,158,69,43,0.9999999981373549,2.2022314572241157
Rewired 103,298,10368,1,37,107,138,48,59,0.9999999688006938,1.6618294480722398
Rewired 103,299,114715,1,37,92,144,37,55,0.9999999850988388,1.7838746572379023
Rewired 103,300,10285,1,37,115,116,43,72,0.99999995296821,1.5490675028413534
Rewired 103,301,519132,1,37,110,112,48,62,1.0000000190921128,1.5318260120693594
Rewired 103,302,16473,-1,37,78,82,37,41,1.000000054948032,1.187918888637796
Rewired 103,303,522715,-1,37,85,95,37,48,0.9999999753199518,1.2695367014966905
Rewired 103,304,14133,-1,38,88,97,39,49,0.9999999571591616,1.5804120603716
Rewired 103,305,512662,-1,38,84,108,38,46,1.0000000270083547,1.415689887944609
Rewired 103,306,10635,-1,38,92,105,43,49,0.999999972525984,1.4419806278310716
Rewired 103,307,10916,-1,38,115,124,54,61,1.0000000002328306,1.6736982690636069
Rewired 103,308,13870,-1,38,95,124,39,56,1.0000000279396772,1.9120956142432988
Rewired 103,309,532568,-1,38,90,123,36,54,0.9999999832361937,1.6352969849249348
Rewired 103,310,11192,-1,38,102,112,45,57,1.0000000381842256,1.5732265466358513
Rewired 103,311,533590,-1,38,107,120,44,63,0.9999999655410647,1.5803237105719745
Rewired 103,312,11634,-1,39,102,91,41,61,0.9999999599531293,1.3068933333270252
Rewired 103,313,534301,-1,39,70,80,29,41,0.9999999892897904,1.0442489478737116
Rewired 103,314,12761,-1,39,73,97,29,44,0.9999999604187906,1.2199939980637282
Rewired 103,315,520393,-1,39,71,94,27,44,0.9999999762512743,1.5506516515742987
Rewired 103,316,10669,-1,39,77,91,38,39,0.9999999874271452,1.249250463442877
Rewired 103,317,520337,-1,39,85,94,38,47,0.9999999608844519,1.191980745876208
Rewired 103,318,10521,-1,39,68,62,27,41,0.9999999925494194,0.7959579585585743
Rewired 103,319,11423,-1,39,86,88,39,47,1.0000000121071935,1.401852052891627
Rewired 103,320,11945,-1,40,78,93,36,42,0.9999999981373549,1.2940826071426272
Rewired 103,321,11318,-1,40,73,93,35,38,1.0000000037252903,1.5002249700482935
Rewired 103,322,11607,-1,40,66,92,31,35,1.0000000321306288,1.2155720239970833
Rewired 103,323,11227,0,40,148,0,101,47,0.9999999944120646,0.0
Rewired 103,324,14212,0,40,146,0,99,47,0.9999999520368874,0.0
Rewired 103,325,14530,1,40,55,69,44,11,0.9999999753199518,0.933604774530977
Rewired 103,326,11135,1,40,71,79,52,19,0.9999999962747097,1.0052698299987242
Rewired 103,327,519850,1,40,70,83,49,21,0.9999999864958227,1.0157825965434313
Rewired 103,328,10470,1,41,72,77,50,22,1.0000000330619514,1.1299279510276392
Rewired 103,329,10569,1,41,67,80,47,20,1.000000026077032,1.0661732101580128
Rewired 103,330,17484,1,41,58,80,40,18,1.0000000521540642,0.9622135584941134
Rewired 103,331,12160,1,41,60,80,41,19,1.0000000251457095,0.9505539815872908
Rewired 103,332,10359,1,41,55,67,39,16,0.9999999678693712,0.9203568461816758
Rewired 103,333,12782,1,41,60,76,42,18,0.999999956227839,1.00507771410048
Rewired 103,334,520003,1,41,65,78,47,18,1.000000022817403,0.8043873918941244
Rewired 103,335,10767,1,41,68,76,48,20,1.0000000298023224,0.9251159833511338
Rewired 103,336,525105,1,42,73,93,51,22,1.0000000051222742,1.2019958565942943
Rewired 103,337,10176,1,42,81,96,56,25,1.0000000251457095,1.434617810882628
Rewired 103,338,10208,1,42,85,100,55,30,1.0000000311993062,1.2305444719968364
Rewired 103,339,11080,1,42,73,82,48,25,1.0000000325962901,1.0080189085565507
Rewired 103,340,11092,1,42,72,87,47,25,0.9999999939464033,1.257510288618505
Rewired 103,341,12171,1,42,64,76,44,20,1.0000000442378223,0.8941435914020985
Rewired 103,342,520466,1,42,66,85,44,22,1.0000000237487257,1.0293530975468457
Rewired 103,343,10111,1,42,67,72,44,23,0.9999999608844519,0.8096579631092027
Rewired 103,344,11469,1,43,66,75,45,21,0.9999999729916453,0.8267481371294707
Rewired 103,345,10613,1,43,78,97,53,25,1.0000000321306288,1.2726110750809312
Rewired 103,346,10670,1,43,73,94,50,23,0.9999999739229679,1.1553878621198237
Rewired 103,347,10423,1,43,76,88,47,29,1.000000037951395,1.0448200977407396
Rewired 103,348,10524,1,43,71,83,45,26,0.9999999825377017,1.2295809695497155
Rewired 103,349,10084,1,43,91,102,60,31,1.0000000344589353,1.42226205393672
Rewired 103,350,10126,1,43,87,101,54,33,1.0000000060535967,1.2099315788364038
Rewired 103,351,11734,0,43,33,0,9,24,0.9999999906867743,0.0
Rewired 103,352,12569,0,44,32,0,10,22,1.0000000149011612,0.0
Rewired 103,353,15616,1,44,20,27,11,9,1.0000000298023224,0.36723488778807223
Rewired 103,354,512513,1,44,21,28,11,10,0.9999999599531293,0.3239314197562635
Rewired 103,355,512928,1,44,21,24,9,12,1.0000000121071935,0.3290979019366205
Rewired 103,356,513284,1,44,20,25,10,10,1.0000000521540642,0.3102976796217263
Rewired 103,357,515675,1,44,21,27,10,11,0.9999999580904841,0.2718538383487612
Rewired 103,358,519140,1,44,19,24,9,10,1.0000000465661287,0.2734429487027228
Rewired 103,359,13434,-1,44,17,20,10,7,1.0000000037252903,0.29275666759349406
Rewired 103,360,10324,1,45,31,28,11,20,1.000000006519258,0.43498812592588365
Rewired 103,361,11433,1,45,32,30,14,18,0.9999999981373549,0.3150291806086898
Rewired 103,362,11886,1,45,30,28,16,14,1.0000000037252903,0.26568762492388487
Rewired 103,363,12656,1,45,31,27,12,19,1.000000024214387,0.3121428618906066
Rewired 103,364,12706,0,45,57,0,21,36,1.0000000256113708,0.0
Rewired 103,365,520468,0,45,60,0,20,40,0.9999999990686774,0.0
Rewired 103,366,10969,-1,45,39,43,21,18,1.000000040512532,0.5869697516318411
Rewired 103,367,520817,-1,45,38,32,18,20,1.0000000158324838,0.5085629916284233
Rewired 103,368,10624,-1,46,26,41,14,12,1.0000000074505806,0.5334307773737237
Rewired 103,369,11326,-1,46,30,41,19,11,0.9999999850988388,0.4573153341189027
Rewired 103,370,22884,-1,46,28,45,17,11,1.0000000093132257,0.7437204464804381
Rewired 103,371,23281,-1,46,30,53,18,12,1.000000037252903,0.6865633735433221
Rewired 103,372,10099,-1,46,58,63,21,37,1.0000000125728548,1.116578056360595
Rewired 103,373,12506,-1,46,80,81,29,51,0.9999999976716936,1.0312690165592358
Rewired 103,374,12106,1,46,39,20,21,18,1.0000000158324838,0.2379108004970476
Rewired 103,375,13058,1,46,32,18,16,16,0.9999999962747097,0.19719048985280097
Rewired 103,376,521584,0,47,80,0,37,43,0.9999999683350325,0.0
Rewired 103,377,533103,0,47,74,0,38,36,0.9999999743886292,0.0
Rewired 103,378,12083,-1,47,39,20,8,31,1.0000000139698386,0.34413748350925744
Rewired 103,379,12802,-1,47,85,21,42,43,0.9999999906867743,0.31017589825205505
Rewired 103,380,15325,-1,47,56,54,17,39,1.0000000447034836,0.7786393205169588
Rewired 103,381,26287,-1,47,60,55,15,45,0.9999999855645001,0.9063107899855822
Rewired 103,382,26665,-1,47,43,36,21,22,0.9999999748542905,0.4173254182096571
Rewired 103,383,12333,0,47,49,0,24,25,1.0000000055879354,0.0
Rewired 103,384,15888,0,48,57,0,25,32,0.9999999878928065,0.0
Rewired 103,385,43756,0,48,55,0,22,33,1.000000027474016,0.0
Rewired 103,386,44903,0,48,51,0,22,29,0.9999999981373549,0.0
Rewired 103,387,23846,-1,48,48,24,20,28,1.000000037252903,0.31784174917265773
Rewired 103,388,520338,-1,48,42,23,15,27,0.999999993480742,0.46387939737178385
Rewired 103,389,14420,-1,48,31,16,9,22,1.0000000204890966,0.21941068209707737
Rewired 103,390,133601,-1,48,31,26,7,24,0.999999986961484,0.280688819475472
Rewired 103,391,13559,0,48,90,0,46,44,0.9999999981373549,0.0
Rewired 103,392,14434,0,49,68,0,36,32,1.0000000223517418,0.0
Rewired 103,393,23601,0,49,65,0,33,32,1.0000000419095159,0.0
Rewired 103,394,517548,0,49,71,0,37,34,1.0000000256113708,0.0
Rewired 103,395,10744,-1,49,43,21,15,28,0.9999999655410647,0.2552039565052837
Rewired 103,396,12221,-1,49,60,33,22,38,1.0000000167638063,0.4062142828479409
Rewired 103,397,13142,-1,49,54,25,20,34,1.0000000316649675,0.27551397611387074
Rewired 103,398,520435,-1,49,72,41,28,44,1.0000000158324838,0.4764985521323979
Rewired 103,399,13033,1,49,59,28,19,40,1.000000003259629,0.3061989808920771
Rewired 103,400,13101,1,50,70,23,25,45,1.000000063329935,0.2936266176402569
Rewired 103,401,14677,-1,50,29,23,10,19,0.9999999739229679,0.3142786535900086
Rewired 103,402,10453,-1,50,12,29,5,7,0.9999999813735485,0.43617533054202795
Rewired 103,403,12248,-1,50,15,29,6,9,0.9999999701976776,0.3145761704072356
Rewired 103,404,523578,-1,50,13,30,5,8,0.9999999888241291,0.45150031708180904
Rewired 103,405,529129,-1,50,14,28,5,9,0.9999999720603228,0.3766564726829529
Rewired 103,406,10514,-1,50,16,25,8,8,1.0000000279396772,0.26835375372320414
Rewired 103,407,533946,-1,50,16,34,9,7,0.9999999962747097,0.5357460842933506
Rewired 103,408,10553,-1,51,14,12,6,8,1.0,0.17812756495550275
Rewired 103,409,10205,-1,51,32,63,15,17,0.999999962747097,0.8299714874010533
Rewired 103,410,10935,-1,51,63,61,36,27,0.9999999953433871,0.65690425503999
Rewired 103,411,19306,-1,51,71,59,38,33,1.0000000186264515,0.8446795679628849
Rewired 103,412,10864,1,51,14,13,5,9,0.9999999925494194,0.18199375411495566
Rewired 103,413,555296,1,51,12,15,5,7,1.000000011175871,0.19197250145953149
Rewired 103,414,555270,-1,51,12,6,6,6,1.0000000037252903,0.05432250630110502
Rewired 103,415,513992,1,51,7,6,1,6,1.0000000670552254,0.08920697215944529
Rewired 103,416,27203,1,52,8,12,4,4,1.0,0.14989612624049187
Rewired 103,417,521222,1,52,36,55,27,9,0.9999999850988388,0.7550859659677371
Rewired 103,418,13460,-1,52,11,8,6,5,1.0000000223517418,0.07745335216168314
Rewired 103,419,11896,-1,52,12,18,4,8,1.0000000167638063,0.26939111528918147
Rewired 103,420,12900,-1,52,15,17,8,7,1.000000026077032,0.18447843776084483
Rewired 103,421,11710,-1,52,15,8,6,9,1.000000026077032,0.09872345044277608
Rewired 103,422,12319,-1,52,10,9,6,4,0.9999999981373549,0.15912212431430817
Rewired 103,423,10202,-1,52,100,147,61,39,0.999999956227839,2.240734447957948
Rewired 103,424,162461,-1,53,69,149,48,21,0.9999999850988388,1.8625405895290896
Rewired 103,425,10103,1,53,66,86,32,34,0.9999999525025487,1.1201813521329314
Rewired 103,426,519567,1,53,55,100,26,29,0.9999999729916453,1.1837764419615269
Rewired 103,427,10510,1,53,75,144,36,39,0.9999999650754035,1.6241022539325058
Rewired 103,428,10617,1,53,72,140,34,38,0.9999999785795808,2.0430643366416916
Rewired 103,429,11231,-1,53,27,44,12,15,0.9999999590218067,0.5180150824598968
Rewired 103,430,520816,-1,53,44,67,30,14,0.9999999804422259,0.8941941326484084
Rewired 103,431,10695,-1,53,47,94,21,26,1.0,1.186451049754396
Rewired 103,432,32461,1,54,11,12,5,6,0.9999999422580004,0.16737319622188807
Rewired 103,433,26344,-1,54,46,71,24,22,0.9999999888241291,0.9543348267907277
Rewired 103,434,10949,-1,54,46,78,22,24,1.0000000167638063,1.0738422353751957
Rewired 103,435,17140,-1,54,64,35,30,34,1.0000000027939677,0.5497937761247158
Rewired 103,436,10420,1,54,80,133,35,45,0.9999999813735485,1.9911856120452285
Rewired 103,437,10638,1,54,79,131,37,42,0.9999999776482582,1.692475529271178
Rewired 103,438,10166,-1,54,21,24,14,7,0.9999999832361937,0.25889277597889304
Rewired 103,439,26862,-1,54,27,11,15,12,0.9999999962747097,0.1647488169837743
Rewired 103,440,12455,-1,55,17,22,11,6,1.0000000018626451,0.3030239366926253
Rewired 103,441,525408,-1,55,31,25,15,16,0.9999999385327101,0.3047411567531526
Rewired 103,442,513831,-1,55,14,14,9,5,0.9999999832361937,0.19458345719613135
Rewired 103,443,522335,-1,55,20,18,14,6,0.9999999757856131,0.26436233962886035
Rewired 103,444,11208,1,55,46,32,17,29,1.0000000279396772,0.5733337854035199
Rewired 103,445,521028,1,55,42,30,11,31,0.9999999701976776,0.32734705170150846
Rewired 103,446,10887,-1,55,71,66,25,46,1.0000000037252903,0.8443377574440092
Rewired 103,447,12395,-1,55,71,61,35,36,1.0000000330619514,1.0377657008357346
Rewired 103,448,12724,1,56,52,54,29,23,0.9999999874271452,0.6365194583777338
Rewired 103,449,519724,1,56,63,65,30,33,0.9999999739229679,0.7958990402985364
Rewired 103,450,519461,1,56,58,50,22,36,0.9999999781139195,0.6553114574635401
Rewired 103,451,529641,1,56,57,55,23,34,1.0000000074505806,0.704760980559513
Rewired 103,452,200284,-1,56,71,87,27,44,0.9999999878928065,1.3597684476990253
Rewired 103,453,519925,-1,56,83,91,27,56,1.000000019557774,1.1416109851561487
Rewired 103,454,10725,-1,56,3,14,0,3,1.0000000149011612,0.2925810217857361
Rewired 103,455,531732,-1,56,6,16,0,6,1.0000000149011612,0.17203121352940798
Rewired 103,456,12910,-1,57,41,43,20,21,1.0000000353902578,0.5521279056556523
Rewired 103,457,14192,-1,57,40,58,22,18,0.9999999734573066,0.7468619528226554
Rewired 103,458,11490,-1,57,52,51,22,30,0.9999999878928065,0.7544443963561207
Rewired 103,459,521527,-1,57,54,56,23,31,1.0000000037252903,0.722756668459624
Rewired 103,460,33289,-1,57,51,36,21,30,1.0000000391155481,0.5951874610036612
Rewired 103,461,11750,-1,57,54,38,22,32,0.9999999674037099,0.5107592304702848
Rewired 103,462,11795,-1,57,58,35,22,36,0.9999999878928065,0.47594036208465695
Rewired 103,463,521529,-1,57,49,34,19,30,0.9999999972060323,0.44936490757390857
Rewired 103,464,13450,-1,58,84,122,42,42,1.0000000074505806,1.567507111467421
Rewired 103,465,13724,-1,58,76,113,37,39,1.000000003259629,1.5961471446789801
Rewired 103,466,11351,-1,58,60,47,25,35,1.0000000223517418,0.5283053573220968
Rewired 103,467,11457,-1,58,65,61,27,38,1.0000000237487257,0.7433790736831725
Rewired 103,468,555727,1,58,57,69,25,32,1.0000000186264515,0.8030602857470512
Rewired 103,469,12206,-1,58,56,68,24,32,1.0000000391155481,0.7804324137978256
Rewired 103,470,523716,-1,58,55,62,24,31,1.0000000009313226,0.9947196019347757
Rewired 103,471,13182,-1,58,65,57,32,33,0.9999999818392098,0.907579145161435
Rewired 103,472,525959,-1,59,74,74,37,37,1.0000000046566129,0.9973434424027801
Rewired 103,473,16642,-1,59,42,36,20,22,1.0000000232830644,0.4816601723432541
Rewired 103,474,11199,0,59,99,0,44,55,0.9999999697320163,0.0
Rewired 103,475,532909,0,59,116,0,46,70,0.9999999925494194,0.0
Rewired 103,476,10517,-1,59,53,66,24,29,0.9999999897554517,1.1222335817292333
Rewired 103,477,519944,-1,59,65,61,29,36,0.9999999557621777,0.8685477538965642
Rewired 103,478,10546,-1,59,60,49,24,36,0.9999999888241291,0.518962032510899
Rewired 103,479,10606,-1,59,67,56,29,38,1.000000043772161,0.6187728409422562
Rewired 103,480,17113,1,60,66,118,30,36,0.9999999441206455,1.5365365811157972
Rewired 103,481,523715,1,60,68,109,31,37,1.0000000214204192,1.6013594848336652
Rewired 103,482,520613,-1,60,123,55,50,73,1.0000000263098627,0.7006882757414132
Rewired 103,483,12107,1,60,85,94,38,47,0.9999999441206455,1.1192705899011344
Rewired 103,484,10018,-1,60,15,19,4,11,1.0000000074505806,0.2985735477413982
Rewired 103,485,10290,-1,60,9,22,1,8,0.9999999590218067,0.4842506879940629
Rewired 103,486,532906,1,60,48,43,11,37,0.9999999618157744,0.7628115811385214
Rewired 103,487,12298,-1,60,29,49,13,16,1.000000017695129,0.7497076068539172
Rewired 103,488,12327,-1,61,25,44,13,12,0.9999999776482582,0.7031086173374206
Rewired 103,489,10830,1,61,91,102,37,54,1.0000000325962901,1.2924563210690394
Rewired 103,490,13877,1,61,75,90,32,43,1.000000013038516,1.2731756045250222
Rewired 103,491,12943,1,61,39,75,18,21,0.9999999571591616,0.8901370204985142
Rewired 103,492,11186,1,61,48,45,18,30,1.000000026077032,0.593231214908883
Rewired 103,493,12408,1,61,86,44,40,46,1.0000000088475645,0.6239287487696856
Rewired 103,494,12183,-1,61,39,30,19,20,0.9999999739229679,0.5104394394438714
Rewired 103,495,522706,-1,61,41,28,15,26,1.0000000204890966,0.296296609332785
Rewired 103,496,11516,-1,62,35,14,17,18,0.9999999832361937,0.1096815129276365
Rewired 103,497,12359,-1,62,27,4,11,16,1.0000000083819032,0.08699595788493752
Rewired 103,498,13556,-1,62,67,47,41,26,0.9999999655410647,0.4990430793259293
Rewired 103,499,10147,-1,62,134,129,80,54,0.9999999701976776,2.3763184195850044
Rewired 103,500,10297,-1,62,174,176,104,70,0.999999959138222,2.4948949611280113
Rewired 103,501,14066,-1,62,50,45,36,14,0.9999999701976776,0.5059097979683429
Rewired 103,502,13664,1,62,65,53,42,23,0.9999999827705324,0.6589148449711502
Rewired 103,503,15295,-1,62,27,27,12,15,1.000000019557774,0.3137248554266989
Rewired 103,504,16422,-1,63,36,38,24,12,1.0000000447034836,0.6261520343832672
Rewired 103,505,12162,-1,63,53,59,30,23,1.0000000125728548,0.8340378486318514
Rewired 103,506,13153,-1,63,60,68,34,26,1.000000017695129,0.8747882510069758
Rewired 103,507,11042,-1,63,80,70,32,48,1.0000000428408384,1.236363406991586
Rewired 103,508,11682,-1,63,94,87,35,59,0.9999999850988388,1.3005862389691174
Rewired 103,509,12003,-1,63,86,81,38,48,1.0000000121071935,1.0723454437684268
Rewired 103,510,10678,1,63,70,50,30,40,1.0000000167638063,0.6735460869967937
Rewired 103,511,11691,1,63,56,66,25,31,1.0000000325962901,0.7576652357820421
Rewired 103,512,11341,-1,64,82,76,52,30,1.0000000055879354,1.0559450315777212
Rewired 103,513,519692,-1,64,71,68,48,23,1.0,0.9382458587642759
Rewired 103,514,11030,-1,64,126,141,74,52,0.9999999632127583,2.0068028303794563
Rewired 103,515,522828,-1,64,129,158,81,48,0.9999999850988388,2.171131160808727
Rewired 103,516,11190,-1,64,98,44,48,50,0.999999969266355,0.6512684756889939
Rewired 103,517,513601,-1,64,102,59,49,53,1.0000000419095159,0.9949962557293475
Rewired 103,518,12343,-1,64,36,44,21,15,0.9999999394640326,0.7004094133153558
Rewired 103,519,12572,-1,64,45,63,26,19,1.0000000363215804,0.9349297396838665
Rewired 103,520,11174,-1,65,79,94,38,41,1.0000000149011612,1.400519453920424
Rewired 103,521,11210,-1,65,65,84,37,28,1.0000000325962901,1.6782536811660975
Rewired 103,522,11606,-1,65,69,96,39,30,0.9999999906867743,1.4128982117399573
Rewired 103,523,12259,-1,65,72,87,46,26,1.0000000223517418,1.1556624546647072
Rewired 103,524,11112,-1,65,75,97,49,26,1.000000006519258,1.1649703175062314
Rewired 103,525,12037,-1,65,92,113,56,36,0.9999999813735485,1.4046249627135694
Rewired 103,526,11001,-1,65,68,65,36,32,1.000000027474016,0.873107535764575
Rewired 103,527,522760,-1,65,55,75,30,25,1.000000017695129,1.0298514754977077
Rewired 103,528,11525,1,66,59,49,33,26,1.0000000158324838,0.6388132742140442
Rewired 103,529,512745,1,66,60,56,33,27,1.0000000558793545,0.5794243204873055
Rewired 103,530,19873,-1,66,42,48,26,16,1.0000000018626451,0.7285677599720657
Rewired 103,531,10486,1,66,73,86,34,39,1.0000000023283064,0.9934144924627617
Rewired 103,532,13384,1,66,65,79,32,33,1.0000000246800482,0.933698101202026
Rewired 103,533,13018,1,66,64,89,29,35,1.0000000204890966,1.0617360342293978
Rewired 103,534,529519,1,66,71,81,31,40,0.9999999813735485,1.0785706869792193
Rewired 103,535,10209,-1,66,97,103,64,33,0.9999999811407179,1.6421420037513599
Rewired 103,536,10305,-1,67,93,95,64,29,1.0000000165309757,1.3135750936344266
Rewired 103,537,11903,1,67,26,10,12,14,0.9999999664723873,0.09001399925909936
Rewired 103,538,12702,1,67,90,86,34,56,0.9999999790452421,1.0248013702221215
Rewired 103,539,520410,1,67,96,76,45,51,1.0000000139698386,1.2004250750178471
Rewired 103,540,10356,1,67,80,88,35,45,0.9999999939464033,1.2306114948587492
Rewired 103,541,13613,1,67,67,73,28,39,1.0000000027939677,0.7602171511389315
Rewired 103,542,13761,-1,67,36,42,22,14,1.000000013038516,0.5904782288707793
Rewired 103,543,15039,-1,67,39,54,20,19,1.0000000689178705,0.6445351201109588
Rewired 103,544,10347,0,68,19,0,7,12,0.9999999552965164,0.0
Rewired 103,545,11477,0,68,24,0,8,16,1.0000000186264515,0.0
Rewired 103,546,10537,-1,68,40,23,15,25,0.9999999646097422,0.3704766334267333
Rewired 103,547,11497,-1,68,43,25,15,28,0.9999999944120646,0.2911663621198386
Rewired 103,548,10583,1,68,122,114,63,59,0.9999999955762178,1.4131046554539353
Rewired 103,549,11043,1,68,105,81,54,51,1.0000000484287739,0.9319475330412388
Rewired 103,550,11053,1,68,22,9,15,7,1.000000011175871,0.07356686657294631
Rewired 103,551,555342,1,68,20,19,15,5,0.9999999944120646,0.2606407927814871
Rewired 103,552,10597,-1,69,36,68,15,21,0.9999999906867743,1.1433558058924973
Rewired 103,553,10956,-1,69,40,76,17,23,1.0000000055879354,1.1287750537740067
Rewired 103,554,10013,-1,69,42,77,18,24,0.9999999757856131,1.063058530446142
Rewired 103,555,520151,-1,69,50,82,23,27,0.9999999664723873,1.19359994167462
Rewired 103,556,522444,-1,69,39,46,14,25,0.9999999580904841,0.7365282189566642
Rewired 103,557,522749,-1,69,33,46,12,21,0.9999999823048711,0.5714580700732768
Rewired 103,558,519373,-1,69,31,52,13,18,1.0000000186264515,0.7296060330700129
Rewired 103,559,521526,-1,69,34,51,9,25,0.9999999860301614,0.6831820383667946
Rewired 103,560,525780,-1,70,70,78,24,46,0.9999999916180968,1.173617490567267
Rewired 103,561,530875,-1,70,65,90,23,42,0.999999986961484,1.4450744348578155
Rewired 103,562,10495,-1,70,28,73,9,19,1.0000000335276127,0.9803928476758301
Rewired 103,563,519371,-1,70,29,65,7,22,0.9999999925494194,0.8808285424020141
Rewired 103,564,10079,-1,70,20,45,5,15,0.9999999739229679,0.8502499386668205
Rewired 103,565,12690,-1,70,23,39,5,18,1.0000000149011612,0.5756954622920603
Rewired 103,566,515338,-1,70,11,13,3,8,0.9999999590218067,0.18460737238638103
Rewired 103,567,18713,-1,70,33,65,10,23,0.9999999720603228,0.7594257765449584
Rewired 103,568,19267,-1,71,31,85,10,21,1.000000013038516,1.3342855379451066
Rewired 103,569,21242,-1,71,24,66,9,15,1.0000000158324838,0.8511634119786322
Rewired 103,570,523060,-1,71,32,74,11,21,0.9999999701976776,1.0953544039512053
Rewired 103,571,10704,-1,71,27,82,7,20,1.0000000279396772,1.077899195253849
Rewired 103,572,11402,-1,71,31,80,9,22,1.0,1.1904206703184173
Rewired 103,573,13728,1,71,26,71,11,15,1.0000000409781933,0.8756819777190685
Rewired 103,574,13768,1,71,30,73,11,19,0.9999999981373549,0.8848477294668555
Rewired 103,575,519368,1,71,25,67,10,15,0.9999999739229679,0.7673726654611528
Rewired 103,576,521086,1,72,25,64,12,13,1.0000000037252903,0.8453410498332232
Rewired 103,577,12726,1,72,15,50,7,8,1.0000000149011612,0.7020124313421547
Rewired 103,578,514853,1,72,25,50,12,13,1.0000000521540642,0.65713647659868
Rewired 103,579,11873,1,72,13,22,1,12,1.0000000074505806,0.2757219367194921
Rewired 103,580,17946,1,72,12,19,1,11,1.0,0.32441804790869355
Rewired 103,581,14221,1,72,42,60,10,32,1.000000017695129,0.7129670644644648
Rewired 103,582,512788,1,72,38,58,8,30,0.9999999897554517,0.6843846736010164
Rewired 103,583,10804,-1,72,55,120,28,27,0.9999999729916453,1.5509944160003215
Rewired 103,584,11145,-1,73,67,127,32,35,0.9999999804422259,1.8931399553548545
Rewired 103,585,10826,1,73,53,83,11,42,1.0000000381842256,0.9904786362312734
Rewired 103,586,523628,1,73,54,90,17,37,0.9999999515712261,1.2230586321093142
Rewired 103,587,11990,1,73,34,66,12,22,1.000000011175871,0.7387686793226749
Rewired 103,588,12918,1,73,27,69,9,18,0.9999999701976776,0.8670835621887818
Rewired 103,589,11176,1,73,93,98,40,53,0.9999999892897904,1.124873622553423
Rewired 103,590,524893,1,73,85,92,34,51,0.9999999953433871,1.1855290608946234
Rewired 103,591,515034,1,73,67,81,25,42,0.9999999580904841,1.0200310992076993
Rewired 103,592,513174,-1,74,56,88,19,37,0.9999999804422259,1.5452760884072632
Rewired 103,593,515015,-1,74,48,73,19,29,0.9999999976716936,0.740972924279049
Rewired 103,594,10816,-1,74,78,98,35,43,1.0000000330619514,1.196203378494829
Rewired 103,595,11805,-1,74,69,79,33,36,0.9999999492429197,0.9115807861089706
Rewired 103,596,11455,-1,74,95,86,45,50,1.0000000139698386,1.2621931708417833
Rewired 103,597,519131,-1,74,97,89,49,48,0.999999969266355,1.1446741472464055
Rewired 103,598,11785,1,74,77,95,31,46,0.9999999669380486,1.1066035081166774
Rewired 103,599,523043,1,74,66,79,27,39,0.9999999860301614,1.056747971335426
Rewired 103,600,10599,1,75,119,109,51,68,1.0000000069849193,1.2302761923056096
Rewired 103,601,508595,1,75,112,113,51,61,0.9999999832361937,1.4591706257779151
Rewired 103,602,10402,-1,75,85,64,64,21,1.000000016996637,0.8601527912542224
Rewired 103,603,10472,-1,75,81,60,59,22,0.9999999965075403,0.9238623675191775
Rewired 103,604,11930,1,75,165,149,128,37,1.0000000190921128,2.0271866254042834
Rewired 103,605,517458,1,75,163,150,125,38,0.9999999946448952,1.9153172024525702
Rewired 103,606,10567,1,75,97,111,76,21,1.0000000419095159,1.7424277781974524
Rewired 103,607,13314,-1,75,104,57,77,27,1.0000000400468707,0.7427393377292901
Rewired 103,608,13389,-1,76,116,68,87,29,1.0000000237487257,0.7726040992420167
Rewired 103,609,13832,-1,76,103,54,79,24,1.0000000135041773,0.9569411322008818
Rewired 103,610,13951,-1,76,107,70,79,28,0.999999959487468,0.941626934800297
Rewired 103,611,23850,0,76,99,0,42,57,0.9999999571591616,0.0
Rewired 103,612,10187,0,76,141,0,41,100,0.9999999834690243,0.0
Rewired 103,613,287884,0,76,107,0,34,73,1.000000030035153,0.0
Rewired 103,614,10120,0,76,150,0,77,73,0.9999999953433871,0.0
Rewired 103,615,11921,0,76,124,0,59,65,1.0000000037252903,0.0
Rewired 103,616,10041,0,77,126,0,62,64,1.0000000186264515,0.0
Rewired 103,617,10110,0,77,130,0,61,69,1.0000000258442014,0.0
Rewired 103,618,11608,0,77,184,0,130,54,1.0000000456348062,0.0
Rewired 103,619,12109,0,77,195,0,141,54,0.9999999864958227,0.0
Rewired 103,620,10080,0,77,57,0,23,34,1.0000000335276127,0.0
Rewired 103,621,10555,0,77,56,0,22,34,0.9999999823048711,0.0
Rewired 103,622,10799,0,77,120,0,56,64,0.9999999538995326,0.0
Rewired 103,623,11005,0,77,87,0,44,43,1.000000016298145,0.0
Rewired 103,624,10168,0,78,166,0,67,99,0.9999999669380486,0.0
Rewired 103,625,10175,0,78,171,0,80,91,0.9999999483115971,0.0
Rewired 103,626,10185,0,78,243,0,122,121,0.999999996740371,0.0
Rewired 103,627,14463,-1,78,31,47,14,17,0.9999999981373549,0.5844576529925689
Rewired 103,628,11789,-1,78,20,42,12,8,0.9999999590218067,0.5951604631263763
Rewired 103,629,11815,-1,78,33,56,14,19,0.9999999925494194,0.7290771303232759
Rewired 103,630,533704,-1,78,45,48,19,26,0.9999999981373549,0.6756532501894981
Rewired 103,631,11905,-1,78,33,72,10,23,0.9999999552965164,0.966465906938538
Rewired 103,632,11712,-1,79,50,90,25,25,0.9999999608844519,1.0795601001009345
Rewired 103,633,521059,-1,79,43,86,19,24,0.9999999571591616,1.0516064481344074
Rewired 103,634,11440,-1,79,27,57,10,17,0.9999999962747097,0.8737219969043508
Rewired 103,635,525958,-1,79,35,62,13,22,1.000000019557774,0.9375160452909768
Rewired 103,636,10794,-1,79,60,127,21,39,1.0000000018626451,1.6447612568736076
Rewired 103,637,524883,-1,79,65,112,26,39,0.9999999557621777,1.799976177047938
Rewired 103,638,10912,-1,79,12,19,4,8,1.0000000447034836,0.19785655289888382
Rewired 103,639,11637,1,79,37,31,16,21,1.0000000037252903,0.4071784242987633
Rewired 103,640,10644,1,80,54,103,18,36,1.0000000158324838,1.264776875381358
Rewired 103,641,524521,1,80,58,134,17,41,0.9999999832361937,2.0358569025993347
Rewired 103,642,11626,1,80,63,56,18,45,1.0000000074505806,0.9685882381163538
Rewired 103,643,35790,1,80,59,57,19,40,0.9999999846331775,0.7715445829089731
Rewired 103,644,12376,1,80,62,46,17,45,1.000000011175871,0.5777821140363812
Rewired 103,645,12452,1,80,58,41,13,45,1.0000000200234354,0.4655154242645949
Rewired 103,646,11303,0,80,129,0,75,54,1.0000000074505806,0.0
Rewired 103,647,11507,0,80,134,0,71,63,1.0000000100117177,0.0
Rewired 103,648,11719,-1,81,49,60,19,30,0.9999999850988388,0.7180856994818896
Rewired 103,649,524668,-1,81,40,52,16,24,1.0000000270083547,0.689784721005708
Rewired 103,650,11327,0,81,64,0,24,40,1.0000000456348062,0.0
Rewired 103,651,11900,0,81,74,0,34,40,0.9999999580904841,0.0
Rewired 103,652,11618,0,81,113,0,52,61,1.0000000344589353,0.0
Rewired 103,653,13428,0,81,101,0,50,51,0.9999999639112502,0.0
Rewired 103,654,11752,0,81,80,0,33,47,1.0000000167638063,0.0
Rewired 103,655,14182,0,81,82,0,38,44,1.0000000465661287,0.0
Rewired 103,656,14225,0,82,25,0,5,20,0.9999999953433871,0.0
Rewired 103,657,512326,0,82,26,0,5,21,0.9999999590218067,0.0
Rewired 103,658,529512,0,82,43,0,18,25,1.000000043772161,0.0
Rewired 103,659,529516,0,82,40,0,14,26,1.0000000121071935,0.0
Rewired 103,660,14705,0,82,63,0,31,32,0.9999999878928065,0.0
Rewired 103,661,519616,0,82,78,0,36,42,1.000000033993274,0.0
Rewired 103,662,12902,0,82,88,0,43,45,0.9999999776482582,0.0
Rewired 103,663,10753,0,82,92,0,51,41,1.0000000251457095,0.0
Rewired 103,664,11560,0,83,95,0,51,44,1.0000000484287739,0.0
Rewired 103,665,10910,0,83,102,0,54,48,1.0000000027939677,0.0
Rewired 103,666,11532,0,83,122,0,69,53,0.9999999664723873,0.0
Rewired 103,667,555259,-1,83,8,16,3,5,1.0000000149011612,0.22708957688882947
Rewired 103,668,11908,1,83,9,30,4,5,0.9999999701976776,0.29684583423659205
Rewired 103,669,555176,1,83,10,30,5,5,0.9999999850988388,0.35193536756560206
Rewired 103,670,31330,-1,83,48,53,15,33,1.000000024214387,0.7697280350839719
Rewired 103,671,10777,-1,83,61,81,26,35,0.9999999487772584,1.2393684301059693
Rewired 103,672,10781,-1,84,54,87,23,31,1.000000026077032,1.2364788439590484
Rewired 103,673,10101,-1,84,27,41,14,13,1.000000026077032,0.7343709209235385
Rewired 103,674,10203,-1,84,19,33,13,6,1.0000000055879354,0.47688891645520926
Rewired 103,675,11515,-1,84,29,28,12,17,1.000000013038516,0.33194807008840144
Rewired 103,676,511784,-1,84,31,21,16,15,1.0000000298023224,0.21493136673234403
Rewired 103,677,10207,1,84,33,37,13,20,0.9999999608844519,0.41217140131630003
Rewired 103,678,533529,1,84,34,45,12,22,1.000000043772161,0.4649500143714249
Rewired 103,679,10479,1,84,31,47,13,18,1.0000000335276127,0.607658320106566
Rewired 103,680,10603,1,85,23,39,11,12,0.9999999534338713,0.42893153335899115
Rewired 103,681,12055,1,85,14,39,8,6,1.0000000223517418,0.5153458004351705
Rewired 103,682,12091,1,85,20,56,9,11,1.000000013038516,0.7706774281105027
Rewired 103,683,12292,1,85,37,45,13,24,0.9999999739229679,0.5294888471253216
Rewired 103,684,521305,1,85,32,44,16,16,1.0000000325962901,0.48473656293936074
Rewired 103,685,10333,-1,85,48,38,22,26,0.9999999958090484,0.519925924250856
Rewired 103,686,13136,1,85,53,95,10,43,0.9999999795109034,1.427180980797857
Rewired 103,687,14639,1,85,56,96,15,41,0.9999999767169356,1.3734204227803275
Rewired 103,688,10074,-1,86,113,89,70,43,0.9999999636784196,1.8881583366310224
Rewired 103,689,531985,-1,86,120,101,74,46,0.9999999734573066,1.3379260291112587
Rewired 103,690,11762,1,86,52,106,12,40,1.0000000284053385,1.3603897456778213
Rewired 103,691,522346,1,86,49,116,12,37,0.9999999906867743,1.4753112506587058
Rewired 103,692,520606,1,86,58,121,23,35,1.0000000186264515,1.340681555098854
Rewired 103,693,523528,1,86,67,138,31,36,0.9999999990686774,1.7481343995314091
Rewired 103,694,11278,-1,86,98,87,38,60,1.0000000055879354,1.172346389386803
Rewired 103,695,521375,-1,86,118,90,52,66,1.0000000095460564,1.3056278357980773
Rewired 103,696,11252,-1,87,85,92,46,39,1.0000000013969839,1.2691105115227401
Rewired 103,697,11883,-1,87,102,121,57,45,0.9999999646097422,1.6578685794956982
Rewired 103,698,13271,-1,87,56,111,34,22,1.0000000298023224,1.4931268652435392
Rewired 103,699,523624,-1,87,53,108,24,29,0.9999999571591616,1.8186578676104546
Rewired 103,700,10364,1,87,56,75,25,31,1.0000000139698386,0.8679369983728975
Rewired 103,701,11367,1,87,64,108,31,33,1.0000000344589353,1.4110603211447597
Rewired 103,702,10867,1,87,116,125,52,64,0.9999999860301614,1.7705967883812264
Rewired 103,703,555383,1,87,93,115,42,51,0.9999999613501132,1.3362154448404908
Rewired 103,704,10448,-1,88,101,134,57,44,0.9999999757856131,2.0445126234553754
Rewired 103,705,11017,-1,88,118,149,69,49,1.0000000218860805,2.12197312223725
Rewired 103,706,10641,0,88,39,0,18,21,1.0000000079162419,0.0
Rewired 103,707,522405,0,88,57,0,26,31,0.9999999906867743,0.0
Rewired 103,708,10742,-1,88,42,62,24,18,1.000000011175871,1.004201764240861
Rewired 103,709,530685,-1,88,54,87,30,24,0.9999999906867743,1.2617950373096392
Rewired 103,710,10594,1,88,102,100,27,75,1.0000000400468707,1.4495759969577193
Rewired 103,711,11526,1,88,107,113,35,72,0.9999999701976776,1.225618386408314
Rewired 103,712,12323,1,89,103,29,54,49,1.000000013038516,0.3480155833531171
Rewired 103,713,10609,1,89,80,135,37,43,1.000000050291419,1.9173883954063058
Rewired 103,714,10995,1,89,82,121,35,47,0.9999999911524355,1.674993404536508
Rewired 103,715,12518,1,89,58,78,29,29,1.0000000302679837,0.959929843666032
Rewired 103,716,43368,1,89,47,63,22,25,1.0000000428408384,0.7071676827035844
Rewired 103,717,11927,1,89,72,91,25,47,0.9999999930150807,1.1231322018429637
Rewired 103,718,12184,1,89,101,70,41,60,1.0000000284053385,0.7439134492306039
Rewired 103,719,12215,1,89,98,101,38,60,1.0000000330619514,1.598005349864252
Rewired 103,720,521693,1,90,82,71,37,45,1.0000000230502337,0.8015192649327219
Rewired 103,721,13367,1,90,54,72,21,33,0.9999999878928065,1.0359374231193215
Rewired 103,722,10329,1,90,111,42,63,48,0.9999999911524355,0.5289217885583639
Rewired 103,723,11118,1,90,103,34,57,46,0.9999999664723873,0.3851705880369991
Rewired 103,724,10483,1,90,64,62,31,33,1.0000000027939677,0.8842254386981949
Rewired 103,725,11798,1,90,81,61,41,40,1.0000000279396772,0.7864005551673472
Rewired 103,726,10986,-1,90,63,32,29,34,1.0000000186264515,0.4540404756553471
Rewired 103,727,11338,-1,90,42,41,25,17,1.0000000474974513,0.6314264780376107
Rewired 103,728,10373,1,91,71,39,33,38,1.0000000325962901,0.41883045015856624
Rewired 103,729,514764,1,91,83,43,43,40,0.9999999711290002,0.5648711529793218
Rewired 103,730,11397,-1,91,63,58,30,33,1.0000000139698386,0.7138992985710502
Rewired 103,731,30194,-1,91,44,55,21,23,1.0000000465661287,0.8005828557070345
Rewired 103,732,11782,1,91,36,56,11,25,1.0000000149011612,0.6968095779884607
Rewired 103,733,12053,1,91,32,50,9,23,1.0000000139698386,0.5811964492313564
Rewired 103,734,12654,0,91,85,0,33,52,1.0000000037252903,0.0
Rewired 103,735,21692,0,91,77,0,35,42,1.0000000214204192,0.0
Rewired 103,736,521981,-1,92,58,113,25,33,0.9999999674037099,1.6149476459249854
Rewired 103,737,531867,-1,92,68,113,32,36,1.0000000279396772,1.6709436411038041
Rewired 103,738,11964,0,92,109,0,50,59,1.0000000214204192,0.0
Rewired 103,739,520146,0,92,100,0,41,59,0.9999999883584678,0.0
Rewired 103,740,12074,-1,92,64,74,25,39,0.9999999916180968,1.034537420142442
Rewired 103,741,523561,-1,92,48,79,17,31,1.0000000037252903,1.0518828987842426
Rewired 103,742,10230,1,92,161,151,63,98,1.0000000221189111,1.952884606202133
Rewired 103,743,10273,1,92,153,114,47,106,1.0000000211875886,1.4963777088560164
Rewired 103,744,10683,-1,93,84,93,52,32,1.0000000456348062,1.258874126826413
Rewired 103,745,515578,-1,93,57,78,33,24,1.0000000488944352,1.1133833185303956
Rewired 103,746,11969,-1,93,59,64,32,27,1.000000017695129,0.9036406730301678
Rewired 103,747,11997,-1,93,50,55,33,17,0.9999999501742423,0.7650171725545079
Rewired 103,748,11959,-1,93,28,58,16,12,0.9999999813735485,0.7114274105988443
Rewired 103,749,533914,-1,93,25,40,14,11,0.9999999832361937,0.48119187797419727
Rewired 103,750,13147,-1,93,40,69,30,10,1.0000000167638063,1.0730179203674197
Rewired 103,751,13221,-1,93,53,85,37,16,1.0000000167638063,1.2752310624346137
Rewired 103,752,14966,-1,94,63,41,26,37,0.999999993480742,0.6633706938009709
Rewired 103,753,10871,1,94,78,77,44,34,0.9999999776482582,1.0580951815936714
Rewired 103,754,11962,1,94,67,103,36,31,1.0000000251457095,1.336043638875708
Rewired 103,755,11207,1,94,42,64,25,17,1.000000011175871,0.8634181779343635
Rewired 103,756,12585,1,94,56,64,26,30,0.9999999944120646,0.8856331817805767
Rewired 103,757,11958,1,94,75,59,36,39,1.0000000079162419,0.7622424638830125
Rewired 103,758,533588,1,94,59,46,25,34,1.0000000186264515,0.5902512890752405
Rewired 103,759,11008,1,94,49,54,24,25,0.9999999944120646,0.7352102776058018
Rewired 103,760,11170,1,95,55,59,24,31,0.9999999711290002,0.7110397689975798
Rewired 103,761,521194,1,95,38,43,16,22,0.9999999655410647,0.5256381169892848
Rewired 103,762,521309,1,95,37,37,17,20,1.0,0.4909451773855835
Rewired 103,763,13526,1,95,114,94,69,45,1.0000000330619514,1.055458762915805
Rewired 103,764,34896,1,95,100,78,66,34,0.9999999925494194,0.8926193800289184
Rewired 103,765,519398,1,95,105,124,47,58,1.000000003259629,1.772803631145507
Rewired 103,766,521352,1,95,99,124,46,53,1.000000009778887,1.5182845888193697
Rewired 103,767,520236,-1,95,57,53,28,29,0.999999966006726,0.654222927056253
Rewired 103,768,532000,-1,96,72,59,33,39,1.0000000083819032,0.8643249168526381
Rewired 103,769,10528,-1,96,57,59,22,35,0.9999999748542905,0.7937799176434055
Rewired 103,770,519592,-1,96,52,48,23,29,1.0000000386498868,0.5656128693372011
Rewired 103,771,46388,-1,96,68,69,36,32,0.9999999795109034,0.8370272312313318
Rewired 103,772,526311,-1,96,76,69,31,45,1.0000000102445483,0.9203440133715048
Rewired 103,773,261784,-1,96,71,82,35,36,1.0000000200234354,1.2300359688233584
Rewired 103,774,512734,-1,96,67,66,33,34,0.9999999976716936,1.027484140591696
Rewired 103,775,518488,-1,96,84,61,48,36,1.0000000391155481,0.7560307189123705
Rewired 103,776,520773,-1,97,85,87,45,40,0.9999999813735485,1.2975556529127061
Rewired 103,777,38425,-1,97,53,50,26,27,0.999999993480742,0.5985437310300767
Rewired 103,778,39262,-1,97,54,46,29,25,0.9999999981373549,0.7495523162651807
Rewired 103,779,514555,-1,97,46,48,25,21,1.0000000223517418,0.6799092213623226
Rewired 103,780,519761,-1,97,48,45,24,24,0.9999999599531293,0.7648601795081049
Rewired 103,781,10044,1,97,131,130,53,78,1.000000026077032,1.5771281588822603
Rewired 103,782,10122,1,97,131,135,53,78,0.999999986262992,1.774681844515726
Rewired 103,783,12313,1,97,85,102,36,49,0.9999999674037099,1.239244215656072
Rewired 103,784,512841,1,98,91,99,35,56,1.0000000116415322,1.0205408204346895
Rewired 103,785,36704,-1,98,68,56,22,46,1.0000000153668225,0.6618692218326032
Rewired 103,786,14982,1,98,79,71,38,41,0.9999999646097422,0.889852883759886
Rewired 103,787,13807,1,98,75,96,34,41,0.9999999804422259,1.1294406582601368
Rewired 103,788,15158,-1,98,94,100,46,48,0.9999999953433871,1.554644409334287
Rewired 103,789,11723,-1,98,104,105,53,51,0.9999999785795808,1.4175690507981926
Rewired 103,790,527588,-1,98,125,114,59,66,0.9999999906867743,1.746763966861181
Rewired 103,791,13523,-1,98,67,106,35,32,0.9999999823048711,1.2021541867870837
Rewired 103,792,525777,-1,99,76,108,37,39,1.0000000214204192,1.650974337477237
Rewired 103,793,13631,1,99,77,63,35,42,0.9999999571591616,0.8668137299828231
Rewired 103,794,520081,1,99,77,68,34,43,0.9999999543651938,0.8340207361616194
Rewired 103,795,10564,1,99,111,105,42,69,1.000000009778887,1.1984835206530988
Rewired 103,796,11324,1,99,112,97,46,66,0.9999999706633389,1.203441214398481
Rewired 103,797,14061,0,99,55,0,18,37,0.9999999962747097,0.0
Rewired 103,798,10980,-1,99,19,29,12,7,1.0000000409781933,0.32472894829697907
Rewired 103,799,12261,-1,99,16,31,11,5,1.000000026077032,0.44478534790687263
Rewired 103,800,11732,-1,100,26,27,15,11,1.0000000363215804,0.30064726155251265
Rewired 103,801,12090,-1,100,29,35,15,14,1.0000000139698386,0.6460468478035182
Rewired 103,802,558970,-1,100,50,62,18,32,0.9999999925494194,0.8236377376597375
Rewired 103,803,10645,1,100,63,49,25,38,1.0000000298023224,0.64169284212403
Rewired 103,804,38788,1,100,70,60,24,46,1.0000000083819032,0.8975919911172241
Rewired 103,805,519143,1,100,58,101,26,32,0.9999999948777258,1.3606564254732803
Rewired 103,806,521026,1,100,48,87,21,27,0.9999999990686774,1.1312884814105928
Rewired 103,807,45633,1,100,95,106,43,52,0.9999999711290002,1.314890846493654
Rewired 103,808,520039,1,101,106,82,47,59,0.9999999694991857,0.9347809563623741
Rewired 103,809,14174,0,101,98,0,46,52,1.0000000298023224,0.0
Rewired 103,810,532010,0,101,94,0,38,56,0.999999969266355,0.0
Rewired 103,811,13865,-1,101,39,52,15,24,0.9999999925494194,0.6800092704361305
Rewired 103,812,10798,-1,101,124,73,60,64,1.0000000179279596,1.0124769050162286
Rewired 103,813,10963,-1,101,136,70,59,77,0.9999999620486051,1.1280141579918563
Rewired 103,814,10525,-1,101,108,63,42,66,1.0000000288709998,0.9941201432375237
Rewired 103,815,11801,-1,101,21,31,11,10,1.0,0.28122740844264627
Rewired 103,816,12296,-1,102,19,27,7,12,0.9999999962747097,0.3988846910651773
Rewired 103,817,512355,1,102,46,59,17,29,1.000000024214387,0.8613193626515567
Rewired 103,818,521195,1,102,54,57,20,34,1.0000000186264515,0.6671667171176523
Rewired 103,819,10789,1,102,46,48,18,28,0.9999999525025487,0.5850487072020769
Rewired 103,820,13686,1,102,52,54,21,31,0.9999999776482582,0.5639472912298515
Rewired 103,821,11470,1,102,42,63,22,20,0.9999999944120646,0.7360814469866455
Rewired 103,822,13244,1,102,48,71,16,32,1.0000000121071935,0.9155969473067671
Rewired 103,823,13388,1,102,50,70,16,34,1.0000000358559191,0.8421490164473653
Rewired 103,824,14935,1,103,64,83,18,46,1.0000000200234354,1.2324641831219196
Rewired 103,825,10707,-1,103,128,165,79,49,1.0000000360887498,2.2429401385597885
Rewired 103,826,522465,-1,103,127,173,74,53,1.000000033993274,2.5565467012347654
Rewired 103,827,24136,-1,103,46,50,28,18,1.0000000409781933,0.7421170654706657
Rewired 103,828,57240,-1,103,44,49,26,18,0.9999999878928065,0.750046230154112
Rewired 103,829,512581,-1,103,52,56,35,17,1.0000000149011612,0.8440152616240084
Rewired 103,830,527318,-1,103,39,48,25,14,0.9999999795109034,0.5252509850542992
Rewired 103,831,10328,1,103,140,157,61,79,0.9999999923165888,1.8974207355640829
Rewired 103,832,521736,1,104,131,137,53,78,1.000000005820766,1.7480903480900452
Rewired 103,833,11355,1,104,51,66,32,19,1.0000000279396772,0.6823600153438747
Rewired 103,834,10390,1,104,72,94,47,25,1.0000000298023224,1.1879046882968396
Rewired 103,835,10561,1,104,63,79,39,24,0.9999999655410647,0.9572677827673033
Rewired 103,836,519970,1,104,66,74,45,21,0.9999999534338713,0.9110921174287796
Rewired 103,837,521437,1,104,62,73,45,17,1.0000000270083547,0.9726207493804395
Rewired 103,838,10996,1,104,74,83,51,23,1.0000000135041773,1.3092414129059762
Rewired 103,839,11467,1,104,70,80,47,23,1.0000000139698386,1.1573533359915018
Rewired 103,840,10877,1,105,73,81,48,25,1.0000000158324838,0.9684925184119493
Rewired 103,841,527577,1,105,73,84,51,22,1.0000000083819032,0.8738695059437305
Rewired 103,842,10198,1,105,64,89,44,20,0.9999999571591616,1.03450959129259
Rewired 103,843,529665,1,105,65,76,45,20,1.000000024214387,0.8567217299714684
Rewired 103,844,10808,1,105,64,80,48,16,1.0000000214204192,1.1653936277143657
Rewired 103,845,10904,1,105,70,84,52,18,0.999999969266355,1.1037513501942158
Rewired 103,846,10756,1,105,71,83,52,19,0.9999999925494194,1.0966357260476798
Rewired 103,847,11105,1,105,70,83,48,22,0.999999996740371,1.3057837605010718
Rewired 103,848,32824,-1,106,41,65,21,20,1.0000000223517418,0.7926422883756459
Rewired 103,849,519655,-1,106,42,69,16,26,1.0000000223517418,1.2052096212282777
Rewired 103,850,13327,1,106,43,45,21,22,1.000000026077032,0.55656132416334
Rewired 103,851,521191,1,106,54,43,21,33,1.000000026077032,0.6367687713354826
Rewired 103,852,10109,-1,106,131,127,69,62,0.9999999855645001,1.7727564433589578
Rewired 103,853,10167,-1,106,146,135,76,70,0.999999990221113,1.8549977333750576
Rewired 103,854,11061,-1,106,82,61,39,43,1.0000000158324838,0.8463336816057563
Rewired 103,855,11363,-1,106,85,65,43,42,1.0000000223517418,1.0198895126814023
Rewired 103,856,513058,1,107,83,65,40,43,1.000000027474016,0.7794726584106684
Rewired 103,857,532942,1,107,87,67,38,49,1.0000000158324838,0.8653958237264305
Rewired 103,858,13238,1,107,29,23,10,19,1.0000000409781933,0.2750681566540152
Rewired 103,859,11413,1,107,44,39,18,26,0.9999999734573066,0.3699211375787854
Rewired 103,860,12988,1,107,38,35,16,22,0.9999999674037099,0.40532496059313416
Rewired 103,861,519365,-1,107,118,139,67,51,0.9999999955762178,2.2496251799166203
Rewired 103,862,523636,-1,107,121,137,67,54,1.0000000230502337,1.9097949110437185
Rewired 103,863,10530,1,107,100,133,73,27,0.9999999669380486,1.6832714250776917
Rewired 103,864,11390,1,108,107,129,79,28,1.0000000544823706,1.6356300124898553
Rewired 103,865,10039,1,108,74,83,53,21,1.0000000265426934,1.085584469838068
Rewired 103,866,10134,1,108,65,79,45,20,0.9999999860301614,0.8987254705280066
Rewired 103,867,10321,1,108,70,87,48,22,1.000000026077032,1.059213662170805
Rewired 103,868,10522,1,108,67,89,48,19,1.0000000367872417,1.1090847249142826
Rewired 103,869,11703,1,108,68,83,47,21,1.0000000121071935,1.1357869545463473
Rewired 103,870,13283,1,108,62,75,44,18,0.999999956227839,0.9852992716478184
Rewired 103,871,12057,1,108,66,74,45,21,1.0000000018626451,0.8395737891551107
Rewired 103,872,10429,1,109,68,84,46,22,0.9999999655410647,1.025163381244056
Rewired 103,873,520916,1,109,70,83,47,23,1.0000000232830644,1.2496043050196022
Rewired 103,874,11050,1,109,125,141,93,32,0.9999999608844519,1.83802234637551
Rewired 103,875,11761,1,109,128,147,92,36,1.0000000391155481,1.9089839584194124
Rewired 103,876,10408,1,109,66,96,48,18,0.9999999771825969,1.2309490106999874
Rewired 103,877,11583,1,109,65,91,46,19,0.999999993480742,1.302842739271
Rewired 103,878,16648,1,109,95,113,76,19,0.9999999720603228,1.3681410721037537
Rewired 103,879,18049,1,109,99,121,78,21,0.9999999941792339,1.4041747117880732
Rewired 103,880,11143,1,110,71,81,48,23,0.9999999613501132,0.9718910509254783
Rewired 103,881,11521,1,110,66,87,48,18,1.000000009080395,1.123598790494725
Rewired 103,882,10736,1,110,57,64,43,14,0.9999999664723873,0.8923952216282487
Rewired 103,883,14437,1,110,104,127,79,25,0.9999999643769115,1.7155812515411526
Rewired 103,884,19845,1,110,105,132,81,24,0.9999999683350325,1.6251133556943387
Rewired 103,885,10262,1,110,126,150,88,38,1.0000000102445483,1.8722888579359278
Rewired 103,886,11229,1,110,122,150,85,37,0.9999999646097422,2.109062308911234
Rewired 103,887,11567,1,110,59,103,20,39,0.9999999832361937,1.380886721657589
Rewired 103,888,520792,-1,111,42,61,17,25,1.0000000204890966,0.6723557382356375
Rewired 103,889,531583,-1,111,58,94,23,35,1.0000000218860805,1.4814941490767524
Rewired 103,890,13062,1,111,56,85,14,42,1.0000000069849193,1.037289515370503
Rewired 103,891,519420,1,111,79,100,27,52,1.0000000153668225,1.4448608686216176
Rewired 103,892,11667,-1,111,16,25,7,9,1.0000000186264515,0.5053428604733199
Rewired 103,893,523938,-1,111,18,29,7,11,0.9999999888241291,0.4261348389554769
Rewired 103,894,10529,-1,111,30,50,13,17,1.0000000018626451,0.6884795574005693
Rewired 103,895,532747,-1,111,33,49,14,19,0.9999999906867743,0.699388010893017
Rewired 103,896,10684,-1,112,28,51,10,18,1.0000000074505806,0.6551653333008289
Rewired 103,897,11249,-1,112,35,53,8,27,0.9999999739229679,0.7005110792815685
Rewired 103,898,10598,-1,112,23,28,7,16,0.999999986961484,0.49404098372906446
Rewired 103,899,10709,1,112,42,56,4,38,0.9999999972060323,0.6316532790660858
Rewired 103,900,11419,-1,112,52,98,32,20,0.9999999608844519,1.328043601475656
Rewired 103,901,532198,-1,112,25,55,9,16,0.9999999739229679,0.821136336075142
Rewired 103,902,10371,-1,112,5,9,3,2,0.9999999850988388,0.07451201369985938
Rewired 103,903,10691,-1,112,10,11,6,4,1.0000000447034836,0.12391699990257621
Rewired 103,904,10498,1,113,77,89,23,54,0.9999999990686774,1.352533240802586
Rewired 103,905,12079,1,113,101,105,45,56,0.9999999827705324,1.5552077449392527
Rewired 103,906,10473,-1,113,151,180,122,29,1.0000000112922862,2.598522240645252
Rewired 103,907,523591,-1,113,147,179,122,25,0.9999999714782462,2.319263597135432
Rewired 103,908,11975,1,113,94,110,77,17,0.9999999979045242,1.2948859622702003
Rewired 103,909,11992,1,113,89,104,78,11,1.000000036554411,1.3434025412425399
Rewired 103,910,10140,1,113,103,115,84,19,1.0000000086147338,1.4887331356294453
Rewired 103,911,10463,1,113,97,104,77,20,0.9999999899882823,1.28248854377307
Rewired 103,912,10632,1,114,91,103,74,17,1.0000000374857336,1.3870727261528373
Rewired 103,913,10905,1,114,94,105,76,18,0.9999999688006938,1.2190755617339164
Rewired 103,914,11099,1,114,89,105,73,16,1.0000000107102096,1.3636218002066016
Rewired 103,915,11244,1,114,95,107,81,14,0.999999966006726,1.2040713175665587
Rewired 103,916,11262,1,114,96,105,77,19,1.0000000328291208,1.3917289397213608
Rewired 103,917,11281,1,114,90,105,79,11,0.9999999664723873,1.4725643983110785
Rewired 103,918,11289,1,114,95,105,80,15,1.0000000419095159,1.4107650369405746
Rewired 103,919,11292,1,114,92,104,75,17,0.9999999653082341,1.288166604936123
Rewired 103,920,11400,1,115,95,104,76,19,1.000000023515895,1.1630072460975498
Rewired 103,921,11478,1,115,92,105,80,12,1.0000000160653144,1.2786857339087874
Rewired 103,922,11501,1,115,92,104,80,12,1.0000000158324838,1.3179090470075607
Rewired 103,923,11523,1,115,92,104,76,16,0.9999999573919922,1.272968554054387
Rewired 103,924,11531,1,115,92,101,74,18,0.999999983003363,1.454477941384539
Rewired 103,925,11620,1,115,92,105,79,13,1.0000000395812094,1.4061731728725135
Rewired 103,926,11725,1,115,91,106,79,12,1.000000046333298,1.3785660380963236
Rewired 103,927,11736,1,115,95,104,81,14,1.0000000225845724,1.220485171652399
Rewired 103,928,11744,1,116,92,105,80,12,0.9999999739229679,1.3616819970775396
Rewired 103,929,11783,1,116,90,103,73,17,0.9999999578576535,1.2996726464480162
Rewired 103,930,11828,1,116,95,105,81,14,1.0000000356230885,1.5461843481753021
Rewired 103,931,11870,1,116,92,102,76,16,0.9999999548308551,1.3006800510920584
Rewired 103,932,11922,1,116,92,105,80,12,0.9999999583233148,1.1925838589668274
Rewired 103,933,12111,1,116,94,106,81,13,0.9999999948777258,1.3158047199249268
Rewired 103,934,12338,1,116,93,102,76,17,0.9999999804422259,1.3086066253017634
Rewired 103,935,23401,1,116,92,105,75,17,0.9999999988358468,1.329343828605488
Rewired 103,936,520002,1,117,94,106,81,13,1.000000041211024,1.395206443965435
Rewired 103,937,521935,1,117,91,105,75,16,0.9999999632127583,1.3348173834383488
Rewired 103,938,524238,1,117,92,103,80,12,1.0000000060535967,1.3189678501803428
Rewired 103,939,529429,1,117,95,104,77,18,1.0,1.3961085842456669
Rewired 103,940,10096,0,117,94,0,77,17,0.9999999767169356,0.0
Rewired 103,941,10254,0,117,97,0,82,15,0.9999999948777258,0.0
Rewired 103,942,10456,0,117,97,0,84,13,1.0000000023283064,0.0
Rewired 103,943,10459,0,117,96,0,77,19,1.0000000277068466,0.0
Rewired 103,944,10133,-1,118,92,107,74,18,1.0000000391155481,1.5202599010663107
Rewired 103,945,10169,-1,118,96,107,82,14,0.9999999834690243,1.6279406098183244
Rewired 103,946,10376,-1,118,93,107,76,17,1.0000000011641532,1.4508134372299537
Rewired 103,947,10515,-1,118,95,107,81,14,1.000000026775524,1.6915390624199063
Rewired 103,948,11603,-1,118,78,84,66,12,1.0000000046566129,0.9903475889004767
Rewired 103,949,17325,-1,118,85,89,69,16,1.0000000400468707,1.335193298989907
Rewired 103,950,19921,-1,118,73,80,56,17,0.9999999767169356,1.0516608434263617
Rewired 103,951,22276,-1,118,79,82,64,15,0.9999999832361937,1.044351481483318
Rewired 103,952,23854,-1,119,82,82,70,12,0.9999999739229679,1.1070827514631674
Rewired 103,953,35196,-1,119,80,78,62,18,0.9999999823048711,1.1581837752601132
Rewired 103,954,918582,-1,119,80,86,66,14,1.0000000384170562,1.0806004996411502
Rewired 103,955,18165,-1,119,81,89,64,17,1.0000000125728548,1.2507662245770916
Rewired 103,956,18730,-1,119,82,97,67,15,0.9999999722931534,1.580177057068795
Rewired 103,957,19767,-1,119,88,93,71,17,1.0000000074505806,1.2183645827462897
Rewired 103,958,20402,-1,119,83,85,65,18,1.0000000037252903,1.14152190531604
Rewired 103,959,18016,-1,119,85,94,75,10,0.9999999543651938,1.3579541468061507
Rewired 103,960,18726,-1,120,81,92,67,14,0.9999999743886292,1.3640684608835727
Rewired 103,961,20581,-1,120,80,88,66,14,0.9999999953433871,1.247845565667376
Rewired 103,962,21567,-1,120,83,88,72,11,1.0000000018626451,1.3382006327155977
Rewired 103,963,22166,-1,120,82,89,68,14,1.0000000214204192,1.248082979931496
Rewired 103,964,22243,-1,120,82,97,67,15,0.9999999813735485,1.4347420912235975
Rewired 103,965,28406,-1,120,85,97,69,16,0.9999999799765646,1.3448261162266135
Rewired 103,966,267437,-1,120,85,89,75,10,0.9999999776482582,1.088540903525427
Rewired 103,967,551294,-1,120,83,92,72,11,0.9999999450519681,1.1399512714706361
Rewired 103,968,10397,1,121,91,103,74,17,0.9999999701976776,1.356139795272611
Rewired 103,969,10929,1,121,89,102,77,12,0.999999969266355,1.3197209320496768
Rewired 103,970,10942,1,121,94,107,79,15,0.9999999958090484,1.4954385252203792
Rewired 103,971,520787,1,121,91,104,74,17,1.000000027823262,1.1377010642318055
Rewired 103,972,532655,1,121,91,104,74,17,1.0000000067520887,1.4186031566932797
Rewired 103,973,13431,1,121,88,102,71,17,1.0000000167638063,1.2238797978498042
Rewired 103,974,14243,1,121,88,102,69,19,1.0000000121071935,1.3489824121352285
Rewired 103,975,16460,1,121,101,127,79,22,1.0000000074505806,1.812721581896767
Rewired 103,976,67052,1,122,88,103,74,14,1.0000000055879354,1.2801107179839164
Rewired 103,977,10201,1,122,93,102,77,16,0.9999999573919922,1.2892966847866774
Rewired 103,978,10650,1,122,87,97,73,14,0.9999999604187906,1.0370977125130594
Rewired 103,979,11517,1,122,92,100,73,19,0.9999999837018549,1.2430962736252695
Rewired 103,980,527470,1,122,91,99,71,20,1.0000000351574272,1.1798043826129287
Rewired 103,981,11399,0,122,86,0,69,17,0.9999999846331775,0.0
Rewired 103,982,11556,0,122,92,0,73,19,0.9999999883584678,0.0
Rewired 103,983,11788,0,122,80,0,66,14,0.9999999923165888,0.0
Rewired 103,984,519242,0,123,90,0,72,18,0.9999999990686774,0.0
Rewired 103,985,11294,1,123,100,119,80,20,1.0000000270083547,1.375454282388091
Rewired 103,986,11359,1,123,97,107,77,20,0.9999999781139195,1.2737119897501543
Rewired 103,987,11379,1,123,96,106,81,15,1.0000000265426934,1.358457534108311
Rewired 103,988,12354,1,123,111,126,93,18,1.0000000160653144,1.5526169924996793
Rewired 103,989,11342,1,123,92,105,79,13,1.000000013038516,1.3840884882956743
Rewired 103,990,23477,1,123,92,102,75,17,1.0000000167638063,1.257751794764772
Rewired 103,991,530777,1,123,95,105,81,14,0.9999999632127583,1.29499726369977
Rewired 103,992,555318,1,124,94,107,77,17,1.000000017695129,1.3722350214375183
Rewired 103,993,11837,1,124,95,105,76,19,1.0000000186264515,1.2348492169985548
Rewired 103,994,11914,1,124,89,103,77,12,0.999999986961484,1.3427959636319429
Rewired 103,995,11991,1,124,92,104,75,17,1.0000000041909516,1.3144230577163398
Rewired 103,996,11993,1,124,93,108,80,13,0.9999999646097422,1.4004155441652983
Rewired 103,997,11345,1,124,91,105,79,12,0.999999972525984,1.3380452381679788
Rewired 103,998,11594,1,124,91,106,74,17,0.9999999837018549,1.396854148246348
Rewired 103,999,11952,1,124,92,106,75,17,1.0000000153668225,1.295851270784624
Rewired 103,1000,12320,1,125,87,106,76,11,0.9999999674037099,1.4757063575088978
Rewired 103,1001,12717,1,125,93,105,75,18,1.0,1.3001519283279777
Rewired 103,1002,12977,1,125,90,103,73,17,1.0000000323634595,1.227055350318551
Rewired 103,1003,12994,1,125,91,104,76,15,1.0000000279396772,1.2976434151642025
Rewired 103,1004,14161,1,125,91,104,74,17,1.0000000074505806,1.2840651746373624
Rewired 103,1005,192978,1,125,91,103,80,11,1.000000051688403,1.2239712825976312
Rewired 103,1006,247232,1,125,86,102,76,10,0.99999999278225,1.2401816823985428
Rewired 103,1007,521158,1,125,90,106,79,11,0.9999999711290002,1.3875597235746682
Rewired 103,1008,524208,1,126,90,104,80,10,0.9999999753199518,1.3358514740830287
Rewired 103,1009,11741,-1,126,61,78,39,22,0.9999999552965164,1.1338593922555447
Rewired 103,1010,33047,-1,126,57,77,38,19,1.0000000605359674,1.013010321650654
Rewired 103,1011,10057,-1,126,86,102,42,44,0.9999999585561454,1.4036501155933365
Rewired 103,1012,10457,-1,126,69,122,32,37,0.9999999860301614,2.2522232540650293
Rewired 103,1013,10097,-1,126,154,213,85,69,1.0000000048894435,3.0344845538493246
Rewired 103,1014,10138,-1,126,143,200,86,57,1.0000000279396772,3.0395115830469877
Rewired 103,1015,10217,1,126,51,46,25,26,0.9999999571591616,0.5200349185615778
Rewired 103,1016,512580,1,127,56,47,24,32,0.9999999478459358,0.5013601775281131
Rewired 103,1017,10666,1,127,67,78,31,36,1.0000000251457095,1.179560414631851
Rewired 103,1018,12257,1,127,59,81,28,31,0.9999999785795808,1.0024666108656675
Rewired 103,1019,12893,1,127,52,71,17,35,1.000000011175871,0.9319530272623524
Rewired 103,1020,13449,1,127,55,59,20,35,1.000000019557774,0.7862815177068114
Rewired 103,1021,11546,0,127,80,0,61,19,1.0000000135041773,0.0
Rewired 103,1022,11722,0,127,84,0,69,15,0.9999999743886292,0.0
Rewired 103,1023,521581,-1,127,39,57,29,10,0.9999999701976776,0.8534082783153281
Rewired 107,0,12929,1,0,90,104,74,16,0.999999990221113,1.3136320314370096
Rewired 107,1,13621,1,0,88,103,77,11,1.000000006519258,1.2699482686584815
Rewired 107,2,13716,0,0,90,0,78,12,1.0000000367872417,0.0
Rewired 107,3,11569,-1,0,83,133,41,42,0.9999999385327101,2.0551071040099487
Rewired 107,4,11601,-1,0,100,153,50,50,0.99999999278225,1.939320461708121
Rewired 107,5,10378,1,0,204,173,139,65,0.999999986961484,2.459151827963069
Rewired 107,6,10593,1,0,206,176,142,64,1.0000000344589353,2.516155152232386
Rewired 107,7,12371,1,0,71,70,52,19,0.9999999962747097,0.7951536383479834
Rewired 107,8,23204,1,1,79,75,63,16,0.9999999804422259,0.8981198186520487
Rewired 107,9,529602,-1,1,48,78,35,13,0.9999999944120646,0.9170961678028107
Rewired 107,10,14411,-1,1,68,41,29,39,1.0000000083819032,0.5365746030583978
Rewired 107,11,10406,1,1,67,52,27,40,1.0000000270083547,0.6901050426531583
Rewired 107,12,531863,1,1,64,50,24,40,0.9999999729916453,0.6532047688961029
Rewired 107,13,10005,-1,1,74,77,21,53,1.0000000144355,1.3963800000492483
Rewired 107,14,10070,-1,1,78,71,26,52,1.0000000344589353,0.8886596669908613
Rewired 107,15,11787,1,1,75,61,18,57,1.0000000488944352,0.7602726274635643
Rewired 107,16,521650,1,2,87,53,29,58,1.0000000284053385,0.7058429177850485
Rewired 107,17,10031,-1,2,38,30,13,25,1.0000000447034836,0.4127255384810269
Rewired 107,18,10148,-1,2,40,37,12,28,0.9999999683350325,0.5074142388766631
Rewired 107,19,10502,-1,2,34,37,11,23,1.0000000344589353,0.6702636615373194
Rewired 107,20,523317,-1,2,33,32,12,21,0.9999999515712261,0.5439598688390106
Rewired 107,21,10212,-1,2,87,76,33,54,0.9999999571591616,1.0451607063878328
Rewired 107,22,10239,-1,2,69,59,23,46,0.9999999408610165,0.8239163274411112
Rewired 107,23,10875,-1,2,80,71,32,48,0.9999999809078872,1.054263816215098
Rewired 107,24,11571,-1,3,71,48,22,49,1.0000000386498868,0.6416256232187152
Rewired 107,25,11445,-1,3,69,46,26,43,0.9999999883584678,0.5862562300171703
Rewired 107,26,11764,-1,3,68,45,26,42,1.0000000181607902,0.6108074740041047
Rewired 107,27,10540,-1,3,96,134,49,47,0.9999999860301614,1.6457697756122798
Rewired 107,28,10977,-1,3,87,109,44,43,1.0000000041909516,1.4162822801154107
Rewired 107,29,10224,-1,3,140,141,92,48,0.9999999625142664,1.9665070828050375
Rewired 107,30,10241,-1,3,157,174,108,49,1.0000000093132257,2.7675154886674136
Rewired 107,31,15118,-1,3,121,63,60,61,0.9999999629799277,0.7890679372940212
Rewired 107,32,16446,-1,4,101,76,46,55,0.9999999566935003,0.9860856794985011
Rewired 107,33,10082,-1,4,203,187,110,93,0.9999999958090484,2.710809760959819
Rewired 107,34,10115,-1,4,179,169,94,85,0.9999999748542905,2.298832578235306
Rewired 107,35,11376,-1,4,104,105,56,48,1.0000000409781933,1.3431317104259506
Rewired 107,36,531273,-1,4,79,94,41,38,1.0000000102445483,1.2088211826048791
Rewired 107,37,12729,1,4,113,112,54,59,0.9999999981373549,1.5962687856517732
Rewired 107,38,519909,1,4,108,110,48,60,0.9999999948777258,1.2803337394725531
Rewired 107,39,13288,1,4,87,90,50,37,0.999999969266355,1.1913987309671938
Rewired 107,40,14884,1,5,69,84,42,27,1.0000000018626451,1.0927878164220601
Rewired 107,41,11439,1,5,79,101,36,43,0.999999956227839,1.1972075335215777
Rewired 107,42,12519,1,5,100,106,49,51,1.000000029336661,1.299543098313734
Rewired 107,43,12125,-1,5,68,129,48,20,1.0000000046566129,1.7495186870219186
Rewired 107,44,519862,-1,5,54,103,33,21,1.000000013038516,1.1153482587542385
Rewired 107,45,12561,-1,5,116,118,72,44,1.0000000507570803,1.8036463186144829
Rewired 107,46,13305,-1,5,92,88,58,34,0.9999999604187906,1.518324521370232
Rewired 107,47,524133,-1,5,75,58,43,32,0.9999999897554517,0.7952619122806937
Rewired 107,48,14728,1,6,71,64,41,30,0.9999999501742423,0.772492113057524
Rewired 107,49,12063,1,6,111,85,57,54,0.9999999599531293,1.0675127676222473
Rewired 107,50,10494,-1,6,156,164,103,53,0.9999999804422259,2.1370290640043095
Rewired 107,51,10879,-1,6,193,191,129,64,0.9999999937135726,3.0322687273146585
Rewired 107,52,11654,-1,6,95,113,67,28,0.9999999883584678,1.457056431332603
Rewired 107,53,11937,-1,6,82,97,57,25,1.0000000149011612,1.3952874182723463
Rewired 107,54,10993,-1,6,99,84,56,43,1.0000000139698386,1.1010074885562062
Rewired 107,55,523672,-1,6,109,85,61,48,1.0000000027939677,1.1320258683990687
Rewired 107,56,10421,-1,7,130,166,83,47,0.9999999962747097,2.2899358331924304
Rewired 107,57,10719,-1,7,172,198,106,66,0.9999999839346856,3.1539998156949878
Rewired 107,58,10172,-1,7,143,171,96,47,0.9999999874271452,2.4927018259186298
Rewired 107,59,21568,-1,7,161,184,111,50,0.9999999786959961,2.4752964546205476
Rewired 107,60,12552,-1,7,86,107,48,38,0.9999999646097422,1.5169198306975886
Rewired 107,61,12932,-1,7,62,77,32,30,0.9999999888241291,1.0561604911927134
Rewired 107,62,10404,-1,7,114,123,76,38,0.9999999650754035,2.045900521799922
Rewired 107,63,520034,-1,7,94,104,63,31,0.9999999613501132,1.678559108171612
Rewired 107,64,10307,-1,8,105,145,58,47,0.9999999771825969,2.5659650781890377
Rewired 107,65,10614,-1,8,27,30,11,16,0.9999999981373549,0.42982049309648573
Rewired 107,66,11631,-1,8,45,51,25,20,1.0000000167638063,0.9667889336124063
Rewired 107,67,11128,-1,8,74,100,36,38,1.0000000204890966,1.4279830971499905
Rewired 107,68,12547,-1,8,86,130,54,32,1.0000000433064997,1.7353801866993308
Rewired 107,69,11181,-1,8,84,106,48,36,1.0000000321306288,1.6171441214391962
Rewired 107,70,11460,-1,8,105,138,58,47,1.0000000395812094,1.9971204284811392
Rewired 107,71,12015,-1,8,45,70,25,20,0.999999969266355,0.9190430593444034
Rewired 107,72,102545,-1,9,29,47,14,15,1.0000000149011612,0.7314517730847001
Rewired 107,73,15360,-1,9,51,62,33,18,1.000000011175871,0.9641528052743524
Rewired 107,74,525354,-1,9,39,44,22,17,1.0000000093132257,0.5994877194752917
Rewired 107,75,16752,1,9,87,91,38,49,1.0000000158324838,1.1351068280637264
Rewired 107,76,16624,1,9,38,82,20,18,1.0000000474974513,1.1072748308070004
Rewired 107,77,11224,1,9,95,131,52,43,0.9999999878928065,1.4889997739810497
Rewired 107,78,388536,1,9,87,126,51,36,1.0000000116415322,1.5878583362791687
Rewired 107,79,13626,1,9,90,117,51,39,1.0000000479631126,1.5192010308383033
Rewired 107,80,532838,1,10,91,112,50,41,0.9999999911524355,1.2838046017568558
Rewired 107,81,12525,1,10,148,151,80,68,0.9999999972060323,1.9320980329066515
Rewired 107,82,513433,1,10,123,118,58,65,1.0000000086147338,1.6331326754298061
Rewired 107,83,14281,1,10,74,69,45,29,0.9999999622814357,0.9745699085760862
Rewired 107,84,14309,1,10,90,74,52,38,1.0000000153668225,1.077605160069652
Rewired 107,85,511956,1,10,72,62,37,35,0.9999999925494194,1.00898712745402
Rewired 107,86,514522,1,10,96,84,57,39,0.9999999767169356,1.0231674637179822
Rewired 107,87,15417,1,10,94,97,52,42,0.9999999762512743,1.335847299080342
Rewired 107,88,18938,1,11,88,96,46,42,0.9999999983701855,1.2982338664587587
Rewired 107,89,13111,1,11,82,71,46,36,0.9999999599531293,0.9888524739071727
Rewired 107,90,10602,-1,11,33,93,9,24,1.0000000037252903,1.3857853247318417
Rewired 107,91,13148,-1,11,34,89,13,21,0.9999999785795808,1.1884766255971044
Rewired 107,92,11518,-1,11,61,94,33,28,1.0000000330619514,1.4599693689960986
Rewired 107,93,522857,-1,11,72,111,39,33,1.0000000190921128,1.5127726058708504
Rewired 107,94,11664,-1,11,70,137,29,41,1.000000011175871,1.936223586089909
Rewired 107,95,11923,-1,11,59,104,30,29,1.000000024214387,1.587365621002391
Rewired 107,96,10667,1,12,107,95,53,54,1.0000000286381692,1.035094645456411
Rewired 107,97,12798,1,12,118,109,54,64,0.9999999804422259,1.6217539033386856
Rewired 107,98,10900,-1,12,83,82,48,35,1.000000013038516,1.1878571407869458
Rewired 107,99,12645,-1,12,99,116,61,38,1.0000000190921128,1.6429797922028229
Rewired 107,100,10319,-1,12,113,138,80,33,1.0000000046566129,1.8646814903477207
Rewired 107,101,10917,-1,12,120,159,86,34,1.0000000342261046,2.2333585175219923
Rewired 107,102,14640,-1,12,34,69,16,18,1.000000013038516,0.9334047748707235
Rewired 107,103,12731,-1,12,107,84,62,45,0.9999999762512743,1.351240671472624
Rewired 107,104,532827,-1,13,91,60,55,36,0.9999999585561454,0.7452642689459026
Rewired 107,105,15856,-1,13,44,83,20,24,0.9999999795109034,1.1448077469831333
Rewired 107,106,11018,1,13,83,169,37,46,1.0000000540167093,2.1378246935782954
Rewired 107,107,11727,1,13,105,154,48,57,1.000000011175871,1.9248823679517955
Rewired 107,108,10155,1,13,135,117,84,51,1.0000000253785402,1.8326388215646148
Rewired 107,109,555384,1,13,114,115,66,48,1.0000000079162419,1.5033924779854715
Rewired 107,110,10749,1,13,60,75,30,30,1.0000000237487257,1.04391108895652
Rewired 107,111,533442,1,13,69,94,34,35,1.0000000139698386,1.2109756695572287
Rewired 107,112,529378,1,14,72,90,42,30,0.9999999976716936,1.1832860908471048
Rewired 107,113,11499,1,14,82,99,39,43,0.999999962747097,1.204614658257924
Rewired 107,114,12789,1,14,107,107,55,52,1.000000033993274,1.309362880885601
Rewired 107,115,11792,1,14,86,87,32,54,1.0000000316649675,1.1303031102288514
Rewired 107,116,12363,1,14,97,96,42,55,1.0000000291038305,1.1341901535633951
Rewired 107,117,12120,1,14,91,52,30,61,1.00000003981404,0.690977928461507
Rewired 107,118,12326,1,14,107,59,44,63,1.0000000102445483,0.7945780693553388
Rewired 107,119,12751,1,14,93,60,32,61,0.9999999664723873,0.7064502626890317
Rewired 107,120,13782,1,15,50,36,20,30,1.0000000316649675,0.3844114704988897
Rewired 107,121,16095,1,15,25,38,7,18,0.9999999618157744,0.4563397193560377
Rewired 107,122,16248,1,15,21,36,8,13,0.9999999813735485,0.44639524701051414
Rewired 107,123,13108,1,15,63,67,32,31,0.9999999925494194,0.9849949739873409
Rewired 107,124,533064,1,15,60,47,30,30,0.9999999972060323,0.7034962275065482
Rewired 107,125,13150,1,15,35,59,12,23,1.000000017695129,0.7289051876869053
Rewired 107,126,519345,1,15,22,38,5,17,1.0000000149011612,0.49970917706377804
Rewired 107,127,522194,1,15,28,42,9,19,0.999999993480742,0.8168016579002142
Rewired 107,128,10780,1,16,89,77,44,45,0.9999999739229679,0.8269984549842775
Rewired 107,129,12041,1,16,106,90,52,54,1.0000000246800482,1.0913253133185208
Rewired 107,130,10934,1,16,100,96,51,49,0.9999999641440809,1.245197912096046
Rewired 107,131,12573,1,16,100,118,48,52,0.9999999864958227,1.6484715503174812
Rewired 107,132,511960,1,16,50,73,21,29,0.9999999715946615,0.9539958520326763
Rewired 107,133,13747,1,16,27,42,9,18,0.9999999944120646,0.5755869604181498
Rewired 107,134,15536,1,16,30,42,13,17,0.9999999776482582,0.5010470952838659
Rewired 107,135,533065,1,16,18,21,4,14,0.9999999888241291,0.26289009186439216
Rewired 107,136,13953,1,17,94,129,47,47,0.9999999739229679,1.7519016078440472
Rewired 107,137,14723,1,17,76,87,30,46,0.9999999944120646,1.0103760845959187
Rewired 107,138,12289,1,17,122,113,70,52,0.999999990221113,1.5726832889486104
Rewired 107,139,13521,1,17,95,93,54,41,0.9999999655410647,1.1073010365944356
Rewired 107,140,10659,1,17,155,147,82,73,1.0000000165309757,1.8140955796698108
Rewired 107,141,519531,1,17,118,149,58,60,1.0000000155996531,1.653378771385178
Rewired 107,142,13300,1,17,113,68,60,53,1.000000020954758,0.7016177332261577
Rewired 107,143,520590,1,17,104,72,55,49,0.9999999734573066,0.8876508928369731
Rewired 107,144,10519,1,18,118,60,62,56,0.9999999951105565,0.7123428976628929
Rewired 107,145,11148,1,18,90,57,49,41,0.9999999930150807,0.6988731261808425
Rewired 107,146,12515,1,18,100,102,47,53,1.0000000225845724,1.2249783156439662
Rewired 107,147,13200,1,18,109,102,58,51,0.9999999788124114,1.4049048414453864
Rewired 107,148,11240,1,18,61,75,32,29,0.9999999995343387,1.0388512999052182
Rewired 107,149,12018,1,18,71,107,38,33,1.0000000251457095,1.3711591179016978
Rewired 107,150,14551,1,18,79,108,44,35,1.0000000149011612,1.3540672964882106
Rewired 107,151,533480,1,18,52,82,27,25,1.0000000055879354,1.155254582175985
Rewired 107,152,15697,1,19,105,113,60,45,0.999999966006726,1.5430399255128577
Rewired 107,153,10098,1,19,103,100,59,44,0.9999999820720404,1.226968970731832
Rewired 107,154,31440,1,19,127,108,62,65,1.0000000190921128,1.5621837815269828
Rewired 107,155,22607,-1,19,89,90,47,42,0.9999999939464033,1.3264649079646915
Rewired 107,156,523842,-1,19,79,75,42,37,1.0000000102445483,0.8930294595193118
Rewired 107,157,12153,-1,19,50,103,32,18,1.0000000223517418,1.3394700655480847
Rewired 107,158,36607,-1,19,39,83,24,15,1.0000000074505806,1.3819978822721168
Rewired 107,159,13774,-1,19,98,76,62,36,1.0000000335276127,1.0613528904505074
Rewired 107,160,10898,0,20,122,0,73,49,0.9999999664723873,0.0
Rewired 107,161,529811,0,20,102,0,54,48,0.9999999897554517,0.0
Rewired 107,162,519296,1,20,138,106,82,56,1.0000000279396772,1.1864251801744103
Rewired 107,163,521687,1,20,117,121,62,55,0.9999999795109034,1.5194725301116705
Rewired 107,164,10874,-1,20,109,93,64,45,0.9999999972060323,1.0013374350965023
Rewired 107,165,12161,-1,20,131,118,81,50,1.0000000144355,1.638687724713236
Rewired 107,166,11630,1,20,121,112,55,66,1.000000019557774,1.485646797111258
Rewired 107,167,30511,1,20,92,91,35,57,1.000000013038516,1.057375849573873
Rewired 107,168,11697,1,21,59,79,25,34,1.0000000181607902,0.8576759761199355
Rewired 107,169,12870,1,21,91,111,49,42,0.999999966705218,1.6716893529519439
Rewired 107,170,10348,1,21,108,126,46,62,0.9999999718274921,1.5882913890527561
Rewired 107,171,11250,1,21,122,127,56,66,0.9999999832361937,1.4625759368063882
Rewired 107,172,11101,1,21,73,139,27,46,0.9999999804422259,1.8435950826387852
Rewired 107,173,11462,1,21,91,129,42,49,1.0000000316649675,1.7207023985683918
Rewired 107,174,374042364,1,21,84,84,45,39,1.0000000302679837,1.108849482377991
Rewired 107,175,13835,1,21,101,109,55,46,0.999999949708581,1.579060846939683
Rewired 107,176,14186,1,22,78,93,39,39,1.0000000139698386,1.154692116077058
Rewired 107,177,13329,1,22,74,78,30,44,0.9999999674037099,0.9977704792981967
Rewired 107,178,523860,1,22,73,77,25,48,1.0000000451691449,1.138269797200337
Rewired 107,179,13924,1,22,106,127,57,49,0.9999999892897904,1.5675289226928726
Rewired 107,180,525350,1,22,100,127,53,47,1.0000000158324838,1.9213902482297271
Rewired 107,181,10828,-1,22,102,108,59,43,1.0000000465661287,1.3615116694709286
Rewired 107,182,10943,-1,22,128,119,73,55,1.0000000037252903,1.8184109320864081
Rewired 107,183,10847,0,22,161,0,104,57,0.9999999809078872,0.0
Rewired 107,184,522410,0,23,124,0,77,47,1.0000000472646207,0.0
Rewired 107,185,12283,-1,23,63,99,33,30,0.9999999962747097,1.1677550141466781
Rewired 107,186,12396,-1,23,82,126,39,43,1.0000000325962901,1.6041417883243412
Rewired 107,187,12856,1,23,115,116,72,43,0.9999999965075403,1.5109476910438389
Rewired 107,188,12878,1,23,87,94,44,43,1.0000000321306288,1.1585641829296947
Rewired 107,189,10375,-1,23,86,108,58,28,0.9999999781139195,1.312640726333484
Rewired 107,190,11549,-1,23,72,87,45,27,1.0000000395812094,1.1066413461230695
Rewired 107,191,12423,-1,23,111,129,76,35,0.9999999811407179,1.6547836088575423
Rewired 107,192,12488,-1,24,79,100,52,27,0.9999999664723873,1.6883491503540426
Rewired 107,193,12276,-1,24,52,91,34,18,1.0000000190921128,1.522066074423492
Rewired 107,194,13080,-1,24,64,108,43,21,0.9999999683350325,1.3415849437005818
Rewired 107,195,10353,0,24,162,0,110,52,1.0000000315485522,0.0
Rewired 107,196,523512,0,24,132,0,89,43,1.0000000020954758,0.0
Rewired 107,197,11580,-1,24,68,119,31,37,0.9999999636784196,1.4824135843664408
Rewired 107,198,12205,-1,24,104,153,52,52,1.0000000279396772,2.1435796733712777
Rewired 107,199,10925,-1,24,60,95,25,35,1.0000000149011612,1.3457736922428012
Rewired 107,200,11091,-1,25,53,75,19,34,1.0000000055879354,1.015087242005393
Rewired 107,201,10708,-1,25,32,64,13,19,0.9999999534338713,0.8611226981738582
Rewired 107,202,10902,-1,25,59,100,31,28,0.9999999832361937,1.5216335919685662
Rewired 107,203,49693,-1,25,14,41,6,8,1.000000024214387,0.5047040479257703
Rewired 107,204,512903,-1,25,31,59,12,19,1.000000017695129,0.9652662524022162
Rewired 107,205,11115,1,25,135,109,71,64,0.9999999813735485,1.6810202491469681
Rewired 107,206,12390,1,25,126,99,61,65,1.0000000330619514,1.3474894159007818
Rewired 107,207,12676,1,25,105,90,55,50,1.0000000270083547,1.1505851111141965
Rewired 107,208,13576,1,26,119,85,62,57,1.0000000181607902,1.038512350525707
Rewired 107,209,13400,1,26,89,102,43,46,1.0000000414438546,1.4301391344051808
Rewired 107,210,10792,1,26,94,99,47,47,1.0000000288709998,1.078414733405225
Rewired 107,211,13085,1,26,108,105,57,51,0.9999999906867743,1.1949864036869258
Rewired 107,212,10325,1,26,147,118,67,80,1.00000006146729,1.5088929957710207
Rewired 107,213,11349,1,26,118,120,46,72,0.9999999743886292,1.646803478244692
Rewired 107,214,12769,1,26,127,99,61,66,1.000000002561137,1.2071421791333705
Rewired 107,215,12615,1,26,83,124,33,50,0.9999999823048711,1.828477487200871
Rewired 107,216,12148,1,27,83,118,45,38,0.9999999757856131,1.3599092424847186
Rewired 107,217,15288,1,27,100,122,55,45,0.9999999613501132,1.425283411052078
Rewired 107,218,12930,1,27,91,113,35,56,0.9999999762512743,1.6886123467702419
Rewired 107,219,14900,1,27,107,113,48,59,0.9999999734573066,1.3299209317192435
Rewired 107,220,15298,1,27,88,108,35,53,1.000000016298145,1.4827087833546102
Rewired 107,221,11648,-1,27,111,69,65,46,1.000000019557774,1.170898428070359
Rewired 107,222,11776,-1,27,98,62,55,43,1.000000022817403,0.9171399034094065
Rewired 107,223,12020,1,27,94,115,47,47,0.999999996740371,1.3740482904249802
Rewired 107,224,12444,1,28,112,107,66,46,1.0000000081490725,1.4512870830949396
Rewired 107,225,11237,0,28,55,0,21,34,0.9999999748542905,0.0
Rewired 107,226,11317,0,28,49,0,20,29,1.0000000484287739,0.0
Rewired 107,227,15896,1,28,102,126,59,43,1.000000016298145,1.8717580956872553
Rewired 107,228,10094,-1,28,53,79,29,24,1.0000000321306288,0.8281772466143593
Rewired 107,229,10646,-1,28,74,106,41,33,1.0000000088475645,1.8844851290341467
Rewired 107,230,11125,0,28,110,0,63,47,0.9999999694991857,0.0
Rewired 107,231,520188,0,28,131,0,83,48,0.9999999790452421,0.0
Rewired 107,232,11110,-1,29,32,40,11,21,1.0000000493600965,0.5930901619140059
Rewired 107,233,10588,-1,29,132,90,66,66,0.9999999925494194,1.217371953651309
Rewired 107,234,525452,-1,29,127,100,64,63,0.9999999855645001,1.2422857491765171
Rewired 107,235,10988,-1,29,61,80,24,37,1.0000000144355,1.2066226818133146
Rewired 107,236,521783,-1,29,67,86,25,42,1.000000058207661,1.181427778210491
Rewired 107,237,11854,1,29,114,106,51,63,0.9999999678693712,1.404580826871097
Rewired 107,238,520020,1,29,100,100,39,61,0.9999999473802745,1.3266143931541592
Rewired 107,239,12857,1,29,47,66,17,30,0.9999999636784196,0.7135143891209736
Rewired 107,240,521490,1,30,45,70,16,29,1.000000026077032,0.74715387634933
Rewired 107,241,13385,1,30,101,109,56,45,0.9999999953433871,1.3771666672546417
Rewired 107,242,12903,1,30,51,55,22,29,1.0000000400468707,0.6575717609375715
Rewired 107,243,11331,1,30,47,73,18,29,1.0000000223517418,0.937971007777378
Rewired 107,244,13162,1,30,60,84,27,33,1.0000000107102096,0.9899731997866184
Rewired 107,245,10035,-1,30,132,180,82,50,1.0000000088475645,2.641124348156154
Rewired 107,246,10299,-1,30,118,171,69,49,1.0000000381842256,2.820247243857011
Rewired 107,247,10748,-1,30,4,8,1,3,1.0,0.097161496989429
Rewired 107,248,12747,-1,31,29,39,12,17,1.0000000428408384,0.45008149347268045
Rewired 107,249,533751,-1,31,27,31,9,18,1.000000011175871,0.543370482744649
Rewired 107,250,52029,1,31,92,121,48,44,0.9999999590218067,1.3888488732045516
Rewired 107,251,10252,-1,31,95,95,56,39,1.0000000232830644,1.3772068225080147
Rewired 107,252,28160,-1,31,99,104,59,40,1.0000000004656613,1.5615067642647773
Rewired 107,253,11407,-1,31,92,91,66,26,1.0000000251457095,1.2211657147854567
Rewired 107,254,524881,-1,31,82,86,52,30,1.0000000265426934,1.4134856648743153
Rewired 107,255,13757,-1,31,82,36,53,29,1.0000000442378223,0.480936469277367
Rewired 107,256,521360,-1,32,73,35,44,29,1.000000050291419,0.5350518273189664
Rewired 107,257,11679,-1,32,79,74,47,32,1.0000000046566129,0.870703445514664
Rewired 107,258,512842,-1,32,80,78,45,35,1.0000000041909516,0.7850191686302423
Rewired 107,259,10412,-1,32,73,70,42,31,0.9999999441206455,1.1081361006945372
Rewired 107,260,13515,-1,32,100,87,56,44,0.9999999608844519,1.3759221176151186
Rewired 107,261,11022,1,32,72,61,30,42,1.0000000158324838,0.8523557978915051
Rewired 107,262,24597,1,32,80,58,27,53,1.0000000139698386,0.7279526125639677
Rewired 107,263,10604,-1,32,62,72,35,27,0.9999999525025487,0.8822292753029615
Rewired 107,264,531768,-1,33,94,83,54,40,0.9999999986030161,1.0582779927644879
Rewired 107,265,12685,-1,33,23,52,7,16,1.000000011175871,0.7174477113876492
Rewired 107,266,11675,1,33,148,133,84,64,1.0000000451691449,2.0080770037602633
Rewired 107,267,523385,1,33,121,111,67,54,1.0000000041909516,1.6134336371906102
Rewired 107,268,10698,1,33,73,53,42,31,1.0000000009313226,0.679271737113595
Rewired 107,269,11308,1,33,92,74,49,43,0.9999999739229679,1.0311004022369161
Rewired 107,270,12137,1,33,107,115,59,48,1.000000024214387,1.7129519251175225
Rewired 107,271,13302,1,33,115,129,70,45,0.9999999990686774,1.940755446208641
Rewired 107,272,10681,1,34,88,101,39,49,0.999999943189323,1.2304951031692326
Rewired 107,273,12208,1,34,70,94,29,41,0.9999999729916453,1.1445051559712738
Rewired 107,274,11543,1,34,76,65,41,35,1.0000000079162419,0.7498053268063813
Rewired 107,275,12081,1,34,73,69,42,31,1.0000000214204192,0.9097067904658616
Rewired 107,276,10998,1,34,81,34,43,38,1.0000000251457095,0.4127486380748451
Rewired 107,277,11311,-1,34,90,83,41,49,1.0000000018626451,1.1009737096028402
Rewired 107,278,521126,-1,34,83,75,46,37,0.9999999790452421,1.0297889963258058
Rewired 107,279,12984,1,34,95,86,34,61,0.9999999678693712,1.0124393126461655
Rewired 107,280,512673,1,35,79,77,28,51,0.9999999804422259,0.891344761941582
Rewired 107,281,10393,1,35,107,92,48,59,1.0000000183936208,1.0812470354139805
Rewired 107,282,11705,1,35,87,85,37,50,1.000000017695129,1.2073044835124165
Rewired 107,283,10778,1,35,121,104,67,54,0.9999999962747097,1.143302699085325
Rewired 107,284,11108,1,35,117,93,56,61,0.9999999897554517,1.2252929139649495
Rewired 107,285,12963,-1,35,18,35,9,9,0.999999986961484,0.4695288073271513
Rewired 107,286,12832,1,35,125,101,64,61,1.000000013038516,1.255299869691953
Rewired 107,287,529023,1,35,113,137,57,56,1.000000016298145,1.6777503049233928
Rewired 107,288,10487,1,36,107,32,34,73,1.0000000419095159,0.45276366942562163
Rewired 107,289,10987,1,36,110,33,39,71,1.0000000074505806,0.3632865910185501
Rewired 107,290,11268,1,36,120,112,77,43,0.9999999813735485,1.3715986451134086
Rewired 107,291,11353,1,36,128,116,83,45,0.9999999662395567,1.3794359664898366
Rewired 107,292,556064,1,36,29,37,13,16,0.9999999525025487,0.4479256523773074
Rewired 107,293,558801,1,36,39,29,16,23,0.9999999599531293,0.37804079870693386
Rewired 107,294,10186,1,36,93,103,47,46,1.000000016298145,1.2695008097216487
Rewired 107,295,10883,1,36,101,107,51,50,0.9999999748542905,1.3282411922700703
Rewired 107,296,10184,-1,37,125,179,77,48,0.999999986961484,2.4708959928248078
Rewired 107,297,10323,-1,37,112,158,69,43,0.9999999981373549,2.191457670647651
Rewired 107,298,10368,1,37,107,138,48,59,0.9999999688006938,1.7747178571298718
Rewired 107,299,114715,1,37,92,144,37,55,0.9999999850988388,1.9002867613453418
Rewired 107,300,10285,1,37,115,116,43,72,0.99999995296821,1.4266547162551433
Rewired 107,301,519132,1,37,110,112,48,62,1.0000000190921128,1.4007175203878433
Rewired 107,302,16473,-1,37,78,82,37,41,1.000000054948032,1.042887928429991
Rewired 107,303,522715,-1,37,85,95,37,48,0.9999999753199518,1.4014758707489818
Rewired 107,304,14133,-1,38,88,97,39,49,0.9999999571591616,1.4701173587236553
Rewired 107,305,512662,-1,38,84,108,38,46,1.0000000270083547,1.8158149681985378
Rewired 107,306,10635,-1,38,92,105,43,49,0.999999972525984,1.4860771524254233
Rewired 107,307,10916,-1,38,115,124,54,61,1.0000000002328306,1.4653611517278478
Rewired 107,308,13870,-1,38,95,124,39,56,1.0000000279396772,2.117790966760367
Rewired 107,309,532568,-1,38,90,123,36,54,0.9999999832361937,1.659601365798153
Rewired 107,310,11192,-1,38,102,112,45,57,1.0000000381842256,1.8416680588852614
Rewired 107,311,533590,-1,38,107,120,44,63,0.9999999655410647,2.09032366797328
Rewired 107,312,11634,-1,39,102,91,41,61,0.9999999599531293,1.306858847849071
Rewired 107,313,534301,-1,39,70,80,29,41,0.9999999892897904,1.2234876069705933
Rewired 107,314,12761,-1,39,73,97,29,44,0.9999999604187906,1.5419949241913855
Rewired 107,315,520393,-1,39,71,94,27,44,0.9999999762512743,1.2773647918365896
Rewired 107,316,10669,-1,39,77,91,38,39,0.9999999874271452,1.4768735943362117
Rewired 107,317,520337,-1,39,85,94,38,47,0.9999999608844519,1.2573559153825045
Rewired 107,318,10521,-1,39,68,62,27,41,0.9999999925494194,0.8637329114135355
Rewired 107,319,11423,-1,39,86,88,39,47,1.0000000121071935,1.1052907065022737
Rewired 107,320,11945,-1,40,78,93,36,42,0.9999999981373549,1.3657156501431018
Rewired 107,321,11318,-1,40,73,93,35,38,1.0000000037252903,1.0422230871627107
Rewired 107,322,11607,-1,40,66,92,31,35,1.0000000321306288,1.2937559171114117
Rewired 107,323,11227,0,40,148,0,101,47,0.9999999944120646,0.0
Rewired 107,324,14212,0,40,146,0,99,47,0.9999999520368874,0.0
Rewired 107,325,14530,1,40,55,69,44,11,0.9999999753199518,0.86235541687347
Rewired 107,326,11135,1,40,71,79,52,19,0.9999999962747097,0.8554441361920908
Rewired 107,327,519850,1,40,70,83,49,21,0.9999999864958227,0.9339142814278603
Rewired 107,328,10470,1,41,72,77,50,22,1.0000000330619514,1.300453202915378
Rewired 107,329,10569,1,41,67,80,47,20,1.000000026077032,1.0254259771900252
Rewired 107,330,17484,1,41,58,80,40,18,1.0000000521540642,0.895607827231288
Rewired 107,331,12160,1,41,60,80,41,19,1.0000000251457095,1.0192411267198622
Rewired 107,332,10359,1,41,55,67,39,16,0.9999999678693712,0.9445023974403739
Rewired 107,333,12782,1,41,60,76,42,18,0.999999956227839,1.0201417016796768
Rewired 107,334,520003,1,41,65,78,47,18,1.000000022817403,1.0347513779997826
Rewired 107,335,10767,1,41,68,76,48,20,1.0000000298023224,1.0469939070753753
Rewired 107,336,525105,1,42,73,93,51,22,1.0000000051222742,1.152245860081166
Rewired 107,337,10176,1,42,81,96,56,25,1.0000000251457095,1.261759783141315
Rewired 107,338,10208,1,42,85,100,55,30,1.0000000311993062,1.4568002222804353
Rewired 107,339,11080,1,42,73,82,48,25,1.0000000325962901,0.9955555540509522
Rewired 107,340,11092,1,42,72,87,47,25,0.9999999939464033,1.076519533060491
Rewired 107,341,12171,1,42,64,76,44,20,1.0000000442378223,0.9991317908279598
Rewired 107,342,520466,1,42,66,85,44,22,1.0000000237487257,1.2400400172919035
Rewired 107,343,10111,1,42,67,72,44,23,0.9999999608844519,0.8905280893668532
Rewired 107,344,11469,1,43,66,75,45,21,0.9999999729916453,0.9404062803369015
Rewired 107,345,10613,1,43,78,97,53,25,1.0000000321306288,1.3761273707496002
Rewired 107,346,10670,1,43,73,94,50,23,0.9999999739229679,1.1867758627049625
Rewired 107,347,10423,1,43,76,88,47,29,1.000000037951395,0.9741338430903852
Rewired 107,348,10524,1,43,71,83,45,26,0.9999999825377017,0.9673287286423147
Rewired 107,349,10084,1,43,91,102,60,31,1.0000000344589353,1.2839204466436058
Rewired 107,350,10126,1,43,87,101,54,33,1.0000000060535967,1.2570351271424443
Rewired 107,351,11734,0,43,33,0,9,24,0.9999999906867743,0.0
Rewired 107,352,12569,0,44,32,0,10,22,1.0000000149011612,0.0
Rewired 107,353,15616,1,44,20,27,11,9,1.0000000298023224,0.30343911657109857
Rewired 107,354,512513,1,44,21,28,11,10,0.9999999599531293,0.32512730779126287
Rewired 107,355,512928,1,44,21,24,9,12,1.0000000121071935,0.2856602214742452
Rewired 107,356,513284,1,44,20,25,10,10,1.0000000521540642,0.2568764879833907
Rewired 107,357,515675,1,44,21,27,10,11,0.9999999580904841,0.3101612306199968
Rewired 107,358,519140,1,44,19,24,9,10,1.0000000465661287,0.24530602130107582
Rewired 107,359,13434,-1,44,17,20,10,7,1.0000000037252903,0.27779900562018156
Rewired 107,360,10324,1,45,31,28,11,20,1.000000006519258,0.304020628798753
Rewired 107,361,11433,1,45,32,30,14,18,0.9999999981373549,0.39310930110514164
Rewired 107,362,11886,1,45,30,28,16,14,1.0000000037252903,0.4840307882986963
Rewired 107,363,12656,1,45,31,27,12,19,1.000000024214387,0.3997971382923424
Rewired 107,364,12706,0,45,57,0,21,36,1.0000000256113708,0.0
Rewired 107,365,520468,0,45,60,0,20,40,0.9999999990686774,0.0
Rewired 107,366,10969,-1,45,39,43,21,18,1.000000040512532,0.5754050852265209
Rewired 107,367,520817,-1,45,38,32,18,20,1.0000000158324838,0.44947879668325186
Rewired 107,368,10624,-1,46,26,41,14,12,1.0000000074505806,0.8613726493204013
Rewired 107,369,11326,-1,46,30,41,19,11,0.9999999850988388,0.5763579625636339
Rewired 107,370,22884,-1,46,28,45,17,11,1.0000000093132257,0.7665749848820269
Rewired 107,371,23281,-1,46,30,53,18,12,1.000000037252903,0.7952413011807948
Rewired 107,372,10099,-1,46,58,63,21,37,1.0000000125728548,0.7846444578608498
Rewired 107,373,12506,-1,46,80,81,29,51,0.9999999976716936,1.171385601395741
Rewired 107,374,12106,1,46,39,20,21,18,1.0000000158324838,0.2499125157482922
Rewired 107,375,13058,1,46,32,18,16,16,0.9999999962747097,0.16238107928074896
Rewired 107,376,521584,0,47,80,0,37,43,0.9999999683350325,0.0
Rewired 107,377,533103,0,47,74,0,38,36,0.9999999743886292,0.0
Rewired 107,378,12083,-1,47,39,20,8,31,1.0000000139698386,0.21048436826094985
Rewired 107,379,12802,-1,47,85,21,42,43,0.9999999906867743,0.347999872174114
Rewired 107,380,15325,-1,47,56,54,17,39,1.0000000447034836,0.5537196218501776
Rewired 107,381,26287,-1,47,60,55,15,45,0.9999999855645001,0.7292264176066965
Rewired 107,382,26665,-1,47,43,36,21,22,0.9999999748542905,0.43499595462344587
Rewired 107,383,12333,0,47,49,0,24,25,1.0000000055879354,0.0
Rewired 107,384,15888,0,48,57,0,25,32,0.9999999878928065,0.0
Rewired 107,385,43756,0,48,55,0,22,33,1.000000027474016,0.0
Rewired 107,386,44903,0,48,51,0,22,29,0.9999999981373549,0.0
Rewired 107,387,23846,-1,48,48,24,20,28,1.000000037252903,0.4580509637016803
Rewired 107,388,520338,-1,48,42,23,15,27,0.999999993480742,0.2603079527616501
Rewired 107,389,14420,-1,48,31,16,9,22,1.0000000204890966,0.16809389810077846
Rewired 107,390,133601,-1,48,31,26,7,24,0.999999986961484,0.2938736085779965
Rewired 107,391,13559,0,48,90,0,46,44,0.9999999981373549,0.0
Rewired 107,392,14434,0,49,68,0,36,32,1.0000000223517418,0.0
Rewired 107,393,23601,0,49,65,0,33,32,1.0000000419095159,0.0
Rewired 107,394,517548,0,49,71,0,37,34,1.0000000256113708,0.0
Rewired 107,395,10744,-1,49,43,21,15,28,0.9999999655410647,0.3238707196433097
Rewired 107,396,12221,-1,49,60,33,22,38,1.0000000167638063,0.4237680556252599
Rewired 107,397,13142,-1,49,54,25,20,34,1.0000000316649675,0.31750532146543264
Rewired 107,398,520435,-1,49,72,41,28,44,1.0000000158324838,0.5223652694839984
Rewired 107,399,13033,1,49,59,28,19,40,1.000000003259629,0.30398048600181937
Rewired 107,400,13101,1,50,70,23,25,45,1.000000063329935,0.31051557301543653
Rewired 107,401,14677,-1,50,29,23,10,19,0.9999999739229679,0.25173518992960453
Rewired 107,402,10453,-1,50,12,29,5,7,0.9999999813735485,0.43058618484064937
Rewired 107,403,12248,-1,50,15,29,6,9,0.9999999701976776,0.44379044184461236
Rewired 107,404,523578,-1,50,13,30,5,8,0.9999999888241291,0.5200377427972853
Rewired 107,405,529129,-1,50,14,28,5,9,0.9999999720603228,0.3901404922362417
Rewired 107,406,10514,-1,50,16,25,8,8,1.0000000279396772,0.34931690874509513
Rewired 107,407,533946,-1,50,16,34,9,7,0.9999999962747097,0.5565957447979599
Rewired 107,408,10553,-1,51,14,12,6,8,1.0,0.17800513515248895
Rewired 107,409,10205,-1,51,32,63,15,17,0.999999962747097,1.1527608879841864
Rewired 107,410,10935,-1,51,63,61,36,27,0.9999999953433871,1.0062896902672946
Rewired 107,411,19306,-1,51,71,59,38,33,1.0000000186264515,0.6749893563101068
Rewired 107,412,10864,1,51,14,13,5,9,0.9999999925494194,0.11659548117313534
Rewired 107,413,555296,1,51,12,15,5,7,1.000000011175871,0.2436142573133111
Rewired 107,414,555270,-1,51,12,6,6,6,1.0000000037252903,0.10938113369047642
Rewired 107,415,513992,1,51,7,6,1,6,1.0000000670552254,0.03628445079084486
Rewired 107,416,27203,1,52,8,12,4,4,1.0,0.19109898200258613
Rewired 107,417,521222,1,52,36,55,27,9,0.9999999850988388,0.6225180977489799
Rewired 107,418,13460,-1,52,11,8,6,5,1.0000000223517418,0.04910060646943748
Rewired 107,419,11896,-1,52,12,18,4,8,1.0000000167638063,0.31237219204194844
Rewired 107,420,12900,-1,52,15,17,8,7,1.000000026077032,0.24671449791640043
Rewired 107,421,11710,-1,52,15,8,6,9,1.000000026077032,0.0919076765421778
Rewired 107,422,12319,-1,52,10,9,6,4,0.9999999981373549,0.07245509116910398
Rewired 107,423,10202,-1,52,100,147,61,39,0.999999956227839,2.045464748633094
Rewired 107,424,162461,-1,53,69,149,48,21,0.9999999850988388,2.0269159398740157
Rewired 107,425,10103,1,53,66,86,32,34,0.9999999525025487,1.2519502616487443
Rewired 107,426,519567,1,53,55,100,26,29,0.9999999729916453,1.34572341281455
Rewired 107,427,10510,1,53,75,144,36,39,0.9999999650754035,2.013808531453833
Rewired 107,428,10617,1,53,72,140,34,38,0.9999999785795808,1.7018173943506554
Rewired 107,429,11231,-1,53,27,44,12,15,0.9999999590218067,0.7322410193737596
Rewired 107,430,520816,-1,53,44,67,30,14,0.9999999804422259,0.8964898712001741
Rewired 107,431,10695,-1,53,47,94,21,26,1.0,1.3387281683972105
Rewired 107,432,32461,1,54,11,12,5,6,0.9999999422580004,0.11487445095553994
Rewired 107,433,26344,-1,54,46,71,24,22,0.9999999888241291,1.2508725475054234
Rewired 107,434,10949,-1,54,46,78,22,24,1.0000000167638063,1.1599903620081022
Rewired 107,435,17140,-1,54,64,35,30,34,1.0000000027939677,0.47686001495458186
Rewired 107,436,10420,1,54,80,133,35,45,0.9999999813735485,1.7137186827603728
Rewired 107,437,10638,1,54,79,131,37,42,0.9999999776482582,1.6934562022797763
Rewired 107,438,10166,-1,54,21,24,14,7,0.9999999832361937,0.29999372945167124
Rewired 107,439,26862,-1,54,27,11,15,12,0.9999999962747097,0.2286482520867139
Rewired 107,440,12455,-1,55,17,22,11,6,1.0000000018626451,0.3536226530559361
Rewired 107,441,525408,-1,55,31,25,15,16,0.9999999385327101,0.3586774931754917
Rewired 107,442,513831,-1,55,14,14,9,5,0.9999999832361937,0.20941390097141266
Rewired 107,443,522335,-1,55,20,18,14,6,0.9999999757856131,0.39083687542006373
Rewired 107,444,11208,1,55,46,32,17,29,1.0000000279396772,0.399485747795552
Rewired 107,445,521028,1,55,42,30,11,31,0.9999999701976776,0.3110172909218818
Rewired 107,446,10887,-1,55,71,66,25,46,1.0000000037252903,0.9272432365687564
Rewired 107,447,12395,-1,55,71,61,35,36,1.0000000330619514,0.822187596000731
Rewired 107,448,12724,1,56,52,54,29,23,0.9999999874271452,0.6139627029187977
Rewired 107,449,519724,1,56,63,65,30,33,0.9999999739229679,0.8410045572090894
Rewired 107,450,519461,1,56,58,50,22,36,0.9999999781139195,0.4893739940598607
Rewired 107,451,529641,1,56,57,55,23,34,1.0000000074505806,0.6344053514767438
Rewired 107,452,200284,-1,56,71,87,27,44,0.9999999878928065,1.1559177580056712
Rewired 107,453,519925,-1,56,83,91,27,56,1.000000019557774,1.602438515983522
Rewired 107,454,10725,-1,56,3,14,0,3,1.0000000149011612,0.16444564098492265
Rewired 107,455,531732,-1,56,6,16,0,6,1.0000000149011612,0.3564660409465432
Rewired 107,456,12910,-1,57,41,43,20,21,1.0000000353902578,0.5062587270513177
Rewired 107,457,14192,-1,57,40,58,22,18,0.9999999734573066,0.9016166345681995
Rewired 107,458,11490,-1,57,52,51,22,30,0.9999999878928065,0.6778944027610123
Rewired 107,459,521527,-1,57,54,56,23,31,1.0000000037252903,0.9377624969929457
Rewired 107,460,33289,-1,57,51,36,21,30,1.0000000391155481,0.5459194952854887
Rewired 107,461,11750,-1,57,54,38,22,32,0.9999999674037099,0.3879936190787703
Rewired 107,462,11795,-1,57,58,35,22,36,0.9999999878928065,0.43730707722716033
Rewired 107,463,521529,-1,57,49,34,19,30,0.9999999972060323,0.47025828808546066
Rewired 107,464,13450,-1,58,84,122,42,42,1.0000000074505806,1.507914753863588
Rewired 107,465,13724,-1,58,76,113,37,39,1.000000003259629,1.499598134541884
Rewired 107,466,11351,-1,58,60,47,25,35,1.0000000223517418,0.5745742169674486
Rewired 107,467,11457,-1,58,65,61,27,38,1.0000000237487257,0.8312795963138342
Rewired 107,468,555727,1,58,57,69,25,32,1.0000000186264515,0.9993150788359344
Rewired 107,469,12206,-1,58,56,68,24,32,1.0000000391155481,1.0112056785728782
Rewired 107,470,523716,-1,58,55,62,24,31,1.0000000009313226,0.8671332022640854
Rewired 107,471,13182,-1,58,65,57,32,33,0.9999999818392098,0.8100266724359244
Rewired 107,472,525959,-1,59,74,74,37,37,1.0000000046566129,1.2033934378996491
Rewired 107,473,16642,-1,59,42,36,20,22,1.0000000232830644,0.4346401528455317
Rewired 107,474,11199,0,59,99,0,44,55,0.9999999697320163,0.0
Rewired 107,475,532909,0,59,116,0,46,70,0.9999999925494194,0.0
Rewired 107,476,10517,-1,59,53,66,24,29,0.9999999897554517,1.0775229998398572
Rewired 107,477,519944,-1,59,65,61,29,36,0.9999999557621777,0.8027458327123895
Rewired 107,478,10546,-1,59,60,49,24,36,0.9999999888241291,0.7913737010676414
Rewired 107,479,10606,-1,59,67,56,29,38,1.000000043772161,0.7678746553137898
Rewired 107,480,17113,1,60,66,118,30,36,0.9999999441206455,1.5288378291297704
Rewired 107,481,523715,1,60,68,109,31,37,1.0000000214204192,1.409824750968255
Rewired 107,482,520613,-1,60,123,55,50,73,1.0000000263098627,0.9054193024057895
Rewired 107,483,12107,1,60,85,94,38,47,0.9999999441206455,1.2572186433244497
Rewired 107,484,10018,-1,60,15,19,4,11,1.0000000074505806,0.1634695625398308
Rewired 107,485,10290,-1,60,9,22,1,8,0.9999999590218067,0.43284176336601377
Rewired 107,486,532906,1,60,48,43,11,37,0.9999999618157744,0.5189487945754081
Rewired 107,487,12298,-1,60,29,49,13,16,1.000000017695129,0.6310669770464301
Rewired 107,488,12327,-1,61,25,44,13,12,0.9999999776482582,0.7331872996874154
Rewired 107,489,10830,1,61,91,102,37,54,1.0000000325962901,1.2063953767064959
Rewired 107,490,13877,1,61,75,90,32,43,1.000000013038516,0.9670383800985292
Rewired 107,491,12943,1,61,39,75,18,21,0.9999999571591616,0.8823772129835561
Rewired 107,492,11186,1,61,48,45,18,30,1.000000026077032,0.6572072978597134
Rewired 107,493,12408,1,61,86,44,40,46,1.0000000088475645,0.6890938594006002
Rewired 107,494,12183,-1,61,39,30,19,20,0.9999999739229679,0.376744968816638
Rewired 107,495,522706,-1,61,41,28,15,26,1.0000000204890966,0.31675592716783285
Rewired 107,496,11516,-1,62,35,14,17,18,0.9999999832361937,0.15978433447889984
Rewired 107,497,12359,-1,62,27,4,11,16,1.0000000083819032,0.04390107234939933
Rewired 107,498,13556,-1,62,67,47,41,26,0.9999999655410647,0.5781769901514053
Rewired 107,499,10147,-1,62,134,129,80,54,0.9999999701976776,1.5958575699478388
Rewired 107,500,10297,-1,62,174,176,104,70,0.999999959138222,2.8657821805682033
Rewired 107,501,14066,-1,62,50,45,36,14,0.9999999701976776,0.486323528457433
Rewired 107,502,13664,1,62,65,53,42,23,0.9999999827705324,0.6666183081688359
Rewired 107,503,15295,-1,62,27,27,12,15,1.000000019557774,0.421711269300431
Rewired 107,504,16422,-1,63,36,38,24,12,1.0000000447034836,0.6934953376185149
Rewired 107,505,12162,-1,63,53,59,30,23,1.0000000125728548,0.5671306140720844
Rewired 107,506,13153,-1,63,60,68,34,26,1.000000017695129,0.9091623793356121
Rewired 107,507,11042,-1,63,80,70,32,48,1.0000000428408384,1.1171373391989619
Rewired 107,508,11682,-1,63,94,87,35,59,0.9999999850988388,1.1148394637275487
Rewired 107,509,12003,-1,63,86,81,38,48,1.0000000121071935,1.029248095699586
Rewired 107,510,10678,1,63,70,50,30,40,1.0000000167638063,0.603696575621143
Rewired 107,511,11691,1,63,56,66,25,31,1.0000000325962901,0.6548373247496784
Rewired 107,512,11341,-1,64,82,76,52,30,1.0000000055879354,1.0242199178319424
Rewired 107,513,519692,-1,64,71,68,48,23,1.0,1.0416217534802854
Rewired 107,514,11030,-1,64,126,141,74,52,0.9999999632127583,1.9992830585688353
Rewired 107,515,522828,-1,64,129,158,81,48,0.9999999850988388,2.1696338871261105
Rewired 107,516,11190,-1,64,98,44,48,50,0.999999969266355,0.8993496504845098
Rewired 107,517,513601,-1,64,102,59,49,53,1.0000000419095159,0.8300904117058963
Rewired 107,518,12343,-1,64,36,44,21,15,0.9999999394640326,0.611819576472044
Rewired 107,519,12572,-1,64,45,63,26,19,1.0000000363215804,0.7896709267515689
Rewired 107,520,11174,-1,65,79,94,38,41,1.0000000149011612,1.2558288315776736
Rewired 107,521,11210,-1,65,65,84,37,28,1.0000000325962901,1.5132703795097768
Rewired 107,522,11606,-1,65,69,96,39,30,0.9999999906867743,1.3506410197587684
Rewired 107,523,12259,-1,65,72,87,46,26,1.0000000223517418,1.2299376467708498
Rewired 107,524,11112,-1,65,75,97,49,26,1.000000006519258,1.4208947215229273
Rewired 107,525,12037,-1,65,92,113,56,36,0.9999999813735485,1.6236334606073797
Rewired 107,526,11001,-1,65,68,65,36,32,1.000000027474016,0.7890954595059156
Rewired 107,527,522760,-1,65,55,75,30,25,1.000000017695129,0.9234977590385824
Rewired 107,528,11525,1,66,59,49,33,26,1.0000000158324838,0.5417037529405206
Rewired 107,529,512745,1,66,60,56,33,27,1.0000000558793545,0.6327455225400627
Rewired 107,530,19873,-1,66,42,48,26,16,1.0000000018626451,0.6281416160054505
Rewired 107,531,10486,1,66,73,86,34,39,1.0000000023283064,1.2564073328394443
Rewired 107,532,13384,1,66,65,79,32,33,1.0000000246800482,0.9746165052056313
Rewired 107,533,13018,1,66,64,89,29,35,1.0000000204890966,1.0699747847393155
Rewired 107,534,529519,1,66,71,81,31,40,0.9999999813735485,1.035096692154184
Rewired 107,535,10209,-1,66,97,103,64,33,0.9999999811407179,1.4536977824755013
Rewired 107,536,10305,-1,67,93,95,64,29,1.0000000165309757,1.449260411085561
Rewired 107,537,11903,1,67,26,10,12,14,0.9999999664723873,0.12722329888492823
Rewired 107,538,12702,1,67,90,86,34,56,0.9999999790452421,0.9869569380534813
Rewired 107,539,520410,1,67,96,76,45,51,1.0000000139698386,0.9296069582924247
Rewired 107,540,10356,1,67,80,88,35,45,0.9999999939464033,1.3061311799101532
Rewired 107,541,13613,1,67,67,73,28,39,1.0000000027939677,0.9536270599346608
Rewired 107,542,13761,-1,67,36,42,22,14,1.000000013038516,0.6007399980444461
Rewired 107,543,15039,-1,67,39,54,20,19,1.0000000689178705,0.7275118142133579
Rewired 107,544,10347,0,68,19,0,7,12,0.9999999552965164,0.0
Rewired 107,545,11477,0,68,24,0,8,16,1.0000000186264515,0.0
Rewired 107,546,10537,-1,68,40,23,15,25,0.9999999646097422,0.283103683963418
Rewired 107,547,11497,-1,68,43,25,15,28,0.9999999944120646,0.36822300287894905
Rewired 107,548,10583,1,68,122,114,63,59,0.9999999955762178,1.6034786771051586
Rewired 107,549,11043,1,68,105,81,54,51,1.0000000484287739,1.2170769195072353
Rewired 107,550,11053,1,68,22,9,15,7,1.000000011175871,0.15564633219037205
Rewired 107,551,555342,1,68,20,19,15,5,0.9999999944120646,0.26605444215238094
Rewired 107,552,10597,-1,69,36,68,15,21,0.9999999906867743,1.1289950048085302
Rewired 107,553,10956,-1,69,40,76,17,23,1.0000000055879354,1.1092919232323766
Rewired 107,554,10013,-1,69,42,77,18,24,0.9999999757856131,1.1700736499624327
Rewired 107,555,520151,-1,69,50,82,23,27,0.9999999664723873,1.3540354367578402
Rewired 107,556,522444,-1,69,39,46,14,25,0.9999999580904841,0.6472388880793005
Rewired 107,557,522749,-1,69,33,46,12,21,0.9999999823048711,0.7667802255600691
Rewired 107,558,519373,-1,69,31,52,13,18,1.0000000186264515,0.6607949598692358
Rewired 107,559,521526,-1,69,34,51,9,25,0.9999999860301614,0.7728223251178861
Rewired 107,560,525780,-1,70,70,78,24,46,0.9999999916180968,1.1087483435403556
Rewired 107,561,530875,-1,70,65,90,23,42,0.999999986961484,1.1390759504865855
Rewired 107,562,10495,-1,70,28,73,9,19,1.0000000335276127,1.1517599319340661
Rewired 107,563,519371,-1,70,29,65,7,22,0.9999999925494194,0.8343860507011414
Rewired 107,564,10079,-1,70,20,45,5,15,0.9999999739229679,0.6704960149945691
Rewired 107,565,12690,-1,70,23,39,5,18,1.0000000149011612,0.6204397066030651
Rewired 107,566,515338,-1,70,11,13,3,8,0.9999999590218067,0.3340876316651702
Rewired 107,567,18713,-1,70,33,65,10,23,0.9999999720603228,0.8297860267339274
Rewired 107,568,19267,-1,71,31,85,10,21,1.000000013038516,1.0197666126769036
Rewired 107,569,21242,-1,71,24,66,9,15,1.0000000158324838,0.9154708285350353
Rewired 107,570,523060,-1,71,32,74,11,21,0.9999999701976776,0.8233018971513957
Rewired 107,571,10704,-1,71,27,82,7,20,1.0000000279396772,1.0712040315847844
Rewired 107,572,11402,-1,71,31,80,9,22,1.0,1.3110598262865096
Rewired 107,573,13728,1,71,26,71,11,15,1.0000000409781933,0.9203844212461263
Rewired 107,574,13768,1,71,30,73,11,19,0.9999999981373549,0.8896346348337829
Rewired 107,575,519368,1,71,25,67,10,15,0.9999999739229679,0.8319216740783304
Rewired 107,576,521086,1,72,25,64,12,13,1.0000000037252903,0.8450281345285475
Rewired 107,577,12726,1,72,15,50,7,8,1.0000000149011612,0.7934996876865625
Rewired 107,578,514853,1,72,25,50,12,13,1.0000000521540642,0.7851412072777748
Rewired 107,579,11873,1,72,13,22,1,12,1.0000000074505806,0.2556695295497775
Rewired 107,580,17946,1,72,12,19,1,11,1.0,0.274240231141448
Rewired 107,581,14221,1,72,42,60,10,32,1.000000017695129,0.78279112232849
Rewired 107,582,512788,1,72,38,58,8,30,0.9999999897554517,0.8696181075647473
Rewired 107,583,10804,-1,72,55,120,28,27,0.9999999729916453,1.6811782391741872
Rewired 107,584,11145,-1,73,67,127,32,35,0.9999999804422259,1.713982378714718
Rewired 107,585,10826,1,73,53,83,11,42,1.0000000381842256,1.068033982301131
Rewired 107,586,523628,1,73,54,90,17,37,0.9999999515712261,1.186882067588158
Rewired 107,587,11990,1,73,34,66,12,22,1.000000011175871,0.8093620310537517
Rewired 107,588,12918,1,73,27,69,9,18,0.9999999701976776,0.8082645949907601
Rewired 107,589,11176,1,73,93,98,40,53,0.9999999892897904,1.3083588448353112
Rewired 107,590,524893,1,73,85,92,34,51,0.9999999953433871,1.3810553640360013
Rewired 107,591,515034,1,73,67,81,25,42,0.9999999580904841,1.0805731483269483
Rewired 107,592,513174,-1,74,56,88,19,37,0.9999999804422259,1.3363627579528838
Rewired 107,593,515015,-1,74,48,73,19,29,0.9999999976716936,1.0981777729466558
Rewired 107,594,10816,-1,74,78,98,35,43,1.0000000330619514,1.3251631057355553
Rewired 107,595,11805,-1,74,69,79,33,36,0.9999999492429197,1.1511978674679995
Rewired 107,596,11455,-1,74,95,86,45,50,1.0000000139698386,1.256969124195166
Rewired 107,597,519131,-1,74,97,89,49,48,0.999999969266355,1.214170757913962
Rewired 107,598,11785,1,74,77,95,31,46,0.9999999669380486,1.1701665981672704
Rewired 107,599,523043,1,74,66,79,27,39,0.9999999860301614,0.9849582982715219
Rewired 107,600,10599,1,75,119,109,51,68,1.0000000069849193,1.3809207889717072
Rewired 107,601,508595,1,75,112,113,51,61,0.9999999832361937,1.3466574747581035
Rewired 107,602,10402,-1,75,85,64,64,21,1.000000016996637,1.026842123363167
Rewired 107,603,10472,-1,75,81,60,59,22,0.9999999965075403,0.9278846031520516
Rewired 107,604,11930,1,75,165,149,128,37,1.0000000190921128,1.855686973547563
Rewired 107,605,517458,1,75,163,150,125,38,0.9999999946448952,1.8631176089402288
Rewired 107,606,10567,1,75,97,111,76,21,1.0000000419095159,1.5249015742447227
Rewired 107,607,13314,-1,75,104,57,77,27,1.0000000400468707,0.8490936475573108
Rewired 107,608,13389,-1,76,116,68,87,29,1.0000000237487257,1.180920090060681
Rewired 107,609,13832,-1,76,103,54,79,24,1.0000000135041773,0.731181608280167
Rewired 107,610,13951,-1,76,107,70,79,28,0.999999959487468,0.8284460846334696
Rewired 107,611,23850,0,76,99,0,42,57,0.9999999571591616,0.0
Rewired 107,612,10187,0,76,141,0,41,100,0.9999999834690243,0.0
Rewired 107,613,287884,0,76,107,0,34,73,1.000000030035153,0.0
Rewired 107,614,10120,0,76,150,0,77,73,0.9999999953433871,0.0
Rewired 107,615,11921,0,76,124,0,59,65,1.0000000037252903,0.0
Rewired 107,616,10041,0,77,126,0,62,64,1.0000000186264515,0.0
Rewired 107,617,10110,0,77,130,0,61,69,1.0000000258442014,0.0
Rewired 107,618,11608,0,77,184,0,130,54,1.0000000456348062,0.0
Rewired 107,619,12109,0,77,195,0,141,54,0.9999999864958227,0.0
Rewired 107,620,10080,0,77,57,0,23,34,1.0000000335276127,0.0
Rewired 107,621,10555,0,77,56,0,22,34,0.9999999823048711,0.0
Rewired 107,622,10799,0,77,120,0,56,64,0.9999999538995326,0.0
Rewired 107,623,11005,0,77,87,0,44,43,1.000000016298145,0.0
Rewired 107,624,10168,0,78,166,0,67,99,0.9999999669380486,0.0
Rewired 107,625,10175,0,78,171,0,80,91,0.9999999483115971,0.0
Rewired 107,626,10185,0,78,243,0,122,121,0.999999996740371,0.0
Rewired 107,627,14463,-1,78,31,47,14,17,0.9999999981373549,0.5704155478160828
Rewired 107,628,11789,-1,78,20,42,12,8,0.9999999590218067,0.7889375048689544
Rewired 107,629,11815,-1,78,33,56,14,19,0.9999999925494194,0.7179228784516454
Rewired 107,630,533704,-1,78,45,48,19,26,0.9999999981373549,0.5826676455326378
Rewired 107,631,11905,-1,78,33,72,10,23,0.9999999552965164,1.2141259065829217
Rewired 107,632,11712,-1,79,50,90,25,25,0.9999999608844519,1.6319356678286567
Rewired 107,633,521059,-1,79,43,86,19,24,0.9999999571591616,1.549326018895954
Rewired 107,634,11440,-1,79,27,57,10,17,0.9999999962747097,0.7576133226975799
Rewired 107,635,525958,-1,79,35,62,13,22,1.000000019557774,0.8858049022965133
Rewired 107,636,10794,-1,79,60,127,21,39,1.0000000018626451,1.9389369750861079
Rewired 107,637,524883,-1,79,65,112,26,39,0.9999999557621777,1.7157779890112579
Rewired 107,638,10912,-1,79,12,19,4,8,1.0000000447034836,0.3461829225998372
Rewired 107,639,11637,1,79,37,31,16,21,1.0000000037252903,0.3740220661275089
Rewired 107,640,10644,1,80,54,103,18,36,1.0000000158324838,1.3760028802789748
Rewired 107,641,524521,1,80,58,134,17,41,0.9999999832361937,1.779929372947663
Rewired 107,642,11626,1,80,63,56,18,45,1.0000000074505806,0.9798922180198133
Rewired 107,643,35790,1,80,59,57,19,40,0.9999999846331775,0.7398860058747232
Rewired 107,644,12376,1,80,62,46,17,45,1.000000011175871,0.7313171606510878
Rewired 107,645,12452,1,80,58,41,13,45,1.0000000200234354,0.5085603258339688
Rewired 107,646,11303,0,80,129,0,75,54,1.0000000074505806,0.0
Rewired 107,647,11507,0,80,134,0,71,63,1.0000000100117177,0.0
Rewired 107,648,11719,-1,81,49,60,19,30,0.9999999850988388,1.1612307061441243
Rewired 107,649,524668,-1,81,40,52,16,24,1.0000000270083547,0.7013476451393217
Rewired 107,650,11327,0,81,64,0,24,40,1.0000000456348062,0.0
Rewired 107,651,11900,0,81,74,0,34,40,0.9999999580904841,0.0
Rewired 107,652,11618,0,81,113,0,52,61,1.0000000344589353,0.0
Rewired 107,653,13428,0,81,101,0,50,51,0.9999999639112502,0.0
Rewired 107,654,11752,0,81,80,0,33,47,1.0000000167638063,0.0
Rewired 107,655,14182,0,81,82,0,38,44,1.0000000465661287,0.0
Rewired 107,656,14225,0,82,25,0,5,20,0.9999999953433871,0.0
Rewired 107,657,512326,0,82,26,0,5,21,0.9999999590218067,0.0
Rewired 107,658,529512,0,82,43,0,18,25,1.000000043772161,0.0
Rewired 107,659,529516,0,82,40,0,14,26,1.0000000121071935,0.0
Rewired 107,660,14705,0,82,63,0,31,32,0.9999999878928065,0.0
Rewired 107,661,519616,0,82,78,0,36,42,1.000000033993274,0.0
Rewired 107,662,12902,0,82,88,0,43,45,0.9999999776482582,0.0
Rewired 107,663,10753,0,82,92,0,51,41,1.0000000251457095,0.0
Rewired 107,664,11560,0,83,95,0,51,44,1.0000000484287739,0.0
Rewired 107,665,10910,0,83,102,0,54,48,1.0000000027939677,0.0
Rewired 107,666,11532,0,83,122,0,69,53,0.9999999664723873,0.0
Rewired 107,667,555259,-1,83,8,16,3,5,1.0000000149011612,0.14938866207376122
Rewired 107,668,11908,1,83,9,30,4,5,0.9999999701976776,0.32845849671866745
Rewired 107,669,555176,1,83,10,30,5,5,0.9999999850988388,0.3049603048712015
Rewired 107,670,31330,-1,83,48,53,15,33,1.000000024214387,0.8442654046230018
Rewired 107,671,10777,-1,83,61,81,26,35,0.9999999487772584,1.049624799285084
Rewired 107,672,10781,-1,84,54,87,23,31,1.000000026077032,1.1727709346450865
Rewired 107,673,10101,-1,84,27,41,14,13,1.000000026077032,0.4987511627841741
Rewired 107,674,10203,-1,84,19,33,13,6,1.0000000055879354,0.570837066275999
Rewired 107,675,11515,-1,84,29,28,12,17,1.000000013038516,0.38958096224814653
Rewired 107,676,511784,-1,84,31,21,16,15,1.0000000298023224,0.43659236235544086
Rewired 107,677,10207,1,84,33,37,13,20,0.9999999608844519,0.38414173189084977
Rewired 107,678,533529,1,84,34,45,12,22,1.000000043772161,0.5934710963629186
Rewired 107,679,10479,1,84,31,47,13,18,1.0000000335276127,0.8407395745161921
Rewired 107,680,10603,1,85,23,39,11,12,0.9999999534338713,0.47963173873722553
Rewired 107,681,12055,1,85,14,39,8,6,1.0000000223517418,0.4681367443408817
Rewired 107,682,12091,1,85,20,56,9,11,1.000000013038516,0.7024928772589192
Rewired 107,683,12292,1,85,37,45,13,24,0.9999999739229679,0.593471167027019
Rewired 107,684,521305,1,85,32,44,16,16,1.0000000325962901,0.7780333820264786
Rewired 107,685,10333,-1,85,48,38,22,26,0.9999999958090484,0.6193008529953659
Rewired 107,686,13136,1,85,53,95,10,43,0.9999999795109034,1.2076556023675948
Rewired 107,687,14639,1,85,56,96,15,41,0.9999999767169356,1.167630332056433
Rewired 107,688,10074,-1,86,113,89,70,43,0.9999999636784196,1.1676886131754145
Rewired 107,689,531985,-1,86,120,101,74,46,0.9999999734573066,1.2902085457462817
Rewired 107,690,11762,1,86,52,106,12,40,1.0000000284053385,1.3410200183279812
Rewired 107,691,522346,1,86,49,116,12,37,0.9999999906867743,1.400048769195564
Rewired 107,692,520606,1,86,58,121,23,35,1.0000000186264515,1.3723836729768664
Rewired 107,693,523528,1,86,67,138,31,36,0.9999999990686774,1.713412945624441
Rewired 107,694,11278,-1,86,98,87,38,60,1.0000000055879354,1.310969977057539
Rewired 107,695,521375,-1,86,118,90,52,66,1.0000000095460564,1.4165856740437448
Rewired 107,696,11252,-1,87,85,92,46,39,1.0000000013969839,1.3151848189299926
Rewired 107,697,11883,-1,87,102,121,57,45,0.9999999646097422,1.537498238729313
Rewired 107,698,13271,-1,87,56,111,34,22,1.0000000298023224,1.438309777295217
Rewired 107,699,523624,-1,87,53,108,24,29,0.9999999571591616,1.346248582471162
Rewired 107,700,10364,1,87,56,75,25,31,1.0000000139698386,1.0022434543352574
Rewired 107,701,11367,1,87,64,108,31,33,1.0000000344589353,1.2758484627120197
Rewired 107,702,10867,1,87,116,125,52,64,0.9999999860301614,1.5030854167416692
Rewired 107,703,555383,1,87,93,115,42,51,0.9999999613501132,1.5836398142855614
Rewired 107,704,10448,-1,88,101,134,57,44,0.9999999757856131,1.8176142835291103
Rewired 107,705,11017,-1,88,118,149,69,49,1.0000000218860805,2.0257435544626787
Rewired 107,706,10641,0,88,39,0,18,21,1.0000000079162419,0.0
Rewired 107,707,522405,0,88,57,0,26,31,0.9999999906867743,0.0
Rewired 107,708,10742,-1,88,42,62,24,18,1.000000011175871,0.8577784055378288
Rewired 107,709,530685,-1,88,54,87,30,24,0.9999999906867743,1.0300541031174362
Rewired 107,710,10594,1,88,102,100,27,75,1.0000000400468707,1.327252370887436
Rewired 107,711,11526,1,88,107,113,35,72,0.9999999701976776,1.2091319696046412
Rewired 107,712,12323,1,89,103,29,54,49,1.000000013038516,0.4131362021435052
Rewired 107,713,10609,1,89,80,135,37,43,1.000000050291419,1.5779430316761136
Rewired 107,714,10995,1,89,82,121,35,47,0.9999999911524355,1.4969287638086826
Rewired 107,715,12518,1,89,58,78,29,29,1.0000000302679837,0.9374848641455173
Rewired 107,716,43368,1,89,47,63,22,25,1.0000000428408384,0.7306409741286188
Rewired 107,717,11927,1,89,72,91,25,47,0.9999999930150807,1.128359279828146
Rewired 107,718,12184,1,89,101,70,41,60,1.0000000284053385,0.9732861865777522
Rewired 107,719,12215,1,89,98,101,38,60,1.0000000330619514,1.2105267418082803
Rewired 107,720,521693,1,90,82,71,37,45,1.0000000230502337,0.7562975503969938
Rewired 107,721,13367,1,90,54,72,21,33,0.9999999878928065,0.8452447920572013
Rewired 107,722,10329,1,90,111,42,63,48,0.9999999911524355,0.4705541132716462
Rewired 107,723,11118,1,90,103,34,57,46,0.9999999664723873,0.43767025391571224
Rewired 107,724,10483,1,90,64,62,31,33,1.0000000027939677,0.7567410240881145
Rewired 107,725,11798,1,90,81,61,41,40,1.0000000279396772,0.7027747719548643
Rewired 107,726,10986,-1,90,63,32,29,34,1.0000000186264515,0.40994117548689246
Rewired 107,727,11338,-1,90,42,41,25,17,1.0000000474974513,0.5254687073174864
Rewired 107,728,10373,1,91,71,39,33,38,1.0000000325962901,0.481966509250924
Rewired 107,729,514764,1,91,83,43,43,40,0.9999999711290002,0.49774728703778237
Rewired 107,730,11397,-1,91,63,58,30,33,1.0000000139698386,0.7418773847166449
Rewired 107,731,30194,-1,91,44,55,21,23,1.0000000465661287,0.8113427879288793
Rewired 107,732,11782,1,91,36,56,11,25,1.0000000149011612,0.685287477564998
Rewired 107,733,12053,1,91,32,50,9,23,1.0000000139698386,0.6705079730600119
Rewired 107,734,12654,0,91,85,0,33,52,1.0000000037252903,0.0
Rewired 107,735,21692,0,91,77,0,35,42,1.0000000214204192,0.0
Rewired 107,736,521981,-1,92,58,113,25,33,0.9999999674037099,1.4136591961141676
Rewired 107,737,531867,-1,92,68,113,32,36,1.0000000279396772,1.5218605966074392
Rewired 107,738,11964,0,92,109,0,50,59,1.0000000214204192,0.0
Rewired 107,739,520146,0,92,100,0,41,59,0.9999999883584678,0.0
Rewired 107,740,12074,-1,92,64,74,25,39,0.9999999916180968,1.0892397975549102
Rewired 107,741,523561,-1,92,48,79,17,31,1.0000000037252903,1.195831373333931
Rewired 107,742,10230,1,92,161,151,63,98,1.0000000221189111,2.043739114305936
Rewired 107,743,10273,1,92,153,114,47,106,1.0000000211875886,1.4902888922952116
Rewired 107,744,10683,-1,93,84,93,52,32,1.0000000456348062,1.2085076841758564
Rewired 107,745,515578,-1,93,57,78,33,24,1.0000000488944352,0.9454525988548994
Rewired 107,746,11969,-1,93,59,64,32,27,1.000000017695129,0.9832199307857081
Rewired 107,747,11997,-1,93,50,55,33,17,0.9999999501742423,0.591282864799723
Rewired 107,748,11959,-1,93,28,58,16,12,0.9999999813735485,0.7514394097961485
Rewired 107,749,533914,-1,93,25,40,14,11,0.9999999832361937,0.6235547140240669
Rewired 107,750,13147,-1,93,40,69,30,10,1.0000000167638063,0.9729345289524645
Rewired 107,751,13221,-1,93,53,85,37,16,1.0000000167638063,1.2068744616117328
Rewired 107,752,14966,-1,94,63,41,26,37,0.999999993480742,0.5688039751257747
Rewired 107,753,10871,1,94,78,77,44,34,0.9999999776482582,1.0412508989684284
Rewired 107,754,11962,1,94,67,103,36,31,1.0000000251457095,1.3919305391609669
Rewired 107,755,11207,1,94,42,64,25,17,1.000000011175871,0.8150512666907161
Rewired 107,756,12585,1,94,56,64,26,30,0.9999999944120646,0.8774032448418438
Rewired 107,757,11958,1,94,75,59,36,39,1.0000000079162419,0.7428519537206739
Rewired 107,758,533588,1,94,59,46,25,34,1.0000000186264515,0.6126886375714093
Rewired 107,759,11008,1,94,49,54,24,25,0.9999999944120646,0.5548144730273634
Rewired 107,760,11170,1,95,55,59,24,31,0.9999999711290002,0.6194679744075984
Rewired 107,761,521194,1,95,38,43,16,22,0.9999999655410647,0.4919175843242556
Rewired 107,762,521309,1,95,37,37,17,20,1.0,0.47391000331845134
Rewired 107,763,13526,1,95,114,94,69,45,1.0000000330619514,1.230189593974501
Rewired 107,764,34896,1,95,100,78,66,34,0.9999999925494194,0.9147957512177527
Rewired 107,765,519398,1,95,105,124,47,58,1.000000003259629,1.5282289034221321
Rewired 107,766,521352,1,95,99,124,46,53,1.000000009778887,1.4627190786413848
Rewired 107,767,520236,-1,95,57,53,28,29,0.999999966006726,0.7699948059162125
Rewired 107,768,532000,-1,96,72,59,33,39,1.0000000083819032,0.8807666387874633
Rewired 107,769,10528,-1,96,57,59,22,35,0.9999999748542905,0.8065934868063778
Rewired 107,770,519592,-1,96,52,48,23,29,1.0000000386498868,0.6080633376259357
Rewired 107,771,46388,-1,96,68,69,36,32,0.9999999795109034,0.8534911754541099
Rewired 107,772,526311,-1,96,76,69,31,45,1.0000000102445483,1.0490756430663168
Rewired 107,773,261784,-1,96,71,82,35,36,1.0000000200234354,1.4190180127043277
Rewired 107,774,512734,-1,96,67,66,33,34,0.9999999976716936,0.9193347934633493
Rewired 107,775,518488,-1,96,84,61,48,36,1.0000000391155481,0.8623151475330815
Rewired 107,776,520773,-1,97,85,87,45,40,0.9999999813735485,1.2521767478901893
Rewired 107,777,38425,-1,97,53,50,26,27,0.999999993480742,0.5617330514360219
Rewired 107,778,39262,-1,97,54,46,29,25,0.9999999981373549,0.6301127134356648
Rewired 107,779,514555,-1,97,46,48,25,21,1.0000000223517418,0.7283398881554604
Rewired 107,780,519761,-1,97,48,45,24,24,0.9999999599531293,0.5585436471737921
Rewired 107,781,10044,1,97,131,130,53,78,1.000000026077032,1.9542694800766185
Rewired 107,782,10122,1,97,131,135,53,78,0.999999986262992,1.7883230714360252
Rewired 107,783,12313,1,97,85,102,36,49,0.9999999674037099,1.5784865070600063
Rewired 107,784,512841,1,98,91,99,35,56,1.0000000116415322,1.280794657766819
Rewired 107,785,36704,-1,98,68,56,22,46,1.0000000153668225,0.7740317876450717
Rewired 107,786,14982,1,98,79,71,38,41,0.9999999646097422,0.8806922259973362
Rewired 107,787,13807,1,98,75,96,34,41,0.9999999804422259,1.188701311359182
Rewired 107,788,15158,-1,98,94,100,46,48,0.9999999953433871,1.3083293189993128
Rewired 107,789,11723,-1,98,104,105,53,51,0.9999999785795808,1.7093285380396992
Rewired 107,790,527588,-1,98,125,114,59,66,0.9999999906867743,1.7505455166101456
Rewired 107,791,13523,-1,98,67,106,35,32,0.9999999823048711,1.6070828874362633
Rewired 107,792,525777,-1,99,76,108,37,39,1.0000000214204192,1.590031543164514
Rewired 107,793,13631,1,99,77,63,35,42,0.9999999571591616,0.7590261232107878
Rewired 107,794,520081,1,99,77,68,34,43,0.9999999543651938,0.8715104598086327
Rewired 107,795,10564,1,99,111,105,42,69,1.000000009778887,1.3819767843233421
Rewired 107,796,11324,1,99,112,97,46,66,0.9999999706633389,1.2899670240003616
Rewired 107,797,14061,0,99,55,0,18,37,0.9999999962747097,0.0
Rewired 107,798,10980,-1,99,19,29,12,7,1.0000000409781933,0.44416973658371717
Rewired 107,799,12261,-1,99,16,31,11,5,1.000000026077032,0.3719875880051404
Rewired 107,800,11732,-1,100,26,27,15,11,1.0000000363215804,0.5179827050305903
Rewired 107,801,12090,-1,100,29,35,15,14,1.0000000139698386,0.5843428231310099
Rewired 107,802,558970,-1,100,50,62,18,32,0.9999999925494194,0.8847548817284405
Rewired 107,803,10645,1,100,63,49,25,38,1.0000000298023224,0.5542191512649879
Rewired 107,804,38788,1,100,70,60,24,46,1.0000000083819032,0.7674733018502593
Rewired 107,805,519143,1,100,58,101,26,32,0.9999999948777258,1.3444741270504892
Rewired 107,806,521026,1,100,48,87,21,27,0.9999999990686774,1.175896049127914
Rewired 107,807,45633,1,100,95,106,43,52,0.9999999711290002,1.30676193209365
Rewired 107,808,520039,1,101,106,82,47,59,0.9999999694991857,1.131059569772333
Rewired 107,809,14174,0,101,98,0,46,52,1.0000000298023224,0.0
Rewired 107,810,532010,0,101,94,0,38,56,0.999999969266355,0.0
Rewired 107,811,13865,-1,101,39,52,15,24,0.9999999925494194,0.6763351359404624
Rewired 107,812,10798,-1,101,124,73,60,64,1.0000000179279596,0.987245648400858
Rewired 107,813,10963,-1,101,136,70,59,77,0.9999999620486051,0.9640923612751067
Rewired 107,814,10525,-1,101,108,63,42,66,1.0000000288709998,0.8684264931362122
Rewired 107,815,11801,-1,101,21,31,11,10,1.0,0.40213940548710525
Rewired 107,816,12296,-1,102,19,27,7,12,0.9999999962747097,0.4116789801046252
Rewired 107,817,512355,1,102,46,59,17,29,1.000000024214387,0.6948333540931344
Rewired 107,818,521195,1,102,54,57,20,34,1.0000000186264515,0.6631351567339152
Rewired 107,819,10789,1,102,46,48,18,28,0.9999999525025487,0.5032337347511202
Rewired 107,820,13686,1,102,52,54,21,31,0.9999999776482582,1.0368435176787898
Rewired 107,821,11470,1,102,42,63,22,20,0.9999999944120646,0.8436534055508673
Rewired 107,822,13244,1,102,48,71,16,32,1.0000000121071935,0.6592386146076024
Rewired 107,823,13388,1,102,50,70,16,34,1.0000000358559191,0.7895772767951712
Rewired 107,824,14935,1,103,64,83,18,46,1.0000000200234354,1.1019410428125411
Rewired 107,825,10707,-1,103,128,165,79,49,1.0000000360887498,2.2749673968646675
Rewired 107,826,522465,-1,103,127,173,74,53,1.000000033993274,2.3665503949159756
Rewired 107,827,24136,-1,103,46,50,28,18,1.0000000409781933,0.7737100997474045
Rewired 107,828,57240,-1,103,44,49,26,18,0.9999999878928065,0.6863833270035684
Rewired 107,829,512581,-1,103,52,56,35,17,1.0000000149011612,0.7115654686931521
Rewired 107,830,527318,-1,103,39,48,25,14,0.9999999795109034,0.6737021610606462
Rewired 107,831,10328,1,103,140,157,61,79,0.9999999923165888,1.8629785678349435
Rewired 107,832,521736,1,104,131,137,53,78,1.000000005820766,1.7389537792187184
Rewired 107,833,11355,1,104,51,66,32,19,1.0000000279396772,0.7950359440874308
Rewired 107,834,10390,1,104,72,94,47,25,1.0000000298023224,1.1600341134471819
Rewired 107,835,10561,1,104,63,79,39,24,0.9999999655410647,0.9737046119989827
Rewired 107,836,519970,1,104,66,74,45,21,0.9999999534338713,0.9614943289197981
Rewired 107,837,521437,1,104,62,73,45,17,1.0000000270083547,0.9274755180813372
Rewired 107,838,10996,1,104,74,83,51,23,1.0000000135041773,1.399021944613196
Rewired 107,839,11467,1,104,70,80,47,23,1.0000000139698386,0.904213081812486
Rewired 107,840,10877,1,105,73,81,48,25,1.0000000158324838,1.1351934804115444
Rewired 107,841,527577,1,105,73,84,51,22,1.0000000083819032,1.1156618581153452
Rewired 107,842,10198,1,105,64,89,44,20,0.9999999571591616,1.2023910616990179
Rewired 107,843,529665,1,105,65,76,45,20,1.000000024214387,0.9662597280694172
Rewired 107,844,10808,1,105,64,80,48,16,1.0000000214204192,0.9038287441944703
Rewired 107,845,10904,1,105,70,84,52,18,0.999999969266355,1.0055741472169757
Rewired 107,846,10756,1,105,71,83,52,19,0.9999999925494194,0.9912568936124444
Rewired 107,847,11105,1,105,70,83,48,22,0.999999996740371,0.987640417413786
Rewired 107,848,32824,-1,106,41,65,21,20,1.0000000223517418,0.8298743325285614
Rewired 107,849,519655,-1,106,42,69,16,26,1.0000000223517418,0.8006884570932016
Rewired 107,850,13327,1,106,43,45,21,22,1.000000026077032,0.6475800191983581
Rewired 107,851,521191,1,106,54,43,21,33,1.000000026077032,0.48170280805788934
Rewired 107,852,10109,-1,106,131,127,69,62,0.9999999855645001,1.7611489203991368
Rewired 107,853,10167,-1,106,146,135,76,70,0.999999990221113,2.483599921921268
Rewired 107,854,11061,-1,106,82,61,39,43,1.0000000158324838,0.6878951007965952
Rewired 107,855,11363,-1,106,85,65,43,42,1.0000000223517418,1.0575473059434444
Rewired 107,856,513058,1,107,83,65,40,43,1.000000027474016,0.7987931512761861
Rewired 107,857,532942,1,107,87,67,38,49,1.0000000158324838,0.8150871015386656
Rewired 107,858,13238,1,107,29,23,10,19,1.0000000409781933,0.3392974706366658
Rewired 107,859,11413,1,107,44,39,18,26,0.9999999734573066,0.5586326795164496
Rewired 107,860,12988,1,107,38,35,16,22,0.9999999674037099,0.45510545116849244
Rewired 107,861,519365,-1,107,118,139,67,51,0.9999999955762178,2.088806391460821
Rewired 107,862,523636,-1,107,121,137,67,54,1.0000000230502337,2.186129170237109
Rewired 107,863,10530,1,107,100,133,73,27,0.9999999669380486,1.7730635217158124
Rewired 107,864,11390,1,108,107,129,79,28,1.0000000544823706,1.6929584932513535
Rewired 107,865,10039,1,108,74,83,53,21,1.0000000265426934,1.0060564859304577
Rewired 107,866,10134,1,108,65,79,45,20,0.9999999860301614,0.9589065809268504
Rewired 107,867,10321,1,108,70,87,48,22,1.000000026077032,1.0645224140025675
Rewired 107,868,10522,1,108,67,89,48,19,1.0000000367872417,1.1536964407423511
Rewired 107,869,11703,1,108,68,83,47,21,1.0000000121071935,1.0081912528257817
Rewired 107,870,13283,1,108,62,75,44,18,0.999999956227839,0.8650706927292049
Rewired 107,871,12057,1,108,66,74,45,21,1.0000000018626451,1.0099507620325312
Rewired 107,872,10429,1,109,68,84,46,22,0.9999999655410647,1.051346875494346
Rewired 107,873,520916,1,109,70,83,47,23,1.0000000232830644,1.0556269814260304
Rewired 107,874,11050,1,109,125,141,93,32,0.9999999608844519,1.8615629583364353
Rewired 107,875,11761,1,109,128,147,92,36,1.0000000391155481,1.7681831275112927
Rewired 107,876,10408,1,109,66,96,48,18,0.9999999771825969,1.097197097958997
Rewired 107,877,11583,1,109,65,91,46,19,0.999999993480742,0.9376482137013227
Rewired 107,878,16648,1,109,95,113,76,19,0.9999999720603228,1.3213976612314582
Rewired 107,879,18049,1,109,99,121,78,21,0.9999999941792339,1.510324186179787
Rewired 107,880,11143,1,110,71,81,48,23,0.9999999613501132,0.9505618689581752
Rewired 107,881,11521,1,110,66,87,48,18,1.000000009080395,1.027162990765646
Rewired 107,882,10736,1,110,57,64,43,14,0.9999999664723873,0.8347321776673198
Rewired 107,883,14437,1,110,104,127,79,25,0.9999999643769115,1.6410487166140229
Rewired 107,884,19845,1,110,105,132,81,24,0.9999999683350325,1.677233530441299
Rewired 107,885,10262,1,110,126,150,88,38,1.0000000102445483,2.0088459205580875
Rewired 107,886,11229,1,110,122,150,85,37,0.9999999646097422,1.8972240865696222
Rewired 107,887,11567,1,110,59,103,20,39,0.9999999832361937,1.3063264220254496
Rewired 107,888,520792,-1,111,42,61,17,25,1.0000000204890966,0.8722561795730144
Rewired 107,889,531583,-1,111,58,94,23,35,1.0000000218860805,1.558495857520029
Rewired 107,890,13062,1,111,56,85,14,42,1.0000000069849193,1.2137974296929315
Rewired 107,891,519420,1,111,79,100,27,52,1.0000000153668225,1.3015447668731213
Rewired 107,892,11667,-1,111,16,25,7,9,1.0000000186264515,0.3418926316080615
Rewired 107,893,523938,-1,111,18,29,7,11,0.9999999888241291,0.31334716035053134
Rewired 107,894,10529,-1,111,30,50,13,17,1.0000000018626451,0.5113650993444026
Rewired 107,895,532747,-1,111,33,49,14,19,0.9999999906867743,0.6504546790383756
Rewired 107,896,10684,-1,112,28,51,10,18,1.0000000074505806,0.632081174524501
Rewired 107,897,11249,-1,112,35,53,8,27,0.9999999739229679,0.6839514377061278
Rewired 107,898,10598,-1,112,23,28,7,16,0.999999986961484,0.3084041441325098
Rewired 107,899,10709,1,112,42,56,4,38,0.9999999972060323,0.6611661757342517
Rewired 107,900,11419,-1,112,52,98,32,20,0.9999999608844519,1.4296285409945995
Rewired 107,901,532198,-1,112,25,55,9,16,0.9999999739229679,1.1641814711038023
Rewired 107,902,10371,-1,112,5,9,3,2,0.9999999850988388,0.116909041069448
Rewired 107,903,10691,-1,112,10,11,6,4,1.0000000447034836,0.12949236668646336
Rewired 107,904,10498,1,113,77,89,23,54,0.9999999990686774,1.0143433574121445
Rewired 107,905,12079,1,113,101,105,45,56,0.9999999827705324,1.532395729329437
Rewired 107,906,10473,-1,113,151,180,122,29,1.0000000112922862,2.233068330679089
Rewired 107,907,523591,-1,113,147,179,122,25,0.9999999714782462,2.9056958474684507
Rewired 107,908,11975,1,113,94,110,77,17,0.9999999979045242,1.3086035320302472
Rewired 107,909,11992,1,113,89,104,78,11,1.000000036554411,1.2932265794370323
Rewired 107,910,10140,1,113,103,115,84,19,1.0000000086147338,1.5685069068567827
Rewired 107,911,10463,1,113,97,104,77,20,0.9999999899882823,1.3371877016033977
Rewired 107,912,10632,1,114,91,103,74,17,1.0000000374857336,1.148344359593466
Rewired 107,913,10905,1,114,94,105,76,18,0.9999999688006938,1.4575169067829847
Rewired 107,914,11099,1,114,89,105,73,16,1.0000000107102096,1.5077853358816355
Rewired 107,915,11244,1,114,95,107,81,14,0.999999966006726,1.4620815487578511
Rewired 107,916,11262,1,114,96,105,77,19,1.0000000328291208,1.1373914296273142
Rewired 107,917,11281,1,114,90,105,79,11,0.9999999664723873,1.3696332513354719
Rewired 107,918,11289,1,114,95,105,80,15,1.0000000419095159,1.4150184942409396
Rewired 107,919,11292,1,114,92,104,75,17,0.9999999653082341,1.3088171649724245
Rewired 107,920,11400,1,115,95,104,76,19,1.000000023515895,1.4837362996768206
Rewired 107,921,11478,1,115,92,105,80,12,1.0000000160653144,1.3440399321261793
Rewired 107,922,11501,1,115,92,104,80,12,1.0000000158324838,1.2951318232808262
Rewired 107,923,11523,1,115,92,104,76,16,0.9999999573919922,1.356192292412743
Rewired 107,924,11531,1,115,92,101,74,18,0.999999983003363,1.1941352672874928
Rewired 107,925,11620,1,115,92,105,79,13,1.0000000395812094,1.238811501301825
Rewired 107,926,11725,1,115,91,106,79,12,1.000000046333298,1.4365859357640147
Rewired 107,927,11736,1,115,95,104,81,14,1.0000000225845724,1.251112098339945
Rewired 107,928,11744,1,116,92,105,80,12,0.9999999739229679,1.4950883421115577
Rewired 107,929,11783,1,116,90,103,73,17,0.9999999578576535,1.4317913956474513
Rewired 107,930,11828,1,116,95,105,81,14,1.0000000356230885,1.5160150839947164
Rewired 107,931,11870,1,116,92,102,76,16,0.9999999548308551,1.2085475616622716
Rewired 107,932,11922,1,116,92,105,80,12,0.9999999583233148,1.4776794146746397
Rewired 107,933,12111,1,116,94,106,81,13,0.9999999948777258,1.7641529311658815
Rewired 107,934,12338,1,116,93,102,76,17,0.9999999804422259,1.4697779442649335
Rewired 107,935,23401,1,116,92,105,75,17,0.9999999988358468,1.2931430663447827
Rewired 107,936,520002,1,117,94,106,81,13,1.000000041211024,1.22379230405204
Rewired 107,937,521935,1,117,91,105,75,16,0.9999999632127583,1.4706303843995556
Rewired 107,938,524238,1,117,92,103,80,12,1.0000000060535967,1.344329769955948
Rewired 107,939,529429,1,117,95,104,77,18,1.0,1.437521419255063
Rewired 107,940,10096,0,117,94,0,77,17,0.9999999767169356,0.0
Rewired 107,941,10254,0,117,97,0,82,15,0.9999999948777258,0.0
Rewired 107,942,10456,0,117,97,0,84,13,1.0000000023283064,0.0
Rewired 107,943,10459,0,117,96,0,77,19,1.0000000277068466,0.0
Rewired 107,944,10133,-1,118,92,107,74,18,1.0000000391155481,1.5694889503065497
Rewired 107,945,10169,-1,118,96,107,82,14,0.9999999834690243,1.5600801950786263
Rewired 107,946,10376,-1,118,93,107,76,17,1.0000000011641532,1.3862251958344132
Rewired 107,947,10515,-1,118,95,107,81,14,1.000000026775524,1.3197611921932548
Rewired 107,948,11603,-1,118,78,84,66,12,1.0000000046566129,1.4012007652781904
Rewired 107,949,17325,-1,118,85,89,69,16,1.0000000400468707,1.1819856236688793
Rewired 107,950,19921,-1,118,73,80,56,17,0.9999999767169356,1.183737117331475
Rewired 107,951,22276,-1,118,79,82,64,15,0.9999999832361937,1.1208134160842746
Rewired 107,952,23854,-1,119,82,82,70,12,0.9999999739229679,1.5829959410475567
Rewired 107,953,35196,-1,119,80,78,62,18,0.9999999823048711,1.3308695838786662
Rewired 107,954,918582,-1,119,80,86,66,14,1.0000000384170562,1.273157962365076
Rewired 107,955,18165,-1,119,81,89,64,17,1.0000000125728548,1.0291148219257593
Rewired 107,956,18730,-1,119,82,97,67,15,0.9999999722931534,1.4528322017285973
Rewired 107,957,19767,-1,119,88,93,71,17,1.0000000074505806,1.346881148405373
Rewired 107,958,20402,-1,119,83,85,65,18,1.0000000037252903,0.964549420401454
Rewired 107,959,18016,-1,119,85,94,75,10,0.9999999543651938,1.2603707751259208
Rewired 107,960,18726,-1,120,81,92,67,14,0.9999999743886292,1.2403583528939635
Rewired 107,961,20581,-1,120,80,88,66,14,0.9999999953433871,1.1388400732539594
Rewired 107,962,21567,-1,120,83,88,72,11,1.0000000018626451,1.1723753962432966
Rewired 107,963,22166,-1,120,82,89,68,14,1.0000000214204192,1.2403915980830789
Rewired 107,964,22243,-1,120,82,97,67,15,0.9999999813735485,1.28257941827178
Rewired 107,965,28406,-1,120,85,97,69,16,0.9999999799765646,1.3830872400430962
Rewired 107,966,267437,-1,120,85,89,75,10,0.9999999776482582,1.1747833206318319
Rewired 107,967,551294,-1,120,83,92,72,11,0.9999999450519681,1.1249077313113958
Rewired 107,968,10397,1,121,91,103,74,17,0.9999999701976776,1.3295750048710033
Rewired 107,969,10929,1,121,89,102,77,12,0.999999969266355,1.0769829241326079
Rewired 107,970,10942,1,121,94,107,79,15,0.9999999958090484,1.247889697086066
Rewired 107,971,520787,1,121,91,104,74,17,1.000000027823262,1.2555462513118982
Rewired 107,972,532655,1,121,91,104,74,17,1.0000000067520887,1.3786106683546677
Rewired 107,973,13431,1,121,88,102,71,17,1.0000000167638063,1.1045571111608297
Rewired 107,974,14243,1,121,88,102,69,19,1.0000000121071935,1.3544486481696367
Rewired 107,975,16460,1,121,101,127,79,22,1.0000000074505806,1.4769612548407167
Rewired 107,976,67052,1,122,88,103,74,14,1.0000000055879354,1.3126739806029946
Rewired 107,977,10201,1,122,93,102,77,16,0.9999999573919922,1.3691199750173837
Rewired 107,978,10650,1,122,87,97,73,14,0.9999999604187906,1.0342313044238836
Rewired 107,979,11517,1,122,92,100,73,19,0.9999999837018549,1.2791475290432572
Rewired 107,980,527470,1,122,91,99,71,20,1.0000000351574272,1.2328892671503127
Rewired 107,981,11399,0,122,86,0,69,17,0.9999999846331775,0.0
Rewired 107,982,11556,0,122,92,0,73,19,0.9999999883584678,0.0
Rewired 107,983,11788,0,122,80,0,66,14,0.9999999923165888,0.0
Rewired 107,984,519242,0,123,90,0,72,18,0.9999999990686774,0.0
Rewired 107,985,11294,1,123,100,119,80,20,1.0000000270083547,1.5974634154699743
Rewired 107,986,11359,1,123,97,107,77,20,0.9999999781139195,1.4631483179982752
Rewired 107,987,11379,1,123,96,106,81,15,1.0000000265426934,1.3965226132422686
Rewired 107,988,12354,1,123,111,126,93,18,1.0000000160653144,1.6914276411989704
Rewired 107,989,11342,1,123,92,105,79,13,1.000000013038516,1.2367698649177328
Rewired 107,990,23477,1,123,92,102,75,17,1.0000000167638063,1.1586556821130216
Rewired 107,991,530777,1,123,95,105,81,14,0.9999999632127583,1.2123201035428792
Rewired 107,992,555318,1,124,94,107,77,17,1.000000017695129,1.3395570367574692
Rewired 107,993,11837,1,124,95,105,76,19,1.0000000186264515,1.3277239142917097
Rewired 107,994,11914,1,124,89,103,77,12,0.999999986961484,1.4323473176918924
Rewired 107,995,11991,1,124,92,104,75,17,1.0000000041909516,1.5150570300174877
Rewired 107,996,11993,1,124,93,108,80,13,0.9999999646097422,1.5051910943584517
Rewired 107,997,11345,1,124,91,105,79,12,0.999999972525984,1.3532800928223878
Rewired 107,998,11594,1,124,91,106,74,17,0.9999999837018549,1.6482212240807712
Rewired 107,999,11952,1,124,92,106,75,17,1.0000000153668225,1.390614943113178
Rewired 107,1000,12320,1,125,87,106,76,11,0.9999999674037099,1.449938504723832
Rewired 107,1001,12717,1,125,93,105,75,18,1.0,1.2490319609642029
Rewired 107,1002,12977,1,125,90,103,73,17,1.0000000323634595,1.0783495923969895
Rewired 107,1003,12994,1,125,91,104,76,15,1.0000000279396772,1.2413898885715753
Rewired 107,1004,14161,1,125,91,104,74,17,1.0000000074505806,1.4058376089669764
Rewired 107,1005,192978,1,125,91,103,80,11,1.000000051688403,1.4680285609792918
Rewired 107,1006,247232,1,125,86,102,76,10,0.99999999278225,1.194459643564187
Rewired 107,1007,521158,1,125,90,106,79,11,0.9999999711290002,1.2256024003727362
Rewired 107,1008,524208,1,126,90,104,80,10,0.9999999753199518,1.2104283664375544
Rewired 107,1009,11741,-1,126,61,78,39,22,0.9999999552965164,1.0506419993471354
Rewired 107,1010,33047,-1,126,57,77,38,19,1.0000000605359674,1.1211518251802772
Rewired 107,1011,10057,-1,126,86,102,42,44,0.9999999585561454,1.3956706135068089
Rewired 107,1012,10457,-1,126,69,122,32,37,0.9999999860301614,1.6973602802027017
Rewired 107,1013,10097,-1,126,154,213,85,69,1.0000000048894435,3.3073138806503266
Rewired 107,1014,10138,-1,126,143,200,86,57,1.0000000279396772,2.756145569146611
Rewired 107,1015,10217,1,126,51,46,25,26,0.9999999571591616,0.5184218641370535
Rewired 107,1016,512580,1,127,56,47,24,32,0.9999999478459358,0.5156862761359662
Rewired 107,1017,10666,1,127,67,78,31,36,1.0000000251457095,0.9200063501484692
Rewired 107,1018,12257,1,127,59,81,28,31,0.9999999785795808,0.9383738590404391
Rewired 107,1019,12893,1,127,52,71,17,35,1.000000011175871,0.9842385577503592
Rewired 107,1020,13449,1,127,55,59,20,35,1.000000019557774,0.9283945756033063
Rewired 107,1021,11546,0,127,80,0,61,19,1.0000000135041773,0.0
Rewired 107,1022,11722,0,127,84,0,69,15,0.9999999743886292,0.0
Rewired 107,1023,521581,-1,127,39,57,29,10,0.9999999701976776,0.8144911306444556
