condition,time_seconds,x_mm,y_mm,z_mm,yaw_rad,contacts
symmetric,0.0,0.0,0.0,0.0,0.0,14
symmetric,0.001,0.002500480022554985,0.00026918999408635704,-0.002824542736269864,0.00023810424053960486,8
symmetric,0.0020000000000000005,0.008831992550218493,0.0014426314144592204,-0.010521669800164668,0.0012708040610764962,9
symmetric,0.0030000000000000005,0.01839923366117857,0.0034008212267502237,-0.021323828905791764,0.0030538839099563497,9
symmetric,0.004,0.030378699880138083,0.006176693890647109,-0.033849966246105145,0.005624754967816605,6
symmetric,0.005,0.04400338047303587,0.00978092728528005,-0.04701074986329745,0.0089969476163859,6
symmetric,0.006,0.05878091196140234,0.014084915485870495,-0.05986932744253903,0.01309965761374635,7
symmetric,0.007,0.07448628151982495,0.01872623998593914,-0.07171489657606678,0.017636452474885905,8
symmetric,0.008,0.09090507865377007,0.023408678824474147,-0.08222502213389093,0.022371991235503978,8
symmetric,0.009000000000000001,0.10772419682121381,0.027778757773192837,-0.09131215982967156,0.026932361654766774,7
symmetric,0.010000000000000002,0.12459263891196581,0.03155888359332037,-0.09906578002240796,0.03103003831557419,6
symmetric,0.011000000000000001,0.14112323421388562,0.03469681325507506,-0.10569176620176202,0.03450764189343862,5
symmetric,0.012000000000000002,0.15724034577236023,0.037714203844642524,-0.11180639161612982,0.037932321755711935,6
symmetric,0.013000000000000001,0.17275418567660716,0.04040209458284655,-0.11750562687164878,0.04100103441729972,7
symmetric,0.014000000000000002,0.1872729240870834,0.0421555974288356,-0.12243719919467577,0.042983473310491745,6
symmetric,0.015000000000000001,0.20047510525884138,0.042715886917704074,-0.12632455049750724,0.04362922262206108,7
symmetric,0.016,0.21206193459049438,0.04212640998135469,-0.1287702648535256,0.0430871177599597,7
symmetric,0.017,0.22193912775269398,0.0405594867007185,-0.1296424849769915,0.04169879225468873,6
symmetric,0.018000000000000002,0.23009270406300952,0.03794799516272642,-0.12919044180229555,0.039700504788212534,7
symmetric,0.019000000000000003,0.23631359213919867,0.03300180930897686,-0.12853756434313524,0.036845423849154346,6
symmetric,0.02,0.24125840722952407,0.02588417607173116,-0.12835899961295372,0.03322063608532737,5
symmetric,0.021,0.24574277949290912,0.01774244894161474,-0.12926284133043597,0.02948637175626408,6
symmetric,0.022000000000000002,0.2501581457809634,0.00975587560085311,-0.13142639258426825,0.026514539644033653,5
symmetric,0.023000000000000003,0.25490633137300145,0.002026947726711522,-0.13490781924416773,0.024482685370568934,5
symmetric,0.024,0.26018934415056805,-0.005429104503040322,-0.13951208638213464,0.023398549060385847,8
symmetric,0.025,0.2659513870534038,-0.012685796665699087,-0.14493379717141175,0.023052873755519513,5
symmetric,0.026000000000000002,0.27190228052615095,-0.020113238522579596,-0.15085768743630057,0.02294701629652846,12
symmetric,0.027000000000000003,0.27771174173941704,-0.027974664693561573,-0.1572619739712322,0.022632673262820303,9
symmetric,0.028,0.28310706241861383,-0.036293535669771,-0.1640032548535575,0.021855264333247935,7
symmetric,0.029,0.2876348634524607,-0.045040166753539154,-0.1707948717460197,0.02031557424486708,6
symmetric,0.030000000000000002,0.2904510321631735,-0.054474869246897775,-0.17775460267763632,0.017426049829350133,12
symmetric,0.031000000000000003,0.2912591820100632,-0.06415888740549869,-0.18460531807115466,0.01320173720150507,5
symmetric,0.032,0.29116791290998334,-0.07245023706337608,-0.1899931225660566,0.008604634364154186,8
symmetric,0.033,0.292020501832418,-0.0783062806952256,-0.19329728838700344,0.004288004270852203,7
symmetric,0.033999999999999996,0.2951610106853144,-0.08120973335482257,-0.19427701243315043,0.0007497081183579034,7
symmetric,0.034999999999999996,0.30125192993804206,-0.08099992466412757,-0.19304716329447502,-0.0016943229275945778,6
symmetric,0.036,0.3101991458272211,-0.07762257002226948,-0.1897345925217363,-0.0029305421669835827,6
symmetric,0.037,0.32143664139725203,-0.0712517242916567,-0.18450291221406245,-0.0030223527894691357,6
symmetric,0.038,0.33420643539062167,-0.06219495287686711,-0.1777434527478733,-0.002190674287847693,6
symmetric,0.039,0.3471016163334394,-0.04838826214881176,-0.17158007060919567,0.0009123809708992878,4
symmetric,0.04,0.3593095660522081,-0.030760769323080483,-0.16704386595303666,0.00531424835527267,7
symmetric,0.041,0.3713483414012292,-0.0135785600585577,-0.1639166908397146,0.008571182440007919,6
symmetric,0.042,0.3836427593398354,0.0010553750519699243,-0.16179496188746723,0.010083618857711443,3
symmetric,0.043,0.3965005011879439,0.012857377462969062,-0.15938824932786055,0.010165443227507825,4
symmetric,0.044,0.41001940013942784,0.02171535621928689,-0.15588628910915703,0.009174177552393338,5
symmetric,0.045,0.4237146802488776,0.027481680010519,-0.15022378082780552,0.007529501457707804,6
symmetric,0.046,0.43706850158834487,0.0305162691897798,-0.14238330368489605,0.005711112920047639,9
symmetric,0.047,0.44966213028475166,0.03154027679604743,-0.13314939976107332,0.004232661638888964,5
symmetric,0.048,0.4611016263966663,0.031339388463712856,-0.1236857116963539,0.003518470279113256,5
symmetric,0.049,0.47099976758840856,0.03050280453651363,-0.11498887001508318,0.0037772424437789586,4
symmetric,0.05,0.4791391626644439,0.02944010618458379,-0.10787309617956131,0.005043027301524032,7
symmetric,0.051,0.48564337986273043,0.028491386510557205,-0.1031527973337465,0.007242955324324826,5
symmetric,0.052,0.4909170379528307,0.027957263914027863,-0.10146080901669441,0.010215001684054866,7
symmetric,0.053,0.49537305348503824,0.02797055749724776,-0.10327836307048788,0.013709048744214811,5
symmetric,0.054,0.4996880047670704,0.028759747986089282,-0.10842674346793824,0.01753654853911581,7
symmetric,0.055,0.5044746574094436,0.030594804108266985,-0.11617655432925211,0.02159143610336454,5
symmetric,0.056,0.5101084513707252,0.03369354245813071,-0.12536695570481138,0.025809672243513444,7
symmetric,0.057,0.5166655213183586,0.03789348313015508,-0.1344331142205808,0.02996366771203834,8
symmetric,0.058,0.5241382623106523,0.041512074748334175,-0.14095730156142583,0.03397940498713305,8
symmetric,0.059,0.5322862449560242,0.04416388552355452,-0.1442458986461459,0.03805721564242184,9
symmetric,0.06,0.5407300732382314,0.0451572922924969,-0.14423325744648707,0.04224184570605958,9
symmetric,0.061,0.5491825207616656,0.04437752990079939,-0.141690557864675,0.04673689066762611,10
symmetric,0.062,0.5574765991327457,0.040468570082857765,-0.1370177307553191,0.04996136678029861,8
symmetric,0.063,0.5656345270473153,0.03168343062416409,-0.13039404148810596,0.048817129506993025,5
symmetric,0.064,0.5733815516471128,0.021070695372932626,-0.12455935044570166,0.04475982605934311,6
symmetric,0.065,0.580081346305868,0.010518141345492865,-0.12135736911680595,0.039329703668259504,5
symmetric,0.066,0.5854107171311855,0.0017695422504540258,-0.12141357870312364,0.03435536116264951,5
symmetric,0.067,0.5893661622358688,-0.0035952394618985676,-0.12517428299266276,0.03131703073995498,6
symmetric,0.068,0.5916193379856944,-0.004375139888826767,-0.13259551587152618,0.03146631687463293,6
symmetric,0.069,0.5945747044595038,-0.0010644341546729168,-0.14168449716011544,0.03447858932728053,4
symmetric,0.07,0.6009893658886774,0.004863094347654916,-0.1499432917635506,0.0392689463329361,7
symmetric,0.071,0.6102911057254694,0.012942167806555141,-0.15743317107259736,0.045139712807560184,7
symmetric,0.072,0.6218569555268756,0.02242144567320478,-0.16434359120586473,0.05093635258765826,5
symmetric,0.073,0.6351875551540476,0.03284823678410647,-0.1708509241319528,0.05581141768519949,4
symmetric,0.074,0.6502822588071508,0.044718307829322394,-0.17776206690276108,0.0600589625936007,6
symmetric,0.075,0.6671758693847831,0.05718934238156037,-0.18512030662276469,0.06299388493020174,6
symmetric,0.076,0.6858035560647429,0.0691329174774269,-0.19283888879886257,0.06420757426934051,8
symmetric,0.077,0.7059167229380328,0.0798939425386254,-0.20066046360460932,0.06388712747962853,10
symmetric,0.078,0.7269939251849229,0.08851278336145235,-0.2081836876485662,0.06191150736017492,10
symmetric,0.079,0.7483369987895803,0.0944943027505506,-0.21460244177286203,0.05827733876468217,8
symmetric,0.08,0.769159460083827,0.09796654898433212,-0.21942891047046298,0.053263036331728464,8
symmetric,0.081,0.7888860944642486,0.09928371122748553,-0.22276741736568895,0.04690744539964486,8
symmetric,0.082,0.8069442516916274,0.0994463101774482,-0.22470536432026134,0.03968796191375007,6
symmetric,0.083,0.8237272269589178,0.09871115957275664,-0.22619207522673257,0.03272033983097885,4
symmetric,0.084,0.8394650088951616,0.09764479379555821,-0.2259067913171986,0.0285153988618044,4
symmetric,0.085,0.8544533575386275,0.09821147367452383,-0.22305870030226826,0.029169457496294,8
symmetric,0.08600000000000001,0.8692188518653239,0.1014844925456154,-0.2185283721828415,0.03580587910363112,5
symmetric,0.08700000000000001,0.8846335632279589,0.10774747040962639,-0.2142533835108138,0.04844591360162993,4
symmetric,0.088,0.9015739518230961,0.11627250909722978,-0.2124611410080255,0.06613220990985694,5
symmetric,0.089,0.9204910313130061,0.12540354605172307,-0.2152490370343053,0.0864624103260063,5
symmetric,0.09,0.941735622609752,0.13273558353405254,-0.22354263615657266,0.10588382320806781,5
symmetric,0.091,0.9652893077256137,0.1364479764255333,-0.23760691566762593,0.12185086991048495,6
symmetric,0.092,0.9908562868377411,0.1352988751791924,-0.2569159582827947,0.13233577495069776,4
symmetric,0.093,1.0178380454600815,0.12915204351874868,-0.2811250162436092,0.13681476432659906,5
symmetric,0.094,1.0453385178580021,0.1185808542674033,-0.3100931385082447,0.13603339876546097,6
symmetric,0.095,1.0721851553487032,0.10401095281879845,-0.34350538245538575,0.13101174705527976,6
symmetric,0.096,1.0973882253785787,0.08580624720184388,-0.3807416373299507,0.12295234714013369,5
symmetric,0.097,1.1196539750098058,0.0643558817161275,-0.4208960877995642,0.11273711408472724,5
symmetric,0.098,1.137479008828924,0.04084985250943436,-0.4581500587420132,0.10091370374471612,4
symmetric,0.099,1.150932393622566,0.017349388482216926,-0.4883318994675293,0.08807196829090509,7
symmetric,0.1,1.1604732357152336,-0.004990962657360072,-0.5092285981959077,0.07431363694861669,6
symmetric,0.101,1.1663312233709437,-0.025703803773233943,-0.5201389234122831,0.05888546498112042,8
symmetric,0.10200000000000001,1.1687326886097211,-0.0432924888026581,-0.5218164940054092,0.04224656294967003,7
symmetric,0.10300000000000001,1.1681750531261135,-0.0566944479014465,-0.515814900409381,0.02578789610488105,5
symmetric,0.104,1.1661210404631215,-0.06509242142990686,-0.5037419379416405,0.011418454519505173,7
symmetric,0.105,1.1641553302843413,-0.06920594722857279,-0.4870662085780102,-0.00024968598356469695,14
symmetric,0.106,1.1641546179509512,-0.07039955718455458,-0.4673956998385206,-0.009183623581657504,9
symmetric,0.107,1.167254829727346,-0.06869828279849745,-0.44740588465936837,-0.01556515837521126,10
symmetric,0.108,1.1731680946520833,-0.06501940586978257,-0.4298924784852871,-0.02090665339345509,9
symmetric,0.109,1.1798372381708255,-0.06058314095771285,-0.4157647448776869,-0.0263149872970165,9
symmetric,0.11,1.1855032738343174,-0.05609098311221177,-0.4048698925836488,-0.032279354032610244,8
symmetric,0.111,1.1890976042579213,-0.051752625058391,-0.3964570239753974,-0.03890196702734379,7
symmetric,0.112,1.1904437377804622,-0.046990775392406266,-0.38870347816066164,-0.04557827723207352,8
symmetric,0.113,1.189945058732261,-0.04054070245459239,-0.3785469166537936,-0.05139548582348589,7
symmetric,0.114,1.1972770710127134,-0.029473337822723863,-0.3578159964204598,-0.05498156760469141,6
symmetric,0.115,1.2123882961623997,-0.015383067337723181,-0.3274448554284626,-0.058588404948523354,5
symmetric,0.116,1.2307840703501491,0.0005349714982662514,-0.29231558993694207,-0.06263093442178105,7
symmetric,0.117,1.249124459460478,0.01911049235840201,-0.25719707636944333,-0.0650538262135548,3
symmetric,0.11800000000000001,1.2656814688965619,0.04138727490968176,-0.22526950043901228,-0.06390269699402126,4
symmetric,0.11900000000000001,1.2799884476929733,0.06706424630225792,-0.198200825526196,-0.05872842951538272,3
symmetric,0.12000000000000001,1.2926774619807353,0.09484295799796678,-0.1760148310169698,-0.050143250432803835,3
symmetric,0.121,1.3047415982962765,0.12315428706785653,-0.157847864995875,-0.03931735039073792,4
symmetric,0.122,1.3170333761894961,0.15053360810829258,-0.1426716716644194,-0.027817009461840295,2
symmetric,0.123,1.3300513327711485,0.17571776778662485,-0.12968561422222202,-0.017005284848626782,3
symmetric,0.124,1.3439626947660817,0.19759841524408778,-0.11860865185324965,-0.008094607265954979,2
symmetric,0.12500000000000003,1.358683330913306,0.2155123799993094,-0.1091614196534525,-0.0019013980403714045,2
symmetric,0.12600000000000003,1.3739196733735077,0.2293208976489922,-0.10105822961102762,0.0014109056634842398,4
symmetric,0.12700000000000003,1.389145584854724,0.23902573690285656,-0.09413090039182825,0.001917916438141011,4
symmetric,0.12800000000000003,1.4038540707618663,0.24516511096066834,-0.08802649296014597,0.0004164298428926244,3
symmetric,0.129,1.417800028435499,0.24902752437029116,-0.08213942420780818,-0.0013273484042473985,4
symmetric,0.13,1.4311281921471428,0.25035093128847324,-0.07708277842600797,-0.0016453099134115718,7
symmetric,0.131,1.444040183567335,0.25017266151914114,-0.07334013358734937,0.0014527759220885734,7
symmetric,0.132,1.4560942355015736,0.24905887174205646,-0.07042877139542969,0.008007465935856252,7
symmetric,0.133,1.4671014318969728,0.24682188587283,-0.06834940943613699,0.017152783912261663,7
symmetric,0.134,1.4760187822964954,0.24346010077374589,-0.06654449347104197,0.027572471890080455,9
symmetric,0.135,1.4819112025395564,0.239805631486711,-0.0638768040876172,0.03827529169719623,9
symmetric,0.136,1.4850695330030956,0.23601001274289493,-0.06151654364635184,0.04840073036364484,9
symmetric,0.137,1.4865871236290213,0.2326010685080941,-0.06043066653573059,0.057469437058761806,9
symmetric,0.138,1.4877709262546426,0.23048106471115049,-0.06109783884747988,0.06532540827986527,10
symmetric,0.139,1.4896196572313638,0.22935924466424004,-0.06214020883451443,0.07178872396925871,10
symmetric,0.14,1.4931526695628863,0.2295081534359752,-0.06309184395878864,0.07701002179299243,10
symmetric,0.14100000000000001,1.4988147800061582,0.23181540697850153,-0.06407605387986814,0.08158770929663266,11
symmetric,0.14200000000000002,1.5065944997462406,0.23715993751705353,-0.06524517575511735,0.08617993803461563,11
symmetric,0.14300000000000002,1.5161255853579525,0.2464067409189051,-0.06662892737760906,0.09137552196025182,11
symmetric,0.14400000000000002,1.5266850407099049,0.25959799665926914,-0.06770989539912775,0.09748980088015315,11
symmetric,0.14500000000000002,1.5376188235046433,0.27651985431663434,-0.06857257634770786,0.1048585235103274,10
symmetric,0.14600000000000002,1.5482232070935065,0.29612207933481105,-0.06990893820516364,0.11340310852407495,9
symmetric,0.14700000000000002,1.5572870844270752,0.3163542653671622,-0.07233164092412303,0.12218580878919703,10
symmetric,0.14800000000000002,1.5637091279092221,0.33553272444824567,-0.07645557651459578,0.13064400721636998,10
symmetric,0.14900000000000002,1.5668074676144368,0.3519764480237263,-0.0831164082413327,0.1383206226489635,8
symmetric,0.15000000000000002,1.5670380161537842,0.36515948932881376,-0.09341045234343137,0.14518587706395364,6
symmetric,0.15100000000000002,1.5671684599498565,0.3767431713009057,-0.10681722728891407,0.15215413791123875,4
symmetric,0.15200000000000002,1.5726090898182101,0.3871463377617931,-0.12091692044531821,0.15920914597321162,5
symmetric,0.15300000000000002,1.5840679081636648,0.39705106205350993,-0.13592382845229944,0.1657981155541927,5
symmetric,0.15400000000000003,1.60117276994397,0.4058029442398102,-0.15121421897595688,0.1696488602064248,7
symmetric,0.15500000000000003,1.6226306907550598,0.41317235532962515,-0.16557578177243382,0.16936179359761055,7
symmetric,0.15600000000000003,1.6466687837832326,0.4198511798916193,-0.17700992614717836,0.16517044675280323,7
symmetric,0.15700000000000003,1.671880043661687,0.42563505610253266,-0.184596272274415,0.15751384355853548,10
symmetric,0.15800000000000003,1.6971196344041295,0.430631638754418,-0.18822289032701323,0.14771509520867185,8
symmetric,0.15900000000000003,1.7215289646102878,0.43503466953690856,-0.18857590434705884,0.13727366742827352,7
symmetric,0.16000000000000003,1.7445847541635287,0.4390456765090198,-0.1876248301098623,0.12766861479594302,6
symmetric,0.16100000000000003,1.7658146964343588,0.442749661218928,-0.1869146631876346,0.11973825372933382,5
symmetric,0.162,1.7850857467877463,0.4457651918494059,-0.18829286284983704,0.11339612038918567,5
symmetric,0.163,1.8020955426545382,0.44784513493590494,-0.1926788071513651,0.10857155034784526,4
symmetric,0.164,1.8164638431116624,0.448713897226658,-0.20076173574168832,0.10106855894596993,6
symmetric,0.165,1.8273956570135996,0.4476029786180054,-0.21198921069839283,0.0865066839192761,6
symmetric,0.166,1.8362012812371873,0.44732077596075576,-0.22438736384431224,0.06799800589222041,6
symmetric,0.167,1.8445264380976,0.44951019461726205,-0.23696800978048305,0.04847137463334507,6
symmetric,0.168,1.8537756720309382,0.4545496917779639,-0.24890261639953104,0.029674439333239537,7
symmetric,0.169,1.863407289571866,0.46214788583233607,-0.25566839732381774,0.014113937890855105,6
symmetric,0.17,1.874483997277201,0.47183836750206753,-0.2528920427802511,0.0038753096668605663,4
symmetric,0.171,1.8881135704433687,0.48227914951229356,-0.24113133623176786,-0.0007981050462577643,6
symmetric,0.17200000000000001,1.9046215551032053,0.49198633719188467,-0.22284023124624575,-0.00028378238417231684,7
symmetric,0.17300000000000001,1.9239000061029405,0.4994069593844002,-0.20151620391394431,0.0043191688615762825,6
symmetric,0.17400000000000002,1.9453835636670118,0.5034455900901438,-0.1805556273070026,0.011662611032753945,3
symmetric,0.17500000000000002,1.9684390772432736,0.5031052273300074,-0.1624391883349402,0.019776515277264744,5
symmetric,0.17600000000000002,1.9918791957975626,0.49832929372706064,-0.14869686142743954,0.027326666974111607,6
symmetric,0.17700000000000002,2.0142193452493657,0.4898342842479532,-0.13992529415143085,0.03349555515876556,6
symmetric,0.17800000000000002,2.034368421463885,0.47879022443988817,-0.13626781898823315,0.037664165200061835,4
symmetric,0.17900000000000002,2.0515174551162425,0.46639050532067705,-0.13747768261375493,0.03935228650909434,7
symmetric,0.18000000000000002,2.065227834302553,0.45337665659793347,-0.1415972959675882,0.03826002117237877,6
symmetric,0.18100000000000002,2.076160610740254,0.44040493774294875,-0.14671129312309783,0.03415800399700933,6
symmetric,0.18200000000000002,2.08540646962881,0.4277207403915749,-0.15143143994190367,0.026796107667657405,8
symmetric,0.18300000000000002,2.0932726765477683,0.4156216227022553,-0.1548966249238557,0.0167366661023274,10
symmetric,0.18400000000000002,2.1000754060827487,0.404738592403405,-0.1570153529713536,0.005157697945031303,12
symmetric,0.18500000000000003,2.1062461676351956,0.39585019096152985,-0.15759230460102636,-0.0069399656038903685,6
symmetric,0.18600000000000003,2.112004293941156,0.38898430515242016,-0.15710932141319267,-0.019094320633878524,6
symmetric,0.18700000000000003,2.1174291123575584,0.3832176151338328,-0.15675200393813582,-0.031088622386622553,13
symmetric,0.18800000000000003,2.1229101168641713,0.3778747064934842,-0.15671697918650662,-0.04293398989148819,7
symmetric,0.18900000000000003,2.1294788880419193,0.37233967161600273,-0.15608680914842044,-0.054496612351190375,12
symmetric,0.19000000000000003,2.1387278104471372,0.3690038585419309,-0.15432630467746433,-0.06098927813314941,10
symmetric,0.19100000000000003,2.1509966537643543,0.3682130880503797,-0.15247009274990808,-0.06026484240260722,4
symmetric,0.19200000000000003,2.1648202991563315,0.367011420835105,-0.1524818032317703,-0.05420323305294537,4
symmetric,0.19300000000000003,2.1779750827928384,0.36227727701064383,-0.1564691895545045,-0.046067602935946556,4
symmetric,0.19400000000000003,2.1884734609045955,0.3513212355100719,-0.1663040090133493,-0.039233962665878856,5
symmetric,0.195,2.1949558268235556,0.33425743271817127,-0.18191746542381648,-0.03489109926270383,7
symmetric,0.196,2.1991891513979014,0.31448969070052496,-0.20179845756093429,-0.0325941290772868,5
symmetric,0.197,2.2095889967435176,0.2958554765390159,-0.21864712781012863,-0.030664158788434502,6
symmetric,0.198,2.2256939202787023,0.2793294989752305,-0.2296250130675025,-0.027317600482695516,7
symmetric,0.199,2.2454812182881043,0.2654263867420394,-0.23386555663871955,-0.023196275799250758,7
symmetric,0.2,2.267352598960693,0.25440031639392574,-0.23065886418266368,-0.018444069368046344,6
symmetric,0.201,2.2904895018786284,0.24554640004282458,-0.22134019270620542,-0.01405583429268968,6
symmetric,0.202,2.3139884572324547,0.23829493825838013,-0.20746135825260248,-0.010392646489902081,6
symmetric,0.203,2.336819977705681,0.23172539245884832,-0.190732329377855,-0.007820840508026857,6
symmetric,0.20400000000000001,2.358285482929894,0.22483045234798915,-0.173267222520066,-0.006661224131525824,5
symmetric,0.20500000000000002,2.378144256819183,0.21685574282433842,-0.1571664408225455,-0.006968209185904091,5
symmetric,0.20600000000000002,2.3965442100970793,0.20739478355738358,-0.14441158581073177,-0.008578174014064794,5
symmetric,0.20700000000000002,2.4140044680767856,0.19661288643351876,-0.13638932284670258,-0.011068937433172105,4
symmetric,0.20800000000000002,2.4312700433990884,0.1852304146931692,-0.1337645246888013,-0.013867071421055395,4
symmetric,0.20900000000000002,2.4491246777337152,0.17419658327058504,-0.13651150964399172,-0.016515804878103134,5
symmetric,0.21000000000000002,2.468102638209886,0.16466930456563036,-0.14384583578280408,-0.01843438558467851,5
symmetric,0.21100000000000002,2.4884551264230814,0.15791049362804563,-0.15409311732134512,-0.018649530308800556,4
symmetric,0.21200000000000002,2.510305675478879,0.15527353071743136,-0.16584125506465097,-0.015627690688395594,4
symmetric,0.21300000000000002,2.533231535060192,0.15664725670020502,-0.17743406429306907,-0.009252988144197083,6
symmetric,0.21400000000000002,2.5562705516639594,0.16112398796019015,-0.1873484716063959,-0.00022655316597559194,6
symmetric,0.21500000000000002,2.5771321371527454,0.16793955583382456,-0.19280986305917025,0.010029907772619622,6
symmetric,0.21600000000000003,2.593868717214564,0.17603882134795815,-0.1903017569623866,0.01924186118208731,6
symmetric,0.21700000000000003,2.6058988322201304,0.18554675709908006,-0.18049010295478984,0.027246167239223535,4
symmetric,0.21800000000000003,2.6128160599532304,0.19717618563776607,-0.16507351854986918,0.03492544074386633,5
symmetric,0.21900000000000003,2.6148153685260027,0.2101392861880626,-0.14616120521801634,0.04297301670889888,6
symmetric,0.22000000000000003,2.6124326736296197,0.22387507522193043,-0.1257939089164919,0.051954601259995736,5
symmetric,0.22100000000000003,2.6063904626838976,0.23849494636221688,-0.10654044187659606,0.0621687696581691,5
symmetric,0.22200000000000003,2.5985300355794463,0.2542018263214964,-0.09013188543729767,0.07353875226151396,5
symmetric,0.22300000000000003,2.5912841507812368,0.27087723361151583,-0.07719688900722765,0.0855174382386579,7
symmetric,0.22400000000000003,2.586735539015325,0.28824230091327746,-0.06780329406627184,0.09739696488981853,7
symmetric,0.22500000000000003,2.5866618400942865,0.3058434739463993,-0.06289805070420296,0.10789724142404823,7
symmetric,0.22600000000000003,2.59178668415842,0.32330169435708317,-0.0629225616831115,0.11635932141367943,6
symmetric,0.22700000000000004,2.601676205287586,0.34002010052058207,-0.06740156034328981,0.12282817769297372,7
symmetric,0.228,2.615108621820938,0.3551674826734756,-0.07530033901495803,0.1277270560256021,5
symmetric,0.229,2.629984708104006,0.3679568011405346,-0.08561492873225873,0.13168410840199576,8
symmetric,0.23,2.644164492364961,0.3786946298880358,-0.09647419115754863,0.13581914244269477,7
symmetric,0.231,2.6559070794506052,0.387951076217857,-0.10604877547459468,0.14095477206910847,8
symmetric,0.232,2.664734866645005,0.39676026051371455,-0.11320668601924466,0.14781539574489008,8
symmetric,0.233,2.6700646131045978,0.40577069196024007,-0.11756374959523974,0.156414092624328,7
symmetric,0.234,2.671162444723297,0.4148119583651987,-0.11981360835572019,0.1659446909424069,7
symmetric,0.23500000000000001,2.6679389203641066,0.4234814194977736,-0.12126111053394295,0.17539834331684426,8
symmetric,0.23600000000000002,2.6676701008870314,0.4304847834056608,-0.12378856867667665,0.18282823085815036,7
symmetric,0.23700000000000002,2.679783239984303,0.4337516072119294,-0.12538584716274648,0.18643744555392963,6
symmetric,0.23800000000000002,2.7010006390779338,0.43735864704374394,-0.12763732991559973,0.1875876355825288,6
symmetric,0.23900000000000002,2.7274109032487326,0.44209372682272696,-0.13072983746265354,0.18427833186055817,7
symmetric,0.24000000000000002,2.7551883575900433,0.4480195037654785,-0.13253987378413612,0.17629550070372613,5
symmetric,0.24100000000000002,2.7817810616251104,0.45630329399422337,-0.13131356031062968,0.16532533681327488,6
symmetric,0.24200000000000002,2.8057889219048837,0.46818162411225944,-0.12692771308407624,0.15381332327048672,5
symmetric,0.24300000000000002,2.8269345228800056,0.4838490376156485,-0.12080706414143472,0.14313072401054294,8
symmetric,0.24400000000000002,2.845538971334005,0.5031034892354412,-0.1146718207505224,0.13456358615603117,7
symmetric,0.24500000000000002,2.862138637355792,0.5254272709113831,-0.10978681615785435,0.12936259670820616,7
symmetric,0.24600000000000002,2.877668685811112,0.5494561198707143,-0.10745275748216954,0.12779632993700474,6
symmetric,0.24700000000000003,2.893101629388788,0.573278413077782,-0.10851645448296043,0.12922765268147896,6
symmetric,0.24800000000000003,2.9092089584727203,0.5947866281650919,-0.11290163717396018,0.13241302034781297,7
symmetric,0.24900000000000003,2.926439837498147,0.6122098097400881,-0.11974279741381655,0.13598351648416507,7
symmetric,0.25,2.944984150439306,0.6243765924032169,-0.12752235319709615,0.13874427890825863,5
symmetric,0.251,2.964925021160188,0.631002183812771,-0.13472923605277232,0.14019397655649074,5
symmetric,0.252,2.9863050692494606,0.6320435002042821,-0.1400731614534534,0.13973490721742826,4
symmetric,0.253,3.0091888277792656,0.6277575158712072,-0.14283995769976365,0.13656705465874736,5
symmetric,0.254,3.0329608286983323,0.6196765804418729,-0.14252523687825147,0.13134575359164244,4
symmetric,0.255,3.056685718116186,0.6094401604766573,-0.13933849123639885,0.12493431187227175,5
symmetric,0.256,3.079271437000063,0.5985138458234713,-0.13348164571315624,0.11805947005331763,6
symmetric,0.257,3.099529913417024,0.5880206019111782,-0.12515287987071155,0.11123567567107102,6
symmetric,0.258,3.11643795824941,0.5786014651660342,-0.11487972134321023,0.10471339502522668,5
symmetric,0.259,3.1292845458296723,0.5702889885452003,-0.10336856662082927,0.09841130592925908,5
symmetric,0.26,3.137864603340753,0.5627562161598866,-0.09160150798385658,0.09214818456915606,5
symmetric,0.261,3.142580368548009,0.5552736848210282,-0.08040627242413811,0.08557474137659456,4
symmetric,0.262,3.1437554662645533,0.5467095240444078,-0.06975527613065324,0.07793812964892705,5
symmetric,0.263,3.142443606058136,0.536626928644308,-0.059429921147043485,0.06923824472289826,6
symmetric,0.264,3.140427124146127,0.524803352988155,-0.050039973244043745,0.05981764211007079,7
symmetric,0.265,3.139427924622047,0.511248786616059,-0.04209216273932115,0.05009987029832803,7
symmetric,0.266,3.140882512542788,0.496307654226103,-0.036598575461324945,0.040767385564024795,7
symmetric,0.267,3.1456975055336214,0.4807454406232752,-0.034142383918839725,0.03251859564611862,6
symmetric,0.268,3.1541363929782618,0.46544905473550763,-0.03454624015271457,0.02583121204581075,6
symmetric,0.269,3.1658216040074256,0.45109058611427705,-0.03711857284424647,0.02071447985383504,6
symmetric,0.27,3.1798871266459368,0.43803776492523977,-0.0413768504030787,0.01674641277652114,6
symmetric,0.271,3.194800838360352,0.42658480252342285,-0.04742117025326231,0.01335909475143039,6
symmetric,0.272,3.209227521107165,0.4165333605899999,-0.05488605533863056,0.009758656010861701,7
symmetric,0.273,3.222056552475605,0.4075730704459645,-0.06291803953251018,0.005235766021713668,9
symmetric,0.274,3.2329865298193567,0.39916596623028255,-0.06959330113427842,-0.0006611530837178797,8
symmetric,0.275,3.2406915025258334,0.39140989005974136,-0.07437909305679824,-0.007683899295280075,8
symmetric,0.276,3.2439218001680485,0.3840521963767475,-0.07821564276125703,-0.015811017986597887,8
symmetric,0.277,3.24218723555256,0.37697178241749385,-0.08218631670917276,-0.024514570415591283,7
symmetric,0.278,3.239259712783885,0.36969682889829697,-0.0883066995261037,-0.03175958093319146,7
symmetric,0.279,3.248099786029347,0.3640484774950171,-0.09379532671538948,-0.03410996566117222,6
symmetric,0.28,3.2684083874292207,0.36064109713229764,-0.09945013514259538,-0.030960365075692255,5
symmetric,0.281,3.295895341225858,0.3572897710804851,-0.10353608820981886,-0.024614216005173932,5
symmetric,0.28200000000000003,3.326649525043227,0.35206643568647344,-0.10416080362772528,-0.016700836125451694,5
symmetric,0.28300000000000003,3.35758013094298,0.3437071602805024,-0.10059369739867896,-0.007987203543684252,6
symmetric,0.28400000000000003,3.386663273056052,0.33134927148761295,-0.09343364400890963,0.0005733171657975422,6
symmetric,0.28500000000000003,3.413086522508453,0.31510307014886807,-0.08470498102847479,0.008323263697389024,8
symmetric,0.28600000000000003,3.4368396477647476,0.2957019382495646,-0.07664424577306561,0.014571996987099947,8
symmetric,0.28700000000000003,3.458221504348309,0.2739647944670207,-0.07086556702864644,0.018297360877931775,7
symmetric,0.28800000000000003,3.4779224142702185,0.2515008184015867,-0.06858711186875177,0.019302357812880915,6
symmetric,0.28900000000000003,3.496638145857962,0.2301731128454932,-0.07037961395684489,0.017960662033449468,7
symmetric,0.29000000000000004,3.5149695922935162,0.21192525537760984,-0.07575508825432054,0.015226398071237447,6
symmetric,0.29100000000000004,3.533417921923329,0.19831706787814118,-0.08332491337747383,0.012041198681639831,7
symmetric,0.29200000000000004,3.5523524319435698,0.1902814516538058,-0.09131669523834707,0.009096106175752997,7
symmetric,0.29300000000000004,3.5720322221388425,0.1883931057246952,-0.09769460906124472,0.0071992216433882815,7
symmetric,0.29400000000000004,3.5925446060386452,0.192693549938449,-0.10082072349703508,0.007094755523517796,6
symmetric,0.29500000000000004,3.614013528536927,0.20311568897767035,-0.10024969284285401,0.009912839967780515,6
symmetric,0.29600000000000004,3.6359524462022987,0.21833641272769763,-0.0957866987982523,0.015510870747718845,6
symmetric,0.29700000000000004,3.657533078087086,0.23609630739150458,-0.08799755034149737,0.022761556708093003,6
symmetric,0.29800000000000004,3.677767525650193,0.25422866389767007,-0.07784000563600313,0.03055883387301432,6
symmetric,0.29900000000000004,3.6952437874394573,0.27124978199554683,-0.06601348807282914,0.038406077016773815,6
symmetric,0.30000000000000004,3.7088088523783274,0.28608337516442905,-0.053500390948090004,0.04593667380048196,6
symmetric,0.30100000000000005,3.7175755306401,0.2984838706410493,-0.04135069549100434,0.05323067947930556,5
symmetric,0.30200000000000005,3.7216461245063046,0.30885295863367873,-0.030685709598647026,0.06043706078366795,6
symmetric,0.30300000000000005,3.7215814540848537,0.3178250847242338,-0.02219387493984959,0.06771879195381149,6
symmetric,0.30400000000000005,3.718785297302155,0.3264250980267507,-0.015785983741658738,0.07529610418301023,6
symmetric,0.30500000000000005,3.715113006374234,0.3357789806489019,-0.01099599358714487,0.08334631101589215,6
symmetric,0.30600000000000005,3.712339561352029,0.346521405237146,-0.0072502965180063494,0.09190108219526008,7
symmetric,0.30700000000000005,3.7117943071112594,0.3589413946548013,-0.0045450059709530866,0.10071879100626097,7
symmetric,0.30800000000000005,3.714334903453792,0.37278524244407696,-0.0031058814833633264,0.10930577704936258,7
symmetric,0.30900000000000005,3.7203413179815303,0.3873969461810607,-0.003125179300219161,0.11709319310938635,7
symmetric,0.31000000000000005,3.7296392265146308,0.4020257528476222,-0.0046021076117952475,0.12366660878488342,6
symmetric,0.311,3.741206528738944,0.41581762750247936,-0.007810523229756505,0.12884758496507007,7
symmetric,0.312,3.7541119340643245,0.42855677532408337,-0.012870739483831661,0.1330454913670138,6
symmetric,0.313,3.767260474676725,0.4402098101524415,-0.019842726701862823,0.13684128933962664,7
symmetric,0.314,3.7795343098631315,0.45107209546927407,-0.028357148877660165,0.1410188791726805,7
symmetric,0.315,3.790332605083888,0.46146784226675,-0.0371179514432185,0.14614940139064309,7
symmetric,0.316,3.799134094593879,0.4715014450318007,-0.04493849108718018,0.15237371483549514,6
symmetric,0.317,3.804541191273506,0.48092110828877066,-0.051816826527062876,0.1596688165253258,9
symmetric,0.318,3.8053149255674406,0.48974998058028407,-0.05772891794060553,0.16809973088421618,7
symmetric,0.319,3.801274162308524,0.49668296875044454,-0.06282301419044378,0.17568695098200743,7
symmetric,0.32,3.8013515903387978,0.5020995508973344,-0.06695158794210165,0.18024796287110895,5
symmetric,0.321,3.8149339561167848,0.507437397656889,-0.07251450069004384,0.1803858018995024,5
symmetric,0.322,3.8380112895103204,0.5132263586279698,-0.07902955687751145,0.17688937828376372,5
symmetric,0.323,3.8662056722485927,0.5205223515905243,-0.08377742859381887,0.17079810665443693,5
symmetric,0.324,3.8957834922921215,0.5304849858348023,-0.08472720001476741,0.16296769994480448,6
symmetric,0.325,3.923931442255088,0.5442126231306448,-0.0815139619545715,0.15462682391180027,5
symmetric,0.326,3.949109736251926,0.5621511972242222,-0.07502274864722769,0.14696185611244286,6
symmetric,0.327,3.9710385008828393,0.58384097978039,-0.0674599771995461,0.14065047214621582,7
symmetric,0.328,3.990329258580248,0.6080589819481024,-0.06119155169467505,0.13603270309812865,7
symmetric,0.329,4.007633812092712,0.6336735579653792,-0.05761850445226391,0.13382632779070375,7
symmetric,0.33,4.023860946038836,0.6589695658708523,-0.0576097433746503,0.13394557781746835,7
symmetric,0.331,4.039873266410462,0.6820949498496651,-0.0611925917078151,0.1357321355782487,7
symmetric,0.332,4.0563830911131324,0.7012765934399994,-0.06746950778696115,0.13816035754572722,6
symmetric,0.333,4.073902494726222,0.7151678203112793,-0.07487703210653773,0.14018545501753557,7
symmetric,0.334,4.092790168546893,0.723134773404005,-0.08160096335482625,0.1410860685106513,7
symmetric,0.335,4.113212413990457,0.7252447499491682,-0.08596305104060886,0.1407070018670723,6
symmetric,0.336,4.13517962768681,0.7217826554440582,-0.08682431448497008,0.13878490260518772,6
symmetric,0.337,4.158761710013284,0.7129498348374396,-0.08425467580434565,0.13444688773805027,6
symmetric,0.338,4.183211863262746,0.7002112482258811,-0.07855150565018709,0.12817779124131967,6
symmetric,0.339,4.207412706829821,0.6855837806502566,-0.0704423642351093,0.12100991005282605,6
symmetric,0.34,4.229715258630205,0.670588456558748,-0.0603620148450692,0.1135057311954708,6
symmetric,0.341,4.248572634448881,0.6565225644127832,-0.04899901680090468,0.10614150399860199,6
symmetric,0.342,4.262784225431473,0.6442130132178132,-0.03734952923982293,0.09919464395223646,5
symmetric,0.343,4.271902502162263,0.6338404434150954,-0.02644436709570419,0.09267859803830121,5
symmetric,0.34400000000000003,4.27627616279157,0.6250019603261774,-0.016896945038536337,0.08634983188421187,6
symmetric,0.34500000000000003,4.276849627713497,0.616899893713544,-0.009131717494306413,0.07983222954635454,6
symmetric,0.34600000000000003,4.275215284475744,0.6085738689066588,-0.0030352439147318666,0.07276650136925947,6
symmetric,0.34700000000000003,4.273304761508162,0.5991348455479194,0.0017395647264613068,0.0649646568665337,6
symmetric,0.34800000000000003,4.272810705350388,0.5881636643546677,0.005463214535677885,0.05653644158764366,6
symmetric,0.34900000000000003,4.274926758209434,0.5757749982458042,0.008200104261574248,0.04777803236499517,6
symmetric,0.35000000000000003,4.28037560254136,0.562377245270525,0.009545046820614633,0.03922484390369798,7
symmetric,0.35100000000000003,4.289371101801285,0.5487058954677058,0.009219004532771358,0.03148323525500663,6
symmetric,0.35200000000000004,4.301621105609348,0.5354915589017524,0.007296370043962996,0.02498232940969074,7
symmetric,0.35300000000000004,4.316444502192277,0.5231642662187909,0.0039431058171219835,0.019733489972502356,6
symmetric,0.35400000000000004,4.332590452279277,0.5119857097425548,-0.0011540121682491744,0.015414919609522435,6
symmetric,0.35500000000000004,4.348515444860745,0.5018974151563026,-0.008325587326682315,0.011363980778784996,6
symmetric,0.35600000000000004,4.363143893718313,0.4925348872598677,-0.016888896741043657,0.006817217942760742,7
symmetric,0.35700000000000004,4.375943299798754,0.48359627726149473,-0.025396972001366258,0.0013555950463219868,7
symmetric,0.35800000000000004,4.385714097405542,0.4749948590113602,-0.03340383764991439,-0.0052089673141588405,6
symmetric,0.35900000000000004,4.391027493903506,0.4663792732399093,-0.04108940298521202,-0.013267895759219104,8
symmetric,0.36000000000000004,4.391171026526214,0.4581370947279857,-0.047712993223734124,-0.022006508267994676,7
symmetric,0.36100000000000004,4.386820698999332,0.45173662847783225,-0.052879804385764784,-0.029051641790936833,6
symmetric,0.36200000000000004,4.391521104193291,0.44699081395084,-0.05810397567315606,-0.03184017907831372,5
symmetric,0.36300000000000004,4.4085895717492445,0.4441585569431165,-0.06497885910763013,-0.02997764299317916,5
symmetric,0.36400000000000005,4.434189751533526,0.4411635131943934,-0.07128549171356924,-0.02530309156954102,5
symmetric,0.36500000000000005,4.464383927651368,0.43607981424708886,-0.07445806355331719,-0.01909682715266726,5
symmetric,0.36600000000000005,4.49586040860436,0.42752985459882475,-0.07324498480357966,-0.011975186174617335,5
symmetric,0.36700000000000005,4.52631567050683,0.4146413106790154,-0.06789183803465781,-0.00469550118211268,5
symmetric,0.36800000000000005,4.554575872600426,0.39730164239614896,-0.059847789618924896,0.0019553694688548558,8
symmetric,0.36900000000000005,4.58056226949948,0.3766071177963978,-0.0517800670389339,0.007870401522086191,7
symmetric,0.37000000000000005,4.60440210819241,0.3535511145533283,-0.04560832672568704,0.012110207675140055,8
symmetric,0.37100000000000005,4.62652652498196,0.32958426681690434,-0.04287392805148715,0.014183989033289305,7
symmetric,0.37200000000000005,4.6474324568632595,0.3065837325171174,-0.04426064399917018,0.014262281089261497,7
symmetric,0.37300000000000005,4.667570747571776,0.2864898795939958,-0.04940672943601254,0.013055037703063722,7
symmetric,0.37400000000000005,4.6873449287514255,0.2709627008745294,-0.05707417514211843,0.0113742888261287,7
symmetric,0.37500000000000006,4.707155562813721,0.2610652431088369,-0.0655131096506838,0.009810906365878025,7
symmetric,0.37600000000000006,4.727340101064902,0.25739542139861427,-0.07277928647167808,0.008890710549159735,6
symmetric,0.377,4.748148827017106,0.26017023553607316,-0.07712199342129455,0.00929888718510947,6
symmetric,0.378,4.769887298746734,0.2694706023832738,-0.07798062375644377,0.012169257095626398,6
symmetric,0.379,4.7924482265017465,0.2840523445744827,-0.0753105532367373,0.017394446462043137,6
symmetric,0.38,4.8150951691767645,0.3019341489682181,-0.06939022918654758,0.02419431835389669,5
symmetric,0.381,4.836492053132488,0.3212097603230621,-0.060458552675888066,0.03196402361696039,6
symmetric,0.382,4.855297370021799,0.33998185838074907,-0.04929007669830909,0.039954272036915456,6
symmetric,0.383,4.870380494339443,0.3566461454774201,-0.03710557718444307,0.04744742049189468,6
symmetric,0.384,4.880925825557924,0.3702965683632789,-0.0250125118299227,0.05414827572127186,6
symmetric,0.385,4.886687684594986,0.3809575739208826,-0.014055279285674738,0.060203988529806775,6
symmetric,0.386,4.887889989136892,0.3892165026089925,-0.005135480836174988,0.06597278688492116,6
symmetric,0.387,4.885770198615313,0.396352920358768,0.0017882178169339458,0.07202046606427405,6
symmetric,0.388,4.882145502807154,0.40386364293288113,0.007181904024300856,0.07883024877602311,6
symmetric,0.389,4.87883435008889,0.41289924460305094,0.011462296537745997,0.08655470332980508,6
symmetric,0.39,4.877303911298087,0.4239660024069119,0.014776059133732478,0.09492320379129915,7
symmetric,0.391,4.878591913313033,0.4369081460206259,0.017107244858392878,0.10346465947847071,6
symmetric,0.392,4.883287283396834,0.4512076630410456,0.018113239695846328,0.111603513497033,6
symmetric,0.393,4.8915155875210345,0.46612451359616314,0.01748923004212055,0.1187820994269042,7
symmetric,0.394,4.902658674901938,0.4807477242986381,0.015026348986067806,0.12460585440519346,5
symmetric,0.395,4.915619481466674,0.4944011417058592,0.010441092334915414,0.1291382935198476,6
symmetric,0.396,4.929437669000714,0.5069605713666797,0.003771253561964283,0.13295391550662697,7
symmetric,0.397,4.942916833302777,0.5185207466778095,-0.004729081977573157,0.1368186615509526,6
symmetric,0.398,4.955340454748294,0.5294969445753084,-0.013826533952919329,0.1415251294164753,7
symmetric,0.399,4.965996831607873,0.5400058647491669,-0.022325686519770738,0.14742551947566773,7
symmetric,0.4,4.973440005518541,0.5499805065845403,-0.030209006726441112,0.15477583664136754,6
symmetric,0.401,4.976223509127119,0.5593992119447538,-0.03761475554331284,0.1637857985923947,9
symmetric,0.402,4.973807034724952,0.5673704458009058,-0.04401311888861237,0.17320388721240765,7
symmetric,0.403,4.970213887666303,0.5731886105102235,-0.0490893580711973,0.1800788313736276,5
symmetric,0.404,4.978594028553416,0.579040636156223,-0.05578028562299475,0.18224240766063207,6
symmetric,0.405,4.997437449474508,0.5851399790429761,-0.06424993449414607,0.180404250950378,5
symmetric,0.406,5.022635981751254,0.592825520217268,-0.07142377275788792,0.17607319054591405,5
symmetric,0.40700000000000003,5.050522712270988,0.6031564209666442,-0.07500064746979418,0.16998431783493137,6
symmetric,0.40800000000000003,5.078222695014711,0.617096166063113,-0.07402055772850069,0.1629653829645033,5
symmetric,0.40900000000000003,5.103934467969872,0.6351957125204436,-0.06903071931761273,0.15607328797835152,7
symmetric,0.41000000000000003,5.127213023115636,0.6569137282651863,-0.06210734511294169,0.14963537857684336,8
symmetric,0.41100000000000003,5.148064588817502,0.6816390165938396,-0.05515227038585091,0.1446313234876368,8
symmetric,0.41200000000000003,5.16691634660935,0.7083417812092401,-0.0499407826414664,0.14185571663462349,7
symmetric,0.41300000000000003,5.184559090677101,0.7353162375936227,-0.04785260956044346,0.1413297013739299,6
symmetric,0.41400000000000003,5.201783829658138,0.7606422326093297,-0.049476233017144544,0.1425015135654603,6
symmetric,0.41500000000000004,5.219241292769132,0.7824041500654112,-0.054424426361927125,0.14445843929929797,6
symmetric,0.41600000000000004,5.2374154803018245,0.7990708605749715,-0.06144530997841047,0.14620107183316955,7
symmetric,0.41700000000000004,5.256628055933621,0.8097340184262078,-0.06882519296822243,0.14691174404449064,7
symmetric,0.41800000000000004,5.277111159970827,0.8142392217527655,-0.07471532508086454,0.14623330631193124,7
symmetric,0.41900000000000004,5.298971811710051,0.8128334833462202,-0.07787862049307437,0.14400745039010537,5
symmetric,0.42000000000000004,5.322514152814732,0.8055938749801899,-0.07797513883715568,0.13934918325641393,6
symmetric,0.42100000000000004,5.347261822679309,0.7941025567390699,-0.07512179124471663,0.13292749328528813,6
symmetric,0.42200000000000004,5.3720449887154755,0.7800336640190316,-0.06945725175663808,0.12542472470575633,6
symmetric,0.42300000000000004,5.395270680126273,0.7649918829864008,-0.06118989642970285,0.1174358770293412,6
symmetric,0.42400000000000004,5.415421343191413,0.7504875022667897,-0.0509513643890358,0.10960928242899518,6
symmetric,0.42500000000000004,5.431262198143991,0.7376662730214695,-0.039689519187935396,0.10244799157247159,6
symmetric,0.42600000000000005,5.442071491584344,0.7270302583241247,-0.028401437080121772,0.0960820691781228,6
symmetric,0.42700000000000005,5.447858044350382,0.7182706490248388,-0.018107710621073192,0.09023684686684807,6
symmetric,0.42800000000000005,5.449181957637321,0.7106924573939625,-0.00955660229931432,0.08448924186557326,6
symmetric,0.42900000000000005,5.447672761857756,0.7031660884059182,-0.0026623656230098103,0.07830587892746826,6
symmetric,0.43000000000000005,5.445325585766973,0.6946154533810057,0.002898687626030849,0.07132288919999451,6
symmetric,0.43100000000000005,5.443975513016795,0.6843878426388043,0.007375518294775674,0.06352852419494925,6
symmetric,0.43200000000000005,5.444967483226336,0.6724211465539558,0.010771630655079356,0.05528180131276386,6
symmetric,0.43300000000000005,5.449137374772396,0.6591598378117632,0.012993809157107572,0.0470236107762594,7
symmetric,0.43400000000000005,5.45685372868419,0.6452874526219826,0.013666528686572033,0.03932270311480194,7
symmetric,0.43500000000000005,5.467999241256967,0.6315926567995183,0.012635889876047912,0.03268103500213121,6
symmetric,0.43600000000000005,5.482016774917387,0.6186761165277431,0.010020734078419302,0.02728017335100347,7
symmetric,0.43700000000000006,5.498034613008754,0.6068205035004526,0.0057900995635578045,0.02286388806714398,7
symmetric,0.43800000000000006,5.514459708119922,0.5962565585379691,-0.0005700850285965675,0.01897632838105932,6
symmetric,0.43900000000000006,5.529991022605973,0.5867046499730623,-0.008790201190338465,0.014827920543691217,6
symmetric,0.44000000000000006,5.543914334584132,0.5778119537479117,-0.017564078960703666,0.009821113181013818,6
symmetric,0.44100000000000006,5.555258105240653,0.5693390373058416,-0.026057991783363876,0.0036058983556663347,6
symmetric,0.44200000000000006,5.5625272386849725,0.5608951547451959,-0.03434022678462467,-0.004262252851382239,7
symmetric,0.443,5.564622932394792,0.5524237886515335,-0.04174241642567078,-0.013617358562191048,9
symmetric,0.444,5.561437978748883,0.5455400350622137,-0.04766137090739497,-0.02196926712077567,9
symmetric,0.445,5.5613204878939575,0.540796652012597,-0.05202257937662158,-0.026896033133548745,5
symmetric,0.446,5.5743279824637355,0.5379066437496115,-0.05870110489101532,-0.026867071922815473,5
symmetric,0.447,5.59698301161399,0.5353478360375508,-0.06604906557818868,-0.023518719329194436,5
symmetric,0.448,5.625355626076436,0.5309438708924634,-0.07110859793798574,-0.018403135415430275,5
symmetric,0.449,5.655994586581628,0.5232430952380668,-0.0721036672940043,-0.012145108809640582,5
symmetric,0.45,5.686351199442848,0.5112660001382079,-0.06873665660528983,-0.00538124540477787,5
symmetric,0.451,5.715017807553631,0.4947001972121659,-0.062025035494656544,0.0011514874543325662,7
symmetric,0.452,5.741722303822681,0.47450579133903936,-0.05430693489497096,0.00733568951692977,8
symmetric,0.453,5.766442522416347,0.451428422247176,-0.04755153448864613,0.012075443247042777,7
symmetric,0.454,5.789526444997927,0.42692683673301346,-0.043400440345914726,0.014833547821853846,7
symmetric,0.455,5.81145181887415,0.4028192584013991,-0.043050733319832224,0.015599401398167715,6
symmetric,0.456,5.83263549351863,0.381105622556568,-0.04661961642053858,0.014940111673610977,7
symmetric,0.457,5.853392280024249,0.3636130481269888,-0.05327917988821751,0.013674381191136242,7
symmetric,0.458,5.874026620124427,0.35159419941282094,-0.061484150404949034,0.012453702659634514,7
symmetric,0.459,5.894808299313502,0.34571754876651556,-0.06936609544861705,0.011709208348968297,6
symmetric,0.46,5.91596977386612,0.34632052690308335,-0.07505825443463543,0.012053470377509591,6
symmetric,0.461,5.937868180193792,0.35366728072849063,-0.0776701172049814,0.01468393425099189,6
symmetric,0.462,5.960560387018962,0.36680371560539476,-0.07691960081216953,0.01973807301056953,6
symmetric,0.463,5.983485074891382,0.3838052512668038,-0.07285957540408483,0.026459022875368214,6
symmetric,0.464,6.005413594367301,0.40278400844722906,-0.0655336972565026,0.03427798427085704,6
symmetric,0.465,6.025056143281101,0.4217735129665829,-0.05551871847627732,0.042418102452210824,6
symmetric,0.466,6.041234580783812,0.43909786682665686,-0.0437556063979625,0.05018392365444171,6
symmetric,0.467,6.053099926924934,0.45356784847927994,-0.031572673271237583,0.05704477427669468,6
symmetric,0.468,6.060233046682013,0.46490554978100324,-0.01999515324763257,0.06304429930739702,6
symmetric,0.46900000000000003,6.062777483229963,0.4736470746565716,-0.01002838048760335,0.06855795345954738,6
symmetric,0.47000000000000003,6.061562561197279,0.4808500450572334,-0.0020768691206258794,0.07412462196093487,6
symmetric,0.47100000000000003,6.058245613245119,0.4880164910893115,0.004177058810737044,0.080314030733398,6
symmetric,0.47200000000000003,6.05464035684465,0.49644557802948763,0.009137730970455005,0.08742718555021184,6
symmetric,0.47300000000000003,6.052325007052104,0.5068629513243903,0.01302880314258692,0.09534923365802657,6
symmetric,0.47400000000000003,6.052455052790437,0.5193225206824298,0.015824091987818978,0.10362516420986366,6
symmetric,0.47500000000000003,6.055782883410831,0.5333582583403955,0.017392137143459774,0.11173242035783583,7
symmetric,0.47600000000000003,6.062615918987248,0.5482891055627769,0.01738439278067405,0.11911398577700621,6
symmetric,0.47700000000000004,6.072594896187294,0.5632058954009579,0.015561326777542295,0.1252783874607952,6
symmetric,0.47800000000000004,6.084786319152075,0.5773220298877624,0.01168002587227246,0.13012441978129807,6
symmetric,0.47900000000000004,6.098179367394805,0.5902825423363951,0.005638237200845886,0.13404314252913754,7
symmetric,0.48000000000000004,6.111735096453186,0.6021634574819891,-0.0023578661235108545,0.13777503902510005,6
symmetric,0.48100000000000004,6.124325139975627,0.6131133052141422,-0.011633342484595799,0.14206080806654325,7
symmetric,0.48200000000000004,6.135532225330742,0.623549947417264,-0.020607804801801022,0.14748934697721194,6
symmetric,0.48300000000000004,6.144222031916118,0.633505778191442,-0.028803186698959538,0.15435095946982813,6
symmetric,0.48400000000000004,6.148798253810634,0.6429779365718863,-0.036370183244762266,0.16291583196909296,6
symmetric,0.48500000000000004,6.148279412126639,0.651522853323421,-0.04298565267593202,0.17264218781855878,7
symmetric,0.48600000000000004,6.143347689646506,0.6575066461484699,-0.04839305037249164,0.180788050179319,4
symmetric,0.48700000000000004,6.146623655290139,0.663032757989971,-0.054314464236663085,0.18492019081400135,6
symmetric,0.48800000000000004,6.161845995728274,0.668613546554428,-0.06263293695291394,0.18453600418659868,5
symmetric,0.48900000000000005,6.184951937131649,0.6754071495320982,-0.07080725256555165,0.18119022024471707,5
symmetric,0.49000000000000005,6.212033732745115,0.684577316005856,-0.0760501069904298,0.1758114747358998,5
symmetric,0.49100000000000005,6.239865986434483,0.6971159489651587,-0.07686797771543619,0.16910814368252172,5
symmetric,0.49200000000000005,6.266225826433228,0.7138319977933298,-0.07328199924656031,0.16218713074405502,5
symmetric,0.49300000000000005,6.290164528146574,0.7346145663301273,-0.06678165287212035,0.15572164153010418,7
symmetric,0.49400000000000005,6.311711512201026,0.758662071043993,-0.05959241943058613,0.1502129428166762,7
symmetric,0.49500000000000005,6.331107896374296,0.7851464093266987,-0.05344420339770273,0.146654879563609,7
symmetric,0.49600000000000005,6.349091610240445,0.8125085330658337,-0.049896466717626264,0.14527840223287156,7
symmetric,0.49700000000000005,6.366471166114658,0.8388971215421281,-0.04996233802285466,0.14580067159941656,6
symmetric,0.49800000000000005,6.38395903839866,0.8623161161235978,-0.0536210406777613,0.14738510550398487,6
symmetric,0.49900000000000005,6.4020725927885085,0.8810572802904848,-0.05993919297398298,0.14905190252522768,7
symmetric,0.5,6.421153540150745,0.8939775793612735,-0.06733023308424557,0.14989750506564095,7
symmetric,0.501,6.44145224048372,0.9006777044347226,-0.0738963028506614,0.14939732388528312,7
symmetric,0.502,6.463043980281675,0.9014122502262718,-0.07812234186589762,0.1475330342270585,5
symmetric,0.503,6.486249470944659,0.8961581136054767,-0.07940990499993417,0.14345931328848152,6
symmetric,0.504,6.510799123188544,0.8860027873615719,-0.07763594212199254,0.13734178604119693,6
symmetric,0.505,6.535800140634415,0.8727976010419034,-0.07308601384930524,0.13007732781999506,6
symmetric,0.506,6.559713830915239,0.8581028702949111,-0.06582863434416675,0.12220990474632833,6
symmetric,0.507,6.580981694060326,0.843469428297964,-0.05633739671932636,0.11437225504703973,6
symmetric,0.508,6.598258834164205,0.830143657582265,-0.04540873434678172,0.10708197630264189,6
symmetric,0.509,6.610634260518863,0.8188346946990743,-0.03398316120880818,0.10056602039461397,6
symmetric,0.51,6.617915085763826,0.8094679482971815,-0.02314431122536509,0.09466741867769185,6
symmetric,0.511,6.620669080645034,0.8013848256041767,-0.01366012930919891,0.08897479562118366,6
symmetric,0.512,6.620020659630526,0.7936874051294409,-0.005891063923110007,0.08302513285258506,6
symmetric,0.513,6.617839484972885,0.7852997986931815,0.0003749289130676736,0.07639629448391108,6
symmetric,0.514,6.6160258197888675,0.775439313803025,0.005399070899206659,0.06895035076727779,6
symmetric,0.515,6.616097059142773,0.7638610262533907,0.009264092230890864,0.060922307014116675,6
symmetric,0.516,6.619068225504228,0.7508573931322974,0.011941473190518304,0.05268164985629846,6
symmetric,0.517,6.625493406988626,0.7370443424344141,0.013129706983370015,0.04476962980099562,7
symmetric,0.518,6.635450237239345,0.723201377678312,0.012583460490240395,0.03773991347620653,6
symmetric,0.519,6.648523702945717,0.7100217405620666,0.010399171188880674,0.031911613632553106,6
symmetric,0.52,6.6639680943872746,0.6978780790385232,0.006661201846233533,0.027169369635219768,6
symmetric,0.521,6.680334189569255,0.6870579201214526,0.0009092864224291564,0.02315133517046005,6
symmetric,0.522,6.69622200320043,0.6773867991074423,-0.0069012815207571965,0.01911920700837863,7
symmetric,0.523,6.710759875897804,0.6684762253759982,-0.015701585639197324,0.014378788604481994,7
symmetric,0.524,6.723173810195932,0.6600834670830233,-0.024335143699121486,0.008575584306424975,6
symmetric,0.525,6.732043296004652,0.6518662884884323,-0.03271565832877066,0.0013016443300067563,9
symmetric,0.526,6.7360132675345925,0.6434539744252992,-0.04051064867161469,-0.007740919004902166,6
symmetric,0.527,6.734511094161919,0.6355717495156504,-0.047216388240852725,-0.017307666009154277,9
symmetric,0.528,6.731335284186007,0.629731750099103,-0.051963796441524046,-0.02434530468943131,6
symmetric,0.529,6.740095840252522,0.6256712204345459,-0.057847079979675975,-0.026480285447481173,5
symmetric,0.53,6.759634095749072,0.6227463705654329,-0.0652718515172881,-0.024579364788181228,5
symmetric,0.531,6.786140753463357,0.6187374171776678,-0.07132285391263382,-0.020426071344734946,5
symmetric,0.532,6.816051503358555,0.6120069828468908,-0.07383979460752466,-0.014813194705068497,5
symmetric,0.533,6.84655432105349,0.6014198810406037,-0.07199718289858703,-0.00830235469821311,6
symmetric,0.534,6.875869812355897,0.5863833817468593,-0.0664613877879836,-0.0016253091280849581,8
symmetric,0.535,6.903415869344964,0.5675182812537183,-0.059259353651376356,0.005012236162322451,8
symmetric,0.536,6.928963835718534,0.5453286463057888,-0.05212668931159281,0.010443696386704048,8
symmetric,0.537,6.95273673444825,0.5210170838537407,-0.04689578279387563,0.013905045470834052,8
symmetric,0.538,6.975217460233264,0.4963621999406345,-0.045012166956538646,0.015269185998736123,7
symmetric,0.539,6.996844126756261,0.4733755890546355,-0.047137018958085086,0.014925667430339984,6
symmetric,0.54,7.017933647075908,0.45405433978154963,-0.05283826087896282,0.013702694324543822,6
symmetric,0.541,7.038759751535918,0.4398973697706457,-0.060792749114951805,0.012373249162533495,7
symmetric,0.542,7.059585278397795,0.43174068729749565,-0.06920189923361075,0.01141814179947294,6
symmetric,0.543,7.08064664165665,0.43003832521915725,-0.07611874170477195,0.011376386894437878,7
symmetric,0.544,7.102337354280263,0.43520733005967377,-0.0803575095952096,0.013448693723217029,6
symmetric,0.545,7.124886497526917,0.4465890592820293,-0.08141229368740177,0.01803836284455642,6
symmetric,0.546,7.147899979079455,0.4623437459977675,-0.07915314103020044,0.024428054393706645,6
symmetric,0.547,7.170265885709056,0.48065739005791225,-0.07340176690418576,0.032111502306811236,6
symmetric,0.548,7.190747959528438,0.49954239944362955,-0.0645464718040667,0.0403124094240792,6
symmetric,0.549,7.208155191550568,0.5172177886048301,-0.0534200798179878,0.0482777373032507,6
symmetric,0.55,7.221511951064399,0.5324006055373274,-0.04112204010731979,0.05548461814336995,6
symmetric,0.551,7.230248728925791,0.5444984386049097,-0.02889095513435258,0.0617491285210531,6
symmetric,0.552,7.2344171013337855,0.5538539499504657,-0.01775767283086127,0.0673689830501958,6
symmetric,0.553,7.234622492541838,0.5614277217076278,-0.008544212340499957,0.07285408897753222,6
symmetric,0.554,7.232125439851655,0.5685038811121143,-0.0013158522268117423,0.0787438072217968,6
symmetric,0.555,7.228661739948634,0.5764469636422159,0.004286507469496659,0.08543944898081228,6
symmetric,0.556,7.225893132512902,0.5861846785905871,0.008588542511661856,0.09298541371481706,6
symmetric,0.557,7.225111529818653,0.5979880638757076,0.011690382500899599,0.1010283269626394,7
symmetric,0.558,7.227225291552052,0.6115609188349942,0.013555170296667196,0.10906267754582655,7
symmetric,0.559,7.232723161209234,0.6262638056807219,0.014008623181614999,0.11657418063677694,6
symmetric,0.56,7.241508445604252,0.6412677371135068,0.012784072365776833,0.12304393933273884,6
symmetric,0.561,7.252763067684057,0.6556501356073096,0.00958306214622806,0.12819203113984398,6
symmetric,0.562,7.265526026893123,0.6689316699411496,0.004262533610820629,0.13225853873883556,6
symmetric,0.5630000000000001,7.278905770641649,0.6811274570061292,-0.003045817938612805,0.1359215457226663,6
symmetric,0.5640000000000001,7.291755636977728,0.6923529879540782,-0.01191144930803989,0.13993635792039452,7
symmetric,0.5650000000000001,7.3035874283264475,0.7030521640958028,-0.020866310253737863,0.14500167116402335,7
symmetric,0.5660000000000001,7.313451114267359,0.7132643990158355,-0.02913028994261002,0.15141907325847434,7
symmetric,0.5670000000000001,7.319702793699811,0.7229557964649077,-0.03672172218611336,0.15947255738551544,6
symmetric,0.5680000000000001,7.32107879526212,0.7317855461051632,-0.0433208459196508,0.16877477236530924,9
symmetric,0.5690000000000001,7.317529498682564,0.7380630325033257,-0.04874583958270584,0.176832423733647,10
symmetric,0.5700000000000001,7.317246675796716,0.7431533049592607,-0.053733090086578894,0.18163303620086468,6
symmetric,0.5710000000000001,7.329596594170831,0.7484462691356036,-0.060984043786827646,0.1817656660788173,6
symmetric,0.5720000000000001,7.3510123277075206,0.7546325944184904,-0.06895862153097387,0.17856705993464195,6
symmetric,0.5730000000000001,7.377481185574244,0.7629006721264984,-0.07470257696751736,0.17321101082742113,5
symmetric,0.5740000000000001,7.405522902742158,0.7742596381932606,-0.07636932653945583,0.16639348980586904,5
symmetric,0.5750000000000001,7.432592715070437,0.7895835184030373,-0.0735678836542053,0.15914160317021084,5
symmetric,0.5760000000000001,7.457282063132729,0.80918486491322,-0.06721715685541518,0.15248261839101437,8
symmetric,0.5770000000000001,7.4794847520610315,0.8322476735813147,-0.05972435775905294,0.14665802955090892,7
symmetric,0.5780000000000001,7.49947318122493,0.857857164603093,-0.0530517386888365,0.1424422030462997,8
symmetric,0.5790000000000001,7.517811921375346,0.884791237106186,-0.04882226198328876,0.14042156238231082,7
symmetric,0.5800000000000001,7.535278036139033,0.9112494174142045,-0.04807050926598966,0.14044799837769564,7
symmetric,0.5810000000000001,7.552589950341275,0.9353628364547306,-0.05098774505806891,0.14186038118897984,6
symmetric,0.5820000000000001,7.5703291777352995,0.9553491889051171,-0.05678307861499121,0.1436969705290705,7
symmetric,0.5830000000000001,7.588896947662967,0.9698964374724468,-0.06403149792968965,0.1450215896639366,7
symmetric,0.5840000000000001,7.608613367418885,0.9783417435023946,-0.07088037670214242,0.14512467728927872,7
symmetric,0.5850000000000001,7.6296348108361105,0.9807964352862429,-0.07565529078690125,0.1439138037187051,6
symmetric,0.5860000000000001,7.652097388770661,0.9774345574138865,-0.07736167523833193,0.1410229306319041,6
symmetric,0.5870000000000001,7.676099681639959,0.9685722994530396,-0.07595217887881556,0.1357673541319245,6
symmetric,0.5880000000000001,7.700936179811647,0.9559456359045178,-0.0716132323126859,0.12895451153076667,5
symmetric,0.5890000000000001,7.725333534637864,0.9412830253118853,-0.06466774069502201,0.12131923038359266,5
symmetric,0.5900000000000001,7.747645611296491,0.9261558383901348,-0.055483048800554435,0.11345706028674618,5
symmetric,0.5910000000000001,7.76640466091696,0.9119643008255017,-0.04480002632114832,0.1059486029900159,6
symmetric,0.5920000000000001,7.780477897939585,0.8996658351315855,-0.033577530724294924,0.09915343203945713,6
symmetric,0.5930000000000001,7.789405820655116,0.8894371718052227,-0.022806304316815407,0.09302219301130292,6
symmetric,0.5940000000000001,7.793579442790447,0.8808114538097401,-0.013134608937378944,0.08722619046741299,6
symmetric,0.5950000000000001,7.793913813824149,0.8729514895000008,-0.0050549620377799975,0.08130927952312508,6
symmetric,0.5960000000000001,7.792052179120542,0.8648217148642228,0.0015089339201292962,0.0748255037512346,6
symmetric,0.5970000000000001,7.7899249672294015,0.8555003283360325,0.0068203520995084865,0.0675321678033438,6
symmetric,0.5980000000000001,7.789209379106618,0.8445336977582063,0.011013324801067537,0.05954733840932868,7
symmetric,0.5990000000000001,7.791096386035601,0.8320381417297121,0.014089080544123833,0.05118256666720209,6
symmetric,0.6000000000000001,7.796314312636939,0.8185045473412295,0.015765188366248628,0.0429488242331435,6
symmetric,0.6010000000000001,7.805122692790306,0.8046623454005183,0.015703838715160234,0.03543443310507056,7
symmetric,0.6020000000000001,7.817257557533784,0.7912607083166703,0.013912055985947358,0.029075159746011735,6
symmetric,0.6030000000000001,7.832057219738642,0.7787789842960292,0.010551137801441346,0.023912279505091283,6
symmetric,0.6040000000000001,7.848299355561554,0.7675223383322078,0.00534379966599996,0.019645003335121508,6
symmetric,0.6050000000000001,7.864428391879374,0.7574897606194091,-0.0020234242603998087,0.01565373240639502,7
symmetric,0.6060000000000001,7.879185636549284,0.7484282617969242,-0.010969939712846655,0.011235126954674666,7
symmetric,0.6070000000000001,7.892108991818073,0.7399116477157387,-0.019952113697495166,0.00586624167023163,6
symmetric,0.608,7.902095669291777,0.7316260910182109,-0.028433257783403887,-0.00081917824091008,7
symmetric,0.609,7.907669945536528,0.723216903642625,-0.036544579121312815,-0.009193367303162175,8
symmetric,0.61,7.907959914952038,0.7148661102850908,-0.04367399205034661,-0.01879796384845999,7
symmetric,0.611,7.90346299537471,0.7083162959748475,-0.049161966135177204,-0.02691214279908798,5
symmetric,0.612,7.907168358190708,0.704023709467244,-0.054350381816285154,-0.03059841770829927,6
symmetric,0.613,7.923295407941584,0.7014341606395444,-0.06188414555424426,-0.029624996526925948,5
symmetric,0.614,7.9479611757899065,0.6984346833429789,-0.06911764988862168,-0.02596407412539274,6
symmetric,0.615,7.97730403699326,0.6930781372521362,-0.07334760334951307,-0.020750165811647573,6
symmetric,0.616,8.008090398659066,0.6840349716677092,-0.07323591005525731,-0.014529663964680301,5
symmetric,0.617,8.038103372808873,0.6705188049390006,-0.0688307973519684,-0.00796353866504263,5
symmetric,0.618,8.066288412199913,0.6526246604796333,-0.061726076595759904,-0.0015573563076273977,8
symmetric,0.619,8.09246500993725,0.6312609568859439,-0.05416330413314152,0.004236112212217642,7
symmetric,0.62,8.116692316199712,0.6073438609893107,-0.04792363450573256,0.008379271644322565,8
symmetric,0.621,8.13942739429776,0.5825206652315896,-0.044645133407161364,0.01053318059784142,7
symmetric,0.622,8.161155887619337,0.5586867605430296,-0.04535102945262359,0.010825447178549944,6
symmetric,0.623,8.182258598815498,0.5379336891798867,-0.04990331527233227,0.009981998257358519,7
symmetric,0.624,8.203027284035148,0.5219117587419112,-0.0572878647015711,0.008791895717344157,6
symmetric,0.625,8.223755039253103,0.5116951026754476,-0.06573225580969888,0.007834665636135135,7
symmetric,0.626,8.244683652168726,0.5077763502541909,-0.07333533793079727,0.0075165161694579295,7
symmetric,0.627,8.266068817998482,0.5104510805183903,-0.07842124437887588,0.008618513270254476,6
symmetric,0.628,8.288300062279518,0.5198016288544833,-0.08034982995910545,0.012288532553520434,6
symmetric,0.629,8.311268904271543,0.5342024189047624,-0.07901380980260586,0.017983789568557357,6
symmetric,0.63,8.33405102844473,0.5518637575871491,-0.07423470374280305,0.025181219270809158,6
symmetric,0.631,8.355392423576822,0.5708187479780654,-0.06620570775283618,0.03319455817917607,6
symmetric,0.632,8.374040259653073,0.5891702620897932,-0.055624801468403984,0.04124428512460329,6
symmetric,0.633,8.38889943939916,0.6054231626572777,-0.04353226698734214,0.0487101176556012,6
symmetric,0.634,8.39925346186227,0.6186848318715116,-0.031208058180162368,0.05523996644638885,6
symmetric,0.635,8.404891983669025,0.6289680502327283,-0.019729592250656847,0.060995490332401404,6
symmetric,0.636,8.406288750709349,0.637106343931594,-0.009927276137156271,0.0664650116549025,6
symmetric,0.637,8.404444240792941,0.6442488081503962,-0.002140615683838387,0.07218008559421665,6
symmetric,0.638,8.401048312316016,0.6518167912751683,0.003931495980996402,0.07862213336914475,6
symmetric,0.639,8.397850829222492,0.6609228026994896,0.00864619367029551,0.0859643052827192,6
symmetric,0.64,8.396291674583082,0.6720553452485938,0.012165804739317831,0.09396492108212097,6
symmetric,0.641,8.397413236250495,0.6850893863484596,0.014474437995819045,0.10213707883051515,6
symmetric,0.642,8.401847959048565,0.6994654651086262,0.015437023777395975,0.10996491349348674,7
symmetric,0.643,8.40976391632213,0.7144624017950574,0.014802101517693123,0.11692542879725368,7
symmetric,0.644,8.420453657556092,0.7290662558452851,0.01223688406871637,0.12256910649125292,7
symmetric,0.645,8.433041295931785,0.7427129222899118,0.007610969778358401,0.12701203294896773,6
symmetric,0.646,8.446519367713266,0.755197189335004,0.0008969300446812767,0.13076749357907455,7
symmetric,0.647,8.45983073184648,0.7666758956996589,-0.007589096735967749,0.13462465044436062,6
symmetric,0.648,8.472009145550082,0.7773359230518183,-0.01686338299071921,0.13925456921396,6
symmetric,0.649,8.482654697663952,0.7875832325595574,-0.025475050897882268,0.14516277389673357,6
symmetric,0.65,8.49025646721359,0.7973628037796665,-0.0334146675560969,0.15262618997610825,6
symmetric,0.651,8.49327829106676,0.8066663210809859,-0.04050688816086323,0.16180589742403462,7
symmetric,0.652,8.491258763330917,0.8141946795675286,-0.04644710518215711,0.17091279879727353,7
symmetric,0.653,8.487887445707827,0.8196270599960553,-0.05123801130797134,0.17746045765816873,6
symmetric,0.654,8.49593072019769,0.8253284291710399,-0.05732453784028446,0.17935435535906577,7
symmetric,0.655,8.514262003916317,0.8313364107444158,-0.06513612345616204,0.17724949621751743,5
symmetric,0.656,8.538952706641094,0.8389586101127721,-0.07176618662336787,0.17267930319497118,5
symmetric,0.657,8.566431749749439,0.8492211411335295,-0.07495074187382733,0.16637608285264224,5
symmetric,0.658,8.59385461318485,0.8630666431002872,-0.07384649079173333,0.1591981268939768,5
symmetric,0.659,8.619438688552316,0.8810661451938514,-0.06885112712334251,0.15222298144828014,7
symmetric,0.66,8.642652334466662,0.9028103026192523,-0.061916630735678435,0.1459299356949279,8
symmetric,0.661,8.663617244734134,0.9274894540687763,-0.0551383054150516,0.14100182207335513,7
symmetric,0.662,8.682681764623354,0.9540699324678155,-0.050130401613723174,0.13825151324930723,8
symmetric,0.663,8.700560415456396,0.9809198419590718,-0.04824012883389184,0.13774044544694272,7
symmetric,0.664,8.718001419201393,1.0061201918624065,-0.049942268347320073,0.13889845816976046,7
symmetric,0.665,8.735617804705948,1.0278001749543197,-0.05488022974875428,0.14085263877906792,7
symmetric,0.666,8.75389383012406,1.044398929763191,-0.06179410397785001,0.1425634030240726,7
symmetric,0.667,8.773175835923707,1.0549987247560895,-0.06897851872215743,0.14320579163319344,7
symmetric,0.668,8.793701781916539,1.0594686995599396,-0.07465695581017351,0.14249585384272245,6
symmetric,0.669,8.815583898025814,1.0580440500385226,-0.07751743080619344,0.14030027471229878,6
symmetric,0.67,8.839091270331943,1.0507960329968975,-0.07734641439138157,0.13573500735428043,6
symmetric,0.671,8.863751133585906,1.039144211004319,-0.07418050871083248,0.1292921598935122,5
symmetric,0.672,8.888481375094361,1.0249080287790338,-0.06830948395031311,0.12180151506150691,6
symmetric,0.673,8.911658970703854,1.0096900544849992,-0.059970307232257936,0.11384132763171052,6
symmetric,0.674,8.931748073267293,0.9950058727330738,-0.049771755286464936,0.10604541117620177,5
symmetric,0.675,8.947509473800789,0.9820260142023083,-0.03861139422490045,0.09891757994256337,6
symmetric,0.676,8.958216004992288,0.9712096557773,-0.02749065718213295,0.09254242402334521,6
symmetric,0.677,8.963930517008652,0.9622784826363495,-0.017294809731039473,0.08667525820843376,6
symmetric,0.678,8.965500581469838,0.9544151882823249,-0.00853361762945437,0.08085104362967327,6
symmetric,0.679,8.964252687064777,0.9466453098530452,-0.0014000287509665643,0.07461281893173492,6
symmetric,0.68,8.962079871321837,0.9379410852324727,0.004342859681049305,0.06761922511018469,6
symmetric,0.681,8.96077812937061,0.927655133971676,0.008903888677428196,0.05985602634022348,6
symmetric,0.682,8.961698558809836,0.9157113715217123,0.01229781463435553,0.051643219325456576,6
symmetric,0.683,8.965721951955311,0.9025129639714379,0.01444863705756494,0.04338671976897326,6
symmetric,0.684,8.97327422051536,0.8886946158470875,0.01497291388189348,0.0356491321163453,6
symmetric,0.685,8.984272560830153,0.8750342496075473,0.013758782869801811,0.028935862446523495,6
symmetric,0.686,8.998177806104891,0.862131872091014,0.010965023631183346,0.023440185170149067,6
symmetric,0.687,9.013987787958657,0.8503501814317235,0.006474685885329956,0.018967602754494703,7
symmetric,0.6880000000000001,9.030240211489454,0.8398172512552803,-0.00011751898949152739,0.014990190040731741,6
symmetric,0.6890000000000001,9.045448615205933,0.8303768259635422,-0.00863148703977501,0.010816928288108029,7
symmetric,0.6900000000000001,9.059002624126968,0.8216288107966561,-0.017683635411698484,0.005824526246465081,7
symmetric,0.6910000000000001,9.070126990530298,0.8132339407691622,-0.02626544487496263,-0.00037034338969024354,6
symmetric,0.6920000000000001,9.077310358984265,0.8048218589407223,-0.034496292361418046,-0.008196635628456286,7
symmetric,0.6930000000000001,9.079423665218817,0.7963639779213592,-0.04183413803782221,-0.01747918364415381,10
symmetric,0.6940000000000001,9.076301363008197,0.7894354881248716,-0.047747831227442195,-0.02577820901578745,7
symmetric,0.6950000000000001,9.076202131357912,0.7846238697890948,-0.05206990713651649,-0.030629169237379676,6
symmetric,0.6960000000000001,9.089153011905843,0.7815622350571002,-0.05864208439440488,-0.030561283365214086,5
symmetric,0.6970000000000001,9.111750241924657,0.7788138160856056,-0.06590593146162194,-0.027171773313952447,5
symmetric,0.6980000000000001,9.140077068682727,0.7742465969865152,-0.07093610150403928,-0.022026610807531783,5
symmetric,0.6990000000000001,9.170689863228109,0.7664541604220965,-0.07192256666198138,-0.015730024177139448,6
symmetric,0.7000000000000001,9.201026675160348,0.7544379373346003,-0.06860528197668558,-0.008949387044958198,5
symmetric,0.7010000000000001,9.229678540866379,0.7379018492319671,-0.06185940001406731,-0.002423363041357481,8
symmetric,0.7020000000000001,9.256327004419175,0.7177144892945644,-0.05414331725942079,0.003683370207973514,7
symmetric,0.7030000000000001,9.280982789443836,0.694756538485819,-0.04741804518915216,0.00843494286173587,7
symmetric,0.7040000000000001,9.30397032616764,0.6704030131390628,-0.04332361700219778,0.011235344677018897,8
symmetric,0.7050000000000001,9.325761267867723,0.6464102148082558,-0.043057209622354264,0.012022873931876793,7
symmetric,0.7060000000000001,9.346784445670702,0.6247947520543027,-0.04665937462865388,0.01140028459271165,7
symmetric,0.7070000000000001,9.367361460909084,0.6073343079857907,-0.053334087878174286,0.010126129320854846,7
symmetric,0.7080000000000001,9.387826420810171,0.595313689392356,-0.06149469875391156,0.008895284762448873,7
symmetric,0.7090000000000001,9.408468452034786,0.5893962535073898,-0.06930671109663433,0.00812613849353655,7
symmetric,0.7100000000000001,9.42952670046006,0.5899090753411045,-0.0749260886804104,0.008410904901490487,7
symmetric,0.7110000000000001,9.451326859770388,0.5970606049268687,-0.07740419934189235,0.010845502955419037,5
symmetric,0.7120000000000001,9.473992276934467,0.6100418735246673,-0.07652656946528924,0.01573911461621643,6
symmetric,0.7130000000000001,9.49695585006463,0.6269434758583528,-0.07237215630205318,0.022349831990172174,6
symmetric,0.7140000000000001,9.518963497062774,0.6458772818265739,-0.06499108836529333,0.030103758419862778,6
symmetric,0.7150000000000001,9.538708949934609,0.6648687371856197,-0.05495005855715962,0.038222719902660365,6
symmetric,0.7160000000000001,9.554998617080745,0.6822280660912465,-0.043179789382260525,0.04600590639411471,6
symmetric,0.7170000000000001,9.566975752457365,0.6967353070181411,-0.031057393339148476,0.05289471734915216,6
symmetric,0.7180000000000001,9.5742058583327,0.7081156945785554,-0.01953638936973534,0.058945659454034724,6
symmetric,0.7190000000000001,9.57674891972724,0.7168416250957708,-0.009692011676774692,0.06450810097526133,6
symmetric,0.7200000000000001,9.575499722527834,0.7240060701338424,-0.0018556559701385922,0.07012851711697136,6
symmetric,0.7210000000000001,9.572153378691112,0.7311318929223231,0.004313326119327776,0.07638106409244344,6
symmetric,0.7220000000000001,9.568547165723697,0.7395257541544354,0.009225507802599564,0.0835636593869978,6
symmetric,0.7230000000000001,9.566270702300471,0.7499148518486435,0.013101213527406674,0.0915557421711286,6
symmetric,0.7240000000000001,9.566478171538062,0.7623493274121299,0.01590326510539497,0.09989440228873223,6
symmetric,0.7250000000000001,9.569911169693984,0.7763578901640414,0.017485001493569463,0.10804964795358674,6
symmetric,0.7260000000000001,9.576862402470525,0.7912524570986604,0.017491200813890995,0.11545755815303944,6
symmetric,0.7270000000000001,9.586994882281695,0.806152025873281,0.015714581504479463,0.12164262393792655,6
symmetric,0.7280000000000001,9.599367813038743,0.8202683485483653,0.011903324919943614,0.12650268341409457,5
symmetric,0.7290000000000001,9.61289992566463,0.8332162005996954,0.00591421171913864,0.13041748989720225,7
symmetric,0.7300000000000001,9.62659064261805,0.8451055569686196,-0.002031752755538463,0.1341493747272377,7
symmetric,0.7310000000000001,9.639453531928227,0.8562022499454474,-0.01111511480387617,0.13849743394118022,7
symmetric,0.7320000000000001,9.650950347266818,0.8668298948639048,-0.01988669712898994,0.14400319575287776,7
symmetric,0.7330000000000001,9.65980405333214,0.8769086014691554,-0.027999645933490802,0.15090775841605192,6
symmetric,0.7340000000000001,9.664425013993338,0.8864487465444603,-0.03561092312510672,0.15949279714743653,6
symmetric,0.7350000000000001,9.66386444958131,0.8950020387982036,-0.04233613022867866,0.1692004266543857,10
symmetric,0.7360000000000001,9.658839572876584,0.9010144819815166,-0.0478434294703296,0.17729435358834789,3
symmetric,0.7370000000000001,9.661734754929654,0.9065870497830228,-0.05355311044867195,0.18127092726003993,6
symmetric,0.7380000000000001,9.676607190837442,0.912238071005984,-0.06152071025911643,0.1807298730052307,5
symmetric,0.7390000000000001,9.699542716303393,0.9191026597282439,-0.06935477761151132,0.17726031405554607,5
symmetric,0.74,9.72668521035178,0.9283604859867599,-0.07426335254371796,0.17179372664963505,5
symmetric,0.741,9.754760196721744,0.9410352655407211,-0.07485179002584941,0.16507438443469916,5
symmetric,0.742,9.781521739114563,0.9578662774123161,-0.07110838071998926,0.15812488701761235,5
symmetric,0.743,9.805966180056787,0.9787547152726455,-0.06451050509821754,0.15160422788131386,7
symmetric,0.744,9.828053638440645,1.0028941242195577,-0.05725969058918423,0.14601428275918166,8
symmetric,0.745,9.847965520238443,1.0294773414684046,-0.05112952261570314,0.14239170497899545,8
symmetric,0.746,9.866372335040142,1.0569365324040711,-0.04771024590477402,0.14099354551926171,7
symmetric,0.747,9.884061610858524,1.0833892718747817,-0.047945001257982955,0.14148512099016772,7
symmetric,0.748,9.901725399439066,1.1068445349608849,-0.051819135169530295,0.14306232767579258,7
symmetric,0.749,9.91989106307895,1.1255699420395995,-0.058352236090809084,0.14472203785063922,7
symmetric,0.75,9.938935425069547,1.138441181161112,-0.06592360811009734,0.14558190147348415,7
symmetric,0.751,9.959116735501832,1.1450418260946664,-0.07265761829081696,0.14513086730207111,7
symmetric,0.752,9.980575899654777,1.1455891144067838,-0.0770315294108781,0.14327084845759372,6
symmetric,0.753,10.003682366055676,1.1400574832717993,-0.07849281884034442,0.13912192994408107,6
symmetric,0.754,10.028162020796621,1.1296896574458777,-0.0768865197298767,0.13301659751149078,5
symmetric,0.755,10.053089500599548,1.1162517476343878,-0.07236678743516767,0.12574723829167764,6
symmetric,0.756,10.076930916937174,1.1013201781920414,-0.06502059197345322,0.11785317981769595,6
symmetric,0.757,10.098139955882866,1.0864736296123652,-0.05537638304271231,0.10999171311672033,6
symmetric,0.758,10.115379865810763,1.0729842318438099,-0.044283238777692135,0.10270178342952584,5
symmetric,0.759,10.127756319864295,1.0616018639001947,-0.032765838057480234,0.09625769003368753,6
symmetric,0.76,10.135015512025369,1.052254596255005,-0.021878902089434105,0.0904675467431739,6
symmetric,0.761,10.137848490197165,1.0442349112546232,-0.01222220371330085,0.08488435981708134,6
symmetric,0.762,10.137443553526078,1.0365504362606033,-0.004187135354398297,0.07900182537031801,6
symmetric,0.763,10.135474503236628,1.0282031853968,0.0022794979621822975,0.0724278620449446,6
symmetric,0.764,10.133783739044823,1.0184137147251078,0.007399763537255133,0.06502575750180181,6
symmetric,0.765,10.133870944891878,1.0069295304505115,0.011253751447426907,0.05703675923453415,7
symmetric,0.766,10.136775861276833,0.9940123822746721,0.013813939897751037,0.04885184993463037,7
symmetric,0.767,10.1430853108648,0.9802680363077931,0.014873412008569176,0.04097792729211524,6
symmetric,0.768,10.152914245650448,0.9664519823794531,0.014219033895709776,0.03395662441307033,7
symmetric,0.769,10.16587677947732,0.9532463657540368,0.011947527186799256,0.028108191392669547,7
symmetric,0.77,10.181211507149479,0.9410490637551995,0.008118812869462033,0.02333941008996154,6
symmetric,0.771,10.19741031734646,0.9302040419355205,0.0022041617887393894,0.019317007569565045,6
symmetric,0.772,10.213196557321908,0.9204671786745617,-0.005706302202026503,0.015262579159307028,6
symmetric,0.773,10.227402485110732,0.9116393821840151,-0.014776787924893453,0.010588025024124616,6
symmetric,0.774,10.23963177923349,0.9032292771306786,-0.023548331413138168,0.004777439915514971,6
symmetric,0.775,10.248422480074304,0.8949316258316786,-0.03195372600730351,-0.0025639274447817988,9
symmetric,0.776,10.252384828230301,0.8863850058598244,-0.0396868355036597,-0.011718104829666422,9
symmetric,0.777,10.250919686764625,0.8784383933453473,-0.04630531171387697,-0.021344067469869263,10
symmetric,0.778,10.247777627745743,0.8725317822768289,-0.05100191648613528,-0.02845265581643927,5
symmetric,0.779,10.256487283582699,0.868519014115107,-0.05704079724054223,-0.03054537858516679,5
symmetric,0.78,10.275919740116079,0.8655543519927669,-0.06467736370457744,-0.02862395071628067,5
symmetric,0.781,10.302264136640634,0.8614374124372264,-0.07100104807457264,-0.024503679579262534,5
symmetric,0.782,10.33197886386841,0.8545842524246787,-0.07377198413233943,-0.018943896758617306,5
symmetric,0.783,10.362251583908941,0.8438641147393648,-0.0721906836727193,-0.012509732505965515,5
symmetric,0.784,10.391344215860615,0.8287219767947734,-0.06681721266401208,-0.005878055863430036,7
symmetric,0.785,10.418675064574918,0.8097505402341969,-0.05970706410929605,0.0006938974949763823,8
symmetric,0.786,10.444028544247706,0.7874580389784764,-0.052596459633878156,0.006059028162925183,8
symmetric,0.787,10.467639723509857,0.7630356761505067,-0.04732129750141545,0.009460013050380224,7
symmetric,0.788,10.48999497103629,0.73830324913721,-0.04529310324037028,0.01081159960885454,7
symmetric,0.789,10.511556686055354,0.7152170198323106,-0.04724239162170196,0.010480243218086984,7
symmetric,0.79,10.532628473081957,0.69578571837409,-0.05277407431811709,0.009272866276090315,7
symmetric,0.791,10.553486793864238,0.681517041275051,-0.060575602393824424,0.007989688740062301,7
symmetric,0.792,10.574388165997503,0.6732464468727243,-0.06885869039559944,0.0071058455690433025,7
symmetric,0.793,10.595541035484969,0.6713881290829151,-0.07572588695887594,0.00710552035616303,5
symmetric,0.794,10.617301715964848,0.6763290537046088,-0.07987241906296538,0.009121276684603137,6
symmetric,0.795,10.639913864663276,0.6875224440272099,-0.08089626657605509,0.013682951434808546,6
symmetric,0.796,10.663010378105591,0.7031299810544293,-0.07867598802418652,0.020064713505485828,5
symmetric,0.797,10.685466403527426,0.7213315725112279,-0.07300595693860656,0.027746251377375155,6
symmetric,0.798,10.706029540627796,0.7401412692684013,-0.06426664655429071,0.03596363077177944,6
symmetric,0.799,10.723498628237678,0.7577745656962043,-0.05326787768526953,0.04396176448651623,5
symmetric,0.8,10.736895257216819,0.7729407746053217,-0.04106873250611409,0.05121018552804783,6
symmetric,0.801,10.745651683775758,0.7850412899848475,-0.028912318099317602,0.05751987117244472,6
symmetric,0.802,10.749791066851419,0.7943976165705767,-0.017851897556539154,0.06317715271878505,6
symmetric,0.803,10.750074939415228,0.8020509824604685,-0.008556165005336513,0.06871251140134076,6
symmetric,0.804,10.747683079134845,0.8092207733061578,-0.0012098319984839012,0.07463750984937281,6
symmetric,0.805,10.74432051022364,0.8172364052543541,0.004498204860574617,0.08134163277786007,6
symmetric,0.806,10.741633649568524,0.8270088322244239,0.008866193811172263,0.08886797758496795,6
symmetric,0.807,10.740910213980664,0.838808281959445,0.011987571249700624,0.096872258288541,7
symmetric,0.808,10.743064609361493,0.8523457896605826,0.013840098006526524,0.10487110321724025,6
symmetric,0.809,10.748592661440611,0.8669989489039468,0.014254011073600914,0.1123599893186826,6
symmetric,0.81,10.757402547042838,0.8819451523575967,0.012975080907931869,0.11882592696534981,6
symmetric,0.811,10.768674997473054,0.8962650495352206,0.009709555076221843,0.12398272225650302,6
symmetric,0.812,10.78145057183652,0.9094785474098634,0.004330874473147839,0.12806496545344467,7
symmetric,0.8130000000000001,10.794841753095552,0.9216043370244813,-0.0030211274436533486,0.1317494336411777,6
symmetric,0.8140000000000001,10.807706962793088,0.9327588137096422,-0.011910481227090042,0.13578278157514537,6
symmetric,0.8150000000000001,10.819563657454259,0.9433953245971158,-0.02087199713624366,0.1408640890233417,6
symmetric,0.8160000000000001,10.829465905150379,0.953551114618464,-0.029125557146848058,0.14728465674600047,7
symmetric,0.8170000000000001,10.835757226534422,0.9632104011233346,-0.036715470932908056,0.1553392180955763,6
symmetric,0.8180000000000001,10.837173928823038,0.972014613827195,-0.043314898986439365,0.16462960893477427,9
symmetric,0.8190000000000001,10.833657729654938,0.9782651975051981,-0.04873402496347512,0.17266979890506848,10
symmetric,0.8200000000000001,10.833416076135812,0.983306363866997,-0.05372908559114431,0.17745591332134789,6
symmetric,0.8210000000000001,10.845819403285025,0.9884886660162261,-0.060976638289819585,0.177583446457319,6
symmetric,0.8220000000000001,10.867278602572963,0.9945610347128802,-0.06895464397998774,0.17440232558819782,5
symmetric,0.8230000000000001,10.893814615094039,1.0027073914531233,-0.07469052117478259,0.16908175679113102,5
symmetric,0.8240000000000001,10.92194187137871,1.0139493154350854,-0.07632644185353366,0.1623083292656819,6
symmetric,0.8250000000000001,10.949120931341659,1.0291536528007346,-0.07346540923189404,0.15505274635540386,6
symmetric,0.8260000000000001,10.973931185288384,1.048656593283186,-0.0670666679695684,0.14838392602943765,7
symmetric,0.8270000000000001,10.996278186402757,1.0716157848735521,-0.05948070806195527,0.1425039734347837,8
symmetric,0.8280000000000001,11.016417942934236,1.0971688257153391,-0.052758060192726886,0.13824954771993173,8
symmetric,0.8290000000000001,11.034909052682673,1.1240254209601477,-0.04845923311961031,0.13617000071138138,8
symmetric,0.8300000000000001,11.052512766965203,1.1504655282671488,-0.04771370175537504,0.13618413410589564,7
symmetric,0.8310000000000001,11.069941769118639,1.1745590862865478,-0.0506587553369906,0.13759921422018942,7
symmetric,0.8320000000000001,11.0877543004162,1.1945261491732504,-0.05654167240962926,0.13945858861340393,7
symmetric,0.8330000000000001,11.10637610201613,1.2090344010136624,-0.06384860254672509,0.14078610283238807,6
symmetric,0.8340000000000001,11.126106759182862,1.2174312959794311,-0.07076037212620467,0.14092358136492342,7
symmetric,0.8350000000000001,11.14710689549554,1.2198225195942152,-0.07561325269679231,0.13976316645970646,7
symmetric,0.8360000000000001,11.169524204584516,1.2163682023861824,-0.07739691554546813,0.13690777680291236,5
symmetric,0.8370000000000001,11.193477639743854,1.2073733692408517,-0.07598953957947874,0.13166243517910792,6
symmetric,0.8380000000000001,11.21826554703953,1.1946031919472508,-0.07166461352637477,0.1248564206814336,6
symmetric,0.8390000000000001,11.242610500968484,1.1797827897515791,-0.0647045070436163,0.11720940057296657,6
symmetric,0.8400000000000001,11.264876576478523,1.1644976987459326,-0.05547414327775124,0.10931480523123961,6
symmetric,0.8410000000000001,11.283594767093971,1.1501733110410557,-0.044732794220385674,0.10177387415139287,6
symmetric,0.8420000000000001,11.297637331764452,1.1377805092011606,-0.033453820076396745,0.09495406701173542,6
symmetric,0.8430000000000001,11.30654545995803,1.1275052408217618,-0.022626204895892288,0.08881961183340824,6
symmetric,0.8440000000000001,11.310631406190588,1.118906282141893,-0.012973334882070864,0.0830481414122328,6
symmetric,0.8450000000000001,11.311053032712824,1.1110229367276145,-0.0047762011460430465,0.07712731417820533,6
symmetric,0.8460000000000001,11.309298339939687,1.1028785567397694,0.0018942595601900702,0.0706416540840792,6
symmetric,0.8470000000000001,11.307246886913555,1.0935627226113525,0.007268375271239691,0.06335543516803369,6
symmetric,0.8480000000000001,11.306550337395773,1.082622126245539,0.011470643316910278,0.05539103331075905,7
symmetric,0.8490000000000001,11.308404111954966,1.0701685614909011,0.01451015741971351,0.04706951752938233,6
symmetric,0.8500000000000001,11.313549001113268,1.0566692069033445,0.016135128262240395,0.03887288833204451,6
symmetric,0.8510000000000001,11.322264293354374,1.0428308260094798,0.016015632370415922,0.031373604715791564,6
symmetric,0.8520000000000001,11.334301809520454,1.0294002301691259,0.014172855292681641,0.025010382452789442,7
symmetric,0.8530000000000001,11.349013832661424,1.0168593275111357,0.010776365408824873,0.019824454259252406,7
symmetric,0.8540000000000001,11.36503771343755,1.0055988096466795,0.00542473005300903,0.015570696953334302,6
symmetric,0.8550000000000001,11.381036141080696,0.9955171111462231,-0.002014702310826788,0.011558678580632907,6
symmetric,0.8560000000000001,11.395752722161971,0.9863669842129559,-0.010937517747852787,0.007108103570775315,6
symmetric,0.8570000000000001,11.408796516222003,0.9776971302204868,-0.019773754797069998,0.0016777825579164251,6
symmetric,0.8580000000000001,11.418893899133254,0.9692929310264184,-0.02813855991163261,-0.005047041122765654,6
symmetric,0.8590000000000001,11.424532085688227,0.9608072755902611,-0.03620961395199962,-0.013443299490134649,9
symmetric,0.8600000000000001,11.424946277888479,0.9527841677537982,-0.043124469128455134,-0.022496221215881577,9
symmetric,0.8610000000000001,11.420601436168468,0.9467046056186559,-0.048356242582811015,-0.029821068866716368,2
symmetric,0.8620000000000001,11.423746809781672,0.9423799617198507,-0.052642675513382864,-0.03273776489998339,6
symmetric,0.8630000000000001,11.439135079447265,0.939537306470067,-0.05893158441391999,-0.03098230225708024,5
symmetric,0.8640000000000001,11.463279980116738,0.936262129816052,-0.06496819088355688,-0.02659457407996315,5
symmetric,0.8650000000000001,11.49244944041185,0.930726894428421,-0.06823505713614608,-0.020745779742202226,5
symmetric,0.8660000000000001,11.523420842648987,0.921644290407981,-0.06739055268523075,-0.013994015038535786,5
symmetric,0.8670000000000001,11.553882485162115,0.9081573075191226,-0.0625763605302152,-0.007084578340516924,5
symmetric,0.8680000000000001,11.582614503403494,0.8902066379309064,-0.05506399413403429,-0.0007251534139711212,7
symmetric,0.8690000000000001,11.609407263372757,0.8688793389358667,-0.04745322838357802,0.004969462873761842,7
symmetric,0.8700000000000001,11.634261524929089,0.8452011486717158,-0.041595700258233226,0.009130553292893993,7
symmetric,0.8710000000000001,11.657446992940963,0.8206666340383032,-0.038984593317564986,0.011309799630940266,6
symmetric,0.872,11.679343133465398,0.797120004415739,-0.04039175554559993,0.011630380842571316,7
symmetric,0.873,11.700324395393194,0.7765557341843482,-0.045504994129107024,0.010810327101203537,6
symmetric,0.874,11.72077167632393,0.7606775947693657,-0.05310555412679019,0.009653859047297661,7
symmetric,0.875,11.741070838999034,0.750542628727771,-0.061527275151847416,0.008669882742008108,7
symmetric,0.876,11.761580945751165,0.7467344549101265,-0.06887656070646697,0.008310467943904332,7
symmetric,0.877,11.782589227280381,0.7494757873233532,-0.07349058008639964,0.009221844889540837,6
symmetric,0.878,11.804487414698757,0.7588639435849124,-0.07482946968968873,0.012539702068521476,5
symmetric,0.879,11.827243274415014,0.7735195613400138,-0.07281314443959541,0.017988982311232388,6
symmetric,0.88,11.849956952392692,0.7916064293435014,-0.06739308007282685,0.025011183948549336,6
symmetric,0.881,11.871327017593433,0.8111182324057818,-0.05882791217850447,0.032927019894707005,6
symmetric,0.882,11.890053099246064,0.8300931899032079,-0.047855629533539945,0.040943831441583464,6
symmetric,0.883,11.90501522939282,0.846913691818335,-0.03564208804199942,0.04836181390226706,6
symmetric,0.884,11.915538786289432,0.8605062566667961,-0.0236331152609488,0.05469009690838922,6
symmetric,0.885,11.921289823859398,0.870956378878925,-0.012569181556400855,0.06025944462438414,6
symmetric,0.886,11.922822337427865,0.879161826466099,-0.0030391258006163824,0.06561117621374213,6
symmetric,0.887,11.921094948989113,0.886284415183053,0.0045995703416932265,0.071295331894282,6
symmetric,0.888,11.917760040475,0.8937443778670221,0.010608565157142591,0.0777908608489698,6
symmetric,0.889,11.914576423043412,0.9026840309703938,0.015306574800519002,0.08526269530712988,6
symmetric,0.89,11.913010067876671,0.913625076342314,0.018811422602324823,0.09345097345908812,6
symmetric,0.891,11.914134856949037,0.9264790800778865,0.02105637051252951,0.10183072647707385,6
symmetric,0.892,11.918620192092705,0.9407019108883484,0.021911202071523528,0.10986209209501188,6
symmetric,0.893,11.926643168399735,0.9555907217246942,0.02111800475844361,0.11700225823467643,7
symmetric,0.894,11.937490618048214,0.9701366047110405,0.018351393844520558,0.12279576075578129,6
symmetric,0.895,11.950260532716209,0.9837609421911637,0.013492525241335818,0.12734001947857598,5
symmetric,0.896,11.963933025880896,0.9962766405015085,0.006546112606598653,0.1311647093190986,6
symmetric,0.897,11.977431058449069,1.0078370888277202,-0.0021221381111116155,0.135067377034075,7
symmetric,0.898,11.989861399741665,1.0186897087733389,-0.011421468994269102,0.1397603004277665,6
symmetric,0.899,12.000668750292991,1.0291866736180828,-0.020039396814548915,0.14574894763633534,6
symmetric,0.9,12.008309263636974,1.0392389617631803,-0.02804185837287876,0.1533083226173698,9
symmetric,0.901,12.011284829130425,1.0487284518593947,-0.03544911279564378,0.16250435652298248,10
symmetric,0.902,12.009351328743598,1.0560903427871313,-0.041394194074484636,0.1711443442382278,7
symmetric,0.903,12.006164343847438,1.0613551049386343,-0.04623175301160831,0.1772245585042866,6
symmetric,0.904,12.01474659692899,1.066873482313339,-0.052667057090178604,0.1787647696252445,6
symmetric,0.905,12.033648302702199,1.0727001511093395,-0.06083228316076017,0.1763377048948098,5
symmetric,0.906,12.058823956527046,1.080218603062297,-0.06769848219847496,0.17151831293979244,5
symmetric,0.907,12.086651950090275,1.0904370486680055,-0.07093125555966218,0.1650294295230474,5
symmetric,0.908,12.11428433170804,1.1042858984934696,-0.0697011199775539,0.15773124155592286,5
symmetric,0.909,12.139966264383606,1.122315537689348,-0.06446166209162252,0.15069617397383303,6
symmetric,0.91,12.163136256483833,1.1442139919737817,-0.05711053476699335,0.14455345628620447,8
symmetric,0.911,12.184103887313965,1.1689225578568458,-0.050074375719894704,0.13965196283619266,7
symmetric,0.912,12.203224266037491,1.1954307513736053,-0.045001135711091766,0.13685047762361413,8
symmetric,0.913,12.221180799142338,1.2221694320459406,-0.04323753488888027,0.13627260870946833,7
symmetric,0.914,12.238674101865836,1.2472900022557256,-0.04520467984377041,0.13741437635135226,7
symmetric,0.915,12.25630711501659,1.2688733978639846,-0.050353182732367774,0.13934478427300803,7
symmetric,0.916,12.274561907934222,1.2853949748668119,-0.057389248732674814,0.14103770281803568,7
symmetric,0.917,12.293807054440066,1.2959316678199788,-0.06460086019319267,0.1416711498793766,7
symmetric,0.918,12.314311461641074,1.300337738767146,-0.07020149872273196,0.1409606475595275,7
symmetric,0.919,12.336164984330056,1.2988975999333607,-0.0729215691564633,0.13885112759842994,6
symmetric,0.92,12.359635745207843,1.291653209604002,-0.07251478709590731,0.1344612238423884,6
symmetric,0.921,12.384297574033509,1.2799026250547858,-0.06907883571362383,0.1281487192240237,5
symmetric,0.922,12.409068582961819,1.2654362919216293,-0.06291630047422192,0.12071278915194117,6
symmetric,0.923,12.43230898549515,1.2498829131849718,-0.054321361531906254,0.1127495535240716,6
symmetric,0.924,12.452475279710916,1.234825626278222,-0.04400874535938715,0.10494791864859764,5
symmetric,0.925,12.468336050590345,1.2215472895372907,-0.03300701601997602,0.09789188426845362,6
symmetric,0.926,12.47912435304145,1.2104844180334695,-0.02206221372198236,0.09158557652941507,6
symmetric,0.927,12.484875070302564,1.2013926425497758,-0.01202017737824268,0.08578857604959332,6
symmetric,0.928,12.486427245027164,1.1934577808268343,-0.003363305481909551,0.08002275781198342,6
symmetric,0.929,12.485115219774057,1.1856925326041983,0.003725395736786874,0.07381868820886386,6
symmetric,0.93,12.482849150966246,1.1770472794421563,0.009473150559033527,0.06682808257067858,6
symmetric,0.931,12.481449065216456,1.166850073082942,0.014065227426446558,0.05903610806224398,6
symmetric,0.932,12.482289785349188,1.1549973472628383,0.017475944345859196,0.0507791765218931,6
symmetric,0.933,12.486271977405012,1.1418757966626012,0.0196077656934317,0.042478256924332596,6
symmetric,0.934,12.493839064529414,1.1281217273385458,0.020100423566788983,0.03469554587679275,6
symmetric,0.935,12.504905141968507,1.1144975583609196,0.018822336379465288,0.027939251432305107,6
symmetric,0.936,12.518924553713756,1.1015949952369917,0.015923501554137687,0.022401335816543452,6
symmetric,0.937,12.534884254443307,1.0897797332250774,0.011303835921610883,0.017884632963818165,6
symmetric,0.9380000000000001,12.551311235641183,1.079184642164366,0.004579716018715763,0.013866533685909361,6
symmetric,0.9390000000000001,12.56669515296236,1.0696575161374542,-0.004050521682677166,0.0096476186836188,7
symmetric,0.9400000000000001,12.580391947822944,1.060814259651599,-0.013189519568116204,0.004610287018322991,6
symmetric,0.9410000000000001,12.591599266758848,1.0522902148611932,-0.021845317415222665,-0.0016624100027920951,6
symmetric,0.9420000000000001,12.598806901553246,1.043756866358605,-0.030182875486447935,-0.009571570988350557,9
symmetric,0.9430000000000001,12.600858028203955,1.0350709989805225,-0.037917654133160505,-0.01917798610927951,10
symmetric,0.9440000000000001,12.597470039137209,1.0276446680511353,-0.04433197315494253,-0.028327300355610867,10
symmetric,0.9450000000000001,12.59680468191257,1.0223573065081626,-0.04891887304311493,-0.03398486468509467,6
symmetric,0.9460000000000001,12.608861746180413,1.0188284270756236,-0.05588881402243984,-0.0346845627964726,5
symmetric,0.9470000000000001,12.630626493698282,1.0156759025333504,-0.0636141233093781,-0.0320009832582726,5
symmetric,0.9480000000000001,12.65831030287385,1.0108361475505414,-0.06915741429473932,-0.02741753264076159,5
symmetric,0.9490000000000001,12.688517221916733,1.0028441968214787,-0.0707135245753947,-0.021548500193264656,5
symmetric,0.9500000000000001,12.718713184613144,0.9906884432698299,-0.0678682429937385,-0.015020761372668025,5
symmetric,0.9510000000000001,12.74747011366639,0.9740715956297372,-0.06170209091294376,-0.008500459540577102,7
symmetric,0.9520000000000001,12.774417324646189,0.9537886559127267,-0.054335437014316756,-0.0022574124246227045,7
symmetric,0.9530000000000001,12.799429387607377,0.9304662682755294,-0.0475752398167848,0.002524947747619212,8
symmetric,0.9540000000000001,12.82283540103175,0.9055467868739121,-0.04319794911689967,0.005314028339314781,7
symmetric,0.9550000000000001,12.845089616254954,0.8808671308509808,-0.042504501375684844,0.006105203014712973,7
symmetric,0.9560000000000001,12.866586882024924,0.8585224891427095,-0.04581038021762596,0.005484208456417289,6
symmetric,0.9570000000000001,12.887625299615745,0.8404157152078048,-0.05235799696293797,0.0043177155430851166,6
symmetric,0.9580000000000001,12.908486528802317,0.8278585586561238,-0.06063823209914476,0.003299858859969341,7
symmetric,0.9590000000000001,12.929440189808599,0.821515656948601,-0.06878343636810302,0.002838065815564812,7
symmetric,0.9600000000000001,12.950732127856702,0.8217363427785169,-0.0749934376370196,0.00351940782990029,5
symmetric,0.9610000000000001,12.972829218266464,0.8288670289006413,-0.0783523402566233,0.006621625003989133,6
symmetric,0.9620000000000001,12.995798767217124,0.8416192082329633,-0.07857571072591107,0.011892574790275352,6
symmetric,0.9630000000000001,13.018900765448734,0.8582870143491935,-0.07533192275581801,0.01883749651899708,5
symmetric,0.9640000000000001,13.040946528221777,0.8769457275715119,-0.06859568502042146,0.026828402704223438,6
symmetric,0.9650000000000001,13.060686387406964,0.8956193209744688,-0.058930029505628534,0.03506151546537992,6
symmetric,0.9660000000000001,13.076967187327252,0.9126448627202577,-0.047286032974616754,0.0428317466221705,5
symmetric,0.9670000000000001,13.088927394817697,0.9269169675456065,-0.03485354306124111,0.04969013242215131,6
symmetric,0.9680000000000001,13.096199623483987,0.9380611282161773,-0.022944798077368045,0.05555437685133469,6
symmetric,0.9690000000000001,13.098947499574463,0.9466768251662898,-0.012469278336484146,0.06089084517185067,6
symmetric,0.9700000000000001,13.097937267898512,0.9538097839009749,-0.0040269905150511764,0.06625177719294606,6
symmetric,0.9710000000000001,13.094786730728504,0.9609345597192511,0.0026097217163989495,0.07221762684816656,6
symmetric,0.9720000000000001,13.091297899411357,0.9693378426381773,0.007818412473476144,0.07910953074610243,6
symmetric,0.9730000000000001,13.089052375488597,0.9797403104073815,0.01183458260649961,0.08683377593882556,6
symmetric,0.9740000000000001,13.089212400373365,0.9921987958425228,0.014651096795914809,0.09492982313637559,7
symmetric,0.9750000000000001,13.092540603246492,1.0062459308479623,0.016160039867910925,0.10285492602102217,6
symmetric,0.9760000000000001,13.099355307244524,1.0211579105657864,0.01615145031333931,0.11008009570813082,6
symmetric,0.9770000000000001,13.109342972261263,1.036069057918708,0.014411573485964668,0.11614324781672562,6
symmetric,0.9780000000000001,13.121584787225613,1.0501843819529408,0.010657997125511187,0.12092873773514311,5
symmetric,0.9790000000000001,13.135027110164684,1.0631076075820376,0.004727958071157667,0.12480338659688683,6
symmetric,0.9800000000000001,13.148690595730995,1.0749323676521083,-0.0031708702902375485,0.12851036681176325,6
symmetric,0.9810000000000001,13.161599118978053,1.0859199684876835,-0.01223498225038444,0.13284230851250473,6
symmetric,0.9820000000000001,13.173212442877574,1.0964119400467314,-0.021030092460811334,0.1383623718174839,6
symmetric,0.9830000000000001,13.182227507723013,1.1063925046181298,-0.029241939799623085,0.14537014436922366,9
symmetric,0.9840000000000001,13.187026626238124,1.1158572564796714,-0.03676413061573758,0.1541000358578596,8
symmetric,0.9850000000000001,13.186662426137747,1.1242611681465033,-0.0433040498165409,0.1638200972548539,7
symmetric,0.9860000000000001,13.181829221894969,1.130057204173875,-0.04866784673325886,0.17181963614502357,5
symmetric,0.9870000000000001,13.1850510375296,1.135401278423397,-0.05445685430747993,0.17577818194663003,5
symmetric,0.9880000000000001,13.20019603400623,1.1408012137472672,-0.06251436626448093,0.17521209724231243,6
symmetric,0.9890000000000001,13.223281445476609,1.1474919175824563,-0.07034967283152382,0.17174372062788285,6
symmetric,0.9900000000000001,13.250419664328739,1.156662504498169,-0.07526739639844737,0.1663270327616604,5
symmetric,0.9910000000000001,13.278388243725185,1.1692921853011398,-0.07584908339135277,0.15965613422538313,5
symmetric,0.9920000000000001,13.304998505749026,1.1861134454831133,-0.07205755573785311,0.15274442700189145,6
symmetric,0.9930000000000001,13.329287273706138,1.2070405879509691,-0.06540951531949446,0.1462817369778748,8
symmetric,0.9940000000000001,13.35126761322541,1.2312247365917148,-0.058112635090771914,0.14074656301059438,8
symmetric,0.9950000000000001,13.371152343014606,1.2578459231444565,-0.05193121374618448,0.13716857723235135,7
symmetric,0.9960000000000001,13.389633543061258,1.285303010382886,-0.04842703165586548,0.13576448764859386,6
symmetric,0.9970000000000001,13.407478591553856,1.311722664319609,-0.0485794783163358,0.13623198637791786,7
symmetric,0.9980000000000001,13.425364396149957,1.335104171539274,-0.052352684616419065,0.13772922950321356,7
symmetric,0.9990000000000001,13.44377453663884,1.3537650759219866,-0.05881484858731456,0.13931275758684614,7
symmetric,0.9999,13.46107470129025,1.3655569391522375,-0.06558958525602221,0.1400626022745992,7
left_drive,0.0,0.0,0.0,0.0,0.0,14
left_drive,0.001,0.0024154847872751573,0.0002490123880943727,-0.0028406628161898873,0.0002077600890810368,8
left_drive,0.0020000000000000005,0.008439527252244727,0.0012619262623897417,-0.010594150333238073,0.0010297401997888082,9
left_drive,0.0030000000000000005,0.017152083133211926,0.0029300180181094765,-0.02154711970048817,0.0024031010391386814,8
left_drive,0.004,0.027555978331043285,0.005210529306465143,-0.034253666148607254,0.004174866345113143,7
left_drive,0.005,0.03870856605079753,0.00788882591682248,-0.04756286602719406,0.006108542507961717,6
left_drive,0.006,0.04993747741440291,0.010710165366144313,-0.060501334537499174,0.007871956482078115,6
left_drive,0.007,0.060918414006264854,0.013432786725820482,-0.07222256100221935,0.009219044936235295,8
left_drive,0.008,0.07140426277615475,0.0159660296517997,-0.0822659133887178,0.010126792003087717,8
left_drive,0.009000000000000001,0.08123280903860908,0.018265209210270614,-0.0903819666268626,0.010581919336399832,8
left_drive,0.010000000000000002,0.09023328255465579,0.020208571636360848,-0.09645221346947452,0.010528869715349826,7
left_drive,0.011000000000000001,0.09828419692195578,0.021755577382680292,-0.10051962252831892,0.010018613302630807,7
left_drive,0.012000000000000002,0.10533803902178451,0.02280195780437516,-0.10273813267657461,0.009035011722188803,8
left_drive,0.013000000000000001,0.11138884566439244,0.023302642485089977,-0.10325130981841824,0.007699838664584454,7
left_drive,0.014000000000000002,0.11650812734075955,0.023124752351552348,-0.10215092149080252,0.0060362307425811884,8
left_drive,0.015000000000000001,0.12080644705034271,0.022206525501552964,-0.09961283926459852,0.004144899054765318,7
left_drive,0.016,0.12446545573589263,0.020500973793840162,-0.09584852896844565,0.0021581459025509946,8
left_drive,0.017,0.12788574283523946,0.018170646972361707,-0.09136093319715588,0.0001929643834400531,7
left_drive,0.018000000000000002,0.13151777226507733,0.015214953710171862,-0.08711831437981532,-0.0015661574481115783,7
left_drive,0.019000000000000003,0.13610133162139093,0.011217239543425813,-0.08488936076023657,-0.002987886212538986,7
left_drive,0.02,0.14137593279778315,0.006250065874631007,-0.08407351464624169,-0.003887523409112733,8
left_drive,0.021,0.14719319402433695,0.00021535418974585402,-0.08400391258896267,-0.004563778724763847,8
left_drive,0.022000000000000002,0.1533303134322166,-0.006653523751068907,-0.08510303563870791,-0.005158773984873953,9
left_drive,0.023000000000000003,0.15968796885410486,-0.014208429376072352,-0.08768949556720651,-0.00589475588888795,7
left_drive,0.024,0.16644913589887156,-0.0228176110942517,-0.09215765206088244,-0.007523239043555721,8
left_drive,0.025,0.17344526061730647,-0.032205088603164345,-0.09825345158904675,-0.009844104877619827,7
left_drive,0.026000000000000002,0.1802720108835355,-0.04186430709478073,-0.10542852134652736,-0.012369408022114925,7
left_drive,0.027000000000000003,0.1866791774961858,-0.051521777165094755,-0.11331071893850297,-0.01500370082146141,7
left_drive,0.028,0.1925048938201479,-0.060873101205789745,-0.12112480871415943,-0.01762751099691575,7
left_drive,0.029,0.1976411598374168,-0.06989733488379454,-0.12821006894957243,-0.020394035278555156,6
left_drive,0.030000000000000002,0.20187267954163013,-0.0788775753692372,-0.13463674068490783,-0.023805111098259963,8
left_drive,0.031000000000000003,0.2055642136928043,-0.08777184946053204,-0.1412716560283458,-0.028257775213575705,8
left_drive,0.032,0.20960781427741293,-0.09588218921210129,-0.1473643751203173,-0.033200787840545976,8
left_drive,0.033,0.21487122658436286,-0.10263644301216934,-0.15205746937279208,-0.03813187756200061,8
left_drive,0.033999999999999996,0.2218997610551091,-0.10772696763859835,-0.15505255341762947,-0.04271529582860435,9
left_drive,0.034999999999999996,0.23092993451238164,-0.11056863194412783,-0.15638979152746213,-0.04655795906834358,9
left_drive,0.036,0.24194113667262007,-0.11061319985667474,-0.15636562648742158,-0.04935169340721992,7
left_drive,0.037,0.2544590509522028,-0.1071959556385641,-0.15569155775502042,-0.050566864739882346,7
left_drive,0.038,0.26672869675667954,-0.09598813197283652,-0.15787518752405538,-0.04708407095232221,7
left_drive,0.039,0.2777046770572772,-0.0797536406479729,-0.1626353153377177,-0.040913313243887243,8
left_drive,0.04,0.2877111538687602,-0.06320515149307913,-0.16818914924208717,-0.03527987041162108,6
left_drive,0.041,0.2974310698517215,-0.04895898270169593,-0.17289493588518456,-0.031673657939434566,9
left_drive,0.042,0.3074181846061247,-0.03801710457907506,-0.17518006764394223,-0.030493268549688958,7
left_drive,0.043,0.3179841442613023,-0.0305778023218265,-0.1741178273979208,-0.03164462783768489,7
left_drive,0.044,0.3290491807196837,-0.026126797020647907,-0.1690737355452766,-0.03446890874658938,5
left_drive,0.045,0.34036947881738266,-0.02392845441093009,-0.16003966408944081,-0.03818619921289347,7
left_drive,0.046,0.3518048509376157,-0.02311237021670519,-0.14813089813379277,-0.04216500887938683,5
left_drive,0.047,0.3630647081760834,-0.02281099363720401,-0.13440033069740975,-0.04574982914271924,5
left_drive,0.048,0.37389799077685193,-0.022385033878137627,-0.1200800490577143,-0.04854779115150503,5
left_drive,0.049,0.38417972886289264,-0.021234816532027176,-0.10649322293519425,-0.050262281843771,5
left_drive,0.05,0.3938591376159847,-0.018845729117631046,-0.0948701510303196,-0.050741832979766956,5
left_drive,0.051,0.40294792762390297,-0.014861215291197619,-0.08625644477042882,-0.04998337646681341,5
left_drive,0.052,0.41147228763311405,-0.00918510716152613,-0.08139070764832135,-0.04820852678855655,5
left_drive,0.053,0.419387303724708,-0.001859535944811632,-0.08055024025205304,-0.045695787894147785,5
left_drive,0.054,0.42659725353391875,0.006932853217605693,-0.08350221436580108,-0.042733480189447386,3
left_drive,0.055,0.4329983714640826,0.016778912515492333,-0.08959840157314614,-0.039661402332832586,7
left_drive,0.056,0.4381305509394342,0.026219331821253966,-0.0981386411306886,-0.03753130885314398,6
left_drive,0.057,0.4421448841774259,0.034031241490318866,-0.10756778105618037,-0.03623589867392304,7
left_drive,0.058,0.44555670559086924,0.039397505965976104,-0.11561445552479821,-0.035031554453909514,9
left_drive,0.059,0.44876875900391555,0.04247075675097941,-0.12129362043827263,-0.033382443360235145,8
left_drive,0.06,0.45219279910352284,0.043874838247700276,-0.12482824414974991,-0.030841351468219647,8
left_drive,0.061,0.456115081541723,0.04449547622179306,-0.12738814060240244,-0.027263584100215257,9
left_drive,0.062,0.46064239724510436,0.0447877971038627,-0.13037774296777416,-0.023019368269982122,9
left_drive,0.063,0.46501520312931155,0.04440132851281412,-0.13324159773386457,-0.01942774279216366,6
left_drive,0.064,0.46861909784280287,0.040644272547473194,-0.1340630269552876,-0.020022032766768175,6
left_drive,0.065,0.47175854772521153,0.03439511919703867,-0.13339671546421727,-0.024461517855477073,6
left_drive,0.066,0.4748105953566102,0.026956477783724644,-0.13216911013786725,-0.03184672930584175,7
left_drive,0.067,0.477810817277853,0.019845615741556657,-0.1316026767294265,-0.04076548245350955,5
left_drive,0.068,0.48078787081898056,0.01453331163174071,-0.13299373813859994,-0.0497794671327286,7
left_drive,0.069,0.48335640161081006,0.012915996969563888,-0.1364917266702197,-0.05649335454552321,5
left_drive,0.07,0.4846426918385147,0.016417794661124155,-0.14250999502749617,-0.05916305853519632,6
left_drive,0.071,0.4846853649240517,0.023917272454641494,-0.15042453114478738,-0.05902145700456611,8
left_drive,0.072,0.48471642182412444,0.03340091528696654,-0.15866170606587837,-0.05829685943670597,6
left_drive,0.073,0.48592297838727516,0.04304690662224597,-0.1658685475191407,-0.05866492047200749,7
left_drive,0.074,0.48891710629993956,0.051471003004394625,-0.17105246715048883,-0.060855511766217625,7
left_drive,0.075,0.493914536554368,0.05780579164364776,-0.17369378289512993,-0.06499571430463724,8
left_drive,0.076,0.5008403139638964,0.06183834043362376,-0.17377843449234287,-0.07061105656486726,9
left_drive,0.077,0.5094156536302465,0.06387295237633708,-0.1718132601137038,-0.07689562975361372,8
left_drive,0.078,0.5192914856724327,0.0644592635613016,-0.16845978314256405,-0.08305723570030465,7
left_drive,0.079,0.5299670945023776,0.06428656327678517,-0.16469719268655536,-0.0883171082856666,8
left_drive,0.08,0.5409254672828803,0.0638788365553808,-0.16141558683646517,-0.092249639367542,8
left_drive,0.081,0.5516813564784806,0.06369054910380835,-0.15944332959050533,-0.09471323057640788,8
left_drive,0.082,0.56185845877862,0.06414945530610373,-0.15942436715275854,-0.09575166238500424,7
left_drive,0.083,0.5712806583159633,0.06556394563869831,-0.1616072473173551,-0.09551397800804981,7
left_drive,0.084,0.5799697203654621,0.06809327006401501,-0.16590038370530358,-0.09416203572212098,7
left_drive,0.085,0.588407170127331,0.07185460178505977,-0.17231963469741163,-0.09160153639683422,7
left_drive,0.08600000000000001,0.5971655442699324,0.0763104156802605,-0.1802154244694174,-0.08855686710893257,8
left_drive,0.08700000000000001,0.6063396769887284,0.08022569464457681,-0.1884207430449134,-0.08642283820239906,8
left_drive,0.088,0.6146659760146562,0.0814527106945009,-0.19289218288941812,-0.08662502407764937,7
left_drive,0.089,0.6220583043692967,0.07950377883257867,-0.19140205418479583,-0.08937337553848601,7
left_drive,0.09,0.6282242339571436,0.07467555458435933,-0.18393460287839702,-0.09406367944027945,6
left_drive,0.091,0.6356506958698738,0.06425798604068203,-0.17330628580449947,-0.10120918173460784,4
left_drive,0.092,0.6460476646726119,0.04801931190633067,-0.16205578050086222,-0.11003460580878302,5
left_drive,0.093,0.6591876967389583,0.027398622722276694,-0.15224292507935844,-0.11950968516119823,5
left_drive,0.094,0.6742823721412528,0.0048710275745652825,-0.1452731261805129,-0.12892097358469548,3
left_drive,0.095,0.690480926185232,-0.01822242974217035,-0.1438322124198692,-0.13805858808541432,5
left_drive,0.096,0.7069995257038997,-0.041670246105489216,-0.15005226482067946,-0.14746564766899004,6
left_drive,0.097,0.7229601335231635,-0.06519325920624003,-0.1644330529051713,-0.15764542401217246,7
left_drive,0.098,0.7376392407024177,-0.08789520839336286,-0.18590586913257268,-0.16814338543216353,12
left_drive,0.099,0.7513422973107682,-0.10989498775493024,-0.21086065358291528,-0.17891277902667585,7
left_drive,0.1,0.7641852403077891,-0.1310967767132868,-0.2360320325907943,-0.18960960599538176,7
left_drive,0.101,0.7767869283328441,-0.15091072371174452,-0.2587554579651944,-0.19969384915665225,7
left_drive,0.10200000000000001,0.7896968432795879,-0.16885962763412016,-0.2776854620486635,-0.20884276623835557,8
left_drive,0.10300000000000001,0.8025622278561979,-0.18475035044072605,-0.2928088099723919,-0.21688613018485797,6
left_drive,0.104,0.8148461061649037,-0.19847927027908757,-0.3047229399546122,-0.22396699417675514,12
left_drive,0.105,0.8256888064037469,-0.21017007781738303,-0.3135908163922393,-0.23039648523442702,14
left_drive,0.106,0.8352930497970417,-0.22003430037422197,-0.3195389301377537,-0.23659405218960233,11
left_drive,0.107,0.8441953080089961,-0.22858644378022652,-0.3226517722639288,-0.24281274277823556,5
left_drive,0.108,0.8515656752778211,-0.23656822836267546,-0.3235222625289489,-0.24941535542438162,15
left_drive,0.109,0.8571351601366279,-0.24365532568649814,-0.32266799029760007,-0.25590457730114846,7
left_drive,0.11,0.8611064952647864,-0.24939281526926754,-0.32084368842525235,-0.2618829938484663,6
left_drive,0.111,0.8665779967653988,-0.25280736783042085,-0.3174003174052199,-0.2668123717622671,8
left_drive,0.112,0.8804096795781258,-0.25221988281105023,-0.30786629177509506,-0.2709477037003165,5
left_drive,0.113,0.8980234201628319,-0.248766682598655,-0.2951905928676043,-0.27588937413789305,7
left_drive,0.114,0.9153672590525939,-0.2433406587338624,-0.2820999036406453,-0.28047696695687424,6
left_drive,0.115,0.9303448786235886,-0.23612232992084828,-0.26998762734645354,-0.28169583945083637,6
left_drive,0.116,0.9429138640351644,-0.22745166782281526,-0.25898807872171015,-0.2797498834179861,5
left_drive,0.117,0.9543018280043676,-0.21833874896461697,-0.2480819992904889,-0.27576229099822336,5
left_drive,0.11800000000000001,0.9658254062351357,-0.21035064798887756,-0.23624132238853268,-0.2715738051701371,6
left_drive,0.11900000000000001,0.9784747423496234,-0.2043981821325422,-0.22318906287253015,-0.26842116508529895,5
left_drive,0.12000000000000001,0.9927053850117218,-0.20066159483237167,-0.20920974812032356,-0.2667898153679002,4
left_drive,0.121,1.0085857872032993,-0.19883389514983113,-0.1947399918864089,-0.26664927370403096,4
left_drive,0.122,1.026049529407333,-0.19820542948026545,-0.18032308486124593,-0.26755336779523886,4
left_drive,0.123,1.0451341200052668,-0.19791733526765282,-0.16667335495423952,-0.2688194676208226,4
left_drive,0.124,1.0657949118841747,-0.1972069029602182,-0.15455427169909197,-0.2698227980734718,4
left_drive,0.12500000000000003,1.087870677689538,-0.19563826135807322,-0.1444845514318187,-0.2701364656580565,4
left_drive,0.12600000000000003,1.1108609541494614,-0.19324572961185618,-0.1366758468574678,-0.2697800801633353,6
left_drive,0.12700000000000003,1.1336347230356665,-0.1920817257172952,-0.13193802115788023,-0.2700122683702753,6
left_drive,0.12800000000000003,1.1546690937223885,-0.1947942796955473,-0.13116570316590326,-0.27192196856082584,7
left_drive,0.129,1.1735363999055846,-0.20105469854034608,-0.13346251340148085,-0.2746382004605434,6
left_drive,0.13,1.1900319069306986,-0.20994420205898046,-0.13756428892003902,-0.27710021683833597,7
left_drive,0.131,1.2040921632675976,-0.2205377626860913,-0.14249612589288208,-0.278591815336023,8
left_drive,0.132,1.2158073626573176,-0.231955531595764,-0.1476268632382407,-0.2787439338143462,8
left_drive,0.133,1.225322967265384,-0.24338002249537505,-0.15269511339749875,-0.2774622418116451,9
left_drive,0.134,1.232961789673368,-0.2539801291261527,-0.15747107626085222,-0.27479238254886645,11
left_drive,0.135,1.2388087834048573,-0.2631161584030004,-0.1620723449739686,-0.27104262005080276,6
left_drive,0.136,1.243044901733605,-0.2709114666865225,-0.16587645195436718,-0.26644727527185613,12
left_drive,0.137,1.245906911617104,-0.27739145172052343,-0.1679239534846757,-0.26111638632245765,6
left_drive,0.138,1.2481808793252973,-0.28197602679995015,-0.16878541565216243,-0.25531737352523837,13
left_drive,0.139,1.2508659800375501,-0.28375515247924094,-0.16951792659166676,-0.2491356697229483,8
left_drive,0.14,1.2549389529613408,-0.2818922150270385,-0.1712439936773381,-0.2428023506453714,9
left_drive,0.14100000000000001,1.2612741252950586,-0.276105682533081,-0.1749776193881557,-0.23667407937387921,8
left_drive,0.14200000000000002,1.2700631493089944,-0.26664076586264013,-0.1809050774136972,-0.23105567322669496,7
left_drive,0.14300000000000002,1.280808360482567,-0.2542909504802256,-0.18844683778398907,-0.22623406706880644,7
left_drive,0.14400000000000002,1.2926811213787694,-0.24051655032550093,-0.19693873061671086,-0.22267937509965705,8
left_drive,0.14500000000000002,1.3047521310511767,-0.22696788700449672,-0.20583214010172968,-0.22076815390439275,7
left_drive,0.14600000000000002,1.315913459269299,-0.21452412172289603,-0.2139350248834564,-0.22018143954919292,7
left_drive,0.14700000000000002,1.325246459632963,-0.2035603445179017,-0.22069025570005163,-0.22010934447285274,9
left_drive,0.14800000000000002,1.332177046436283,-0.19442646957175375,-0.2263141054306601,-0.21969733347508194,10
left_drive,0.14900000000000002,1.3363597359699488,-0.18730349036141972,-0.23077073447483687,-0.2182855158679209,11
left_drive,0.15000000000000002,1.3377597179421568,-0.1822764049982374,-0.23405078329663231,-0.21553747914220392,9
left_drive,0.15100000000000002,1.3366252788649708,-0.18020788631907364,-0.23590844752283324,-0.2124706627624093,9
left_drive,0.15200000000000002,1.3332035205210764,-0.18164713836791155,-0.2360776260512265,-0.21034105030275316,7
left_drive,0.15300000000000002,1.3299371603596066,-0.186163425004565,-0.2355581918382268,-0.21159860926040353,6
left_drive,0.15400000000000003,1.329646881180225,-0.19343868981741036,-0.23456248052113138,-0.21895224953712894,6
left_drive,0.15500000000000003,1.3336036154197037,-0.20200921356793922,-0.2336322933722531,-0.23244030995914627,5
left_drive,0.15600000000000003,1.342074057704003,-0.20969793250679566,-0.2336576416397319,-0.2501589649393315,7
left_drive,0.15700000000000003,1.3542897135818086,-0.2140656463854777,-0.2349111644695907,-0.268671484794467,6
left_drive,0.15800000000000003,1.3690821272821703,-0.2142524528822184,-0.2374646161200794,-0.28539297105633465,5
left_drive,0.15900000000000003,1.3850542560511858,-0.21076113311206568,-0.24211420650215454,-0.298997960200574,5
left_drive,0.16000000000000003,1.4007923935141031,-0.2048286300749869,-0.24991170766751625,-0.3089350620229602,7
left_drive,0.16100000000000003,1.4153492615391408,-0.1979812064446717,-0.261980148895394,-0.31540534580500695,6
left_drive,0.162,1.427998193204131,-0.19110091671488602,-0.27805814953451347,-0.31828607190508035,7
left_drive,0.163,1.4398381189936467,-0.18219039697513656,-0.29584572415808985,-0.3167664886315346,6
left_drive,0.164,1.452302161481787,-0.16999265714348863,-0.31235056234282255,-0.31188770061250454,7
left_drive,0.165,1.4649126111978594,-0.15813356440821966,-0.3267896593198164,-0.30665263670042636,6
left_drive,0.166,1.477221258898148,-0.1498504409239347,-0.3384069231971888,-0.3036752059335087,6
left_drive,0.167,1.4892821936836076,-0.1465681854814131,-0.346736773523062,-0.30387797265833344,8
left_drive,0.168,1.501180011259045,-0.1486182198009234,-0.3505493666882321,-0.30737709765176696,9
left_drive,0.169,1.5125488261497884,-0.15561782533689902,-0.3489384392525027,-0.31396988012276184,8
left_drive,0.17,1.5228945567794892,-0.166789795882746,-0.34134298210758107,-0.32332060233460047,9
left_drive,0.171,1.530590708214513,-0.18065771860657437,-0.32622854354324715,-0.33399783084571794,7
left_drive,0.17200000000000001,1.5357145067319284,-0.1963594760236917,-0.30301080334694275,-0.344925727851901,8
left_drive,0.17300000000000001,1.5380105983175607,-0.21270973809696336,-0.27354715962704557,-0.3550145197871014,6
left_drive,0.17400000000000002,1.5372810698094863,-0.2292436736961847,-0.24021361072418457,-0.3640411775066494,4
left_drive,0.17500000000000002,1.5340519188978727,-0.24520793923599934,-0.2066973081897152,-0.371505143706568,5
left_drive,0.17600000000000002,1.5287126817345444,-0.26005169351598056,-0.17574998373135486,-0.3773957401353644,4
left_drive,0.17700000000000002,1.521502672329142,-0.27377800961698384,-0.14948474022100577,-0.3823981064916149,4
left_drive,0.17800000000000002,1.513165619138098,-0.2870915470053542,-0.12886272202001048,-0.3875616115400019,4
left_drive,0.17900000000000002,1.5046869257611117,-0.29983641089014174,-0.11404223717093265,-0.39327352214031447,4
left_drive,0.18000000000000002,1.4971602593642692,-0.3117123353259366,-0.10321801562478639,-0.4001989231560815,6
left_drive,0.18100000000000002,1.4916501074304338,-0.32266456868580895,-0.0946760436418903,-0.40826018172352746,6
left_drive,0.18200000000000002,1.489422807861437,-0.33283015334785215,-0.08809655166683616,-0.4168948123934964,7
left_drive,0.18300000000000002,1.4911205220725527,-0.3423094711045003,-0.08323294773594259,-0.42556771844015,5
left_drive,0.18400000000000002,1.496251981912613,-0.3506357499200168,-0.08010220033837401,-0.43372757130626194,7
left_drive,0.18500000000000003,1.503887614246954,-0.35772759384771796,-0.07888829180366086,-0.4411962208361264,7
left_drive,0.18600000000000003,1.512869992450967,-0.36389108089120326,-0.07981823606714666,-0.4481493368382925,7
left_drive,0.18700000000000003,1.5220848422598472,-0.36992826333018847,-0.08281335218874397,-0.45500921340602196,8
left_drive,0.18800000000000003,1.530299484563566,-0.37682406271745367,-0.08659797644234124,-0.462190783015945,7
left_drive,0.18900000000000003,1.5367603912797132,-0.38550012575350745,-0.08936661853586636,-0.46994134714714614,8
left_drive,0.19000000000000003,1.5414563096172058,-0.39652310879890884,-0.08959612774708892,-0.47828470828071795,8
left_drive,0.19100000000000003,1.5436511792323238,-0.408767657943536,-0.08761460680900934,-0.4866665631343507,8
left_drive,0.19200000000000003,1.5427700875071664,-0.42104651553929856,-0.08475735156832909,-0.49452744860651754,3
left_drive,0.19300000000000003,1.5404713752414136,-0.43833077889104033,-0.087913722740522,-0.5038633642388403,5
left_drive,0.19400000000000003,1.5387223986844019,-0.46029681880174594,-0.10119355592108503,-0.5144764897387658,7
left_drive,0.195,1.5433898276068643,-0.4828778902941541,-0.12085985356796725,-0.5227742079172802,7
left_drive,0.196,1.557602575224108,-0.5043337327600848,-0.1392644446999598,-0.524727804488027,5
left_drive,0.197,1.575741260427045,-0.5250750691657993,-0.15628983479497105,-0.5217148199846524,6
left_drive,0.198,1.593633822584029,-0.5470273211332143,-0.17076182052362965,-0.5173760621881115,6
left_drive,0.199,1.6107309166879,-0.5698174258463812,-0.1814854965117344,-0.513119633422114,5
left_drive,0.2,1.6270441541294582,-0.5931612934048545,-0.18812173833082024,-0.5102169814576355,6
left_drive,0.201,1.642309201038874,-0.6165715316216632,-0.19012230060475543,-0.5090473665812086,6
left_drive,0.202,1.6561239236040177,-0.6395246966399114,-0.18714807885528095,-0.5094720562942447,7
left_drive,0.203,1.6687297064056992,-0.6615720298425974,-0.1802996182657981,-0.5111881524857292,6
left_drive,0.20400000000000001,1.6806259962474357,-0.6823442772399152,-0.17099753500191028,-0.5136947776143387,6
left_drive,0.20500000000000002,1.692124079603631,-0.7016778032570686,-0.16052360935710852,-0.5166147843021817,6
left_drive,0.20600000000000002,1.7037091316817365,-0.7194695356002628,-0.15005981259834256,-0.5196066058917758,5
left_drive,0.20700000000000002,1.7161042609254724,-0.735642016515933,-0.1411131192391093,-0.5221734172597202,5
left_drive,0.20800000000000002,1.7299003139022364,-0.750297401930486,-0.13499150135375682,-0.5241513875708848,5
left_drive,0.20900000000000002,1.7455873104262793,-0.7636766947102872,-0.13287810957143464,-0.5254923804903135,5
left_drive,0.21000000000000002,1.7636860355414337,-0.7759734529287853,-0.13606773758615298,-0.5256959581640361,5
left_drive,0.21100000000000002,1.7835957503631832,-0.7870994326403702,-0.14306999566180023,-0.5248475988264557,6
left_drive,0.21200000000000002,1.804099664702984,-0.7975329060276374,-0.15177485463665796,-0.5236077574361366,6
left_drive,0.21300000000000002,1.8238672693543752,-0.8075093831103589,-0.15974983849368962,-0.5224240848542403,6
left_drive,0.21400000000000002,1.8418657405751473,-0.8167827654349211,-0.16567838729446194,-0.521446979876528,7
left_drive,0.21500000000000002,1.8574483371946053,-0.8248325942930554,-0.1689943837282717,-0.5205219682704512,13
left_drive,0.21600000000000003,1.8701012782544715,-0.8308728340833825,-0.16895686306330415,-0.5195989546146051,8
left_drive,0.21700000000000003,1.8798214782385632,-0.8343178491640408,-0.16604019319909757,-0.5184508028618238,5
left_drive,0.21800000000000003,1.8868445463901784,-0.834708981625891,-0.1612885196437034,-0.5169297296797859,6
left_drive,0.21900000000000003,1.8916146996812397,-0.8319684470751147,-0.15614092112327604,-0.5149829948052188,11
left_drive,0.22000000000000003,1.8941575677954723,-0.8267211094348575,-0.15103665093051033,-0.5123822776231575,9
left_drive,0.22100000000000003,1.895682747423809,-0.820061424645757,-0.14666693001574482,-0.5089337430052409,8
left_drive,0.22200000000000003,1.8975377506344429,-0.8129333788464287,-0.14370367673705253,-0.5047804796370928,7
left_drive,0.22300000000000003,1.900905749278881,-0.8053534201990059,-0.1427525912351726,-0.4999379540597073,7
left_drive,0.22400000000000003,1.9065816424455901,-0.7974463472183463,-0.14421483432829318,-0.49469464938270125,6
left_drive,0.22500000000000003,1.91476576850315,-0.7895334837934138,-0.1478604656629776,-0.48928626627937294,5
left_drive,0.22600000000000003,1.9252310499620977,-0.7823318648567642,-0.15349100969081197,-0.4842400887874598,4
left_drive,0.22700000000000004,1.9374520333733463,-0.7766017902990994,-0.16091530643063423,-0.4801749972962796,6
left_drive,0.228,1.9507416715346806,-0.7726360348123612,-0.16974295042243726,-0.4773368220439546,6
left_drive,0.229,1.9643466888996177,-0.769905536535699,-0.1794984692030055,-0.4752880442021504,6
left_drive,0.23,1.9774514721270604,-0.7678053771604645,-0.18971934240261834,-0.47358593272854427,8
left_drive,0.231,1.9891633299287546,-0.7660292726147149,-0.1996775815501688,-0.47212034380931106,8
left_drive,0.232,1.9986940158715463,-0.7638687446834344,-0.20817396218286843,-0.4704663502283256,8
left_drive,0.233,2.0057124297292277,-0.7609986631767428,-0.2147678421387469,-0.46831684332586526,9
left_drive,0.234,2.010039695622614,-0.7574101084973205,-0.2194655721126867,-0.4654440713596876,9
left_drive,0.23500000000000001,2.0117694350697626,-0.7531181926557672,-0.22305174699243935,-0.46176483800500495,9
left_drive,0.23600000000000002,2.0111150787476935,-0.7488405456346501,-0.22630901378736468,-0.4585896631853942,10
left_drive,0.23700000000000002,2.0105275106472074,-0.7488608449948578,-0.22718923835644433,-0.45945051419243804,7
left_drive,0.23800000000000002,2.0117134435495396,-0.7538417936273432,-0.22616882825813456,-0.46582410044186573,9
left_drive,0.23900000000000002,2.016415662249706,-0.7615862505148355,-0.22426015351925133,-0.4770876096851846,5
left_drive,0.24000000000000002,2.025054725780241,-0.7702088227925996,-0.22319361628580292,-0.4928865935269003,5
left_drive,0.24100000000000002,2.0371755224479373,-0.7773389968140538,-0.2243699919242923,-0.5109140954152847,7
left_drive,0.24200000000000002,2.0526778090218554,-0.7800630623601903,-0.22734923837651055,-0.527150631068098,6
left_drive,0.24300000000000002,2.071012937868179,-0.7775028640662147,-0.23178711763354642,-0.5394822158778441,7
left_drive,0.24400000000000002,2.0912916473183496,-0.77015538102747,-0.2377954934713855,-0.5469710156793477,5
left_drive,0.24500000000000002,2.112401038581015,-0.7594256977285351,-0.24540027099053596,-0.5494908374160273,8
left_drive,0.24600000000000002,2.1330501243874043,-0.7470903602818226,-0.25430440868885484,-0.547545358444707,8
left_drive,0.24700000000000003,2.1520335581418455,-0.7351987981403513,-0.26394271743509057,-0.5421671655920676,7
left_drive,0.24800000000000003,2.1682748284850457,-0.7258023378483741,-0.27341954696277126,-0.5349104423878372,7
left_drive,0.24900000000000003,2.180983449994912,-0.7207615129336145,-0.2814706936960344,-0.5278115075748968,6
left_drive,0.25,2.1898087721724844,-0.721672336170688,-0.28706438396785705,-0.5232113086206175,5
left_drive,0.251,2.1950120558040065,-0.7293134529447106,-0.2898403887238077,-0.5230904516631056,6
left_drive,0.252,2.1972158814110743,-0.742820611728646,-0.28852832756452573,-0.5276807320869412,5
left_drive,0.253,2.1971439551786425,-0.760802252307684,-0.28209813999022504,-0.5365157523986867,6
left_drive,0.254,2.195623075743159,-0.7814167023538442,-0.27019827367865745,-0.5483825792084395,5
left_drive,0.255,2.1933372850756454,-0.8029511615669113,-0.25303201213804893,-0.5619210294144923,6
left_drive,0.256,2.1907039068205365,-0.8238186361624904,-0.23173810815064855,-0.5757768970432566,6
left_drive,0.257,2.1879135257092828,-0.8428364305549635,-0.20782043146458573,-0.5889444495500991,5
left_drive,0.258,2.1848457909973193,-0.8590318325747283,-0.18282726051230624,-0.6008282860662759,5
left_drive,0.259,2.1812589764950205,-0.8719127823981886,-0.15812723610642432,-0.6112745517957798,5
left_drive,0.26,2.176944390025486,-0.8816417280133403,-0.13506393563095576,-0.620483649885393,6
left_drive,0.261,2.1715074973224993,-0.8888059894620076,-0.11401708674201849,-0.6291541883396147,6
left_drive,0.262,2.1651557669820436,-0.8942180387009013,-0.09618275185777003,-0.6374699383749728,7
left_drive,0.263,2.1589191057118944,-0.8994872855082463,-0.08261373595393495,-0.6454269026274091,7
left_drive,0.264,2.1536866444980607,-0.905978248932266,-0.07336383904486055,-0.6530800591063581,7
left_drive,0.265,2.150048558059842,-0.9143326855158086,-0.06753157062900894,-0.6604906082091987,7
left_drive,0.266,2.1480768871071008,-0.924838330271581,-0.06402875656848073,-0.6678335867434088,7
left_drive,0.267,2.1474255968928357,-0.9372353185321891,-0.06203660978455061,-0.675167235508203,7
left_drive,0.268,2.1475320119789387,-0.9502891991840224,-0.06115980758191375,-0.6820836897063166,7
left_drive,0.269,2.1476609053041185,-0.963145611062904,-0.06101440587660467,-0.6883983351532317,6
left_drive,0.27,2.1473193182249983,-0.9755651014461609,-0.061328039483739216,-0.6941710081481108,6
left_drive,0.271,2.1463516798653637,-0.9875186142102506,-0.06199201351354455,-0.6994324223840469,6
left_drive,0.272,2.1447404870967954,-0.9989150224286631,-0.06274477161272274,-0.7041707414907602,7
left_drive,0.273,2.14278426242101,-1.0107885310716087,-0.062424834245162986,-0.708875917672579,7
left_drive,0.274,2.1406337229785515,-1.0234434915211166,-0.060554671080343736,-0.7137486267642034,7
left_drive,0.275,2.1380345121629802,-1.035652978114126,-0.05805499951702453,-0.7183602363871355,7
left_drive,0.276,2.1349467166533427,-1.0456709786142988,-0.05610044386814428,-0.7220393501742559,7
left_drive,0.277,2.1316313493991452,-1.0519638941315606,-0.05575777760805112,-0.7242508517073352,7
left_drive,0.278,2.1307765759606427,-1.057343404461421,-0.05768205460424736,-0.7253833343420988,3
left_drive,0.279,2.1380201540098365,-1.0693877382362225,-0.06432541815168946,-0.7251908361600433,2
left_drive,0.28,2.1512422464997214,-1.0864242918190716,-0.07630838196119916,-0.7234481482480973,6
left_drive,0.281,2.167519133388018,-1.1076686965448739,-0.08893342163251794,-0.721332573294884,5
left_drive,0.28200000000000003,2.1848025946840877,-1.132199196108285,-0.09891894671408519,-0.7191815600172297,8
left_drive,0.28300000000000003,2.20129248756805,-1.1587810868792,-0.1045061862722434,-0.717119335131054,8
left_drive,0.28400000000000003,2.2151762630825917,-1.1868311858163454,-0.10479535453041988,-0.7161183836641902,8
left_drive,0.28500000000000003,2.225829963832421,-1.215785706225112,-0.10035261958586905,-0.7165056595381147,7
left_drive,0.28600000000000003,2.2336322660591215,-1.2449281417323261,-0.09278457212238589,-0.718134432594031,6
left_drive,0.28700000000000003,2.2394917441747957,-1.273549643981581,-0.08388400237559335,-0.7208567784270669,6
left_drive,0.28800000000000003,2.2446506993691013,-1.3009576697597829,-0.07557519796189616,-0.7243690359712499,6
left_drive,0.28900000000000003,2.2503722159780746,-1.3265273283389392,-0.06951918591081663,-0.7282722471583932,7
left_drive,0.29000000000000004,2.2577054255502507,-1.3497891368424513,-0.06679316743261188,-0.732173918982214,7
left_drive,0.29100000000000004,2.2673419493369775,-1.3705164642543062,-0.06775171615574349,-0.7357820542923698,6
left_drive,0.29200000000000004,2.279567083701002,-1.3888246453336273,-0.07216472942857366,-0.7390169461467103,7
left_drive,0.29300000000000004,2.2944164895482997,-1.405224061806315,-0.07972879589434068,-0.7419944558931402,6
left_drive,0.29400000000000004,2.3123184875871616,-1.4195545866089667,-0.09005884345821413,-0.7434573583293259,5
left_drive,0.29500000000000004,2.3326036166516313,-1.4316645998706496,-0.1013664219224748,-0.7430773315215118,5
left_drive,0.29600000000000004,2.354032515777868,-1.4414610332209608,-0.1103806694827536,-0.7411932379294701,6
left_drive,0.29700000000000004,2.375136066714988,-1.4495235503097512,-0.11573696296208458,-0.7386390918218239,6
left_drive,0.29800000000000004,2.3945627463237456,-1.456270196124417,-0.11715449040242842,-0.7361290234725365,5
left_drive,0.29900000000000004,2.4112832975981098,-1.461798491779998,-0.11500773639729811,-0.7340277908609939,5
left_drive,0.30000000000000004,2.424585104052099,-1.465999966703687,-0.1102073179941514,-0.7324596963238856,6
left_drive,0.30100000000000005,2.4342402710656152,-1.468558735790635,-0.10378574358952997,-0.731288221497473,6
left_drive,0.30200000000000005,2.4405374517517147,-1.4691402244177312,-0.09692695794757356,-0.7301740633050433,7
left_drive,0.30300000000000005,2.4442322130627523,-1.4675584195885705,-0.0904800330097204,-0.7287329848452937,7
left_drive,0.30400000000000005,2.446236108104379,-1.4637473336476186,-0.08515312796802954,-0.7267146750091941,7
left_drive,0.30500000000000005,2.447956738967609,-1.458573350038774,-0.08159357338424256,-0.724116366006336,9
left_drive,0.30600000000000005,2.4508591725647255,-1.4530013060763443,-0.08016755784521257,-0.7207373022169593,7
left_drive,0.30700000000000005,2.4559630140586584,-1.4474383966739583,-0.08127738708534649,-0.7164597409667103,6
left_drive,0.30800000000000005,2.4636664172548692,-1.4425493271380412,-0.08513926565303542,-0.7118998404171137,7
left_drive,0.30900000000000005,2.4739231693767847,-1.4390698180337613,-0.0915351995544238,-0.7076662473410255,6
left_drive,0.31000000000000005,2.4863970502654364,-1.4374583987974454,-0.10008117177996456,-0.7041817085428511,7
left_drive,0.311,2.500503094776988,-1.437655359012354,-0.1101702142868124,-0.7015346475708318,7
left_drive,0.312,2.5155233770497905,-1.438628803448713,-0.12087128843929595,-0.6992704411529307,6
left_drive,0.313,2.530638146948246,-1.4395881636534837,-0.13146267795438704,-0.6970949194867242,6
left_drive,0.314,2.545036671673015,-1.4402563447056949,-0.14133331483240252,-0.6948732217942053,7
left_drive,0.315,2.557643256341251,-1.4404782405240832,-0.14991575929086576,-0.6926830853431134,8
left_drive,0.316,2.567529021747669,-1.4398681045206216,-0.15650713601118427,-0.6904509342664066,8
left_drive,0.317,2.5743394568504843,-1.4376122423678142,-0.16166675766355487,-0.6873316742889062,8
left_drive,0.318,2.578032909151631,-1.4335955760253571,-0.1660707327199572,-0.6829831341373217,7
left_drive,0.319,2.5787112454918453,-1.4284151051139697,-0.17010525325447878,-0.6784230543764972,6
left_drive,0.32,2.577820231206417,-1.4250090345262012,-0.17302202034003622,-0.6763316417335014,6
left_drive,0.321,2.5791295495153723,-1.4265461914644406,-0.17392298400277162,-0.6792241948032538,7
left_drive,0.322,2.58350902483066,-1.4325912131084173,-0.1737535340350559,-0.6875511881953236,4
left_drive,0.323,2.59103258818478,-1.4418540310453505,-0.1742138686096778,-0.7013644864528668,4
left_drive,0.324,2.601785245180653,-1.4517749665830768,-0.17669518213104496,-0.7186264561956804,5
left_drive,0.325,2.6161101132429176,-1.4591150594084858,-0.1805071668256929,-0.7355563291765179,6
left_drive,0.326,2.633615532497327,-1.4617293112251841,-0.18411409723143402,-0.7494963605500653,8
left_drive,0.327,2.6536724030531826,-1.459174659233258,-0.18719091545294675,-0.7588048270893456,7
left_drive,0.328,2.675317359589187,-1.4524260207935018,-0.19023266488988344,-0.7628539165043695,8
left_drive,0.329,2.6973593662686275,-1.4433154936317305,-0.19398754745046187,-0.761808743578584,7
left_drive,0.33,2.7184532415616904,-1.4340637113991472,-0.19920115809127048,-0.7565203141636636,7
left_drive,0.331,2.736983437045443,-1.426986124821004,-0.20584636081718577,-0.7490000138569912,6
left_drive,0.332,2.7519702811764,-1.424037547894468,-0.21405956869057863,-0.7410723033683413,6
left_drive,0.333,2.7626309985147053,-1.426591746618542,-0.22263769765073105,-0.7346759701329352,6
left_drive,0.334,2.7686264204239803,-1.4350991502210035,-0.22950911432335608,-0.7313952710584839,5
left_drive,0.335,2.770271590371451,-1.4490411799999758,-0.232639751735794,-0.7324043002203805,6
left_drive,0.336,2.7681781311872022,-1.467323223584834,-0.23045898117284824,-0.7386914848856881,5
left_drive,0.337,2.7634235931247555,-1.488342718466451,-0.222300581299545,-0.7494342478813758,5
left_drive,0.338,2.7571264908629614,-1.5102743131845136,-0.20826865307567122,-0.763101008182532,6
left_drive,0.339,2.75021260400376,-1.5314765403102244,-0.18932311770096288,-0.778091895578497,4
left_drive,0.34,2.743274434555455,-1.550540841755791,-0.16672917451981728,-0.7930632434207994,5
left_drive,0.341,2.7365369156754538,-1.566306627289039,-0.14192390038624647,-0.8070573072752185,5
left_drive,0.342,2.7298935304872716,-1.578321760356148,-0.11656538094330937,-0.8196552077483452,5
left_drive,0.343,2.7228339139570266,-1.586691698432229,-0.09159040218450554,-0.8311264734215463,6
left_drive,0.34400000000000003,2.715372206107214,-1.5919424806160973,-0.06963295365907674,-0.8412282748377164,7
left_drive,0.34500000000000003,2.7079995943096793,-1.595676370559693,-0.05288778425984497,-0.8499064938751199,7
left_drive,0.34600000000000003,2.7012062512734607,-1.5996003026413759,-0.04171946494030965,-0.8574661576852343,7
left_drive,0.34700000000000003,2.6952010975947256,-1.6050339086440342,-0.0351781103460469,-0.8644321799443792,7
left_drive,0.34800000000000003,2.6899971350821374,-1.612722889139404,-0.03172460633585228,-0.871292638765189,7
left_drive,0.34900000000000003,2.6854453015544046,-1.6229108291257712,-0.029843200956438665,-0.8784016124223216,7
left_drive,0.35000000000000003,2.681419721971421,-1.6353007346333486,-0.028353429636325256,-0.8858735508976608,7
left_drive,0.35100000000000003,2.677726356073566,-1.649069235619284,-0.026745666531710732,-0.8934878225540039,6
left_drive,0.35200000000000004,2.6741636705484932,-1.6629449504497988,-0.025028544396726415,-0.9006139618968996,7
left_drive,0.35300000000000004,2.670517491499795,-1.676336635537673,-0.02313695175533259,-0.9069786222831635,6
left_drive,0.35400000000000004,2.66677059195323,-1.688810246506689,-0.02133230944690423,-0.9124082575442433,7
left_drive,0.35500000000000004,2.6629297405511085,-1.7003542844885884,-0.019834265995903877,-0.9169472619291014,7
left_drive,0.35600000000000004,2.6589085247708684,-1.7113976103300206,-0.018347329607458107,-0.9209183325891239,7
left_drive,0.35700000000000004,2.6545532907565845,-1.7229857211376494,-0.01587531426518729,-0.9250572059328223,5
left_drive,0.35800000000000004,2.649196704365269,-1.734346452777326,-0.01175936071525241,-0.9299088618013922,5
left_drive,0.35900000000000004,2.643105773973219,-1.7439381927252544,-0.006925256274109559,-0.9348906068269847,5
left_drive,0.36000000000000004,2.6371244700556127,-1.7504874574503888,-0.0035459974923894855,-0.939052894824227,5
left_drive,0.36100000000000004,2.6327636486999784,-1.7537652859467832,-0.0025937376222526787,-0.941409835531442,3
left_drive,0.36200000000000004,2.6351501363420784,-1.7619761327361794,-0.0050326195959697895,-0.9403357453441745,2
left_drive,0.36300000000000004,2.6433290542407164,-1.7767131483151521,-0.013699793094788415,-0.9370062297478242,3
left_drive,0.36400000000000005,2.656502842610352,-1.7979176605632776,-0.027231453607468037,-0.932837353241239,3
left_drive,0.36500000000000005,2.6733030447226307,-1.8249822948819416,-0.04385857808901439,-0.9291816909357179,5
left_drive,0.36600000000000005,2.688393148997692,-1.8559671326693745,-0.057301443986045975,-0.9272874209487628,6
left_drive,0.36700000000000005,2.699920855369887,-1.8888821652154404,-0.06554839972784188,-0.9266575432105606,8
left_drive,0.36800000000000005,2.707084595005218,-1.9223045236650422,-0.06802304844478191,-0.9272119561156166,7
left_drive,0.36900000000000005,2.709809766504583,-1.955340237613093,-0.06514689924445949,-0.9291305190783354,7
left_drive,0.37000000000000005,2.7092540071592435,-1.9873224278689077,-0.05849945214234653,-0.9321567094566395,7
left_drive,0.37100000000000005,2.7072207057156104,-2.017710335042251,-0.050281548883992944,-0.9358798536795896,7
left_drive,0.37200000000000005,2.7056382670024792,-2.046063204707043,-0.042791253429111276,-0.939840939736612,7
left_drive,0.37300000000000005,2.7061716579898256,-2.0720593519093016,-0.037849465150083805,-0.9436286278398831,7
left_drive,0.37400000000000005,2.7099181229702234,-2.0955878552354057,-0.036503394002619816,-0.9470044637036471,7
left_drive,0.37500000000000006,2.717387216115188,-2.1167806112033976,-0.03890896122960874,-0.9499006202509744,7
left_drive,0.37600000000000006,2.7285832532824688,-2.135941254726823,-0.0444867753958611,-0.9523585166097609,6
left_drive,0.377,2.7433002625517355,-2.153035503720917,-0.05196037352796545,-0.9539595512285692,5
left_drive,0.378,2.7614804760833,-2.16841819366223,-0.06114330952798808,-0.9539237671521609,5
left_drive,0.379,2.7818326719852324,-2.1823412332636134,-0.07063078968999381,-0.9524506994543988,6
left_drive,0.38,2.802811381160094,-2.194287864210127,-0.07750942485950385,-0.9499423276217303,5
left_drive,0.381,2.8227659383888395,-2.204514906638395,-0.08055958716269629,-0.947165041910848,8
left_drive,0.382,2.840248361619987,-2.213134148235963,-0.07985578851587838,-0.9447577107198171,8
left_drive,0.383,2.854368016475799,-2.2199392081097624,-0.07604766453827971,-0.9429164953076831,8
left_drive,0.384,2.8647661844844685,-2.2246642374335557,-0.07021339846343744,-0.9415689825088683,6
left_drive,0.385,2.8716493861253807,-2.2270901451253775,-0.06356217565721956,-0.9404516595529337,8
left_drive,0.386,2.8757235053869383,-2.2269970904396845,-0.05714802767398841,-0.9391493584124881,8
left_drive,0.387,2.878186091316471,-2.2245636757248,-0.05169456261579697,-0.9372732754524622,8
left_drive,0.388,2.8802081840944718,-2.2205424547550887,-0.04797284632391796,-0.9347373501260094,7
left_drive,0.389,2.8830839038623246,-2.2162286452095588,-0.04647600919370842,-0.9316797150812989,9
left_drive,0.39,2.887791023039024,-2.2127097700110383,-0.04739503140927814,-0.9282883777584569,9
left_drive,0.391,2.894822821928096,-2.2105942549819906,-0.05063931503753838,-0.9248703185356562,7
left_drive,0.392,2.9042720651709724,-2.2103494850137815,-0.056139326854301785,-0.9217521099036152,8
left_drive,0.393,2.9159664048014196,-2.212141381980742,-0.06372538644821701,-0.9189852005710893,9
left_drive,0.394,2.9294305013032345,-2.21565822343365,-0.0729232869489187,-0.9166596974541393,7
left_drive,0.395,2.9441338691747,-2.2199083984816275,-0.08292539071513105,-0.914562048657361,7
left_drive,0.396,2.959487284794484,-2.224015265959713,-0.09316837249313514,-0.912392617285459,7
left_drive,0.397,2.974754117885735,-2.2275599830967203,-0.10315498590929306,-0.9100116600438013,8
left_drive,0.398,2.988905935165794,-2.230137232048165,-0.11252687594946531,-0.907396912107014,8
left_drive,0.399,3.001040880844399,-2.2311080143346333,-0.12079083758055176,-0.9043180358519911,7
left_drive,0.4,3.010331918396079,-2.230238568496286,-0.12767500299494694,-0.9006131878580252,6
left_drive,0.401,3.0163246542504525,-2.227338152647898,-0.13306449443234936,-0.8960656935293796,7
left_drive,0.402,3.0188960146867823,-2.223380562985732,-0.13734442178945927,-0.8917330443986285,7
left_drive,0.403,3.018952713233735,-2.2187880279016814,-0.14076841426945785,-0.8882657715562241,4
left_drive,0.404,3.019864183416815,-2.218768468478817,-0.14295956775154228,-0.8892446347552198,5
left_drive,0.405,3.0221811133579712,-2.2244532436927047,-0.14442261427936387,-0.8965505439057534,5
left_drive,0.406,3.0260845409885735,-2.2346781746726214,-0.14569185568646748,-0.9103726872105583,5
left_drive,0.40700000000000003,3.032207859124529,-2.2465234042851154,-0.1465215677000593,-0.9288640393757212,6
left_drive,0.40800000000000003,3.0420221430184426,-2.256986382546726,-0.1473196154212728,-0.9481148780301358,7
left_drive,0.40900000000000003,3.0567986368938014,-2.2640877273332847,-0.14847763453924934,-0.9641203170257785,8
left_drive,0.41000000000000003,3.076605112930568,-2.2670067124309585,-0.15021041545039382,-0.9743874618304853,8
left_drive,0.41100000000000003,3.10033998247484,-2.266160086938944,-0.15304582793542787,-0.9781097053608423,8
left_drive,0.41200000000000003,3.1259271222982994,-2.262757931032612,-0.1574769180269604,-0.9761248274262081,8
left_drive,0.41300000000000003,3.1509436497175325,-2.258456748045191,-0.16357446156974875,-0.9700423956023437,8
left_drive,0.41400000000000003,3.172948207729818,-2.2549958952231206,-0.17083352163841292,-0.9621965747502833,8
left_drive,0.41500000000000004,3.190087794860471,-2.2539351947005013,-0.17835888080667728,-0.9547861811063689,6
left_drive,0.41600000000000004,3.201356907329878,-2.2565235019907215,-0.1851381255129827,-0.9495343906283663,5
left_drive,0.41700000000000004,3.2066879482056376,-2.2634961951278108,-0.1902228016797396,-0.9473100962925516,5
left_drive,0.41800000000000004,3.2066061758385596,-2.275257835640717,-0.1929081520947099,-0.9484768601871089,5
left_drive,0.41900000000000004,3.2018887081628824,-2.291297702935528,-0.19164763694188058,-0.9531885842434191,4
left_drive,0.42000000000000004,3.1939824887439587,-2.3103966483515825,-0.1852588913318325,-0.9614895200215247,5
left_drive,0.42100000000000004,3.1839089118624706,-2.331239450590892,-0.17370010486798837,-0.9730928924973785,5
left_drive,0.42200000000000004,3.172759883867519,-2.3518710767230333,-0.15726239642884488,-0.9867286608684988,5
left_drive,0.42300000000000004,3.1614131453902323,-2.370534126163876,-0.1368222746377501,-1.0011516299372905,4
left_drive,0.42400000000000004,3.1504337056837146,-2.3859565157380316,-0.11370110290616475,-1.015338364120807,6
left_drive,0.42500000000000004,3.139862004566195,-2.397337318609588,-0.08895094894801048,-1.0288734639776551,7
left_drive,0.42600000000000005,3.1297969635969047,-2.4046309297464434,-0.06425649420941881,-1.041319883311132,7
left_drive,0.42700000000000005,3.12052720922872,-2.4091101147110767,-0.04277108177191491,-1.0521408034899058,7
left_drive,0.42800000000000005,3.1122301936077217,-2.4120192699844893,-0.026743744812001147,-1.061200779872665,7
left_drive,0.42900000000000005,3.104949033505315,-2.414830342506251,-0.016235595965598204,-1.0688668142087014,7
left_drive,0.43000000000000005,3.098437116479163,-2.4188436771257704,-0.010167950140115067,-1.0757881102046438,7
left_drive,0.43100000000000005,3.092292160039404,-2.4249385431017045,-0.00700385177196261,-1.0826147603903797,7
left_drive,0.43200000000000005,3.086112570231999,-2.433493723851773,-0.005262463174841914,-1.0898036909269002,7
left_drive,0.43300000000000005,3.0797905202815485,-2.444295041283549,-0.003782401725461959,-1.0974568076082214,7
left_drive,0.43400000000000005,3.0732248115532883,-2.4569221704552957,-0.0019465667913840523,-1.1054891496432084,7
left_drive,0.43500000000000005,3.0663730117120327,-2.470818099352187,0.0006710735020487579,-1.1136056893519424,6
left_drive,0.43600000000000005,3.0593420733771177,-2.4849276612507785,0.004006273202899813,-1.1212527412759297,7
left_drive,0.43700000000000006,3.0523829803176734,-2.4983325309432853,0.0075539444562631175,-1.127928586665662,6
left_drive,0.43800000000000006,3.0452617382119227,-2.510717218359047,0.011472067893113724,-1.1339288283766273,3
left_drive,0.43900000000000006,3.0374389562140376,-2.521714445796896,0.016474428254289908,-1.1398387196793551,5
left_drive,0.44000000000000006,3.028917220568977,-2.5322947724168388,0.022352933999270963,-1.1458427563103393,4
left_drive,0.44100000000000006,3.0201275832421457,-2.5423789988601846,0.027822086342167207,-1.151554907341739,5
left_drive,0.44200000000000006,3.011854252051179,-2.550986509943887,0.03146663899042834,-1.1562632781165665,5
left_drive,0.443,3.004939517493542,-2.5569984146070914,0.03222668251949057,-1.15938897589588,5
left_drive,0.444,3.000137584044205,-2.559454707355028,0.029553941090034508,-1.1606389359362839,5
left_drive,0.445,3.000021371773722,-2.564221258557018,0.025668695814180742,-1.1590431601337854,3
left_drive,0.446,3.005001886601804,-2.5776101043649713,0.0174573600957888,-1.1545346995335422,2
left_drive,0.447,3.013716508760402,-2.599053835554261,0.005425377021714972,-1.1487242721955564,3
left_drive,0.448,3.0254641613566746,-2.6280397905747575,-0.00982512721474782,-1.1431753344707676,3
left_drive,0.449,3.0400017467789024,-2.6634419607436532,-0.02819441610119222,-1.138622643395834,2
left_drive,0.45,3.055352790416252,-2.7031313618250707,-0.047739240394809146,-1.1353726033185703,8
left_drive,0.451,3.0646745645623557,-2.743292003764027,-0.0610162920382904,-1.13468344706229,6
left_drive,0.452,3.0661848337886553,-2.781984503642533,-0.06612245770230452,-1.1368533439833537,6
left_drive,0.453,3.060821352639931,-2.8181690493168325,-0.0638558741651003,-1.1412917234047848,7
left_drive,0.454,3.051048004979815,-2.85132031763175,-0.05656967950041669,-1.1470289021109796,6
left_drive,0.455,3.040053276069399,-2.8812624441900723,-0.047511260052204296,-1.1530070323885957,7
left_drive,0.456,3.0308710064404023,-2.908105173797752,-0.040020556228790305,-1.1583781651524545,6
left_drive,0.457,3.0257792989735024,-2.9321378093667483,-0.03633524371145391,-1.1626103455634256,7
left_drive,0.458,3.0260611300399116,-2.9534739238092347,-0.03703640227040039,-1.1652569473094112,6
left_drive,0.459,3.032043960313361,-2.972459526016913,-0.041554812872703906,-1.1662619461391257,6
left_drive,0.46,3.0434786697745184,-2.989888449608581,-0.049661593650239366,-1.165559396874839,4
left_drive,0.461,3.059266594948826,-3.006578587975976,-0.060488625270019414,-1.1633925384023738,5
left_drive,0.462,3.077536601917425,-3.022148394580532,-0.07109907420008166,-1.1605621490448803,8
left_drive,0.463,3.096456748866933,-3.0363911851066336,-0.07868959383401619,-1.1579845657171548,5
left_drive,0.464,3.114424191908601,-3.049482569692978,-0.08242513351442682,-1.1562912525211533,8
left_drive,0.465,3.1302640811564504,-3.061019891259625,-0.08217136956462223,-1.1556949082698995,8
left_drive,0.466,3.143273876528063,-3.0706889864111613,-0.07859414271019172,-1.156058893377291,6
left_drive,0.467,3.1532409497802414,-3.0780365147731468,-0.07273944131287768,-1.156953627368675,5
left_drive,0.468,3.1603372785755823,-3.0827724308636046,-0.0658801858385698,-1.1578789653793917,7
left_drive,0.46900000000000003,3.165177324714013,-3.0846860532710942,-0.05906664119417915,-1.1582557544210017,5
left_drive,0.47000000000000003,3.168499548487886,-3.08385855093503,-0.05334229911201249,-1.157661858469904,8
left_drive,0.47100000000000003,3.1713554614357684,-3.0809621061573678,-0.049241997342915456,-1.1558002844405606,6
left_drive,0.47200000000000003,3.1747103665724263,-3.077292009302537,-0.046992537102861665,-1.152800812780545,6
left_drive,0.47300000000000003,3.179174704703983,-3.0745341393639536,-0.046998961643963666,-1.1491605232435913,6
left_drive,0.47400000000000003,3.1852451642191095,-3.073726587392179,-0.04958220665075852,-1.1453153545073986,6
left_drive,0.47500000000000003,3.1931661930252666,-3.0753936471459142,-0.05466223543824289,-1.1416523277076867,9
left_drive,0.47600000000000003,3.202818744397384,-3.0798001818079825,-0.062094870998779195,-1.1385643692393992,7
left_drive,0.47700000000000004,3.2139156756994414,-3.0867859646085685,-0.07147698055929186,-1.1362618034994194,7
left_drive,0.47800000000000004,3.226398689280017,-3.0951373324202156,-0.08196710191475964,-1.134377605738544,7
left_drive,0.47900000000000004,3.2400975101050156,-3.1035315235539165,-0.09280114031223485,-1.1324458169766694,8
left_drive,0.48000000000000004,3.254492700075823,-3.1111990593391785,-0.10351324482497493,-1.1301486632693412,7
left_drive,0.48100000000000004,3.2686822135970948,-3.1174751675601833,-0.11359467872345408,-1.1273951266422748,6
left_drive,0.48200000000000004,3.2815208869554304,-3.1217047546420704,-0.12231347588583752,-1.1242484557465848,6
left_drive,0.48300000000000004,3.292025679156021,-3.1237878073162,-0.1294950117954894,-1.1207860662218785,6
left_drive,0.48400000000000004,3.2997358187439776,-3.1233373172137866,-0.1351180888929162,-1.1167724853798435,6
left_drive,0.48500000000000004,3.3044685358599706,-3.1208049541515392,-0.1396719267381139,-1.1123647742913012,7
left_drive,0.48600000000000004,3.3060500624364773,-3.117008839442821,-0.1431347850102236,-1.1087048100598182,5
left_drive,0.48700000000000004,3.3069525738967043,-3.1150241494764783,-0.1447815125631986,-1.1077683815335087,4
left_drive,0.48800000000000004,3.3072768153054186,-3.117746389453485,-0.14507009636756196,-1.112792931133523,4
left_drive,0.48900000000000005,3.3070849941314164,-3.1256480385620464,-0.14503383631136946,-1.125349914927147,5
left_drive,0.49000000000000005,3.3076959350934225,-3.137390767314666,-0.1460515586908766,-1.1444624082698474,6
left_drive,0.49100000000000005,3.311220239832137,-3.150038752129613,-0.14758311618914854,-1.1665026417659212,8
left_drive,0.49200000000000005,3.3205108717291663,-3.1609815837960777,-0.14911619815206523,-1.1862059239624996,8
left_drive,0.49300000000000005,3.336675919421674,-3.169106391674042,-0.1507395540964107,-1.2001618266492922,7
left_drive,0.49400000000000005,3.358967864418511,-3.1743881698034984,-0.15303826620989325,-1.2071308784179493,7
left_drive,0.49500000000000005,3.3852435995920653,-3.177491422652908,-0.15657519778203977,-1.2074502099250224,8
left_drive,0.49600000000000005,3.4125677977446944,-3.179425219702062,-0.161695624405794,-1.202658013540073,7
left_drive,0.49700000000000005,3.4377812984944,-3.1812846920776967,-0.16832685586305274,-1.1951799698631336,6
left_drive,0.49800000000000005,3.4582254396749095,-3.1840928206004904,-0.1757474059862183,-1.1874114867504786,5
left_drive,0.49900000000000005,3.4722084706071668,-3.1887689537627675,-0.1830422694727708,-1.1811960911577395,4
left_drive,0.5,3.4791125280117043,-3.196053802633116,-0.18937387739414957,-1.1776641291881795,4
left_drive,0.501,3.4790855629249045,-3.206556959230923,-0.1939996905919611,-1.177400934536166,5
left_drive,0.502,3.4730265042853405,-3.2200491397750386,-0.1950963218232623,-1.1807473504459205,6
left_drive,0.503,3.462678692649159,-3.2357806036249244,-0.1911713107456322,-1.187778252502495,5
left_drive,0.504,3.449356770470704,-3.2529538791257564,-0.18201577762627486,-1.1983695601611941,5
left_drive,0.505,3.434761940282598,-3.270048735609299,-0.16763179804901962,-1.2111858131646687,4
left_drive,0.506,3.4202521772797576,-3.285624488213552,-0.14874512478519542,-1.224780317345518,4
left_drive,0.507,3.4066783595222763,-3.2985730452533555,-0.1265731704609092,-1.2380666985644433,5
left_drive,0.508,3.394312452640208,-3.3083036791251508,-0.10259080928517927,-1.250529817177592,6
left_drive,0.509,3.382838239140724,-3.314512658761627,-0.07768842397887443,-1.2623266970025648,7
left_drive,0.51,3.372222695925316,-3.3178809495158137,-0.054391484633697695,-1.2731359319007534,7
left_drive,0.511,3.362417747304602,-3.31973611308781,-0.035471856983070316,-1.2826889068642926,7
left_drive,0.512,3.3535376062499083,-3.3210797041745894,-0.02212339130879193,-1.2909593798654098,7
left_drive,0.513,3.345338846711873,-3.323118819146849,-0.013804730146367294,-1.298341213635436,7
left_drive,0.514,3.3372377446304924,-3.326849299560671,-0.009294799952693111,-1.3054248497295777,7
left_drive,0.515,3.328988647600673,-3.3327327196784378,-0.006947906471106879,-1.3125825509805067,7
left_drive,0.516,3.3203966102221614,-3.3407951671382516,-0.005460781047923691,-1.32003314464339,7
left_drive,0.517,3.3113898652572575,-3.3507520065213585,-0.00400366198631108,-1.3277974902063807,7
left_drive,0.518,3.3019821714091337,-3.362144553169804,-0.0020154164727150814,-1.3356956581509014,7
left_drive,0.519,3.292164051714062,-3.374434497953993,0.0009240090638746867,-1.343466737518378,7
left_drive,0.52,3.2820145763703312,-3.387121025845962,0.004839522004831398,-1.35089375567543,7
left_drive,0.521,3.271756592107128,-3.39970919952274,0.009259862505560212,-1.357789145714909,6
left_drive,0.522,3.261305056644297,-3.411554518465681,0.014193341331121268,-1.36436417120226,5
left_drive,0.523,3.2503870427419126,-3.4218343701945506,0.020343319437710727,-1.3710559614120732,4
left_drive,0.524,3.2394041678712884,-3.4304725181433207,0.026624085941698183,-1.377422991803335,5
left_drive,0.525,3.2290979028053424,-3.4371597817012343,0.03136404692196648,-1.3827593091566814,5
left_drive,0.526,3.2203985798595283,-3.4413700874166238,0.03322062490172062,-1.3864412939097157,5
left_drive,0.527,3.214289836035832,-3.4425749491111195,0.0315538124748691,-1.3881118658253326,5
left_drive,0.528,3.211992467130638,-3.443847770837341,0.02805785462705268,-1.3870781128188845,3
left_drive,0.529,3.2131772045447824,-3.4549600763242445,0.022273911937353175,-1.3825530309909464,2
left_drive,0.53,3.2160991980654368,-3.475307961434327,0.012969029802288645,-1.3761917877241387,2
left_drive,0.531,3.21975341667319,-3.5041960868542232,0.0006990126958128506,-1.370037286071785,3
left_drive,0.532,3.22401225789544,-3.540488992695675,-0.014453779427544555,-1.3651608713245915,3
left_drive,0.533,3.2294069336371534,-3.5828622922817153,-0.03288549419598463,-1.3615333123286033,4
left_drive,0.534,3.235342787689218,-3.629286527431947,-0.05361285230593982,-1.359320764861631,7
left_drive,0.535,3.2347291971887504,-3.673627081606951,-0.06750716131266299,-1.360771258059963,7
left_drive,0.536,3.2258139185824497,-3.713537866314263,-0.07192899325596236,-1.3658890342788228,6
left_drive,0.537,3.210791214678418,-3.748439012800761,-0.06882402983787328,-1.373046708558693,6
left_drive,0.538,3.19291194630054,-3.7786896754027133,-0.06168810715631268,-1.3805992447891469,7
left_drive,0.539,3.1756706071525946,-3.8049057491187965,-0.05429862026470422,-1.387294590106907,7
left_drive,0.54,3.162338422877449,-3.8277484604612804,-0.04930054311066301,-1.3919211245069723,5
left_drive,0.541,3.155016954295446,-3.848166954461001,-0.04840548463021177,-1.3940186384901776,5
left_drive,0.542,3.154553957654553,-3.867148391814171,-0.052205858948603634,-1.3934975539450973,5
left_drive,0.543,3.1607792015350626,-3.885695900398889,-0.0606088962760889,-1.3903900995867742,5
left_drive,0.544,3.171927772478814,-3.904030828252613,-0.0718356478560973,-1.385951215046757,5
left_drive,0.545,3.1855836750886795,-3.9218041392881386,-0.08260405894111411,-1.3821357086390285,8
left_drive,0.546,3.1998979931259717,-3.938925350968531,-0.0908927015076113,-1.3800240407554998,7
left_drive,0.547,3.2133382617076407,-3.9553297283571367,-0.09566614292545927,-1.3802086312478583,6
left_drive,0.548,3.2245154575722585,-3.970996157458687,-0.09629948714955594,-1.3829271242583003,4
left_drive,0.549,3.233287874821385,-3.9852330398830573,-0.09292942711930752,-1.387287436979237,3
left_drive,0.55,3.239973616945187,-3.997287877755771,-0.08650412030095356,-1.3920657673608345,5
left_drive,0.551,3.245116884268164,-4.006474083988068,-0.07839223757979652,-1.3960850918768317,5
left_drive,0.552,3.2493369902853497,-4.012355432626855,-0.07007412806242197,-1.398463153632621,5
left_drive,0.553,3.2532981614077143,-4.014920212386014,-0.06291853868985608,-1.3986532080773157,5
left_drive,0.554,3.2576087696687877,-4.014517634272298,-0.057921906568634496,-1.3965529529890786,5
left_drive,0.555,3.262782418013737,-4.012007606917384,-0.05558768414638804,-1.3924436691476383,6
left_drive,0.556,3.269206175547739,-4.00899261500673,-0.05626126178487256,-1.386915208419196,6
left_drive,0.557,3.2765670350074805,-4.007304079264046,-0.059631036716847774,-1.381045996396945,6
left_drive,0.558,3.2847189768937826,-4.007975750636226,-0.06500575657869212,-1.3756355341254871,7
left_drive,0.559,3.293492814408046,-4.011641615647904,-0.07213593298264409,-1.371275999868741,7
left_drive,0.56,3.3027390447302563,-4.01852838814624,-0.08083898349848195,-1.368269719112658,7
left_drive,0.561,3.312501271656857,-4.028195356472085,-0.09067585326639493,-1.36641082021467,7
left_drive,0.562,3.3232165692737623,-4.039303084363096,-0.10104880876037492,-1.3650053045000723,6
left_drive,0.5630000000000001,3.3349497872581644,-4.050652557222171,-0.11146594456230408,-1.3633960108005394,7
left_drive,0.5640000000000001,3.3472809649297335,-4.060995909161222,-0.12148749100499456,-1.3612545145371349,7
left_drive,0.5650000000000001,3.359196114513951,-4.069384300278137,-0.13078372093891621,-1.3586330831245097,5
left_drive,0.5660000000000001,3.369637094875015,-4.075401264824566,-0.13893256759978656,-1.3556627532796317,6
left_drive,0.5670000000000001,3.378157945749228,-4.078317965353983,-0.14563469486715963,-1.352106372717084,7
left_drive,0.5680000000000001,3.3842632134453776,-4.078247644962454,-0.15110354411559968,-1.3480609553708922,6
left_drive,0.5690000000000001,3.3864197833074643,-4.076374769766051,-0.15474170917316155,-1.3453537072502322,6
left_drive,0.5700000000000001,3.3868274536945466,-4.073391240377159,-0.15558325939064543,-1.3434962887767863,4
left_drive,0.5710000000000001,3.386028282351464,-4.0728500039006645,-0.1531342142329477,-1.345774386783118,4
left_drive,0.5720000000000001,3.3829615751677053,-4.076897043208757,-0.14910014055047083,-1.3557538538397222,4
left_drive,0.5730000000000001,3.3785735526014826,-4.086166853725929,-0.14642876709626718,-1.3745194943033405,5
left_drive,0.5740000000000001,3.3761294881888295,-4.098894501056805,-0.14632098131327598,-1.3981758405314595,6
left_drive,0.5750000000000001,3.3794383156731107,-4.112487734765498,-0.1474076275436198,-1.421180067384136,7
left_drive,0.5760000000000001,3.390760962207119,-4.125418304294533,-0.14902292973568065,-1.4392249848284566,7
left_drive,0.5770000000000001,3.409928215966813,-4.13725730978303,-0.15161683733394193,-1.450371424780851,7
left_drive,0.5780000000000001,3.4348709306674987,-4.148016172657633,-0.15570021858024674,-1.454557419530982,7
left_drive,0.5790000000000001,3.462386993113191,-4.157811366358886,-0.16160480335104943,-1.453101779360204,7
left_drive,0.5800000000000001,3.4890936674050756,-4.166909336099689,-0.16932724736578653,-1.4478055240311525,6
left_drive,0.5810000000000001,3.511760879523851,-4.175556774846466,-0.17828429720165884,-1.4409874244079741,6
left_drive,0.5820000000000001,3.528116507269515,-4.184080458082668,-0.1877148215503821,-1.4345465259997532,5
left_drive,0.5830000000000001,3.5369217800467876,-4.193043217636707,-0.19699926841648507,-1.429801397933595,5
left_drive,0.5840000000000001,3.5377084240616883,-4.202981547359992,-0.20504490571237088,-1.4278202204345654,5
left_drive,0.5850000000000001,3.530920898503088,-4.214111893918615,-0.21017071502232354,-1.4295315919433282,4
left_drive,0.5860000000000001,3.518277583097338,-4.226541611263939,-0.2107871923724659,-1.4352859046779785,5
left_drive,0.5870000000000001,3.5016786916640097,-4.239581891631598,-0.20525550079291455,-1.4444438143863156,5
left_drive,0.5880000000000001,3.482838465244253,-4.252514198260315,-0.19349407587683198,-1.4560512913688402,5
left_drive,0.5890000000000001,3.4633806653514077,-4.264626716702981,-0.17629837709538876,-1.4689578908086671,5
left_drive,0.5900000000000001,3.4448466767249943,-4.275047583913108,-0.1547775153028006,-1.4820516174729583,5
left_drive,0.5910000000000001,3.4283344567270504,-4.2830001084093245,-0.13033335340655405,-1.4945337853182332,5
left_drive,0.5920000000000001,3.4143163980719407,-4.288054948577394,-0.10468214446631707,-1.505971649724189,5
left_drive,0.5930000000000001,3.402539550858599,-4.2899882658525215,-0.07885759171045392,-1.5165997880245397,7
left_drive,0.5940000000000001,3.392495253753716,-4.289458926303293,-0.055126964768484,-1.5263868237787543,7
left_drive,0.5950000000000001,3.3835786294648083,-4.287886382833606,-0.03630025271929749,-1.535189652561832,7
left_drive,0.5960000000000001,3.3752233006105823,-4.286612178494698,-0.023489562405689446,-1.543132089869965,7
left_drive,0.5970000000000001,3.3667441611803985,-4.286836398924838,-0.016046429841700238,-1.5505907843554887,7
left_drive,0.5980000000000001,3.3576433488469957,-4.289265345513807,-0.012483755772743965,-1.557928284129313,7
left_drive,0.5990000000000001,3.3477070016690735,-4.29405577310107,-0.011170835705749615,-1.5653653659590234,7
left_drive,0.6000000000000001,3.337053508112887,-4.300960309894709,-0.010686639334671622,-1.5729476878005995,7
left_drive,0.6010000000000001,3.3257968350339686,-4.309527842972869,-0.010027261110617358,-1.5806179522616186,7
left_drive,0.6020000000000001,3.3142089050812507,-4.31897421147919,-0.00859221121824727,-1.5880997102839043,7
left_drive,0.6030000000000001,3.3027980479002004,-4.328212094656272,-0.006510805891763338,-1.5950119571738606,7
left_drive,0.6040000000000001,3.292001635549634,-4.336551647813985,-0.0042184906446984805,-1.6011128631045413,6
left_drive,0.6050000000000001,3.2819166540948927,-4.343673255934833,-0.002224679919559991,-1.6063645759361718,5
left_drive,0.6060000000000001,3.2721905402443476,-4.349765712142576,-0.00043722459269379677,-1.6110174335088678,6
left_drive,0.6070000000000001,3.2619208381762546,-4.355696422576898,0.0023829072277450347,-1.6157175687778018,5
left_drive,0.608,3.251093501667494,-4.360572267196483,0.0069802982956632675,-1.6209239147917314,5
left_drive,0.609,3.2407151780257286,-4.363709156911626,0.011766613358025424,-1.6259235587041663,5
left_drive,0.61,3.2320665654689513,-4.364731249039757,0.014605544165116058,-1.6298173487549028,5
left_drive,0.611,3.2263747674305825,-4.364528339264234,0.014493625481600825,-1.6317435569577725,3
left_drive,0.612,3.2226487907147305,-4.373190825549278,0.011060487579665157,-1.6298612320606165,2
left_drive,0.613,3.2194240666066274,-4.39119264842613,0.0028203556314718714,-1.6251418014279497,2
left_drive,0.614,3.215144287289918,-4.417451539732839,-0.009629776894364506,-1.6204400259477665,2
left_drive,0.615,3.2096545566586325,-4.450854350232908,-0.026004929737766025,-1.6172530218455738,3
left_drive,0.616,3.2021640993457043,-4.48846311384627,-0.04402524355801907,-1.6161706046421982,7
left_drive,0.617,3.1902595492528,-4.524874993640007,-0.057800111736796334,-1.6172598576616637,8
left_drive,0.618,3.1736931337932437,-4.5575312324518205,-0.06514262263349435,-1.620443937941965,7
left_drive,0.619,3.15344464817235,-4.585654068331896,-0.06594335962079234,-1.6251174293249098,6
left_drive,0.62,3.1313990024242373,-4.6096589502427,-0.061540073608280954,-1.6303909103014733,6
left_drive,0.621,3.1098095399688335,-4.630664042669808,-0.05417897583050868,-1.6353544116613954,7
left_drive,0.622,3.0907456975117507,-4.649998951180197,-0.04644664217513039,-1.6393397158992138,7
left_drive,0.623,3.075675662912995,-4.668868299515463,-0.040617469356847735,-1.6420846175233925,7
left_drive,0.624,3.065231376935484,-4.6882269393546565,-0.03815295862773138,-1.6437416266460423,7
left_drive,0.625,3.059312326769335,-4.708562097649637,-0.03946540212583338,-1.6447301221621475,7
left_drive,0.626,3.0575939057452413,-4.729845411884633,-0.043914880286064495,-1.6452831772695287,6
left_drive,0.627,3.0597400180748067,-4.752257825349229,-0.05123376544715508,-1.6451653237876473,4
left_drive,0.628,3.0649099533677107,-4.775928314451664,-0.06107577985002122,-1.6442325833425115,5
left_drive,0.629,3.0717867875821816,-4.799813815761055,-0.07127591651634613,-1.6430525210457196,4
left_drive,0.63,3.0789051673208716,-4.822733504745374,-0.07890243774268413,-1.6425727816570972,8
left_drive,0.631,3.0853292672554233,-4.843821490394284,-0.08294363010373718,-1.6430302779610413,8
left_drive,0.632,3.0906656558115806,-4.862257076218593,-0.08324022113098484,-1.6442589107541206,6
left_drive,0.633,3.0948823434871033,-4.877358228860857,-0.08034166363313222,-1.6458439373224378,6
left_drive,0.634,3.0983056275496645,-4.888624402211409,-0.07526127302171859,-1.647171653354554,8
left_drive,0.635,3.1014406262762115,-4.8958688900670255,-0.06909201701736101,-1.64766792535785,8
left_drive,0.636,3.1047369971590073,-4.899233688341195,-0.0629462931947804,-1.6470358951588955,6
left_drive,0.637,3.1086069785237993,-4.899217616570656,-0.05776051593333342,-1.6451600298421867,6
left_drive,0.638,3.113333427173635,-4.897176602365439,-0.05403733465108074,-1.642142163445017,6
left_drive,0.639,3.1188567253282704,-4.894973270649961,-0.05209223069610758,-1.6383614732953646,7
left_drive,0.64,3.125195295907363,-4.8941275998207985,-0.05223245982138325,-1.6342037855548939,7
left_drive,0.641,3.1324483360716706,-4.895645572329395,-0.05458906500744343,-1.6300202373264199,7
left_drive,0.642,3.1404121905274356,-4.9001668086234655,-0.059235935723543465,-1.6262394892372998,6
left_drive,0.643,3.148695386851334,-4.907900784141031,-0.06615733205811747,-1.6232323357995833,8
left_drive,0.644,3.157075050960573,-4.918577765727056,-0.0749956678615793,-1.621016873552934,7
left_drive,0.645,3.1657018837288526,-4.93125642210375,-0.08502162142618985,-1.6193136289411523,8
left_drive,0.646,3.1748813687318327,-4.944669593219157,-0.09554733334406085,-1.6176168299810036,8
left_drive,0.647,3.1844494490670057,-4.95783822995615,-0.10612379172387132,-1.6155358673350086,8
left_drive,0.648,3.1937506888680507,-4.969609600491093,-0.11608653639706201,-1.6130958762243541,6
left_drive,0.649,3.202225655708657,-4.978904961378067,-0.12456184754221278,-1.610324640113703,5
left_drive,0.65,3.2096677571861982,-4.984990902105271,-0.13157785997407534,-1.6068463251246483,7
left_drive,0.651,3.216210419818199,-4.987243305782163,-0.1373759273178634,-1.6022557404621967,7
left_drive,0.652,3.220721276836489,-4.986257588109187,-0.1420232939729711,-1.597851472536978,7
left_drive,0.653,3.2236114883595,-4.982511141283914,-0.1450569876953829,-1.5938628426696702,6
left_drive,0.654,3.2235007185594458,-4.97993677824653,-0.14448956328323814,-1.5932534452962743,5
left_drive,0.655,3.2190270666858964,-4.981317138387143,-0.14192547348831863,-1.5999613027189232,4
left_drive,0.656,3.211002635969425,-4.988167105133209,-0.14027574325643433,-1.6158001562676845,5
left_drive,0.657,3.2031119538229653,-4.999634038524027,-0.140628777750601,-1.638005916171823,6
left_drive,0.658,3.2001960827634446,-5.01377833878391,-0.14194619446926082,-1.6609799779077783,7
left_drive,0.659,3.2049137590379266,-5.02964520032983,-0.1442662948884803,-1.6806158129007418,7
left_drive,0.66,3.2179116383338733,-5.046428583019295,-0.1474017187017811,-1.6944424732090322,8
left_drive,0.661,3.237822782568483,-5.063406144562262,-0.15167795228720493,-1.7017878164532658,8
left_drive,0.662,3.2619048647978603,-5.079983139457413,-0.1573637760130735,-1.703225229636305,8
left_drive,0.663,3.2867826371646234,-5.09558665650358,-0.16465194015978335,-1.7003032337631367,7
left_drive,0.664,3.3091632396432953,-5.1097668688042654,-0.1731734107039593,-1.694834988118537,6
left_drive,0.665,3.3263633856121153,-5.122237066689865,-0.18230152304004388,-1.6886893777070227,6
left_drive,0.666,3.3365753633304345,-5.1330732631435785,-0.19107087587057348,-1.6833759214915163,5
left_drive,0.667,3.3389552578301758,-5.142949995665276,-0.19894256707403324,-1.679589272107984,4
left_drive,0.668,3.333142387709822,-5.152351657366075,-0.2041624637211208,-1.6784083093723838,6
left_drive,0.669,3.3201674754313615,-5.161507086449079,-0.2049462987725238,-1.6807925072032976,5
left_drive,0.67,3.30115128252945,-5.17056124477136,-0.2005220300139443,-1.6875308444376158,6
left_drive,0.671,3.278389298061009,-5.179158818520753,-0.19018657648555337,-1.6978171581004737,3
left_drive,0.672,3.2542977479176365,-5.186822281243998,-0.17415149058694057,-1.7103915574356776,4
left_drive,0.673,3.2310160623413906,-5.193003789845635,-0.1534048272985511,-1.7239614237348144,4
left_drive,0.674,3.210259796961546,-5.19718157274155,-0.1293310094843092,-1.7374143236327595,3
left_drive,0.675,3.193005495531513,-5.199024332372378,-0.10359458173560276,-1.7500453193813224,6
left_drive,0.676,3.1793987848502216,-5.198175900958222,-0.07738924072675912,-1.7618349979040404,7
left_drive,0.677,3.1690925432110943,-5.195146801623812,-0.053123929701646144,-1.7725040144527584,7
left_drive,0.678,3.161262955918183,-5.191113095611951,-0.03393428726591363,-1.7817596313269777,7
left_drive,0.679,3.1546029375438414,-5.18755069911404,-0.02084635595468831,-1.7898250991668716,7
left_drive,0.68,3.1476718633665577,-5.185533978644713,-0.013305248842576889,-1.7972676821120215,7
left_drive,0.681,3.139506774434889,-5.185619701155418,-0.009813897021382134,-1.804605929058218,7
left_drive,0.682,3.12965888217543,-5.187860751995276,-0.008652611793800613,-1.8121641183720325,7
left_drive,0.683,3.1182391821852176,-5.191973421744556,-0.008322994936137196,-1.8200051221649347,7
left_drive,0.684,3.1056475786471416,-5.197389464166454,-0.007952528709753048,-1.827971176340108,7
left_drive,0.685,3.0927098491507814,-5.203158359795443,-0.007387059941726504,-1.8355917785571965,7
left_drive,0.686,3.080171750401445,-5.208454155382911,-0.006492573074949881,-1.8424315165282397,7
left_drive,0.687,3.0683533502473783,-5.213035979844235,-0.005178871346038338,-1.8483011913811795,7
left_drive,0.6880000000000001,3.057278703980351,-5.216852737197581,-0.003719495960011754,-1.8532180483350558,7
left_drive,0.6890000000000001,3.046684595943217,-5.219879797925356,-0.0021887407663050418,-1.8574087584408352,5
left_drive,0.6900000000000001,3.035130384755727,-5.2226072259278125,0.0011039073691203605,-1.8619619316726241,5
left_drive,0.6910000000000001,3.0224103950457053,-5.224587810578018,0.006760484523814503,-1.8674066751343017,5
left_drive,0.6920000000000001,3.0099084527849125,-5.225484723640418,0.012713219525569253,-1.872818620243044,5
left_drive,0.6930000000000001,2.9993267259467262,-5.2250780698887,0.016768134809119983,-1.8771848773818247,5
left_drive,0.6940000000000001,2.992304074900043,-5.2232571255154046,0.017372313043176435,-1.8797278559866137,5
left_drive,0.6950000000000001,2.987459809020698,-5.226552151414708,0.015873057573198457,-1.878851647785448,3
left_drive,0.6960000000000001,2.981811723686261,-5.2399226571437305,0.00946337137738018,-1.8741425239958642,3
left_drive,0.6970000000000001,2.9731982265946573,-5.261090612576189,-0.0020267734868848475,-1.8692084143362357,2
left_drive,0.6980000000000001,2.961113490080709,-5.288826287251785,-0.018088742461213725,-1.866226937110507,2
left_drive,0.6990000000000001,2.946614804801402,-5.322136073059271,-0.038139887734480515,-1.8652314934110696,6
left_drive,0.7000000000000001,2.92897228055144,-5.355826876534638,-0.056641008629922274,-1.8660360253137378,7
left_drive,0.7010000000000001,2.9077005120062225,-5.385444958536528,-0.06885391686015896,-1.868560482281125,6
left_drive,0.7020000000000001,2.883378806252046,-5.409621900138643,-0.0736651543195368,-1.8726429223124095,7
left_drive,0.7030000000000001,2.85738089025582,-5.428720238609259,-0.07175639179219928,-1.8775716632051258,7
left_drive,0.7040000000000001,2.831483080885511,-5.44418667048511,-0.06505301380543771,-1.8824843839383278,6
left_drive,0.7050000000000001,2.8074427576403456,-5.457929828732048,-0.05621009102056851,-1.8867012923744526,6
left_drive,0.7060000000000001,2.78666139515152,-5.471756473863251,-0.04798455124327905,-1.8898726039290648,7
left_drive,0.7070000000000001,2.769983061387859,-5.487015974217338,-0.04260095612189141,-1.8919529680728817,7
left_drive,0.7080000000000001,2.7575058797741065,-5.504540324021278,-0.041204178723030616,-1.8932057516748448,7
left_drive,0.7090000000000001,2.7488990806998257,-5.524456216741111,-0.043798446328750185,-1.893936485166301,7
left_drive,0.7100000000000001,2.7438027913723255,-5.546439099022027,-0.049487845999523605,-1.8941504025007865,4
left_drive,0.7110000000000001,2.74159133068658,-5.5704833951443815,-0.058197201783873,-1.893573265044408,5
left_drive,0.7120000000000001,2.741134305369812,-5.595735078711013,-0.06880400807227671,-1.8925641696174527,4
left_drive,0.7130000000000001,2.7416727091907793,-5.620574673556189,-0.07829076693806325,-1.8917604016227387,5
left_drive,0.7140000000000001,2.742332628381533,-5.643753983715249,-0.08452046198079755,-1.8916676660367124,7
left_drive,0.7150000000000001,2.7427634057071795,-5.664234016101546,-0.086890062294257,-1.8922679848866202,8
left_drive,0.7160000000000001,2.742987471938986,-5.681207100367845,-0.08561611922426948,-1.8932953995046067,6
left_drive,0.7170000000000001,2.743307483849709,-5.694158145616025,-0.081539081125372,-1.8942978482400215,6
left_drive,0.7180000000000001,2.744198833737473,-5.702939694636606,-0.07578068508504265,-1.8947671703638476,6
left_drive,0.7190000000000001,2.746172829681534,-5.70781327559706,-0.06946006971168961,-1.8942786585238989,8
left_drive,0.7200000000000001,2.7495544179749527,-5.709274340904911,-0.06372838980445739,-1.892659280679692,8
left_drive,0.7210000000000001,2.7544851626645386,-5.708509132815017,-0.059134729564921384,-1.889917733618185,6
left_drive,0.7220000000000001,2.760450928698913,-5.707344109125936,-0.0562267913208474,-1.8863764427690708,7
left_drive,0.7230000000000001,2.767001239888938,-5.707373934735019,-0.055366048860581385,-1.882441930199132,9
left_drive,0.7240000000000001,2.773971197991157,-5.7097052861271695,-0.05674164330075371,-1.8784202919587025,7
left_drive,0.7250000000000001,2.7810016915209923,-5.715013936911247,-0.06041291769155954,-1.8747303314780446,7
left_drive,0.7260000000000001,2.787650486134934,-5.72354822125279,-0.06642511165011644,-1.8717120865865935,7
left_drive,0.7270000000000001,2.793627278499584,-5.7351014246863175,-0.0745432691101986,-1.8694213426014665,7
left_drive,0.7280000000000001,2.7990994149915966,-5.7489676947891235,-0.08415256328228882,-1.8676802203109915,7
left_drive,0.7290000000000001,2.804692814255218,-5.763999042755016,-0.09448342361379902,-1.8660136061437973,7
left_drive,0.7300000000000001,2.8106144003890257,-5.779206624277919,-0.10505588651626008,-1.8639926527341621,8
left_drive,0.7310000000000001,2.816575933143724,-5.793421831833467,-0.1152382567534691,-1.8616146106999223,8
left_drive,0.7320000000000001,2.82220541540045,-5.805472246510447,-0.12439837837665824,-1.8589711068698658,7
left_drive,0.7330000000000001,2.827833173255544,-5.814319255141399,-0.13201163497820012,-1.8556423516253535,7
left_drive,0.7340000000000001,2.833631402006286,-5.819327896951254,-0.13843266502587692,-1.8511744024377266,7
left_drive,0.7350000000000001,2.838787490408876,-5.820577856670918,-0.1437700081436526,-1.8463875167467878,7
left_drive,0.7360000000000001,2.8429520919059614,-5.818384442021422,-0.14785457908581012,-1.8421415904889091,7
left_drive,0.7370000000000001,2.8443573270906497,-5.815947792814503,-0.1485360938818152,-1.841110684149875,4
left_drive,0.7380000000000001,2.840635337044476,-5.816256797967731,-0.14701277989417472,-1.8471877744336294,4
left_drive,0.7390000000000001,2.8327872098971243,-5.820765870337621,-0.1458684831179866,-1.8611075837463789,5
left_drive,0.74,2.8240548688756655,-5.829669329259566,-0.14642506487186013,-1.8806669855172264,7
left_drive,0.741,2.818578768755505,-5.842075156913946,-0.14796382246903006,-1.9016844390844094,7
left_drive,0.742,2.81897050635632,-5.857582876891628,-0.15048876249579757,-1.9203833425250538,8
left_drive,0.743,2.8262788669237726,-5.875553532437819,-0.15377218533500225,-1.9343270907599357,8
left_drive,0.744,2.839740272873591,-5.895158056893453,-0.1579880445123123,-1.942618354300651,8
left_drive,0.745,2.857395538006414,-5.91539327848706,-0.16346378511826187,-1.9454035853137186,8
left_drive,0.746,2.876667852443883,-5.935244541345622,-0.1703943728374684,-1.9434650855157418,8
left_drive,0.747,2.8946533071054508,-5.953613384062115,-0.17850427045514927,-1.9384348873151314,7
left_drive,0.748,2.908960716244234,-5.9698489187724615,-0.1873368977574591,-1.9316854350676798,6
left_drive,0.749,2.9175417106400423,-5.9834928775168,-0.19599894024143238,-1.924883977438229,5
left_drive,0.75,2.9190135547654323,-5.9946696180772445,-0.2038952369125422,-1.9194054006568064,5
left_drive,0.751,2.9127319474030737,-6.003540167567427,-0.20957209159360402,-1.916636610988489,6
left_drive,0.752,2.899380035386255,-6.01035723213131,-0.21109739864009225,-1.917675697306085,4
left_drive,0.753,2.8799192441499266,-6.015449401603912,-0.207554848295048,-1.9235706770709133,5
left_drive,0.754,2.856615097317375,-6.019019335592821,-0.19794597010205428,-1.9336484824278672,6
left_drive,0.755,2.831836160303932,-6.02126647319364,-0.18254888944073167,-1.9465241290713995,4
left_drive,0.756,2.807719344837216,-6.022276459516365,-0.16240049775171395,-1.960746207084129,4
left_drive,0.757,2.7861419866897315,-6.021997941891686,-0.1386950738926349,-1.9750388579444889,4
left_drive,0.758,2.7683021961584853,-6.020281262174042,-0.11318066331289556,-1.9884991378503396,6
left_drive,0.759,2.75455136380047,-6.0168317835688425,-0.08706946541494842,-2.000948154551356,6
left_drive,0.76,2.7445165377011986,-6.011840252142167,-0.0621896020699968,-2.0122264170369353,7
left_drive,0.761,2.737286193484514,-6.006187670698999,-0.041854705589168484,-2.0219226572915656,7
left_drive,0.762,2.731467439344625,-6.00096412546724,-0.027517304556069044,-2.03015575050879,7
left_drive,0.763,2.725455354475271,-5.996962806861152,-0.018830685709023687,-2.0374905457134513,7
left_drive,0.764,2.718041319273539,-5.994572963739308,-0.014439372042638343,-2.044546036891059,7
left_drive,0.765,2.708558819721023,-5.993818978827656,-0.012629376748190202,-2.0518052123763586,7
left_drive,0.766,2.696973121896416,-5.994527979099746,-0.011835147969423865,-2.0594374822695074,7
left_drive,0.767,2.6838642580006886,-5.996249556392361,-0.011250970824701945,-2.0672793347000105,7
left_drive,0.768,2.6704020742623675,-5.998282024381061,-0.010863860730397912,-2.0747751830220795,6
left_drive,0.769,2.6573110540458007,-6.000081601108494,-0.010397942786096959,-2.081533198689336,7
left_drive,0.77,2.644926806992895,-6.001461699410817,-0.00959548015761924,-2.0873485142244244,7
left_drive,0.771,2.6333213165044898,-6.002413277019368,-0.008572757460416192,-2.09221071604088,7
left_drive,0.772,2.6223512525137433,-6.002897357774708,-0.007493402173564423,-2.0962623909433686,5
left_drive,0.773,2.6109475816224124,-6.00295518779431,-0.005270367167530043,-2.1003393746664107,5
left_drive,0.774,2.598205730370792,-6.002179710354568,-0.00031689705958282133,-2.105540328814856,5
left_drive,0.775,2.5853723549719594,-6.0004356596029425,0.005852602418951802,-2.1111625018708247,5
left_drive,0.776,2.5742271023273413,-5.997861711350491,0.010938423140358866,-2.116108426599999,5
left_drive,0.777,2.5663817692706377,-5.994693114800313,0.013015171580518237,-2.119499602987358,5
left_drive,0.778,2.561276731351432,-5.993913764400536,0.012312616609923666,-2.120271806359712,3
left_drive,0.779,2.5537588892715455,-6.002829690933633,0.007111299805978799,-2.1169010249100464,2
left_drive,0.78,2.542168375458172,-6.0189396763573155,-0.003879390705904706,-2.1123920868076143,3
left_drive,0.781,2.52607745320445,-6.040994817114098,-0.01977062244404748,-2.10893863030006,2
left_drive,0.782,2.506562628588007,-6.068610968631308,-0.03958150923288195,-2.106511380622753,6
left_drive,0.783,2.4837253090992055,-6.096674015440832,-0.05765925739725142,-2.10553454853705,8
left_drive,0.784,2.4581373688117822,-6.121045003260953,-0.06971987147595549,-2.1058137041533627,7
left_drive,0.785,2.430438354086096,-6.140117485288591,-0.07446147327659292,-2.107657917544432,6
left_drive,0.786,2.401563244201776,-6.154031920881339,-0.0724324635005309,-2.110795022351571,7
left_drive,0.787,2.3726854005342153,-6.164150277850504,-0.06545747567958893,-2.114721289095575,6
left_drive,0.788,2.3450557803394507,-6.172457527272632,-0.05611665962439871,-2.118870041103625,6
left_drive,0.789,2.319823331655223,-6.180977479931066,-0.04717540917257135,-2.1227371618157154,7
left_drive,0.79,2.297818418457738,-6.191329190863412,-0.04090066840627915,-2.1259843582238944,7
left_drive,0.791,2.2793768253388382,-6.204483952871147,-0.038562255148056446,-2.128514635582475,7
left_drive,0.792,2.2642940560379547,-6.220794597239278,-0.040414285056575405,-2.130502266820189,7
left_drive,0.793,2.252247276802823,-6.240008443833177,-0.045709922278906134,-2.1320350069931,6
left_drive,0.794,2.243107032060934,-6.2618051948478035,-0.05335873280158787,-2.132611172711526,5
left_drive,0.795,2.2362165487779877,-6.285795582613344,-0.06306340735763327,-2.1318541859139746,4
left_drive,0.796,2.230741952065512,-6.310405672337333,-0.07304943616599324,-2.1304142989568713,7
left_drive,0.797,2.2262756521040132,-6.333868367314344,-0.08046216451271881,-2.129123378476973,7
left_drive,0.798,2.222333135073114,-6.354905606650459,-0.084207958415637,-2.1284219883769424,6
left_drive,0.799,2.2189473932687607,-6.372578139717141,-0.0841958746317304,-2.1282726020706413,5
left_drive,0.8,2.2163397511222773,-6.3863391049585525,-0.08110722171948459,-2.128402479890513,5
left_drive,0.801,2.2150034354405768,-6.3960756878388585,-0.07584154923491115,-2.1283469330037463,5
left_drive,0.802,2.2153110130311924,-6.402077062958363,-0.06960557126720346,-2.1277311009520337,6
left_drive,0.803,2.2175761600206956,-6.405065581610008,-0.06342068167185277,-2.126248374394864,6
left_drive,0.804,2.2218613090681876,-6.4059124700245675,-0.05815571131677433,-2.123852731317827,6
left_drive,0.805,2.2274564237459358,-6.406182441640821,-0.05453444512767991,-2.120716486622002,7
left_drive,0.806,2.233519105898621,-6.407436695342455,-0.053045010454503716,-2.1171570265240796,7
left_drive,0.807,2.239608439573684,-6.410789899484802,-0.0538341248565275,-2.113422874498049,8
left_drive,0.808,2.245275135908442,-6.416892882347107,-0.0569460166634459,-2.1098584098224724,7
left_drive,0.809,2.2500290792673145,-6.425990088015018,-0.06237398560527918,-2.1067770592478032,7
left_drive,0.81,2.2535380405871344,-6.437944391296871,-0.0699335063557982,-2.104265503061326,8
left_drive,0.811,2.2558440862506344,-6.452243676108899,-0.07912434495760068,-2.102307900667949,8
left_drive,0.812,2.2577459013698307,-6.467955080464086,-0.08916784346118045,-2.1005161814362623,7
left_drive,0.8130000000000001,2.259838988021088,-6.484125531271639,-0.0995510097376231,-2.0984705968567368,7
left_drive,0.8140000000000001,2.2621885167574316,-6.499692379980118,-0.10973005781734058,-2.0960878059814667,8
left_drive,0.8150000000000001,2.2647383647441206,-6.513390723143214,-0.1191328040003985,-2.093485917530403,7
left_drive,0.8160000000000001,2.2678776664766818,-6.524335594309876,-0.12738313788637057,-2.090286392266066,6
left_drive,0.8170000000000001,2.2722448351438356,-6.531666782999452,-0.1342477584033943,-2.085986226787647,6
left_drive,0.8180000000000001,2.2773908950511035,-6.535150334625133,-0.14008285440153956,-2.080748224841864,7
left_drive,0.8190000000000001,2.2822799722041958,-6.534885951070985,-0.14486116524475445,-2.076022752134858,7
left_drive,0.8200000000000001,2.2858014382778737,-6.53280816144275,-0.14763446033270955,-2.073471265493402,4
left_drive,0.8210000000000001,2.283950513240444,-6.532949811529428,-0.14862880040058601,-2.0773428349769563,4
left_drive,0.8220000000000001,2.2774326480536304,-6.536612629402833,-0.1494112455066574,-2.0879804206741763,4
left_drive,0.8230000000000001,2.2687996656358362,-6.544166283454002,-0.15071053075745988,-2.103746174775555,6
left_drive,0.8240000000000001,2.2611343514815783,-6.555167073291029,-0.15242654738194483,-2.122426979856808,7
left_drive,0.8250000000000001,2.257201187434923,-6.569601179070194,-0.1543817188998815,-2.1404886911302206,7
left_drive,0.8260000000000001,2.2587393085105765,-6.5873713852762155,-0.15659593782696124,-2.1547022307725046,9
left_drive,0.8270000000000001,2.265616887194953,-6.607795565726519,-0.15944440694339956,-2.1637013769482234,7
left_drive,0.8280000000000001,2.2766279716642637,-6.6298208913828915,-0.16344406918078025,-2.1672072022495605,7
left_drive,0.8290000000000001,2.2897490982961823,-6.652092828547697,-0.1689627299474169,-2.1658852207731742,8
left_drive,0.8300000000000001,2.302738544264877,-6.673253236838449,-0.17598918057312474,-2.160807802229711,8
left_drive,0.8310000000000001,2.3133400507750443,-6.691953897673245,-0.1840217192856951,-2.1536535945124755,7
left_drive,0.8320000000000001,2.3195011013465043,-6.707204398833292,-0.19230999901681822,-2.1464357514352805,6
left_drive,0.8330000000000001,2.31979019754401,-6.718690051938657,-0.20023670992893638,-2.1407261083910996,4
left_drive,0.8340000000000001,2.3133182190675248,-6.726505964990033,-0.2066730109534456,-2.1377679784804666,5
left_drive,0.8350000000000001,2.3002887127442886,-6.730881808134644,-0.2098034304253552,-2.1384310478877335,5
left_drive,0.8360000000000001,2.2816232819358326,-6.732510639688074,-0.20840405692156894,-2.1436932269249462,6
left_drive,0.8370000000000001,2.259111467453392,-6.73196576928749,-0.201280742671908,-2.153325344984438,4
left_drive,0.8380000000000001,2.2350558836969467,-6.729825149383341,-0.18813395960236046,-2.1660508678379338,5
left_drive,0.8390000000000001,2.211490397265938,-6.726613327642624,-0.16986289835214397,-2.1803992007375435,5
left_drive,0.8400000000000001,2.1902206948160945,-6.722599689998893,-0.14762115427423916,-2.1950849871198033,5
left_drive,0.8410000000000001,2.172557612465006,-6.717879235496597,-0.12286884846016588,-2.2091153152170278,5
left_drive,0.8420000000000001,2.159069462074873,-6.712352672034653,-0.09721789852418672,-2.222006983958238,7
left_drive,0.8430000000000001,2.1496545994913254,-6.705729667325803,-0.07187968252242283,-2.2338068559654007,7
left_drive,0.8440000000000001,2.1430678426839145,-6.69866432536609,-0.04958844911138294,-2.2442020560698817,7
left_drive,0.8450000000000001,2.1380031001082664,-6.691854319139233,-0.032849400321483646,-2.2530396526706205,7
left_drive,0.8460000000000001,2.132970092961094,-6.685941939896682,-0.02192091956046882,-2.260665040396096,7
left_drive,0.8470000000000001,2.1266345182956314,-6.681203095042011,-0.01579287724741696,-2.2676720209859904,7
left_drive,0.8480000000000001,2.1181968199699353,-6.677656629052752,-0.012851886602260443,-2.2746041180486642,7
left_drive,0.8490000000000001,2.107341581296427,-6.675116920245698,-0.011498756871222149,-2.281844098625261,7
left_drive,0.8500000000000001,2.0944326841517023,-6.673390034606383,-0.010529715323745803,-2.2894443610078974,7
left_drive,0.8510000000000001,2.0806925459788688,-6.672129574003674,-0.009775082313552952,-2.2969124354554626,7
left_drive,0.8520000000000001,2.067157187523443,-6.670948458492975,-0.00910029146405189,-2.3037461240416177,7
left_drive,0.8530000000000001,2.0543525196628925,-6.669617010354398,-0.008219327496751472,-2.3097005338935683,7
left_drive,0.8540000000000001,2.0424041721226205,-6.668130647191287,-0.007108131777582072,-2.3147289659453,7
left_drive,0.8550000000000001,2.031239030139693,-6.666440098594874,-0.005975136158044014,-2.3189291671269068,7
left_drive,0.8560000000000001,2.0204882791052454,-6.664347674148415,-0.004552795410330157,-2.3227058495550628,5
left_drive,0.8570000000000001,2.0087019665246517,-6.661324449995861,-0.0006634159900233971,-2.3275166198595563,5
left_drive,0.8580000000000001,1.9965548665715351,-6.657220013889802,0.005121979247067365,-2.333171738876934,5
left_drive,0.8590000000000001,1.9856601851016173,-6.652492137991744,0.010559569449794637,-2.338572475483271,5
left_drive,0.8600000000000001,1.9775877271724132,-6.647705486992534,0.013559463511204628,-2.3427273490797167,5
left_drive,0.8610000000000001,1.9730375123347512,-6.6441615164775385,0.013467943170720309,-2.3447584276177498,3
left_drive,0.8620000000000001,1.9653229283649507,-6.648599513989531,0.00981410724057663,-2.342734298637528,3
left_drive,0.8630000000000001,1.9524111710736483,-6.659839474343987,-9.326137596632478e-06,-2.3385285615704574,2
left_drive,0.8640000000000001,1.9340825347690314,-6.67667565919955,-0.01478070786566521,-2.3340379362004757,2
left_drive,0.8650000000000001,1.9109065589258885,-6.698848077513401,-0.0336252728420936,-2.3299575120388454,6
left_drive,0.8660000000000001,1.883754678995452,-6.7222359461607395,-0.05208366562278677,-2.3273435317837428,8
left_drive,0.8670000000000001,1.8540074694338737,-6.741927413892408,-0.06493403724020297,-2.326303087021936,8
left_drive,0.8680000000000001,1.8228532112297229,-6.756312156463498,-0.0707818910941802,-2.3269282352108442,6
left_drive,0.8690000000000001,1.7911563962444421,-6.765139311267335,-0.06977244600050692,-2.329255896560214,7
left_drive,0.8700000000000001,1.7598186629522572,-6.769656176857417,-0.06348737089289402,-2.3328525086025844,6
left_drive,0.8710000000000001,1.7297295984694392,-6.771917040754116,-0.05438445316883089,-2.3371302279463926,7
left_drive,0.872,1.7016990390950948,-6.7741756085458,-0.045246821289172345,-2.3414862539932155,7
left_drive,0.873,1.6763687361476034,-6.7783923062062685,-0.038393206974072225,-2.3454056239256205,7
left_drive,0.874,1.6540270258674483,-6.785815890058317,-0.03533080585064119,-2.348651484091173,7
left_drive,0.875,1.6346158343318922,-6.796996965573465,-0.03644096623297033,-2.351195540003586,6
left_drive,0.876,1.6177806585015762,-6.811858651685369,-0.04118923600606572,-2.3531886076538955,7
left_drive,0.877,1.6034794327671094,-6.829940887716874,-0.04823129821608507,-2.354361275480958,5
left_drive,0.878,1.591337895388333,-6.8510579548404476,-0.05723971819174012,-2.35404618870075,5
left_drive,0.879,1.5807157866863304,-6.873954479101341,-0.0671084475910344,-2.3524639251190385,5
left_drive,0.88,1.571761896995444,-6.896871886781945,-0.07497164881957397,-2.3500929568757116,5
left_drive,0.881,1.5640344949722231,-6.918238618839589,-0.0791826474772297,-2.347641130751774,8
left_drive,0.882,1.55736157328159,-6.936715577135104,-0.07959243674770011,-2.345612968637617,8
left_drive,0.883,1.5518627048217235,-6.95148130030277,-0.07675771818949229,-2.344148711913098,6
left_drive,0.884,1.5478500241750033,-6.962239370362846,-0.07168282632514966,-2.343091358276385,6
left_drive,0.885,1.545730034221569,-6.9692402679555885,-0.06556378429813514,-2.3420780643474526,6
left_drive,0.886,1.545906026943796,-6.973089842665306,-0.05954337161168066,-2.3407167460181735,8
left_drive,0.887,1.548477975060822,-6.97476615159477,-0.05450239900626541,-2.3387045409959804,6
left_drive,0.888,1.5529660352800296,-6.975758787754501,-0.05085304065687235,-2.3359186969947454,9
left_drive,0.889,1.5581412581852567,-6.977603594881382,-0.04922132261131318,-2.332582459079129,6
left_drive,0.89,1.5631285652302096,-6.981444805989616,-0.049745838328929315,-2.328959920979935,9
left_drive,0.891,1.5673406291308294,-6.987887795565026,-0.052439268186770915,-2.3253978582987567,7
left_drive,0.892,1.5702210140877346,-6.997097164012599,-0.05732353100606291,-2.3222834591410884,7
left_drive,0.893,1.5714796246637315,-7.008962080487241,-0.06431102500985086,-2.3196404888909883,7
left_drive,0.894,1.5711384930853227,-7.023001749298947,-0.07302240399151527,-2.317512294450218,7
left_drive,0.895,1.570017876889088,-7.038470156716295,-0.08270391626047346,-2.3156628825333465,7
left_drive,0.896,1.5688978233246038,-7.054567688985376,-0.09280161951626287,-2.3137483851467984,8
left_drive,0.897,1.5680719914283978,-7.070445830863532,-0.10283090267112227,-2.311568878062268,7
left_drive,0.898,1.5677699624403632,-7.084944800762457,-0.1122931557653446,-2.309164943349653,7
left_drive,0.899,1.5685640796860598,-7.097145326404032,-0.12072404301541773,-2.306239008380709,8
left_drive,0.9,1.5708219402553554,-7.106205853244723,-0.12784666813920764,-2.302498860538999,7
left_drive,0.901,1.5745044766683183,-7.111680598210055,-0.13373258370711993,-2.297693077173781,7
left_drive,0.902,1.5789250510849437,-7.1136057398750445,-0.13870394448271162,-2.292652204468279,7
left_drive,0.903,1.583532575030692,-7.112786485238345,-0.1424638047023068,-2.288579729525288,6
left_drive,0.904,1.5835915042778326,-7.113077553664387,-0.14473762096484633,-2.289433280364098,5
left_drive,0.905,1.5785062330343949,-7.115835019532324,-0.14637316419742175,-2.296414866463955,7
left_drive,0.906,1.5697155226175807,-7.12147234522883,-0.14823319153751036,-2.3092025839865538,4
left_drive,0.907,1.5598478254372767,-7.1299009178653145,-0.15022678335163087,-2.326400905791903,8
left_drive,0.908,1.5520404363655085,-7.141770759136923,-0.15232307924271193,-2.3443525253150383,6
left_drive,0.909,1.5484051197287516,-7.157735122595517,-0.1542971750340436,-2.3593264721277665,8
left_drive,0.91,1.5495181328972754,-7.1775636355717385,-0.15652360494387407,-2.369183276087421,7
left_drive,0.911,1.5546848738618602,-7.2002173016166635,-0.1596405175120339,-2.37332388543937,7
left_drive,0.912,1.5624556714632067,-7.224153179935512,-0.16422555561759367,-2.3720552204192713,8
left_drive,0.913,1.5709094979913223,-7.247468473395075,-0.17045682830211362,-2.3666583528452043,8
left_drive,0.914,1.5780135214933324,-7.268198187781094,-0.17791207894962702,-2.359206595336068,7
left_drive,0.915,1.5819529034875845,-7.284893558213786,-0.18584465135477235,-2.351714357523798,6
left_drive,0.916,1.5813105133219665,-7.29671493314281,-0.19318622471637992,-2.345937661731138,5
left_drive,0.917,1.5751078941506527,-7.303745832685891,-0.199620493676117,-2.342867699728223,5
left_drive,0.918,1.56313797691204,-7.306224862841935,-0.20351141771043546,-2.3433253708944695,5
left_drive,0.919,1.5459994217369686,-7.304793024663665,-0.20336641123357102,-2.3478371501555997,3
left_drive,0.92,1.5249281501930625,-7.300552263348136,-0.19825075420934735,-2.3566884378941246,5
left_drive,0.921,1.5020104019926315,-7.294473809615099,-0.18744156097153641,-2.3688300704560805,5
left_drive,0.922,1.479303552732468,-7.287380413070066,-0.1713099127344634,-2.3828873733713904,5
left_drive,0.923,1.4586262317904746,-7.279879378687518,-0.15077176089002187,-2.3975706456465558,4
left_drive,0.924,1.4413450604357931,-7.272272529299639,-0.12714603185393525,-2.411859314617915,5
left_drive,0.925,1.4282100767582246,-7.264605520154839,-0.10208928878269385,-2.425127590184795,5
left_drive,0.926,1.4193071027749529,-7.2565061895072045,-0.07655042852906146,-2.437435120719651,6
left_drive,0.927,1.413818252393062,-7.24820439112817,-0.053339878105708394,-2.448363693226552,7
left_drive,0.928,1.4103003864560404,-7.240184895446229,-0.03526996883266342,-2.45765284691079,7
left_drive,0.929,1.4069683365669396,-7.232881908922354,-0.02299599464461277,-2.465565205449963,7
left_drive,0.93,1.40233891161194,-7.226430280679748,-0.015722034233740967,-2.472658321764965,7
left_drive,0.931,1.3954968370083598,-7.22077309469292,-0.011927053244757069,-2.4794984588083055,7
left_drive,0.932,1.3860832556704494,-7.215713434489652,-0.00999702735594643,-2.4865267324815483,7
left_drive,0.933,1.3743042693231058,-7.211092481096533,-0.008632524996861068,-2.4939314033078652,7
left_drive,0.934,1.3607428904783048,-7.206745652186076,-0.007104289755048621,-2.501651309754488,7
left_drive,0.935,1.3466405341831533,-7.202589797028643,-0.005351134573399641,-2.5091040506123026,6
left_drive,0.936,1.3329209604014312,-7.198488607275406,-0.0033448476078352662,-2.515799652147313,7
left_drive,0.937,1.3200166329818723,-7.194462145406712,-0.0011693125140217475,-2.5215374766421115,7
left_drive,0.9380000000000001,1.3082039046513367,-7.190490549737107,0.0007934893556398315,-2.5262865022519505,6
left_drive,0.9390000000000001,1.2973400331876934,-7.1862003210868775,0.0028251820998623778,-2.5305107322863254,5
left_drive,0.9400000000000001,1.286214500928582,-7.180781703616633,0.007109883015606666,-2.535625833782018,5
left_drive,0.9410000000000001,1.2749973735057474,-7.1744601001293455,0.012938430410480262,-2.541382207245828,5
left_drive,0.9420000000000001,1.2648569209081957,-7.167824996712021,0.01821949157043745,-2.5468559921939744,5
left_drive,0.9430000000000001,1.257176430853926,-7.161608228344236,0.021051914450686215,-2.5511852931891346,5
left_drive,0.9440000000000001,1.2532993860899,-7.156716508599857,0.020339891335393823,-2.553647879890871,5
left_drive,0.9450000000000001,1.2482384164360925,-7.156734341591051,0.01754200116208815,-2.55309138576472,2
left_drive,0.9460000000000001,1.2361818250857954,-7.163224653395058,0.009369817243778389,-2.5495434221127344,3
left_drive,0.9470000000000001,1.2173879627216315,-7.174809777255409,-0.0034945899899203603,-2.544562600426894,3
left_drive,0.9480000000000001,1.192085527383088,-7.190912548723478,-0.020126268626200927,-2.539497679426283,2
left_drive,0.9490000000000001,1.161311969869036,-7.210428769466978,-0.03946009192589317,-2.53524991975046,6
left_drive,0.9500000000000001,1.12740151815812,-7.227076539188376,-0.054955059307632226,-2.5329743342775313,7
left_drive,0.9510000000000001,1.0923803754828187,-7.238161522307693,-0.06366669959565585,-2.532588998335593,6
left_drive,0.9520000000000001,1.0574560790025647,-7.2429148503772,-0.06509259176280247,-2.5343177099576804,6
left_drive,0.9530000000000001,1.0235031312186549,-7.242334945928258,-0.06042784522748046,-2.5377474201892207,7
left_drive,0.9540000000000001,0.9911990096598562,-7.238543001646276,-0.05203219098032097,-2.542204996527384,6
left_drive,0.9550000000000001,0.9610733741230868,-7.234118691670351,-0.04279765337587804,-2.546949511883004,6
left_drive,0.9560000000000001,0.9335039136110233,-7.231455075192372,-0.03540210569640001,-2.551332537314376,7
left_drive,0.9570000000000001,0.9086448837281667,-7.232250251501128,-0.03173438316748789,-2.55498392873377,6
left_drive,0.9580000000000001,0.8863505099496543,-7.237399182731068,-0.03243477393002414,-2.557795274427608,6
left_drive,0.9590000000000001,0.866465468095736,-7.246996854496608,-0.036963040144214254,-2.559755909963804,7
left_drive,0.9600000000000001,0.8489480003392009,-7.260740827736605,-0.04397300271827653,-2.560629413401146,4
left_drive,0.9610000000000001,0.8332824534400343,-7.2784180640455505,-0.05310200746208937,-2.559882861637607,5
left_drive,0.9620000000000001,0.8188600480044261,-7.2986360916990956,-0.06336790982388085,-2.5579320561035774,5
left_drive,0.9630000000000001,0.8062086838597964,-7.319736591274014,-0.07171819164736881,-2.5552241369212103,8
left_drive,0.9640000000000001,0.7952123540712766,-7.340081979977916,-0.07634472545579363,-2.5524579380809587,5
left_drive,0.9650000000000001,0.7857856159164036,-7.358220683232965,-0.07698805225500571,-2.5501786068611354,5
left_drive,0.9660000000000001,0.7781668829812909,-7.3732000322417734,-0.07411315152799403,-2.548549273681826,5
left_drive,0.9670000000000001,0.7725821758025726,-7.384522600690375,-0.06877954047582535,-2.5475345259708786,8
left_drive,0.9680000000000001,0.7693310311324484,-7.392255657248518,-0.06219857953619923,-2.5468428365897267,8
left_drive,0.9690000000000001,0.7686465691261264,-7.397032726121534,-0.055474606207010835,-2.5460058948437534,8
left_drive,0.9700000000000001,0.7704962617999525,-7.399677090629477,-0.04973653188747296,-2.5446773416680997,8
left_drive,0.9710000000000001,0.7743095453195175,-7.401517543743662,-0.04547170343704532,-2.5425567889650975,6
left_drive,0.9720000000000001,0.7787741978333613,-7.403905928643401,-0.043138565480513646,-2.5396901719012033,7
left_drive,0.9730000000000001,0.7824498686957599,-7.407870729919683,-0.043296061123436314,-2.5364075644216997,7
left_drive,0.9740000000000001,0.7846428789843944,-7.414056362424619,-0.045902125457222054,-2.532973046380733,7
left_drive,0.9750000000000001,0.7848377421629276,-7.422631054946477,-0.05087078318887106,-2.529770184573469,6
left_drive,0.9760000000000001,0.7827435254798221,-7.433435546061863,-0.05805898921745656,-2.527106440972922,7
left_drive,0.9770000000000001,0.7784205509266306,-7.446092528000801,-0.06710557162600783,-2.525113610724905,7
left_drive,0.9780000000000001,0.7729782016691127,-7.460220318690731,-0.07722885917223454,-2.5233950255514004,8
left_drive,0.9790000000000001,0.7677261358794727,-7.475336690548207,-0.08765637491066336,-2.5214829648868493,9
left_drive,0.9800000000000001,0.7631925647241333,-7.490744427535612,-0.09797639718160234,-2.5192247597166126,7
left_drive,0.9810000000000001,0.7598044929945047,-7.505498348678033,-0.1077435816030532,-2.516575866022539,7
left_drive,0.9820000000000001,0.7580076792192623,-7.518575319911684,-0.11655990536790095,-2.5134638115815964,6
left_drive,0.9830000000000001,0.7581898082538299,-7.529079234431851,-0.12373419321396706,-2.509788762696662,6
left_drive,0.9840000000000001,0.7602777905860725,-7.536372170552314,-0.1294117189609898,-2.5054687890936393,7
left_drive,0.9850000000000001,0.7636544991466712,-7.540340869911856,-0.13399136762988695,-2.5010585326275026,7
left_drive,0.9860000000000001,0.7680343521047195,-7.541255596473548,-0.13767166859476343,-2.497204863056588,5
left_drive,0.9870000000000001,0.7698962224566539,-7.542264550954893,-0.1400366246241056,-2.4964024157532854,4
left_drive,0.9880000000000001,0.7663994557128471,-7.5441903003067265,-0.1415772857757065,-2.5015976408150067,4
left_drive,0.9890000000000001,0.757866280061158,-7.5471426380832245,-0.14288295642437632,-2.5136421809075835,4
left_drive,0.9900000000000001,0.7465806541875473,-7.551656887800847,-0.143883931081775,-2.5314463843332353,6
left_drive,0.9910000000000001,0.7355632587008161,-7.559248589522487,-0.1448211662444363,-2.551423582627384,7
left_drive,0.9920000000000001,0.7270537779737463,-7.571667474088168,-0.14611517105967664,-2.5691239346225427,9
left_drive,0.9930000000000001,0.7223521198610026,-7.589614308386615,-0.14786743895752763,-2.5812873232235165,7
left_drive,0.9940000000000001,0.7214175749785336,-7.612248012671546,-0.1504833346786596,-2.5867749119852164,7
left_drive,0.9950000000000001,0.7233240775684391,-7.637633783401202,-0.15448313034834427,-2.586131283762745,8
left_drive,0.9960000000000001,0.7266359720207838,-7.663366528811666,-0.1600886037790631,-2.580755350532249,8
left_drive,0.9970000000000001,0.7297040015197163,-7.686826788146402,-0.16696855920003661,-2.5729149899588633,6
left_drive,0.9980000000000001,0.7309726640310623,-7.705836397570226,-0.1743676174479587,-2.5649826837142284,5
left_drive,0.9990000000000001,0.7291410819221809,-7.719080535565196,-0.1813106306398462,-2.5588164544113186,5
left_drive,0.9999,0.7241359271580403,-7.725654286033688,-0.18614075531195573,-2.5558148594220116,5
right_drive,0.0,0.0,0.0,0.0,0.0,14
right_drive,0.001,0.0025712844594921735,0.00024390103604245405,-0.00280356350468991,0.00020759926009356985,10
right_drive,0.0020000000000000005,0.009159708077788653,0.0012848866036003818,-0.01031655197346848,0.0011340811096660279,7
right_drive,0.0030000000000000005,0.019419427248636323,0.0028955532818098796,-0.02066893206915843,0.0027064282007435267,6
right_drive,0.004,0.03268055957566651,0.005317816373096114,-0.032531932627544835,0.005270497766684514,9
right_drive,0.005,0.04814996071679134,0.008679625195381202,-0.04489676404711518,0.009019413527138611,7
right_drive,0.006,0.06514202744963804,0.012968751085733995,-0.0572491036438556,0.013975427696936294,8
right_drive,0.007,0.08316924814768434,0.017741857891746732,-0.06900508242698988,0.019751670964572147,7
right_drive,0.008,0.10195475937752096,0.022503485644177836,-0.07981971493228102,0.02591858976091242,6
right_drive,0.009000000000000001,0.12116975472140634,0.026849844640815322,-0.08961300779443615,0.03203956993644101,7
right_drive,0.010000000000000002,0.14042186792419253,0.03065293476147723,-0.09852264123602139,0.03788882515662465,5
right_drive,0.011000000000000001,0.15957481498954107,0.034562200553777275,-0.10715798197616011,0.044101193533786415,7
right_drive,0.012000000000000002,0.17824026460784892,0.038330489421443265,-0.11548552350880104,0.05015980337842486,7
right_drive,0.013000000000000001,0.19586162225029802,0.04147067722101158,-0.12319649282360912,0.05533090279536101,7
right_drive,0.014000000000000002,0.21193662273762748,0.04375729846922094,-0.129946136507612,0.05916885530820688,6
right_drive,0.015000000000000001,0.22605938306410933,0.04516183358267454,-0.13539869978193475,0.06150701478433915,7
right_drive,0.016,0.23787344082403084,0.0458850887574431,-0.13921533165415245,0.06252389721262554,6
right_drive,0.017,0.2472849661677301,0.046218168244369105,-0.1411982039474058,0.06264500899253918,7
right_drive,0.018000000000000002,0.25413340653361294,0.04625419485087681,-0.1413270417601067,0.062304388454640945,6
right_drive,0.019000000000000003,0.2577877155528705,0.04366040987134062,-0.14045097951092922,0.060729310730192894,7
right_drive,0.02,0.2588874241013782,0.039153528918456415,-0.13929293324825176,0.05886450812455127,6
right_drive,0.021,0.2586375095079897,0.034174996353367765,-0.13814189078673356,0.057538815677363235,13
right_drive,0.022000000000000002,0.25815892634453674,0.029608315913578823,-0.13720197472538898,0.056930704830215194,8
right_drive,0.023000000000000003,0.2581913301317794,0.02527709906706866,-0.13684812859747653,0.056768416599475985,7
right_drive,0.024,0.2593465207299245,0.021114888080611623,-0.1374940897713779,0.057057357467785355,8
right_drive,0.025,0.26218513654237297,0.016883487355459185,-0.13954497019393264,0.0577549972009308,6
right_drive,0.026000000000000002,0.26678394466424493,0.012171682915118512,-0.14338552136558969,0.058760764112679484,6
right_drive,0.027000000000000003,0.2724724991822002,0.006574523281922179,-0.14900960450262501,0.05983289699218834,7
right_drive,0.028,0.2780266181395522,0.00032019882718313796,-0.15574865272024319,0.06102811514369356,7
right_drive,0.029,0.28226409164091526,-0.0062464841890609865,-0.162557405149104,0.06210724902587504,8
right_drive,0.030000000000000002,0.2841317466031079,-0.013491667437602268,-0.1696493322539906,0.062346048946373106,7
right_drive,0.031000000000000003,0.28324318475030363,-0.022060886092990617,-0.17752508940370504,0.060866167074061145,8
right_drive,0.032,0.2807307036263843,-0.031152480695498454,-0.18589277031191642,0.05806431386308566,6
right_drive,0.033,0.2783651216971713,-0.03920168363121262,-0.19389245650924425,0.05525927867375387,8
right_drive,0.033999999999999996,0.27730931949358384,-0.04504160499317337,-0.2004211257670393,0.05315730101387422,8
right_drive,0.034999999999999996,0.2781604390586341,-0.04826049675090232,-0.20489412643017846,0.05214211996230938,8
right_drive,0.036,0.28097866654245707,-0.04879751258647585,-0.20682286414644435,0.05222622674209189,8
right_drive,0.037,0.28539888968619465,-0.04688584744604493,-0.20573263352398907,0.053109863967695625,6
right_drive,0.038,0.291082560347238,-0.04276276212383181,-0.2019911603750736,0.05463708897171337,7
right_drive,0.039,0.29772064402901754,-0.03674304883339418,-0.1959693800944019,0.056492828506386074,7
right_drive,0.04,0.3051472414025136,-0.029257213522986898,-0.18833146528449485,0.05841339006649461,5
right_drive,0.041,0.31355236031810907,-0.020905616844158387,-0.18071351267710722,0.059640490050404574,6
right_drive,0.042,0.32293841542313106,-0.011869038975163443,-0.17418068373298767,0.06033677915507083,5
right_drive,0.043,0.3331188852235305,-0.002719420338057767,-0.16918165069790903,0.060955347617059716,4
right_drive,0.044,0.3438542665855724,0.005830208156290782,-0.16599507811038972,0.06151805829790843,4
right_drive,0.045,0.35487858317450605,0.012445513735342563,-0.16481974820587741,0.061598423269655124,7
right_drive,0.046,0.36561166441081916,0.015800603489881306,-0.1649931628371175,0.060981495273831524,6
right_drive,0.047,0.3754155184717506,0.015766034284290763,-0.1655383461696791,0.06003687723366305,6
right_drive,0.048,0.38392889983184464,0.013028706609655516,-0.16601386594722933,0.059311475368118684,7
right_drive,0.049,0.3909741441952802,0.008268305866301718,-0.16654805477409196,0.0591805904381783,6
right_drive,0.05,0.39659555117327905,0.0019831592640310717,-0.16762854698749052,0.05970221631877655,5
right_drive,0.051,0.40081644086376267,-0.005571755990419704,-0.1700894280519608,0.060746104012107505,9
right_drive,0.052,0.4041240427166354,-0.013968252946800114,-0.17428317678634664,0.062141797141602215,6
right_drive,0.053,0.407060683963795,-0.022506439540253387,-0.18012936170035643,0.06394142807370216,7
right_drive,0.054,0.4100451457668016,-0.030488092903837517,-0.1871262712226247,0.06619034374895222,10
right_drive,0.055,0.4133118053548174,-0.03692270153963865,-0.19437375396502854,0.06925168393354948,6
right_drive,0.056,0.4169649837966666,-0.04130434015750777,-0.20080273697039164,0.07317201137147177,5
right_drive,0.057,0.4210564079023794,-0.043516210575327126,-0.20537938943106204,0.07788261237444927,6
right_drive,0.058,0.42556782186517417,-0.043829203814686524,-0.20734226076441542,0.08322400386110948,7
right_drive,0.059,0.4303114927723787,-0.04284917167451243,-0.2059475072218221,0.08864335966426694,8
right_drive,0.06,0.4354193018748781,-0.040871028134963856,-0.2015377727309935,0.0940256782022842,8
right_drive,0.061,0.44174055692368674,-0.039026705658717596,-0.19543191606213295,0.09796818371697745,7
right_drive,0.062,0.44916464531926126,-0.03792255966830696,-0.18909648737630436,0.10023940862811626,8
right_drive,0.063,0.45713651364102237,-0.03765607342793995,-0.1840586523464386,0.10142546347071589,8
right_drive,0.064,0.4651898898582554,-0.03819350021199813,-0.1817346211034071,0.10216209856974959,8
right_drive,0.065,0.472683729348113,-0.0395307006872565,-0.18315572445259387,0.10311026717697946,8
right_drive,0.066,0.4791798064737707,-0.041607449733283355,-0.18873038627939076,0.10477101896436203,7
right_drive,0.067,0.4842486839250715,-0.0443560569659051,-0.19832001618950013,0.1074000617977358,7
right_drive,0.068,0.49166541475606973,-0.048072631006275617,-0.2084834584151649,0.11080069617895036,7
right_drive,0.069,0.5061426417196693,-0.05288949598940456,-0.21523696125308256,0.11483543079471406,6
right_drive,0.07,0.5253718717974281,-0.05829139582855981,-0.2197341488766852,0.11888654759411126,6
right_drive,0.071,0.5467936003131617,-0.06393626816695124,-0.2234956828339154,0.12257998310552753,5
right_drive,0.072,0.5679137768434073,-0.06955572484371826,-0.22737627073409428,0.12536693884789632,5
right_drive,0.073,0.5864577535320086,-0.07456231029758989,-0.23127298710972632,0.12712509610827377,5
right_drive,0.074,0.600909416625723,-0.07799810492766798,-0.23458672860102492,0.12830856122713807,8
right_drive,0.075,0.6106927749250746,-0.07898495759004259,-0.23654158622901067,0.1293918526892409,8
right_drive,0.076,0.6160157118455454,-0.07706050384284405,-0.23628768792078925,0.13055418781281658,6
right_drive,0.077,0.6182522193599662,-0.07248924518932921,-0.23383936223401158,0.1317577089212401,9
right_drive,0.078,0.6188212207632859,-0.06517627366776296,-0.2289273496522578,0.1335430334209735,7
right_drive,0.079,0.6204536108082377,-0.05443322442992533,-0.22238946247781843,0.13826410960902313,5
right_drive,0.08,0.6251052928330982,-0.040208928398980326,-0.21545548769677436,0.14717516990916954,3
right_drive,0.081,0.6339804459667266,-0.02388521572690976,-0.20981346084264085,0.1598403822243002,4
right_drive,0.082,0.6473727643127418,-0.007951656892063737,-0.20619034494324995,0.1740014766584521,5
right_drive,0.083,0.6649113173817143,0.00557521364551772,-0.20473736205962667,0.18774991690726459,6
right_drive,0.084,0.685981024420881,0.015362440277859728,-0.2054817048145946,0.19993198980698368,6
right_drive,0.085,0.7100733846050253,0.02090562711909945,-0.20945127119776186,0.20956995890473348,5
right_drive,0.08600000000000001,0.7365127965894007,0.022926906936568726,-0.21743131013643835,0.21679481823064103,6
right_drive,0.08700000000000001,0.7644948878300657,0.022946068840330375,-0.2298667658741521,0.22253757303047955,7
right_drive,0.088,0.7931472812050036,0.02271587001202858,-0.246510857629621,0.22795335308735099,14
right_drive,0.089,0.8216594918643063,0.023597917595284353,-0.26659361978079665,0.2340645758409349,6
right_drive,0.09,0.8496796009913661,0.026279774196350456,-0.2894322157504813,0.24117525420581232,10
right_drive,0.091,0.8770782653207858,0.03056230215304321,-0.3143747698452495,0.24885158567686455,14
right_drive,0.092,0.9038631609438998,0.03622433139739815,-0.3410936384985561,0.2566312503259384,12
right_drive,0.093,0.9291646250982946,0.0433725244876026,-0.36825595858443416,0.264616370931888,14
right_drive,0.094,0.9502717646933412,0.05170156310690933,-0.3892806056198622,0.2714704463880803,15
right_drive,0.095,0.9658767012408889,0.0607123188788467,-0.40005976140756516,0.2763942226919042,19
right_drive,0.096,0.9754680042129136,0.06970586242642485,-0.4001248286991441,0.27886474537072603,9
right_drive,0.097,0.9784947479479862,0.07766159814256068,-0.39043256681158844,0.27834022519682944,16
right_drive,0.098,0.976647519522005,0.08295885030909603,-0.3747657788033987,0.2746733561614561,8
right_drive,0.099,0.9721873282887699,0.08470307555585098,-0.35675806511623986,0.26808111282128955,9
right_drive,0.1,0.9679901981024741,0.08408876097290803,-0.3399561486802132,0.2595157273504152,12
right_drive,0.101,0.9654139396009889,0.08364128414286241,-0.3245537031399951,0.2507252047490416,8
right_drive,0.10200000000000001,0.964712354409561,0.08393439624777604,-0.3101386925904852,0.24305593347301876,5
right_drive,0.10300000000000001,0.9652745645649696,0.084868604502726,-0.29638135007289834,0.23666144342536952,6
right_drive,0.104,0.9664960220135177,0.08551947349115097,-0.2842472661706621,0.2304569202118395,7
right_drive,0.105,0.9681880487303895,0.08531216860455307,-0.27537487562428287,0.22403452310624383,5
right_drive,0.106,0.9703470954695317,0.08499792720513152,-0.2700553381111964,0.21891558133141145,5
right_drive,0.107,0.973371476457725,0.08496614222329246,-0.2674935927974439,0.21618962821531187,5
right_drive,0.108,0.977546499304903,0.08532145836150072,-0.26645755862620657,0.21648886804680187,4
right_drive,0.109,0.9828881181366325,0.08515180988885789,-0.2666222561887671,0.21907511734576804,5
right_drive,0.11,0.988897215424331,0.08343764837950104,-0.26804773391294556,0.2224617405944168,7
right_drive,0.111,0.9949326101563114,0.07991458903013232,-0.2709757353477288,0.22580743636223846,6
right_drive,0.112,1.0005197119956522,0.07477140375288473,-0.2757482702270855,0.2286949402888985,6
right_drive,0.113,1.0052113911443255,0.06818823219906274,-0.2823422912544943,0.23010660889019122,5
right_drive,0.114,1.0086365652767268,0.06120665539090296,-0.28997413808677597,0.2299217938968415,7
right_drive,0.115,1.010493600412442,0.05518893074569769,-0.2972563389014571,0.22842536209841915,11
right_drive,0.116,1.0115398573085752,0.0509285308093583,-0.3031815487702657,0.22583381886061027,9
right_drive,0.117,1.0123561702816173,0.04891234743228589,-0.3080484980874256,0.22250037736386868,7
right_drive,0.11800000000000001,1.0140815331612116,0.05058334202993423,-0.31027756675232065,0.2198802502183123,6
right_drive,0.11900000000000001,1.021284149313977,0.06061244551547564,-0.30431106637621386,0.2231066479699903,9
right_drive,0.12000000000000001,1.0314440906280118,0.07660413470943396,-0.29076293116718843,0.23109808164112408,10
right_drive,0.121,1.0421045226502081,0.09526343868616048,-0.2718525253681373,0.2412591630727215,9
right_drive,0.122,1.0522284214109117,0.11400794770964923,-0.2504585581275568,0.2512213689267325,9
right_drive,0.123,1.062036693159503,0.13094208832380447,-0.2297852795252192,0.2591331579479632,9
right_drive,0.124,1.0722755289917818,0.14501838089424016,-0.21271886571749565,0.26393697403826544,8
right_drive,0.12500000000000003,1.0835137619510784,0.15589689194695863,-0.20127705186584866,0.26530617155549907,8
right_drive,0.12600000000000003,1.0961154430657136,0.16320840318670118,-0.19677026167496925,0.263635972088596,9
right_drive,0.12700000000000003,1.1101450382430427,0.16714990793076065,-0.198834422537447,0.2601867323798398,7
right_drive,0.12800000000000003,1.1259098836141705,0.1663904779564851,-0.20420259818579467,0.2558521709760391,8
right_drive,0.129,1.1422781826795758,0.16178338522196237,-0.21161488307961251,0.2525303125717238,7
right_drive,0.13,1.158106608882603,0.15391386773469407,-0.22007000044081493,0.2508563566988556,5
right_drive,0.131,1.172505580762104,0.1431307037182018,-0.2287187680348809,0.25074720783960275,5
right_drive,0.132,1.184907049747024,0.12965152526588294,-0.23668047551652238,0.25148500199916307,7
right_drive,0.133,1.1950502962311715,0.11430136376542133,-0.24347204588160531,0.2525442207780936,6
right_drive,0.134,1.2027943656335438,0.09850540799110503,-0.24907708105287252,0.2538254408193482,7
right_drive,0.135,1.2082312847524521,0.08417437603923345,-0.25340419920936896,0.2556349759035968,7
right_drive,0.136,1.2111465681409554,0.0726544223187053,-0.2567753758968717,0.2583658864637957,8
right_drive,0.137,1.2117924606487271,0.06578980308623252,-0.258973600421712,0.2627543302113701,7
right_drive,0.138,1.2106785933251647,0.06437361729531604,-0.2598372788506401,0.2688909252965785,8
right_drive,0.139,1.208467677275706,0.06798939240586951,-0.2596741356202771,0.2765360335770819,9
right_drive,0.14,1.2060867982890437,0.07512278625365039,-0.25887190548842987,0.285140951085076,10
right_drive,0.14100000000000001,1.2045756683393878,0.08360486798365403,-0.25794475291045726,0.294083325048732,10
right_drive,0.14200000000000002,1.2049507547765854,0.09140852017682355,-0.2576506699957547,0.3028956559518395,10
right_drive,0.14300000000000002,1.207966610657794,0.09697750725346363,-0.25877843960468894,0.31137318829329586,11
right_drive,0.14400000000000002,1.214024561839844,0.09939701135215483,-0.2618732921620648,0.31943841558615005,10
right_drive,0.14500000000000002,1.2229470989968105,0.09870269682811031,-0.2670929527821335,0.3271437758190006,10
right_drive,0.14600000000000002,1.2342074974789388,0.09523087033938046,-0.27400884602570075,0.3345170318462742,9
right_drive,0.14700000000000002,1.2468455319217595,0.08995382256020572,-0.28194577729845205,0.34159428692228183,10
right_drive,0.14800000000000002,1.259758629402413,0.08391617398319894,-0.2899658986307343,0.3482703198184782,8
right_drive,0.14900000000000002,1.2721084317181757,0.07832392373523765,-0.29747776799358316,0.35442887473879836,9
right_drive,0.15000000000000002,1.2834620176373748,0.07447077490652933,-0.30471344501042585,0.3600190867999863,5
right_drive,0.15100000000000002,1.2926196411168582,0.07222943239786028,-0.3118986768490323,0.364443222580499,7
right_drive,0.15200000000000002,1.2982528407613794,0.07133733396281303,-0.31890308980181914,0.36740947119160267,8
right_drive,0.15300000000000002,1.296335774442806,0.07300587019194106,-0.32333915712927785,0.3699317374221585,9
right_drive,0.15400000000000003,1.2876188073751902,0.07610891040013701,-0.32439976730790854,0.37126322665554784,8
right_drive,0.15500000000000003,1.2741854836855213,0.0799285452282071,-0.3223790945117634,0.37112425798267173,6
right_drive,0.15600000000000003,1.2579064151660961,0.0854557609130895,-0.31788978182576655,0.37085476868680806,5
right_drive,0.15700000000000003,1.2402955086856726,0.0958507555127714,-0.31196983439298176,0.3743144061243219,5
right_drive,0.15800000000000003,1.2251959258129492,0.11428315104943887,-0.3044511579699196,0.3844289389016316,4
right_drive,0.15900000000000003,1.2189877401690292,0.14151656246073552,-0.2933543288261309,0.4026306376373923,5
right_drive,0.16000000000000003,1.22140202321642,0.17242756764187347,-0.2812850405985695,0.4247758023449244,8
right_drive,0.16100000000000003,1.231231851780901,0.20188232518983013,-0.27170826667493286,0.44624243158465327,4
right_drive,0.162,1.2466172104529014,0.22673357661588658,-0.26803002313805424,0.464771677069894,4
right_drive,0.163,1.2655724142737526,0.24520035300086893,-0.27243598483367126,0.4792899403985651,4
right_drive,0.164,1.2863269519906657,0.2573196434220861,-0.28535790384890336,0.48993992548094367,5
right_drive,0.165,1.3077047516668179,0.26426026557750865,-0.3055642820347866,0.4974604013324441,4
right_drive,0.166,1.3291982479647806,0.2680567251286456,-0.33084574166009206,0.5029231954783963,4
right_drive,0.167,1.350677628121829,0.2710431850623726,-0.3586886017180517,0.5075867758254959,12
right_drive,0.168,1.371862293472341,0.2749344000415067,-0.38580774283001795,0.5129202772617023,5
right_drive,0.169,1.3917920112689326,0.2809055421839034,-0.40865437477096245,0.5196019771644578,4
right_drive,0.17,1.4065962082950978,0.290066530934218,-0.41709385587308545,0.52766696288234,5
right_drive,0.171,1.4161737738493614,0.30208598754996485,-0.4102809500668144,0.5360552795104966,8
right_drive,0.17200000000000001,1.4212094988389572,0.3147972519318081,-0.39053537860887677,0.5425747264105817,9
right_drive,0.17300000000000001,1.4237171184929327,0.3265751957093095,-0.36281214024171327,0.5460108672591453,7
right_drive,0.17400000000000002,1.4246509679925765,0.3376228170866997,-0.3326740243875622,0.5472581720357179,11
right_drive,0.17500000000000002,1.4252256202878364,0.3485448404422923,-0.30548670345788553,0.547467963086008,9
right_drive,0.17600000000000002,1.4259933195588264,0.3596333881096734,-0.283099725102436,0.5475852979971114,8
right_drive,0.17700000000000002,1.4280661060442175,0.37082154890627955,-0.2655856892909766,0.5485022789303315,8
right_drive,0.17800000000000002,1.4320789751653051,0.3809952470215295,-0.2529443512791488,0.550239827759752,9
right_drive,0.17900000000000002,1.4384729881785467,0.38960502163229804,-0.24535354897714123,0.5517729201851959,6
right_drive,0.18000000000000002,1.447429773751947,0.3993943257460518,-0.2414978556859414,0.5510545612289945,6
right_drive,0.18100000000000002,1.4590093837857365,0.4108567726783401,-0.24065380854848162,0.548531469853034,8
right_drive,0.18200000000000002,1.472922327602106,0.42389869215489623,-0.24184253947216172,0.5451790383231381,6
right_drive,0.18300000000000002,1.4885016199628507,0.4390601218856181,-0.243521777445051,0.5424257081077697,7
right_drive,0.18400000000000002,1.5048211604708808,0.4564519826220186,-0.24479199112934902,0.5416476984984554,8
right_drive,0.18500000000000003,1.520653170631836,0.475594673137807,-0.24550034673103327,0.5440773363829471,6
right_drive,0.18600000000000003,1.5352336345925388,0.4948282003782793,-0.24645059553704685,0.5494347698417167,8
right_drive,0.18700000000000003,1.5475396389989942,0.5118754490209276,-0.2484054719682901,0.5565798242310998,8
right_drive,0.18800000000000003,1.5576398545672503,0.5244017247043451,-0.2521639598976687,0.5634919942724607,7
right_drive,0.18900000000000003,1.5657369439000153,0.5307711219297359,-0.2574504898081438,0.5684424512581258,8
right_drive,0.19000000000000003,1.572300807007747,0.5302758937821803,-0.2641901661644611,0.5705106745702597,9
right_drive,0.19100000000000003,1.5780447607647319,0.523302542031857,-0.2716665033173329,0.5694172532526264,8
right_drive,0.19200000000000003,1.583603984661642,0.5109372573235165,-0.279014592281032,0.5656435712152784,8
right_drive,0.19300000000000003,1.5889547605076975,0.4951086567137994,-0.2854371296650816,0.5602796769538397,8
right_drive,0.19400000000000003,1.5935924611036207,0.4786555245071361,-0.28944352985491706,0.5541992821618433,8
right_drive,0.195,1.5975799923839453,0.46395471256180737,-0.2905172443580133,0.5483497028438907,11
right_drive,0.196,1.6011412593550989,0.4523948185810649,-0.28853328841260006,0.5427254741397827,8
right_drive,0.197,1.60427197790413,0.4453563072578622,-0.2836154268241987,0.53749620100729,11
right_drive,0.198,1.607061929775079,0.443766417027369,-0.27622251554645494,0.532755076433323,12
right_drive,0.199,1.6102073268912536,0.44775486465534853,-0.2676092353953442,0.5283397697065589,12
right_drive,0.2,1.6147671143182154,0.45666200754011393,-0.2596493038080059,0.523869178327078,11
right_drive,0.201,1.6217220174598994,0.46905452265935327,-0.25451792299567755,0.5185492838834617,9
right_drive,0.202,1.6314361939599622,0.48210665361148924,-0.2541504454353992,0.5114020780245467,10
right_drive,0.203,1.6426938907299764,0.4929532689997752,-0.2582796403922665,0.5029868849508133,9
right_drive,0.20400000000000001,1.6547470035056242,0.4999317898120441,-0.26547785665811996,0.4944912806687569,10
right_drive,0.20500000000000002,1.6666235626217634,0.5013496986037109,-0.27381760813496847,0.48660827241050303,8
right_drive,0.20600000000000002,1.6769414864571153,0.49732739357251704,-0.28234637609683555,0.48013987088166976,9
right_drive,0.20700000000000002,1.6849410658648818,0.4885870441484706,-0.2906361803836678,0.4754367934209961,7
right_drive,0.20800000000000002,1.6903303480272132,0.476474657660731,-0.2989299008071995,0.4726194314610485,7
right_drive,0.20900000000000002,1.695149759902555,0.4649919436987419,-0.30577248564123594,0.4728000163396024,9
right_drive,0.21000000000000002,1.7058978595343466,0.4651723094952852,-0.3034324894581617,0.4820269527777865,7
right_drive,0.21100000000000002,1.7175053547522139,0.47223708971876804,-0.29541290342420645,0.4970963020073626,9
right_drive,0.21200000000000002,1.726178724985151,0.48033454915616386,-0.28602092528129786,0.513129697418622,4
right_drive,0.21300000000000002,1.734752096117501,0.48238768151572387,-0.27566627834725776,0.5246849708747982,7
right_drive,0.21400000000000002,1.7436818731826924,0.4785051343306852,-0.2671139330402831,0.5320260805886762,6
right_drive,0.21500000000000002,1.7531846950437453,0.47142292054876517,-0.26335633936344516,0.5365716408416087,9
right_drive,0.21600000000000003,1.7636106648965741,0.46455235103061987,-0.2653569939656891,0.5402699037874269,8
right_drive,0.21700000000000003,1.7750859844708362,0.4607198843911752,-0.27206157358997685,0.5443051709414728,7
right_drive,0.21800000000000003,1.7874533616309463,0.4612517325636615,-0.2813333763911918,0.5490093701402797,10
right_drive,0.21900000000000003,1.8000891238264445,0.46591556426542796,-0.29071233250050066,0.5542380830198637,8
right_drive,0.22000000000000003,1.8123163681171715,0.47355614941348373,-0.2982796389710485,0.5595203934133789,5
right_drive,0.22100000000000003,1.8236545986709078,0.482447275984661,-0.30327358855464526,0.5640501998314295,11
right_drive,0.22200000000000003,1.8337651167492548,0.49102407501058937,-0.30591371325845684,0.5670443979564507,9
right_drive,0.22300000000000003,1.8423937425039134,0.49753504626714046,-0.30669348122285756,0.5676104683375077,13
right_drive,0.22400000000000003,1.8448327092567407,0.5004684460918064,-0.3040655596425339,0.5657983494374512,9
right_drive,0.22500000000000003,1.841694419737435,0.5006427608793539,-0.29949797818799695,0.562669662586309,8
right_drive,0.22600000000000003,1.83652751348396,0.49967247847313223,-0.29597978282454285,0.5597647734348424,8
right_drive,0.22700000000000004,1.8324701454247845,0.4978669901575994,-0.2955997393632037,0.5572118902968929,7
right_drive,0.228,1.831712787937962,0.4965645640346758,-0.2995332267948332,0.5567465746834881,7
right_drive,0.229,1.8352089746899662,0.49777868235046907,-0.30802946768203743,0.5609427798342153,5
right_drive,0.23,1.8431149186294338,0.5006004298936678,-0.3203979956838967,0.5694496021975152,8
right_drive,0.231,1.8552766165806607,0.5033316823066115,-0.334475691140908,0.5802731081985859,9
right_drive,0.232,1.870474040673694,0.5052748293091677,-0.34788906611400083,0.5920608878029104,9
right_drive,0.233,1.8864875760941238,0.5068101347430314,-0.3586605650040453,0.6043977449791227,11
right_drive,0.234,1.9009767627871623,0.5088220499042574,-0.3657864542961755,0.6170507964957448,10
right_drive,0.23500000000000001,1.9125152558772807,0.5127084301370097,-0.3685318723395873,0.6298246497034204,10
right_drive,0.23600000000000002,1.9195197012026126,0.5193356650303524,-0.3668521316922285,0.6425834611823359,9
right_drive,0.23700000000000002,1.9211302493762932,0.528819352511714,-0.36076475821519216,0.6550046348795061,9
right_drive,0.23800000000000002,1.917287027372565,0.5410995454076668,-0.3500352404308894,0.6667769638369637,7
right_drive,0.23900000000000002,1.9083414366936107,0.5557436129026367,-0.3343418523812679,0.6776728163292148,8
right_drive,0.24000000000000002,1.8958119345114737,0.5717323317900119,-0.31436663505731344,0.6868371037412252,8
right_drive,0.24100000000000002,1.8814033401349421,0.5881726928242783,-0.2912778729062543,0.6936781007187107,8
right_drive,0.24200000000000002,1.8666637637607844,0.6044244777120347,-0.26653926434723463,0.6981292445870585,7
right_drive,0.24300000000000002,1.8528022515313953,0.6200130912358321,-0.24142960748901066,0.7006353670317167,7
right_drive,0.24400000000000002,1.8405986215047196,0.6347914153348722,-0.21719279794335145,0.7019582016351469,7
right_drive,0.24500000000000002,1.8302323526198303,0.6484936442008492,-0.19563210529182096,0.702824092820503,6
right_drive,0.24600000000000002,1.8218290107156365,0.6608872456185958,-0.1784796466624552,0.7037681162275977,8
right_drive,0.24700000000000003,1.8153996720842116,0.6713564383304855,-0.16537996150207468,0.7050479727334109,8
right_drive,0.24800000000000003,1.8110199118375387,0.6799219594709004,-0.15565907792797273,0.7070605410938698,6
right_drive,0.24900000000000003,1.8089653818596108,0.6883376527166201,-0.14901824886961346,0.7106277593148121,7
right_drive,0.25,1.8089743362310617,0.6974247762211202,-0.14522397983306878,0.716019428984776,6
right_drive,0.251,1.8102075659182302,0.7069748952269348,-0.1441604403914849,0.7230625063181496,8
right_drive,0.252,1.8115761574136835,0.7164201770040615,-0.1453007470717742,0.7313660605898693,9
right_drive,0.253,1.81209623564654,0.7258544531698444,-0.14775976348757536,0.7404311623054909,5
right_drive,0.254,1.8115961041682374,0.7393045757591078,-0.1543000152555456,0.7508620939162267,5
right_drive,0.255,1.8105847777432151,0.756113811893171,-0.16500076734120195,0.7617626996488625,8
right_drive,0.256,1.8172457342448838,0.7761068863698263,-0.1734181652771547,0.7727214862800633,4
right_drive,0.257,1.8329534427914957,0.7982517850382367,-0.17932363763101167,0.7854334177823412,6
right_drive,0.258,1.8549612526258024,0.8197553079656911,-0.18723146060154827,0.7988892061132788,3
right_drive,0.259,1.8802036548701406,0.8411777215442788,-0.19880923413416984,0.8096017333790863,6
right_drive,0.26,1.9072781818369973,0.8612811171505624,-0.2152343579444217,0.8129703859199849,3
right_drive,0.261,1.933037609908268,0.8811781711977348,-0.23370270533264081,0.8113335285633175,6
right_drive,0.262,1.952216310992985,0.9007820175404024,-0.24903130934697615,0.8073933437824055,7
right_drive,0.263,1.9629784217685158,0.9214585073584025,-0.2585256854333404,0.8041609977382325,8
right_drive,0.264,1.9662108548202228,0.9443627283343369,-0.2613401340454473,0.8040202052681608,8
right_drive,0.265,1.9642838376097935,0.9694417304381182,-0.2582649998231027,0.8072252188807323,7
right_drive,0.266,1.9599784143300316,0.9957832232758226,-0.2509313650549534,0.8127390420910677,7
right_drive,0.267,1.9557904407930655,1.022172845172873,-0.24102009572121164,0.8192064148390507,6
right_drive,0.268,1.9535714800096664,1.047457436229383,-0.2299776755371652,0.8254097051676252,7
right_drive,0.269,1.954416428162193,1.0708293348765647,-0.21896737070990913,0.8305708542012916,7
right_drive,0.27,1.9587492536439375,1.0918535555842672,-0.20867644827545395,0.8343438680771111,6
right_drive,0.271,1.966348848736796,1.1104050640459326,-0.19934657839539982,0.8367496674968846,6
right_drive,0.272,1.976695873378215,1.1265587826808878,-0.19099169737731092,0.8379957303528881,6
right_drive,0.273,1.9892592407775878,1.140451862000982,-0.18363337064851404,0.8382840975845424,5
right_drive,0.274,2.0036836545727197,1.1520139636865379,-0.1774546025510474,0.8375407879132827,4
right_drive,0.275,2.020200374523851,1.1607916141355257,-0.1727967873191696,0.8349744805578699,5
right_drive,0.276,2.0384783414991894,1.1667623258674205,-0.1704554007315262,0.8304365954176445,5
right_drive,0.277,2.0572911562393723,1.1701261940997898,-0.17062844192533,0.8247620319862328,3
right_drive,0.278,2.0754912554339553,1.1709582021826694,-0.1733588251531658,0.8186025070354652,4
right_drive,0.279,2.092025962312105,1.16926043413874,-0.1785391919225604,0.8124703726455905,4
right_drive,0.28,2.105187471537326,1.1658356613650305,-0.18474049135704518,0.8066630911352398,5
right_drive,0.281,2.1140020042447416,1.161695821756082,-0.18976354185372812,0.8009585529219295,7
right_drive,0.28200000000000003,2.1185851785702456,1.156990877606509,-0.192665059292903,0.7955633757801168,6
right_drive,0.28300000000000003,2.1201608589621057,1.1524543772267588,-0.193276865460131,0.7902636860040847,7
right_drive,0.28400000000000003,2.1205351398529775,1.1486660284718215,-0.19194924268357128,0.784328463510112,7
right_drive,0.28500000000000003,2.121356195826477,1.145580580774098,-0.18921880072407482,0.7773288305290157,8
right_drive,0.28600000000000003,2.1243645328762306,1.1427901995802259,-0.186481843112293,0.7694041519783349,8
right_drive,0.28700000000000003,2.1304229069082985,1.1402755675105718,-0.1851193975384644,0.7613301532997973,8
right_drive,0.28800000000000003,2.1392106303098606,1.138623445104815,-0.18588914249418353,0.7543208480727103,7
right_drive,0.28900000000000003,2.1498809935566525,1.1384111329501174,-0.18893577058798794,0.7492556326588902,7
right_drive,0.29000000000000004,2.161751953483506,1.1395630843594577,-0.1939827777710712,0.7461970713625783,6
right_drive,0.29100000000000004,2.17435416715582,1.1414152370302997,-0.2006589530756917,0.7446155398951133,6
right_drive,0.29200000000000004,2.1872917042225097,1.1430495957647466,-0.20867077490314623,0.7437574531879066,6
right_drive,0.29300000000000004,2.1999980291603882,1.1436200691864742,-0.21785102461405614,0.7430689186932945,6
right_drive,0.29400000000000004,2.21182198261615,1.1423993005533324,-0.22820954404573246,0.7421461927533598,9
right_drive,0.29500000000000004,2.22216088513356,1.1390162307275322,-0.23973848411448218,0.7408094057989116,6
right_drive,0.29600000000000004,2.230395445547246,1.133715341125181,-0.2522824695754329,0.7392359147519402,14
right_drive,0.29700000000000004,2.235864170424846,1.126310452691594,-0.26516369183138944,0.7373185587497944,11
right_drive,0.29800000000000004,2.241061798450544,1.124392663772113,-0.2722908754257336,0.7388266764537377,10
right_drive,0.29900000000000004,2.248719588650846,1.1291418432684859,-0.27055362773782354,0.7438957316002978,8
right_drive,0.30000000000000004,2.2568334974533832,1.1374828868938227,-0.2623916786618351,0.7512474447962767,9
right_drive,0.30100000000000005,2.2637316779352528,1.146614447254835,-0.2504461613940002,0.7593466294166799,9
right_drive,0.30200000000000005,2.2693699229669524,1.1550867312072375,-0.23813019354570952,0.7674654548011323,7
right_drive,0.30300000000000005,2.274903390757773,1.1631369228691888,-0.22865254819021064,0.7762773912999555,7
right_drive,0.30400000000000005,2.2811902744266486,1.1709922662255605,-0.22402844160982371,0.7863082127440546,4
right_drive,0.30500000000000005,2.2894155441319524,1.1782058803769355,-0.22548817286499667,0.7965771005563487,5
right_drive,0.30600000000000005,2.300791838330565,1.1834271119942454,-0.2326071626542665,0.8044706920681945,7
right_drive,0.30700000000000005,2.315889351176186,1.1858172244859606,-0.24414350205100444,0.8080158463802781,7
right_drive,0.30800000000000005,2.333998181387944,1.1856434272949945,-0.2584603355400683,0.8073287826956747,6
right_drive,0.30900000000000005,2.3535765798792245,1.1836119892362023,-0.27356757018730593,0.803720127561036,6
right_drive,0.31000000000000005,2.372804167322591,1.1810995330566656,-0.28796564077951003,0.7990758957520293,5
right_drive,0.311,2.3898360280356448,1.180129398813179,-0.3013783649109445,0.7960516508643743,5
right_drive,0.312,2.4035874799813,1.1819096821531259,-0.3132592533834949,0.7962103103475754,5
right_drive,0.313,2.4135703276874114,1.186807010642784,-0.32229592194962653,0.8000635844775901,6
right_drive,0.314,2.419779523475736,1.1947628031960271,-0.3272950761773341,0.8075538746040425,7
right_drive,0.315,2.422670087056794,1.2054449009511206,-0.32708227877406515,0.8178705060514827,7
right_drive,0.316,2.422759978294114,1.2184372869598306,-0.3209212145852436,0.8299657770924678,5
right_drive,0.317,2.4204401839119702,1.2331427197501783,-0.3087596227609455,0.8428986918701585,7
right_drive,0.318,2.415995623952141,1.2487372250599504,-0.2913148007738632,0.8557906013434516,6
right_drive,0.319,2.4096136049385963,1.2644327309622705,-0.26982134401094493,0.8679993399315048,6
right_drive,0.32,2.401590388070369,1.2794344638673694,-0.245823044134166,0.8790482949325169,5
right_drive,0.321,2.3922322754501466,1.29301155478128,-0.22080953312694462,0.8887342211598572,6
right_drive,0.322,2.3818847465414263,1.3045315765068788,-0.19601290133262095,0.8970813311420968,6
right_drive,0.323,2.370851257890919,1.3135212952967281,-0.1728927891588874,0.9042153343884477,5
right_drive,0.324,2.3594967014943187,1.3201986890712358,-0.1524831712480481,0.9104950568131034,5
right_drive,0.325,2.3481086242777787,1.3255684278032474,-0.1345636364278131,0.9166429978436051,7
right_drive,0.326,2.3370880881245264,1.3306910014685172,-0.11859095366230243,0.9231628835759647,7
right_drive,0.327,2.3269815161164282,1.3370499953477712,-0.10537904606485893,0.930055947329912,7
right_drive,0.328,2.3181564903665954,1.3456336151032453,-0.09538669989270665,0.9372351421878667,7
right_drive,0.329,2.3109000810901454,1.3566173142683924,-0.08849324349577525,0.94451688314742,7
right_drive,0.33,2.305251028097779,1.3695702504597973,-0.08421759953717967,0.9517753109416036,6
right_drive,0.331,2.301210645963221,1.3830611052273716,-0.08219799985766008,0.958553839202384,7
right_drive,0.332,2.298595915337492,1.3959422385871318,-0.08174565875370887,0.9644897212647523,7
right_drive,0.333,2.2969214204506145,1.4075211742494933,-0.08203669863267038,0.9695787013889297,6
right_drive,0.334,2.295640695676528,1.4177522258874597,-0.08262618151455192,0.9740521814954145,7
right_drive,0.335,2.294238948446602,1.4278186605714829,-0.08267219746462184,0.9786437545782237,7
right_drive,0.336,2.2923287136231436,1.4386572023346176,-0.08150278203555805,0.9838221376405593,7
right_drive,0.337,2.289667904225718,1.4494020565832904,-0.0796490186960559,0.9892399710560612,7
right_drive,0.338,2.2862267922679376,1.4587409907857904,-0.07800487558842195,0.9942954247832195,7
right_drive,0.339,2.282147680029326,1.465527887536362,-0.07725134558830304,0.9984984325550637,7
right_drive,0.34,2.278326860530212,1.4694763827097796,-0.07800731474491163,1.0016040030310307,4
right_drive,0.341,2.278608120401424,1.4813735676339197,-0.0808640359979993,1.0060404650968868,7
right_drive,0.342,2.2847317111894743,1.500529612549092,-0.08821458180455255,1.0079666541057566,6
right_drive,0.343,2.295565942098813,1.5247932029377769,-0.09834272356039353,1.0068265481821015,6
right_drive,0.34400000000000003,2.3076028090636673,1.5532170061712947,-0.10757584284384736,1.004667840708978,5
right_drive,0.34500000000000003,2.3180497431347495,1.58439070688047,-0.11376141620793656,1.0027638186156638,7
right_drive,0.34600000000000003,2.325348355496255,1.6167301917301151,-0.11619774050784049,1.0014396266302399,8
right_drive,0.34700000000000003,2.3282862737865435,1.6490276935734898,-0.11448052463808667,1.00148214658746,6
right_drive,0.34800000000000003,2.326981654667196,1.680445806616297,-0.10920737349080878,1.0030061158478643,7
right_drive,0.34900000000000003,2.3225925994545205,1.7104180401877749,-0.10160221972571226,1.0057453649936068,7
right_drive,0.35000000000000003,2.316849594110088,1.738600452224077,-0.09327122519727915,1.009287622331251,7
right_drive,0.35100000000000003,2.311635339748625,1.7648071067228124,-0.0858280673545706,1.0131808585961082,6
right_drive,0.35200000000000004,2.308582603694006,1.7889640867226881,-0.08050632752180475,1.0170052741962092,7
right_drive,0.35300000000000004,2.3087996057760263,1.8111127150563817,-0.07793475919255011,1.0204874031646831,7
right_drive,0.35400000000000004,2.3128256184098053,1.8314196044070494,-0.07809766616368985,1.0235017231248458,6
right_drive,0.35500000000000004,2.3207306927234628,1.8501507184807024,-0.080439871454695,1.0260202962235627,7
right_drive,0.35600000000000004,2.3322581650872807,1.8676191562098046,-0.08438264745328494,1.0280104915177455,6
right_drive,0.35700000000000004,2.347355983843346,1.884415537932675,-0.09036674343231832,1.0289492418858284,5
right_drive,0.35800000000000004,2.3651123895395716,1.9006278337627367,-0.09793775632797042,1.0287926927245026,5
right_drive,0.35900000000000004,2.3843745717666422,1.9151627664184299,-0.10474012690566536,1.0275398189050562,4
right_drive,0.36000000000000004,2.4037076918453844,1.9278120717861265,-0.1091965667113719,1.0255292478275986,7
right_drive,0.36100000000000004,2.4215456747699418,1.9381738829438238,-0.1106798005663241,1.0232075968653285,6
right_drive,0.36200000000000004,2.436711759057295,1.9460183817062662,-0.10945428087635589,1.0208939258137997,6
right_drive,0.36300000000000004,2.448454648826131,1.9510434330033017,-0.1062444074008102,1.0187082414261277,7
right_drive,0.36400000000000005,2.45658711908595,1.9530963762202975,-0.10184995237884031,1.016620335556605,6
right_drive,0.36500000000000005,2.461440542158155,1.9521834954779327,-0.0972702091466815,1.0144891419001947,7
right_drive,0.36600000000000005,2.4640226040434134,1.9486634701082075,-0.09307642631336788,1.0120477984545206,7
right_drive,0.36700000000000005,2.465906441890336,1.9434696095432131,-0.08969456557865252,1.0086318350956593,6
right_drive,0.36800000000000005,2.468797236183357,1.9380188128077798,-0.0879842858333213,1.0038400094484008,7
right_drive,0.36900000000000005,2.473695618743255,1.933344937150903,-0.08807796322560901,0.9980783475321829,5
right_drive,0.37000000000000005,2.4809169181161774,1.9299387222293523,-0.08972414689310049,0.9918544121978748,5
right_drive,0.37100000000000005,2.4901392344206266,1.9285369057087425,-0.09304997253552116,0.9861471065060656,6
right_drive,0.37200000000000005,2.500946450583632,1.9295989153861446,-0.098196070210113,0.981652959978125,5
right_drive,0.37300000000000005,2.512954420074439,1.933139577936021,-0.10512430574551934,0.978613654688766,5
right_drive,0.37400000000000005,2.525914012177612,1.9383358425238708,-0.11343050081858963,0.976689884960517,6
right_drive,0.37500000000000006,2.539581969618185,1.943959163065584,-0.12255795921237911,0.9752446717951796,6
right_drive,0.37600000000000006,2.5535002398706625,1.9492921292193106,-0.13218065157240622,0.9738439309005661,6
right_drive,0.377,2.5668587685125233,1.9536704150187876,-0.14177574449323216,0.9723516431105805,5
right_drive,0.378,2.578706658292847,1.9564951062048193,-0.1508962125917963,0.970777367929715,7
right_drive,0.379,2.5880097480405477,1.9575518720960876,-0.159445629695268,0.9691503017649687,7
right_drive,0.38,2.5940938586096367,1.956643037634336,-0.16697647889757727,0.9670692583264668,7
right_drive,0.381,2.597027465405233,1.9537904066707328,-0.17344242232986362,0.9643885063731532,8
right_drive,0.382,2.5974126114380187,1.9497438868864294,-0.1780885676005569,0.9615517951606336,8
right_drive,0.383,2.5980072853754277,1.9490044531888713,-0.17793416194826983,0.9606819139680078,6
right_drive,0.384,2.599783669635978,1.9532301545360626,-0.1749724325054165,0.9639671383897435,3
right_drive,0.385,2.6026144349855898,1.9625729525090545,-0.1711886747535729,0.9734178086758736,4
right_drive,0.386,2.6068690668663157,1.9757075483809663,-0.1688194675145105,0.9892430683044636,4
right_drive,0.387,2.6139305310808263,1.9895094801769688,-0.168778015815353,1.0083347483634055,6
right_drive,0.388,2.6251183275388756,2.0008448106478522,-0.16997931153193369,1.0267939066666747,7
right_drive,0.389,2.641486169978848,2.0078990545482123,-0.17197469680704258,1.0408300195326947,7
right_drive,0.39,2.6626616116330846,2.010678848065187,-0.17508955745553056,1.048522051435004,7
right_drive,0.391,2.686979275231405,2.0102318393215293,-0.17976356888202782,1.0498895109398152,7
right_drive,0.392,2.7119631756934566,2.0081327503823485,-0.1860639342230389,1.0462846402017385,8
right_drive,0.393,2.735077372230131,2.006089422798135,-0.1938017968493848,1.0396858127258282,7
right_drive,0.394,2.7541165042184663,2.005746046542606,-0.20247541797181,1.0322830033707326,6
right_drive,0.395,2.7678025070923007,2.0085463123876366,-0.2118616153499897,1.0257053226365058,6
right_drive,0.396,2.775307666514857,2.0154565701588663,-0.22062977357869906,1.0215531883389362,5
right_drive,0.397,2.7765369835838696,2.0266672255101614,-0.22690786322522116,1.0210673413539355,6
right_drive,0.398,2.772454915866463,2.0413792381459364,-0.22851360756216188,1.024977426617763,5
right_drive,0.399,2.7641971806309327,2.0585188700039962,-0.22423695081812878,1.0335045754333492,6
right_drive,0.4,2.753291987494854,2.0766812592074415,-0.21373312678872225,1.0454155518490091,6
right_drive,0.401,2.74114181953956,2.0945444376562525,-0.1975487208636303,1.0592301094303382,4
right_drive,0.402,2.7288405930274706,2.110933859244864,-0.17683048095272935,1.0735806899067246,5
right_drive,0.403,2.7170702490380276,2.124822784894857,-0.15274388092446256,1.0875010253659263,5
right_drive,0.404,2.706109106165108,2.135580714403818,-0.12696173188043236,1.100362483510366,6
right_drive,0.405,2.6956460354329574,2.1429722015705717,-0.10079269022456483,1.1122039568734754,7
right_drive,0.406,2.68551199555352,2.1474074483147336,-0.0761624001606882,1.122961490544089,7
right_drive,0.40700000000000003,2.675933168036739,2.1499218367887054,-0.056218263009154334,1.1322491474147287,7
right_drive,0.40800000000000003,2.6669740669804574,2.1521606627682095,-0.04223788724321986,1.1402169326088427,7
right_drive,0.40900000000000003,2.658722729592314,2.155388421319063,-0.03365697596712791,1.1472518620769478,7
right_drive,0.41000000000000003,2.6509341604324748,2.160554612138397,-0.029108380494486497,1.153937403536855,7
right_drive,0.41100000000000003,2.643348347552641,2.1680938297005414,-0.026938277146965506,1.1607474213701625,7
right_drive,0.41200000000000003,2.635750907968926,2.1779676860345436,-0.025727055622064343,1.1679540560703379,7
right_drive,0.41300000000000003,2.628173497262775,2.189704580816583,-0.024443494720150394,1.1755446562845697,7
right_drive,0.41400000000000003,2.620551336683437,2.2027710868173154,-0.022480573240791335,1.183362221405652,7
right_drive,0.41500000000000004,2.6127693691355534,2.216603787527434,-0.019424394172753212,1.191139494036223,7
right_drive,0.41600000000000004,2.604863171852932,2.2304099430090605,-0.015469085541773842,1.198507946004525,7
right_drive,0.41700000000000004,2.597142407738911,2.2433500399568134,-0.01144830107109951,1.204985206102941,7
right_drive,0.41800000000000004,2.589707686451546,2.254909503002393,-0.008012140089453057,1.2103908869919324,6
right_drive,0.41900000000000004,2.5819859596576693,2.2651301211958534,-0.004271521203022655,1.2154717811020799,5
right_drive,0.42000000000000004,2.5734386489193715,2.2744427179380984,0.000934900942899386,1.220967055327008,5
right_drive,0.42100000000000004,2.564705742582951,2.2822749494180004,0.005941593898392217,1.2261782348989758,5
right_drive,0.42200000000000004,2.5567679565250003,2.28785000051232,0.009037203803177185,1.2303096490002448,5
right_drive,0.42300000000000004,2.550610504648347,2.290436617416831,0.008959322569055406,1.232763866696041,5
right_drive,0.42400000000000004,2.5482597145360133,2.2937770862479994,0.007123968369542322,1.2325886369581944,3
right_drive,0.42500000000000004,2.55080770629665,2.3063462284375356,0.0015246802076307464,1.2290284720337539,2
right_drive,0.42600000000000005,2.556715444734587,2.3274749682651583,-0.008528252694256278,1.2236877999270703,3
right_drive,0.42700000000000005,2.5650148964380786,2.356718796663224,-0.02222397726571823,1.2185106241724697,3
right_drive,0.42800000000000005,2.575026158390223,2.3927666543945016,-0.03899214649696603,1.2146465527465549,5
right_drive,0.42900000000000005,2.5821551144857393,2.4319138205768094,-0.053407912089691756,1.2130635817859519,7
right_drive,0.43000000000000005,2.583974266536052,2.470963244449609,-0.06213412143342034,1.2134983494284672,8
right_drive,0.43100000000000005,2.5799178158561227,2.5081343165254997,-0.06437540053691593,1.2160316795337784,6
right_drive,0.43200000000000005,2.5710173745097156,2.5425301809059726,-0.061039659819504655,1.220166543217114,6
right_drive,0.43300000000000005,2.55937395223775,2.5738299961329085,-0.05418782797083477,1.2251864360597653,7
right_drive,0.43400000000000005,2.5475053153022107,2.602084370851837,-0.04641038971378064,1.2303490685769465,7
right_drive,0.43500000000000005,2.5377082083143123,2.6275503531101445,-0.04021861769217017,1.2350743706779763,7
right_drive,0.43600000000000005,2.5316943853260976,2.650639285250779,-0.03725119893586326,1.2389964185918876,7
right_drive,0.43700000000000006,2.53028545242232,2.671914056843939,-0.03815132542755517,1.242118662107028,7
right_drive,0.43800000000000006,2.5337021861904296,2.6916114530631257,-0.04233297135233771,1.2443311976719482,6
right_drive,0.43900000000000006,2.5417868009743447,2.710056223725614,-0.04872448965957665,1.245514924444877,5
right_drive,0.44000000000000006,2.554246668111734,2.727989547236323,-0.05735847620916412,1.2452725569188716,5
right_drive,0.44100000000000006,2.5698278574349414,2.74562192144107,-0.06697227341489564,1.2438655463470782,5
right_drive,0.44200000000000006,2.5867963669324134,2.762244119023025,-0.07470054570459617,1.242168207596331,6
right_drive,0.443,2.603553822920961,2.777697905115801,-0.07913592089884647,1.240851434322984,8
right_drive,0.444,2.6188673833373937,2.791624152901914,-0.08000354960687428,1.2402117397104997,8
right_drive,0.445,2.6318967090055945,2.8034920924020565,-0.07759812171012404,1.2402511570596682,8
right_drive,0.446,2.642221657673213,2.8128334480209234,-0.07280875500757533,1.2407025156161258,6
right_drive,0.447,2.649818833077948,2.8192892403812517,-0.06672631919775651,1.2411876406716802,5
right_drive,0.448,2.65513802797316,2.822637078960739,-0.060378098026428795,1.2412121130275562,5
right_drive,0.449,2.658853333833827,2.822943525794285,-0.054773430496239506,1.2403725222899105,8
right_drive,0.45,2.661908134080239,2.8206757631374098,-0.050498646989732165,1.2383549979700414,6
right_drive,0.451,2.6652060505964186,2.8172269151214993,-0.04788484217795741,1.2352561682673597,7
right_drive,0.452,2.6693579840493578,2.814366810265622,-0.04739818948958008,1.231501051012438,7
right_drive,0.453,2.6749877705776437,2.813164041893511,-0.04918338969445246,1.2274045711242003,7
right_drive,0.454,2.6824003268676373,2.814260130771669,-0.05319930636456749,1.2233497777205318,6
right_drive,0.455,2.6915114864445875,2.8180569836159237,-0.059422007457176074,1.2197792193341315,8
right_drive,0.456,2.7020347338248194,2.824596996724768,-0.0676760531682774,1.2169861630636418,7
right_drive,0.457,2.7137737599366027,2.833157554532424,-0.07734282350486033,1.2148549857276827,7
right_drive,0.458,2.7266928602708096,2.842364447500487,-0.08763887461266395,1.2129327701802362,7
right_drive,0.459,2.7404114443122833,2.851327773597468,-0.09813301203991687,1.210870552073625,7
right_drive,0.46,2.7542643164601954,2.8591765809240424,-0.10832391415481313,1.2084241280319854,9
right_drive,0.461,2.7671801716219817,2.865109459775111,-0.11767678742107623,1.2056043550840574,6
right_drive,0.462,2.778118998949605,2.868754949401279,-0.12549092982233323,1.2024810922865707,7
right_drive,0.463,2.7864840618637583,2.8696443958800004,-0.131611361422733,1.1988720094235736,7
right_drive,0.464,2.7921878023163966,2.8678136067017,-0.13670898796129682,1.1944004103936163,7
right_drive,0.465,2.794961887691628,2.863775779988752,-0.14100650099342138,1.189922915577466,5
right_drive,0.466,2.7962023038810795,2.8601637513478075,-0.14337926144358515,1.1871028958981837,4
right_drive,0.467,2.795909369437113,2.8613812871533804,-0.14422919757451558,1.1899302062623813,4
right_drive,0.468,2.7941356774781556,2.8683244300069153,-0.14439203630770048,1.200440056610546,6
right_drive,0.46900000000000003,2.7921867175335087,2.879965955226231,-0.14515140499864643,1.2181654235436692,5
right_drive,0.47000000000000003,2.7926090508371924,2.8936611515122603,-0.14660201405540474,1.2401156350715845,8
right_drive,0.47100000000000003,2.798285540122231,2.906752978377278,-0.14817611905012207,1.2615675326136713,8
right_drive,0.47200000000000003,2.81123943776735,2.917681509645219,-0.1497747953330788,1.2781577792021463,8
right_drive,0.47300000000000003,2.831332205341202,2.9260624557698396,-0.15182281384708207,1.2879261117614218,8
right_drive,0.47400000000000003,2.856646519312629,2.9322448434800212,-0.15495727371148882,1.2908561830017715,8
right_drive,0.47500000000000003,2.8842531772687643,2.936953904186503,-0.15959390462086354,1.2881893164115923,7
right_drive,0.47600000000000003,2.910890208476834,2.9411006280500667,-0.1658773781776115,1.2819420867801135,6
right_drive,0.47700000000000004,2.9334485902076732,2.945538540980138,-0.17321783710276528,1.274585470591748,6
right_drive,0.47800000000000004,2.94979734145445,2.9510665635256417,-0.18087003441946536,1.2680933582900358,6
right_drive,0.47900000000000004,2.9587981291277776,2.9583643898337684,-0.18782353480265856,1.2639154322795063,5
right_drive,0.48000000000000004,2.9603564338799226,2.9681095473576953,-0.193553796262961,1.2626921475583224,4
right_drive,0.48100000000000004,2.954967631022154,2.9803470770226803,-0.1963142986659,1.2650082440208592,5
right_drive,0.48200000000000004,2.9444365449204883,2.9945544427945543,-0.19446838063508387,1.2710416923858694,5
right_drive,0.48300000000000004,2.930354207369186,3.010123009172482,-0.18742440724790077,1.2806380924137999,5
right_drive,0.48400000000000004,2.914582653921226,3.025785623268821,-0.17503960031114596,1.2924000242274165,4
right_drive,0.48500000000000004,2.898417225864457,3.0403525033189154,-0.15779279155530235,1.3051867710719713,5
right_drive,0.48600000000000004,2.8828742387998822,3.0527616276545735,-0.13675771685191762,1.3180602153154828,5
right_drive,0.48700000000000004,2.868614500792166,3.062329206476622,-0.11329133307243588,1.3303638779421858,6
right_drive,0.48800000000000004,2.8556546411694597,3.068607093721345,-0.08840909098765826,1.3420531359693721,7
right_drive,0.48900000000000005,2.8439415437449878,3.0717587729541402,-0.06375814343625796,1.3530053231435615,7
right_drive,0.49000000000000005,2.833476087070912,3.0728450464901704,-0.0425404361934123,1.362809349131027,7
right_drive,0.49100000000000005,2.8241435792954466,3.0730628641331235,-0.0268074012216295,1.3713737632755212,7
right_drive,0.49200000000000005,2.815686630513333,3.073764593402409,-0.01652095254710484,1.3789672075011448,7
right_drive,0.49300000000000005,2.8074888125838244,3.076075042821576,-0.010683434702420058,1.386117393592088,7
right_drive,0.49400000000000005,2.799039392360367,3.0806261929396173,-0.007791430901844754,1.3932890411552712,7
right_drive,0.49500000000000005,2.790030047211191,3.0875318343052207,-0.0064049283204632435,1.4007570669473137,7
right_drive,0.49600000000000005,2.780502484515652,3.096472402433794,-0.005394190682904698,1.4085277970122574,7
right_drive,0.49700000000000005,2.7705082561549923,3.106971954562579,-0.004021588677253662,1.4164670159350299,7
right_drive,0.49800000000000005,2.760081758904503,3.1184516777870246,-0.0017373637343012227,1.424317422360887,6
right_drive,0.49900000000000005,2.749291319600659,3.1303702288916226,0.001693223922020648,1.4318525270278895,7
right_drive,0.5,2.7385043211629676,3.142010852656419,0.0057365811479204165,1.4387759660303245,7
right_drive,0.501,2.7281011207727484,3.1524049930341995,0.009430352856151902,1.444878475021663,5
right_drive,0.502,2.717766651914065,3.160913756473427,0.013379730137682344,1.4506821694297833,5
right_drive,0.503,2.7069145506647705,3.1681804287817474,0.018774375078393746,1.456728309905548,5
right_drive,0.504,2.696203573224442,3.1740856772360706,0.02407224714392342,1.462351348951713,5
right_drive,0.505,2.686587316656387,3.17818950530637,0.02751956844608383,1.4667934352969978,5
right_drive,0.506,2.679125536198395,3.179982250638649,0.027858886116406634,1.4694769212355006,5
right_drive,0.507,2.6750516895720167,3.1806514431712016,0.02557888445389822,1.469771004388371,2
right_drive,0.508,2.6743810563170465,3.1903713641911655,0.021177600957518417,1.4661638581568894,2
right_drive,0.509,2.6752486649072917,3.2094391473386237,0.012657954664790694,1.4601374751091336,3
right_drive,0.51,2.6762794008722453,3.237084532740809,0.0006276672612246514,1.4541681062441283,2
right_drive,0.511,2.6772195280003865,3.2721897377879374,-0.014731997746240788,1.44965368635168,2
right_drive,0.512,2.678662884077544,3.3134092512030033,-0.033639450703386364,1.4466845890835813,4
right_drive,0.513,2.679116994984098,3.3576130460067968,-0.05353520086122798,1.4453484438701458,6
right_drive,0.514,2.6729889508433615,3.398877313350498,-0.06662024373246789,1.4471781720693855,6
right_drive,0.515,2.659833753718018,3.4347986870544145,-0.07052650413442096,1.4523939591253527,6
right_drive,0.516,2.6419212908332153,3.4657314189427897,-0.06738254898501572,1.4591097537155093,7
right_drive,0.517,2.6224002258085157,3.4922188565063172,-0.06013022862343931,1.465811472928335,7
right_drive,0.518,2.6043011374630325,3.515353322492058,-0.052101902080921025,1.4715111083380532,7
right_drive,0.519,2.590033679763753,3.5363139678522866,-0.046233129085407,1.4756487191881806,6
right_drive,0.52,2.5812477690261795,3.555975136902305,-0.04401265781788943,1.477863662249992,6
right_drive,0.521,2.5784136202816486,3.5751648297812495,-0.04604742595803679,1.4784260043291821,5
right_drive,0.522,2.5812396300030533,3.594551747869346,-0.05209952471882162,1.4775942580563333,5
right_drive,0.523,2.589094331078103,3.614754750508945,-0.061680504717375406,1.47521505353537,4
right_drive,0.524,2.600202061884985,3.6353622917823687,-0.07267253815363994,1.472252927485922,5
right_drive,0.525,2.6123637659093246,3.6556318473607248,-0.08201671714428205,1.4702832247780373,8
right_drive,0.526,2.6241171047587075,3.675072488142533,-0.08825728597548554,1.469903302972649,8
right_drive,0.527,2.6347182920439365,3.6930937500951626,-0.09074715298118163,1.4709925276821545,7
right_drive,0.528,2.6437292854545005,3.709043984274748,-0.08959647439370144,1.4731513838525274,4
right_drive,0.529,2.651048678935243,3.722260002977672,-0.08547457191886365,1.4757542272554163,5
right_drive,0.53,2.65696677734311,3.7321613925045143,-0.07941547523061687,1.4779951023703346,5
right_drive,0.531,2.6618165981378574,3.7384469574584798,-0.07264193328184243,1.4793216305502812,5
right_drive,0.532,2.6660697546301564,3.7412495057790527,-0.06623269068792137,1.479304806630683,6
right_drive,0.533,2.6702317177833166,3.7410588446130792,-0.060998365598763815,1.4777780105982026,6
right_drive,0.534,2.674692784489248,3.738833347952119,-0.05740546374961086,1.4749140969025771,6
right_drive,0.535,2.679536474264713,3.7364154765978257,-0.05583892177101535,1.471227483012172,6
right_drive,0.536,2.685073829574178,3.7353242110962994,-0.056462664344222535,1.4670488471032388,7
right_drive,0.537,2.691603903281298,3.7365007927879588,-0.059385654138189414,1.4627737600880601,7
right_drive,0.538,2.6991787119862716,3.7405788249063394,-0.06469166565401152,1.4588290093649914,7
right_drive,0.539,2.7075753213260207,3.7477830812494335,-0.07231651802184214,1.4555963061278248,7
right_drive,0.54,2.716614771734081,3.757793681910572,-0.08180853117292708,1.4531774791628302,7
right_drive,0.541,2.7265399768085583,3.7694775855330183,-0.0923886837080119,1.451196668980661,7
right_drive,0.542,2.737438892048786,3.7816489959898414,-0.10339189995138787,1.4491844820807145,7
right_drive,0.543,2.7489891108000832,3.793221867559763,-0.11417989125669226,1.4468108361058285,7
right_drive,0.544,2.7602976238605286,3.8030822896867056,-0.1240384639719676,1.444106447666901,7
right_drive,0.545,2.7704012999607426,3.810583073543135,-0.13252797563130136,1.4411928444151008,6
right_drive,0.546,2.7789188519773873,3.814986236530722,-0.13947141635226967,1.437794707347208,7
right_drive,0.547,2.7857713586419965,3.8159112335157683,-0.1451148512997873,1.433478209707129,7
right_drive,0.548,2.789862035740659,3.814152823045424,-0.14938213149502944,1.4297036593007901,6
right_drive,0.549,2.7913732106854083,3.8106188453827254,-0.15139158754617088,1.4269439041502632,5
right_drive,0.55,2.791022791570169,3.8089379297628874,-0.14996879513820005,1.4275704671246388,4
right_drive,0.551,2.787641016756793,3.8116094623906975,-0.14665584230746243,1.435436267073369,4
right_drive,0.552,2.781856604586304,3.8198128087497,-0.14442071078592655,1.4524314309956938,4
right_drive,0.553,2.7768387672052204,3.832211066577908,-0.1445900636339883,1.4755383264496176,7
right_drive,0.554,2.7769206070545356,3.846250675502969,-0.14578053107734124,1.4991154150958197,7
right_drive,0.555,2.7849106841796374,3.8604963409270976,-0.14756209251403773,1.518531853501443,8
right_drive,0.556,2.8011209992823543,3.87429041867027,-0.1501311415217399,1.5314697289586983,8
right_drive,0.557,2.823883785350197,3.887348600326017,-0.15394685723514456,1.5375091056886896,7
right_drive,0.558,2.8502525064405098,3.8995605478244935,-0.1593319219496675,1.5375091141625117,8
right_drive,0.559,2.8768074513809156,3.9109240635633413,-0.1664684286456789,1.5330789604847077,7
right_drive,0.56,2.900120908081739,3.9214261669353134,-0.17492704085095157,1.5265962669534987,6
right_drive,0.561,2.9176485191888184,3.9311767431364766,-0.18405160299645018,1.520017519217418,6
right_drive,0.562,2.9277946869620326,3.940486293104686,-0.19294320504911933,1.5149243366077552,5
right_drive,0.5630000000000001,2.9300058598521366,3.949997659139938,-0.2010599880769679,1.512156829404288,4
right_drive,0.5640000000000001,2.9245847391415922,3.9600595949632647,-0.20650181271638834,1.5123698970669044,5
right_drive,0.5650000000000001,2.912793139009292,3.970954307875069,-0.20765096519730875,1.5161783369109914,5
right_drive,0.5660000000000001,2.89596072387909,3.98263269212452,-0.20336167485576473,1.5238508897872496,5
right_drive,0.5670000000000001,2.876017325632018,3.9943549366592053,-0.1929239580319705,1.5345937334536923,5
right_drive,0.5680000000000001,2.854901481183447,4.00541478669882,-0.17689617176517114,1.5472216711289546,4
right_drive,0.5690000000000001,2.8343981248134242,4.014990100479359,-0.1562888422090971,1.5605569526252618,4
right_drive,0.5700000000000001,2.8158970287435534,4.022327808830904,-0.13240984871799832,1.5736484017138912,4
right_drive,0.5710000000000001,2.8002029787525,4.026939652243373,-0.10699060705413022,1.585835978843318,4
right_drive,0.5720000000000001,2.787316173164014,4.028507303019916,-0.0811375676970274,1.5971722239985704,6
right_drive,0.5730000000000001,2.7768661866045625,4.027533212638961,-0.05686076573184917,1.6075422842774671,7
right_drive,0.5740000000000001,2.768242122111392,4.025238535560117,-0.03731572406297423,1.6166804097312757,7
right_drive,0.5750000000000001,2.760571171459895,4.023073869325766,-0.023789052851540538,1.6247648016338443,7
right_drive,0.5760000000000001,2.7527835816382034,4.022299070292179,-0.015838015020205543,1.632262060776937,7
right_drive,0.5770000000000001,2.7441587999324284,4.023655255738982,-0.012025227281996287,1.6396076525050025,7
right_drive,0.5780000000000001,2.734345157609674,4.027328943968233,-0.010666369963980848,1.6470852080984988,7
right_drive,0.5790000000000001,2.7234524904435236,4.033083531439433,-0.010250810326706494,1.6547535243659142,7
right_drive,0.5800000000000001,2.7116408160981886,4.04048092912969,-0.009728745164165442,1.6625632149329534,7
right_drive,0.5810000000000001,2.6993880067283698,4.048658229051489,-0.008616569277869468,1.6701713705342762,6
right_drive,0.5820000000000001,2.6873441299181042,4.056496656267005,-0.0070155076338631606,1.6771471584331181,7
right_drive,0.5830000000000001,2.675884029211147,4.063523402463697,-0.005053660596839427,1.6832904508230684,7
right_drive,0.5840000000000001,2.665183512887851,4.069512716205471,-0.003174934116146444,1.6885095331395161,7
right_drive,0.5850000000000001,2.6549556691890204,4.074555708819757,-0.0014525198595602973,1.692997469428005,6
right_drive,0.5860000000000001,2.644056271342874,4.0794704746069135,0.0014378351525803357,1.6975759917944215,5
right_drive,0.5870000000000001,2.6323006611995505,4.083593732033723,0.006393470180771299,1.70284258619205,5
right_drive,0.5880000000000001,2.6207879146898914,4.086288138760138,0.011799671131289324,1.7080802943461826,5
right_drive,0.5890000000000001,2.611013221520891,4.087186616436622,0.015493369251250888,1.7123120442492075,5
right_drive,0.5900000000000001,2.604422830905568,4.086097730333181,0.015919667616257405,1.7147676977244364,2
right_drive,0.5910000000000001,2.599884136641902,4.091264362405831,0.01359313012497454,1.7139462336375666,3
right_drive,0.5920000000000001,2.595788664669961,4.106445149608598,0.006443743208282449,1.7094209190240373,3
right_drive,0.5930000000000001,2.590162083080849,4.130038241429686,-0.005154285227365385,1.7044076689246017,3
right_drive,0.5940000000000001,2.5824402305596417,4.160889843564959,-0.02081905684285479,1.7009957688043724,2
right_drive,0.5950000000000001,2.57285834894072,4.197161611029086,-0.03960485238256739,1.699712192180363,8
right_drive,0.5960000000000001,2.5594472592425404,4.23328280133037,-0.05569768126360475,1.7006217659673517,8
right_drive,0.5970000000000001,2.5417003461299625,4.265744800718067,-0.06564034814065489,1.7035590976225174,7
right_drive,0.5980000000000001,2.5202771703225793,4.293319913249106,-0.06872348064707046,1.7081095952411853,7
right_drive,0.5990000000000001,2.496812040547707,4.316281218500653,-0.0658651613960648,1.7134268452905856,6
right_drive,0.6000000000000001,2.4734044579097314,4.3358129462778665,-0.05908672917879865,1.7185847873525075,6
right_drive,0.6010000000000001,2.4521078174743107,4.353464700655849,-0.0509513271713109,1.722837968331617,6
right_drive,0.6020000000000001,2.43444735535591,4.370691248807264,-0.043983721554663235,1.7258785666748786,6
right_drive,0.6030000000000001,2.4213081951812416,4.388607320229053,-0.03997685140516016,1.727689145155376,7
right_drive,0.6040000000000001,2.4126769511060875,4.407950920670734,-0.03979850795461237,1.7286762988182853,7
right_drive,0.6050000000000001,2.4081936666164063,4.428760313159911,-0.04316535747806394,1.7291865842837606,7
right_drive,0.6060000000000001,2.4074205653558125,4.4509560786256825,-0.04934146421040708,1.7292961626877967,4
right_drive,0.6070000000000001,2.409751025380138,4.4747463043745235,-0.058416110867276716,1.7286838185249291,5
right_drive,0.608,2.4140119491733976,4.499386659190346,-0.06890530651562043,1.727637656977079,5
right_drive,0.609,2.4190056153052115,4.523395051229767,-0.07765108511381613,1.726994385094618,5
right_drive,0.61,2.423683186176301,4.545749294863347,-0.08300974203412692,1.7271607984502373,5
right_drive,0.611,2.427552407788984,4.56554143455229,-0.0845473621077637,1.7280947982812658,8
right_drive,0.612,2.4306008727918784,4.58200379769714,-0.08261568362655836,1.729410857603117,8
right_drive,0.613,2.433112305771609,4.594573705195022,-0.07809450788110306,1.730581645612365,5
right_drive,0.614,2.4354491400398963,4.603020053838428,-0.07213054436385913,1.731173216602086,8
right_drive,0.615,2.4381700813228857,4.607512608639381,-0.0658266905155076,1.7307437870103555,8
right_drive,0.616,2.441713987390469,4.6085815152682015,-0.06021501872723278,1.7290944639697063,6
right_drive,0.617,2.446366579487075,4.607256745228523,-0.05588042048743502,1.726285130573125,6
right_drive,0.618,2.451909273667613,4.605405920181587,-0.05333032695378326,1.7226525357087967,7
right_drive,0.619,2.4581942845904834,4.6046390574187095,-0.052844312681997074,1.7185995559473033,6
right_drive,0.62,2.4652489087439498,4.606073920508215,-0.054597000929289985,1.7144505220980626,7
right_drive,0.621,2.4728572688015444,4.610432521661146,-0.05863903930569769,1.7106237011869219,7
right_drive,0.622,2.480617079134337,4.617996594897576,-0.06499701535057456,1.7075067876089238,7
right_drive,0.623,2.4881701562812775,4.6286565298115505,-0.07341389788117403,1.7052383201676793,7
right_drive,0.624,2.495599728341963,4.641682664044142,-0.08327011780701166,1.7035660074144199,7
right_drive,0.625,2.503463648452237,4.655744314750647,-0.09374919528739056,1.7019468319159983,7
right_drive,0.626,2.5117849211936045,4.669796312409327,-0.10440723287559095,1.699964659128174,7
right_drive,0.627,2.520105143736928,4.682715658032036,-0.11462337162415115,1.6975650295164553,7
right_drive,0.628,2.5278933788767564,4.693330129428814,-0.12354749792645037,1.6948542961135393,7
right_drive,0.629,2.5349843024711634,4.700729517501253,-0.1308690231129439,1.6915893716142987,6
right_drive,0.63,2.541429748750309,4.704391137647885,-0.13701132025935836,1.6872756444393844,6
right_drive,0.631,2.546671018636725,4.704467804270963,-0.14222571632114378,1.682384421411942,6
right_drive,0.632,2.550411349265134,4.70133502640411,-0.1460433909537917,1.6778666608382018,4
right_drive,0.633,2.5513451370522575,4.698314276187008,-0.14620547999991795,1.6761391340520788,5
right_drive,0.634,2.547603499773419,4.698376785549563,-0.14384888170080234,1.6810709310206131,4
right_drive,0.635,2.53960894535346,4.703455354493985,-0.14191031403206988,1.6948946596448036,5
right_drive,0.636,2.530809242248893,4.71335872308909,-0.14190549135612307,1.7153526207807994,7
right_drive,0.637,2.525803758849733,4.7265727858259705,-0.14311366524715363,1.7377578800304785,8
right_drive,0.638,2.5277174968003338,4.742246047788534,-0.14549522485952937,1.7578130321458016,8
right_drive,0.639,2.5376549804073636,4.75957460495706,-0.1487908050120217,1.772778450962538,7
right_drive,0.64,2.5547515182179077,4.777767604973031,-0.15315913061823938,1.7816089208696728,8
right_drive,0.641,2.5766162112259603,4.796069760200547,-0.15890576413824753,1.7846167421422934,8
right_drive,0.642,2.600140695508624,4.813697288785038,-0.16618857801480713,1.7829124259542923,7
right_drive,0.643,2.6220510444232445,4.829891891797842,-0.17483508808358605,1.778328316702454,7
right_drive,0.644,2.6396414657193885,4.84424655536581,-0.18424188669237718,1.7723791832572693,6
right_drive,0.645,2.6508933955162437,4.856683157680994,-0.1935477655673633,1.7664560904472448,5
right_drive,0.646,2.6544883951687894,4.867643114517405,-0.20218466995970796,1.7616366292674388,5
right_drive,0.647,2.649793711914175,4.877398230462623,-0.20844495436862298,1.7592843800740945,6
right_drive,0.648,2.637554252929034,4.8861191323998225,-0.21047939610854516,1.7605873198495499,5
right_drive,0.649,2.6188221573863535,4.8940393768709685,-0.20733158582541034,1.7665365460772897,4
right_drive,0.65,2.595951538775199,4.900977553510655,-0.19789266074251632,1.7764204259355143,6
right_drive,0.651,2.5713967839731975,4.906787211281323,-0.1824657043148381,1.788893793062985,5
right_drive,0.652,2.547347472751317,4.911255744964587,-0.16211101947562911,1.802571731672403,5
right_drive,0.653,2.525646531788447,4.914038008410015,-0.13814118571886613,1.8162689363399955,4
right_drive,0.654,2.5075010372782742,4.914857909334246,-0.11221690237042647,1.8291492827475129,4
right_drive,0.655,2.493217004190869,4.913409478454711,-0.08581144436729704,1.8410535892972295,7
right_drive,0.656,2.4825176955547796,4.909815283933365,-0.060644936608005295,1.851926768240509,7
right_drive,0.657,2.474256092727199,4.905394847384551,-0.03958959375482918,1.861519999133303,7
right_drive,0.658,2.467417363274211,4.9012735765360675,-0.024556869901534828,1.869842750643919,7
right_drive,0.659,2.4605856645846527,4.898400566752328,-0.015459700434159673,1.8773913439374026,7
right_drive,0.66,2.4526790813908583,4.8973476080901515,-0.010995174382655515,1.8846951112691588,7
right_drive,0.661,2.4431025728272884,4.898253643697292,-0.009422333354176748,1.8921418093883193,7
right_drive,0.662,2.431864179043144,4.900949366832044,-0.009099404138094958,1.8998431760496182,7
right_drive,0.663,2.419406817024408,4.904915094471348,-0.009084227697358171,1.9076590240349265,7
right_drive,0.664,2.406675665999487,4.909254204916187,-0.009221043452570132,1.9151172859996468,7
right_drive,0.665,2.3942970610092598,4.913292597258067,-0.009137951765359142,1.921855018471749,7
right_drive,0.666,2.3825749076181877,4.9167788601416325,-0.00855092374130062,1.927689174254014,7
right_drive,0.667,2.3715524113086706,4.919672932105148,-0.007598098984191726,1.9326203043398975,7
right_drive,0.668,2.3610458275849013,4.921930923580814,-0.006503264653724639,1.9367911250393892,7
right_drive,0.669,2.3499850532702022,4.923921211347565,-0.0043738364673227,1.9408900766152644,5
right_drive,0.67,2.3375888255175705,4.9254046542681795,0.00025963909178572386,1.9458997822445339,5
right_drive,0.671,2.3249613787660186,4.9257454715096065,0.006312122609983595,1.9513908801710498,5
right_drive,0.672,2.3138453369860117,4.924811884678572,0.01141612832973804,1.9562593379362134,5
right_drive,0.673,2.30586084463247,4.922640464202813,0.013554873395772882,1.9595958704560965,5
right_drive,0.674,2.3004844590166047,4.92335870806765,0.01315093390221067,1.96008440062066,3
right_drive,0.675,2.2940051759506987,4.934219379186332,0.008141770453694352,1.9563877644043393,3
right_drive,0.676,2.28440032278862,4.952789972985075,-0.0023829089350693167,1.9518149040394501,2
right_drive,0.677,2.270927441513843,4.9776990763964015,-0.017752267590348758,1.9488670533161716,3
right_drive,0.678,2.254645741990908,5.0081951574950905,-0.03724527109851139,1.9476340508778127,5
right_drive,0.679,2.235304248271298,5.039509858411317,-0.05560426420952602,1.9480155925467157,8
right_drive,0.68,2.212865901263419,5.067289477451388,-0.06826230994703142,1.9497427737004187,7
right_drive,0.681,2.1878043917019587,5.0898750336584575,-0.07374029110285707,1.9529326696064329,7
right_drive,0.682,2.1612037647869755,5.107419024902331,-0.07251418135424492,1.9570881528608055,6
right_drive,0.683,2.134540406807493,5.121263585333119,-0.06626793169068379,1.961504047792744,7
right_drive,0.684,2.109291229499665,5.133278841535592,-0.057517070880186205,1.9656061712004376,7
right_drive,0.685,2.0867565256954137,5.145329018364587,-0.04897285557578912,1.969009751940444,6
right_drive,0.686,2.0678151410039307,5.1588898736461,-0.04287164641225383,1.9715484025474388,7
right_drive,0.687,2.052779579438443,5.17484516640588,-0.04050986658768596,1.97328008491852,7
right_drive,0.6880000000000001,2.0413228189532298,5.193536360301836,-0.04222750480446025,1.9745553159809146,7
right_drive,0.6890000000000001,2.0331180845891677,5.214640198487372,-0.047245568438868624,1.9754472170150787,6
right_drive,0.6900000000000001,2.027886489247852,5.237948728886424,-0.05494306814984329,1.9755140877339183,5
right_drive,0.6910000000000001,2.024711445514062,5.262956459682317,-0.06488615607396575,1.9747698449324855,5
right_drive,0.6920000000000001,2.0227858240893526,5.288107028492896,-0.07492793074242599,1.9738207631993208,5
right_drive,0.6930000000000001,2.0214445678383584,5.3118866634862005,-0.08220692864724,1.9733106615725613,8
right_drive,0.6940000000000001,2.0202251145946652,5.3331252389826,-0.08577882417444616,1.9734282951015438,7
right_drive,0.6950000000000001,2.01910022618224,5.350924857777556,-0.0855917655353573,1.9740279110831438,5
right_drive,0.6960000000000001,2.0183264540305594,5.3647101761066525,-0.08230469801328777,1.974751566259758,5
right_drive,0.6970000000000001,2.018355419051898,5.374325536586389,-0.07704800815858959,1.9750792389828729,5
right_drive,0.6980000000000001,2.019727687798419,5.379996391706214,-0.07080383792345235,1.9745787230751295,5
right_drive,0.6990000000000001,2.0226966199125047,5.3821795957671945,-0.06486210067571596,1.9730887088182043,8
right_drive,0.7000000000000001,2.0274347678135505,5.381946230384381,-0.05984994010466105,1.9705535471061268,6
right_drive,0.7010000000000001,2.033363014998506,5.381063890032749,-0.05640011441008097,1.9672315019096347,7
right_drive,0.7020000000000001,2.0398557438605405,5.381200237228275,-0.05496939388973909,1.9634959195470865,7
right_drive,0.7030000000000001,2.0466550773192953,5.383516935787784,-0.055750746849949184,1.959620589710891,7
right_drive,0.7040000000000001,2.053389617847271,5.388729350889216,-0.05882343934321388,1.955978517163926,7
right_drive,0.7050000000000001,2.059587440794077,5.397128095855409,-0.0642385772558316,1.9529168357908528,8
right_drive,0.7060000000000001,2.064892846650091,5.408585320898913,-0.07184020191027196,1.9505223346411056,7
right_drive,0.7070000000000001,2.0692719326125952,5.422527532382719,-0.08115103580440897,1.948746595827618,7
right_drive,0.7080000000000001,2.07349333554838,5.437885778577701,-0.09133976050508985,1.9470966669782073,7
right_drive,0.7090000000000001,2.0780044231761896,5.453625616884572,-0.10185966642692978,1.9451170808412812,7
right_drive,0.7100000000000001,2.082696287952351,5.468651776131109,-0.11214609608329962,1.9427268106385862,7
right_drive,0.7110000000000001,2.0872739267632827,5.481683966954614,-0.12157034403098921,1.9400879096605088,7
right_drive,0.7120000000000001,2.0920346473295166,5.491711168515126,-0.1295752771585168,1.9368930720665711,6
right_drive,0.7130000000000001,2.0973334166260993,5.498012358720399,-0.1363051017849346,1.9326172194040219,6
right_drive,0.7140000000000001,2.1029047163527825,5.500440274250178,-0.14215406763272398,1.927227929024219,7
right_drive,0.7150000000000001,2.107718689994842,5.499115571313376,-0.14697989577253767,1.922179159126802,6
right_drive,0.7160000000000001,2.110606145022609,5.496269022103002,-0.14917052139263642,1.9194211313237233,6
right_drive,0.7170000000000001,2.1081975962898096,5.495841816281497,-0.14917330521941907,1.9233628572922572,5
right_drive,0.7180000000000001,2.1010725989237504,5.4992507020846935,-0.14904230474982572,1.9349747553470888,3
right_drive,0.7190000000000001,2.0921558380266445,5.50700454341643,-0.15019392165680223,1.952469621553948,5
right_drive,0.7200000000000001,2.0851264669359226,5.51844060055234,-0.15214699498913942,1.9726422010797269,7
right_drive,0.7210000000000001,2.083081470184364,5.533209628514232,-0.15460052319873752,1.9915162338271568,7
right_drive,0.7220000000000001,2.087558065609825,5.5508828900382445,-0.15736913821035925,2.0061768226512138,7
right_drive,0.7230000000000001,2.09825371122984,5.570727418661962,-0.16074050467205825,2.015397871272323,8
right_drive,0.7240000000000001,2.113483271703567,5.591745250897083,-0.16519351188817022,2.019169075913359,8
right_drive,0.7250000000000001,2.1308558577340895,5.612798835927653,-0.1710825232258283,2.018152530712488,8
right_drive,0.7260000000000001,2.147755778532779,5.632779525873786,-0.1783631643434762,2.0134154220037894,6
right_drive,0.7270000000000001,2.161625080348331,5.650650368475595,-0.1867398646732613,2.0066262338837766,5
right_drive,0.7280000000000001,2.17033761267553,5.665678508706957,-0.1954602336050092,1.9995666444928426,5
right_drive,0.7290000000000001,2.1724187129534602,5.677771033964448,-0.20404443549495177,1.9936378834451398,5
right_drive,0.7300000000000001,2.1670308203994866,5.686937296323094,-0.21096783683315945,1.9903437205891414,4
right_drive,0.7310000000000001,2.1545479348381575,5.693391612873486,-0.21421737188836243,1.9908245872619117,5
right_drive,0.7320000000000001,2.1358992423396397,5.6975651022173,-0.2126520219592981,1.9962269794023975,6
right_drive,0.7330000000000001,2.113247946247028,5.699819741238275,-0.20490850659199755,2.0059880738264777,5
right_drive,0.7340000000000001,2.0888916063099647,5.700581954981554,-0.19104564805440338,2.0187385546802923,4
right_drive,0.7350000000000001,2.064890830110395,5.700215204717304,-0.1719899918638137,2.0329956381715113,5
right_drive,0.7360000000000001,2.0431032938188167,5.698813144881167,-0.1490165477544405,2.04743723690719,5
right_drive,0.7370000000000001,2.024873863904836,5.696314093930237,-0.1237063015812041,2.0611005997400973,5
right_drive,0.7380000000000001,2.0107157133121967,5.692527668788316,-0.0976988164470931,2.073590641623844,7
right_drive,0.7390000000000001,2.000420850997427,5.687228410418027,-0.07215598145876645,2.0850345216130335,7
right_drive,0.74,1.9931604117367225,5.681048205829406,-0.050173491078526755,2.095060518574425,7
right_drive,0.741,1.987586008558154,5.6749974153483995,-0.033905092263486925,2.103613094932651,7
right_drive,0.742,1.982022377784459,5.669925545544092,-0.023489616548806103,2.111140227505832,7
right_drive,0.743,1.975149717347087,5.666297343733216,-0.017828278620905857,2.1182242883533786,7
right_drive,0.744,1.9662195075132898,5.664224993792409,-0.015259005861453012,2.125364012976618,7
right_drive,0.745,1.95501122823423,5.663568002383319,-0.014165316578131915,2.132840272836307,7
right_drive,0.746,1.9420158340056055,5.664012241554459,-0.013462580115221057,2.140585086984699,7
right_drive,0.747,1.92838970567795,5.6649910949642575,-0.013003634146370624,2.1481009687012373,7
right_drive,0.748,1.9150847998578788,5.665914950590574,-0.012619667291624781,2.154941847562423,7
right_drive,0.749,1.9024737475608742,5.666537573804993,-0.011948085133192343,2.1608911689885213,6
right_drive,0.75,1.8907061944236374,5.6668178058931264,-0.011032180840890193,2.165886789388654,7
right_drive,0.751,1.8796643637692134,5.666725592497752,-0.010056883505993097,2.1700439915482357,7
right_drive,0.752,1.8686420639024557,5.666318746143082,-0.008589471558794859,2.173818924659225,6
right_drive,0.753,1.856358752437366,5.665444866290279,-0.005128630277442259,2.1783214602832057,5
right_drive,0.754,1.8436798322396908,5.663361357570264,0.00045276459157483906,2.1837271059731584,5
right_drive,0.755,1.8323520154856459,5.660234309861381,0.006030283162200556,2.188952219383449,5
right_drive,0.756,1.8239447555936108,5.656442907736497,0.009351347165633905,2.1929938721491076,5
right_drive,0.757,1.818857431472079,5.6537455712526,0.009776961499195824,2.1948452212149236,2
right_drive,0.758,1.8113172426776547,5.659931123125629,0.006288393323095276,2.1925656733821004,3
right_drive,0.759,1.7994567463190831,5.673332538462601,-0.0033324418690974245,2.188498199432151,2
right_drive,0.76,1.7827947175776218,5.692563678296396,-0.01801665324132018,2.1849026702046905,3
right_drive,0.761,1.7622416595948849,5.717423103091198,-0.03683283310379215,2.181965747990842,6
right_drive,0.762,1.738200632255536,5.743446049497715,-0.054726611670792735,2.180346864037158,7
right_drive,0.763,1.7115065192348773,5.766259179181352,-0.06709618067995038,2.1798776340424038,7
right_drive,0.764,1.6829524918809406,5.7841290963765,-0.07252841743854765,2.180848473035413,6
right_drive,0.765,1.653331697270915,5.796859935794379,-0.07129506017521559,2.1832477811384625,7
right_drive,0.766,1.6236447258654216,5.805602736324171,-0.06500112619080278,2.186703663872979,6
right_drive,0.767,1.5949725252734814,5.812239561867592,-0.056059495137502635,2.1907109362332706,6
right_drive,0.768,1.568359089786691,5.818811692302974,-0.0471658875766654,2.1947468895403555,6
right_drive,0.769,1.5446292631107394,5.8270570329801785,-0.04058638954232352,2.1983772732730458,7
right_drive,0.77,1.52418565773868,5.83809275590381,-0.03771635505655935,2.201396855574055,7
right_drive,0.771,1.506979523161235,5.852394765825536,-0.03893194437376679,2.203832853741183,7
right_drive,0.772,1.4926637125546693,5.869881023997881,-0.043700357679260504,2.2058132007312254,6
right_drive,0.773,1.481183127372144,5.8901718799264335,-0.05083478123501828,2.206945958005392,5
right_drive,0.774,1.4721332129143527,5.9131101712518515,-0.060090820813776036,2.206536760823815,5
right_drive,0.775,1.4647309063517753,5.9373278150476825,-0.07003995148734043,2.2049709778838555,5
right_drive,0.776,1.458705697577067,5.9609812283495485,-0.07784049489542966,2.203045091256109,5
right_drive,0.777,1.4534566174219674,5.9825848566356905,-0.08211575544195515,2.2015161386273707,4
right_drive,0.778,1.448845799520452,6.001035857724024,-0.08271135521419093,2.200619305848267,4
right_drive,0.779,1.4450850613375852,6.015658639208052,-0.08009834010980565,2.2002245346705758,6
right_drive,0.78,1.4425901222688917,6.0262460180347315,-0.07521516387085869,2.1999532672202857,8
right_drive,0.781,1.4418039019702364,6.033044165106781,-0.06920463554424172,2.1993690038669453,8
right_drive,0.782,1.4431025478802078,6.036729706136948,-0.06306429294278737,2.198086201062548,8
right_drive,0.783,1.446597240121637,6.0381327567708,-0.05775241509818407,2.1959588467708246,6
right_drive,0.784,1.451753783054671,6.038684678555229,-0.05386588864569397,2.1930581479387112,9
right_drive,0.785,1.4575365892150844,6.039992590792123,-0.052036729289407946,2.1896549009387813,9
right_drive,0.786,1.463346975121829,6.043243980437462,-0.052417001988253276,2.1859942605553795,7
right_drive,0.787,1.4686984781279095,6.049127910827318,-0.055033851653639276,2.182411988875376,9
right_drive,0.788,1.4730640693865413,6.0579179909958984,-0.05992483651726643,2.1792576098659007,6
right_drive,0.789,1.4760898024156202,6.069529673796502,-0.06696563610663686,2.1766099436451394,8
right_drive,0.79,1.4777162399344625,6.083522569036246,-0.07577034763103185,2.1745185569018903,7
right_drive,0.791,1.4785876170053451,6.099082039564619,-0.08561462207663872,2.172723312352315,7
right_drive,0.792,1.4795505620680287,6.115277169803717,-0.0958841882442556,2.170757712812256,7
right_drive,0.793,1.4807650509567476,6.131172312424164,-0.10608891308198243,2.168453805946588,7
right_drive,0.794,1.4822948148205164,6.145496752981477,-0.11566456209586318,2.165928875652677,8
right_drive,0.795,1.4844887030105829,6.157328763490705,-0.12418869041011038,2.1629016784503454,6
right_drive,0.796,1.48803643943985,6.165803746225371,-0.1313474074737564,2.158872109652241,6
right_drive,0.797,1.4928096280872798,6.17051990733121,-0.1374244368894062,2.1536434126119506,7
right_drive,0.798,1.4977491127233398,6.1714958915939535,-0.14249583037914548,2.148466190887346,7
right_drive,0.799,1.5021290762116157,6.1698168012472445,-0.14600522292065188,2.144740594537591,5
right_drive,0.8,1.5015728295909838,6.169689428883868,-0.14784498401963142,2.146720427331251,5
right_drive,0.801,1.496115516300006,6.172674698988121,-0.14917239842017183,2.155137149843662,3
right_drive,0.802,1.4877323826952664,6.179339384305563,-0.15092856521220344,2.169008295787206,4
right_drive,0.803,1.4790825606307796,6.189268485894321,-0.1532427321357297,2.1868011081928795,8
right_drive,0.804,1.4733173552592316,6.202560478957541,-0.15551959913672797,2.2048708999937014,7
right_drive,0.805,1.472605814969755,6.219438649196681,-0.15768631784379927,2.2196473612356287,7
right_drive,0.806,1.477111977838815,6.239396040534467,-0.16006609029793162,2.2294486783955407,7
right_drive,0.807,1.4858705015780855,6.261440437576431,-0.1633448558790238,2.2337714486244185,7
right_drive,0.808,1.4971270163067096,6.284248874681158,-0.16801781110160507,2.233007608931026,7
right_drive,0.809,1.508740198535282,6.306269754962431,-0.17431895625605143,2.2282224572034237,8
right_drive,0.81,1.518550874954916,6.325966339260669,-0.18188516481907735,2.2211421581929947,7
right_drive,0.811,1.5245593166661706,6.342148967667577,-0.19001459753903804,2.2137323363556507,6
right_drive,0.812,1.52524422974026,6.354238266222188,-0.19796754045190446,2.2077388810225607,5
right_drive,0.8130000000000001,1.5196245136252582,6.362301953672078,-0.2049821244299761,2.204307367782967,5
right_drive,0.8140000000000001,1.5076567125298723,6.3665087746574,-0.2091900228266219,2.2043966493526352,5
right_drive,0.8150000000000001,1.4900463611992372,6.367518604702432,-0.20923757732633252,2.2088519132155358,4
right_drive,0.8160000000000001,1.4683159318464876,6.366088522808202,-0.20383985354270884,2.217834400948713,6
right_drive,0.8170000000000001,1.444780163820276,6.362930043180616,-0.19232011703964658,2.2301455724139476,5
right_drive,0.8180000000000001,1.421410831894712,6.358682495532078,-0.17540923936207353,2.244339552668521,5
right_drive,0.8190000000000001,1.3999859999389197,6.3537660549184904,-0.15417349792513058,2.2591109513010337,5
right_drive,0.8200000000000001,1.3819533510434403,6.34836979432121,-0.1300030313941214,2.2733737445115714,5
right_drive,0.8210000000000001,1.368013364084666,6.342460791952519,-0.10462879007994808,2.2865064116843734,6
right_drive,0.8220000000000001,1.3582263060125284,6.335667106058204,-0.07909159359898199,2.2985779099906245,7
right_drive,0.8230000000000001,1.35168245617832,6.328273428952188,-0.055814567997986675,2.3093466294292964,7
right_drive,0.8240000000000001,1.347079805315421,6.320909400175371,-0.037676430689219886,2.3185481547210327,7
right_drive,0.8250000000000001,1.3427326016645154,6.314224803153019,-0.02538755000142978,2.3264403987337086,7
right_drive,0.8260000000000001,1.3372148906833587,6.3085785498864455,-0.018140689299855017,2.3335538749889655,7
right_drive,0.8270000000000001,1.3295996854656262,6.304026108134263,-0.014432772310983388,2.3404443813042803,7
right_drive,0.8280000000000001,1.3194923382049046,6.300407137793644,-0.012653880573811449,2.347537272338538,7
right_drive,0.8290000000000001,1.3070936177400676,6.297569822857153,-0.011438114287723344,2.3549991586223014,7
right_drive,0.8300000000000001,1.293368687275804,6.295253563172849,-0.01032864253433341,2.3625495720673446,7
right_drive,0.8310000000000001,1.279548861617639,6.293153408970597,-0.009304465486213997,2.369605357117354,7
right_drive,0.8320000000000001,1.266333757478201,6.291013174057625,-0.00813492144941419,2.375838122560555,7
right_drive,0.8330000000000001,1.2540031765849824,6.2887925767753545,-0.0067729716128877016,2.3811418725745868,7
right_drive,0.8340000000000001,1.242547875481076,6.286465337857939,-0.0054390044104082325,2.3855722103250225,7
right_drive,0.8350000000000001,1.2318836288355492,6.283856870953067,-0.004209036806345434,2.389328839723182,6
right_drive,0.8360000000000001,1.2208504578288455,6.280462580731644,-0.0014142481545644792,2.393600624873318,5
right_drive,0.8370000000000001,1.2093681996489694,6.2759844806858585,0.0037917557530711132,2.398899936889354,5
right_drive,0.8380000000000001,1.1987291864125609,6.270808494255592,0.009320080574449774,2.404295247927877,5
right_drive,0.8390000000000001,1.190451103943043,6.265572868969701,0.01299372251740527,2.4087599597417095,5
right_drive,0.8400000000000001,1.1858734639839963,6.26098868446937,0.013278669957235811,2.411505987259749,3
right_drive,0.8410000000000001,1.1799239217002977,6.262298047923913,0.011097322516948172,2.4107883854405716,2
right_drive,0.8420000000000001,1.1682790673910022,6.270836020808983,0.0028631012871012107,2.4071437087677023,2
right_drive,0.8430000000000001,1.1508263840206394,6.284949839366248,-0.010534029716364302,2.40256769745532,3
right_drive,0.8440000000000001,1.127845508910926,6.3042949145321145,-0.02806594481844038,2.3980801132810963,2
right_drive,0.8450000000000001,1.1002365590708498,6.3263433660320505,-0.04697648291113721,2.39474563191168,6
right_drive,0.8460000000000001,1.0695762571110838,6.345307410080105,-0.061068773729411996,2.393234223669983,8
right_drive,0.8470000000000001,1.037415191310141,6.3592920493420815,-0.06856907522044686,2.393288487939299,7
right_drive,0.8480000000000001,1.0047380779040416,6.3675680614991705,-0.06914935365804942,2.395138034496898,6
right_drive,0.8490000000000001,0.9724220290888008,6.371083911317945,-0.06403750173633438,2.3984199062257794,7
right_drive,0.8500000000000001,0.941287132477789,6.371768910135397,-0.055524080531830444,2.4025706495449572,6
right_drive,0.8510000000000001,0.9120731496000438,6.3719495123355205,-0.04630662960385323,2.4069501289647626,7
right_drive,0.8520000000000001,0.8853776894151135,6.373746288070789,-0.03890342758039167,2.4110132210245903,6
right_drive,0.8530000000000001,0.861529026686944,6.378670569118581,-0.035012715065501965,2.4144266727746855,7
right_drive,0.8540000000000001,0.8405355233473322,6.3874692779572735,-0.03527561799549339,2.417094263672392,7
right_drive,0.8550000000000001,0.8220585804548215,6.400215176897052,-0.039393044419440804,2.4191749131013136,7
right_drive,0.8560000000000001,0.806053321830583,6.416495019110586,-0.04604403332557894,2.4204913039227653,5
right_drive,0.8570000000000001,0.7922735014779105,6.4361306034717245,-0.05461641687092644,2.420357804562079,5
right_drive,0.8580000000000001,0.7800178228242158,6.458076271563847,-0.06443661117931243,2.4188844429128475,8
right_drive,0.8590000000000001,0.7695133119740272,6.480562223098311,-0.07286077409710501,2.4165147758680274,5
right_drive,0.8600000000000001,0.7604617867382477,6.501983339053156,-0.0777857843396974,2.413921571247349,8
right_drive,0.8610000000000001,0.752697513597298,6.520869962956191,-0.07882066260567422,2.4116930463674895,8
right_drive,0.8620000000000001,0.7463001412943686,6.536268661924732,-0.07644521556016493,2.4100439982532054,6
right_drive,0.8630000000000001,0.7415819714540102,6.547771690794502,-0.07158431420011291,2.4088489022786717,8
right_drive,0.8640000000000001,0.73886776089458,6.555476677746667,-0.06542338955662608,2.407852827734896,5
right_drive,0.8650000000000001,0.7384287786793147,6.560014475272341,-0.059082080435065354,2.4066617705188795,6
right_drive,0.8660000000000001,0.740434760298524,6.5622836642039735,-0.053562768842147834,2.4049219106872806,6
right_drive,0.8670000000000001,0.7445287815173125,6.563601711669558,-0.049387102438914754,2.402438287037723,7
right_drive,0.8680000000000001,0.7493646104704126,6.565470389636841,-0.047230891557026755,2.399392682055075,9
right_drive,0.8690000000000001,0.7539108954931721,6.569105209996382,-0.04738450856434917,2.3959690829533113,9
right_drive,0.8700000000000001,0.7575845956350256,6.575187471160845,-0.04978264294058965,2.3924515115029092,7
right_drive,0.8710000000000001,0.7598277273622083,6.583925691171986,-0.054394190104534834,2.38924275913828,9
right_drive,0.872,0.7602856716102546,6.595230544612813,-0.06116205455992141,2.3865228383506323,7
right_drive,0.873,0.7588976825134839,6.608707463114926,-0.06975486303979372,2.384316627570128,7
right_drive,0.874,0.756299466860191,6.62372397701944,-0.07954138158838608,2.3824641873340187,7
right_drive,0.875,0.7536718785469605,6.639552702413714,-0.0897636362386629,2.3805477543656743,8
right_drive,0.876,0.7515069317029583,6.655408543622478,-0.09996566319596178,2.378337087989863,7
right_drive,0.877,0.7500752350092745,6.670243987905657,-0.1096274437014988,2.3758547514129593,7
right_drive,0.878,0.7498476805283041,6.6830895902878416,-0.11836422825013315,2.372910108425082,8
right_drive,0.879,0.7512973385149719,6.693060132562357,-0.1257188254950956,2.369288218217751,7
right_drive,0.88,0.7543821392925598,6.699582870695879,-0.13168528304102622,2.3647885429303406,7
right_drive,0.881,0.7583612319576747,6.702583853943306,-0.136525085487454,2.3602050315262413,7
right_drive,0.882,0.7630837297705306,6.702521236063359,-0.14030035748825465,2.3562206141895925,8
right_drive,0.883,0.7649560787524656,6.702801083543622,-0.1420347411718299,2.3560956787719003,4
right_drive,0.884,0.7616003622873551,6.70510871286864,-0.1430471678392744,2.361983132057432,5
right_drive,0.885,0.7536906198063857,6.709700255911433,-0.14401423292634075,2.3740395799813174,4
right_drive,0.886,0.7437378490133071,6.7167465056106135,-0.14469599803018718,2.390841299478307,6
right_drive,0.887,0.7346400481288302,6.727046413520852,-0.1454365678977687,2.409213217118707,7
right_drive,0.888,0.7285168665709005,6.741502287584899,-0.14675005147819076,2.425474928476433,8
right_drive,0.889,0.7265675151052029,6.760307935209139,-0.14872008022392813,2.43684984096452,8
right_drive,0.89,0.7286702114444648,6.782578797207172,-0.1517594828430282,2.442310025215396,8
right_drive,0.891,0.7337973841042857,6.806835302377975,-0.15634379224230033,2.441850466700087,8
right_drive,0.892,0.7403126076582747,6.830990831400392,-0.1626218140028094,2.436826910590606,8
right_drive,0.893,0.7462928953584582,6.8528424380889525,-0.17015239454106545,2.4294194806971596,8
right_drive,0.894,0.7499633158290928,6.870647375007489,-0.17806081417454034,2.421755744479446,7
right_drive,0.895,0.7498144205133601,6.883378537952571,-0.1853999834578316,2.4156605830334654,6
right_drive,0.896,0.7448254928626203,6.890783110205594,-0.19121052920273107,2.4123810485652455,5
right_drive,0.897,0.7344319692586481,6.893296998761674,-0.19484636217419482,2.412391254324812,5
right_drive,0.898,0.7189464047116902,6.891461293820785,-0.19474599616421784,2.416074096323084,5
right_drive,0.899,0.6995388820135937,6.886438003684117,-0.1898002772082974,2.423565990110105,4
right_drive,0.9,0.6776112086345161,6.879200947819379,-0.17963145243248102,2.4347008974670157,3
right_drive,0.901,0.6552261812465305,6.870652818910788,-0.1643308667219684,2.4482303960615774,4
right_drive,0.902,0.6343698542906702,6.861554187253254,-0.14465935361582782,2.4628091739489144,5
right_drive,0.903,0.6166013899825049,6.852417513729893,-0.12189564733042979,2.4773010019756216,4
right_drive,0.904,0.602823946063999,6.843380055528942,-0.09737422081940972,2.4910488859431834,6
right_drive,0.905,0.5934172012860763,6.834251593068759,-0.07218299955741125,2.5038627971262737,7
right_drive,0.906,0.5874308714677701,6.82539929337934,-0.049162518500541985,2.5151969532785414,6
right_drive,0.907,0.5836021346531761,6.817165849014012,-0.031186573599383483,2.524740243067568,7
right_drive,0.908,0.5803776601211288,6.809813058676963,-0.018941932558490526,2.532745077794222,7
right_drive,0.909,0.5763003818663288,6.803355292935525,-0.011601288376596797,2.5398014086347858,7
right_drive,0.91,0.5703025967327207,6.797563426540936,-0.007691737010154798,2.546574491568478,7
right_drive,0.911,0.5618499418699796,6.79212875816798,-0.005631831882735527,2.5535775347969474,7
right_drive,0.912,0.5510003673525701,6.78686455849989,-0.004124656545705818,2.5610259504618402,7
right_drive,0.913,0.5381436458509088,6.781619852820862,-0.0024162014997322068,2.5689095685282366,7
right_drive,0.914,0.5241135480185248,6.776348531600085,-0.00021163200185392306,2.5768527722367445,6
right_drive,0.915,0.5100582980199664,6.771081659096089,0.0023680676673250023,2.5841702727371674,7
right_drive,0.916,0.49675598490731243,6.765892476921909,0.005117925950213209,2.590485220452813,7
right_drive,0.917,0.48448025379199056,6.76077698134938,0.0077896980248124414,2.595797132574445,4
right_drive,0.918,0.47336031655655364,6.755072325770006,0.011180818368020873,2.600850232319929,5
right_drive,0.919,0.4630942193941292,6.748431067804061,0.01581280460910417,2.6061188885284277,5
right_drive,0.92,0.45259353906215316,6.741102021830225,0.021256027426552082,2.611716665237285,5
right_drive,0.921,0.442754608002098,6.733680886224053,0.025859988676874,2.6169237216771446,5
right_drive,0.922,0.43495119580456265,6.726964434141205,0.028174647420800447,2.620951058552263,5
right_drive,0.923,0.430424990718995,6.721711133181619,0.027228706787122636,2.623273598383678,5
right_drive,0.924,0.42642363451992804,6.720304927458511,0.024226817728432826,2.6230547567954154,2
right_drive,0.925,0.41507057883237986,6.725187806012958,0.016690882150289132,2.619652358256819,2
right_drive,0.926,0.3966013917198633,6.734994948690556,0.004481335760847305,2.6144524358852124,2
right_drive,0.927,0.3711976861274964,6.749012932856555,-0.011377565510274579,2.608980795999772,3
right_drive,0.928,0.3397261444868115,6.766780191122843,-0.030569967226702133,2.604205682927661,6
right_drive,0.929,0.3043307436094188,6.784249809306068,-0.049037519593446044,2.6011101935887617,8
right_drive,0.93,0.26781702220162606,6.796251578773645,-0.06118100392054604,2.6001123601486738,8
right_drive,0.931,0.23174613699726454,6.801288839861677,-0.0655860355746205,2.601528196642227,7
right_drive,0.932,0.19707754581826153,6.799971198384786,-0.06297829577608582,2.604993903079101,6
right_drive,0.933,0.16443424618408187,6.794364365971439,-0.05548414681081382,2.6097770563231792,6
right_drive,0.934,0.13420496020202322,6.787242053599173,-0.04605906737972476,2.6150206860353666,6
right_drive,0.935,0.10660987424926927,6.781368517808867,-0.03770854654627076,2.6199481394243276,7
right_drive,0.936,0.08167432068558544,6.778855497021597,-0.03277381089063702,2.6240729515841177,7
right_drive,0.937,0.05912985370062951,6.780921800184556,-0.03231423712570902,2.627239864776055,7
right_drive,0.9380000000000001,0.038830203888681525,6.787876932222818,-0.03598080894311484,2.629362965304118,7
right_drive,0.9390000000000001,0.020657844396639424,6.799442082081101,-0.04249251144201027,2.6303418013756477,6
right_drive,0.9400000000000001,0.004129741744083204,6.81533812118526,-0.05126514426067619,2.6297298967952294,5
right_drive,0.9410000000000001,-0.011491878400543332,6.834298559842177,-0.06163096988077976,2.627855362006983,8
right_drive,0.9420000000000001,-0.025512043407992513,6.854590857415124,-0.07057776081705014,2.6252156610214517,6
right_drive,0.9430000000000001,-0.03796045708132112,6.874564296536758,-0.07596958521072206,2.622502971955433,5
right_drive,0.9440000000000001,-0.04887543926135118,6.8926739100766605,-0.07740545881978145,2.6203049216348995,5
right_drive,0.9450000000000001,-0.05795172864730336,6.907864591640463,-0.07516232099016373,2.6188402755161553,5
right_drive,0.9460000000000001,-0.06491425822617114,6.9196068564546,-0.07020778332609234,2.6180301273337867,8
right_drive,0.9470000000000001,-0.06938599496463382,6.927886627942058,-0.06373660657670555,2.617567755308014,7
right_drive,0.9480000000000001,-0.07116015332430786,6.9332209143697305,-0.05690634477036527,2.617005668090471,5
right_drive,0.9490000000000001,-0.07032690149745058,6.9365117276835875,-0.050708530010475705,2.615909037040286,8
right_drive,0.9500000000000001,-0.06741072475577564,6.938992338541384,-0.04579187102805182,2.6139460004880286,6
right_drive,0.9510000000000001,-0.06345181909382419,6.941710791452348,-0.04269799848200262,2.6111575759128005,7
right_drive,0.9520000000000001,-0.06006137920387472,6.945588273076649,-0.04207178860313432,2.6079028617359032,7
right_drive,0.9530000000000001,-0.05825509766762277,6.95130888065774,-0.04415368978565093,2.6044754636193534,7
right_drive,0.9540000000000001,-0.05851818404472908,6.9592056883400835,-0.048757562139260635,2.601143180223794,6
right_drive,0.9550000000000001,-0.061149521887428726,6.969200892065023,-0.05570183265446915,2.5982367412777028,7
right_drive,0.9560000000000001,-0.06617475954330948,6.980955724164888,-0.06464357280922295,2.595996035213607,7
right_drive,0.9570000000000001,-0.07267413386420091,6.994171738849338,-0.0748327748910107,2.5941888256722323,7
right_drive,0.9580000000000001,-0.07917636709005627,7.0085666662287744,-0.08536355465484902,2.5923050308744866,7
right_drive,0.9590000000000001,-0.08504437518875213,7.0235664711313195,-0.09586804693761564,2.590100393675368,8
right_drive,0.9600000000000001,-0.08972753991693366,7.038361168581451,-0.10585528141912559,2.5874686246091962,7
right_drive,0.9610000000000001,-0.09267570995531033,7.051860890789621,-0.11488101971818776,2.584406546104501,5
right_drive,0.9620000000000001,-0.09375504791642536,7.063087665043943,-0.12240922145142585,2.580906705200551,6
right_drive,0.9630000000000001,-0.09265802983931254,7.0713308906600965,-0.12825240872208687,2.576882718829143,6
right_drive,0.9640000000000001,-0.08971042633376208,7.076395506929801,-0.133020671948882,2.572235358555484,7
right_drive,0.9650000000000001,-0.08545815707867016,7.078236689567865,-0.13706762203956413,2.5678877806137734,6
right_drive,0.9660000000000001,-0.08210856515432097,7.0790225539884215,-0.1398386450666833,2.565427653812967,4
right_drive,0.9670000000000001,-0.08402572543256598,7.080245502190758,-0.14148847549680998,2.5685250655646295,4
right_drive,0.9680000000000001,-0.09152732812462444,7.081901236332289,-0.14255095171807608,2.578672830005943,4
right_drive,0.9690000000000001,-0.10310811966369965,7.084583800601685,-0.14375233577069935,2.5955793050587674,6
right_drive,0.9700000000000001,-0.115561002872897,7.089804621944044,-0.14482514247625522,2.616188514801086,8
right_drive,0.9710000000000001,-0.12621727130553345,7.099800852038632,-0.14593232761602204,2.635695013664876,8
right_drive,0.9720000000000001,-0.13342858428488785,7.115886496357591,-0.14712606805000217,2.6501765251184994,7
right_drive,0.9730000000000001,-0.13693958214686025,7.137604067954757,-0.1488887032342583,2.658005833022684,7
right_drive,0.9740000000000001,-0.13743135477730595,7.163182575450788,-0.15187974739510457,2.6593024752294157,7
right_drive,0.9750000000000001,-0.13615787268256813,7.190111891269982,-0.15651442972199447,2.6551923034985063,6
right_drive,0.9760000000000001,-0.13462283361786814,7.2154758081396935,-0.16277974862773747,2.6479743688347472,7
right_drive,0.9770000000000001,-0.13424769346032134,7.236735771419375,-0.17006583670868103,2.640019787175056,6
right_drive,0.9780000000000001,-0.1362577110193785,7.252131856939295,-0.17732390178349633,2.633348015930513,6
right_drive,0.9790000000000001,-0.14154749430042673,7.260864216468794,-0.18338009122249566,2.6293604786805114,5
right_drive,0.9800000000000001,-0.15076571763391988,7.263176259430901,-0.187711569332497,2.6285429835817533,4
right_drive,0.9810000000000001,-0.1640506649005189,7.259624557176702,-0.18910485443052516,2.6312754106859653,5
right_drive,0.9820000000000001,-0.18042349420991144,7.251782933615827,-0.18581721871850454,2.6373667117047095,5
right_drive,0.9830000000000001,-0.19895239382522883,7.240946152336638,-0.1773085204901531,2.646974380451067,4
right_drive,0.9840000000000001,-0.21821009978807393,7.228298723966166,-0.16370722101756696,2.6593813260970935,4
right_drive,0.9850000000000001,-0.23642993193516565,7.21504135030587,-0.14559853714871762,2.6733125625495475,5
right_drive,0.9860000000000001,-0.2521401143204965,7.202167206690076,-0.124019699938694,2.687567656769372,5
right_drive,0.9870000000000001,-0.2643738577866714,7.1901318004198265,-0.10038057956529411,2.70130789342998,5
right_drive,0.9880000000000001,-0.2725915804123526,7.1789206096600795,-0.0755034900002074,2.7142570336195155,7
right_drive,0.9890000000000001,-0.2775166825430042,7.168692527781692,-0.0521386562074595,2.7258235035384373,7
right_drive,0.9900000000000001,-0.2802745268455716,7.159503298660903,-0.03338400828750676,2.7356983310285927,7
right_drive,0.9910000000000001,-0.2822866710881576,7.151310246734592,-0.020259110086854992,2.7440539827937775,7
right_drive,0.9920000000000001,-0.28487073061990686,7.143963300466618,-0.012122332347137332,2.751354682290445,7
right_drive,0.9930000000000001,-0.289092868570812,7.137021579363172,-0.007623754193900378,2.7582551121037087,7
right_drive,0.9940000000000001,-0.2955614594006267,7.130007915923224,-0.005231811777631323,2.7653076766903424,7
right_drive,0.9950000000000001,-0.3043922473060088,7.122591147660811,-0.003653296757772484,2.772808201394283,7
right_drive,0.9960000000000001,-0.31522400493411845,7.11477684602334,-0.00200374258103464,2.780716646205675,7
right_drive,0.9970000000000001,-0.3275788212163939,7.106569113101079,0.0001827235699263241,2.788831143210034,6
right_drive,0.9980000000000001,-0.34089762483904384,7.097984880782862,0.0032759351552280602,2.7968245610338736,6
right_drive,0.9990000000000001,-0.35465982075917046,7.089087173502687,0.0073860701799413064,2.804428339014103,7
right_drive,0.9999,-0.3670177945600454,7.0809383477560095,0.011688158841117735,2.8108133339645214,6
