task,method,topology,seed,step,approximation,group,entries,exact_norm,approximate_norm,cosine,relative_l2_error,sign_agreement,comparable_sign_entries,exact_nonzero,approximate_nonzero
cue,bptt,measured,17,0,eligibility,input.weight,1024,0.665171671808976,0.502003687092151,0.7537461957223066,0.6571663246406351,0.798828125,1024,1024,1024
cue,bptt,measured,17,0,eligibility,input.bias,256,1.94613318088178,1.0016454879606342,0.662388765805711,0.7635820425639238,0.8828125,256,256,256
cue,bptt,measured,17,0,eligibility,edge_log_gain,6678,0.02181784857411836,0.012546500499869788,0.6813659634315526,0.7396229299567562,0.7987421383647799,6678,6678,6678
cue,bptt,measured,17,0,eligibility,alpha_logit,256,0.013389606788380708,0.013106171262733798,0.9492199364303021,0.31600374593312686,0.921875,256,256,256
cue,bptt,measured,17,0,eligibility,beta_logit,256,0.006923364425431528,0.006923364425431528,1.0,2.0968002992244783e-16,1.0,256,256,256
cue,bptt,measured,17,0,eligibility,recurrent_logit,1,0.057826387216949444,0.005598061493189794,1.0,0.9031919204603369,1.0,1,1,1
cue,bptt,measured,17,0,eligibility,combined_core,8471,2.057652748844195,1.1205845988025271,0.6694639631460206,0.7532666193580598,0.8111202927635462,8471,8471,8471
cue,bptt,measured,17,0,instantaneous,input.weight,1024,0.665171671808976,0.4913666258578658,0.6848305633423544,0.7306912577579285,0.755859375,512,1024,512
cue,bptt,measured,17,0,instantaneous,input.bias,256,1.94613318088178,0.47098847444219144,0.676274193598436,0.8551236578373068,0.8046875,256,256,256
cue,bptt,measured,17,0,instantaneous,edge_log_gain,6678,0.02181784857411836,0.00580051176643142,0.5579317624423633,0.8797826813312518,0.7115902964959568,6678,6678,6678
cue,bptt,measured,17,0,instantaneous,alpha_logit,256,0.013389606788380708,0.013656616532189586,0.8102465604982876,0.6224728966343595,0.8515625,256,256,256
cue,bptt,measured,17,0,instantaneous,beta_logit,256,0.006923364425431528,0.0009427633609083235,0.4276102452798129,0.9497821600481282,0.5625,256,256,256
cue,bptt,measured,17,0,instantaneous,recurrent_logit,1,0.057826387216949444,0.0021933009643485563,1.0,0.962070932148677,1.0,1,1,1
cue,bptt,measured,17,0,instantaneous,combined_core,8471,2.057652748844195,0.6808062518426667,0.6025270472839123,0.8430665262904421,0.7171755245633874,7959,8471,7959
cue,bptt,measured,29,0,eligibility,input.weight,1024,0.519019983615001,0.20402330574604383,0.3504468052243283,0.9375530730384196,0.765625,1024,1024,1024
cue,bptt,measured,29,0,eligibility,input.bias,256,0.637153762716647,0.37253906975157003,0.7281929644212306,0.7002337969081489,0.8203125,256,256,256
cue,bptt,measured,29,0,eligibility,edge_log_gain,6678,0.014827946328139446,0.008062866663363134,0.6214296250167319,0.7873103297807416,0.7469302186283319,6678,6678,6678
cue,bptt,measured,29,0,eligibility,alpha_logit,256,0.00787572797560538,0.006428257252264642,0.8669097376615851,0.5010367752339251,0.890625,256,256,256
cue,bptt,measured,29,0,eligibility,beta_logit,256,0.004187218597985502,0.004187218597985502,1.0,2.565062535651314e-16,1.0,256,256,256
cue,bptt,measured,29,0,eligibility,recurrent_logit,1,0.06535901012495612,0.00012031098241967447,1.0,0.9981592288165066,1.0,1,1,1
cue,bptt,measured,29,0,eligibility,combined_core,8471,0.824571336406532,0.42489380716052016,0.5996782827236533,0.8046783511255686,0.7634281666863416,8471,8471,8471
cue,bptt,measured,29,0,instantaneous,input.weight,1024,0.519019983615001,0.1872458288671055,0.3014143377465449,0.9553388197360497,0.880859375,512,1024,512
cue,bptt,measured,29,0,instantaneous,input.bias,256,0.637153762716647,0.15555025210702747,0.6929086861191956,0.8492803892954377,0.828125,256,256,256
cue,bptt,measured,29,0,instantaneous,edge_log_gain,6678,0.014827946328139446,0.003218299803913537,0.4820010189311818,0.9153566771572789,0.631476489967056,6678,6678,6678
cue,bptt,measured,29,0,instantaneous,alpha_logit,256,0.00787572797560538,0.0060401119903820515,0.5859223547894473,0.8303359798532235,0.78515625,256,256,256
cue,bptt,measured,29,0,instantaneous,beta_logit,256,0.004187218597985502,0.000499098286707673,0.42773419895677317,0.955112289061922,0.546875,256,256,256
cue,bptt,measured,29,0,instantaneous,recurrent_logit,1,0.06535901012495612,0.006953359894731014,1.0,0.8936128334649303,1.0,1,1,1
cue,bptt,measured,29,0,instantaneous,combined_core,8471,0.824571336406532,0.24362331595744058,0.4901951983871819,0.8931027965334067,0.6561125769569042,7959,8471,7959
cue,bptt,measured,41,0,eligibility,input.weight,1024,1.4339779917889077,0.3797784153117274,0.24309063938974382,0.9702474362167558,0.7529296875,1024,1024,1024
cue,bptt,measured,41,0,eligibility,input.bias,256,2.4909678052115938,0.582687132442392,0.5980649226154187,0.880295342222168,0.8203125,256,256,256
cue,bptt,measured,41,0,eligibility,edge_log_gain,6678,0.023318074118226378,0.008029074790549266,0.4076960598412296,0.915313817807501,0.7604073075771189,6678,6678,6678
cue,bptt,measured,41,0,eligibility,alpha_logit,256,0.009714404379335875,0.007959364282064738,0.8337187857049131,0.5523765399070523,0.83984375,256,256,256
cue,bptt,measured,41,0,eligibility,beta_logit,256,0.004560498495260591,0.004560498495260591,1.0,1.9920207595392604e-16,1.0,256,256,256
cue,bptt,measured,41,0,eligibility,recurrent_logit,1,0.16838120170616003,0.01560937262815794,1.0,0.9072974152102936,1.0,1,1,1
cue,bptt,measured,41,0,eligibility,combined_core,8471,2.87927501586826,0.695807593543475,0.5007632633904183,0.9035321225084603,0.7709833549757998,8471,8471,8471
cue,bptt,measured,41,0,instantaneous,input.weight,1024,1.4339779917889077,0.3755294667538673,0.24521791409976032,0.9696111507622995,0.76953125,512,1024,512
cue,bptt,measured,41,0,instantaneous,input.bias,256,2.4909678052115938,0.3546452134722497,0.6695415542944969,0.9108355292608731,0.8046875,256,256,256
cue,bptt,measured,41,0,instantaneous,edge_log_gain,6678,0.023318074118226378,0.005080440897434794,0.39861698098477505,0.9347576829811036,0.692722371967655,6678,6678,6678
cue,bptt,measured,41,0,instantaneous,alpha_logit,256,0.009714404379335875,0.008142121120282432,0.7730915346016415,0.6376221377039974,0.8203125,256,256,256
cue,bptt,measured,41,0,instantaneous,beta_logit,256,0.004560498495260591,0.0005526987423032339,0.42508543372359914,0.954805330305694,0.61328125,256,256,256
cue,bptt,measured,41,0,instantaneous,recurrent_logit,1,0.16838120170616003,0.025325614248367316,1.0,0.8495935770041436,1.0,1,1,1
cue,bptt,measured,41,0,instantaneous,combined_core,8471,2.87927501586826,0.5172324478106815,0.4887703770191788,0.9255621099379332,0.7028521171001382,7959,8471,7959
cue,bptt,null,17,0,eligibility,input.weight,1024,0.5678784980259866,0.451931296991585,0.8066004054495222,0.5911953301510324,0.7978515625,1024,1024,1024
cue,bptt,null,17,0,eligibility,input.bias,256,0.9557048307215167,0.8807020260936547,0.8837900562572674,0.4694025532590717,0.8828125,256,256,256
cue,bptt,null,17,0,eligibility,edge_log_gain,6678,0.010714903514331806,0.007557465731447346,0.7297986426202739,0.6841001448467133,0.7512728361784966,6678,6678,6678
cue,bptt,null,17,0,eligibility,alpha_logit,256,0.01234909485110811,0.01246027378397651,0.9793205479565332,0.20448059189784729,0.90625,256,256,256
cue,bptt,null,17,0,eligibility,beta_logit,256,0.0038819318014191935,0.003881931801419194,0.9999999999999999,2.4785933590847403e-16,1.0,256,256,256
cue,bptt,null,17,0,eligibility,recurrent_logit,1,0.01146158719446312,0.0019850790462105166,1.0,0.8268059202856763,1.0,1,1,1
cue,bptt,null,17,0,eligibility,combined_core,8471,1.1118774476808053,0.9900047169636869,0.8640667495307972,0.5040650486518012,0.7731082516822099,8471,8471,8471
cue,bptt,null,17,0,instantaneous,input.weight,1024,0.5678784980259866,0.4405296416597894,0.7103682238418616,0.7068601551436419,0.771484375,512,1024,512
cue,bptt,null,17,0,instantaneous,input.bias,256,0.9557048307215167,0.416680801150474,0.8002868937714556,0.7016058635337726,0.8515625,256,256,256
cue,bptt,null,17,0,instantaneous,edge_log_gain,6678,0.010714903514331806,0.0037909958207339887,0.4982249169724519,0.8789930554874192,0.681790955375861,6678,6678,6678
cue,bptt,null,17,0,instantaneous,alpha_logit,256,0.01234909485110811,0.012818899590994555,0.8605864313700444,0.5393348323531196,0.83984375,256,256,256
cue,bptt,null,17,0,instantaneous,beta_logit,256,0.0038819318014191935,0.0007427136055197966,-0.10804470901918221,1.0382432406722237,0.52734375,256,256,256
cue,bptt,null,17,0,instantaneous,recurrent_logit,1,0.01146158719446312,0.0036327564371029034,-1.0,1.3169505562770416,0.0,1,1,1
cue,bptt,null,17,0,instantaneous,combined_core,8471,1.1118774476808053,0.6065325214752881,0.7362488850144047,0.7030800515455518,0.693051890941073,7959,8471,7959
cue,bptt,null,29,0,eligibility,input.weight,1024,0.3158453854513188,0.2642408058937078,0.8150907503372855,0.5797329879643153,0.8193359375,1024,1024,1024
cue,bptt,null,29,0,eligibility,input.bias,256,0.7167528301803092,0.4807765058963814,0.7267795873282012,0.6891505441455491,0.765625,256,256,256
cue,bptt,null,29,0,eligibility,edge_log_gain,6678,0.008552532572764858,0.006794604318432395,0.7698683664434031,0.6386761407045386,0.7657981431566337,6678,6678,6678
cue,bptt,null,29,0,eligibility,alpha_logit,256,0.008782489685596404,0.00810143624624296,0.9505824869271269,0.31174378730601826,0.8828125,256,256,256
cue,bptt,null,29,0,eligibility,beta_logit,256,0.004249369189064149,0.004249369189064149,1.0,2.2590862964464864e-16,1.0,256,256,256
cue,bptt,null,29,0,eligibility,recurrent_logit,1,0.032329943155829495,0.007584111950050754,1.0,0.7654152401847559,1.0,1,1,1
cue,bptt,null,29,0,eligibility,combined_core,8471,0.7840321979254583,0.5487773937863708,0.7410631832692612,0.6726932997989075,0.7829063864951009,8471,8471,8471
cue,bptt,null,29,0,instantaneous,input.weight,1024,0.3158453854513188,0.23680048005588156,0.6096088609870562,0.8049922332912727,0.81640625,512,1024,512
cue,bptt,null,29,0,instantaneous,input.bias,256,0.7167528301803092,0.20677628394895237,0.6892354021349184,0.8279801610371817,0.7890625,256,256,256
cue,bptt,null,29,0,instantaneous,edge_log_gain,6678,0.008552532572764858,0.0026155721860090333,0.4964489234890747,0.8887498061669898,0.6669661575321952,6678,6678,6678
cue,bptt,null,29,0,instantaneous,alpha_logit,256,0.008782489685596404,0.007684688400823214,0.6683468028611581,0.7720223844624524,0.80859375,256,256,256
cue,bptt,null,29,0,instantaneous,beta_logit,256,0.004249369189064149,0.00039701210247992144,-0.23536511950494748,1.0260158338521166,0.484375,256,256,256
cue,bptt,null,29,0,instantaneous,recurrent_logit,1,0.032329943155829495,0.003048891767028606,1.0,0.9056944903264127,1.0,1,1,1
cue,bptt,null,29,0,instantaneous,combined_core,8471,0.7840321979254583,0.31449363741056585,0.5998151568479047,0.8244393269254598,0.6792310591782887,7959,8471,7959
cue,bptt,null,41,0,eligibility,input.weight,1024,0.4060155726378395,0.3832728687722014,0.9415014928289861,0.3370179668365638,0.8232421875,1024,1024,1024
cue,bptt,null,41,0,eligibility,input.bias,256,0.7030568165227771,0.5722715000098537,0.8762323539548618,0.4858937058675111,0.875,256,256,256
cue,bptt,null,41,0,eligibility,edge_log_gain,6678,0.00717897664604188,0.005463330309961892,0.766869932188723,0.641829223736528,0.793351302785265,6678,6678,6678
cue,bptt,null,41,0,eligibility,alpha_logit,256,0.009740786898979288,0.008916471358279214,0.8671212000950977,0.5004290551028561,0.8671875,256,256,256
cue,bptt,null,41,0,eligibility,beta_logit,256,0.0030911071856217446,0.0030911071856217446,1.0,2.56320597925712e-16,1.0,256,256,256
cue,bptt,null,41,0,eligibility,recurrent_logit,1,0.006584161099988043,0.0018648464636904882,1.0,0.7167677954152922,1.0,1,1,1
cue,bptt,null,41,0,eligibility,combined_core,8471,0.811995602968202,0.6888505975143859,0.8924415632758214,0.4533130925452865,0.8079329477039311,8471,8471,8471
cue,bptt,null,41,0,instantaneous,input.weight,1024,0.4060155726378395,0.3802407094826496,0.8152874779615233,0.5916105633992866,0.84375,512,1024,512
cue,bptt,null,41,0,instantaneous,input.bias,256,0.7030568165227771,0.34037104068805607,0.8373222653935036,0.6508733021281223,0.875,256,256,256
cue,bptt,null,41,0,instantaneous,edge_log_gain,6678,0.00717897664604188,0.00318533630683662,0.5606391143930207,0.8362761182773822,0.6861335729260257,6678,6678,6678
cue,bptt,null,41,0,instantaneous,alpha_logit,256,0.009740786898979288,0.009357337194702884,0.8329484240243853,0.5678914416373753,0.828125,256,256,256
cue,bptt,null,41,0,instantaneous,beta_logit,256,0.0030911071856217446,0.0005196032123529489,-0.29945209041638987,1.0625110828661841,0.51953125,256,256,256
cue,bptt,null,41,0,instantaneous,recurrent_logit,1,0.006584161099988043,0.0017778754188581135,1.0,0.7299769261627965,1.0,1,1,1
cue,bptt,null,41,0,instantaneous,combined_core,8471,0.811995602968202,0.510427839603411,0.7873723109227988,0.6365929590379403,0.701595677848976,7959,8471,7959
cue,bptt,measured,17,300,eligibility,input.weight,1024,0.001503230656941016,0.000611950829322856,0.42773569771852454,0.9041395907546051,0.8203125,1024,1024,1024
cue,bptt,measured,17,300,eligibility,input.bias,256,0.0016491103861900594,0.0008696414991082971,0.5959748320877176,0.8059309962112003,0.76953125,256,256,256
cue,bptt,measured,17,300,eligibility,edge_log_gain,6678,7.410760507236602e-05,4.526196218588123e-05,0.6423870229162055,0.7670327113283034,0.7819706498951782,6678,6678,6678
cue,bptt,measured,17,300,eligibility,alpha_logit,256,2.7399895826971678e-05,1.9510795559151144e-05,0.6765095231482101,0.7372922124195219,0.82421875,256,256,256
cue,bptt,measured,17,300,eligibility,beta_logit,256,2.093629349551147e-05,2.093629349551147e-05,1.0,2.4154604846102666e-16,1.0,256,256,256
cue,bptt,measured,17,300,eligibility,recurrent_logit,1,0.0008107227781734505,0.0001311511102824508,1.0,0.8382293999708104,1.0,1,1,1
cue,bptt,measured,17,300,eligibility,combined_core,8471,0.00237554623542939,0.0010727667094751652,0.5326722432266949,0.8501970569988085,0.7941211191122654,8471,8471,8471
cue,bptt,measured,17,300,instantaneous,input.weight,1024,0.001503230656941016,0.0006115076641178946,0.38399296937814836,0.9236175403596608,0.806640625,512,1024,512
cue,bptt,measured,17,300,instantaneous,input.bias,256,0.0016491103861900594,0.0005689998421124631,0.43613789109136625,0.904479730445225,0.70703125,256,256,256
cue,bptt,measured,17,300,instantaneous,edge_log_gain,6678,7.410760507236602e-05,2.6805606250165607e-05,0.5937613868826263,0.8374331956465726,0.7243186582809225,6678,6678,6678
cue,bptt,measured,17,300,instantaneous,alpha_logit,256,2.7399895826971678e-05,1.6616425924271643e-05,0.5479017497513015,0.8385884215698656,0.71484375,256,256,256
cue,bptt,measured,17,300,instantaneous,beta_logit,256,2.093629349551147e-05,3.002801554742279e-06,0.9141390868124206,0.8708323190195943,0.6328125,256,256,256
cue,bptt,measured,17,300,instantaneous,recurrent_logit,1,0.0008107227781734505,8.622710040435094e-05,1.0,0.8936416951320652,1.0,1,1,1
cue,bptt,measured,17,300,instantaneous,combined_core,8471,0.00237554623542939,0.0008403220926508992,0.4175986555673277,0.9108729253117853,0.7258449553964066,7959,8471,7959
cue,bptt,measured,29,300,eligibility,input.weight,1024,0.0009352488277075186,0.0004947063553515428,0.5152325540649719,0.8571602965151819,0.7841796875,1024,1024,1024
cue,bptt,measured,29,300,eligibility,input.bias,256,0.0008751291467616792,0.0006608658077315604,0.6396472829327796,0.7773000755666917,0.78515625,256,256,256
cue,bptt,measured,29,300,eligibility,edge_log_gain,6678,4.7396838615256114e-05,2.4186553669021897e-05,0.5990401819483261,0.8056214241518221,0.8018867924528302,6678,6678,6678
cue,bptt,measured,29,300,eligibility,alpha_logit,256,2.219981183051274e-05,1.0896106100193014e-05,0.5469189197348365,0.8390630560590452,0.83203125,256,256,256
cue,bptt,measured,29,300,eligibility,beta_logit,256,1.2535587646237206e-05,1.2535587646237206e-05,1.0,1.9027485918302779e-16,1.0,256,256,256
cue,bptt,measured,29,300,eligibility,recurrent_logit,1,0.000646184101939211,8.472001163399776e-05,1.0,0.8688918353457609,1.0,1,1,1
cue,bptt,measured,29,300,eligibility,combined_core,8471,0.0014356154498168254,0.0008303711999397184,0.5570374376071813,0.8307622922749031,0.8061622004485893,8471,8471,8471
cue,bptt,measured,29,300,instantaneous,input.weight,1024,0.0009352488277075186,0.0004900797511394318,0.5182407614572806,0.8552542297101444,0.8671875,512,1024,512
cue,bptt,measured,29,300,instantaneous,input.bias,256,0.0008751291467616792,0.00047698445032940437,0.6290704185432509,0.7818764224955431,0.80078125,256,256,256
cue,bptt,measured,29,300,instantaneous,edge_log_gain,6678,4.7396838615256114e-05,1.576599449289396e-05,0.5607952094675533,0.8588156951264834,0.7481281820904463,6678,6678,6678
cue,bptt,measured,29,300,instantaneous,alpha_logit,256,2.219981183051274e-05,1.04392411211434e-05,0.44412041276888736,0.896347753708443,0.8046875,256,256,256
cue,bptt,measured,29,300,instantaneous,beta_logit,256,1.2535587646237206e-05,1.7642216055340362e-06,0.9204631293818057,0.8721928621478483,0.734375,256,256,256
cue,bptt,measured,29,300,instantaneous,recurrent_logit,1,0.000646184101939211,7.022091682012563e-05,1.0,0.8913298600052348,1.0,1,1,1
cue,bptt,measured,29,300,instantaneous,combined_core,8471,0.0014356154498168254,0.000687738294925766,0.5530486707214958,0.8364282868186552,0.7588893077019726,7959,8471,7959
cue,bptt,measured,41,300,eligibility,input.weight,1024,0.0010563844252625557,0.000556864667242781,0.5233364616284941,0.8521346317022304,0.8046875,1024,1024,1024
cue,bptt,measured,41,300,eligibility,input.bias,256,0.0011516074182742868,0.0008940769348213433,0.7324872668028533,0.682193787523259,0.8125,256,256,256
cue,bptt,measured,41,300,eligibility,edge_log_gain,6678,5.417440595075803e-05,2.4420728805852338e-05,0.6475217293256746,0.7870343004458304,0.8122192273135669,6678,6678,6678
cue,bptt,measured,41,300,eligibility,alpha_logit,256,2.615696595242716e-05,1.360017421444749e-05,0.49145510263147096,0.8713687713987938,0.8515625,256,256,256
cue,bptt,measured,41,300,eligibility,beta_logit,256,1.7530617119690608e-05,1.7530617119690605e-05,0.9999999999999998,1.8801434305363016e-16,1.0,256,256,256
cue,bptt,measured,41,300,eligibility,recurrent_logit,1,0.000783701748371394,9.72102831761443e-05,1.0,0.8759601042384345,1.0,1,1,1
cue,bptt,measured,41,300,eligibility,combined_core,8471,0.0017493605991408963,0.0010583054008313465,0.6155319746891473,0.7881827245131855,0.8182032817849132,8471,8471,8471
cue,bptt,measured,41,300,instantaneous,input.weight,1024,0.0010563844252625557,0.0005470259895784664,0.5140505028764764,0.8577682402312494,0.841796875,512,1024,512
cue,bptt,measured,41,300,instantaneous,input.bias,256,0.0011516074182742868,0.000539739724072133,0.653894910367875,0.7789252897506208,0.7578125,256,256,256
cue,bptt,measured,41,300,instantaneous,edge_log_gain,6678,5.417440595075803e-05,1.6897730275597834e-05,0.7003817832770223,0.8126333369439909,0.773884396525906,6678,6678,6678
cue,bptt,measured,41,300,instantaneous,alpha_logit,256,2.615696595242716e-05,1.2793271962174948e-05,0.49036941317748883,0.8715156107372984,0.8359375,256,256,256
cue,bptt,measured,41,300,instantaneous,beta_logit,256,1.7530617119690608e-05,2.557286769054754e-06,0.9456746997166693,0.8633528782102038,0.64453125,256,256,256
cue,bptt,measured,41,300,instantaneous,recurrent_logit,1,0.000783701748371394,0.000126266856416856,1.0,0.8388840439883534,1.0,1,1,1
cue,bptt,measured,41,300,instantaneous,combined_core,8471,0.0017493605991408963,0.0007790734643515612,0.589411760075207,0.8205780112099835,0.77559994974243,7959,8471,7959
cue,bptt,null,17,300,eligibility,input.weight,1024,0.0024292828595154858,0.0013248454286655434,0.597564551678386,0.8035181502225918,0.82421875,1024,1024,1024
cue,bptt,null,17,300,eligibility,input.bias,256,0.0016433983233683847,0.0015552916013243008,0.8972611675585974,0.4442249339814991,0.85546875,256,256,256
cue,bptt,null,17,300,eligibility,edge_log_gain,6678,0.00012329390879550382,9.386560944250319e-05,0.819762755519678,0.575677916102132,0.7978436657681941,6678,6678,6678
cue,bptt,null,17,300,eligibility,alpha_logit,256,4.274596145179223e-05,3.5323154989062194e-05,0.7617592144558224,0.6510721608670587,0.83203125,256,256,256
cue,bptt,null,17,300,eligibility,beta_logit,256,5.186193338706763e-05,5.186193338706763e-05,1.0,2.1391490866533902e-16,1.0,256,256,256
cue,bptt,null,17,300,eligibility,recurrent_logit,1,0.001305439413355295,0.0003356748886386109,1.0,0.7428644445659526,1.0,1,1,1
cue,bptt,null,17,300,eligibility,combined_core,8471,0.0032134192985087285,0.0020735412086374076,0.7005857996538127,0.7157085654059178,0.8099397945933183,8471,8471,8471
cue,bptt,null,17,300,instantaneous,input.weight,1024,0.0024292828595154858,0.0011922637701239514,0.46931777184892237,0.8832903347866267,0.8359375,512,1024,512
cue,bptt,null,17,300,instantaneous,input.bias,256,0.0016433983233683847,0.0011178785786628747,0.5647833201621404,0.8332744417582635,0.76171875,256,256,256
cue,bptt,null,17,300,instantaneous,edge_log_gain,6678,0.00012329390879550382,3.4120086398372e-05,0.7002177810946869,0.8300785169641758,0.7249176400119797,6678,6678,6678
cue,bptt,null,17,300,instantaneous,alpha_logit,256,4.274596145179223e-05,2.914045742711127e-05,0.5607759412903328,0.836753250118876,0.75,256,256,256
cue,bptt,null,17,300,instantaneous,beta_logit,256,5.186193338706763e-05,4.767146579882314e-06,0.6750549861533357,0.940397378931511,0.7421875,256,256,256
cue,bptt,null,17,300,instantaneous,recurrent_logit,1,0.001305439413355295,7.543676996618433e-05,1.0,0.9422135035954725,1.0,1,1,1
cue,bptt,null,17,300,instantaneous,combined_core,8471,0.0032134192985087285,0.001636726059146076,0.4751737975580408,0.8805550845146524,0.734640030154542,7959,8471,7959
cue,bptt,null,29,300,eligibility,input.weight,1024,0.002011000834892095,0.0009633816441826493,0.5185078881022411,0.8559824975066408,0.7900390625,1024,1024,1024
cue,bptt,null,29,300,eligibility,input.bias,256,0.0016880095227726516,0.0015253361675112325,0.9027702243957673,0.43012400686691116,0.9296875,256,256,256
cue,bptt,null,29,300,eligibility,edge_log_gain,6678,0.00010176811289625279,6.056987986444162e-05,0.6428007058337634,0.7675124884556752,0.7732854147948488,6678,6678,6678
cue,bptt,null,29,300,eligibility,alpha_logit,256,3.0117298462679003e-05,2.175766037840278e-05,0.5287506304670931,0.8705944704539773,0.7890625,256,256,256
cue,bptt,null,29,300,eligibility,beta_logit,256,2.3643450004005478e-05,2.3643450004005478e-05,1.0,2.616674980409629e-16,1.0,256,256,256
cue,bptt,null,29,300,eligibility,recurrent_logit,1,0.001456717795465278,0.00029419691863928176,1.0,0.7980412406884101,1.0,1,1,1
cue,bptt,null,29,300,eligibility,combined_core,8471,0.0030045548847924745,0.001829209545695297,0.6845761149585912,0.732868146311733,0.7873922795419667,8471,8471,8471
cue,bptt,null,29,300,instantaneous,input.weight,1024,0.002011000834892095,0.0009217784077361907,0.45646672081291273,0.8897425175911597,0.87890625,512,1024,512
cue,bptt,null,29,300,instantaneous,input.bias,256,0.0016880095227726516,0.0008647177732395552,0.6283333298146526,0.7865543637228078,0.8125,256,256,256
cue,bptt,null,29,300,instantaneous,edge_log_gain,6678,0.00010176811289625279,2.3149658289037913e-05,0.5870478126336062,0.8858147540454405,0.7024558250973345,6678,6678,6678
cue,bptt,null,29,300,instantaneous,alpha_logit,256,3.0117298462679003e-05,2.0141522286155025e-05,0.5545579628711685,0.8399462350138841,0.77734375,256,256,256
cue,bptt,null,29,300,instantaneous,beta_logit,256,2.3643450004005478e-05,2.9134233561585315e-06,0.4992522129437685,0.9445342712601295,0.6796875,256,256,256
cue,bptt,null,29,300,instantaneous,recurrent_logit,1,0.001456717795465278,0.0001328043649414791,1.0,0.9088331553613915,1.0,1,1,1
cue,bptt,null,29,300,instantaneous,combined_core,8471,0.0030045548847924745,0.0012712196251266367,0.5127732254840145,0.8631948546368332,0.7190601834401307,7959,8471,7959
cue,bptt,null,41,300,eligibility,input.weight,1024,0.002448481931092465,0.0014091453368924312,0.6392686629055949,0.7716214928219443,0.767578125,1024,1024,1024
cue,bptt,null,41,300,eligibility,input.bias,256,0.0032706062902016432,0.0019451403165192491,0.6586183596938684,0.7551841398408411,0.69921875,256,256,256
cue,bptt,null,41,300,eligibility,edge_log_gain,6678,7.96046532484866e-05,5.6929218191183305e-05,0.7716386323513912,0.6385646850655288,0.7994908655286014,6678,6678,6678
cue,bptt,null,41,300,eligibility,alpha_logit,256,4.060436927658441e-05,3.0222433064140476e-05,0.6654310202207118,0.750615885989819,0.79296875,256,256,256
cue,bptt,null,41,300,eligibility,beta_logit,256,4.742876437908488e-05,4.742876437908488e-05,1.0,2.0189577274294888e-16,1.0,256,256,256
cue,bptt,null,41,300,eligibility,recurrent_logit,1,0.0011134847579746668,0.00032324552080813745,1.0,0.7096991957069144,1.0,1,1,1
cue,bptt,null,41,300,eligibility,combined_core,8471,0.004235801303407468,0.002424902661384889,0.6583451239728709,0.7575980971622694,0.7984889623421084,8471,8471,8471
cue,bptt,null,41,300,instantaneous,input.weight,1024,0.002448481931092465,0.0013143780663787694,0.5271126333406349,0.8498507974247532,0.771484375,512,1024,512
cue,bptt,null,41,300,instantaneous,input.bias,256,0.0032706062902016432,0.0012831708159521946,0.608777108022243,0.8223368836123987,0.71484375,256,256,256
cue,bptt,null,41,300,instantaneous,edge_log_gain,6678,7.96046532484866e-05,2.6374768865994152e-05,0.5897216145919648,0.8479379720513562,0.7172806229410003,6678,6678,6678
cue,bptt,null,41,300,instantaneous,alpha_logit,256,4.060436927658441e-05,2.84420120277387e-05,0.6335641128825744,0.7765774156396735,0.765625,256,256,256
cue,bptt,null,41,300,instantaneous,beta_logit,256,4.742876437908488e-05,4.472264707050518e-06,0.6757806833814094,0.9388539923798743,0.76171875,256,256,256
cue,bptt,null,41,300,instantaneous,recurrent_logit,1,0.0011134847579746668,7.579200950964425e-06,-1.0,1.0068067397390785,0.0,1,1,1
cue,bptt,null,41,300,instantaneous,combined_core,8471,0.004235801303407468,0.001837307558959198,0.5454473195472149,0.8455542542683905,0.7235833647443146,7959,8471,7959
cue,bptt,measured,17,600,eligibility,input.weight,1024,0.002451984916726099,0.0007934677771012751,0.32087676276065846,0.9471248762808175,0.7900390625,1024,1024,1024
cue,bptt,measured,17,600,eligibility,input.bias,256,0.004229969859835616,0.001213397112727846,0.36936786738652144,0.9329391172386146,0.75,256,256,256
cue,bptt,measured,17,600,eligibility,edge_log_gain,6678,0.00014520853471680702,8.413606104556241e-05,0.6321999156134874,0.7766012309533689,0.7789757412398922,6678,6678,6678
cue,bptt,measured,17,600,eligibility,alpha_logit,256,5.707909667398363e-05,2.167920780212153e-05,0.47236368266506257,0.8862498226459058,0.84375,256,256,256
cue,bptt,measured,17,600,eligibility,beta_logit,256,3.852418526831749e-05,3.852418526831749e-05,1.0,1.725662186876557e-16,1.0,256,256,256
cue,bptt,measured,17,600,eligibility,recurrent_logit,1,1.2371473292652109e-05,0.0001404717752731976,-1.0,12.354490443480906,0.0,1,1,1
cue,bptt,measured,17,600,eligibility,combined_core,8471,0.004891917390451698,0.001459687967954964,0.35405246510041427,0.9368806851862999,0.7879825286270806,8471,8471,8471
cue,bptt,measured,17,600,instantaneous,input.weight,1024,0.002451984916726099,0.0007836193065540904,0.30832169036057133,0.9513488387965578,0.81640625,512,1024,512
cue,bptt,measured,17,600,instantaneous,input.bias,256,0.004229969859835616,0.000741806771358427,0.28742220903069354,0.964336213424346,0.72265625,256,256,256
cue,bptt,measured,17,600,instantaneous,edge_log_gain,6678,0.00014520853471680702,5.08022487032454e-05,0.6060820662571506,0.8356528707954018,0.7234201856843366,6678,6678,6678
cue,bptt,measured,17,600,instantaneous,alpha_logit,256,5.707909667398363e-05,2.056383900034661e-05,0.43375260051040126,0.9040235038706903,0.7421875,256,256,256
cue,bptt,measured,17,600,instantaneous,beta_logit,256,3.852418526831749e-05,5.051727421828568e-06,0.9437096793010136,0.8773229876339325,0.671875,256,256,256
cue,bptt,measured,17,600,instantaneous,recurrent_logit,1,1.2371473292652109e-05,0.00013371025128567043,1.0,9.807948909778277,1.0,1,1,1
cue,bptt,measured,17,600,instantaneous,combined_core,8471,0.004891917390451698,0.0010886892094781181,0.28185809176337623,0.9612874885952016,0.728357833898731,7959,8471,7959
cue,bptt,measured,29,600,eligibility,input.weight,1024,0.0006886541111085147,0.00036968298006104065,0.6351453440109843,0.7786259413839561,0.8193359375,1024,1024,1024
cue,bptt,measured,29,600,eligibility,input.bias,256,0.0008599929183888423,0.00046414300630530825,0.5897505221310126,0.8091346083606069,0.76953125,256,256,256
cue,bptt,measured,29,600,eligibility,edge_log_gain,6678,3.628795962216847e-05,3.19220904422156e-05,0.9173990670359046,0.3997512478145129,0.8631326744534291,6678,6678,6678
cue,bptt,measured,29,600,eligibility,alpha_logit,256,1.4715681864615711e-05,1.0397893412483846e-05,0.7696123507333975,0.6416144966026615,0.8125,256,256,256
cue,bptt,measured,29,600,eligibility,beta_logit,256,2.4256021426007564e-05,2.425602142600756e-05,0.9999999999999998,2.606035948781563e-16,1.0,256,256,256
cue,bptt,measured,29,600,eligibility,recurrent_logit,1,0.00019099924576494552,8.05351715462991e-05,1.0,0.5783482221421428,1.0,1,1,1
cue,bptt,measured,29,600,eligibility,combined_core,8471,0.00111912230707376,0.0006002463165451076,0.6166786163779622,0.7913023716066592,0.857631920670523,8471,8471,8471
cue,bptt,measured,29,600,instantaneous,input.weight,1024,0.0006886541111085147,0.0003493274824750903,0.49052638493095574,0.8715870113454076,0.76171875,512,1024,512
cue,bptt,measured,29,600,instantaneous,input.bias,256,0.0008599929183888423,0.00033549180648816227,0.38488720307616187,0.9229783952729056,0.73828125,256,256,256
cue,bptt,measured,29,600,instantaneous,edge_log_gain,6678,3.628795962216847e-05,1.9890207180586215e-05,0.8142970924255929,0.6385685125721947,0.7816711590296496,6678,6678,6678
cue,bptt,measured,29,600,instantaneous,alpha_logit,256,1.4715681864615711e-05,7.895181025512925e-06,0.5049325235594462,0.8637364102918554,0.69140625,256,256,256
cue,bptt,measured,29,600,instantaneous,beta_logit,256,2.4256021426007564e-05,3.509849437000845e-06,0.9780080348523537,0.859012426683087,0.734375,256,256,256
cue,bptt,measured,29,600,instantaneous,recurrent_logit,1,0.00019099924576494552,1.9008334741254153e-05,-1.0,1.099520470173201,0.0,1,1,1
cue,bptt,measured,29,600,instantaneous,combined_core,8471,0.00111912230707376,0.00048519690053718743,0.4164881412615694,0.9093012584632874,0.774469154416384,7959,8471,7959
cue,bptt,measured,41,600,eligibility,input.weight,1024,0.0011650867275774701,0.0004251395636648601,0.4084846410375245,0.9138052104288644,0.8134765625,1024,1024,1024
cue,bptt,measured,41,600,eligibility,input.bias,256,0.0007756002589639398,0.0006091814797513168,0.5946768190089939,0.8262851365138424,0.7265625,256,256,256
cue,bptt,measured,41,600,eligibility,edge_log_gain,6678,6.299715572464318e-05,4.155612479099933e-05,0.647177051824183,0.7624417736660593,0.8173105720275532,6678,6678,6678
cue,bptt,measured,41,600,eligibility,alpha_logit,256,2.8562667421653838e-05,1.2202935742130318e-05,0.4678962822833297,0.884718322350948,0.8515625,256,256,256
cue,bptt,measured,41,600,eligibility,beta_logit,256,2.4559973531268753e-05,2.455997353126875e-05,1.0,2.548528410595748e-16,1.0,256,256,256
cue,bptt,measured,41,600,eligibility,recurrent_logit,1,0.00024891235003805643,0.00011159854359746183,1.0,0.5516552570396791,1.0,1,1,1
cue,bptt,measured,41,600,eligibility,combined_core,8471,0.001423491433898732,0.0007528472449617222,0.47919988431070004,0.8791103248548207,0.8206823279423917,8471,8471,8471
cue,bptt,measured,41,600,instantaneous,input.weight,1024,0.0011650867275774701,0.00042191789457372717,0.3309231069289875,0.9441737326233264,0.859375,512,1024,512
cue,bptt,measured,41,600,instantaneous,input.bias,256,0.0007756002589639398,0.0003682102556761298,0.47590167346861145,0.8794992560099756,0.7421875,256,256,256
cue,bptt,measured,41,600,instantaneous,edge_log_gain,6678,6.299715572464318e-05,2.7783438211144747e-05,0.6005930749440701,0.8153216132836371,0.7584606169511829,6678,6678,6678
cue,bptt,measured,41,600,instantaneous,alpha_logit,256,2.8562667421653838e-05,1.1295414876924683e-05,0.4266605478222596,0.9049498340457683,0.81640625,256,256,256
cue,bptt,measured,41,600,instantaneous,beta_logit,256,2.4559973531268753e-05,3.516277515167932e-06,0.9442819645253765,0.8660890532627821,0.68359375,256,256,256
cue,bptt,measured,41,600,instantaneous,recurrent_logit,1,0.00024891235003805643,5.34198061352171e-05,-1.0,1.2146129194756696,0.0,1,1,1
cue,bptt,measured,41,600,instantaneous,combined_core,8471,0.001423491433898732,0.0005633462948114324,0.35733753760151266,0.9347648783162902,0.7637894207815052,7959,8471,7959
cue,bptt,null,17,600,eligibility,input.weight,1024,0.002774699728690348,0.0017085453106780518,0.7751475397032944,0.6515758708048711,0.7822265625,1024,1024,1024
cue,bptt,null,17,600,eligibility,input.bias,256,0.003067136759416159,0.0026487713132216954,0.8107663531546361,0.5877491297270586,0.84375,256,256,256
cue,bptt,null,17,600,eligibility,edge_log_gain,6678,0.0002282896853175739,0.00013961267675789685,0.6993053808231862,0.7201884209421816,0.7243186582809225,6678,6678,6678
cue,bptt,null,17,600,eligibility,alpha_logit,256,9.547679122176575e-05,4.486780846286766e-05,0.6434038774520219,0.7849351458870135,0.78515625,256,256,256
cue,bptt,null,17,600,eligibility,beta_logit,256,0.0001304531241199909,0.0001304531241199909,1.0,2.2732675917130717e-16,1.0,256,256,256
cue,bptt,null,17,600,eligibility,recurrent_logit,1,0.001210836326104669,0.00031401476544144985,-1.0,1.2593370868312597,0.0,1,1,1
cue,bptt,null,17,600,eligibility,combined_core,8471,0.004318641118413044,0.003173679986804251,0.7240170480457205,0.6898675980079074,0.7450123952307874,8471,8471,8471
cue,bptt,null,17,600,instantaneous,input.weight,1024,0.002774699728690348,0.0015340282438067393,0.45058589756590056,0.8985727084697852,0.7734375,512,1024,512
cue,bptt,null,17,600,instantaneous,input.bias,256,0.003067136759416159,0.0014220410682724946,0.5768468727394929,0.8246598938484112,0.80078125,256,256,256
cue,bptt,null,17,600,instantaneous,edge_log_gain,6678,0.0002282896853175739,7.745563850144045e-05,0.7287337357961169,0.7877919705088692,0.7500748727163822,6678,6678,6678
cue,bptt,null,17,600,instantaneous,alpha_logit,256,9.547679122176575e-05,4.1512727445323723e-05,0.4603187460445833,0.8881205826094442,0.77734375,256,256,256
cue,bptt,null,17,600,instantaneous,beta_logit,256,0.0001304531241199909,8.373901536416052e-06,0.857971935040041,0.9455011969852211,0.765625,256,256,256
cue,bptt,null,17,600,instantaneous,recurrent_logit,1,0.001210836326104669,0.0005668335327376672,1.0,0.5318660990612961,1.0,1,1,1
cue,bptt,null,17,600,instantaneous,combined_core,8471,0.004318641118413044,0.0021689943548079574,0.5482873049762458,0.8375567948833136,0.7546174142480211,7959,8471,7959
cue,bptt,null,29,600,eligibility,input.weight,1024,0.0017706027589787419,0.0009564452220163142,0.6773336286627022,0.7483515983466534,0.7890625,1024,1024,1024
cue,bptt,null,29,600,eligibility,input.bias,256,0.0020256768272902655,0.0017410017809081596,0.8104795589819084,0.5878117254677908,0.87109375,256,256,256
cue,bptt,null,29,600,eligibility,edge_log_gain,6678,8.24073064669213e-05,6.566714541131947e-05,0.8193385529221043,0.5737504586071765,0.8210542078466607,6678,6678,6678
cue,bptt,null,29,600,eligibility,alpha_logit,256,4.8610258418919215e-05,2.5622764293388377e-05,0.7258369058910661,0.7159991024383189,0.859375,256,256,256
cue,bptt,null,29,600,eligibility,beta_logit,256,5.253229520859131e-05,5.253229520859131e-05,1.0,1.8901342550516097e-16,1.0,256,256,256
cue,bptt,null,29,600,eligibility,recurrent_logit,1,0.0002688276386345947,0.00023914024647495583,1.0,0.11043281230465896,1.0,1,1,1
cue,bptt,null,29,600,eligibility,combined_core,8471,0.0027060270880832522,0.002002695948815922,0.7524450973168932,0.6587708962268205,0.8252862708062803,8471,8471,8471
cue,bptt,null,29,600,instantaneous,input.weight,1024,0.0017706027589787419,0.0008763165942364547,0.4450003060874365,0.896920988926468,0.73046875,512,1024,512
cue,bptt,null,29,600,instantaneous,input.bias,256,0.0020256768272902655,0.0008297112768165297,0.6858775292191667,0.7783976564291792,0.77734375,256,256,256
cue,bptt,null,29,600,instantaneous,edge_log_gain,6678,8.24073064669213e-05,2.9315207949749827e-05,0.7171291639475422,0.7850675838147335,0.7270140760706798,6678,6678,6678
cue,bptt,null,29,600,instantaneous,alpha_logit,256,4.8610258418919215e-05,1.9388544353758716e-05,0.4299184123001207,0.9034018855911813,0.7734375,256,256,256
cue,bptt,null,29,600,instantaneous,beta_logit,256,5.253229520859131e-05,4.118206281469708e-06,0.8331268708948129,0.9356931250266924,0.7265625,256,256,256
cue,bptt,null,29,600,instantaneous,recurrent_logit,1,0.0002688276386345947,0.00014257834915996372,-1.0,1.5303708721474285,0.0,1,1,1
cue,bptt,null,29,600,instantaneous,combined_core,8471,0.0027060270880832522,0.0012157024383261507,0.5493555442498944,0.8415629170736839,0.7302424927754743,7959,8471,7959
cue,bptt,null,41,600,eligibility,input.weight,1024,0.0030964121919899463,0.0017920890045289026,0.7369490832831261,0.6942109662508842,0.8115234375,1024,1024,1024
cue,bptt,null,41,600,eligibility,input.bias,256,0.0030333356491485846,0.002660172762215164,0.9119597375500501,0.41176821606789227,0.91796875,256,256,256
cue,bptt,null,41,600,eligibility,edge_log_gain,6678,0.00019932493435022479,0.00015960331282861414,0.8424539070036176,0.5403824532653723,0.8033842467804732,6678,6678,6678
cue,bptt,null,41,600,eligibility,alpha_logit,256,7.246235387322091e-05,4.511189468282431e-05,0.6321596459655144,0.7748976747470943,0.76953125,256,256,256
cue,bptt,null,41,600,eligibility,beta_logit,256,9.111047956136385e-05,9.111047956136385e-05,1.0,2.0504377783654644e-16,1.0,256,256,256
cue,bptt,null,41,600,eligibility,recurrent_logit,1,1.4199396589227383e-05,0.00038147017144745147,-1.0,27.86523818461838,0.0,1,1,1
cue,bptt,null,41,600,eligibility,combined_core,8471,0.0043407807578397265,0.0032356500176444663,0.8173511506660709,0.5806143319369733,0.8126549403848424,8471,8471,8471
cue,bptt,null,41,600,instantaneous,input.weight,1024,0.0030964121919899463,0.0017169051480900104,0.4928145216978817,0.8723168793228014,0.837890625,512,1024,512
cue,bptt,null,41,600,instantaneous,input.bias,256,0.0030333356491485846,0.00149518723933245,0.6140594977245551,0.7985023957941323,0.76171875,256,256,256
cue,bptt,null,41,600,instantaneous,edge_log_gain,6678,0.00019932493435022479,7.793177031877461e-05,0.7846880682756914,0.7343513015463441,0.7665468703204552,6678,6678,6678
cue,bptt,null,41,600,instantaneous,alpha_logit,256,7.246235387322091e-05,4.4724604975463464e-05,0.45977193546752587,0.9018852552256059,0.6796875,256,256,256
cue,bptt,null,41,600,instantaneous,beta_logit,256,9.111047956136385e-05,7.420155159923461e-06,0.7597010348614324,0.9396225926243919,0.71484375,256,256,256
cue,bptt,null,41,600,instantaneous,recurrent_logit,1,1.4199396589227383e-05,0.0003232959998069863,1.0,21.768291439388374,1.0,1,1,1
cue,bptt,null,41,600,instantaneous,combined_core,8471,0.0043407807578397265,0.0023013033658145963,0.5429441246961297,0.8398661444084965,0.7665535871340621,7959,8471,7959
cue,bptt,measured,17,900,eligibility,input.weight,1024,0.0013626768244849761,0.00034265356877578526,0.26037870788614487,0.9655477922913934,0.7900390625,1024,1024,1024
cue,bptt,measured,17,900,eligibility,input.bias,256,0.0008910632876063931,0.00059694939642273,0.7915838765001507,0.6230528104903541,0.8671875,256,256,256
cue,bptt,measured,17,900,eligibility,edge_log_gain,6678,0.00010477867025237027,5.444959728730129e-05,0.5933920570694469,0.8082832681889539,0.7638514525306979,6678,6678,6678
cue,bptt,measured,17,900,eligibility,alpha_logit,256,4.575483063251932e-05,1.3647161883181492e-05,0.4089780206313829,0.9192354870159791,0.8359375,256,256,256
cue,bptt,measured,17,900,eligibility,beta_logit,256,2.13314680928322e-05,2.13314680928322e-05,1.0,2.2300482092715744e-16,1.0,256,256,256
cue,bptt,measured,17,900,eligibility,recurrent_logit,1,0.0006749168647439673,3.743159220318208e-05,1.0,0.9445389585613897,1.0,1,1,1
cue,bptt,measured,17,900,eligibility,combined_core,8471,0.0017663300344559771,0.0006919300610483107,0.4680138354948459,0.8870072096322748,0.7794829418014402,8471,8471,8471
cue,bptt,measured,17,900,instantaneous,input.weight,1024,0.0013626768244849761,0.0003454256227757864,0.2395746952749058,0.9709776593033289,0.828125,512,1024,512
cue,bptt,measured,17,900,instantaneous,input.bias,256,0.0008910632876063931,0.00031433815513988244,0.5188947489790559,0.8708309291971464,0.80859375,256,256,256
cue,bptt,measured,17,900,instantaneous,edge_log_gain,6678,0.00010477867025237027,3.6452435009363284e-05,0.6420670329055543,0.8211482996094142,0.7213237496256364,6678,6678,6678
cue,bptt,measured,17,900,instantaneous,alpha_logit,256,4.575483063251932e-05,1.057545684862302e-05,0.4934488039213298,0.9084700297280007,0.78515625,256,256,256
cue,bptt,measured,17,900,instantaneous,beta_logit,256,2.13314680928322e-05,3.1666307570564145e-06,0.9432225739491016,0.8613922068238963,0.703125,256,256,256
cue,bptt,measured,17,900,instantaneous,recurrent_logit,1,0.0006749168647439673,0.00014774505032085687,1.0,0.7810914824644297,1.0,1,1,1
cue,bptt,measured,17,900,instantaneous,combined_core,8471,0.0017663300344559771,0.0004913314404728424,0.4154837432708814,0.91990741817517,0.7325040834275662,7959,8471,7959
cue,bptt,measured,29,900,eligibility,input.weight,1024,0.0006861541025070531,0.00026320586470499627,0.36987322208861106,0.9291835717658261,0.76171875,1024,1024,1024
cue,bptt,measured,29,900,eligibility,input.bias,256,0.001705212567892941,0.0005080097014324469,0.5154436142763492,0.8841019438074235,0.8359375,256,256,256
cue,bptt,measured,29,900,eligibility,edge_log_gain,6678,6.26630291354868e-05,4.138875296310748e-05,0.7280475337817537,0.6888467472230017,0.811769991015274,6678,6678,6678
cue,bptt,measured,29,900,eligibility,alpha_logit,256,2.4465919141475936e-05,1.0117889036831952e-05,0.601186320041977,0.8208424159283103,0.80859375,256,256,256
cue,bptt,measured,29,900,eligibility,beta_logit,256,2.013442640080368e-05,2.013442640080368e-05,1.0,1.988364401846865e-16,1.0,256,256,256
cue,bptt,measured,29,900,eligibility,recurrent_logit,1,0.0006434653822540682,6.247869108726656e-05,1.0,0.9029027935140771,1.0,1,1,1
cue,bptt,measured,29,900,eligibility,combined_core,8471,0.0019487266826810359,0.0005774734335720206,0.49403371385885,0.8916366837664236,0.8120646912997285,8471,8471,8471
cue,bptt,measured,29,900,instantaneous,input.weight,1024,0.0006861541025070531,0.0002558734743978062,0.3391378343556513,0.9413426919446034,0.84765625,512,1024,512
cue,bptt,measured,29,900,instantaneous,input.bias,256,0.001705212567892941,0.00022769120029041823,0.15666873057538935,0.9879222985890269,0.796875,256,256,256
cue,bptt,measured,29,900,instantaneous,edge_log_gain,6678,6.26630291354868e-05,2.838629801155415e-05,0.708823429996579,0.7503435312322181,0.7596585804132974,6678,6678,6678
cue,bptt,measured,29,900,instantaneous,alpha_logit,256,2.4465919141475936e-05,8.014295489410977e-06,0.4631421923713952,0.8965931025482216,0.796875,256,256,256
cue,bptt,measured,29,900,instantaneous,beta_logit,256,2.013442640080368e-05,3.1071446958047888e-06,0.96072483472163,0.8528168316347323,0.6875,256,256,256
cue,bptt,measured,29,900,instantaneous,recurrent_logit,1,0.0006434653822540682,0.00010256143515831626,1.0,0.840610795876785,1.0,1,1,1
cue,bptt,measured,29,900,instantaneous,combined_core,8471,0.0019487266826810359,0.0003587659832913134,0.26858396794044553,0.9669538379403203,0.7654227918080161,7959,8471,7959
cue,bptt,measured,41,900,eligibility,input.weight,1024,0.00343414573702239,0.0006081771140781597,0.188626246830954,0.9821166229896005,0.8125,1024,1024,1024
cue,bptt,measured,41,900,eligibility,input.bias,256,0.0018521976884765274,0.0010148217278986857,0.6749798607999777,0.7486996191999794,0.86328125,256,256,256
cue,bptt,measured,41,900,eligibility,edge_log_gain,6678,0.00013679121913634407,7.495129768531899e-05,0.4897019782455886,0.8738317151055223,0.8354297693920335,6678,6678,6678
cue,bptt,measured,41,900,eligibility,alpha_logit,256,4.22298232849299e-05,2.1256714244092508e-05,0.4175766774840156,0.9126818354783431,0.85546875,256,256,256
cue,bptt,measured,41,900,eligibility,beta_logit,256,4.5495117670692936e-05,4.5495117670692936e-05,1.0,1.6002219294440805e-16,1.0,256,256,256
cue,bptt,measured,41,900,eligibility,recurrent_logit,1,0.0009867957971399128,0.00016877049804412588,1.0,0.8289712030257089,1.0,1,1,1
cue,bptt,measured,41,900,eligibility,combined_core,8471,0.004027446358041183,0.001198484615325042,0.38051714735301667,0.9284855353013941,0.8390980993979459,8471,8471,8471
cue,bptt,measured,41,900,instantaneous,input.weight,1024,0.00343414573702239,0.0005798210840612914,0.1616283309461221,0.986878052477088,0.814453125,512,1024,512
cue,bptt,measured,41,900,instantaneous,input.bias,256,0.0018521976884765274,0.0005372600748927875,0.3794539043313209,0.9295186300715091,0.77734375,256,256,256
cue,bptt,measured,41,900,instantaneous,edge_log_gain,6678,0.00013679121913634407,4.8367449787813805e-05,0.46819494692278113,0.8910267782278182,0.7807726864330637,6678,6678,6678
cue,bptt,measured,41,900,instantaneous,alpha_logit,256,4.22298232849299e-05,1.6198208216258142e-05,0.3510883869374167,0.9369056390608972,0.8046875,256,256,256
cue,bptt,measured,41,900,instantaneous,beta_logit,256,4.5495117670692936e-05,6.678179673436992e-06,0.954813150794543,0.8609500492961226,0.65234375,256,256,256
cue,bptt,measured,41,900,instantaneous,recurrent_logit,1,0.0009867957971399128,0.0001234991236393913,1.0,0.8748483485668099,1.0,1,1,1
cue,bptt,measured,41,900,instantaneous,combined_core,8471,0.004027446358041183,0.0008017102352893205,0.25548708271362713,0.9684576277348418,0.7794949114210328,7959,8471,7959
cue,bptt,null,17,900,eligibility,input.weight,1024,0.0012424344115889304,0.000895965058829352,0.751913555597881,0.6599797113453522,0.84375,1024,1024,1024
cue,bptt,null,17,900,eligibility,input.bias,256,0.0037298444986171484,0.001723024314964282,0.6826800856104863,0.7633262675630255,0.75,256,256,256
cue,bptt,null,17,900,eligibility,edge_log_gain,6678,0.00011545109226070494,9.09092691068156e-05,0.857466260693187,0.5192852357437594,0.7698412698412699,6678,6678,6678
cue,bptt,null,17,900,eligibility,alpha_logit,256,2.79990256532986e-05,2.3400166554385368e-05,0.7371994320656868,0.682824338390152,0.81640625,256,256,256
cue,bptt,null,17,900,eligibility,beta_logit,256,3.3004370044818095e-05,3.30043700448181e-05,0.9999999999999998,1.930645635726898e-16,1.0,256,256,256
cue,bptt,null,17,900,eligibility,recurrent_logit,1,0.0008749559035140222,0.00016950878791233817,1.0,0.8062659075371087,1.0,1,1,1
cue,bptt,null,17,900,eligibility,combined_core,8471,0.004029408551219737,0.001951973554438454,0.684426452714506,0.7560147486489236,0.7865659308228072,8471,8471,8471
cue,bptt,null,17,900,instantaneous,input.weight,1024,0.0012424344115889304,0.000890157999874692,0.6908664456970246,0.7234353640925515,0.9140625,512,1024,512
cue,bptt,null,17,900,instantaneous,input.bias,256,0.0037298444986171484,0.00082353980750852,0.6337753904791094,0.8768578051865743,0.65234375,256,256,256
cue,bptt,null,17,900,instantaneous,edge_log_gain,6678,0.00011545109226070494,4.747310785000699e-05,0.797909881600114,0.7161612302206553,0.7181790955375861,6678,6678,6678
cue,bptt,null,17,900,instantaneous,alpha_logit,256,2.79990256532986e-05,2.044039479769975e-05,0.6136016738434592,0.7981545928737522,0.75,256,256,256
cue,bptt,null,17,900,instantaneous,beta_logit,256,3.3004370044818095e-05,3.073503271599033e-06,0.8706951921274484,0.9200579535481677,0.76953125,256,256,256
cue,bptt,null,17,900,instantaneous,recurrent_logit,1,0.0008749559035140222,8.875596261324241e-05,1.0,0.8985595019625809,1.0,1,1,1
cue,bptt,null,17,900,instantaneous,combined_core,8471,0.004029408551219737,0.0012170282052287324,0.5696064398032792,0.864373883056205,0.7313732881015202,7959,8471,7959
cue,bptt,null,29,900,eligibility,input.weight,1024,0.001534410372599277,0.0008781633866992916,0.6899501780388003,0.7333533928030391,0.810546875,1024,1024,1024
cue,bptt,null,29,900,eligibility,input.bias,256,0.0026397099767329645,0.001762307130562822,0.7498124510868744,0.6667367444320142,0.83984375,256,256,256
cue,bptt,null,29,900,eligibility,edge_log_gain,6678,0.00010200830608585802,9.918858299820098e-05,0.9123836140190684,0.41370648615086403,0.8703204552261156,6678,6678,6678
cue,bptt,null,29,900,eligibility,alpha_logit,256,3.323942603629656e-05,2.7730241888630068e-05,0.6797582019665771,0.7495324096878965,0.796875,256,256,256
cue,bptt,null,29,900,eligibility,beta_logit,256,4.1940320939275605e-05,4.1940320939275605e-05,1.0,2.0794150950940566e-16,1.0,256,256,256
cue,bptt,null,29,900,eligibility,recurrent_logit,1,0.00045714850053246817,0.00022173547716718717,1.0,0.5149596314787894,1.0,1,1,1
cue,bptt,null,29,900,eligibility,combined_core,8471,0.003089455979426979,0.001984547885499159,0.7389740188521637,0.6806257113670592,0.8638885609727305,8471,8471,8471
cue,bptt,null,29,900,instantaneous,input.weight,1024,0.001534410372599277,0.0008307421954411107,0.5018453556373756,0.8658616802366135,0.8515625,512,1024,512
cue,bptt,null,29,900,instantaneous,input.bias,256,0.0026397099767329645,0.0007409101062932025,0.6528460126209533,0.8439790668244225,0.8046875,256,256,256
cue,bptt,null,29,900,instantaneous,edge_log_gain,6678,0.00010200830608585802,4.0887697953379496e-05,0.8288266946409787,0.7044358919938111,0.7806229410002995,6678,6678,6678
cue,bptt,null,29,900,instantaneous,alpha_logit,256,3.323942603629656e-05,2.347871894361199e-05,0.6060109864668101,0.801759880499702,0.7578125,256,256,256
cue,bptt,null,29,900,instantaneous,beta_logit,256,4.1940320939275605e-05,3.4801704471590937e-06,0.807912597286295,0.9342407602555228,0.74609375,256,256,256
cue,bptt,null,29,900,instantaneous,recurrent_logit,1,0.00045714850053246817,7.778567250733232e-05,-1.0,1.170154058072444,0.0,1,1,1
cue,bptt,null,29,900,instantaneous,combined_core,8471,0.003089455979426979,0.0011168554774072794,0.546306815213452,0.8577297779313205,0.7840180927252167,7959,8471,7959
cue,bptt,null,41,900,eligibility,input.weight,1024,0.002829208172188393,0.0018707902113132577,0.7757744087843609,0.6413203763088319,0.7998046875,1024,1024,1024
cue,bptt,null,41,900,eligibility,input.bias,256,0.002662603128123181,0.002244135555466903,0.7444082981197971,0.6749400969370839,0.71875,256,256,256
cue,bptt,null,41,900,eligibility,edge_log_gain,6678,0.0002105694462375778,0.00015301215327791576,0.7862691082421085,0.6207529874185856,0.7704402515723271,6678,6678,6678
cue,bptt,null,41,900,eligibility,alpha_logit,256,7.614573724650887e-05,4.366670902138595e-05,0.6036530184441478,0.7978185967219709,0.8125,256,256,256
cue,bptt,null,41,900,eligibility,beta_logit,256,0.00013150248907747706,0.0001315024890774771,1.0,2.0647181252058703e-16,1.0,256,256,256
cue,bptt,null,41,900,eligibility,recurrent_logit,1,0.0006693015799458617,0.00030002654809703656,-1.0,1.4482681007884444,0.0,1,1,1
cue,bptt,null,41,900,eligibility,combined_core,8471,0.003950856802518935,0.002944253511635903,0.7219457239986979,0.6923409683521963,0.7805453901546453,8471,8471,8471
cue,bptt,null,41,900,instantaneous,input.weight,1024,0.002829208172188393,0.0016591978155596143,0.5002176065568771,0.8701832571831143,0.763671875,512,1024,512
cue,bptt,null,41,900,instantaneous,input.bias,256,0.002662603128123181,0.0015235129571577496,0.6190274482149953,0.7867647886742479,0.80078125,256,256,256
cue,bptt,null,41,900,instantaneous,edge_log_gain,6678,0.0002105694462375778,8.204718999102988e-05,0.7408987586958382,0.7579239445568968,0.7568134171907757,6678,6678,6678
cue,bptt,null,41,900,instantaneous,alpha_logit,256,7.614573724650887e-05,4.017924398280996e-05,0.47154184010060357,0.8836276435891255,0.734375,256,256,256
cue,bptt,null,41,900,instantaneous,beta_logit,256,0.00013150248907747706,9.976569569992039e-06,0.8499286759644626,0.936372923404516,0.79296875,256,256,256
cue,bptt,null,41,900,instantaneous,recurrent_logit,1,0.0006693015799458617,0.0005123843637976039,1.0,0.2344491942794316,1.0,1,1,1
cue,bptt,null,41,900,instantaneous,combined_core,8471,0.003950856802518935,0.002311928308365648,0.5712133340261292,0.8209203091313367,0.759140595552205,7959,8471,7959
cue,reservoir,measured,17,0,eligibility,input.weight,1024,0.665171671808976,0.502003687092151,0.7537461957223066,0.6571663246406351,0.798828125,1024,1024,1024
cue,reservoir,measured,17,0,eligibility,input.bias,256,1.94613318088178,1.0016454879606342,0.662388765805711,0.7635820425639238,0.8828125,256,256,256
cue,reservoir,measured,17,0,eligibility,edge_log_gain,6678,0.02181784857411836,0.012546500499869788,0.6813659634315526,0.7396229299567562,0.7987421383647799,6678,6678,6678
cue,reservoir,measured,17,0,eligibility,alpha_logit,256,0.013389606788380708,0.013106171262733798,0.9492199364303021,0.31600374593312686,0.921875,256,256,256
cue,reservoir,measured,17,0,eligibility,beta_logit,256,0.006923364425431528,0.006923364425431528,1.0,2.0968002992244783e-16,1.0,256,256,256
cue,reservoir,measured,17,0,eligibility,recurrent_logit,1,0.057826387216949444,0.005598061493189794,1.0,0.9031919204603369,1.0,1,1,1
cue,reservoir,measured,17,0,eligibility,combined_core,8471,2.057652748844195,1.1205845988025271,0.6694639631460206,0.7532666193580598,0.8111202927635462,8471,8471,8471
cue,reservoir,measured,17,0,instantaneous,input.weight,1024,0.665171671808976,0.4913666258578658,0.6848305633423544,0.7306912577579285,0.755859375,512,1024,512
cue,reservoir,measured,17,0,instantaneous,input.bias,256,1.94613318088178,0.47098847444219144,0.676274193598436,0.8551236578373068,0.8046875,256,256,256
cue,reservoir,measured,17,0,instantaneous,edge_log_gain,6678,0.02181784857411836,0.00580051176643142,0.5579317624423633,0.8797826813312518,0.7115902964959568,6678,6678,6678
cue,reservoir,measured,17,0,instantaneous,alpha_logit,256,0.013389606788380708,0.013656616532189586,0.8102465604982876,0.6224728966343595,0.8515625,256,256,256
cue,reservoir,measured,17,0,instantaneous,beta_logit,256,0.006923364425431528,0.0009427633609083235,0.4276102452798129,0.9497821600481282,0.5625,256,256,256
cue,reservoir,measured,17,0,instantaneous,recurrent_logit,1,0.057826387216949444,0.0021933009643485563,1.0,0.962070932148677,1.0,1,1,1
cue,reservoir,measured,17,0,instantaneous,combined_core,8471,2.057652748844195,0.6808062518426667,0.6025270472839123,0.8430665262904421,0.7171755245633874,7959,8471,7959
cue,reservoir,measured,29,0,eligibility,input.weight,1024,0.519019983615001,0.20402330574604383,0.3504468052243283,0.9375530730384196,0.765625,1024,1024,1024
cue,reservoir,measured,29,0,eligibility,input.bias,256,0.637153762716647,0.37253906975157003,0.7281929644212306,0.7002337969081489,0.8203125,256,256,256
cue,reservoir,measured,29,0,eligibility,edge_log_gain,6678,0.014827946328139446,0.008062866663363134,0.6214296250167319,0.7873103297807416,0.7469302186283319,6678,6678,6678
cue,reservoir,measured,29,0,eligibility,alpha_logit,256,0.00787572797560538,0.006428257252264642,0.8669097376615851,0.5010367752339251,0.890625,256,256,256
cue,reservoir,measured,29,0,eligibility,beta_logit,256,0.004187218597985502,0.004187218597985502,1.0,2.565062535651314e-16,1.0,256,256,256
cue,reservoir,measured,29,0,eligibility,recurrent_logit,1,0.06535901012495612,0.00012031098241967447,1.0,0.9981592288165066,1.0,1,1,1
cue,reservoir,measured,29,0,eligibility,combined_core,8471,0.824571336406532,0.42489380716052016,0.5996782827236533,0.8046783511255686,0.7634281666863416,8471,8471,8471
cue,reservoir,measured,29,0,instantaneous,input.weight,1024,0.519019983615001,0.1872458288671055,0.3014143377465449,0.9553388197360497,0.880859375,512,1024,512
cue,reservoir,measured,29,0,instantaneous,input.bias,256,0.637153762716647,0.15555025210702747,0.6929086861191956,0.8492803892954377,0.828125,256,256,256
cue,reservoir,measured,29,0,instantaneous,edge_log_gain,6678,0.014827946328139446,0.003218299803913537,0.4820010189311818,0.9153566771572789,0.631476489967056,6678,6678,6678
cue,reservoir,measured,29,0,instantaneous,alpha_logit,256,0.00787572797560538,0.0060401119903820515,0.5859223547894473,0.8303359798532235,0.78515625,256,256,256
cue,reservoir,measured,29,0,instantaneous,beta_logit,256,0.004187218597985502,0.000499098286707673,0.42773419895677317,0.955112289061922,0.546875,256,256,256
cue,reservoir,measured,29,0,instantaneous,recurrent_logit,1,0.06535901012495612,0.006953359894731014,1.0,0.8936128334649303,1.0,1,1,1
cue,reservoir,measured,29,0,instantaneous,combined_core,8471,0.824571336406532,0.24362331595744058,0.4901951983871819,0.8931027965334067,0.6561125769569042,7959,8471,7959
cue,reservoir,measured,41,0,eligibility,input.weight,1024,1.4339779917889077,0.3797784153117274,0.24309063938974382,0.9702474362167558,0.7529296875,1024,1024,1024
cue,reservoir,measured,41,0,eligibility,input.bias,256,2.4909678052115938,0.582687132442392,0.5980649226154187,0.880295342222168,0.8203125,256,256,256
cue,reservoir,measured,41,0,eligibility,edge_log_gain,6678,0.023318074118226378,0.008029074790549266,0.4076960598412296,0.915313817807501,0.7604073075771189,6678,6678,6678
cue,reservoir,measured,41,0,eligibility,alpha_logit,256,0.009714404379335875,0.007959364282064738,0.8337187857049131,0.5523765399070523,0.83984375,256,256,256
cue,reservoir,measured,41,0,eligibility,beta_logit,256,0.004560498495260591,0.004560498495260591,1.0,1.9920207595392604e-16,1.0,256,256,256
cue,reservoir,measured,41,0,eligibility,recurrent_logit,1,0.16838120170616003,0.01560937262815794,1.0,0.9072974152102936,1.0,1,1,1
cue,reservoir,measured,41,0,eligibility,combined_core,8471,2.87927501586826,0.695807593543475,0.5007632633904183,0.9035321225084603,0.7709833549757998,8471,8471,8471
cue,reservoir,measured,41,0,instantaneous,input.weight,1024,1.4339779917889077,0.3755294667538673,0.24521791409976032,0.9696111507622995,0.76953125,512,1024,512
cue,reservoir,measured,41,0,instantaneous,input.bias,256,2.4909678052115938,0.3546452134722497,0.6695415542944969,0.9108355292608731,0.8046875,256,256,256
cue,reservoir,measured,41,0,instantaneous,edge_log_gain,6678,0.023318074118226378,0.005080440897434794,0.39861698098477505,0.9347576829811036,0.692722371967655,6678,6678,6678
cue,reservoir,measured,41,0,instantaneous,alpha_logit,256,0.009714404379335875,0.008142121120282432,0.7730915346016415,0.6376221377039974,0.8203125,256,256,256
cue,reservoir,measured,41,0,instantaneous,beta_logit,256,0.004560498495260591,0.0005526987423032339,0.42508543372359914,0.954805330305694,0.61328125,256,256,256
cue,reservoir,measured,41,0,instantaneous,recurrent_logit,1,0.16838120170616003,0.025325614248367316,1.0,0.8495935770041436,1.0,1,1,1
cue,reservoir,measured,41,0,instantaneous,combined_core,8471,2.87927501586826,0.5172324478106815,0.4887703770191788,0.9255621099379332,0.7028521171001382,7959,8471,7959
cue,reservoir,null,17,0,eligibility,input.weight,1024,0.5678784980259866,0.451931296991585,0.8066004054495222,0.5911953301510324,0.7978515625,1024,1024,1024
cue,reservoir,null,17,0,eligibility,input.bias,256,0.9557048307215167,0.8807020260936547,0.8837900562572674,0.4694025532590717,0.8828125,256,256,256
cue,reservoir,null,17,0,eligibility,edge_log_gain,6678,0.010714903514331806,0.007557465731447346,0.7297986426202739,0.6841001448467133,0.7512728361784966,6678,6678,6678
cue,reservoir,null,17,0,eligibility,alpha_logit,256,0.01234909485110811,0.01246027378397651,0.9793205479565332,0.20448059189784729,0.90625,256,256,256
cue,reservoir,null,17,0,eligibility,beta_logit,256,0.0038819318014191935,0.003881931801419194,0.9999999999999999,2.4785933590847403e-16,1.0,256,256,256
cue,reservoir,null,17,0,eligibility,recurrent_logit,1,0.01146158719446312,0.0019850790462105166,1.0,0.8268059202856763,1.0,1,1,1
cue,reservoir,null,17,0,eligibility,combined_core,8471,1.1118774476808053,0.9900047169636869,0.8640667495307972,0.5040650486518012,0.7731082516822099,8471,8471,8471
cue,reservoir,null,17,0,instantaneous,input.weight,1024,0.5678784980259866,0.4405296416597894,0.7103682238418616,0.7068601551436419,0.771484375,512,1024,512
cue,reservoir,null,17,0,instantaneous,input.bias,256,0.9557048307215167,0.416680801150474,0.8002868937714556,0.7016058635337726,0.8515625,256,256,256
cue,reservoir,null,17,0,instantaneous,edge_log_gain,6678,0.010714903514331806,0.0037909958207339887,0.4982249169724519,0.8789930554874192,0.681790955375861,6678,6678,6678
cue,reservoir,null,17,0,instantaneous,alpha_logit,256,0.01234909485110811,0.012818899590994555,0.8605864313700444,0.5393348323531196,0.83984375,256,256,256
cue,reservoir,null,17,0,instantaneous,beta_logit,256,0.0038819318014191935,0.0007427136055197966,-0.10804470901918221,1.0382432406722237,0.52734375,256,256,256
cue,reservoir,null,17,0,instantaneous,recurrent_logit,1,0.01146158719446312,0.0036327564371029034,-1.0,1.3169505562770416,0.0,1,1,1
cue,reservoir,null,17,0,instantaneous,combined_core,8471,1.1118774476808053,0.6065325214752881,0.7362488850144047,0.7030800515455518,0.693051890941073,7959,8471,7959
cue,reservoir,null,29,0,eligibility,input.weight,1024,0.3158453854513188,0.2642408058937078,0.8150907503372855,0.5797329879643153,0.8193359375,1024,1024,1024
cue,reservoir,null,29,0,eligibility,input.bias,256,0.7167528301803092,0.4807765058963814,0.7267795873282012,0.6891505441455491,0.765625,256,256,256
cue,reservoir,null,29,0,eligibility,edge_log_gain,6678,0.008552532572764858,0.006794604318432395,0.7698683664434031,0.6386761407045386,0.7657981431566337,6678,6678,6678
cue,reservoir,null,29,0,eligibility,alpha_logit,256,0.008782489685596404,0.00810143624624296,0.9505824869271269,0.31174378730601826,0.8828125,256,256,256
cue,reservoir,null,29,0,eligibility,beta_logit,256,0.004249369189064149,0.004249369189064149,1.0,2.2590862964464864e-16,1.0,256,256,256
cue,reservoir,null,29,0,eligibility,recurrent_logit,1,0.032329943155829495,0.007584111950050754,1.0,0.7654152401847559,1.0,1,1,1
cue,reservoir,null,29,0,eligibility,combined_core,8471,0.7840321979254583,0.5487773937863708,0.7410631832692612,0.6726932997989075,0.7829063864951009,8471,8471,8471
cue,reservoir,null,29,0,instantaneous,input.weight,1024,0.3158453854513188,0.23680048005588156,0.6096088609870562,0.8049922332912727,0.81640625,512,1024,512
cue,reservoir,null,29,0,instantaneous,input.bias,256,0.7167528301803092,0.20677628394895237,0.6892354021349184,0.8279801610371817,0.7890625,256,256,256
cue,reservoir,null,29,0,instantaneous,edge_log_gain,6678,0.008552532572764858,0.0026155721860090333,0.4964489234890747,0.8887498061669898,0.6669661575321952,6678,6678,6678
cue,reservoir,null,29,0,instantaneous,alpha_logit,256,0.008782489685596404,0.007684688400823214,0.6683468028611581,0.7720223844624524,0.80859375,256,256,256
cue,reservoir,null,29,0,instantaneous,beta_logit,256,0.004249369189064149,0.00039701210247992144,-0.23536511950494748,1.0260158338521166,0.484375,256,256,256
cue,reservoir,null,29,0,instantaneous,recurrent_logit,1,0.032329943155829495,0.003048891767028606,1.0,0.9056944903264127,1.0,1,1,1
cue,reservoir,null,29,0,instantaneous,combined_core,8471,0.7840321979254583,0.31449363741056585,0.5998151568479047,0.8244393269254598,0.6792310591782887,7959,8471,7959
cue,reservoir,null,41,0,eligibility,input.weight,1024,0.4060155726378395,0.3832728687722014,0.9415014928289861,0.3370179668365638,0.8232421875,1024,1024,1024
cue,reservoir,null,41,0,eligibility,input.bias,256,0.7030568165227771,0.5722715000098537,0.8762323539548618,0.4858937058675111,0.875,256,256,256
cue,reservoir,null,41,0,eligibility,edge_log_gain,6678,0.00717897664604188,0.005463330309961892,0.766869932188723,0.641829223736528,0.793351302785265,6678,6678,6678
cue,reservoir,null,41,0,eligibility,alpha_logit,256,0.009740786898979288,0.008916471358279214,0.8671212000950977,0.5004290551028561,0.8671875,256,256,256
cue,reservoir,null,41,0,eligibility,beta_logit,256,0.0030911071856217446,0.0030911071856217446,1.0,2.56320597925712e-16,1.0,256,256,256
cue,reservoir,null,41,0,eligibility,recurrent_logit,1,0.006584161099988043,0.0018648464636904882,1.0,0.7167677954152922,1.0,1,1,1
cue,reservoir,null,41,0,eligibility,combined_core,8471,0.811995602968202,0.6888505975143859,0.8924415632758214,0.4533130925452865,0.8079329477039311,8471,8471,8471
cue,reservoir,null,41,0,instantaneous,input.weight,1024,0.4060155726378395,0.3802407094826496,0.8152874779615233,0.5916105633992866,0.84375,512,1024,512
cue,reservoir,null,41,0,instantaneous,input.bias,256,0.7030568165227771,0.34037104068805607,0.8373222653935036,0.6508733021281223,0.875,256,256,256
cue,reservoir,null,41,0,instantaneous,edge_log_gain,6678,0.00717897664604188,0.00318533630683662,0.5606391143930207,0.8362761182773822,0.6861335729260257,6678,6678,6678
cue,reservoir,null,41,0,instantaneous,alpha_logit,256,0.009740786898979288,0.009357337194702884,0.8329484240243853,0.5678914416373753,0.828125,256,256,256
cue,reservoir,null,41,0,instantaneous,beta_logit,256,0.0030911071856217446,0.0005196032123529489,-0.29945209041638987,1.0625110828661841,0.51953125,256,256,256
cue,reservoir,null,41,0,instantaneous,recurrent_logit,1,0.006584161099988043,0.0017778754188581135,1.0,0.7299769261627965,1.0,1,1,1
cue,reservoir,null,41,0,instantaneous,combined_core,8471,0.811995602968202,0.510427839603411,0.7873723109227988,0.6365929590379403,0.701595677848976,7959,8471,7959
cue,reservoir,measured,17,300,eligibility,input.weight,1024,1.0649352884346264,0.17453422581429337,0.1911713042789363,0.9819356905974274,0.7568359375,1024,1024,1024
cue,reservoir,measured,17,300,eligibility,input.bias,256,0.6287384635919135,0.263046733198473,0.4545090376643452,0.8914748461057362,0.8203125,256,256,256
cue,reservoir,measured,17,300,eligibility,edge_log_gain,6678,0.020467879919992344,0.003983606452506273,0.3783908988735127,0.9437104531575632,0.6470500149745433,6678,6678,6678
cue,reservoir,measured,17,300,eligibility,alpha_logit,256,0.006626568240482981,0.004021652071117048,0.6398148883920952,0.7692336573572686,0.8515625,256,256,256
cue,reservoir,measured,17,300,eligibility,beta_logit,256,0.0009707825683614652,0.0009707825683614651,1.0,2.673156963285821e-16,1.0,256,256,256
cue,reservoir,measured,17,300,eligibility,recurrent_logit,1,0.12651321554749087,0.02197703201896541,1.0,0.8262866695478497,1.0,1,1,1
cue,reservoir,measured,17,300,eligibility,combined_core,8471,1.243329644863052,0.3164992179893825,0.2885088719917646,0.9580789676822228,0.682445992208712,8471,8471,8471
cue,reservoir,measured,17,300,instantaneous,input.weight,1024,1.0649352884346264,0.18685252361055685,0.15990971397256157,0.9872541035235664,0.8515625,512,1024,512
cue,reservoir,measured,17,300,instantaneous,input.bias,256,0.6287384635919135,0.1622121160413786,0.46024384120680056,0.9105381523122432,0.8203125,256,256,256
cue,reservoir,measured,17,300,instantaneous,edge_log_gain,6678,0.020467879919992344,0.002334719785323095,0.37269858569666425,0.963320198804024,0.6355196166516921,6678,6678,6678
cue,reservoir,measured,17,300,instantaneous,alpha_logit,256,0.006626568240482981,0.004313098354297281,0.6214942545605558,0.7839696374583981,0.83203125,256,256,256
cue,reservoir,measured,17,300,instantaneous,beta_logit,256,0.0009707825683614652,0.00012737993940411396,0.6365393517525855,0.922047559859407,0.5625,256,256,256
cue,reservoir,measured,17,300,instantaneous,recurrent_logit,1,0.12651321554749087,0.013776518664384153,1.0,0.8911060903419005,1.0,1,1,1
cue,reservoir,measured,17,300,instantaneous,combined_core,8471,1.243329644863052,0.24787193991314188,0.26132920356679934,0.9672368148066235,0.6593793190099259,7959,8471,7959
cue,reservoir,measured,29,300,eligibility,input.weight,1024,0.6574829498045994,0.17972777967976228,0.2831611914981674,0.9591224402801153,0.6787109375,1024,1024,1024
cue,reservoir,measured,29,300,eligibility,input.bias,256,0.9541637889627498,0.2753747030132245,0.5884451157140278,0.8623442077610209,0.8203125,256,256,256
cue,reservoir,measured,29,300,eligibility,edge_log_gain,6678,0.013012205847368044,0.0018721770800776841,0.37289953578437474,0.955717822488197,0.6936208445642408,6678,6678,6678
cue,reservoir,measured,29,300,eligibility,alpha_logit,256,0.004452904922586344,0.003210369318912435,0.6143281557292956,0.7962232163763048,0.859375,256,256,256
cue,reservoir,measured,29,300,eligibility,beta_logit,256,0.00034450146979110764,0.0003445014697911077,1.0,2.447686435323134e-16,1.0,256,256,256
cue,reservoir,measured,29,300,eligibility,recurrent_logit,1,0.11324504028802033,0.01594017346891901,1.0,0.859241751970967,1.0,1,1,1
cue,reservoir,measured,29,300,eligibility,combined_core,8471,1.1643565043172444,0.3292435590530263,0.49535872445653184,0.8943233522888867,0.7099515995750206,8471,8471,8471
cue,reservoir,measured,29,300,instantaneous,input.weight,1024,0.6574829498045994,0.18288496412560873,0.2636508694000485,0.9647272734657752,0.76953125,512,1024,512
cue,reservoir,measured,29,300,instantaneous,input.bias,256,0.9541637889627498,0.1787197411996074,0.5967142511993201,0.9008595660954251,0.8203125,256,256,256
cue,reservoir,measured,29,300,instantaneous,edge_log_gain,6678,0.013012205847368044,0.001373160021041432,0.3421291437745356,0.9689826936822555,0.6621743036837376,6678,6678,6678
cue,reservoir,measured,29,300,instantaneous,alpha_logit,256,0.004452904922586344,0.003305723442953882,0.6057756291583397,0.807276385009351,0.8515625,256,256,256
cue,reservoir,measured,29,300,instantaneous,beta_logit,256,0.00034450146979110764,6.757358018944789e-05,0.530541494755723,0.9112322085191586,0.6171875,256,256,256
cue,reservoir,measured,29,300,instantaneous,recurrent_logit,1,0.11324504028802033,0.01155777669699979,1.0,0.8979401069785973,1.0,1,1,1
cue,reservoir,measured,29,300,instantaneous,combined_core,8471,1.1643565043172444,0.2559962033741342,0.45218345031033064,0.9216854130516642,0.67885412740294,7959,8471,7959
cue,reservoir,measured,41,300,eligibility,input.weight,1024,0.6614552236360616,0.12584440328315755,0.18316127542949656,0.9831084639068617,0.6845703125,1024,1024,1024
cue,reservoir,measured,41,300,eligibility,input.bias,256,1.7385864199891343,0.19245118496180633,0.6744880666853592,0.9289400049571884,0.76953125,256,256,256
cue,reservoir,measured,41,300,eligibility,edge_log_gain,6678,0.009632521667351629,0.0008689996773025026,0.24317445979331062,0.9819687995756814,0.6750524109014675,6678,6678,6678
cue,reservoir,measured,41,300,eligibility,alpha_logit,256,0.0024628799447046065,0.0018146346340352573,0.6746751860935905,0.7407240467794917,0.87890625,256,256,256
cue,reservoir,measured,41,300,eligibility,beta_logit,256,0.00019712640416008547,0.0001971264041600855,1.0,3.4861154372347044e-16,1.0,256,256,256
cue,reservoir,measured,41,300,eligibility,recurrent_logit,1,0.03354097151715795,0.003297024787028861,1.0,0.9017015716034862,1.0,1,1,1
cue,reservoir,measured,41,300,eligibility,combined_core,8471,1.860491773571305,0.22997658515913544,0.56335184341824,0.9359524686204009,0.6950773226301499,8471,8471,8471
cue,reservoir,measured,41,300,instantaneous,input.weight,1024,0.6614552236360616,0.13051456600697556,0.1561155574265258,0.9885976269794498,0.796875,512,1024,512
cue,reservoir,measured,41,300,instantaneous,input.bias,256,1.7385864199891343,0.12275115223148364,0.7091201869115531,0.9512368180083126,0.79296875,256,256,256
cue,reservoir,measured,41,300,instantaneous,edge_log_gain,6678,0.009632521667351629,0.0007231619078046352,0.23058059724971308,0.9854007143558505,0.666367175801138,6678,6678,6678
cue,reservoir,measured,41,300,instantaneous,alpha_logit,256,0.0024628799447046065,0.001947262385654839,0.6458701960654575,0.7770529438432301,0.84375,256,256,256
cue,reservoir,measured,41,300,instantaneous,beta_logit,256,0.00019712640416008547,5.2987066177853276e-05,0.16706698771605188,0.9911799532415768,0.5390625,256,256,256
cue,reservoir,measured,41,300,instantaneous,recurrent_logit,1,0.03354097151715795,0.0019496634680740905,1.0,0.9418721825908729,1.0,1,1,1
cue,reservoir,measured,41,300,instantaneous,combined_core,8471,1.860491773571305,0.17919267871025724,0.49457099359652723,0.9560374573225896,0.6804874984294509,7959,8471,7959
cue,reservoir,null,17,300,eligibility,input.weight,1024,1.4847425448952893,1.0273860544178874,0.7461375367983006,0.6679923043963364,0.76171875,1024,1024,1024
cue,reservoir,null,17,300,eligibility,input.bias,256,1.6066187071958762,1.3195162814034225,0.7877638977342859,0.6168895570993637,0.83203125,256,256,256
cue,reservoir,null,17,300,eligibility,edge_log_gain,6678,0.03283553346141221,0.023113891679489653,0.7336295254403471,0.6801983733767183,0.7285115303983228,6678,6678,6678
cue,reservoir,null,17,300,eligibility,alpha_logit,256,0.03455001478879057,0.028329233199376275,0.9403128681236355,0.36096992725090815,0.87890625,256,256,256
cue,reservoir,null,17,300,eligibility,beta_logit,256,0.014113278398887612,0.01411327839888761,1.0,2.56200519014079e-16,1.0,256,256,256
cue,reservoir,null,17,300,eligibility,recurrent_logit,1,0.09830451245451961,0.05651697254035283,1.0,0.4250826220566396,1.0,1,1,1
cue,reservoir,null,17,300,eligibility,combined_core,8471,2.1903924151871905,1.6737310034636979,0.7679549255666952,0.6405153469856391,0.7484358399244481,8471,8471,8471
cue,reservoir,null,17,300,instantaneous,input.weight,1024,1.4847425448952893,0.8740951419434109,0.5064288471129785,0.866199388561969,0.83203125,512,1024,512
cue,reservoir,null,17,300,instantaneous,input.bias,256,1.6066187071958762,0.7840845957800917,0.7667665744425539,0.6998291605294538,0.84765625,256,256,256
cue,reservoir,null,17,300,instantaneous,edge_log_gain,6678,0.03283553346141221,0.007406232214855803,0.37401941510739434,0.9392289592605012,0.6406109613656783,6678,6678,6678
cue,reservoir,null,17,300,instantaneous,alpha_logit,256,0.03455001478879057,0.024328729506851166,0.5435658072294497,0.8545914960739458,0.79296875,256,256,256
cue,reservoir,null,17,300,instantaneous,beta_logit,256,0.014113278398887612,0.0012416462484600133,-0.6911328293388433,1.0627077671529046,0.421875,256,256,256
cue,reservoir,null,17,300,instantaneous,recurrent_logit,1,0.09830451245451961,0.009359996650707424,1.0,0.9047856866688819,1.0,1,1,1
cue,reservoir,null,17,300,instantaneous,combined_core,8471,2.1903924151871905,1.174549641814447,0.631477378241799,0.7812226146959428,0.6574946601331826,7959,8471,7959
cue,reservoir,null,29,300,eligibility,input.weight,1024,3.9572754426822736,1.0463444481780015,0.3550086742260897,0.939242728922933,0.751953125,1024,1024,1024
cue,reservoir,null,29,300,eligibility,input.bias,256,7.15823352416082,1.8494982048615685,0.674737009119484,0.8474010260235886,0.79296875,256,256,256
cue,reservoir,null,29,300,eligibility,edge_log_gain,6678,0.08571704641065553,0.010959866966357455,0.2932335498726543,0.9702382009879765,0.6769991015274034,6678,6678,6678
cue,reservoir,null,29,300,eligibility,alpha_logit,256,0.02500380003213929,0.020600588510236904,0.7459550087844684,0.6705417828712062,0.7890625,256,256,256
cue,reservoir,null,29,300,eligibility,beta_logit,256,0.00718581804676711,0.00718581804676711,1.0,2.8529413778939564e-16,1.0,256,256,256
cue,reservoir,null,29,300,eligibility,recurrent_logit,1,0.21126382354027792,0.04103403583274899,1.0,0.8057687532814829,1.0,1,1,1
cue,reservoir,null,29,300,eligibility,combined_core,8471,8.182480843659532,2.1255023512166953,0.5986869538405079,0.8697376967340176,0.7027505607366309,8471,8471,8471
cue,reservoir,null,29,300,instantaneous,input.weight,1024,3.9572754426822736,1.0222277105291977,0.27181065730341736,0.962445360188081,0.810546875,512,1024,512
cue,reservoir,null,29,300,instantaneous,input.bias,256,7.15823352416082,1.0112288376600194,0.6764303702045333,0.9104069369717835,0.79296875,256,256,256
cue,reservoir,null,29,300,instantaneous,edge_log_gain,6678,0.08571704641065553,0.005656466340193385,-0.05679245358226874,1.005907621840243,0.5747229709493861,6678,6678,6678
cue,reservoir,null,29,300,instantaneous,alpha_logit,256,0.02500380003213929,0.02001995669656239,0.6712776723788662,0.7524163473218867,0.75390625,256,256,256
cue,reservoir,null,29,300,instantaneous,beta_logit,256,0.00718581804676711,0.0011581440377665291,-0.2804191994311169,1.0565826042074522,0.45703125,256,256,256
cue,reservoir,null,29,300,instantaneous,recurrent_logit,1,0.21126382354027792,0.012733073932085988,1.0,0.9397290377561571,1.0,1,1,1
cue,reservoir,null,29,300,instantaneous,combined_core,8471,8.182480843659532,1.4380992737067773,0.5098019623100783,0.9228707194792849,0.5989445910290238,7959,8471,7959
cue,reservoir,null,41,300,eligibility,input.weight,1024,2.444080565058566,0.8351219080537702,0.41183791511056156,0.9139529697582474,0.7353515625,1024,1024,1024
cue,reservoir,null,41,300,eligibility,input.bias,256,1.2254212143834968,1.0519229088685627,0.9133466892813877,0.4108710875143133,0.85546875,256,256,256
cue,reservoir,null,41,300,eligibility,edge_log_gain,6678,0.042545892645998014,0.013292635088260259,0.36757456048926135,0.9316275051733119,0.7082958969751423,6678,6678,6678
cue,reservoir,null,41,300,eligibility,alpha_logit,256,0.01703855388492191,0.014994150656801368,0.8688483467486899,0.49520420243622404,0.890625,256,256,256
cue,reservoir,null,41,300,eligibility,beta_logit,256,0.01202751675983865,0.01202751675983865,0.9999999999999998,2.473307577759501e-16,1.0,256,256,256
cue,reservoir,null,41,300,eligibility,recurrent_logit,1,0.09026273592396458,0.025208595287174673,1.0,0.7207197961691538,1.0,1,1,1
cue,reservoir,null,41,300,eligibility,combined_core,8471,2.735978700412989,1.3435594741771333,0.549736174140445,0.8373958175894131,0.7303742179199623,8471,8471,8471
cue,reservoir,null,41,300,instantaneous,input.weight,1024,2.444080565058566,0.6557972364361666,0.2682128217895688,0.9633596907958306,0.87109375,512,1024,512
cue,reservoir,null,41,300,instantaneous,input.bias,256,1.2254212143834968,0.6254095002203842,0.8576256942463454,0.6205397897856335,0.87109375,256,256,256
cue,reservoir,null,41,300,instantaneous,edge_log_gain,6678,0.042545892645998014,0.0037639492268533832,0.11952629710047588,0.9933167084539059,0.5904462413896376,6678,6678,6678
cue,reservoir,null,41,300,instantaneous,alpha_logit,256,0.01703855388492191,0.014735527313284227,0.7738411165559564,0.639882568670278,0.8125,256,256,256
cue,reservoir,null,41,300,instantaneous,beta_logit,256,0.01202751675983865,0.0011500581981972852,-0.6611130732837965,1.065632590736332,0.36328125,256,256,256
cue,reservoir,null,41,300,instantaneous,recurrent_logit,1,0.09026273592396458,0.0067563818554532695,1.0,0.9251476061932723,1.0,1,1,1
cue,reservoir,null,41,300,instantaneous,combined_core,8471,2.735978700412989,0.9063582805336106,0.43874396406836075,0.9050157749434149,0.6174142480211082,7959,8471,7959
cue,reservoir,measured,17,600,eligibility,input.weight,1024,1.4751171725481205,0.26711597215585886,0.20519146406352176,0.9790187783787906,0.732421875,1024,1024,1024
cue,reservoir,measured,17,600,eligibility,input.bias,256,1.6560903633223933,0.41213883497257126,0.4663001040949411,0.9109573602930667,0.82421875,256,256,256
cue,reservoir,measured,17,600,eligibility,edge_log_gain,6678,0.027461587960512575,0.005403804648357325,0.3665518930491847,0.9457606867007394,0.6412099430967355,6678,6678,6678
cue,reservoir,measured,17,600,eligibility,alpha_logit,256,0.009061303114330253,0.005521742607327002,0.65894938562699,0.7538190806092139,0.84375,256,256,256
cue,reservoir,measured,17,600,eligibility,beta_logit,256,0.0011594250428225519,0.0011594250428225517,1.0,2.362363666938005e-16,1.0,256,256,256
cue,reservoir,measured,17,600,eligibility,recurrent_logit,1,0.15921503087870056,0.02752589005510753,1.0,0.8271150035069341,1.0,1,1,1
cue,reservoir,measured,17,600,eligibility,combined_core,8471,2.223689047638455,0.49196348595111505,0.36892141990600613,0.9411203512148133,0.6747727541022311,8471,8471,8471
cue,reservoir,measured,17,600,instantaneous,input.weight,1024,1.4751171725481205,0.2789751538192465,0.17623913688783466,0.9844316637664448,0.79296875,512,1024,512
cue,reservoir,measured,17,600,instantaneous,input.bias,256,1.6560903633223933,0.25844231992267264,0.48590424755363903,0.9341826025426755,0.82421875,256,256,256
cue,reservoir,measured,17,600,instantaneous,edge_log_gain,6678,0.027461587960512575,0.0031289640065680258,0.3602165074767905,0.9648297016271227,0.6437556154537286,6678,6678,6678
cue,reservoir,measured,17,600,instantaneous,alpha_logit,256,0.009061303114330253,0.005848786015301019,0.6360556835226119,0.7717005696297703,0.85546875,256,256,256
cue,reservoir,measured,17,600,instantaneous,beta_logit,256,0.0011594250428225519,0.0001821821049644745,0.5852019230574803,0.9169422357240461,0.53125,256,256,256
cue,reservoir,measured,17,600,instantaneous,recurrent_logit,1,0.15921503087870056,0.01729578899329687,1.0,0.891368365801632,1.0,1,1,1
cue,reservoir,measured,17,600,instantaneous,combined_core,8471,2.223689047638455,0.3807397344595287,0.33463013949714493,0.9564128753581645,0.6623947732127151,7959,8471,7959
cue,reservoir,measured,29,600,eligibility,input.weight,1024,1.2313185748895352,0.44433080226061117,0.37243696260854586,0.9281297258218967,0.7060546875,1024,1024,1024
cue,reservoir,measured,29,600,eligibility,input.bias,256,3.449063549807888,0.6958083749487521,0.6003064758085629,0.8935819433018788,0.7734375,256,256,256
cue,reservoir,measured,29,600,eligibility,edge_log_gain,6678,0.024054980976536765,0.003655866861515698,0.4031560205195767,0.9489756621908488,0.6985624438454627,6678,6678,6678
cue,reservoir,measured,29,600,eligibility,alpha_logit,256,0.009131202499025054,0.0073508868730115424,0.6696669298509556,0.7548968229931045,0.85546875,256,256,256
cue,reservoir,measured,29,600,eligibility,beta_logit,256,0.0007902743097500665,0.0007902743097500664,0.9999999999999998,2.1821868627782967e-16,1.0,256,256,256
cue,reservoir,measured,29,600,eligibility,recurrent_logit,1,0.2567496512629311,0.03760333086269406,1.0,0.8535408687890079,1.0,1,1,1
cue,reservoir,measured,29,600,eligibility,combined_core,8471,3.6713441451881574,0.8264751614006102,0.5451611068757009,0.8973454110266685,0.7156179907921143,8471,8471,8471
cue,reservoir,measured,29,600,instantaneous,input.weight,1024,1.2313185748895352,0.44855329411049333,0.35240908188608017,0.9359214298596983,0.748046875,512,1024,512
cue,reservoir,measured,29,600,instantaneous,input.bias,256,3.449063549807888,0.44334049913803153,0.6144579449448111,0.9265842018695934,0.7734375,256,256,256
cue,reservoir,measured,29,600,instantaneous,edge_log_gain,6678,0.024054980976536765,0.002667078842395018,0.37494936597227196,0.9639235554638765,0.6630727762803235,6678,6678,6678
cue,reservoir,measured,29,600,instantaneous,alpha_logit,256,0.009131202499025054,0.00754492892225417,0.6675393556155648,0.7613079294089148,0.84375,256,256,256
cue,reservoir,measured,29,600,instantaneous,beta_logit,256,0.0007902743097500665,0.0001852418389668462,0.3704975687204954,0.9387510687617392,0.65625,256,256,256
cue,reservoir,measured,29,600,instantaneous,recurrent_logit,1,0.2567496512629311,0.025672095510076307,1.0,0.9000111767093067,1.0,1,1,1
cue,reservoir,measured,29,600,instantaneous,combined_core,8471,3.6713441451881574,0.6312479591236273,0.49228075620107975,0.9275119258086829,0.6777233320768941,7959,8471,7959
cue,reservoir,measured,41,600,eligibility,input.weight,1024,0.903209392208154,0.1736708979124096,0.1841203973991904,0.9829375823672114,0.7333984375,1024,1024,1024
cue,reservoir,measured,41,600,eligibility,input.bias,256,2.5520277741435495,0.271886306333781,0.6202972080273438,0.9376462836776193,0.75,256,256,256
cue,reservoir,measured,41,600,eligibility,edge_log_gain,6678,0.013387813003373168,0.001196566015742593,0.2513270001856326,0.9813574567906821,0.6963162623539982,6678,6678,6678
cue,reservoir,measured,41,600,eligibility,alpha_logit,256,0.0035135088308034545,0.0027154848984820455,0.7100503340951929,0.706947529496151,0.87890625,256,256,256
cue,reservoir,measured,41,600,eligibility,beta_logit,256,0.00025445181259010213,0.00025445181259010213,0.9999999999999996,2.8786352438707363e-16,1.0,256,256,256
cue,reservoir,measured,41,600,eligibility,recurrent_logit,1,0.034146596738033885,0.0023398261529292376,1.0,0.9314770320778984,1.0,1,1,1
cue,reservoir,measured,41,600,eligibility,combined_core,8471,2.7073955380159975,0.3226423554249253,0.5258862416360808,0.9427943319788292,0.7171526384134105,8471,8471,8471
cue,reservoir,measured,41,600,instantaneous,input.weight,1024,0.903209392208154,0.18074485485077507,0.15620164769793612,0.9887008349171494,0.779296875,512,1024,512
cue,reservoir,measured,41,600,instantaneous,input.bias,256,2.5520277741435495,0.16883860709394413,0.6555935890280621,0.9579303951595668,0.75,256,256,256
cue,reservoir,measured,41,600,instantaneous,edge_log_gain,6678,0.013387813003373168,0.0009974710512968598,0.23089666686123575,0.9854667936168672,0.6687631027253669,6678,6678,6678
cue,reservoir,measured,41,600,instantaneous,alpha_logit,256,0.0035135088308034545,0.0029198850069855503,0.6905969617242875,0.7367506855865639,0.84375,256,256,256
cue,reservoir,measured,41,600,instantaneous,beta_logit,256,0.00025445181259010213,7.459462331490892e-05,0.1176363232664428,1.0084491102852557,0.546875,256,256,256
cue,reservoir,measured,41,600,instantaneous,recurrent_logit,1,0.034146596738033885,0.0007596622706708617,1.0,0.977752914104476,1.0,1,1,1
cue,reservoir,measured,41,600,instantaneous,combined_core,8471,2.7073955380159975,0.24735658699239563,0.4599409045939072,0.9614072060864297,0.6802362105792185,7959,8471,7959
cue,reservoir,null,17,600,eligibility,input.weight,1024,2.5849748012754867,1.0519801133973252,0.48025099435707563,0.8801878334303563,0.7744140625,1024,1024,1024
cue,reservoir,null,17,600,eligibility,input.bias,256,2.5569055720371523,1.442643973150515,0.5630397232779119,0.8264306690963598,0.76953125,256,256,256
cue,reservoir,null,17,600,eligibility,edge_log_gain,6678,0.054504430859153075,0.02453909509108471,0.4816456063072787,0.8769292739728611,0.7225217130877508,6678,6678,6678
cue,reservoir,null,17,600,eligibility,alpha_logit,256,0.039281855070070766,0.030538747852136464,0.9217409835087395,0.41378772665476127,0.890625,256,256,256
cue,reservoir,null,17,600,eligibility,beta_logit,256,0.012870497036362763,0.012870497036362763,0.9999999999999999,2.8571221124573197e-16,1.0,256,256,256
cue,reservoir,null,17,600,eligibility,recurrent_logit,1,0.1523936651855866,0.06087664069746472,1.0,0.6005303722872699,1.0,1,1,1
cue,reservoir,null,17,600,eligibility,combined_core,8471,3.6397478076849734,1.7869779488387059,0.5218279305381731,0.8536089942854547,0.7437138472435367,8471,8471,8471
cue,reservoir,null,17,600,instantaneous,input.weight,1024,2.5849748012754867,0.9425304016526784,0.29584937376925213,0.9577068348803393,0.75,512,1024,512
cue,reservoir,null,17,600,instantaneous,input.bias,256,2.5569055720371523,0.8423427366414025,0.5239562814759755,0.8736744492198889,0.72265625,256,256,256
cue,reservoir,null,17,600,instantaneous,edge_log_gain,6678,0.054504430859153075,0.00945725390058016,0.26390229627044426,0.9687753685526928,0.6371668164120994,6678,6678,6678
cue,reservoir,null,17,600,instantaneous,alpha_logit,256,0.039281855070070766,0.028225084822974505,0.48951288838264917,0.9015679273970147,0.80078125,256,256,256
cue,reservoir,null,17,600,instantaneous,beta_logit,256,0.012870497036362763,0.0013084762584667994,-0.5764130220068022,1.0618557032666476,0.44921875,256,256,256
cue,reservoir,null,17,600,instantaneous,recurrent_logit,1,0.1523936651855866,0.006917485524438393,1.0,0.9546077882173502,1.0,1,1,1
cue,reservoir,null,17,600,instantaneous,combined_core,8471,3.6397478076849734,1.2644526494862465,0.4021972812655235,0.91719134354529,0.6464379947229552,7959,8471,7959
cue,reservoir,null,29,600,eligibility,input.weight,1024,5.293528064332296,1.9262936895165308,0.41752984633086804,0.9102447016459534,0.74609375,1024,1024,1024
cue,reservoir,null,29,600,eligibility,input.bias,256,14.114804349750061,3.3269115155295896,0.6994785324180167,0.8519488740996075,0.828125,256,256,256
cue,reservoir,null,29,600,eligibility,edge_log_gain,6678,0.11244759419798135,0.01277131538273878,0.25790168942653346,0.9768913485343793,0.6831386642707398,6678,6678,6678
cue,reservoir,null,29,600,eligibility,alpha_logit,256,0.03870382644314466,0.03399114909413676,0.8130116048097202,0.5858895278201443,0.8046875,256,256,256
cue,reservoir,null,29,600,eligibility,beta_logit,256,0.007717572715546004,0.007717572715546005,0.9999999999999999,3.0612477730479806e-16,1.0,256,256,256
cue,reservoir,null,29,600,eligibility,recurrent_logit,1,0.22158502400585994,0.039672840072406845,1.0,0.8209588384846908,1.0,1,1,1
cue,reservoir,null,29,600,eligibility,combined_core,8471,15.076884397348524,3.8447236064918844,0.6402738173977024,0.859348193752472,0.7084169519537244,8471,8471,8471
cue,reservoir,null,29,600,instantaneous,input.weight,1024,5.293528064332296,1.91794928633115,0.37343514006763606,0.9277228843080129,0.806640625,512,1024,512
cue,reservoir,null,29,600,instantaneous,input.bias,256,14.114804349750061,1.903507711957744,0.7113491468065447,0.9090232873199006,0.8046875,256,256,256
cue,reservoir,null,29,600,instantaneous,edge_log_gain,6678,0.11244759419798135,0.006944846601141968,-0.05802370163909567,1.0054757890908048,0.58565438754118,6678,6678,6678
cue,reservoir,null,29,600,instantaneous,alpha_logit,256,0.03870382644314466,0.033367607783999734,0.772365222969117,0.6414897591950037,0.7890625,256,256,256
cue,reservoir,null,29,600,instantaneous,beta_logit,256,0.007717572715546004,0.0016338131363227472,-0.11455656313912484,1.0456196210100654,0.46484375,256,256,256
cue,reservoir,null,29,600,instantaneous,recurrent_logit,1,0.22158502400585994,0.012268585040173065,1.0,0.9446326073017975,1.0,1,1,1
cue,reservoir,null,29,600,instantaneous,combined_core,8471,15.076884397348524,2.702440728321082,0.5622203470481769,0.9113611693314508,0.6096243246639025,7959,8471,7959
cue,reservoir,null,41,600,eligibility,input.weight,1024,2.998112102701158,0.977690732733928,0.38379333347579964,0.9252194077733105,0.7294921875,1024,1024,1024
cue,reservoir,null,41,600,eligibility,input.bias,256,1.3767457686050606,1.2460926106792318,0.9399285657346962,0.34314329298716423,0.921875,256,256,256
cue,reservoir,null,41,600,eligibility,edge_log_gain,6678,0.055423690271065695,0.016927344103640024,0.352045662210699,0.9371435707837644,0.6945193171608266,6678,6678,6678
cue,reservoir,null,41,600,eligibility,alpha_logit,256,0.022997767870613663,0.01935432083162509,0.8333794788414404,0.5527619673267012,0.8671875,256,256,256
cue,reservoir,null,41,600,eligibility,beta_logit,256,0.014346933536446442,0.01434693353644644,1.0,2.853690174498088e-16,1.0,256,256,256
cue,reservoir,null,41,600,eligibility,recurrent_logit,1,0.127144663488292,0.03470289882194945,1.0,0.727059729682284,1.0,1,1,1
cue,reservoir,null,41,600,eligibility,combined_core,8471,3.3021322466643976,1.5845179751788845,0.5242069190651143,0.8527455164734917,0.72010388383898,8471,8471,8471
cue,reservoir,null,41,600,instantaneous,input.weight,1024,2.998112102701158,0.8026144737551132,0.25974622592753854,0.9657097214365529,0.849609375,512,1024,512
cue,reservoir,null,41,600,instantaneous,input.bias,256,1.3767457686050606,0.7380001924822759,0.8931635821777049,0.5742744958983689,0.921875,256,256,256
cue,reservoir,null,41,600,instantaneous,edge_log_gain,6678,0.055423690271065695,0.005738987734510617,0.13826343050036305,0.9910037414916127,0.584156933213537,6678,6678,6678
cue,reservoir,null,41,600,instantaneous,alpha_logit,256,0.022997767870613663,0.018613582178876632,0.7032701820261705,0.7187955927402038,0.7890625,256,256,256
cue,reservoir,null,41,600,instantaneous,beta_logit,256,0.014346933536446442,0.0012838868706078175,-0.7540492976682888,1.0690957986487137,0.296875,256,256,256
cue,reservoir,null,41,600,instantaneous,recurrent_logit,1,0.127144663488292,0.011595576563014128,1.0,0.9088001317170351,1.0,1,1,1
cue,reservoir,null,41,600,instantaneous,combined_core,8471,3.3021322466643976,1.0905731450792957,0.42605845017535,0.9097532109309593,0.6094986807387863,7959,8471,7959
cue,reservoir,measured,17,900,eligibility,input.weight,1024,1.3344025161549724,0.2542731047500013,0.21597033033961605,0.9767307236593062,0.7529296875,1024,1024,1024
cue,reservoir,measured,17,900,eligibility,input.bias,256,1.2477622901673717,0.39739018920158514,0.4635355295038759,0.8978726277839801,0.7734375,256,256,256
cue,reservoir,measured,17,900,eligibility,edge_log_gain,6678,0.025635314945180978,0.005647140604319336,0.3933126358159683,0.9355441477706118,0.6524408505540581,6678,6678,6678
cue,reservoir,measured,17,900,eligibility,alpha_logit,256,0.008640606916626763,0.005574353709598879,0.6801167231275745,0.7339380070242816,0.86328125,256,256,256
cue,reservoir,measured,17,900,eligibility,beta_logit,256,0.0012794197443219322,0.0012794197443219322,1.0,2.476530769892245e-16,1.0,256,256,256
cue,reservoir,measured,17,900,eligibility,recurrent_logit,1,0.16361841857010134,0.028630332072174126,1.0,0.8250176702453114,1.0,1,1,1
cue,reservoir,measured,17,900,eligibility,combined_core,8471,1.8344059695593387,0.4727135186543819,0.35507007921922523,0.9398976224299422,0.6851611380002361,8471,8471,8471
cue,reservoir,measured,17,900,instantaneous,input.weight,1024,1.3344025161549724,0.26771949296448155,0.18574760046341496,0.9827101694701905,0.828125,512,1024,512
cue,reservoir,measured,17,900,instantaneous,input.bias,256,1.2477622901673717,0.24327952338223313,0.4805085382893675,0.9223027088294956,0.80078125,256,256,256
cue,reservoir,measured,17,900,instantaneous,edge_log_gain,6678,0.025635314945180978,0.0032166922002699583,0.3828252045057939,0.9589952875579314,0.6361185983827493,6678,6678,6678
cue,reservoir,measured,17,900,instantaneous,alpha_logit,256,0.008640606916626763,0.005904464894639207,0.6588467356666259,0.752675797899723,0.83203125,256,256,256
cue,reservoir,measured,17,900,instantaneous,beta_logit,256,0.0012794197443219322,0.00018632348822773175,0.5877189674825871,0.9219696150220313,0.5703125,256,256,256
cue,reservoir,measured,17,900,instantaneous,recurrent_logit,1,0.16361841857010134,0.01761913892435784,1.0,0.8923156752257141,1.0,1,1,1
cue,reservoir,measured,17,900,instantaneous,combined_core,8471,1.8344059695593387,0.3622351887897239,0.3238086174960225,0.9545208790003622,0.6579972358336474,7959,8471,7959
cue,reservoir,measured,29,900,eligibility,input.weight,1024,1.30160023845339,0.4903164990992822,0.38380243353908494,0.9234425246420127,0.6806640625,1024,1024,1024
cue,reservoir,measured,29,900,eligibility,input.bias,256,3.7544221996607128,0.7522345871203387,0.6044036401733682,0.8932792474270405,0.7578125,256,256,256
cue,reservoir,measured,29,900,eligibility,edge_log_gain,6678,0.025638982959907942,0.0040082735232990175,0.40518903517274135,0.9474967630486684,0.6783468104222821,6678,6678,6678
cue,reservoir,measured,29,900,eligibility,alpha_logit,256,0.009835565946765436,0.008077097159074648,0.6829621909756751,0.7434218205930552,0.87109375,256,256,256
cue,reservoir,measured,29,900,eligibility,beta_logit,256,0.0007577501143904384,0.0007577501143904384,1.0,2.567085150076279e-16,1.0,256,256,256
cue,reservoir,measured,29,900,eligibility,recurrent_logit,1,0.2735314388824574,0.03904438985095812,1.0,0.8572581272175577,1.0,1,1,1
cue,reservoir,measured,29,900,eligibility,combined_core,8471,3.983142396662983,0.8988178278540685,0.5482158149338778,0.8963841827815083,0.696611970251446,8471,8471,8471
cue,reservoir,measured,29,900,instantaneous,input.weight,1024,1.30160023845339,0.49478540887933037,0.36874830489835775,0.9295990385617183,0.767578125,512,1024,512
cue,reservoir,measured,29,900,instantaneous,input.bias,256,3.7544221996607128,0.4892189302985192,0.6181201024927935,0.9251439818319428,0.765625,256,256,256
cue,reservoir,measured,29,900,instantaneous,edge_log_gain,6678,0.025638982959907942,0.0029599684963612888,0.37983456866921034,0.9620945768523547,0.654387541179994,6678,6678,6678
cue,reservoir,measured,29,900,instantaneous,alpha_logit,256,0.009835565946765436,0.008254809244058092,0.6807038565389483,0.7495259510947345,0.859375,256,256,256
cue,reservoir,measured,29,900,instantaneous,beta_logit,256,0.0007577501143904384,0.00018689618559516424,0.523057069826865,0.8959990352397192,0.64453125,256,256,256
cue,reservoir,measured,29,900,instantaneous,recurrent_logit,1,0.2735314388824574,0.027897638264195643,1.0,0.8980093901520991,1.0,1,1,1
cue,reservoir,measured,29,900,instantaneous,combined_core,8471,3.983142396662983,0.696421552683698,0.49767228202998937,0.9254952909103438,0.6715667797461993,7959,8471,7959
cue,reservoir,measured,41,900,eligibility,input.weight,1024,0.7473579031717666,0.1305669859488768,0.16189028377336376,0.9868919631439772,0.6845703125,1024,1024,1024
cue,reservoir,measured,41,900,eligibility,input.bias,256,1.7719556847414155,0.1971073998388513,0.6605693062385077,0.9302762749927197,0.83203125,256,256,256
cue,reservoir,measured,41,900,eligibility,edge_log_gain,6678,0.010941105876710289,0.00100770155257327,0.24330058390495338,0.9816647758228616,0.6820904462413896,6678,6678,6678
cue,reservoir,measured,41,900,eligibility,alpha_logit,256,0.002777807783779099,0.002005502124533081,0.6439100196404585,0.769073280120528,0.87890625,256,256,256
cue,reservoir,measured,41,900,eligibility,beta_logit,256,0.0002140335411420154,0.0002140335411420154,1.0,2.87721036011867e-16,1.0,256,256,256
cue,reservoir,measured,41,900,eligibility,recurrent_logit,1,0.04649404495172308,0.00486072073220848,1.0,0.8954549827347654,1.0,1,1,1
cue,reservoir,measured,41,900,eligibility,combined_core,8471,1.9237099443941479,0.23649053851812105,0.5423663807570978,0.9390216804744426,0.7025144611025853,8471,8471,8471
cue,reservoir,measured,41,900,instantaneous,input.weight,1024,0.7473579031717666,0.13658876950345186,0.13543567203589552,0.9919158121269713,0.810546875,512,1024,512
cue,reservoir,measured,41,900,instantaneous,input.bias,256,1.7719556847414155,0.12606779732545748,0.6938452670985825,0.9520152074251672,0.83203125,256,256,256
cue,reservoir,measured,41,900,instantaneous,edge_log_gain,6678,0.010941105876710289,0.0008326033360826469,0.23564554509686178,0.9848484098012298,0.6701108116202456,6678,6678,6678
cue,reservoir,measured,41,900,instantaneous,alpha_logit,256,0.002777807783779099,0.002172386447494306,0.6161302870286978,0.804930459091614,0.86328125,256,256,256
cue,reservoir,measured,41,900,instantaneous,beta_logit,256,0.0002140335411420154,5.318951606918431e-05,0.14908442044251413,0.9938105047343719,0.53515625,256,256,256
cue,reservoir,measured,41,900,instantaneous,recurrent_logit,1,0.04649404495172308,0.003018027195218473,1.0,0.9350878763430407,1.0,1,1,1
cue,reservoir,measured,41,900,instantaneous,combined_core,8471,1.9237099443941479,0.18591424174986673,0.4724439574483057,0.9581349699621131,0.6862671189847971,7959,8471,7959
cue,reservoir,null,17,900,eligibility,input.weight,1024,2.0225499260718935,1.0562190422797846,0.5824146779103532,0.815117391822287,0.7578125,1024,1024,1024
cue,reservoir,null,17,900,eligibility,input.bias,256,1.9530058721591121,1.317284329182729,0.6363182478725342,0.7723705229693715,0.74609375,256,256,256
cue,reservoir,null,17,900,eligibility,edge_log_gain,6678,0.04355192821856938,0.024216290422035897,0.5811657573342308,0.8141732246796177,0.7117400419287212,6678,6678,6678
cue,reservoir,null,17,900,eligibility,alpha_logit,256,0.03729360409793612,0.02959328356767274,0.9255157687059413,0.40105236563397323,0.890625,256,256,256
cue,reservoir,null,17,900,eligibility,beta_logit,256,0.01404686415402572,0.01404686415402572,1.0,2.4709154057549667e-16,1.0,256,256,256
cue,reservoir,null,17,900,eligibility,recurrent_logit,1,0.13238852544636975,0.06106988272359934,1.0,0.5387071310168902,1.0,1,1,1
cue,reservoir,null,17,900,eligibility,combined_core,8471,2.815306690142656,1.6900371905101306,0.6076403550656952,0.7942462055012179,0.7324991146263723,8471,8471,8471
cue,reservoir,null,17,900,instantaneous,input.weight,1024,2.0225499260718935,0.9239218792284852,0.3772666603257406,0.929514430525269,0.80078125,512,1024,512
cue,reservoir,null,17,900,instantaneous,input.bias,256,1.9530058721591121,0.8176519715355388,0.6180391056877768,0.8110353615784633,0.7109375,256,256,256
cue,reservoir,null,17,900,instantaneous,edge_log_gain,6678,0.04355192821856938,0.008731440785652321,0.3008955491065219,0.9589288077584144,0.6352201257861635,6678,6678,6678
cue,reservoir,null,17,900,instantaneous,alpha_logit,256,0.03729360409793612,0.027219788798835874,0.5228644741848649,0.8771929241506272,0.79296875,256,256,256
cue,reservoir,null,17,900,instantaneous,beta_logit,256,0.01404686415402572,0.0012489556675767482,-0.672196800109139,1.0618099314099432,0.4140625,256,256,256
cue,reservoir,null,17,900,instantaneous,recurrent_logit,1,0.13238852544636975,0.010148261400489746,1.0,0.9233448566159853,1.0,1,1,1
cue,reservoir,null,17,900,instantaneous,combined_core,8471,2.815306690142656,1.23414265282957,0.4875249520338401,0.8744917078622042,0.6463123507978389,7959,8471,7959
cue,reservoir,null,29,900,eligibility,input.weight,1024,5.385996172402041,2.293340582034479,0.4770409410800908,0.8803737219026214,0.771484375,1024,1024,1024
cue,reservoir,null,29,900,eligibility,input.bias,256,17.23242419655277,4.190813609130634,0.6902307035498069,0.8505432583745152,0.78125,256,256,256
cue,reservoir,null,29,900,eligibility,edge_log_gain,6678,0.10929749186441215,0.012888981431151112,0.295051387289519,0.9717603582197017,0.6778975741239892,6678,6678,6678
cue,reservoir,null,29,900,eligibility,alpha_logit,256,0.04376135907497934,0.04049021108679154,0.8785595524959342,0.4799095119214084,0.83984375,256,256,256
cue,reservoir,null,29,900,eligibility,beta_logit,256,0.008772721428904479,0.008772721428904479,1.0,2.7515930659473946e-16,1.0,256,256,256
cue,reservoir,null,29,900,eligibility,recurrent_logit,1,0.1654312155541641,0.031227775375703235,1.0,0.8112340813606674,1.0,1,1,1
cue,reservoir,null,29,900,eligibility,combined_core,8471,18.055655731793948,4.777571291913196,0.6462459407875791,0.8532396585197083,0.7070003541494511,8471,8471,8471
cue,reservoir,null,29,900,instantaneous,input.weight,1024,5.385996172402041,2.282576090049676,0.43515764901283277,0.9004259297838937,0.8359375,512,1024,512
cue,reservoir,null,29,900,instantaneous,input.bias,256,17.23242419655277,2.2666574808851245,0.709080374534472,0.9114627335110844,0.7734375,256,256,256
cue,reservoir,null,29,900,instantaneous,edge_log_gain,6678,0.10929749186441215,0.006207591259760596,-0.05504864208445533,1.004728186910048,0.572177298592393,6678,6678,6678
cue,reservoir,null,29,900,instantaneous,alpha_logit,256,0.04376135907497934,0.03963553937277107,0.8489133336483191,0.5315761022591242,0.8359375,256,256,256
cue,reservoir,null,29,900,instantaneous,beta_logit,256,0.008772721428904479,0.002359485289299078,-0.03328741809669726,1.044147339798644,0.53125,256,256,256
cue,reservoir,null,29,900,instantaneous,recurrent_logit,1,0.1654312155541641,0.006090027572255319,1.0,0.9631869502266858,1.0,1,1,1
cue,reservoir,null,29,900,instantaneous,combined_core,8471,18.055655731793948,3.217070392188564,0.5689623796691835,0.9104924032730383,0.6028395527076266,7959,8471,7959
cue,reservoir,null,41,900,eligibility,input.weight,1024,2.9009086575473497,1.0105905294529065,0.4177203289933735,0.9112184963006758,0.73828125,1024,1024,1024
cue,reservoir,null,41,900,eligibility,input.bias,256,2.338681688571645,1.395856984061256,0.7422740585991292,0.6856934708258177,0.78125,256,256,256
cue,reservoir,null,41,900,eligibility,edge_log_gain,6678,0.0499678413172916,0.015353403953937354,0.3632436103550094,0.9333743115729558,0.7076969152440851,6678,6678,6678
cue,reservoir,null,41,900,eligibility,alpha_logit,256,0.021907654942218947,0.019226186512745505,0.8862590954387534,0.4632707341610011,0.89453125,256,256,256
cue,reservoir,null,41,900,eligibility,beta_logit,256,0.013529254059065101,0.013529254059065098,1.0,2.524659839889814e-16,1.0,256,256,256
cue,reservoir,null,41,900,eligibility,recurrent_logit,1,0.08744102706249333,0.02725536890126957,1.0,0.6882999912410636,1.0,1,1,1
cue,reservoir,null,41,900,eligibility,combined_core,8471,3.727668008867421,1.7237288671025457,0.56819766838151,0.8296634403801109,0.7281312713965293,8471,8471,8471
cue,reservoir,null,41,900,instantaneous,input.weight,1024,2.9009086575473497,0.8242332773074776,0.284351967138644,0.958719984325412,0.876953125,512,1024,512
cue,reservoir,null,41,900,instantaneous,input.bias,256,2.338681688571645,0.7864389910455512,0.6681551978985522,0.8146860966622331,0.7890625,256,256,256
cue,reservoir,null,41,900,instantaneous,edge_log_gain,6678,0.0499678413172916,0.004339581814140854,0.1193002514421994,0.9933884594919347,0.5846061695118299,6678,6678,6678
cue,reservoir,null,41,900,instantaneous,alpha_logit,256,0.021907654942218947,0.01885239428192834,0.7990946230638962,0.6043370008407674,0.84375,256,256,256
cue,reservoir,null,41,900,instantaneous,beta_logit,256,0.013529254059065101,0.0016801798337885744,-0.4261431382166644,1.0588990064482973,0.44921875,256,256,256
cue,reservoir,null,41,900,instantaneous,recurrent_logit,1,0.08744102706249333,0.007009545248161397,1.0,0.9198368833985477,1.0,1,1,1
cue,reservoir,null,41,900,instantaneous,combined_core,8471,3.727668008867421,1.1394178265794832,0.4496294661696269,0.9047425580843652,0.6140218620429703,7959,8471,7959
cue,eligibility,measured,17,0,eligibility,input.weight,1024,0.665171671808976,0.502003687092151,0.7537461957223066,0.6571663246406351,0.798828125,1024,1024,1024
cue,eligibility,measured,17,0,eligibility,input.bias,256,1.94613318088178,1.0016454879606342,0.662388765805711,0.7635820425639238,0.8828125,256,256,256
cue,eligibility,measured,17,0,eligibility,edge_log_gain,6678,0.02181784857411836,0.012546500499869788,0.6813659634315526,0.7396229299567562,0.7987421383647799,6678,6678,6678
cue,eligibility,measured,17,0,eligibility,alpha_logit,256,0.013389606788380708,0.013106171262733798,0.9492199364303021,0.31600374593312686,0.921875,256,256,256
cue,eligibility,measured,17,0,eligibility,beta_logit,256,0.006923364425431528,0.006923364425431528,1.0,2.0968002992244783e-16,1.0,256,256,256
cue,eligibility,measured,17,0,eligibility,recurrent_logit,1,0.057826387216949444,0.005598061493189794,1.0,0.9031919204603369,1.0,1,1,1
cue,eligibility,measured,17,0,eligibility,combined_core,8471,2.057652748844195,1.1205845988025271,0.6694639631460206,0.7532666193580598,0.8111202927635462,8471,8471,8471
cue,eligibility,measured,17,0,instantaneous,input.weight,1024,0.665171671808976,0.4913666258578658,0.6848305633423544,0.7306912577579285,0.755859375,512,1024,512
cue,eligibility,measured,17,0,instantaneous,input.bias,256,1.94613318088178,0.47098847444219144,0.676274193598436,0.8551236578373068,0.8046875,256,256,256
cue,eligibility,measured,17,0,instantaneous,edge_log_gain,6678,0.02181784857411836,0.00580051176643142,0.5579317624423633,0.8797826813312518,0.7115902964959568,6678,6678,6678
cue,eligibility,measured,17,0,instantaneous,alpha_logit,256,0.013389606788380708,0.013656616532189586,0.8102465604982876,0.6224728966343595,0.8515625,256,256,256
cue,eligibility,measured,17,0,instantaneous,beta_logit,256,0.006923364425431528,0.0009427633609083235,0.4276102452798129,0.9497821600481282,0.5625,256,256,256
cue,eligibility,measured,17,0,instantaneous,recurrent_logit,1,0.057826387216949444,0.0021933009643485563,1.0,0.962070932148677,1.0,1,1,1
cue,eligibility,measured,17,0,instantaneous,combined_core,8471,2.057652748844195,0.6808062518426667,0.6025270472839123,0.8430665262904421,0.7171755245633874,7959,8471,7959
cue,eligibility,measured,29,0,eligibility,input.weight,1024,0.519019983615001,0.20402330574604383,0.3504468052243283,0.9375530730384196,0.765625,1024,1024,1024
cue,eligibility,measured,29,0,eligibility,input.bias,256,0.637153762716647,0.37253906975157003,0.7281929644212306,0.7002337969081489,0.8203125,256,256,256
cue,eligibility,measured,29,0,eligibility,edge_log_gain,6678,0.014827946328139446,0.008062866663363134,0.6214296250167319,0.7873103297807416,0.7469302186283319,6678,6678,6678
cue,eligibility,measured,29,0,eligibility,alpha_logit,256,0.00787572797560538,0.006428257252264642,0.8669097376615851,0.5010367752339251,0.890625,256,256,256
cue,eligibility,measured,29,0,eligibility,beta_logit,256,0.004187218597985502,0.004187218597985502,1.0,2.565062535651314e-16,1.0,256,256,256
cue,eligibility,measured,29,0,eligibility,recurrent_logit,1,0.06535901012495612,0.00012031098241967447,1.0,0.9981592288165066,1.0,1,1,1
cue,eligibility,measured,29,0,eligibility,combined_core,8471,0.824571336406532,0.42489380716052016,0.5996782827236533,0.8046783511255686,0.7634281666863416,8471,8471,8471
cue,eligibility,measured,29,0,instantaneous,input.weight,1024,0.519019983615001,0.1872458288671055,0.3014143377465449,0.9553388197360497,0.880859375,512,1024,512
cue,eligibility,measured,29,0,instantaneous,input.bias,256,0.637153762716647,0.15555025210702747,0.6929086861191956,0.8492803892954377,0.828125,256,256,256
cue,eligibility,measured,29,0,instantaneous,edge_log_gain,6678,0.014827946328139446,0.003218299803913537,0.4820010189311818,0.9153566771572789,0.631476489967056,6678,6678,6678
cue,eligibility,measured,29,0,instantaneous,alpha_logit,256,0.00787572797560538,0.0060401119903820515,0.5859223547894473,0.8303359798532235,0.78515625,256,256,256
cue,eligibility,measured,29,0,instantaneous,beta_logit,256,0.004187218597985502,0.000499098286707673,0.42773419895677317,0.955112289061922,0.546875,256,256,256
cue,eligibility,measured,29,0,instantaneous,recurrent_logit,1,0.06535901012495612,0.006953359894731014,1.0,0.8936128334649303,1.0,1,1,1
cue,eligibility,measured,29,0,instantaneous,combined_core,8471,0.824571336406532,0.24362331595744058,0.4901951983871819,0.8931027965334067,0.6561125769569042,7959,8471,7959
cue,eligibility,measured,41,0,eligibility,input.weight,1024,1.4339779917889077,0.3797784153117274,0.24309063938974382,0.9702474362167558,0.7529296875,1024,1024,1024
cue,eligibility,measured,41,0,eligibility,input.bias,256,2.4909678052115938,0.582687132442392,0.5980649226154187,0.880295342222168,0.8203125,256,256,256
cue,eligibility,measured,41,0,eligibility,edge_log_gain,6678,0.023318074118226378,0.008029074790549266,0.4076960598412296,0.915313817807501,0.7604073075771189,6678,6678,6678
cue,eligibility,measured,41,0,eligibility,alpha_logit,256,0.009714404379335875,0.007959364282064738,0.8337187857049131,0.5523765399070523,0.83984375,256,256,256
cue,eligibility,measured,41,0,eligibility,beta_logit,256,0.004560498495260591,0.004560498495260591,1.0,1.9920207595392604e-16,1.0,256,256,256
cue,eligibility,measured,41,0,eligibility,recurrent_logit,1,0.16838120170616003,0.01560937262815794,1.0,0.9072974152102936,1.0,1,1,1
cue,eligibility,measured,41,0,eligibility,combined_core,8471,2.87927501586826,0.695807593543475,0.5007632633904183,0.9035321225084603,0.7709833549757998,8471,8471,8471
cue,eligibility,measured,41,0,instantaneous,input.weight,1024,1.4339779917889077,0.3755294667538673,0.24521791409976032,0.9696111507622995,0.76953125,512,1024,512
cue,eligibility,measured,41,0,instantaneous,input.bias,256,2.4909678052115938,0.3546452134722497,0.6695415542944969,0.9108355292608731,0.8046875,256,256,256
cue,eligibility,measured,41,0,instantaneous,edge_log_gain,6678,0.023318074118226378,0.005080440897434794,0.39861698098477505,0.9347576829811036,0.692722371967655,6678,6678,6678
cue,eligibility,measured,41,0,instantaneous,alpha_logit,256,0.009714404379335875,0.008142121120282432,0.7730915346016415,0.6376221377039974,0.8203125,256,256,256
cue,eligibility,measured,41,0,instantaneous,beta_logit,256,0.004560498495260591,0.0005526987423032339,0.42508543372359914,0.954805330305694,0.61328125,256,256,256
cue,eligibility,measured,41,0,instantaneous,recurrent_logit,1,0.16838120170616003,0.025325614248367316,1.0,0.8495935770041436,1.0,1,1,1
cue,eligibility,measured,41,0,instantaneous,combined_core,8471,2.87927501586826,0.5172324478106815,0.4887703770191788,0.9255621099379332,0.7028521171001382,7959,8471,7959
cue,eligibility,null,17,0,eligibility,input.weight,1024,0.5678784980259866,0.451931296991585,0.8066004054495222,0.5911953301510324,0.7978515625,1024,1024,1024
cue,eligibility,null,17,0,eligibility,input.bias,256,0.9557048307215167,0.8807020260936547,0.8837900562572674,0.4694025532590717,0.8828125,256,256,256
cue,eligibility,null,17,0,eligibility,edge_log_gain,6678,0.010714903514331806,0.007557465731447346,0.7297986426202739,0.6841001448467133,0.7512728361784966,6678,6678,6678
cue,eligibility,null,17,0,eligibility,alpha_logit,256,0.01234909485110811,0.01246027378397651,0.9793205479565332,0.20448059189784729,0.90625,256,256,256
cue,eligibility,null,17,0,eligibility,beta_logit,256,0.0038819318014191935,0.003881931801419194,0.9999999999999999,2.4785933590847403e-16,1.0,256,256,256
cue,eligibility,null,17,0,eligibility,recurrent_logit,1,0.01146158719446312,0.0019850790462105166,1.0,0.8268059202856763,1.0,1,1,1
cue,eligibility,null,17,0,eligibility,combined_core,8471,1.1118774476808053,0.9900047169636869,0.8640667495307972,0.5040650486518012,0.7731082516822099,8471,8471,8471
cue,eligibility,null,17,0,instantaneous,input.weight,1024,0.5678784980259866,0.4405296416597894,0.7103682238418616,0.7068601551436419,0.771484375,512,1024,512
cue,eligibility,null,17,0,instantaneous,input.bias,256,0.9557048307215167,0.416680801150474,0.8002868937714556,0.7016058635337726,0.8515625,256,256,256
cue,eligibility,null,17,0,instantaneous,edge_log_gain,6678,0.010714903514331806,0.0037909958207339887,0.4982249169724519,0.8789930554874192,0.681790955375861,6678,6678,6678
cue,eligibility,null,17,0,instantaneous,alpha_logit,256,0.01234909485110811,0.012818899590994555,0.8605864313700444,0.5393348323531196,0.83984375,256,256,256
cue,eligibility,null,17,0,instantaneous,beta_logit,256,0.0038819318014191935,0.0007427136055197966,-0.10804470901918221,1.0382432406722237,0.52734375,256,256,256
cue,eligibility,null,17,0,instantaneous,recurrent_logit,1,0.01146158719446312,0.0036327564371029034,-1.0,1.3169505562770416,0.0,1,1,1
cue,eligibility,null,17,0,instantaneous,combined_core,8471,1.1118774476808053,0.6065325214752881,0.7362488850144047,0.7030800515455518,0.693051890941073,7959,8471,7959
cue,eligibility,null,29,0,eligibility,input.weight,1024,0.3158453854513188,0.2642408058937078,0.8150907503372855,0.5797329879643153,0.8193359375,1024,1024,1024
cue,eligibility,null,29,0,eligibility,input.bias,256,0.7167528301803092,0.4807765058963814,0.7267795873282012,0.6891505441455491,0.765625,256,256,256
cue,eligibility,null,29,0,eligibility,edge_log_gain,6678,0.008552532572764858,0.006794604318432395,0.7698683664434031,0.6386761407045386,0.7657981431566337,6678,6678,6678
cue,eligibility,null,29,0,eligibility,alpha_logit,256,0.008782489685596404,0.00810143624624296,0.9505824869271269,0.31174378730601826,0.8828125,256,256,256
cue,eligibility,null,29,0,eligibility,beta_logit,256,0.004249369189064149,0.004249369189064149,1.0,2.2590862964464864e-16,1.0,256,256,256
cue,eligibility,null,29,0,eligibility,recurrent_logit,1,0.032329943155829495,0.007584111950050754,1.0,0.7654152401847559,1.0,1,1,1
cue,eligibility,null,29,0,eligibility,combined_core,8471,0.7840321979254583,0.5487773937863708,0.7410631832692612,0.6726932997989075,0.7829063864951009,8471,8471,8471
cue,eligibility,null,29,0,instantaneous,input.weight,1024,0.3158453854513188,0.23680048005588156,0.6096088609870562,0.8049922332912727,0.81640625,512,1024,512
cue,eligibility,null,29,0,instantaneous,input.bias,256,0.7167528301803092,0.20677628394895237,0.6892354021349184,0.8279801610371817,0.7890625,256,256,256
cue,eligibility,null,29,0,instantaneous,edge_log_gain,6678,0.008552532572764858,0.0026155721860090333,0.4964489234890747,0.8887498061669898,0.6669661575321952,6678,6678,6678
cue,eligibility,null,29,0,instantaneous,alpha_logit,256,0.008782489685596404,0.007684688400823214,0.6683468028611581,0.7720223844624524,0.80859375,256,256,256
cue,eligibility,null,29,0,instantaneous,beta_logit,256,0.004249369189064149,0.00039701210247992144,-0.23536511950494748,1.0260158338521166,0.484375,256,256,256
cue,eligibility,null,29,0,instantaneous,recurrent_logit,1,0.032329943155829495,0.003048891767028606,1.0,0.9056944903264127,1.0,1,1,1
cue,eligibility,null,29,0,instantaneous,combined_core,8471,0.7840321979254583,0.31449363741056585,0.5998151568479047,0.8244393269254598,0.6792310591782887,7959,8471,7959
cue,eligibility,null,41,0,eligibility,input.weight,1024,0.4060155726378395,0.3832728687722014,0.9415014928289861,0.3370179668365638,0.8232421875,1024,1024,1024
cue,eligibility,null,41,0,eligibility,input.bias,256,0.7030568165227771,0.5722715000098537,0.8762323539548618,0.4858937058675111,0.875,256,256,256
cue,eligibility,null,41,0,eligibility,edge_log_gain,6678,0.00717897664604188,0.005463330309961892,0.766869932188723,0.641829223736528,0.793351302785265,6678,6678,6678
cue,eligibility,null,41,0,eligibility,alpha_logit,256,0.009740786898979288,0.008916471358279214,0.8671212000950977,0.5004290551028561,0.8671875,256,256,256
cue,eligibility,null,41,0,eligibility,beta_logit,256,0.0030911071856217446,0.0030911071856217446,1.0,2.56320597925712e-16,1.0,256,256,256
cue,eligibility,null,41,0,eligibility,recurrent_logit,1,0.006584161099988043,0.0018648464636904882,1.0,0.7167677954152922,1.0,1,1,1
cue,eligibility,null,41,0,eligibility,combined_core,8471,0.811995602968202,0.6888505975143859,0.8924415632758214,0.4533130925452865,0.8079329477039311,8471,8471,8471
cue,eligibility,null,41,0,instantaneous,input.weight,1024,0.4060155726378395,0.3802407094826496,0.8152874779615233,0.5916105633992866,0.84375,512,1024,512
cue,eligibility,null,41,0,instantaneous,input.bias,256,0.7030568165227771,0.34037104068805607,0.8373222653935036,0.6508733021281223,0.875,256,256,256
cue,eligibility,null,41,0,instantaneous,edge_log_gain,6678,0.00717897664604188,0.00318533630683662,0.5606391143930207,0.8362761182773822,0.6861335729260257,6678,6678,6678
cue,eligibility,null,41,0,instantaneous,alpha_logit,256,0.009740786898979288,0.009357337194702884,0.8329484240243853,0.5678914416373753,0.828125,256,256,256
cue,eligibility,null,41,0,instantaneous,beta_logit,256,0.0030911071856217446,0.0005196032123529489,-0.29945209041638987,1.0625110828661841,0.51953125,256,256,256
cue,eligibility,null,41,0,instantaneous,recurrent_logit,1,0.006584161099988043,0.0017778754188581135,1.0,0.7299769261627965,1.0,1,1,1
cue,eligibility,null,41,0,instantaneous,combined_core,8471,0.811995602968202,0.510427839603411,0.7873723109227988,0.6365929590379403,0.701595677848976,7959,8471,7959
cue,eligibility,measured,17,300,eligibility,input.weight,1024,0.03663233094834226,0.006512402643253087,0.21205083736123237,0.9778594515418148,0.80859375,1024,1024,1024
cue,eligibility,measured,17,300,eligibility,input.bias,256,0.04079213077203701,0.01015392750737354,0.565322154077944,0.8834715365899203,0.8359375,256,256,256
cue,eligibility,measured,17,300,eligibility,edge_log_gain,6678,0.0009992128897021778,0.0004322505543854422,0.5030832418375693,0.8671080674951084,0.7648996705600479,6678,6678,6678
cue,eligibility,measured,17,300,eligibility,alpha_logit,256,0.00030694104549241043,0.0001947650085191151,0.5702448104695991,0.8239867454917984,0.859375,256,256,256
cue,eligibility,measured,17,300,eligibility,beta_logit,256,0.00016779593732991368,0.0001677959373299137,1.0,2.122869043113402e-16,1.0,256,256,256
cue,eligibility,measured,17,300,eligibility,recurrent_logit,1,0.008554632221772012,0.0014329088738468483,1.0,0.8324990675578061,1.0,1,1,1
cue,eligibility,measured,17,300,eligibility,combined_core,8471,0.05549980297949317,0.012158116189627824,0.44056585652661234,0.9246426021104757,0.7823161374099871,8471,8471,8471
cue,eligibility,measured,17,300,instantaneous,input.weight,1024,0.03663233094834226,0.006994482431674855,0.16240470516389113,0.9871366810352561,0.84765625,512,1024,512
cue,eligibility,measured,17,300,instantaneous,input.bias,256,0.04079213077203701,0.005131034971105759,0.5431203544171371,0.9376508647153724,0.76171875,256,256,256
cue,eligibility,measured,17,300,instantaneous,edge_log_gain,6678,0.0009992128897021778,0.00023210964421421342,0.4660285441824894,0.9151229107760342,0.6871817909553759,6678,6678,6678
cue,eligibility,measured,17,300,instantaneous,alpha_logit,256,0.00030694104549241043,0.0002009023242794787,0.5124885879390539,0.8703627960339262,0.78515625,256,256,256
cue,eligibility,measured,17,300,instantaneous,beta_logit,256,0.00016779593732991368,2.535758523735164e-05,0.8107689911646728,0.8819231061679712,0.6796875,256,256,256
cue,eligibility,measured,17,300,instantaneous,recurrent_logit,1,0.008554632221772012,0.0007900949281191919,1.0,0.9076412746174691,1.0,1,1,1
cue,eligibility,measured,17,300,instantaneous,combined_core,8471,0.05549980297949317,0.008716044630170575,0.33528921829898756,0.9588282640708934,0.7028521171001382,7959,8471,7959
cue,eligibility,measured,29,300,eligibility,input.weight,1024,0.01951645893652915,0.002834991828056287,0.2227501318610313,0.9779503326344551,0.8486328125,1024,1024,1024
cue,eligibility,measured,29,300,eligibility,input.bias,256,0.02477680867528505,0.0033311815646310757,0.3817301598800801,0.9567814627029556,0.82421875,256,256,256
cue,eligibility,measured,29,300,eligibility,edge_log_gain,6678,0.0004499661592616607,7.786208072762971e-05,0.4719345006487207,0.9309220342961105,0.7517220724767895,6678,6678,6678
cue,eligibility,measured,29,300,eligibility,alpha_logit,256,0.00016228077920241732,5.92735033699041e-05,0.34904555212464616,0.9372458995926022,0.80859375,256,256,256
cue,eligibility,measured,29,300,eligibility,beta_logit,256,3.607675923417428e-05,3.607675923417428e-05,0.9999999999999999,2.253060083803008e-16,1.0,256,256,256
cue,eligibility,measured,29,300,eligibility,recurrent_logit,1,0.004936109658237521,0.0006755952338291374,1.0,0.8631320451518566,1.0,1,1,1
cue,eligibility,measured,29,300,eligibility,combined_core,8471,0.03192769490958268,0.004427330525952439,0.33382071842888406,0.9626258590980166,0.7748789989375516,8471,8471,8471
cue,eligibility,measured,29,300,instantaneous,input.weight,1024,0.01951645893652915,0.0027853042683603974,0.15162169753119312,0.9884787192385892,0.921875,512,1024,512
cue,eligibility,measured,29,300,instantaneous,input.bias,256,0.02477680867528505,0.0026102944043481695,0.5265991893087489,0.948758248639873,0.75390625,256,256,256
cue,eligibility,measured,29,300,instantaneous,edge_log_gain,6678,0.0004499661592616607,5.0449104254759323e-05,0.4019798564366641,0.9604334180765942,0.6467505241090147,6678,6678,6678
cue,eligibility,measured,29,300,instantaneous,alpha_logit,256,0.00016228077920241732,6.013554903850995e-05,0.2637530003290593,0.9704860232663204,0.78125,256,256,256
cue,eligibility,measured,29,300,instantaneous,beta_logit,256,3.607675923417428e-05,6.954680200934721e-06,0.6284609300301206,0.8915489336640099,0.62890625,256,256,256
cue,eligibility,measured,29,300,instantaneous,recurrent_logit,1,0.004936109658237521,0.0004212943422359092,1.0,0.9146505301937852,1.0,1,1,1
cue,eligibility,measured,29,300,instantaneous,combined_core,8471,0.03192769490958268,0.003841257011900267,0.3619556264272542,0.963005808794189,0.6716924236713155,7959,8471,7959
cue,eligibility,measured,41,300,eligibility,input.weight,1024,0.028160798392527765,0.003115739400943479,0.18838177800262507,0.9851679712045641,0.7490234375,1024,1024,1024
cue,eligibility,measured,41,300,eligibility,input.bias,256,0.016259130308459255,0.005490601061073495,0.6108999092563066,0.8375219969332235,0.76171875,256,256,256
cue,eligibility,measured,41,300,eligibility,edge_log_gain,6678,0.0004881442791244504,7.89594576092942e-05,0.383193537441183,0.9498410547504882,0.6936208445642408,6678,6678,6678
cue,eligibility,measured,41,300,eligibility,alpha_logit,256,0.0001798152352353749,7.300632849487956e-05,0.43711109671176024,0.8999451787780215,0.8125,256,256,256
cue,eligibility,measured,41,300,eligibility,beta_logit,256,6.640555266675367e-05,6.640555266675367e-05,1.0,1.8578101824448713e-16,1.0,256,256,256
cue,eligibility,measured,41,300,eligibility,recurrent_logit,1,0.006006270851666336,0.000937974386551618,1.0,0.8438341510537452,1.0,1,1,1
cue,eligibility,measured,41,300,eligibility,combined_core,8471,0.03307174325748672,0.006383596336991482,0.3634203251399432,0.9470802640681086,0.7152638413410459,8471,8471,8471
cue,eligibility,measured,41,300,instantaneous,input.weight,1024,0.028160798392527765,0.002952541388173714,0.11217991597239865,0.9937149771108854,0.87109375,512,1024,512
cue,eligibility,measured,41,300,instantaneous,input.bias,256,0.016259130308459255,0.0027704141724183753,0.35047950037401104,0.9537273633844199,0.72265625,256,256,256
cue,eligibility,measured,41,300,instantaneous,edge_log_gain,6678,0.0004881442791244504,4.217056633943045e-05,0.368259616897881,0.9715120108245753,0.6578316861335729,6678,6678,6678
cue,eligibility,measured,41,300,instantaneous,alpha_logit,256,0.0001798152352353749,6.887949672048594e-05,0.3611222843780572,0.9327764096721751,0.7890625,256,256,256
cue,eligibility,measured,41,300,instantaneous,beta_logit,256,6.640555266675367e-05,1.1296526225299975e-05,0.5955905534857758,0.9090115708238982,0.56640625,256,256,256
cue,eligibility,measured,41,300,instantaneous,recurrent_logit,1,0.006006270851666336,0.000648430673776807,1.0,0.8920410534604993,1.0,1,1,1
cue,eligibility,measured,41,300,instantaneous,combined_core,8471,0.03307174325748672,0.004101195926501026,0.2139706873976491,0.9809738215759534,0.6749591657243372,7959,8471,7959
cue,eligibility,null,17,300,eligibility,input.weight,1024,0.026262732773467714,0.014545914407339561,0.6488762236344271,0.7668034035808992,0.7802734375,1024,1024,1024
cue,eligibility,null,17,300,eligibility,input.bias,256,0.06052288099666293,0.026756278017414203,0.6859547896293354,0.7674231807269897,0.86328125,256,256,256
cue,eligibility,null,17,300,eligibility,edge_log_gain,6678,0.0007021903283059339,0.00039209569463772345,0.687154806170246,0.7378338435701798,0.7377957472297095,6678,6678,6678
cue,eligibility,null,17,300,eligibility,alpha_logit,256,0.0004760129300913878,0.00035771351072605266,0.8945477893529298,0.46931125840347176,0.85546875,256,256,256
cue,eligibility,null,17,300,eligibility,beta_logit,256,0.0004237714285305907,0.0004237714285305907,1.0,2.0156698836600696e-16,1.0,256,256,256
cue,eligibility,null,17,300,eligibility,recurrent_logit,1,0.004053054548339238,0.0012203659936473733,1.0,0.6989021541426268,1.0,1,1,1
cue,eligibility,null,17,300,eligibility,combined_core,8471,0.06610655602759093,0.030486597262771198,0.676880533413044,0.7670477378923232,0.7582339747373391,8471,8471,8471
cue,eligibility,null,17,300,instantaneous,input.weight,1024,0.026262732773467714,0.011051470449331377,0.40060588387487905,0.9164730771577928,0.80078125,512,1024,512
cue,eligibility,null,17,300,instantaneous,input.bias,256,0.06052288099666293,0.010586323334275671,0.5864008125348517,0.9085456267397082,0.78515625,256,256,256
cue,eligibility,null,17,300,instantaneous,edge_log_gain,6678,0.0007021903283059339,9.362929714041357e-05,0.23516564116028546,0.9772746815468006,0.6275831087151842,6678,6678,6678
cue,eligibility,null,17,300,instantaneous,alpha_logit,256,0.0004760129300913878,0.0003018858569271054,0.6246432530337511,0.7809686779201979,0.76953125,256,256,256
cue,eligibility,null,17,300,instantaneous,beta_logit,256,0.0004237714285305907,4.939824599502803e-05,-0.3970293131530869,1.0517366901653884,0.56640625,256,256,256
cue,eligibility,null,17,300,instantaneous,recurrent_logit,1,0.004053054548339238,0.00020115962915251474,1.0,0.9503683883961195,1.0,1,1,1
cue,eligibility,null,17,300,instantaneous,combined_core,8471,0.06610655602759093,0.015308430609611089,0.4870617597274099,0.909970238342503,0.6464379947229552,7959,8471,7959
cue,eligibility,null,29,300,eligibility,input.weight,1024,0.03721853646513136,0.00939595087327604,0.41358227222498994,0.9246146094497967,0.751953125,1024,1024,1024
cue,eligibility,null,29,300,eligibility,input.bias,256,0.05935095186917688,0.01878339413115794,0.6744450327296851,0.8205259310797145,0.7734375,256,256,256
cue,eligibility,null,29,300,eligibility,edge_log_gain,6678,0.001006539722204722,0.00023429568612938912,0.49379671859899077,0.9079085674983766,0.7256663671758011,6678,6678,6678
cue,eligibility,null,29,300,eligibility,alpha_logit,256,0.00024297234458771558,0.00018018872284478985,0.6493283399208096,0.7660855659923484,0.7734375,256,256,256
cue,eligibility,null,29,300,eligibility,beta_logit,256,0.00020273424155585926,0.00020273424155585926,1.0,1.9467874368785272e-16,1.0,256,256,256
cue,eligibility,null,29,300,eligibility,recurrent_logit,1,0.009905507772467468,0.0022103455290416684,1.0,0.7768569184120613,1.0,1,1,1
cue,eligibility,null,29,300,eligibility,combined_core,8471,0.07076006845360869,0.021121408070350532,0.6146264697767381,0.8498084891491771,0.7400543029158305,8471,8471,8471
cue,eligibility,null,29,300,instantaneous,input.weight,1024,0.03721853646513136,0.008407869942273738,0.23940195469774833,0.9710143458948168,0.806640625,512,1024,512
cue,eligibility,null,29,300,instantaneous,input.bias,256,0.05935095186917688,0.008173711248836205,0.5897409482929884,0.9254891154873044,0.73046875,256,256,256
cue,eligibility,null,29,300,instantaneous,edge_log_gain,6678,0.001006539722204722,7.260255705765445e-05,0.2827409625964789,0.982045910955057,0.6250374363581911,6678,6678,6678
cue,eligibility,null,29,300,instantaneous,alpha_logit,256,0.00024297234458771558,0.00017276600382621835,0.5897089267893595,0.8166808160509185,0.7421875,256,256,256
cue,eligibility,null,29,300,instantaneous,beta_logit,256,0.00020273424155585926,2.290560498221146e-05,0.02293710403682092,1.0037839536622737,0.58984375,256,256,256
cue,eligibility,null,29,300,instantaneous,recurrent_logit,1,0.009905507772467468,0.000777700072312173,1.0,0.9214881164927452,1.0,1,1,1
cue,eligibility,null,29,300,instantaneous,combined_core,8471,0.07076006845360869,0.01175339499200658,0.44339459176542356,0.9382389725537003,0.6427943208945848,7959,8471,7959
cue,eligibility,null,41,300,eligibility,input.weight,1024,0.026643972757729187,0.01133966838804158,0.5117759069449812,0.8634302227292698,0.7958984375,1024,1024,1024
cue,eligibility,null,41,300,eligibility,input.bias,256,0.06702755585101214,0.019165481415753777,0.6146254051437007,0.8545603625394291,0.75,256,256,256
cue,eligibility,null,41,300,eligibility,edge_log_gain,6678,0.0006109502939386985,0.00020233830186727297,0.4706230235654821,0.8932841650065076,0.7479784366576819,6678,6678,6678
cue,eligibility,null,41,300,eligibility,alpha_logit,256,0.00025016582829581627,0.00021764793393625457,0.7986121065374512,0.6060668491061044,0.84765625,256,256,256
cue,eligibility,null,41,300,eligibility,beta_logit,256,0.00021416955697215644,0.00021416955697215644,0.9999999999999999,2.0458430472440104e-16,1.0,256,256,256
cue,eligibility,null,41,300,eligibility,recurrent_logit,1,0.005147499445444179,0.0011038416132081222,1.0,0.7855577013835169,1.0,1,1,1
cue,eligibility,null,41,300,eligibility,combined_core,8471,0.07231578658922584,0.02229924669952073,0.5891224930474156,0.8554312644122882,0.7644906150395467,8471,8471,8471
cue,eligibility,null,41,300,instantaneous,input.weight,1024,0.026643972757729187,0.009924766654596634,0.3700311314164804,0.9290226241242238,0.8515625,512,1024,512
cue,eligibility,null,41,300,instantaneous,input.bias,256,0.06702755585101214,0.009763655213035304,0.627769482979043,0.9156030621651126,0.75,256,256,256
cue,eligibility,null,41,300,instantaneous,edge_log_gain,6678,0.0006109502939386985,5.5759323728554996e-05,0.20649722572563708,0.9852091174378201,0.5873015873015873,6678,6678,6678
cue,eligibility,null,41,300,instantaneous,alpha_logit,256,0.00025016582829581627,0.00020923642484912248,0.7672570838882037,0.6450550776289184,0.8203125,256,256,256
cue,eligibility,null,41,300,instantaneous,beta_logit,256,0.00021416955697215644,2.3486159747620915e-05,-0.09299474388343544,1.016081463280488,0.51953125,256,256,256
cue,eligibility,null,41,300,instantaneous,recurrent_logit,1,0.005147499445444179,0.00010012638684538158,1.0,0.9805485385852738,1.0,1,1,1
cue,eligibility,null,41,300,instantaneous,combined_core,8471,0.07231578658922584,0.013924346381210637,0.5057301928204251,0.9177795543803614,0.6149013695187837,7959,8471,7959
cue,eligibility,measured,17,600,eligibility,input.weight,1024,0.6847655734916634,0.1457091577793631,0.2781296574461979,0.962763505174222,0.728515625,1024,1024,1024
cue,eligibility,measured,17,600,eligibility,input.bias,256,1.1174839192290522,0.25996716086236105,0.6264635292115786,0.8732945941776158,0.73828125,256,256,256
cue,eligibility,measured,17,600,eligibility,edge_log_gain,6678,0.031541765170086083,0.011498586517695435,0.5642213752605194,0.8494247710631583,0.7192273135669363,6678,6678,6678
cue,eligibility,measured,17,600,eligibility,alpha_logit,256,0.007545725411273934,0.0043437262557319885,0.42124819245649814,0.9199951535986943,0.8203125,256,256,256
cue,eligibility,measured,17,600,eligibility,beta_logit,256,0.001630612307718485,0.001630612307718485,0.9999999999999999,4.0157635754501484e-16,1.0,256,256,256
cue,eligibility,measured,17,600,eligibility,recurrent_logit,1,0.01892697399088468,0.00018086691459076685,-1.0,1.0095560396858934,0.0,1,1,1
cue,eligibility,measured,17,600,eligibility,combined_core,8471,1.311139546554014,0.2982748069258225,0.5368772105630525,0.8985997852998027,0.7323810648093495,8471,8471,8471
cue,eligibility,measured,17,600,instantaneous,input.weight,1024,0.6847655734916634,0.15252738711577052,0.20716297196370162,0.9784305135538746,0.78125,512,1024,512
cue,eligibility,measured,17,600,instantaneous,input.bias,256,1.1174839192290522,0.13929199294167197,0.626706811667509,0.9269853023302012,0.734375,256,256,256
cue,eligibility,measured,17,600,instantaneous,edge_log_gain,6678,0.031541765170086083,0.005568553249296978,0.5062791935610003,0.9232582298806441,0.6744534291704103,6678,6678,6678
cue,eligibility,measured,17,600,instantaneous,alpha_logit,256,0.007545725411273934,0.004251846913198454,0.35379833218242074,0.9585364453463251,0.765625,256,256,256
cue,eligibility,measured,17,600,instantaneous,beta_logit,256,0.001630612307718485,0.0002688129266216261,0.6167871356852406,0.907643766930929,0.578125,256,256,256
cue,eligibility,measured,17,600,instantaneous,recurrent_logit,1,0.01892697399088468,0.00766895250984945,-1.0,1.4051864029370387,0.0,1,1,1
cue,eligibility,measured,17,600,instantaneous,combined_core,8471,1.311139546554014,0.20682078038359275,0.4393674324955887,0.9414189133903437,0.6830003769317754,7959,8471,7959
cue,eligibility,measured,29,600,eligibility,input.weight,1024,0.03823211279078382,0.00625075694907337,0.22013988574650523,0.977111600941233,0.7900390625,1024,1024,1024
cue,eligibility,measured,29,600,eligibility,input.bias,256,0.05578839906003359,0.009393890508709148,0.38201175571917423,0.9485271258352683,0.83203125,256,256,256
cue,eligibility,measured,29,600,eligibility,edge_log_gain,6678,0.0009328497849848459,0.00024529963200714745,0.4693312207093317,0.9068177397584863,0.7412398921832885,6678,6678,6678
cue,eligibility,measured,29,600,eligibility,alpha_logit,256,0.0003544864477171148,0.0001621990307056396,0.4962596244638051,0.8690362477138877,0.80859375,256,256,256
cue,eligibility,measured,29,600,eligibility,beta_logit,256,9.256273255071745e-05,9.256273255071745e-05,1.0,2.025514658267063e-16,1.0,256,256,256
cue,eligibility,measured,29,600,eligibility,recurrent_logit,1,0.00892815393219252,0.00133697048670094,1.0,0.8502523033479313,1.0,1,1,1
cue,eligibility,measured,29,600,eligibility,combined_core,8471,0.06822577436708296,0.011366603701317127,0.3415766127118092,0.9560027508634735,0.7597686223586353,8471,8471,8471
cue,eligibility,measured,29,600,instantaneous,input.weight,1024,0.03823211279078382,0.0058334764789747424,0.15635184666702273,0.9877086224110627,0.833984375,512,1024,512
cue,eligibility,measured,29,600,instantaneous,input.bias,256,0.05578839906003359,0.005708219306465826,0.541927299924947,0.9484567268863467,0.79296875,256,256,256
cue,eligibility,measured,29,600,instantaneous,edge_log_gain,6678,0.0009328497849848459,0.00014001107718440096,0.4148430411215628,0.9476284192688981,0.6509433962264151,6678,6678,6678
cue,eligibility,measured,29,600,instantaneous,alpha_logit,256,0.0003544864477171148,0.00014309785286185453,0.3368187458635708,0.9439401958619568,0.74609375,256,256,256
cue,eligibility,measured,29,600,instantaneous,beta_logit,256,9.256273255071745e-05,1.5233784649142306e-05,0.763570564925884,0.8807679300891172,0.61328125,256,256,256
cue,eligibility,measured,29,600,instantaneous,recurrent_logit,1,0.00892815393219252,0.0007589987685009843,1.0,0.9149881628088604,1.0,1,1,1
cue,eligibility,measured,29,600,instantaneous,combined_core,8471,0.06822577436708296,0.008199366242428101,0.38307883604638665,0.9603991148418132,0.669179545168991,7959,8471,7959
cue,eligibility,measured,41,600,eligibility,input.weight,1024,0.023146677265710503,0.002704701402182832,0.18169221615628434,0.9854909352372505,0.8203125,1024,1024,1024
cue,eligibility,measured,41,600,eligibility,input.bias,256,0.01413729990028133,0.0034837116576320556,0.4269598890315066,0.9221171022432656,0.8125,256,256,256
cue,eligibility,measured,41,600,eligibility,edge_log_gain,6678,0.0004849447554765076,0.00014478276408005217,0.6066134008915403,0.8525960680563724,0.7256663671758011,6678,6678,6678
cue,eligibility,measured,41,600,eligibility,alpha_logit,256,0.0001912327888975523,9.978327385278594e-05,0.6025957119862198,0.8021271976345158,0.79296875,256,256,256
cue,eligibility,measured,41,600,eligibility,beta_logit,256,3.1907524805485376e-05,3.190752480548538e-05,0.9999999999999998,2.316676284623237e-16,1.0,256,256,256
cue,eligibility,measured,41,600,eligibility,recurrent_logit,1,0.0051883147314438095,0.0008756165576926384,1.0,0.8312329526992726,1.0,1,1,1
cue,eligibility,measured,41,600,eligibility,combined_core,8471,0.027619255713207145,0.004500033087128522,0.29770306515605266,0.9641246772229706,0.750088537362767,8471,8471,8471
cue,eligibility,measured,41,600,instantaneous,input.weight,1024,0.023146677265710503,0.002929900934949887,0.11397829439028513,0.9935631562374508,0.880859375,512,1024,512
cue,eligibility,measured,41,600,instantaneous,input.bias,256,0.01413729990028133,0.0023824667734321393,0.5011844632549477,0.9270800791475111,0.73046875,256,256,256
cue,eligibility,measured,41,600,instantaneous,edge_log_gain,6678,0.0004849447554765076,6.546525977920334e-05,0.5328330786271039,0.9350742287628204,0.6293800539083558,6678,6678,6678
cue,eligibility,measured,41,600,instantaneous,alpha_logit,256,0.0001912327888975523,8.797874043208316e-05,0.47767744735426465,0.8787118964245073,0.75,256,256,256
cue,eligibility,measured,41,600,instantaneous,beta_logit,256,3.1907524805485376e-05,7.478140241431233e-06,0.4350686166254672,0.9224942086497292,0.6171875,256,256,256
cue,eligibility,measured,41,600,instantaneous,recurrent_logit,1,0.0051883147314438095,0.0004616313089695735,1.0,0.9110248061529779,1.0,1,1,1
cue,eligibility,measured,41,600,instantaneous,combined_core,8471,0.027619255713207145,0.0038060022020667277,0.25714282129378735,0.9737143750567998,0.6523432592034175,7959,8471,7959
cue,eligibility,null,17,600,eligibility,input.weight,1024,0.04526128736042118,0.027966618781784528,0.6546011929606306,0.7568651082387482,0.8125,1024,1024,1024
cue,eligibility,null,17,600,eligibility,input.bias,256,0.012467539854114829,0.010273494506796727,0.8847853722229219,0.4699439865153756,0.8671875,256,256,256
cue,eligibility,null,17,600,eligibility,edge_log_gain,6678,0.0012936073599229478,0.0009970915679996949,0.8066984368400115,0.5920536248742282,0.8095238095238095,6678,6678,6678
cue,eligibility,null,17,600,eligibility,alpha_logit,256,0.0011224549270152568,0.0009003587445865633,0.901088285142334,0.44478303011597303,0.87890625,256,256,256
cue,eligibility,null,17,600,eligibility,beta_logit,256,0.0006329806519627094,0.0006329806519627095,1.0,9.545411964006106e-16,1.0,256,256,256
cue,eligibility,null,17,600,eligibility,recurrent_logit,1,0.0017056955310619235,0.00108727357632265,1.0,0.3625629213874175,1.0,1,1,1
cue,eligibility,null,17,600,eligibility,combined_core,8471,0.047013477539444314,0.029850697165498558,0.6741783769546763,0.7396101902237295,0.8195018297721639,8471,8471,8471
cue,eligibility,null,17,600,instantaneous,input.weight,1024,0.04526128736042118,0.01860265073294809,0.14523199419916719,1.0244722413448932,0.796875,512,1024,512
cue,eligibility,null,17,600,instantaneous,input.bias,256,0.012467539854114829,0.005775468462739202,0.6994010018807167,0.7527350507081233,0.859375,256,256,256
cue,eligibility,null,17,600,instantaneous,edge_log_gain,6678,0.0012936073599229478,0.00043022920223302245,0.4826607683435707,0.8885733092237535,0.6946690625935908,6678,6678,6678
cue,eligibility,null,17,600,instantaneous,alpha_logit,256,0.0011224549270152568,0.0007922910334688856,0.5030094927544945,0.8877657184355979,0.75390625,256,256,256
cue,eligibility,null,17,600,instantaneous,beta_logit,256,0.0006329806519627094,6.0950617391437905e-05,-0.28646544407846986,1.031717199795779,0.4296875,256,256,256
cue,eligibility,null,17,600,instantaneous,recurrent_logit,1,0.0017056955310619235,0.00011915822219640587,1.0,0.9301409776677899,1.0,1,1,1
cue,eligibility,null,17,600,instantaneous,combined_core,8471,0.047013477539444314,0.019499881696153857,0.18931026835186557,1.0074694474446264,0.6999623068224652,7959,8471,7959
cue,eligibility,null,29,600,eligibility,input.weight,1024,4.5956315888746735,2.3295475664955814,0.5296877797928863,0.8484986278971715,0.787109375,1024,1024,1024
cue,eligibility,null,29,600,eligibility,input.bias,256,20.070446401459183,3.9732507152021412,0.702459444685504,0.8723904700982839,0.7890625,256,256,256
cue,eligibility,null,29,600,eligibility,edge_log_gain,6678,0.10547800567043748,0.0165915578664618,0.4004154782049603,0.948036492447103,0.6961665169212339,6678,6678,6678
cue,eligibility,null,29,600,eligibility,alpha_logit,256,0.04493591328369415,0.03983556411674289,0.8624565399858334,0.5067017593986378,0.859375,256,256,256
cue,eligibility,null,29,600,eligibility,beta_logit,256,0.005452601034061779,0.005452601034061779,1.0,2.447502724662722e-16,1.0,256,256,256
cue,eligibility,null,29,600,eligibility,recurrent_logit,1,0.3131948759006773,0.05620933681549882,1.0,0.8205291939919083,1.0,1,1,1
cue,eligibility,null,29,600,eligibility,combined_core,8471,20.5925693895065,4.606361306148709,0.6505399626513667,0.8712050593593567,0.7241175776177546,8471,8471,8471
cue,eligibility,null,29,600,instantaneous,input.weight,1024,4.5956315888746735,2.333246303936729,0.5152590442360335,0.8570677402332826,0.853515625,512,1024,512
cue,eligibility,null,29,600,instantaneous,input.bias,256,20.070446401459183,2.3159423895545426,0.7382978651651864,0.9181119909258999,0.7734375,256,256,256
cue,eligibility,null,29,600,instantaneous,edge_log_gain,6678,0.10547800567043748,0.008553515592553887,0.32461741391541254,0.976692239986434,0.6349206349206349,6678,6678,6678
cue,eligibility,null,29,600,instantaneous,alpha_logit,256,0.04493591328369415,0.03962005623553177,0.8382689379284366,0.5469840616752811,0.85546875,256,256,256
cue,eligibility,null,29,600,instantaneous,beta_logit,256,0.005452601034061779,0.001253701533988813,0.12815206295065074,0.9969630065594225,0.53515625,256,256,256
cue,eligibility,null,29,600,instantaneous,recurrent_logit,1,0.3131948759006773,0.024757030819130537,1.0,0.9209532699156238,1.0,1,1,1
cue,eligibility,null,29,600,instantaneous,combined_core,8471,20.5925693895065,3.287838934679986,0.5886132230310476,0.9151689026127063,0.6573690162080663,7959,8471,7959
cue,eligibility,null,41,600,eligibility,input.weight,1024,0.10840824739332475,0.03554003701690589,0.34908758652504335,0.9373310630867362,0.75390625,1024,1024,1024
cue,eligibility,null,41,600,eligibility,input.bias,256,0.0445959098953471,0.008885678515097879,0.6451216915732652,0.8846585210232583,0.7265625,256,256,256
cue,eligibility,null,41,600,eligibility,edge_log_gain,6678,0.0028475993041467075,0.0015676775327083184,0.5811803837003006,0.8143519209521819,0.7377957472297095,6678,6678,6678
cue,eligibility,null,41,600,eligibility,alpha_logit,256,0.002087700162830661,0.0016034778167158664,0.8449153800548466,0.5403932236431858,0.859375,256,256,256
cue,eligibility,null,41,600,eligibility,beta_logit,256,0.0006582872204436926,0.0006582872204436926,1.0,6.399415342714587e-16,1.0,256,256,256
cue,eligibility,null,41,600,eligibility,recurrent_logit,1,0.003817919433164008,0.0006496985411498281,1.0,0.8298291641499081,1.0,1,1,1
cue,eligibility,null,41,600,eligibility,combined_core,8471,0.11733976498577035,0.036714216838316764,0.3734767866178575,0.9296160917619376,0.7510329358989494,8471,8471,8471
cue,eligibility,null,41,600,instantaneous,input.weight,1024,0.10840824739332475,0.03870397013441736,0.1402355756014907,1.013572740637738,0.8046875,512,1024,512
cue,eligibility,null,41,600,instantaneous,input.bias,256,0.0445959098953471,0.005640072974772469,0.6919377469462473,0.9170470057585045,0.74609375,256,256,256
cue,eligibility,null,41,600,instantaneous,edge_log_gain,6678,0.0028475993041467075,0.0007763581821080201,0.3885575531774817,0.9286876904335543,0.6596286313267445,6678,6678,6678
cue,eligibility,null,41,600,instantaneous,alpha_logit,256,0.002087700162830661,0.00147439392417157,0.5518689228277692,0.8480964893985451,0.73828125,256,256,256
cue,eligibility,null,41,600,instantaneous,beta_logit,256,0.0006582872204436926,4.917704236148039e-05,-0.8136887330339061,1.061674737811441,0.3359375,256,256,256
cue,eligibility,null,41,600,instantaneous,recurrent_logit,1,0.003817919433164008,0.0014723236068436957,1.0,0.6143649355053197,1.0,1,1,1
cue,eligibility,null,41,600,instantaneous,combined_core,8471,0.11733976498577035,0.03917594226029484,0.16763404237895047,0.9997661795196852,0.6639025003141098,7959,8471,7959
cue,eligibility,measured,17,900,eligibility,input.weight,1024,1.3949376386043546,0.3166076927239193,0.3008695084119148,0.9565243406844931,0.7607421875,1024,1024,1024
cue,eligibility,measured,17,900,eligibility,input.bias,256,3.131835722504558,0.5643065761215939,0.6182725897169788,0.8998114516359524,0.734375,256,256,256
cue,eligibility,measured,17,900,eligibility,edge_log_gain,6678,0.032679103924663486,0.013538237791201894,0.549224963195939,0.8465002007353127,0.7521713087750823,6678,6678,6678
cue,eligibility,measured,17,900,eligibility,alpha_logit,256,0.010287095041511797,0.006424816683152386,0.6399691213996826,0.7685552931062769,0.86328125,256,256,256
cue,eligibility,measured,17,900,eligibility,beta_logit,256,0.004903166759791301,0.004903166759791301,1.0,2.866445116117804e-16,1.0,256,256,256
cue,eligibility,measured,17,900,eligibility,recurrent_logit,1,0.06378774458037467,0.007886454367395365,-1.0,1.1236358867879106,0.0,1,1,1
cue,eligibility,measured,17,900,eligibility,combined_core,8471,3.429214585573694,0.6472967961489594,0.552037022037206,0.9095194839087916,0.7634281666863416,8471,8471,8471
cue,eligibility,measured,17,900,instantaneous,input.weight,1024,1.3949376386043546,0.3167220161972796,0.22366608808256963,0.9746717082269984,0.7421875,512,1024,512
cue,eligibility,measured,17,900,instantaneous,input.bias,256,3.131835722504558,0.3039070511596727,0.6605999369429532,0.9387277499916429,0.75,256,256,256
cue,eligibility,measured,17,900,instantaneous,edge_log_gain,6678,0.032679103924663486,0.007179317817660423,0.5085642492864509,0.9081904713505483,0.6795447738843965,6678,6678,6678
cue,eligibility,measured,17,900,instantaneous,alpha_logit,256,0.010287095041511797,0.006249327582796316,0.6014783938827521,0.7989117002097371,0.828125,256,256,256
cue,eligibility,measured,17,900,instantaneous,beta_logit,256,0.004903166759791301,0.0007504472769798022,0.6798027152423034,0.9029578666015454,0.6640625,256,256,256
cue,eligibility,measured,17,900,instantaneous,recurrent_logit,1,0.06378774458037467,0.017718332527639817,-1.0,1.2777701679875848,0.0,1,1,1
cue,eligibility,measured,17,900,instantaneous,combined_core,8471,3.429214585573694,0.4394057697241552,0.48220731598167743,0.9449034954720059,0.6900364367382837,7959,8471,7959
cue,eligibility,measured,29,900,eligibility,input.weight,1024,0.17334288041197682,0.049343341121907344,0.3286030834253415,0.9454899432912071,0.810546875,1024,1024,1024
cue,eligibility,measured,29,900,eligibility,input.bias,256,0.212674847735999,0.09275814395202768,0.6142762094959695,0.8089460239677121,0.8359375,256,256,256
cue,eligibility,measured,29,900,eligibility,edge_log_gain,6678,0.003778158900303279,0.0007918892482628096,0.40656407665218697,0.9346132032203481,0.7362982929020665,6678,6678,6678
cue,eligibility,measured,29,900,eligibility,alpha_logit,256,0.0015679281200167245,0.0009738874214669597,0.6078309275645541,0.7941778344276609,0.82421875,256,256,256
cue,eligibility,measured,29,900,eligibility,beta_logit,256,0.0003526254787598298,0.00035262547875982987,0.9999999999999998,2.372407648724397e-16,1.0,256,256,256
cue,eligibility,measured,29,900,eligibility,recurrent_logit,1,0.04173425300282806,0.00645405426572046,1.0,0.8453535453172455,1.0,1,1,1
cue,eligibility,measured,29,900,eligibility,combined_core,8471,0.27755531007485534,0.10527199669894334,0.5202231214014078,0.8655819059857469,0.7589422736394759,8471,8471,8471
cue,eligibility,measured,29,900,instantaneous,input.weight,1024,0.17334288041197682,0.04927312636940996,0.29090819029730464,0.9567741241402494,0.818359375,512,1024,512
cue,eligibility,measured,29,900,instantaneous,input.bias,256,0.212674847735999,0.048957510115756164,0.6402944585805893,0.8707476076317645,0.83203125,256,256,256
cue,eligibility,measured,29,900,instantaneous,edge_log_gain,6678,0.003778158900303279,0.00047949196558234083,0.31565663730641463,0.967463487147552,0.6563342318059299,6678,6678,6678
cue,eligibility,measured,29,900,instantaneous,alpha_logit,256,0.0015679281200167245,0.0009984421569931917,0.5736530016305514,0.821528217219305,0.7890625,256,256,256
cue,eligibility,measured,29,900,instantaneous,beta_logit,256,0.0003526254787598298,5.005820361826702e-05,0.8221980857548021,0.8869701946634356,0.71484375,256,256,256
cue,eligibility,measured,29,900,instantaneous,recurrent_logit,1,0.04173425300282806,0.003291395299593486,1.0,0.9211344384342892,1.0,1,1,1
cue,eligibility,measured,29,900,instantaneous,combined_core,8471,0.27755531007485534,0.06954668480292978,0.4812867659037235,0.9064181461387233,0.6786028395527076,7959,8471,7959
cue,eligibility,measured,41,900,eligibility,input.weight,1024,0.014787448100762098,0.003051732015143369,0.33432836478198547,0.9511030887712764,0.7724609375,1024,1024,1024
cue,eligibility,measured,41,900,eligibility,input.bias,256,0.008049333373331675,0.004408926865267238,0.7003288802340336,0.7299475285653515,0.8125,256,256,256
cue,eligibility,measured,41,900,eligibility,edge_log_gain,6678,0.0005446249529026236,0.00017160550891626137,0.6888161925739573,0.8156004071963587,0.7367475292003594,6678,6678,6678
cue,eligibility,measured,41,900,eligibility,alpha_logit,256,0.00018369795639129095,0.00011800335173063522,0.6770622767295114,0.7367426540028597,0.80859375,256,256,256
cue,eligibility,measured,41,900,eligibility,beta_logit,256,0.0001296684553985576,0.0001296684553985576,1.0,1.965717458108617e-16,1.0,256,256,256
cue,eligibility,measured,41,900,eligibility,recurrent_logit,1,0.00326873015815818,0.000704650110660053,1.0,0.7844269558619364,1.0,1,1,1
cue,eligibility,measured,41,900,eligibility,combined_core,8471,0.01716077390799868,0.005413725457022633,0.45574539588897334,0.9010954763005408,0.7535119820564278,8471,8471,8471
cue,eligibility,measured,41,900,instantaneous,input.weight,1024,0.014787448100762098,0.003028906238697282,0.15408676414680714,0.9893594385938806,0.869140625,512,1024,512
cue,eligibility,measured,41,900,instantaneous,input.bias,256,0.008049333373331675,0.002318775517540744,0.4384189778225565,0.9112592735450807,0.75390625,256,256,256
cue,eligibility,measured,41,900,instantaneous,edge_log_gain,6678,0.0005446249529026236,8.202243982850896e-05,0.5020374825655708,0.9335224635194882,0.6647199760407307,6678,6678,6678
cue,eligibility,measured,41,900,instantaneous,alpha_logit,256,0.00018369795639129095,0.00011092543981414555,0.4301834936411961,0.9192938253426858,0.765625,256,256,256
cue,eligibility,measured,41,900,instantaneous,beta_logit,256,0.0001296684553985576,1.5801022143716172e-05,0.8192998247930345,0.9028699514493237,0.62109375,256,256,256
cue,eligibility,measured,41,900,instantaneous,recurrent_logit,1,0.00326873015815818,0.0002268755591454045,1.0,0.9305921418508154,1.0,1,1,1
cue,eligibility,measured,41,900,instantaneous,combined_core,8471,0.01716077390799868,0.0038238393309653327,0.24167759743577877,0.9705397372352604,0.6826234451564267,7959,8471,7959
cue,eligibility,null,17,900,eligibility,input.weight,1024,0.45784667495443804,0.205545473260213,0.581705982254455,0.8241632603926969,0.74609375,1024,1024,1024
cue,eligibility,null,17,900,eligibility,input.bias,256,1.052594044938938,0.2535461528660339,0.6492688140444851,0.863269092571143,0.7421875,256,256,256
cue,eligibility,null,17,900,eligibility,edge_log_gain,6678,0.01460217032846827,0.006394455485562314,0.646883705800696,0.790702810706683,0.7743336328241989,6678,6678,6678
cue,eligibility,null,17,900,eligibility,alpha_logit,256,0.00810532063345583,0.004775284636701788,0.8582448360228235,0.5795045376968753,0.83203125,256,256,256
cue,eligibility,null,17,900,eligibility,beta_logit,256,0.005639304062633314,0.005639304062633314,1.0,3.2610122744962235e-16,1.0,256,256,256
cue,eligibility,null,17,900,eligibility,recurrent_logit,1,0.09698594892939633,0.02912257440017881,1.0,0.6997237772929416,1.0,1,1,1
cue,eligibility,null,17,900,eligibility,combined_core,8471,1.152082808156023,0.32783869769332336,0.6115237634951265,0.8561208128985056,0.778538543265258,8471,8471,8471
cue,eligibility,null,17,900,instantaneous,input.weight,1024,0.45784667495443804,0.13496540746837385,0.26814464398045057,0.9637468811252635,0.755859375,512,1024,512
cue,eligibility,null,17,900,instantaneous,input.bias,256,1.052594044938938,0.12802037095703583,0.6689416661223029,0.9230785531074606,0.69140625,256,256,256
cue,eligibility,null,17,900,instantaneous,edge_log_gain,6678,0.01460217032846827,0.002095810195816276,0.44170195434958603,0.9454139322788249,0.6762503743635819,6678,6678,6678
cue,eligibility,null,17,900,instantaneous,alpha_logit,256,0.00810532063345583,0.0035329862509828813,0.5461301878823362,0.844923581352768,0.734375,256,256,256
cue,eligibility,null,17,900,instantaneous,beta_logit,256,0.005639304062633314,0.0007613918883751876,-0.6361357253311611,1.090873559171113,0.546875,256,256,256
cue,eligibility,null,17,900,instantaneous,recurrent_logit,1,0.09698594892939633,0.030151612874709154,1.0,0.6891135962730139,1.0,1,1,1
cue,eligibility,null,17,900,instantaneous,combined_core,8471,1.152082808156023,0.18849787925030287,0.5049728443025694,0.9281851609031763,0.6796079909536374,7959,8471,7959
cue,eligibility,null,29,900,eligibility,input.weight,1024,0.03600870435439639,0.014184693274908525,0.5368726342084584,0.855688075947692,0.794921875,1024,1024,1024
cue,eligibility,null,29,900,eligibility,input.bias,256,0.08334263468483959,0.025969401795394878,0.6221627530588539,0.8422374655453799,0.7578125,256,256,256
cue,eligibility,null,29,900,eligibility,edge_log_gain,6678,0.0009013431208899588,0.0003648731636463459,0.6124385942960109,0.8173300384907993,0.7695417789757413,6678,6678,6678
cue,eligibility,null,29,900,eligibility,alpha_logit,256,0.0003703944496887299,0.00028353407756742584,0.7331006559316079,0.6808910655123802,0.83203125,256,256,256
cue,eligibility,null,29,900,eligibility,beta_logit,256,0.0002872193977331903,0.0002872193977331903,1.0,1.738001273248396e-16,1.0,256,256,256
cue,eligibility,null,29,900,eligibility,recurrent_logit,1,0.008913736904818122,0.0025067486241993316,1.0,0.7187769113036796,1.0,1,1,1
cue,eligibility,null,29,900,eligibility,combined_core,8471,0.09123107122879602,0.029701770327035137,0.6065223249016497,0.8432478330330587,0.7811356392397591,8471,8471,8471
cue,eligibility,null,29,900,instantaneous,input.weight,1024,0.03600870435439639,0.013497975186366548,0.37080489144458845,0.9287196135744596,0.861328125,512,1024,512
cue,eligibility,null,29,900,instantaneous,input.bias,256,0.08334263468483959,0.012768807331575406,0.6174607539352283,0.9133850729389666,0.71875,256,256,256
cue,eligibility,null,29,900,instantaneous,edge_log_gain,6678,0.0009013431208899588,0.00013587032645934741,0.37656515481063046,0.9535170425845788,0.6539383048817011,6678,6678,6678
cue,eligibility,null,29,900,instantaneous,alpha_logit,256,0.0003703944496887299,0.0002773153499977094,0.6964399116386153,0.7195157091449271,0.7890625,256,256,256
cue,eligibility,null,29,900,instantaneous,beta_logit,256,0.0002872193977331903,2.18962741891896e-05,0.21000131312734882,0.9868093932959473,0.64453125,256,256,256
cue,eligibility,null,29,900,instantaneous,recurrent_logit,1,0.008913736904818122,0.00031816628291839546,1.0,0.9643060720418596,1.0,1,1,1
cue,eligibility,null,29,900,instantaneous,combined_core,8471,0.09123107122879602,0.018585877665099032,0.4955597622142322,0.9162909761496636,0.6734514386229425,7959,8471,7959
cue,eligibility,null,41,900,eligibility,input.weight,1024,0.9383352981430481,0.4071473020088031,0.5321453735913635,0.8523336773698111,0.7431640625,1024,1024,1024
cue,eligibility,null,41,900,eligibility,input.bias,256,1.7642855753306976,0.5915160944551965,0.5628086951387332,0.8573325963454022,0.73046875,256,256,256
cue,eligibility,null,41,900,eligibility,edge_log_gain,6678,0.021604246301393057,0.009152223042374485,0.5564855680748504,0.8414120366824831,0.7870619946091644,6678,6678,6678
cue,eligibility,null,41,900,eligibility,alpha_logit,256,0.008394176190119609,0.006540535290004694,0.821728824790613,0.5714652531146532,0.85546875,256,256,256
cue,eligibility,null,41,900,eligibility,beta_logit,256,0.009875861020431335,0.009875861020431335,1.0,2.577898556359148e-16,1.0,256,256,256
cue,eligibility,null,41,900,eligibility,recurrent_logit,1,0.0483392588127086,0.004723711732700917,1.0,0.9022800132082489,1.0,1,1,1
cue,eligibility,null,41,900,eligibility,combined_core,8471,1.9990368043852507,0.7182663874945713,0.5509880642644392,0.8562441688962306,0.7885727777121946,8471,8471,8471
cue,eligibility,null,41,900,instantaneous,input.weight,1024,0.9383352981430481,0.3384576581184177,0.356989360674224,0.9341158205103319,0.8125,512,1024,512
cue,eligibility,null,41,900,instantaneous,input.bias,256,1.7642855753306976,0.3351149479343006,0.6629986389661634,0.8855584511542112,0.76953125,256,256,256
cue,eligibility,null,41,900,instantaneous,edge_log_gain,6678,0.021604246301393057,0.0030660033191163673,0.35845109043199197,0.9583318623776224,0.6265348906858341,6678,6678,6678
cue,eligibility,null,41,900,instantaneous,alpha_logit,256,0.008394176190119609,0.006098497334584936,0.7832110304636851,0.6243355579674174,0.83203125,256,256,256
cue,eligibility,null,41,900,instantaneous,beta_logit,256,0.009875861020431335,0.0012350943781845231,0.35806457746420217,0.9623304970500985,0.55078125,256,256,256
cue,eligibility,null,41,900,instantaneous,recurrent_logit,1,0.0483392588127086,0.027654269238381896,-1.0,1.572087158918363,0.0,1,1,1
cue,eligibility,null,41,900,instantaneous,combined_core,8471,1.9990368043852507,0.4771461943464891,0.528495993531454,0.8970399264483383,0.6471918582736524,7959,8471,7959
cue,instantaneous,measured,17,0,eligibility,input.weight,1024,0.665171671808976,0.502003687092151,0.7537461957223066,0.6571663246406351,0.798828125,1024,1024,1024
cue,instantaneous,measured,17,0,eligibility,input.bias,256,1.94613318088178,1.0016454879606342,0.662388765805711,0.7635820425639238,0.8828125,256,256,256
cue,instantaneous,measured,17,0,eligibility,edge_log_gain,6678,0.02181784857411836,0.012546500499869788,0.6813659634315526,0.7396229299567562,0.7987421383647799,6678,6678,6678
cue,instantaneous,measured,17,0,eligibility,alpha_logit,256,0.013389606788380708,0.013106171262733798,0.9492199364303021,0.31600374593312686,0.921875,256,256,256
cue,instantaneous,measured,17,0,eligibility,beta_logit,256,0.006923364425431528,0.006923364425431528,1.0,2.0968002992244783e-16,1.0,256,256,256
cue,instantaneous,measured,17,0,eligibility,recurrent_logit,1,0.057826387216949444,0.005598061493189794,1.0,0.9031919204603369,1.0,1,1,1
cue,instantaneous,measured,17,0,eligibility,combined_core,8471,2.057652748844195,1.1205845988025271,0.6694639631460206,0.7532666193580598,0.8111202927635462,8471,8471,8471
cue,instantaneous,measured,17,0,instantaneous,input.weight,1024,0.665171671808976,0.4913666258578658,0.6848305633423544,0.7306912577579285,0.755859375,512,1024,512
cue,instantaneous,measured,17,0,instantaneous,input.bias,256,1.94613318088178,0.47098847444219144,0.676274193598436,0.8551236578373068,0.8046875,256,256,256
cue,instantaneous,measured,17,0,instantaneous,edge_log_gain,6678,0.02181784857411836,0.00580051176643142,0.5579317624423633,0.8797826813312518,0.7115902964959568,6678,6678,6678
cue,instantaneous,measured,17,0,instantaneous,alpha_logit,256,0.013389606788380708,0.013656616532189586,0.8102465604982876,0.6224728966343595,0.8515625,256,256,256
cue,instantaneous,measured,17,0,instantaneous,beta_logit,256,0.006923364425431528,0.0009427633609083235,0.4276102452798129,0.9497821600481282,0.5625,256,256,256
cue,instantaneous,measured,17,0,instantaneous,recurrent_logit,1,0.057826387216949444,0.0021933009643485563,1.0,0.962070932148677,1.0,1,1,1
cue,instantaneous,measured,17,0,instantaneous,combined_core,8471,2.057652748844195,0.6808062518426667,0.6025270472839123,0.8430665262904421,0.7171755245633874,7959,8471,7959
cue,instantaneous,measured,29,0,eligibility,input.weight,1024,0.519019983615001,0.20402330574604383,0.3504468052243283,0.9375530730384196,0.765625,1024,1024,1024
cue,instantaneous,measured,29,0,eligibility,input.bias,256,0.637153762716647,0.37253906975157003,0.7281929644212306,0.7002337969081489,0.8203125,256,256,256
cue,instantaneous,measured,29,0,eligibility,edge_log_gain,6678,0.014827946328139446,0.008062866663363134,0.6214296250167319,0.7873103297807416,0.7469302186283319,6678,6678,6678
cue,instantaneous,measured,29,0,eligibility,alpha_logit,256,0.00787572797560538,0.006428257252264642,0.8669097376615851,0.5010367752339251,0.890625,256,256,256
cue,instantaneous,measured,29,0,eligibility,beta_logit,256,0.004187218597985502,0.004187218597985502,1.0,2.565062535651314e-16,1.0,256,256,256
cue,instantaneous,measured,29,0,eligibility,recurrent_logit,1,0.06535901012495612,0.00012031098241967447,1.0,0.9981592288165066,1.0,1,1,1
cue,instantaneous,measured,29,0,eligibility,combined_core,8471,0.824571336406532,0.42489380716052016,0.5996782827236533,0.8046783511255686,0.7634281666863416,8471,8471,8471
cue,instantaneous,measured,29,0,instantaneous,input.weight,1024,0.519019983615001,0.1872458288671055,0.3014143377465449,0.9553388197360497,0.880859375,512,1024,512
cue,instantaneous,measured,29,0,instantaneous,input.bias,256,0.637153762716647,0.15555025210702747,0.6929086861191956,0.8492803892954377,0.828125,256,256,256
cue,instantaneous,measured,29,0,instantaneous,edge_log_gain,6678,0.014827946328139446,0.003218299803913537,0.4820010189311818,0.9153566771572789,0.631476489967056,6678,6678,6678
cue,instantaneous,measured,29,0,instantaneous,alpha_logit,256,0.00787572797560538,0.0060401119903820515,0.5859223547894473,0.8303359798532235,0.78515625,256,256,256
cue,instantaneous,measured,29,0,instantaneous,beta_logit,256,0.004187218597985502,0.000499098286707673,0.42773419895677317,0.955112289061922,0.546875,256,256,256
cue,instantaneous,measured,29,0,instantaneous,recurrent_logit,1,0.06535901012495612,0.006953359894731014,1.0,0.8936128334649303,1.0,1,1,1
cue,instantaneous,measured,29,0,instantaneous,combined_core,8471,0.824571336406532,0.24362331595744058,0.4901951983871819,0.8931027965334067,0.6561125769569042,7959,8471,7959
cue,instantaneous,measured,41,0,eligibility,input.weight,1024,1.4339779917889077,0.3797784153117274,0.24309063938974382,0.9702474362167558,0.7529296875,1024,1024,1024
cue,instantaneous,measured,41,0,eligibility,input.bias,256,2.4909678052115938,0.582687132442392,0.5980649226154187,0.880295342222168,0.8203125,256,256,256
cue,instantaneous,measured,41,0,eligibility,edge_log_gain,6678,0.023318074118226378,0.008029074790549266,0.4076960598412296,0.915313817807501,0.7604073075771189,6678,6678,6678
cue,instantaneous,measured,41,0,eligibility,alpha_logit,256,0.009714404379335875,0.007959364282064738,0.8337187857049131,0.5523765399070523,0.83984375,256,256,256
cue,instantaneous,measured,41,0,eligibility,beta_logit,256,0.004560498495260591,0.004560498495260591,1.0,1.9920207595392604e-16,1.0,256,256,256
cue,instantaneous,measured,41,0,eligibility,recurrent_logit,1,0.16838120170616003,0.01560937262815794,1.0,0.9072974152102936,1.0,1,1,1
cue,instantaneous,measured,41,0,eligibility,combined_core,8471,2.87927501586826,0.695807593543475,0.5007632633904183,0.9035321225084603,0.7709833549757998,8471,8471,8471
cue,instantaneous,measured,41,0,instantaneous,input.weight,1024,1.4339779917889077,0.3755294667538673,0.24521791409976032,0.9696111507622995,0.76953125,512,1024,512
cue,instantaneous,measured,41,0,instantaneous,input.bias,256,2.4909678052115938,0.3546452134722497,0.6695415542944969,0.9108355292608731,0.8046875,256,256,256
cue,instantaneous,measured,41,0,instantaneous,edge_log_gain,6678,0.023318074118226378,0.005080440897434794,0.39861698098477505,0.9347576829811036,0.692722371967655,6678,6678,6678
cue,instantaneous,measured,41,0,instantaneous,alpha_logit,256,0.009714404379335875,0.008142121120282432,0.7730915346016415,0.6376221377039974,0.8203125,256,256,256
cue,instantaneous,measured,41,0,instantaneous,beta_logit,256,0.004560498495260591,0.0005526987423032339,0.42508543372359914,0.954805330305694,0.61328125,256,256,256
cue,instantaneous,measured,41,0,instantaneous,recurrent_logit,1,0.16838120170616003,0.025325614248367316,1.0,0.8495935770041436,1.0,1,1,1
cue,instantaneous,measured,41,0,instantaneous,combined_core,8471,2.87927501586826,0.5172324478106815,0.4887703770191788,0.9255621099379332,0.7028521171001382,7959,8471,7959
cue,instantaneous,null,17,0,eligibility,input.weight,1024,0.5678784980259866,0.451931296991585,0.8066004054495222,0.5911953301510324,0.7978515625,1024,1024,1024
cue,instantaneous,null,17,0,eligibility,input.bias,256,0.9557048307215167,0.8807020260936547,0.8837900562572674,0.4694025532590717,0.8828125,256,256,256
cue,instantaneous,null,17,0,eligibility,edge_log_gain,6678,0.010714903514331806,0.007557465731447346,0.7297986426202739,0.6841001448467133,0.7512728361784966,6678,6678,6678
cue,instantaneous,null,17,0,eligibility,alpha_logit,256,0.01234909485110811,0.01246027378397651,0.9793205479565332,0.20448059189784729,0.90625,256,256,256
cue,instantaneous,null,17,0,eligibility,beta_logit,256,0.0038819318014191935,0.003881931801419194,0.9999999999999999,2.4785933590847403e-16,1.0,256,256,256
cue,instantaneous,null,17,0,eligibility,recurrent_logit,1,0.01146158719446312,0.0019850790462105166,1.0,0.8268059202856763,1.0,1,1,1
cue,instantaneous,null,17,0,eligibility,combined_core,8471,1.1118774476808053,0.9900047169636869,0.8640667495307972,0.5040650486518012,0.7731082516822099,8471,8471,8471
cue,instantaneous,null,17,0,instantaneous,input.weight,1024,0.5678784980259866,0.4405296416597894,0.7103682238418616,0.7068601551436419,0.771484375,512,1024,512
cue,instantaneous,null,17,0,instantaneous,input.bias,256,0.9557048307215167,0.416680801150474,0.8002868937714556,0.7016058635337726,0.8515625,256,256,256
cue,instantaneous,null,17,0,instantaneous,edge_log_gain,6678,0.010714903514331806,0.0037909958207339887,0.4982249169724519,0.8789930554874192,0.681790955375861,6678,6678,6678
cue,instantaneous,null,17,0,instantaneous,alpha_logit,256,0.01234909485110811,0.012818899590994555,0.8605864313700444,0.5393348323531196,0.83984375,256,256,256
cue,instantaneous,null,17,0,instantaneous,beta_logit,256,0.0038819318014191935,0.0007427136055197966,-0.10804470901918221,1.0382432406722237,0.52734375,256,256,256
cue,instantaneous,null,17,0,instantaneous,recurrent_logit,1,0.01146158719446312,0.0036327564371029034,-1.0,1.3169505562770416,0.0,1,1,1
cue,instantaneous,null,17,0,instantaneous,combined_core,8471,1.1118774476808053,0.6065325214752881,0.7362488850144047,0.7030800515455518,0.693051890941073,7959,8471,7959
cue,instantaneous,null,29,0,eligibility,input.weight,1024,0.3158453854513188,0.2642408058937078,0.8150907503372855,0.5797329879643153,0.8193359375,1024,1024,1024
cue,instantaneous,null,29,0,eligibility,input.bias,256,0.7167528301803092,0.4807765058963814,0.7267795873282012,0.6891505441455491,0.765625,256,256,256
cue,instantaneous,null,29,0,eligibility,edge_log_gain,6678,0.008552532572764858,0.006794604318432395,0.7698683664434031,0.6386761407045386,0.7657981431566337,6678,6678,6678
cue,instantaneous,null,29,0,eligibility,alpha_logit,256,0.008782489685596404,0.00810143624624296,0.9505824869271269,0.31174378730601826,0.8828125,256,256,256
cue,instantaneous,null,29,0,eligibility,beta_logit,256,0.004249369189064149,0.004249369189064149,1.0,2.2590862964464864e-16,1.0,256,256,256
cue,instantaneous,null,29,0,eligibility,recurrent_logit,1,0.032329943155829495,0.007584111950050754,1.0,0.7654152401847559,1.0,1,1,1
cue,instantaneous,null,29,0,eligibility,combined_core,8471,0.7840321979254583,0.5487773937863708,0.7410631832692612,0.6726932997989075,0.7829063864951009,8471,8471,8471
cue,instantaneous,null,29,0,instantaneous,input.weight,1024,0.3158453854513188,0.23680048005588156,0.6096088609870562,0.8049922332912727,0.81640625,512,1024,512
cue,instantaneous,null,29,0,instantaneous,input.bias,256,0.7167528301803092,0.20677628394895237,0.6892354021349184,0.8279801610371817,0.7890625,256,256,256
cue,instantaneous,null,29,0,instantaneous,edge_log_gain,6678,0.008552532572764858,0.0026155721860090333,0.4964489234890747,0.8887498061669898,0.6669661575321952,6678,6678,6678
cue,instantaneous,null,29,0,instantaneous,alpha_logit,256,0.008782489685596404,0.007684688400823214,0.6683468028611581,0.7720223844624524,0.80859375,256,256,256
cue,instantaneous,null,29,0,instantaneous,beta_logit,256,0.004249369189064149,0.00039701210247992144,-0.23536511950494748,1.0260158338521166,0.484375,256,256,256
cue,instantaneous,null,29,0,instantaneous,recurrent_logit,1,0.032329943155829495,0.003048891767028606,1.0,0.9056944903264127,1.0,1,1,1
cue,instantaneous,null,29,0,instantaneous,combined_core,8471,0.7840321979254583,0.31449363741056585,0.5998151568479047,0.8244393269254598,0.6792310591782887,7959,8471,7959
cue,instantaneous,null,41,0,eligibility,input.weight,1024,0.4060155726378395,0.3832728687722014,0.9415014928289861,0.3370179668365638,0.8232421875,1024,1024,1024
cue,instantaneous,null,41,0,eligibility,input.bias,256,0.7030568165227771,0.5722715000098537,0.8762323539548618,0.4858937058675111,0.875,256,256,256
cue,instantaneous,null,41,0,eligibility,edge_log_gain,6678,0.00717897664604188,0.005463330309961892,0.766869932188723,0.641829223736528,0.793351302785265,6678,6678,6678
cue,instantaneous,null,41,0,eligibility,alpha_logit,256,0.009740786898979288,0.008916471358279214,0.8671212000950977,0.5004290551028561,0.8671875,256,256,256
cue,instantaneous,null,41,0,eligibility,beta_logit,256,0.0030911071856217446,0.0030911071856217446,1.0,2.56320597925712e-16,1.0,256,256,256
cue,instantaneous,null,41,0,eligibility,recurrent_logit,1,0.006584161099988043,0.0018648464636904882,1.0,0.7167677954152922,1.0,1,1,1
cue,instantaneous,null,41,0,eligibility,combined_core,8471,0.811995602968202,0.6888505975143859,0.8924415632758214,0.4533130925452865,0.8079329477039311,8471,8471,8471
cue,instantaneous,null,41,0,instantaneous,input.weight,1024,0.4060155726378395,0.3802407094826496,0.8152874779615233,0.5916105633992866,0.84375,512,1024,512
cue,instantaneous,null,41,0,instantaneous,input.bias,256,0.7030568165227771,0.34037104068805607,0.8373222653935036,0.6508733021281223,0.875,256,256,256
cue,instantaneous,null,41,0,instantaneous,edge_log_gain,6678,0.00717897664604188,0.00318533630683662,0.5606391143930207,0.8362761182773822,0.6861335729260257,6678,6678,6678
cue,instantaneous,null,41,0,instantaneous,alpha_logit,256,0.009740786898979288,0.009357337194702884,0.8329484240243853,0.5678914416373753,0.828125,256,256,256
cue,instantaneous,null,41,0,instantaneous,beta_logit,256,0.0030911071856217446,0.0005196032123529489,-0.29945209041638987,1.0625110828661841,0.51953125,256,256,256
cue,instantaneous,null,41,0,instantaneous,recurrent_logit,1,0.006584161099988043,0.0017778754188581135,1.0,0.7299769261627965,1.0,1,1,1
cue,instantaneous,null,41,0,instantaneous,combined_core,8471,0.811995602968202,0.510427839603411,0.7873723109227988,0.6365929590379403,0.701595677848976,7959,8471,7959
cue,instantaneous,measured,17,300,eligibility,input.weight,1024,3.608092919234211,2.4534753846253903,0.6868337082620266,0.7268467941257132,0.76171875,1024,1024,1024
cue,instantaneous,measured,17,300,eligibility,input.bias,256,11.495174197556693,4.724285928244294,0.5166612597649138,0.8626874783845908,0.7890625,256,256,256
cue,instantaneous,measured,17,300,eligibility,edge_log_gain,6678,0.0680311224648807,0.03862497622027804,0.5945471372667298,0.8045070209406024,0.734052111410602,6678,6678,6678
cue,instantaneous,measured,17,300,eligibility,alpha_logit,256,0.046233039721454795,0.04499101044804832,0.9292481588118314,0.37205369865944043,0.94140625,256,256,256
cue,instantaneous,measured,17,300,eligibility,beta_logit,256,0.005215764685337398,0.005215764685337397,1.0,2.917916105807105e-16,1.0,256,256,256
cue,instantaneous,measured,17,300,eligibility,recurrent_logit,1,0.2571645914157248,0.049092967567598574,1.0,0.8090990392676716,1.0,1,1,1
cue,instantaneous,measured,17,300,eligibility,combined_core,8471,12.051153094408283,5.323943312831642,0.5323331371730661,0.8513645098686858,0.753393932239405,8471,8471,8471
cue,instantaneous,measured,17,300,instantaneous,input.weight,1024,3.608092919234211,2.4630420160866033,0.6742737602307505,0.738528911210038,0.701171875,512,1024,512
cue,instantaneous,measured,17,300,instantaneous,input.bias,256,11.495174197556693,2.4439869027807877,0.49631204530232786,0.9133243164570448,0.765625,256,256,256
cue,instantaneous,measured,17,300,instantaneous,edge_log_gain,6678,0.0680311224648807,0.019639544798341322,0.5646284257790583,0.8702526504288096,0.6698113207547169,6678,6678,6678
cue,instantaneous,measured,17,300,instantaneous,alpha_logit,256,0.046233039721454795,0.044335992148664155,0.9179280291463348,0.39886387223112596,0.921875,256,256,256
cue,instantaneous,measured,17,300,instantaneous,beta_logit,256,0.005215764685337398,0.002874484738328408,0.3603963277320208,0.9520966313025752,0.6015625,256,256,256
cue,instantaneous,measured,17,300,instantaneous,recurrent_logit,1,0.2571645914157248,0.021118933464934233,1.0,0.9178777554535337,1.0,1,1,1
cue,instantaneous,measured,17,300,instantaneous,combined_core,8471,12.051153094408283,3.470223857030678,0.47689116460957137,0.8990387217496207,0.6808644302047996,7959,8471,7959
cue,instantaneous,measured,29,300,eligibility,input.weight,1024,19.173616635804475,5.813887479078023,0.3442576380588593,0.9397715120235999,0.845703125,1024,1024,1024
cue,instantaneous,measured,29,300,eligibility,input.bias,256,73.37641393075107,10.949269724092591,0.6706317805343374,0.9067098068034949,0.80859375,256,256,256
cue,instantaneous,measured,29,300,eligibility,edge_log_gain,6678,0.3070830056613465,0.031886135010087364,0.42959223594406915,0.9599832938861345,0.734052111410602,6678,6678,6678
cue,instantaneous,measured,29,300,eligibility,alpha_logit,256,0.11983491620936675,0.09879164153018147,0.7879616900176909,0.6168013986069436,0.875,256,256,256
cue,instantaneous,measured,29,300,eligibility,beta_logit,256,0.01814685709837295,0.01814685709837295,1.0,3.2197527408455775e-16,1.0,256,256,256
cue,instantaneous,measured,29,300,eligibility,recurrent_logit,1,0.21020947729356945,0.0394803177475897,-1.0,1.1878141664015138,0.0,1,1,1
cue,instantaneous,measured,29,300,eligibility,combined_core,8471,75.84114235654675,12.397598946096974,0.6138580295955629,0.9088616556439078,0.7620115688820682,8471,8471,8471
cue,instantaneous,measured,29,300,instantaneous,input.weight,1024,19.173616635804475,5.796735526231314,0.3049938130733225,0.9523580611067044,0.935546875,512,1024,512
cue,instantaneous,measured,29,300,instantaneous,input.bias,256,73.37641393075107,5.766475560233423,0.692181058066443,0.9473026583217208,0.76953125,256,256,256
cue,instantaneous,measured,29,300,instantaneous,edge_log_gain,6678,0.3070830056613465,0.015101172634448592,0.35212930911648965,0.9837609167118928,0.6677148846960168,6678,6678,6678
cue,instantaneous,measured,29,300,instantaneous,alpha_logit,256,0.11983491620936675,0.09883158495464674,0.7905553618708322,0.6133434620412782,0.87109375,256,256,256
cue,instantaneous,measured,29,300,instantaneous,beta_logit,256,0.01814685709837295,0.006673176373693787,0.4568754453875587,0.8939862512478717,0.59765625,256,256,256
cue,instantaneous,measured,29,300,instantaneous,recurrent_logit,1,0.21020947729356945,0.029103171709086356,-1.0,1.1384484281288714,0.0,1,1,1
cue,instantaneous,measured,29,300,instantaneous,combined_core,8471,75.84114235654675,8.177118710238185,0.5269287738161077,0.9476281133916876,0.6924236713154919,7959,8471,7959
cue,instantaneous,measured,41,300,eligibility,input.weight,1024,16.564351639142107,3.8734954813623803,0.25620979576311675,0.9668798850052419,0.7109375,1024,1024,1024
cue,instantaneous,measured,41,300,eligibility,input.bias,256,65.43075637744771,7.14977461682434,0.6131389397590601,0.9369856713971344,0.76953125,256,256,256
cue,instantaneous,measured,41,300,eligibility,edge_log_gain,6678,0.2623730729847733,0.026921008045802493,0.3048991797562434,0.9736319057059339,0.6790955375861036,6678,6678,6678
cue,instantaneous,measured,41,300,eligibility,alpha_logit,256,0.07646021335339083,0.060058108330715475,0.7645997872941274,0.6448435662936342,0.86328125,256,256,256
cue,instantaneous,measured,41,300,eligibility,beta_logit,256,0.00859954347671333,0.00859954347671333,1.0,2.3109172655608465e-16,1.0,256,256,256
cue,instantaneous,measured,41,300,eligibility,recurrent_logit,1,0.16910259954400172,0.034445861958129716,1.0,0.7963019962376945,1.0,1,1,1
cue,instantaneous,measured,41,300,eligibility,combined_core,8471,67.49566638522094,8.13196387732539,0.5525623386577105,0.9388124990169183,0.7009798134812891,8471,8471,8471
cue,instantaneous,measured,41,300,instantaneous,input.weight,1024,16.564351639142107,3.8900858089150328,0.2244237408612894,0.9745473953313867,0.697265625,512,1024,512
cue,instantaneous,measured,41,300,instantaneous,input.bias,256,65.43075637744771,3.856116584697798,0.6737680841506036,0.96127890679369,0.76953125,256,256,256
cue,instantaneous,measured,41,300,instantaneous,edge_log_gain,6678,0.2623730729847733,0.016025179289425748,0.289122024855093,0.9840795736217499,0.6530398322851153,6678,6678,6678
cue,instantaneous,measured,41,300,instantaneous,alpha_logit,256,0.07646021335339083,0.060919008102140064,0.7401532227879833,0.6748150967394505,0.84765625,256,256,256
cue,instantaneous,measured,41,300,instantaneous,beta_logit,256,0.00859954347671333,0.0034524318517553236,0.39256409182364693,0.9197677388182464,0.5390625,256,256,256
cue,instantaneous,measured,41,300,instantaneous,recurrent_logit,1,0.16910259954400172,0.0345374512552566,1.0,0.7957603765501565,1.0,1,1,1
cue,instantaneous,measured,41,300,instantaneous,combined_core,8471,67.49566638522094,5.4779170678504965,0.49892171297312343,0.962082303948289,0.662269129287599,7959,8471,7959
cue,instantaneous,null,17,300,eligibility,input.weight,1024,3.629976227692725,3.188552783748677,0.8963057846053439,0.4437980830418204,0.8037109375,1024,1024,1024
cue,instantaneous,null,17,300,eligibility,input.bias,256,14.47405081083778,11.3021028167144,0.8378647310112384,0.5488470233683351,0.765625,256,256,256
cue,instantaneous,null,17,300,eligibility,edge_log_gain,6678,0.05603396774425819,0.04127452084576437,0.7947550897242691,0.6097102336077257,0.7295597484276729,6678,6678,6678
cue,instantaneous,null,17,300,eligibility,alpha_logit,256,0.08965107586651701,0.086847070438525,0.9858174673546977,0.16868947084489447,0.9296875,256,256,256
cue,instantaneous,null,17,300,eligibility,beta_logit,256,0.02853502585575141,0.028535025855751413,0.9999999999999999,2.8230805814621533e-16,1.0,256,256,256
cue,instantaneous,null,17,300,eligibility,recurrent_logit,1,0.042077134676412636,0.047049497299099796,1.0,0.11817255763554972,1.0,1,1,1
cue,instantaneous,null,17,300,eligibility,combined_core,8471,14.922755648412805,11.743792864187721,0.8413731605316862,0.5431856739439949,0.7538661315074962,8471,8471,8471
cue,instantaneous,null,17,300,instantaneous,input.weight,1024,3.629976227692725,2.924707773336038,0.7971830157369735,0.6037979356774753,0.626953125,512,1024,512
cue,instantaneous,null,17,300,instantaneous,input.bias,256,14.47405081083778,2.918317445343736,0.7247060507290799,0.8651103217851622,0.79296875,256,256,256
cue,instantaneous,null,17,300,instantaneous,edge_log_gain,6678,0.05603396774425819,0.011367886206607659,0.4128580470417751,0.9346877288743913,0.6341719077568134,6678,6678,6678
cue,instantaneous,null,17,300,instantaneous,alpha_logit,256,0.08965107586651701,0.09053706712730017,0.9173479510038953,0.4086996568226125,0.890625,256,256,256
cue,instantaneous,null,17,300,instantaneous,beta_logit,256,0.02853502585575141,0.017950559879901528,0.40093987314668894,0.9440821316017896,0.5390625,256,256,256
cue,instantaneous,null,17,300,instantaneous,recurrent_logit,1,0.042077134676412636,0.0027402651815432834,1.0,0.9348751952190459,1.0,1,1,1
cue,instantaneous,null,17,300,instantaneous,combined_core,8471,14.922755648412805,4.1326926080007444,0.6337307451574896,0.8518718871211879,0.6440507601457469,7959,8471,7959
cue,instantaneous,null,29,300,eligibility,input.weight,1024,10.102748558115872,5.081443693465919,0.6078243130922719,0.8009636057456592,0.796875,1024,1024,1024
cue,instantaneous,null,29,300,eligibility,input.bias,256,46.91012599894457,15.890847927656864,0.7215013664059637,0.7911597115742545,0.82421875,256,256,256
cue,instantaneous,null,29,300,eligibility,edge_log_gain,6678,0.19084285864135647,0.055780302581049,0.5921682485304438,0.8598065853055346,0.733602875112309,6678,6678,6678
cue,instantaneous,null,29,300,eligibility,alpha_logit,256,0.11878148730572402,0.11362755652591688,0.9557101375560613,0.2943109625786965,0.92578125,256,256,256
cue,instantaneous,null,29,300,eligibility,beta_logit,256,0.048746772506600644,0.048746772506600644,1.0,2.2499738064571434e-16,1.0,256,256,256
cue,instantaneous,null,29,300,eligibility,recurrent_logit,1,0.45896090528411604,0.01894721561973956,1.0,0.9587171469255962,1.0,1,1,1
cue,instantaneous,null,29,300,eligibility,combined_core,8471,47.988425698955766,16.684090498985828,0.71076734340486,0.7916123750470178,0.7578798252862708,8471,8471,8471
cue,instantaneous,null,29,300,instantaneous,input.weight,1024,10.102748558115872,4.836070589515982,0.4776465734818091,0.8785526943022434,0.62890625,512,1024,512
cue,instantaneous,null,29,300,instantaneous,input.bias,256,46.91012599894457,4.833854768148279,0.707112865522282,0.9299942795928043,0.81640625,256,256,256
cue,instantaneous,null,29,300,instantaneous,edge_log_gain,6678,0.19084285864135647,0.014982285229550394,0.28167345255731796,0.9807839372127998,0.6172506738544474,6678,6678,6678
cue,instantaneous,null,29,300,instantaneous,alpha_logit,256,0.11878148730572402,0.11386663971117426,0.9370110304063902,0.3499677080350891,0.91015625,256,256,256
cue,instantaneous,null,29,300,instantaneous,beta_logit,256,0.048746772506600644,0.020953187390397265,0.21446987469803552,1.0001929096459732,0.578125,256,256,256
cue,instantaneous,null,29,300,instantaneous,recurrent_logit,1,0.45896090528411604,0.034474399486618866,-1.0,1.0751140218909883,0.0,1,1,1
cue,instantaneous,null,29,300,instantaneous,combined_core,8471,47.988425698955766,6.838753414703807,0.5596824402327945,0.9277875575946711,0.6324915190350546,7959,8471,7959
cue,instantaneous,null,41,300,eligibility,input.weight,1024,0.5413694456727826,0.431026060395188,0.8139427987379511,0.5812165977805834,0.8310546875,1024,1024,1024
cue,instantaneous,null,41,300,eligibility,input.bias,256,1.5625849886129455,1.3051048901748268,0.8784544717084388,0.4797778795522683,0.91796875,256,256,256
cue,instantaneous,null,41,300,eligibility,edge_log_gain,6678,0.01028861749126777,0.008285303293566273,0.8145137121559479,0.5802176496203851,0.8492063492063492,6678,6678,6678
cue,instantaneous,null,41,300,eligibility,alpha_logit,256,0.00954082143569687,0.009573862004014692,0.9868725169728909,0.1623511066113863,0.92578125,256,256,256
cue,instantaneous,null,41,300,eligibility,beta_logit,256,0.007931676696775702,0.007931676696775702,1.0,2.3452898874712275e-16,1.0,256,256,256
cue,instantaneous,null,41,300,eligibility,recurrent_logit,1,0.022418625009706924,0.005978442240553745,1.0,0.733326988699567,1.0,1,1,1
cue,instantaneous,null,41,300,eligibility,combined_core,8471,1.6539392711078205,1.3745330834320517,0.8717143730448739,0.49169738959059933,0.855979223232204,8471,8471,8471
cue,instantaneous,null,41,300,instantaneous,input.weight,1024,0.5413694456727826,0.2729577559915726,0.4951176731946985,0.8688733821701103,0.697265625,512,1024,512
cue,instantaneous,null,41,300,instantaneous,input.bias,256,1.5625849886129455,0.27145616978389836,0.68839727389927,0.8893814236701055,0.828125,256,256,256
cue,instantaneous,null,41,300,instantaneous,edge_log_gain,6678,0.01028861749126777,0.0012872424817659647,0.30536644454097167,0.969145265095174,0.622491764001198,6678,6678,6678
cue,instantaneous,null,41,300,instantaneous,alpha_logit,256,0.00954082143569687,0.009179548109499636,0.9337288583719423,0.3591062066444484,0.86328125,256,256,256
cue,instantaneous,null,41,300,instantaneous,beta_logit,256,0.007931676696775702,0.002049618593994937,-0.08211934587982944,1.0531933036517314,0.5078125,256,256,256
cue,instantaneous,null,41,300,instantaneous,recurrent_logit,1,0.022418625009706924,0.0007884240591274661,1.0,0.9648317388427662,1.0,1,1,1
cue,instantaneous,null,41,300,instantaneous,combined_core,8471,1.6539392711078205,0.3850780859972159,0.5735097880486879,0.887216310505306,0.6380198517401684,7959,8471,7959
cue,instantaneous,measured,17,600,eligibility,input.weight,1024,0.5158405421488718,0.04103774820961434,0.10376702404807027,0.9948962869419534,0.7333984375,1024,1024,1024
cue,instantaneous,measured,17,600,eligibility,input.bias,256,0.37538743922867085,0.03128116129569491,0.6707246316110079,0.9461292340487609,0.7578125,256,256,256
cue,instantaneous,measured,17,600,eligibility,edge_log_gain,6678,0.019984644388324722,0.00682654859128889,0.47445801021620004,0.8902491705119062,0.7021563342318059,6678,6678,6678
cue,instantaneous,measured,17,600,eligibility,alpha_logit,256,0.0045225500783340564,0.0018423381267222818,0.27470536515383065,0.9706369554206229,0.76171875,256,256,256
cue,instantaneous,measured,17,600,eligibility,beta_logit,256,0.0009800279954482126,0.0009800279954482126,1.0,4.1117286430252825e-16,1.0,256,256,256
cue,instantaneous,measured,17,600,eligibility,recurrent_logit,1,0.04413932669649083,0.0038418960578426526,1.0,0.9129597946914743,1.0,1,1,1
cue,instantaneous,measured,17,600,eligibility,combined_core,8471,0.6398251906120387,0.052233365062539464,0.308502273878587,0.9779029761294746,0.7184511864006611,8471,8471,8471
cue,instantaneous,measured,17,600,instantaneous,input.weight,1024,0.5158405421488718,0.05963997929878041,0.07517231423865077,0.997990432105479,0.8515625,512,1024,512
cue,instantaneous,measured,17,600,instantaneous,input.bias,256,0.37538743922867085,0.021027784635454596,0.6819121880835667,0.9626741572789443,0.74609375,256,256,256
cue,instantaneous,measured,17,600,instantaneous,edge_log_gain,6678,0.019984644388324722,0.003465606258085643,0.41528250609789574,0.941297549840701,0.6501946690625936,6678,6678,6678
cue,instantaneous,measured,17,600,instantaneous,alpha_logit,256,0.0045225500783340564,0.001977917749043154,0.2499244377487904,0.9862375465712659,0.7421875,256,256,256
cue,instantaneous,measured,17,600,instantaneous,beta_logit,256,0.0009800279954482126,0.00010276478269768402,0.7988278943195599,0.9184044768662196,0.625,256,256,256
cue,instantaneous,measured,17,600,instantaneous,recurrent_logit,1,0.04413932669649083,0.0010197791196281433,-1.0,1.0231036401311764,0.0,1,1,1
cue,instantaneous,measured,17,600,instantaneous,combined_core,8471,0.6398251906120387,0.0633724542119482,0.1894439653688472,0.9860439560876988,0.6683000376931776,7959,8471,7959
cue,instantaneous,measured,29,600,eligibility,input.weight,1024,2.682719316649589,0.5179575187973039,0.23612523431320526,0.9726759324840892,0.783203125,1024,1024,1024
cue,instantaneous,measured,29,600,eligibility,input.bias,256,5.849148943131477,1.035729467945813,0.545267581384835,0.9155600045952031,0.8671875,256,256,256
cue,instantaneous,measured,29,600,eligibility,edge_log_gain,6678,0.05380290367624269,0.01810634129269744,0.531422236754574,0.86923703737153,0.750973345312968,6678,6678,6678
cue,instantaneous,measured,29,600,eligibility,alpha_logit,256,0.01921824372053098,0.012238543259989187,0.7351515299029423,0.6849974520228388,0.8203125,256,256,256
cue,instantaneous,measured,29,600,eligibility,beta_logit,256,0.002803735805539916,0.002803735805539916,1.0,2.635672890221704e-16,1.0,256,256,256
cue,instantaneous,measured,29,600,eligibility,recurrent_logit,1,0.22040925690895785,0.049087394309899716,1.0,0.7772897790305797,1.0,1,1,1
cue,instantaneous,measured,29,600,eligibility,combined_core,8471,6.439051054748848,1.1592715716348407,0.4880265235175177,0.925574018214045,0.7680321095502302,8471,8471,8471
cue,instantaneous,measured,29,600,instantaneous,input.weight,1024,2.682719316649589,0.5244861311890019,0.2018892043772204,0.9794291715219227,0.875,512,1024,512
cue,instantaneous,measured,29,600,instantaneous,input.bias,256,5.849148943131477,0.5093071116507484,0.6301258877749483,0.9475479043086164,0.8671875,256,256,256
cue,instantaneous,measured,29,600,instantaneous,edge_log_gain,6678,0.05380290367624269,0.008026246523017153,0.49518104596917406,0.9351541927292142,0.6753519017669961,6678,6678,6678
cue,instantaneous,measured,29,600,instantaneous,alpha_logit,256,0.01921824372053098,0.012953036784054885,0.6732345531211686,0.7394293865298296,0.78515625,256,256,256
cue,instantaneous,measured,29,600,instantaneous,beta_logit,256,0.002803735805539916,0.00046650016351611125,0.5248501429432518,0.9235959275907648,0.5625,256,256,256
cue,instantaneous,measured,29,600,instantaneous,recurrent_logit,1,0.22040925690895785,0.048398508666394655,1.0,0.7804152632010999,1.0,1,1,1
cue,instantaneous,measured,29,600,instantaneous,combined_core,8471,6.439051054748848,0.7328398671240159,0.4603445782602972,0.9529784095091134,0.6943083301922353,7959,8471,7959
cue,instantaneous,measured,41,600,eligibility,input.weight,1024,1.228921833883267,0.32471926973492715,0.2729974656230124,0.9620546940435911,0.7646484375,1024,1024,1024
cue,instantaneous,measured,41,600,eligibility,input.bias,256,4.610288884682976,0.6574754934576631,0.4907636417087969,0.938275905371814,0.8359375,256,256,256
cue,instantaneous,measured,41,600,eligibility,edge_log_gain,6678,0.02150269469499209,0.004620738281725652,0.4524040231398378,0.9228992231045475,0.7207247678945792,6678,6678,6678
cue,instantaneous,measured,41,600,eligibility,alpha_logit,256,0.008390818059235064,0.0074156238324289804,0.8612309860249971,0.5087136473317394,0.87890625,256,256,256
cue,instantaneous,measured,41,600,eligibility,beta_logit,256,0.0005001628937306298,0.0005001628937306298,1.0,2.9587553426573966e-16,1.0,256,256,256
cue,instantaneous,measured,41,600,eligibility,recurrent_logit,1,0.03090725634433754,0.00740773915392169,1.0,0.7603236252551142,1.0,1,1,1
cue,instantaneous,measured,41,600,eligibility,combined_core,8471,4.77142544261051,0.733381276074026,0.4563368784530427,0.9398638523391881,0.7427694487073545,8471,8471,8471
cue,instantaneous,measured,41,600,instantaneous,input.weight,1024,1.228921833883267,0.3297802211085793,0.25062506067642815,0.9682464691103245,0.7265625,512,1024,512
cue,instantaneous,measured,41,600,instantaneous,input.bias,256,4.610288884682976,0.32317854949202507,0.5537084568902656,0.9629562041284353,0.84375,256,256,256
cue,instantaneous,measured,41,600,instantaneous,edge_log_gain,6678,0.02150269469499209,0.0022518147336735984,0.4228778563408784,0.9604151108955369,0.6780473195567536,6678,6678,6678
cue,instantaneous,measured,41,600,instantaneous,alpha_logit,256,0.008390818059235064,0.007406234939935921,0.8344855055051241,0.5531316941071402,0.86328125,256,256,256
cue,instantaneous,measured,41,600,instantaneous,beta_logit,256,0.0005001628937306298,0.00018678947498697887,0.24048599471493973,0.9797182501418971,0.5234375,256,256,256
cue,instantaneous,measured,41,600,instantaneous,recurrent_logit,1,0.03090725634433754,0.0029576245284661973,1.0,0.9043064678561137,1.0,1,1,1
cue,instantaneous,measured,41,600,instantaneous,combined_core,8471,4.77142544261051,0.46180956519428307,0.42057446134551396,0.9633046075040876,0.6875235582359593,7959,8471,7959
cue,instantaneous,null,17,600,eligibility,input.weight,1024,0.07965271901160673,0.07142549488679963,0.8850801598114739,0.46558392865184056,0.8623046875,1024,1024,1024
cue,instantaneous,null,17,600,eligibility,input.bias,256,0.050959404552910884,0.012304346074553142,0.5824817189520972,0.8814845616253579,0.73828125,256,256,256
cue,instantaneous,null,17,600,eligibility,edge_log_gain,6678,0.0022007302713007034,0.0017993684305318467,0.851483702358463,0.525473147639493,0.8168613357292602,6678,6678,6678
cue,instantaneous,null,17,600,eligibility,alpha_logit,256,0.0010868459882397543,0.0009575783766630032,0.7722490998065727,0.6445707954404019,0.78515625,256,256,256
cue,instantaneous,null,17,600,eligibility,beta_logit,256,0.0016608133485403037,0.0016608133485403035,0.9999999999999997,9.123968628433491e-16,1.0,256,256,256
cue,instantaneous,null,17,600,eligibility,recurrent_logit,1,0.016255170772768775,0.004408977287406042,1.0,0.7287646282503465,1.0,1,1,1
cue,instantaneous,null,17,600,eligibility,combined_core,8471,0.09599182196462855,0.07265913787640488,0.7855927404349117,0.6194074346942064,0.8245779719041435,8471,8471,8471
cue,instantaneous,null,17,600,instantaneous,input.weight,1024,0.07965271901160673,0.01802538450406681,0.08897508485383179,1.005455855622727,0.818359375,512,1024,512
cue,instantaneous,null,17,600,instantaneous,input.bias,256,0.050959404552910884,0.0069597628824892045,0.62740179521406,0.9204771985456027,0.69921875,256,256,256
cue,instantaneous,null,17,600,instantaneous,edge_log_gain,6678,0.0022007302713007034,0.000424204606058881,0.35194553966644565,0.949460664686535,0.6434561245882,6678,6678,6678
cue,instantaneous,null,17,600,instantaneous,alpha_logit,256,0.0010868459882397543,0.0007896161650265836,0.5779306100888321,0.8295030080048955,0.69921875,256,256,256
cue,instantaneous,null,17,600,instantaneous,beta_logit,256,0.0016608133485403037,0.0001360321773356424,-0.6515411076329448,1.055196786028252,0.42578125,256,256,256
cue,instantaneous,null,17,600,instantaneous,recurrent_logit,1,0.016255170772768775,0.003644970885735881,1.0,0.7757654510869819,1.0,1,1,1
cue,instantaneous,null,17,600,instantaneous,combined_core,8471,0.09599182196462855,0.019684017543350547,0.21708995417738006,0.9762257361915175,0.6513381078024878,7959,8471,7959
cue,instantaneous,null,29,600,eligibility,input.weight,1024,0.3352716146088426,0.13834252301104638,0.35099879414134116,0.9384018490167597,0.6943359375,1024,1024,1024
cue,instantaneous,null,29,600,eligibility,input.bias,256,0.5116361517861641,0.22631045275807343,0.6745947300394365,0.7738670926505484,0.77734375,256,256,256
cue,instantaneous,null,29,600,eligibility,edge_log_gain,6678,0.009620405700190017,0.004229298372109048,0.5274607913115105,0.8541086368246111,0.677747828691225,6678,6678,6678
cue,instantaneous,null,29,600,eligibility,alpha_logit,256,0.00512274261629357,0.004133448357636397,0.8557144616406871,0.519747417530592,0.79296875,256,256,256
cue,instantaneous,null,29,600,eligibility,beta_logit,256,0.0011979877334324434,0.0011979877334324434,0.9999999999999999,5.556369272157665e-16,1.0,256,256,256
cue,instantaneous,null,29,600,eligibility,recurrent_logit,1,0.02148330970660544,0.009600117457155877,1.0,0.5531360117103304,1.0,1,1,1
cue,instantaneous,null,29,600,eligibility,combined_core,8471,0.6121767472268799,0.2654875599542704,0.5822956544793136,0.8264496302349953,0.6960217211663322,8471,8471,8471
cue,instantaneous,null,29,600,instantaneous,input.weight,1024,0.3352716146088426,0.15051516013591743,0.3588396639889789,0.937737310739932,0.8046875,512,1024,512
cue,instantaneous,null,29,600,instantaneous,input.bias,256,0.5116361517861641,0.13001749221840103,0.7050759511551649,0.8403738858949964,0.77734375,256,256,256
cue,instantaneous,null,29,600,instantaneous,edge_log_gain,6678,0.009620405700190017,0.0025601798506577943,0.4919447062084693,0.8994372251610906,0.645402815214136,6678,6678,6678
cue,instantaneous,null,29,600,instantaneous,alpha_logit,256,0.00512274261629357,0.00470617225960822,0.7423643405497324,0.6928081696033769,0.73046875,256,256,256
cue,instantaneous,null,29,600,instantaneous,beta_logit,256,0.0011979877334324434,0.000198882607406707,0.38320402508587403,0.9488552200565831,0.578125,256,256,256
cue,instantaneous,null,29,600,instantaneous,recurrent_logit,1,0.02148330970660544,0.007148669811071248,1.0,0.6672454147568678,1.0,1,1,1
cue,instantaneous,null,29,600,instantaneous,combined_core,8471,0.6121767472268799,0.19909597516290206,0.53490120051057,0.8705425158175052,0.6605101143359718,7959,8471,7959
cue,instantaneous,null,41,600,eligibility,input.weight,1024,0.11143473788653024,0.10588780759495427,0.927492488624926,0.3745321641852506,0.8583984375,1024,1024,1024
cue,instantaneous,null,41,600,eligibility,input.bias,256,0.08129369509088316,0.016545612836470717,0.667225078562657,0.8773966494720521,0.8046875,256,256,256
cue,instantaneous,null,41,600,eligibility,edge_log_gain,6678,0.002964788680220906,0.0022107976262306117,0.798458625379269,0.6043582615578075,0.7957472297094939,6678,6678,6678
cue,instantaneous,null,41,600,eligibility,alpha_logit,256,0.0012597084233050835,0.000839464607037177,0.7290257676897524,0.6873455626978533,0.796875,256,256,256
cue,instantaneous,null,41,600,eligibility,beta_logit,256,0.002480553674593944,0.0024805536745939444,0.9999999999999999,1.2631896248276617e-15,1.0,256,256,256
cue,instantaneous,null,41,600,eligibility,recurrent_logit,1,0.03141408745140706,0.009302582195870632,1.0,0.7038722767210619,1.0,1,1,1
cue,instantaneous,null,41,600,eligibility,combined_core,8471,0.1415264658766567,0.10763024022278543,0.7973637591385552,0.6046241016138499,0.8098217447762956,8471,8471,8471
cue,instantaneous,null,41,600,instantaneous,input.weight,1024,0.11143473788653024,0.01772033793345573,0.06253520600778371,1.002695686183052,0.73828125,512,1024,512
cue,instantaneous,null,41,600,instantaneous,input.bias,256,0.08129369509088316,0.01014712442499193,0.7003276936463665,0.9169239794547186,0.7890625,256,256,256
cue,instantaneous,null,41,600,instantaneous,edge_log_gain,6678,0.002964788680220906,0.00046770140056632105,0.44769483013851125,0.9400192406164265,0.6696615753219527,6678,6678,6678
cue,instantaneous,null,41,600,instantaneous,alpha_logit,256,0.0012597084233050835,0.0006248893837532874,0.5059260148411001,0.8626333117002658,0.7109375,256,256,256
cue,instantaneous,null,41,600,instantaneous,beta_logit,256,0.002480553674593944,0.00017902539773389291,-0.745449230392079,1.0548977114394975,0.30078125,256,256,256
cue,instantaneous,null,41,600,instantaneous,recurrent_logit,1,0.03141408745140706,0.006893858335030726,1.0,0.7805488271561443,1.0,1,1,1
cue,instantaneous,null,41,600,instantaneous,combined_core,8471,0.1415264658766567,0.021567129497238716,0.3008978788696109,0.9651503730501327,0.667420530217364,7959,8471,7959
cue,instantaneous,measured,17,900,eligibility,input.weight,1024,1.8700332802007609,0.2661852941102763,0.22837203676590967,0.9773675288661396,0.7626953125,1024,1024,1024
cue,instantaneous,measured,17,900,eligibility,input.bias,256,3.386282878779466,0.33332994603607835,0.6871828637389592,0.9350953666592893,0.7890625,256,256,256
cue,instantaneous,measured,17,900,eligibility,edge_log_gain,6678,0.04692075613145636,0.022972895282543964,0.5478710234995458,0.8385890705126439,0.7406409104522312,6678,6678,6678
cue,instantaneous,measured,17,900,eligibility,alpha_logit,256,0.014364574168847562,0.006632925839584387,0.4603412823763834,0.887743152426119,0.8046875,256,256,256
cue,instantaneous,measured,17,900,eligibility,beta_logit,256,0.00597190322955085,0.00597190322955085,1.0,2.511102986294217e-16,1.0,256,256,256
cue,instantaneous,measured,17,900,eligibility,recurrent_logit,1,0.12170755193101984,0.008867751639008535,1.0,0.9271388545878032,1.0,1,1,1
cue,instantaneous,measured,17,900,eligibility,combined_core,8471,3.8705545461013227,0.42737514433476304,0.5386870058626221,0.9451092425814638,0.7545744304096329,8471,8471,8471
cue,instantaneous,measured,17,900,instantaneous,input.weight,1024,1.8700332802007609,0.27605389515633566,0.12756009007381153,0.9920336760644792,0.833984375,512,1024,512
cue,instantaneous,measured,17,900,instantaneous,input.bias,256,3.386282878779466,0.21037093889007646,0.7217132612905984,0.9561314644031276,0.8125,256,256,256
cue,instantaneous,measured,17,900,instantaneous,edge_log_gain,6678,0.04692075613145636,0.011533330943146751,0.5132977423759901,0.8989316358024494,0.6430068882899072,6678,6678,6678
cue,instantaneous,measured,17,900,instantaneous,alpha_logit,256,0.014364574168847562,0.007343026477378083,0.39711067429145136,0.924833607665923,0.74609375,256,256,256
cue,instantaneous,measured,17,900,instantaneous,beta_logit,256,0.00597190322955085,0.0007208339722538323,0.7606986959601882,0.9115538449755051,0.62890625,256,256,256
cue,instantaneous,measured,17,900,instantaneous,recurrent_logit,1,0.12170755193101984,0.010768918153598574,-1.0,1.088481922302587,0.0,1,1,1
cue,instantaneous,measured,17,900,instantaneous,combined_core,8471,3.8705545461013227,0.3475127507312262,0.4304569541314405,0.9647616644713942,0.6635255685387611,7959,8471,7959
cue,instantaneous,measured,29,900,eligibility,input.weight,1024,0.21933460652860354,0.052461713761831306,0.40745524934327704,0.9285983211519903,0.8291015625,1024,1024,1024
cue,instantaneous,measured,29,900,eligibility,input.bias,256,0.12064209356719635,0.028388071306220296,0.6399257556699027,0.8684528835009271,0.8203125,256,256,256
cue,instantaneous,measured,29,900,eligibility,edge_log_gain,6678,0.008370878077312256,0.002022389950442432,0.38081458005076824,0.9350729527721617,0.7654986522911051,6678,6678,6678
cue,instantaneous,measured,29,900,eligibility,alpha_logit,256,0.0030148029311121136,0.0012184104480966037,0.4329837296416091,0.9018630149289506,0.7734375,256,256,256
cue,instantaneous,measured,29,900,eligibility,beta_logit,256,0.001653742648321056,0.0016537426483210563,1.0,6.23459948510942e-16,1.0,256,256,256
cue,instantaneous,measured,29,900,eligibility,recurrent_logit,1,0.024536091051058428,0.002200124750620031,1.0,0.910331081424434,1.0,1,1,1
cue,instantaneous,measured,29,900,eligibility,combined_core,8471,0.25168651061716607,0.05976005356517193,0.4617323007703124,0.9149377117689358,0.7821980875929643,8471,8471,8471
cue,instantaneous,measured,29,900,instantaneous,input.weight,1024,0.21933460652860354,0.026555308057980506,0.06082523870184454,0.99996498852834,0.810546875,512,1024,512
cue,instantaneous,measured,29,900,instantaneous,input.bias,256,0.12064209356719635,0.01072170951423724,0.6039179753676036,0.9489759690732809,0.734375,256,256,256
cue,instantaneous,measured,29,900,instantaneous,edge_log_gain,6678,0.008370878077312256,0.0008172501649849679,0.10772970185974912,0.9942315183524935,0.6004791853848458,6678,6678,6678
cue,instantaneous,measured,29,900,instantaneous,alpha_logit,256,0.0030148029311121136,0.0012718217756059217,-0.12097927391046072,1.1313873855711547,0.69921875,256,256,256
cue,instantaneous,measured,29,900,instantaneous,beta_logit,256,0.001653742648321056,0.00012820137196072127,0.2755241547425876,0.9814740491475064,0.48046875,256,256,256
cue,instantaneous,measured,29,900,instantaneous,recurrent_logit,1,0.024536091051058428,0.006121516419806199,1.0,0.7505097121188693,1.0,1,1,1
cue,instantaneous,measured,29,900,instantaneous,combined_core,8471,0.25168651061716607,0.02932429484732293,0.1742378593869635,0.9863942095937593,0.6176655358713407,7959,8471,7959
cue,instantaneous,measured,41,900,eligibility,input.weight,1024,1.1770819520556561,0.10129122745184659,0.19774099085131247,0.9865965471693292,0.708984375,1024,1024,1024
cue,instantaneous,measured,41,900,eligibility,input.bias,256,1.0050841781877446,0.0885370868244211,0.67789476725746,0.9425122076696095,0.76953125,256,256,256
cue,instantaneous,measured,41,900,eligibility,edge_log_gain,6678,0.023781559688451945,0.00570240604943349,0.4121219084566393,0.927284391764297,0.7042527702905061,6678,6678,6678
cue,instantaneous,measured,41,900,eligibility,alpha_logit,256,0.007318837011827678,0.0032008282221264515,0.472861290257754,0.8818525297140293,0.796875,256,256,256
cue,instantaneous,measured,41,900,eligibility,beta_logit,256,0.003198935279020954,0.003198935279020954,1.0,2.7875961588526556e-16,1.0,256,256,256
cue,instantaneous,measured,41,900,eligibility,recurrent_logit,1,0.017743228052351175,0.004189572599380544,-1.0,1.2361223440863895,0.0,1,1,1
cue,instantaneous,measured,41,900,eligibility,combined_core,8471,1.5481150830553745,0.1347934603146674,0.40207402731674335,0.9682790858866716,0.7184511864006611,8471,8471,8471
cue,instantaneous,measured,41,900,instantaneous,input.weight,1024,1.1770819520556561,0.09138453549924186,0.04773133166923733,0.9993077802692092,0.798828125,512,1024,512
cue,instantaneous,measured,41,900,instantaneous,input.bias,256,1.0050841781877446,0.056125656834080155,0.7024313460349055,0.9615967518242741,0.76953125,256,256,256
cue,instantaneous,measured,41,900,instantaneous,edge_log_gain,6678,0.023781559688451945,0.0030332588667667214,0.28296912343247355,0.9716401662302612,0.6364180892482779,6678,6678,6678
cue,instantaneous,measured,41,900,instantaneous,alpha_logit,256,0.007318837011827678,0.003116461122941899,0.2105494620747826,1.001003306387616,0.6953125,256,256,256
cue,instantaneous,measured,41,900,instantaneous,beta_logit,256,0.003198935279020954,0.00025318211008889077,0.6347121211573732,0.9517323802302871,0.58203125,256,256,256
cue,instantaneous,measured,41,900,instantaneous,recurrent_logit,1,0.017743228052351175,0.00847769332237721,-1.0,1.4777988141370826,0.0,1,1,1
cue,instantaneous,measured,41,900,instantaneous,combined_core,8471,1.5481150830553745,0.10766648066135473,0.2677853447414877,0.9836612841447757,0.6512124638773715,7959,8471,7959
cue,instantaneous,null,17,900,eligibility,input.weight,1024,0.2787724103102421,0.23733107783833968,0.8711044994102181,0.49149511537766966,0.8583984375,1024,1024,1024
cue,instantaneous,null,17,900,eligibility,input.bias,256,0.46677833651544687,0.10759551170149008,0.6447316218222234,0.8694270879288992,0.703125,256,256,256
cue,instantaneous,null,17,900,eligibility,edge_log_gain,6678,0.008492936121620137,0.00639899391103925,0.8156945942623209,0.5818220067519678,0.8027852650494159,6678,6678,6678
cue,instantaneous,null,17,900,eligibility,alpha_logit,256,0.0062074150378941305,0.005141998886020424,0.9324433470161395,0.3760078775079053,0.80859375,256,256,256
cue,instantaneous,null,17,900,eligibility,beta_logit,256,0.005101041831246286,0.005101041831246285,1.0,4.785756247483211e-16,1.0,256,256,256
cue,instantaneous,null,17,900,eligibility,recurrent_logit,1,0.06230021309940448,0.011815399945413934,1.0,0.8103473590602073,1.0,1,1,1
cue,instantaneous,null,17,900,eligibility,combined_core,8471,0.5473701410706683,0.2610284394955174,0.635853271997565,0.7880126587190726,0.8126549403848424,8471,8471,8471
cue,instantaneous,null,17,900,instantaneous,input.weight,1024,0.2787724103102421,0.07983284916847533,0.17106287389918137,0.9919848201308643,0.81640625,512,1024,512
cue,instantaneous,null,17,900,instantaneous,input.bias,256,0.46677833651544687,0.06016923173994878,0.7125631901739528,0.9126404866920529,0.6953125,256,256,256
cue,instantaneous,null,17,900,instantaneous,edge_log_gain,6678,0.008492936121620137,0.001431137200262087,0.4492897867722383,0.9364702183164069,0.6867325546570829,6678,6678,6678
cue,instantaneous,null,17,900,instantaneous,alpha_logit,256,0.0062074150378941305,0.003253822308491826,0.36917768121585737,0.9421966525503446,0.69140625,256,256,256
cue,instantaneous,null,17,900,instantaneous,beta_logit,256,0.005101041831246286,0.0004388712429025725,-0.6794852264994643,1.0603405006308877,0.42578125,256,256,256
cue,instantaneous,null,17,900,instantaneous,recurrent_logit,1,0.06230021309940448,0.015399042074344033,1.0,0.7528252102480973,1.0,1,1,1
cue,instantaneous,null,17,900,instantaneous,combined_core,8471,0.5473701410706683,0.10121056700072709,0.4474871730589786,0.932043721946021,0.6871466264606106,7959,8471,7959
cue,instantaneous,null,29,900,eligibility,input.weight,1024,0.4295137580824918,0.20804776584937038,0.7519452267605229,0.7114560151145293,0.833984375,1024,1024,1024
cue,instantaneous,null,29,900,eligibility,input.bias,256,0.37101762439340097,0.122292234265402,0.4591547977742457,0.8977516068654913,0.74609375,256,256,256
cue,instantaneous,null,29,900,eligibility,edge_log_gain,6678,0.008742129212675628,0.00590801572253075,0.83015898072909,0.5784978540215386,0.833183587900569,6678,6678,6678
cue,instantaneous,null,29,900,eligibility,alpha_logit,256,0.004243920196307892,0.0029008649163487343,0.7048999807789161,0.7096284312674591,0.80859375,256,256,256
cue,instantaneous,null,29,900,eligibility,beta_logit,256,0.006431471424746868,0.006431471424746868,1.0,4.0408176494153646e-16,1.0,256,256,256
cue,instantaneous,null,29,900,eligibility,recurrent_logit,1,0.02869330517164958,0.0035485503932330565,1.0,0.8763282803425797,1.0,1,1,1
cue,instantaneous,null,29,900,eligibility,combined_core,8471,0.5684146824817533,0.24152958232514635,0.6425944976250009,0.7965270904330773,0.8349663558021485,8471,8471,8471
cue,instantaneous,null,29,900,instantaneous,input.weight,1024,0.4295137580824918,0.07748468360282143,0.14907795588904252,0.9893214301204295,0.826171875,512,1024,512
cue,instantaneous,null,29,900,instantaneous,input.bias,256,0.37101762439340097,0.06823927908559131,0.6845782610979867,0.8843114063017685,0.74609375,256,256,256
cue,instantaneous,null,29,900,instantaneous,edge_log_gain,6678,0.008742129212675628,0.00131420414612087,0.36817692703231647,0.9549361449422308,0.6509433962264151,6678,6678,6678
cue,instantaneous,null,29,900,instantaneous,alpha_logit,256,0.004243920196307892,0.002184389363679886,0.3286824998244281,0.962587216974591,0.7421875,256,256,256
cue,instantaneous,null,29,900,instantaneous,beta_logit,256,0.006431471424746868,0.0005249039355678066,0.010354243658597712,1.0024823547729205,0.53125,256,256,256
cue,instantaneous,null,29,900,instantaneous,recurrent_logit,1,0.02869330517164958,0.014313729822969485,1.0,0.5011474022479583,1.0,1,1,1
cue,instantaneous,null,29,900,instantaneous,combined_core,8471,0.5684146824817533,0.10426951845178399,0.3831992864316062,0.9450197936421687,0.6644050760145747,7959,8471,7959
cue,instantaneous,null,41,900,eligibility,input.weight,1024,0.30321996766681736,0.27374833185711595,0.895452726854587,0.4452173195129367,0.837890625,1024,1024,1024
cue,instantaneous,null,41,900,eligibility,input.bias,256,0.4107348190630839,0.08791769867554144,0.6652205542462357,0.8723741625636262,0.80859375,256,256,256
cue,instantaneous,null,41,900,eligibility,edge_log_gain,6678,0.00807310523357978,0.005765149769790192,0.7793188235040616,0.6300105702377529,0.8044324648098233,6678,6678,6678
cue,instantaneous,null,41,900,eligibility,alpha_logit,256,0.0029728469709472743,0.0021765296929852937,0.7840854081488655,0.6228232210661527,0.78515625,256,256,256
cue,instantaneous,null,41,900,eligibility,beta_logit,256,0.006179251296043995,0.006179251296043994,0.9999999999999998,5.947962281215773e-16,1.0,256,256,256
cue,instantaneous,null,41,900,eligibility,recurrent_logit,1,0.0838000945053798,0.02374253424191792,1.0,0.7166765218815631,1.0,1,1,1
cue,instantaneous,null,41,900,eligibility,combined_core,8471,0.5174747261611581,0.2886304492723141,0.6723316284625375,0.7490628683213418,0.813953488372093,8471,8471,8471
cue,instantaneous,null,41,900,instantaneous,input.weight,1024,0.30321996766681736,0.061012731001246004,0.17592682207491114,0.9847280332469017,0.80078125,512,1024,512
cue,instantaneous,null,41,900,instantaneous,input.bias,256,0.4107348190630839,0.056126951636110076,0.7043499677872809,0.9089412904970475,0.79296875,256,256,256
cue,instantaneous,null,41,900,instantaneous,edge_log_gain,6678,0.00807310523357978,0.0011731670519195714,0.4934635889716561,0.9368559530002616,0.6747529200359389,6678,6678,6678
cue,instantaneous,null,41,900,instantaneous,alpha_logit,256,0.0029728469709472743,0.0015792635187023261,0.4756475688966877,0.8813902216944032,0.6875,256,256,256
cue,instantaneous,null,41,900,instantaneous,beta_logit,256,0.006179251296043995,0.0005120909228862946,-0.6797578607285554,1.0580805947260759,0.3359375,256,256,256
cue,instantaneous,null,41,900,instantaneous,recurrent_logit,1,0.0838000945053798,0.019261371260529098,1.0,0.7701509601604023,1.0,1,1,1
cue,instantaneous,null,41,900,instantaneous,combined_core,8471,0.5174747261611581,0.08513472322345984,0.4791989492498312,0.9324116441540243,0.6762156049754995,7959,8471,7959
cue,reward,measured,17,0,eligibility,input.weight,1024,0.665171671808976,0.502003687092151,0.7537461957223066,0.6571663246406351,0.798828125,1024,1024,1024
cue,reward,measured,17,0,eligibility,input.bias,256,1.94613318088178,1.0016454879606342,0.662388765805711,0.7635820425639238,0.8828125,256,256,256
cue,reward,measured,17,0,eligibility,edge_log_gain,6678,0.02181784857411836,0.012546500499869788,0.6813659634315526,0.7396229299567562,0.7987421383647799,6678,6678,6678
cue,reward,measured,17,0,eligibility,alpha_logit,256,0.013389606788380708,0.013106171262733798,0.9492199364303021,0.31600374593312686,0.921875,256,256,256
cue,reward,measured,17,0,eligibility,beta_logit,256,0.006923364425431528,0.006923364425431528,1.0,2.0968002992244783e-16,1.0,256,256,256
cue,reward,measured,17,0,eligibility,recurrent_logit,1,0.057826387216949444,0.005598061493189794,1.0,0.9031919204603369,1.0,1,1,1
cue,reward,measured,17,0,eligibility,combined_core,8471,2.057652748844195,1.1205845988025271,0.6694639631460206,0.7532666193580598,0.8111202927635462,8471,8471,8471
cue,reward,measured,17,0,instantaneous,input.weight,1024,0.665171671808976,0.4913666258578658,0.6848305633423544,0.7306912577579285,0.755859375,512,1024,512
cue,reward,measured,17,0,instantaneous,input.bias,256,1.94613318088178,0.47098847444219144,0.676274193598436,0.8551236578373068,0.8046875,256,256,256
cue,reward,measured,17,0,instantaneous,edge_log_gain,6678,0.02181784857411836,0.00580051176643142,0.5579317624423633,0.8797826813312518,0.7115902964959568,6678,6678,6678
cue,reward,measured,17,0,instantaneous,alpha_logit,256,0.013389606788380708,0.013656616532189586,0.8102465604982876,0.6224728966343595,0.8515625,256,256,256
cue,reward,measured,17,0,instantaneous,beta_logit,256,0.006923364425431528,0.0009427633609083235,0.4276102452798129,0.9497821600481282,0.5625,256,256,256
cue,reward,measured,17,0,instantaneous,recurrent_logit,1,0.057826387216949444,0.0021933009643485563,1.0,0.962070932148677,1.0,1,1,1
cue,reward,measured,17,0,instantaneous,combined_core,8471,2.057652748844195,0.6808062518426667,0.6025270472839123,0.8430665262904421,0.7171755245633874,7959,8471,7959
cue,reward,measured,29,0,eligibility,input.weight,1024,0.519019983615001,0.20402330574604383,0.3504468052243283,0.9375530730384196,0.765625,1024,1024,1024
cue,reward,measured,29,0,eligibility,input.bias,256,0.637153762716647,0.37253906975157003,0.7281929644212306,0.7002337969081489,0.8203125,256,256,256
cue,reward,measured,29,0,eligibility,edge_log_gain,6678,0.014827946328139446,0.008062866663363134,0.6214296250167319,0.7873103297807416,0.7469302186283319,6678,6678,6678
cue,reward,measured,29,0,eligibility,alpha_logit,256,0.00787572797560538,0.006428257252264642,0.8669097376615851,0.5010367752339251,0.890625,256,256,256
cue,reward,measured,29,0,eligibility,beta_logit,256,0.004187218597985502,0.004187218597985502,1.0,2.565062535651314e-16,1.0,256,256,256
cue,reward,measured,29,0,eligibility,recurrent_logit,1,0.06535901012495612,0.00012031098241967447,1.0,0.9981592288165066,1.0,1,1,1
cue,reward,measured,29,0,eligibility,combined_core,8471,0.824571336406532,0.42489380716052016,0.5996782827236533,0.8046783511255686,0.7634281666863416,8471,8471,8471
cue,reward,measured,29,0,instantaneous,input.weight,1024,0.519019983615001,0.1872458288671055,0.3014143377465449,0.9553388197360497,0.880859375,512,1024,512
cue,reward,measured,29,0,instantaneous,input.bias,256,0.637153762716647,0.15555025210702747,0.6929086861191956,0.8492803892954377,0.828125,256,256,256
cue,reward,measured,29,0,instantaneous,edge_log_gain,6678,0.014827946328139446,0.003218299803913537,0.4820010189311818,0.9153566771572789,0.631476489967056,6678,6678,6678
cue,reward,measured,29,0,instantaneous,alpha_logit,256,0.00787572797560538,0.0060401119903820515,0.5859223547894473,0.8303359798532235,0.78515625,256,256,256
cue,reward,measured,29,0,instantaneous,beta_logit,256,0.004187218597985502,0.000499098286707673,0.42773419895677317,0.955112289061922,0.546875,256,256,256
cue,reward,measured,29,0,instantaneous,recurrent_logit,1,0.06535901012495612,0.006953359894731014,1.0,0.8936128334649303,1.0,1,1,1
cue,reward,measured,29,0,instantaneous,combined_core,8471,0.824571336406532,0.24362331595744058,0.4901951983871819,0.8931027965334067,0.6561125769569042,7959,8471,7959
cue,reward,measured,41,0,eligibility,input.weight,1024,1.4339779917889077,0.3797784153117274,0.24309063938974382,0.9702474362167558,0.7529296875,1024,1024,1024
cue,reward,measured,41,0,eligibility,input.bias,256,2.4909678052115938,0.582687132442392,0.5980649226154187,0.880295342222168,0.8203125,256,256,256
cue,reward,measured,41,0,eligibility,edge_log_gain,6678,0.023318074118226378,0.008029074790549266,0.4076960598412296,0.915313817807501,0.7604073075771189,6678,6678,6678
cue,reward,measured,41,0,eligibility,alpha_logit,256,0.009714404379335875,0.007959364282064738,0.8337187857049131,0.5523765399070523,0.83984375,256,256,256
cue,reward,measured,41,0,eligibility,beta_logit,256,0.004560498495260591,0.004560498495260591,1.0,1.9920207595392604e-16,1.0,256,256,256
cue,reward,measured,41,0,eligibility,recurrent_logit,1,0.16838120170616003,0.01560937262815794,1.0,0.9072974152102936,1.0,1,1,1
cue,reward,measured,41,0,eligibility,combined_core,8471,2.87927501586826,0.695807593543475,0.5007632633904183,0.9035321225084603,0.7709833549757998,8471,8471,8471
cue,reward,measured,41,0,instantaneous,input.weight,1024,1.4339779917889077,0.3755294667538673,0.24521791409976032,0.9696111507622995,0.76953125,512,1024,512
cue,reward,measured,41,0,instantaneous,input.bias,256,2.4909678052115938,0.3546452134722497,0.6695415542944969,0.9108355292608731,0.8046875,256,256,256
cue,reward,measured,41,0,instantaneous,edge_log_gain,6678,0.023318074118226378,0.005080440897434794,0.39861698098477505,0.9347576829811036,0.692722371967655,6678,6678,6678
cue,reward,measured,41,0,instantaneous,alpha_logit,256,0.009714404379335875,0.008142121120282432,0.7730915346016415,0.6376221377039974,0.8203125,256,256,256
cue,reward,measured,41,0,instantaneous,beta_logit,256,0.004560498495260591,0.0005526987423032339,0.42508543372359914,0.954805330305694,0.61328125,256,256,256
cue,reward,measured,41,0,instantaneous,recurrent_logit,1,0.16838120170616003,0.025325614248367316,1.0,0.8495935770041436,1.0,1,1,1
cue,reward,measured,41,0,instantaneous,combined_core,8471,2.87927501586826,0.5172324478106815,0.4887703770191788,0.9255621099379332,0.7028521171001382,7959,8471,7959
cue,reward,null,17,0,eligibility,input.weight,1024,0.5678784980259866,0.451931296991585,0.8066004054495222,0.5911953301510324,0.7978515625,1024,1024,1024
cue,reward,null,17,0,eligibility,input.bias,256,0.9557048307215167,0.8807020260936547,0.8837900562572674,0.4694025532590717,0.8828125,256,256,256
cue,reward,null,17,0,eligibility,edge_log_gain,6678,0.010714903514331806,0.007557465731447346,0.7297986426202739,0.6841001448467133,0.7512728361784966,6678,6678,6678
cue,reward,null,17,0,eligibility,alpha_logit,256,0.01234909485110811,0.01246027378397651,0.9793205479565332,0.20448059189784729,0.90625,256,256,256
cue,reward,null,17,0,eligibility,beta_logit,256,0.0038819318014191935,0.003881931801419194,0.9999999999999999,2.4785933590847403e-16,1.0,256,256,256
cue,reward,null,17,0,eligibility,recurrent_logit,1,0.01146158719446312,0.0019850790462105166,1.0,0.8268059202856763,1.0,1,1,1
cue,reward,null,17,0,eligibility,combined_core,8471,1.1118774476808053,0.9900047169636869,0.8640667495307972,0.5040650486518012,0.7731082516822099,8471,8471,8471
cue,reward,null,17,0,instantaneous,input.weight,1024,0.5678784980259866,0.4405296416597894,0.7103682238418616,0.7068601551436419,0.771484375,512,1024,512
cue,reward,null,17,0,instantaneous,input.bias,256,0.9557048307215167,0.416680801150474,0.8002868937714556,0.7016058635337726,0.8515625,256,256,256
cue,reward,null,17,0,instantaneous,edge_log_gain,6678,0.010714903514331806,0.0037909958207339887,0.4982249169724519,0.8789930554874192,0.681790955375861,6678,6678,6678
cue,reward,null,17,0,instantaneous,alpha_logit,256,0.01234909485110811,0.012818899590994555,0.8605864313700444,0.5393348323531196,0.83984375,256,256,256
cue,reward,null,17,0,instantaneous,beta_logit,256,0.0038819318014191935,0.0007427136055197966,-0.10804470901918221,1.0382432406722237,0.52734375,256,256,256
cue,reward,null,17,0,instantaneous,recurrent_logit,1,0.01146158719446312,0.0036327564371029034,-1.0,1.3169505562770416,0.0,1,1,1
cue,reward,null,17,0,instantaneous,combined_core,8471,1.1118774476808053,0.6065325214752881,0.7362488850144047,0.7030800515455518,0.693051890941073,7959,8471,7959
cue,reward,null,29,0,eligibility,input.weight,1024,0.3158453854513188,0.2642408058937078,0.8150907503372855,0.5797329879643153,0.8193359375,1024,1024,1024
cue,reward,null,29,0,eligibility,input.bias,256,0.7167528301803092,0.4807765058963814,0.7267795873282012,0.6891505441455491,0.765625,256,256,256
cue,reward,null,29,0,eligibility,edge_log_gain,6678,0.008552532572764858,0.006794604318432395,0.7698683664434031,0.6386761407045386,0.7657981431566337,6678,6678,6678
cue,reward,null,29,0,eligibility,alpha_logit,256,0.008782489685596404,0.00810143624624296,0.9505824869271269,0.31174378730601826,0.8828125,256,256,256
cue,reward,null,29,0,eligibility,beta_logit,256,0.004249369189064149,0.004249369189064149,1.0,2.2590862964464864e-16,1.0,256,256,256
cue,reward,null,29,0,eligibility,recurrent_logit,1,0.032329943155829495,0.007584111950050754,1.0,0.7654152401847559,1.0,1,1,1
cue,reward,null,29,0,eligibility,combined_core,8471,0.7840321979254583,0.5487773937863708,0.7410631832692612,0.6726932997989075,0.7829063864951009,8471,8471,8471
cue,reward,null,29,0,instantaneous,input.weight,1024,0.3158453854513188,0.23680048005588156,0.6096088609870562,0.8049922332912727,0.81640625,512,1024,512
cue,reward,null,29,0,instantaneous,input.bias,256,0.7167528301803092,0.20677628394895237,0.6892354021349184,0.8279801610371817,0.7890625,256,256,256
cue,reward,null,29,0,instantaneous,edge_log_gain,6678,0.008552532572764858,0.0026155721860090333,0.4964489234890747,0.8887498061669898,0.6669661575321952,6678,6678,6678
cue,reward,null,29,0,instantaneous,alpha_logit,256,0.008782489685596404,0.007684688400823214,0.6683468028611581,0.7720223844624524,0.80859375,256,256,256
cue,reward,null,29,0,instantaneous,beta_logit,256,0.004249369189064149,0.00039701210247992144,-0.23536511950494748,1.0260158338521166,0.484375,256,256,256
cue,reward,null,29,0,instantaneous,recurrent_logit,1,0.032329943155829495,0.003048891767028606,1.0,0.9056944903264127,1.0,1,1,1
cue,reward,null,29,0,instantaneous,combined_core,8471,0.7840321979254583,0.31449363741056585,0.5998151568479047,0.8244393269254598,0.6792310591782887,7959,8471,7959
cue,reward,null,41,0,eligibility,input.weight,1024,0.4060155726378395,0.3832728687722014,0.9415014928289861,0.3370179668365638,0.8232421875,1024,1024,1024
cue,reward,null,41,0,eligibility,input.bias,256,0.7030568165227771,0.5722715000098537,0.8762323539548618,0.4858937058675111,0.875,256,256,256
cue,reward,null,41,0,eligibility,edge_log_gain,6678,0.00717897664604188,0.005463330309961892,0.766869932188723,0.641829223736528,0.793351302785265,6678,6678,6678
cue,reward,null,41,0,eligibility,alpha_logit,256,0.009740786898979288,0.008916471358279214,0.8671212000950977,0.5004290551028561,0.8671875,256,256,256
cue,reward,null,41,0,eligibility,beta_logit,256,0.0030911071856217446,0.0030911071856217446,1.0,2.56320597925712e-16,1.0,256,256,256
cue,reward,null,41,0,eligibility,recurrent_logit,1,0.006584161099988043,0.0018648464636904882,1.0,0.7167677954152922,1.0,1,1,1
cue,reward,null,41,0,eligibility,combined_core,8471,0.811995602968202,0.6888505975143859,0.8924415632758214,0.4533130925452865,0.8079329477039311,8471,8471,8471
cue,reward,null,41,0,instantaneous,input.weight,1024,0.4060155726378395,0.3802407094826496,0.8152874779615233,0.5916105633992866,0.84375,512,1024,512
cue,reward,null,41,0,instantaneous,input.bias,256,0.7030568165227771,0.34037104068805607,0.8373222653935036,0.6508733021281223,0.875,256,256,256
cue,reward,null,41,0,instantaneous,edge_log_gain,6678,0.00717897664604188,0.00318533630683662,0.5606391143930207,0.8362761182773822,0.6861335729260257,6678,6678,6678
cue,reward,null,41,0,instantaneous,alpha_logit,256,0.009740786898979288,0.009357337194702884,0.8329484240243853,0.5678914416373753,0.828125,256,256,256
cue,reward,null,41,0,instantaneous,beta_logit,256,0.0030911071856217446,0.0005196032123529489,-0.29945209041638987,1.0625110828661841,0.51953125,256,256,256
cue,reward,null,41,0,instantaneous,recurrent_logit,1,0.006584161099988043,0.0017778754188581135,1.0,0.7299769261627965,1.0,1,1,1
cue,reward,null,41,0,instantaneous,combined_core,8471,0.811995602968202,0.510427839603411,0.7873723109227988,0.6365929590379403,0.701595677848976,7959,8471,7959
cue,reward,measured,17,300,eligibility,input.weight,1024,0.1357314582580759,0.041529848968475336,0.33607970377862423,0.9423146952911146,0.8056640625,1024,1024,1024
cue,reward,measured,17,300,eligibility,input.bias,256,0.46193591333836725,0.061482212936482254,0.5923125300981856,0.9273860639314475,0.80859375,256,256,256
cue,reward,measured,17,300,eligibility,edge_log_gain,6678,0.003149459602526194,0.0011340273019751948,0.47136108015255956,0.8889343839146472,0.7374962563641809,6678,6678,6678
cue,reward,measured,17,300,eligibility,alpha_logit,256,0.0011296665532240997,0.0007398225881747064,0.6526645990780948,0.7576502714457356,0.875,256,256,256
cue,reward,measured,17,300,eligibility,beta_logit,256,0.00044662447971579667,0.00044662447971579667,1.0,1.5388150588679752e-16,1.0,256,256,256
cue,reward,measured,17,300,eligibility,recurrent_logit,1,0.030040294206055505,0.005099127283840584,1.0,0.8302570790797147,1.0,1,1,1
cue,reward,measured,17,300,eligibility,combined_core,8471,0.4824123037240413,0.07438296035233881,0.5259342359322479,0.9282172447768892,0.7600047219926809,8471,8471,8471
cue,reward,measured,17,300,instantaneous,input.weight,1024,0.1357314582580759,0.042149569921766106,0.3084571629496568,0.9512405070245538,0.833984375,512,1024,512
cue,reward,measured,17,300,instantaneous,input.bias,256,0.46193591333836725,0.03919161523931142,0.6488013055484178,0.9471572445265082,0.80078125,256,256,256
cue,reward,measured,17,300,instantaneous,edge_log_gain,6678,0.003149459602526194,0.0006156487729398446,0.44608444710048595,0.9294151187037799,0.6582809224318659,6678,6678,6678
cue,reward,measured,17,300,instantaneous,alpha_logit,256,0.0011296665532240997,0.0007643715511776081,0.622551674133343,0.7844452709185792,0.83984375,256,256,256
cue,reward,measured,17,300,instantaneous,beta_logit,256,0.00044662447971579667,6.968319387691279e-05,0.7668381834456482,0.8860337177777245,0.64453125,256,256,256
cue,reward,measured,17,300,instantaneous,recurrent_logit,1,0.030040294206055505,0.0030383874525925893,1.0,0.8988562684589116,1.0,1,1,1
cue,reward,measured,17,300,instantaneous,combined_core,8471,0.4824123037240413,0.05764346355828673,0.4891880100532274,0.9472970404310368,0.6796079909536374,7959,8471,7959
cue,reward,measured,29,300,eligibility,input.weight,1024,0.09947409169067628,0.014227393194466384,0.24211694892815064,0.9752939945365963,0.8408203125,1024,1024,1024
cue,reward,measured,29,300,eligibility,input.bias,256,0.04220721561882579,0.024455777293445533,0.627184774065083,0.7803336266717957,0.80078125,256,256,256
cue,reward,measured,29,300,eligibility,edge_log_gain,6678,0.002172535601514357,0.00034525578843262717,0.47004951234777914,0.9358718137311571,0.7330038933812518,6678,6678,6678
cue,reward,measured,29,300,eligibility,alpha_logit,256,0.0008053661439333721,0.0002996153511017708,0.44912268411487416,0.8967904196562319,0.8203125,256,256,256
cue,reward,measured,29,300,eligibility,beta_logit,256,0.00016572391724089657,0.00016572391724089657,1.0,1.7280241674299818e-16,1.0,256,256,256
cue,reward,measured,29,300,eligibility,recurrent_logit,1,0.022383257561891252,0.003304526922525087,1.0,0.8523661306497573,1.0,1,1,1
cue,reward,measured,29,300,eligibility,combined_core,8471,0.1103764022653549,0.028489648886096466,0.33851804953347187,0.9443889072092637,0.7588242238224531,8471,8471,8471
cue,reward,measured,29,300,instantaneous,input.weight,1024,0.09947409169067628,0.014230324224861294,0.15441877301861764,0.9880708297569671,0.9296875,512,1024,512
cue,reward,measured,29,300,instantaneous,input.bias,256,0.04220721561882579,0.01304669060826574,0.5836878344753386,0.8571471649743198,0.76953125,256,256,256
cue,reward,measured,29,300,instantaneous,edge_log_gain,6678,0.002172535601514357,0.00021927249211164463,0.3916851526820902,0.9649464795913828,0.6410601976639713,6678,6678,6678
cue,reward,measured,29,300,instantaneous,alpha_logit,256,0.0008053661439333721,0.00030734283253321283,0.3739890812325707,0.9274644894443039,0.76953125,256,256,256
cue,reward,measured,29,300,instantaneous,beta_logit,256,0.00016572391724089657,3.7567641130346785e-05,0.5424745811553411,0.8974644426845181,0.62109375,256,256,256
cue,reward,measured,29,300,instantaneous,recurrent_logit,1,0.022383257561891252,0.002088113068530184,1.0,0.906710939515555,1.0,1,1,1
cue,reward,measured,29,300,instantaneous,combined_core,8471,0.1103764022653549,0.019422214882181085,0.27383024816512963,0.9667444860052707,0.6672948862922478,7959,8471,7959
cue,reward,measured,41,300,eligibility,input.weight,1024,0.08881395296629327,0.014156274806973106,0.20238917940115694,0.9802486100937419,0.75390625,1024,1024,1024
cue,reward,measured,41,300,eligibility,input.bias,256,0.13417226589180756,0.02242483833848757,0.5493020752381496,0.9188684075112771,0.77734375,256,256,256
cue,reward,measured,41,300,eligibility,edge_log_gain,6678,0.001578996249542229,0.00020823567630923138,0.38923674433423766,0.9564141448443632,0.6958670260557053,6678,6678,6678
cue,reward,measured,41,300,eligibility,alpha_logit,256,0.0005683901818708886,0.00028696803276642826,0.49196893744467046,0.8707084607841608,0.8203125,256,256,256
cue,reward,measured,41,300,eligibility,beta_logit,256,0.00017439728365967983,0.00017439728365967983,1.0,1.903660067733892e-16,1.0,256,256,256
cue,reward,measured,41,300,eligibility,recurrent_logit,1,0.01962158435428681,0.0027854851360246493,1.0,0.8580397441037377,1.0,1,1,1
cue,reward,measured,41,300,eligibility,combined_core,8471,0.16210480702181765,0.0266681185223503,0.453868773520226,0.9368728407558883,0.7183331365836383,8471,8471,8471
cue,reward,measured,41,300,instantaneous,input.weight,1024,0.08881395296629327,0.013927571876371704,0.1632319290313971,0.9866085767500868,0.873046875,512,1024,512
cue,reward,measured,41,300,instantaneous,input.bias,256,0.13417226589180756,0.013608276577255222,0.64545776636903,0.9377404238760321,0.74609375,256,256,256
cue,reward,measured,41,300,instantaneous,edge_log_gain,6678,0.001578996249542229,0.00012096787595864252,0.3845378050269026,0.9731134723173192,0.6650194669062593,6678,6678,6678
cue,reward,measured,41,300,instantaneous,alpha_logit,256,0.0005683901818708886,0.00028249035638885185,0.4609077467979438,0.8881817128575128,0.80859375,256,256,256
cue,reward,measured,41,300,instantaneous,beta_logit,256,0.00017439728365967983,3.0501863174713487e-05,0.5215771298650388,0.9209469102721687,0.5625,256,256,256
cue,reward,measured,41,300,instantaneous,recurrent_logit,1,0.01962158435428681,0.0019094452159718804,1.0,0.9026864914935008,1.0,1,1,1
cue,reward,measured,41,300,instantaneous,combined_core,8471,0.16210480702181765,0.019567927718578047,0.4470412742827823,0.9521791675414754,0.6823721573061943,7959,8471,7959
cue,reward,null,17,300,eligibility,input.weight,1024,0.41774822857785804,0.27058504686974555,0.6825415861621363,0.7316757013430688,0.828125,1024,1024,1024
cue,reward,null,17,300,eligibility,input.bias,256,2.0600386084685156,0.5375537045882207,0.664425439333349,0.8493153143069829,0.73828125,256,256,256
cue,reward,null,17,300,eligibility,edge_log_gain,6678,0.008023752547250048,0.002344154112505114,0.47512959715574904,0.8987395193265129,0.7105420784666068,6678,6678,6678
cue,reward,null,17,300,eligibility,alpha_logit,256,0.005559163610389549,0.004930935845984028,0.9297739225412871,0.3706085698488956,0.90234375,256,256,256
cue,reward,null,17,300,eligibility,beta_logit,256,0.0020760978865468752,0.0020760978865468752,1.0,2.358345993814367e-16,1.0,256,256,256
cue,reward,null,17,300,eligibility,recurrent_logit,1,0.034870924497698755,0.007980324214286953,1.0,0.7711467553774319,1.0,1,1,1
cue,reward,null,17,300,eligibility,combined_core,8471,2.102281671737539,0.6018953877957881,0.6426989354675582,0.8449580827774549,0.7401723527328533,8471,8471,8471
cue,reward,null,17,300,instantaneous,input.weight,1024,0.41774822857785804,0.26351940575995275,0.6286320889993583,0.7777058803191598,0.755859375,512,1024,512
cue,reward,null,17,300,instantaneous,input.bias,256,2.0600386084685156,0.26301729133602775,0.6974430426743508,0.9155368887655326,0.72265625,256,256,256
cue,reward,null,17,300,instantaneous,edge_log_gain,6678,0.008023752547250048,0.0008593450771464577,0.19675921321049308,0.9845428178469451,0.6179994010182689,6678,6678,6678
cue,reward,null,17,300,instantaneous,alpha_logit,256,0.005559163610389549,0.004886344498701675,0.8666265228611828,0.49911006801152286,0.8515625,256,256,256
cue,reward,null,17,300,instantaneous,beta_logit,256,0.0020760978865468752,0.0006384454456169317,-0.031264379644904375,1.055366591444629,0.53515625,256,256,256
cue,reward,null,17,300,instantaneous,recurrent_logit,1,0.034870924497698755,0.0014849833775611295,1.0,0.9574148549557633,1.0,1,1,1
cue,reward,null,17,300,instantaneous,combined_core,8471,2.102281671737539,0.3723544015834371,0.571251397828219,0.9105009869301168,0.6351300414624953,7959,8471,7959
cue,reward,null,29,300,eligibility,input.weight,1024,0.3173264565779513,0.10849161738438089,0.4293514848227684,0.9073622933540806,0.7578125,1024,1024,1024
cue,reward,null,29,300,eligibility,input.bias,256,0.9007479654021717,0.2085679053499409,0.658254592023455,0.8653195779249443,0.78125,256,256,256
cue,reward,null,29,300,eligibility,edge_log_gain,6678,0.0076814278981453795,0.00134642320478967,0.4220921779932048,0.9395493585382675,0.7053009883198562,6678,6678,6678
cue,reward,null,29,300,eligibility,alpha_logit,256,0.0023922460252741203,0.002037406991817898,0.8276377880338337,0.5617769091730245,0.8359375,256,256,256
cue,reward,null,29,300,eligibility,beta_logit,256,0.0009696560145433372,0.0009696560145433372,0.9999999999999999,2.885766811279776e-16,1.0,256,256,256
cue,reward,null,29,300,eligibility,recurrent_logit,1,0.06082061925291087,0.01352368739638587,1.0,0.7776463383223672,1.0,1,1,1
cue,reward,null,29,300,eligibility,combined_core,8471,0.9569784701628169,0.2355011601266947,0.6179967627592451,0.8697102624779425,0.7268327234092787,8471,8471,8471
cue,reward,null,29,300,instantaneous,input.weight,1024,0.3173264565779513,0.10618252488939728,0.35327937899022527,0.9357040131881819,0.85546875,512,1024,512
cue,reward,null,29,300,instantaneous,input.bias,256,0.9007479654021717,0.10482174727264601,0.6582844062398053,0.9275401936279034,0.796875,256,256,256
cue,reward,null,29,300,instantaneous,edge_log_gain,6678,0.0076814278981453795,0.00048580291106790284,0.2097143984992547,0.9886725943631975,0.6135070380353399,6678,6678,6678
cue,reward,null,29,300,instantaneous,alpha_logit,256,0.0023922460252741203,0.002037488733874827,0.7932174277466078,0.6117409166918774,0.80859375,256,256,256
cue,reward,null,29,300,instantaneous,beta_logit,256,0.0009696560145433372,0.00016842140670950806,-0.01814632930993768,1.0180729941354056,0.56640625,256,256,256
cue,reward,null,29,300,instantaneous,recurrent_logit,1,0.06082061925291087,0.00591673977079794,1.0,0.9027181925558122,1.0,1,1,1
cue,reward,null,29,300,instantaneous,combined_core,8471,0.9569784701628169,0.14933770733901264,0.5207502646609209,0.9283450421372808,0.6397788666917954,7959,8471,7959
cue,reward,null,41,300,eligibility,input.weight,1024,0.32207151123360905,0.16684462388186244,0.5701416505655259,0.8231971218870675,0.771484375,1024,1024,1024
cue,reward,null,41,300,eligibility,input.bias,256,1.3927335930649472,0.4117850298480256,0.5990342915030429,0.8562650152880799,0.7734375,256,256,256
cue,reward,null,41,300,eligibility,edge_log_gain,6678,0.0058839632091276526,0.001535639901267242,0.4226694206374577,0.9205931003167304,0.710691823899371,6678,6678,6678
cue,reward,null,41,300,eligibility,alpha_logit,256,0.003935941465765675,0.0035246193256681557,0.9160567453935105,0.40157538374697466,0.8828125,256,256,256
cue,reward,null,41,300,eligibility,beta_logit,256,0.0012167498169276072,0.0012167498169276072,0.9999999999999999,2.1267527826864607e-16,1.0,256,256,256
cue,reward,null,41,300,eligibility,recurrent_logit,1,0.031085533587341552,0.008590115217639051,1.0,0.7236619666346322,1.0,1,1,1
cue,reward,null,41,300,eligibility,combined_core,8471,1.4298443352815335,0.4444030726897438,0.5893237926953699,0.8545584045524512,0.7339157124306457,8471,8471,8471
cue,reward,null,41,300,instantaneous,input.weight,1024,0.32207151123360905,0.16099280082154974,0.5048215435390565,0.863237951176064,0.896484375,512,1024,512
cue,reward,null,41,300,instantaneous,input.bias,256,1.3927335930649472,0.15990007272554102,0.6346197435761256,0.9313751688042893,0.7734375,256,256,256
cue,reward,null,41,300,instantaneous,edge_log_gain,6678,0.0058839632091276526,0.0004464732952584194,0.2997417539023455,0.9799332147185525,0.6283318358790057,6678,6678,6678
cue,reward,null,41,300,instantaneous,alpha_logit,256,0.003935941465765675,0.0035153979606600233,0.9058760493603615,0.42373394833193,0.86328125,256,256,256
cue,reward,null,41,300,instantaneous,beta_logit,256,0.0012167498169276072,0.0005103582935637758,0.2395269805586344,0.9874193258046442,0.53125,256,256,256
cue,reward,null,41,300,instantaneous,recurrent_logit,1,0.031085533587341552,0.002449361250397267,1.0,0.9212057517521695,1.0,1,1,1
cue,reward,null,41,300,instantaneous,combined_core,8471,1.4298443352815335,0.22694830330132126,0.5164668758277513,0.9280318350018448,0.6547304937806258,7959,8471,7959
cue,reward,measured,17,600,eligibility,input.weight,1024,5.869203589091375,2.140306702674415,0.36033126798136067,0.9328344861774384,0.7861328125,1024,1024,1024
cue,reward,measured,17,600,eligibility,input.bias,256,23.047873936958847,4.104167992707379,0.31796065819938046,0.958368412730258,0.80078125,256,256,256
cue,reward,measured,17,600,eligibility,edge_log_gain,6678,0.16080179270600234,0.05017423152605694,0.4117289207330169,0.9167442952986453,0.759958071278826,6678,6678,6678
cue,reward,measured,17,600,eligibility,alpha_logit,256,0.06477774312599503,0.039108922816877945,0.43523748581018207,0.9159483996386419,0.828125,256,256,256
cue,reward,measured,17,600,eligibility,beta_logit,256,0.022777234106136485,0.02277723410613649,1.0,2.2998433733000284e-16,1.0,256,256,256
cue,reward,measured,17,600,eligibility,recurrent_logit,1,1.4461206565742308,0.3060235468032692,1.0,0.7883831162966582,1.0,1,1,1
cue,reward,measured,17,600,eligibility,combined_core,8471,23.82800623032603,4.63932364346587,0.3170682966100863,0.95626439025061,0.7736985007673238,8471,8471,8471
cue,reward,measured,17,600,instantaneous,input.weight,1024,5.869203589091375,2.1327373593327525,0.3624280914235627,0.9320122210534332,0.6640625,512,1024,512
cue,reward,measured,17,600,instantaneous,input.bias,256,23.047873936958847,2.130974497594361,0.36892630503197915,0.9697049887540515,0.76953125,256,256,256
cue,reward,measured,17,600,instantaneous,edge_log_gain,6678,0.16080179270600234,0.02959655963107877,0.42433653431918816,0.936842124630211,0.7011081162024558,6678,6678,6678
cue,reward,measured,17,600,instantaneous,alpha_logit,256,0.06477774312599503,0.03729425258769671,0.4337368421150085,0.9121586307516549,0.81640625,256,256,256
cue,reward,measured,17,600,instantaneous,beta_logit,256,0.022777234106136485,0.005025448730727478,0.8534917750548693,0.8197925582959877,0.66015625,256,256,256
cue,reward,measured,17,600,instantaneous,recurrent_logit,1,1.4461206565742308,0.23323910260206698,1.0,0.8387139402637427,1.0,1,1,1
cue,reward,measured,17,600,instantaneous,combined_core,8471,23.82800623032603,3.024287272239,0.319121180278046,0.9670069149679171,0.7033546928006031,7959,8471,7959
cue,reward,measured,29,600,eligibility,input.weight,1024,0.9976536452789327,0.7832296134246438,0.7688615893885222,0.6396206868745047,0.83203125,1024,1024,1024
cue,reward,measured,29,600,eligibility,input.bias,256,3.6097978672151694,1.343203550370997,0.3325324295366946,0.9439214622628499,0.78515625,256,256,256
cue,reward,measured,29,600,eligibility,edge_log_gain,6678,0.03229558284172636,0.01828421515492308,0.5507881961685648,0.8347864490154303,0.8065289008685235,6678,6678,6678
cue,reward,measured,29,600,eligibility,alpha_logit,256,0.017096937190066986,0.014070785056618157,0.7976250376723032,0.6036871748324597,0.85546875,256,256,256
cue,reward,measured,29,600,eligibility,beta_logit,256,0.010677828939290132,0.010677828939290132,1.0,2.3099810716345823e-16,1.0,256,256,256
cue,reward,measured,29,600,eligibility,recurrent_logit,1,0.38099348261992705,0.05404090719843528,1.0,0.8581579222121613,1.0,1,1,1
cue,reward,measured,29,600,eligibility,combined_core,8471,3.764645906038392,1.5560241451443468,0.3814264492489465,0.9249494111277289,0.8163144847125487,8471,8471,8471
cue,reward,measured,29,600,instantaneous,input.weight,1024,0.9976536452789327,0.7791130350522965,0.7794833094169519,0.6264247026407219,0.720703125,512,1024,512
cue,reward,measured,29,600,instantaneous,input.bias,256,3.6097978672151694,0.7783426780677822,0.39185058409388057,0.9367553190391849,0.74609375,256,256,256
cue,reward,measured,29,600,instantaneous,edge_log_gain,6678,0.03229558284172636,0.01300804440332679,0.5879332336182059,0.829828834124364,0.733602875112309,6678,6678,6678
cue,reward,measured,29,600,instantaneous,alpha_logit,256,0.017096937190066986,0.013435082127668549,0.7825557815966527,0.6225890227053212,0.87890625,256,256,256
cue,reward,measured,29,600,instantaneous,beta_logit,256,0.010677828939290132,0.002101837617831634,0.8764120674217787,0.8328975508648712,0.7421875,256,256,256
cue,reward,measured,29,600,instantaneous,recurrent_logit,1,0.38099348261992705,0.07173369425657723,1.0,0.811719366527491,1.0,1,1,1
cue,reward,measured,29,600,instantaneous,combined_core,8471,3.764645906038392,1.1037818159193296,0.41744375529433686,0.9171575862309691,0.7381580600577962,7959,8471,7959
cue,reward,measured,41,600,eligibility,input.weight,1024,0.46812689889973025,0.40824474713113007,0.868858360334288,0.4950712448383869,0.8291015625,1024,1024,1024
cue,reward,measured,41,600,eligibility,input.bias,256,1.622930919242048,1.049142497043875,0.6631503966511894,0.748672477975766,0.7890625,256,256,256
cue,reward,measured,41,600,eligibility,edge_log_gain,6678,0.014760138653669768,0.009112365765226931,0.7919583251442183,0.6350476239822087,0.8128182090446241,6678,6678,6678
cue,reward,measured,41,600,eligibility,alpha_logit,256,0.010399569073084113,0.0100382082444725,0.935451312511482,0.354709659252767,0.90625,256,256,256
cue,reward,measured,41,600,eligibility,beta_logit,256,0.017771532040250882,0.017771532040250882,1.0,2.1800130475434364e-16,1.0,256,256,256
cue,reward,measured,41,600,eligibility,recurrent_logit,1,0.09539270004785837,0.014185790703327263,1.0,0.8512906050860257,1.0,1,1,1
cue,reward,measured,41,600,eligibility,combined_core,8471,1.6919778867966255,1.1260837524390235,0.680759885553729,0.7326646824953984,0.8225711250147563,8471,8471,8471
cue,reward,measured,41,600,instantaneous,input.weight,1024,0.46812689889973025,0.39362620931740777,0.839050314056161,0.5440568191698126,0.78515625,512,1024,512
cue,reward,measured,41,600,instantaneous,input.bias,256,1.622930919242048,0.39311636395018756,0.5469823282608703,0.8908909247782979,0.77734375,256,256,256
cue,reward,measured,41,600,instantaneous,edge_log_gain,6678,0.014760138653669768,0.004620898682652341,0.653225068288162,0.8300633412643762,0.7487271638215034,6678,6678,6678
cue,reward,measured,41,600,instantaneous,alpha_logit,256,0.010399569073084113,0.009775608463750321,0.9004129279935248,0.43683383387634694,0.8828125,256,256,256
cue,reward,measured,41,600,instantaneous,beta_logit,256,0.017771532040250882,0.003619639780317485,0.947575095560528,0.8096214335108968,0.68359375,256,256,256
cue,reward,measured,41,600,instantaneous,recurrent_logit,1,0.09539270004785837,0.023319420426614973,1.0,0.7555429250360284,1.0,1,1,1
cue,reward,measured,41,600,instantaneous,combined_core,8471,1.6919778867966255,0.5569164036492835,0.5369958576598781,0.8688123427846881,0.7542404824726724,7959,8471,7959
cue,reward,null,17,600,eligibility,input.weight,1024,1.708446384588724,1.508472751548398,0.866401771263892,0.4996216718081717,0.8544921875,1024,1024,1024
cue,reward,null,17,600,eligibility,input.bias,256,8.11481889275501,2.1928851968631,0.5723924221038706,0.8738808426994966,0.75,256,256,256
cue,reward,null,17,600,eligibility,edge_log_gain,6678,0.06790657482463687,0.022674654379128426,0.5791559643929406,0.851307329229028,0.7638514525306979,6678,6678,6678
cue,reward,null,17,600,eligibility,alpha_logit,256,0.035007354001801806,0.025730241964541437,0.7896443060247883,0.6159938146921998,0.83203125,256,256,256
cue,reward,null,17,600,eligibility,beta_logit,256,0.046751054117074496,0.046751054117074496,0.9999999999999998,2.5194794580600597e-16,1.0,256,256,256
cue,reward,null,17,600,eligibility,recurrent_logit,1,0.7368944048779861,0.1732699571568639,1.0,0.7648646047386481,1.0,1,1,1
cue,reward,null,17,600,eligibility,combined_core,8471,8.325869957786281,2.6678867766834258,0.5649959253806266,0.8605756419875606,0.7836146853972377,8471,8471,8471
cue,reward,null,17,600,instantaneous,input.weight,1024,1.708446384588724,1.4552863135285903,0.8536397038175849,0.5208671353480365,0.919921875,512,1024,512
cue,reward,null,17,600,instantaneous,input.bias,256,8.11481889275501,1.448556007490694,0.6170232352408634,0.900876451039539,0.81640625,256,256,256
cue,reward,null,17,600,instantaneous,edge_log_gain,6678,0.06790657482463687,0.013197129409224665,0.6321258542695994,0.8899838327828928,0.7689427972446841,6678,6678,6678
cue,reward,null,17,600,instantaneous,alpha_logit,256,0.035007354001801806,0.024750383577902366,0.753247180161273,0.6593610546102486,0.76953125,256,256,256
cue,reward,null,17,600,instantaneous,beta_logit,256,0.046751054117074496,0.008065731915711164,0.6021251515899747,0.906642970639336,0.71484375,256,256,256
cue,reward,null,17,600,instantaneous,recurrent_logit,1,0.7368944048779861,0.1569789716590165,1.0,0.786972230186754,1.0,1,1,1
cue,reward,null,17,600,instantaneous,combined_core,8471,8.325869957786281,2.059530762204674,0.553581500427842,0.887308246782963,0.7784897600201031,7959,8471,7959
cue,reward,null,29,600,eligibility,input.weight,1024,0.8416362778286504,0.7957473355805131,0.9713290547952889,0.23914058852489312,0.8349609375,1024,1024,1024
cue,reward,null,29,600,eligibility,input.bias,256,2.2162043123403774,1.3028837074131645,0.5090635329064878,0.8643308888623614,0.6875,256,256,256
cue,reward,null,29,600,eligibility,edge_log_gain,6678,0.024273590519715692,0.01654494210348962,0.6599104115977005,0.7516573681908324,0.7229709493860437,6678,6678,6678
cue,reward,null,29,600,eligibility,alpha_logit,256,0.014877096922261175,0.013347342686351583,0.8954339423117202,0.4451978013422188,0.86328125,256,256,256
cue,reward,null,29,600,eligibility,beta_logit,256,0.026136227196331692,0.026136227196331692,1.0,1.7312201095527353e-16,1.0,256,256,256
cue,reward,null,29,600,eligibility,recurrent_logit,1,0.2619708789810853,0.04334587745177017,1.0,0.8345393288736501,1.0,1,1,1
cue,reward,null,29,600,eligibility,combined_core,8471,2.3853795415424113,1.527656254285066,0.5853141416232377,0.8126773911338343,0.7480816904733798,8471,8471,8471
cue,reward,null,29,600,instantaneous,input.weight,1024,0.8416362778286504,0.7672032965560971,0.9078565999251077,0.4192971748792172,0.77734375,512,1024,512
cue,reward,null,29,600,instantaneous,input.bias,256,2.2162043123403774,0.7658125723540243,0.5222469888704176,0.8709072296482236,0.70703125,256,256,256
cue,reward,null,29,600,instantaneous,edge_log_gain,6678,0.024273590519715692,0.008623714401762374,0.6164110197054732,0.829597079651408,0.7258161126085655,6678,6678,6678
cue,reward,null,29,600,instantaneous,alpha_logit,256,0.014877096922261175,0.013289082795116152,0.8570877238750114,0.5164386775206685,0.8359375,256,256,256
cue,reward,null,29,600,instantaneous,beta_logit,256,0.026136227196331692,0.004178306419154482,0.7413676931633224,0.88798514310553,0.734375,256,256,256
cue,reward,null,29,600,instantaneous,recurrent_logit,1,0.2619708789810853,0.10493642008320071,1.0,0.5994347902662216,1.0,1,1,1
cue,reward,null,29,600,instantaneous,combined_core,8471,2.3853795415424113,1.089196893540399,0.577501510083306,0.8252913891930139,0.7323784395024501,7959,8471,7959
cue,reward,null,41,600,eligibility,input.weight,1024,1.3796385446991342,1.3424468736036754,0.9770826324024673,0.21289869071496106,0.8193359375,1024,1024,1024
cue,reward,null,41,600,eligibility,input.bias,256,4.499057920125728,1.274377105717397,0.4888110188492807,0.8962797491358258,0.65234375,256,256,256
cue,reward,null,41,600,eligibility,edge_log_gain,6678,0.04296313783532197,0.014420885073628134,0.5219200723574804,0.8730941005882861,0.6856843366277329,6678,6678,6678
cue,reward,null,41,600,eligibility,alpha_logit,256,0.02239216397957367,0.018381718491541035,0.8261617116153971,0.5634576435382792,0.828125,256,256,256
cue,reward,null,41,600,eligibility,beta_logit,256,0.03989464933881278,0.03989464933881278,1.0,2.0542142430256392e-16,1.0,256,256,256
cue,reward,null,41,600,eligibility,recurrent_logit,1,0.5023622281207771,0.08911768539145917,1.0,0.8226027348337311,1.0,1,1,1
cue,reward,null,41,600,eligibility,combined_core,8471,4.732993905993781,1.8537205858546586,0.5310524022343478,0.8587280198907961,0.714673592255932,8471,8471,8471
cue,reward,null,41,600,instantaneous,input.weight,1024,1.3796385446991342,1.2930055846900854,0.9334359170174386,0.3587639930240371,0.751953125,512,1024,512
cue,reward,null,41,600,instantaneous,input.bias,256,4.499057920125728,1.291994130003327,0.43129252157195536,0.9136509636561383,0.59765625,256,256,256
cue,reward,null,41,600,instantaneous,edge_log_gain,6678,0.04296313783532197,0.012685029635153373,0.4355693396483762,0.9110256865130457,0.6561844863731656,6678,6678,6678
cue,reward,null,41,600,instantaneous,alpha_logit,256,0.02239216397957367,0.01821538325571396,0.8058343323813574,0.592190300815643,0.7890625,256,256,256
cue,reward,null,41,600,instantaneous,beta_logit,256,0.03989464933881278,0.007080331543499777,0.6947769505488988,0.8859376693548867,0.70703125,256,256,256
cue,reward,null,41,600,instantaneous,recurrent_logit,1,0.5023622281207771,0.15839178447706842,1.0,0.6847060236403998,1.0,1,1,1
cue,reward,null,41,600,instantaneous,combined_core,8471,4.732993905993781,1.8348686799472602,0.489666277023563,0.8778547321281921,0.6664153788164342,7959,8471,7959
cue,reward,measured,17,900,eligibility,input.weight,1024,7.588603682099654,2.8270798528233465,0.3669649158801963,0.9302515055522047,0.796875,1024,1024,1024
cue,reward,measured,17,900,eligibility,input.bias,256,29.27685414853748,5.787678856238978,0.3055294117394294,0.958270096205298,0.76953125,256,256,256
cue,reward,measured,17,900,eligibility,edge_log_gain,6678,0.13890534445346606,0.033194631926121376,0.3628006732732363,0.9400579530774283,0.7353998203054807,6678,6678,6678
cue,reward,measured,17,900,eligibility,alpha_logit,256,0.06860192314484759,0.05387065762444029,0.7144661873436026,0.7032428271143045,0.859375,256,256,256
cue,reward,measured,17,900,eligibility,beta_logit,256,0.02232612009845146,0.022326120098451457,1.0,2.1373431918665567e-16,1.0,256,256,256
cue,reward,measured,17,900,eligibility,recurrent_logit,1,1.6355811210446722,0.36245064333526883,1.0,0.7783964129496886,1.0,1,1,1
cue,reward,measured,17,900,eligibility,combined_core,8471,30.288953756385297,6.451781141129156,0.30826677174750394,0.9560574686533965,0.7556368787628379,8471,8471,8471
cue,reward,measured,17,900,instantaneous,input.weight,1024,7.588603682099654,2.806649393759558,0.37279343559595174,0.9279190238578209,0.890625,512,1024,512
cue,reward,measured,17,900,instantaneous,input.bias,256,29.27685414853748,2.7940382916083135,0.36928106550551276,0.9688256448666293,0.82421875,256,256,256
cue,reward,measured,17,900,instantaneous,edge_log_gain,6678,0.13890534445346606,0.01973016669814783,0.3652391606113964,0.957297265804855,0.6783468104222821,6678,6678,6678
cue,reward,measured,17,900,instantaneous,alpha_logit,256,0.06860192314484759,0.052595445241834765,0.7170342620561931,0.6988033808947383,0.84375,256,256,256
cue,reward,measured,17,900,instantaneous,beta_logit,256,0.02232612009845146,0.006762559364885996,0.7288853518496273,0.8063439211242838,0.59765625,256,256,256
cue,reward,measured,17,900,instantaneous,recurrent_logit,1,1.6355811210446722,0.23642763528064378,1.0,0.8554473194642687,1.0,1,1,1
cue,reward,measured,17,900,instantaneous,combined_core,8471,30.288953756385297,3.9677487462963272,0.32066999651758343,0.9659952204209972,0.6994597311220002,7959,8471,7959
cue,reward,measured,29,900,eligibility,input.weight,1024,1.1667389383987075,0.36102371659287474,0.3237568172325997,0.9462487985076835,0.7431640625,1024,1024,1024
cue,reward,measured,29,900,eligibility,input.bias,256,4.5577817369901545,0.5904903023194243,0.6478083449728665,0.9213736001286662,0.765625,256,256,256
cue,reward,measured,29,900,eligibility,edge_log_gain,6678,0.022088786869218197,0.002256075378967766,0.4739699098165634,0.95583077718428,0.7142857142857143,6678,6678,6678
cue,reward,measured,29,900,eligibility,alpha_logit,256,0.006662704390605535,0.0054559364183601545,0.6190349713061853,0.8103904014892699,0.80859375,256,256,256
cue,reward,measured,29,900,eligibility,beta_logit,256,0.0007644289416464932,0.0007644289416464932,1.0,2.451808756179291e-16,1.0,256,256,256
cue,reward,measured,29,900,eligibility,recurrent_logit,1,0.22320785313817862,0.019940514074123283,1.0,0.9106639224661197,1.0,1,1,1
cue,reward,measured,29,900,eligibility,combined_core,8471,4.710096469140105,0.6924232713068517,0.5777719015798846,0.9228959371582685,0.7308464171880533,8471,8471,8471
cue,reward,measured,29,900,instantaneous,input.weight,1024,1.1667389383987075,0.36276105446185497,0.30527019475196504,0.9522825288645671,0.748046875,512,1024,512
cue,reward,measured,29,900,instantaneous,input.bias,256,4.5577817369901545,0.35984750434078316,0.6777773335748193,0.9482664533998046,0.75,256,256,256
cue,reward,measured,29,900,instantaneous,edge_log_gain,6678,0.022088786869218197,0.0014933550297341071,0.4225805793834952,0.9733611595411316,0.6464510332434861,6678,6678,6678
cue,reward,measured,29,900,instantaneous,alpha_logit,256,0.006662704390605535,0.0055212702123823695,0.6199584124475559,0.8119221281655823,0.81640625,256,256,256
cue,reward,measured,29,900,instantaneous,beta_logit,256,0.0007644289416464932,0.0002327731649557512,0.3842535102329382,0.9266654803265598,0.58984375,256,256,256
cue,reward,measured,29,900,instantaneous,recurrent_logit,1,0.22320785313817862,0.012524327055623336,1.0,0.943889397798786,1.0,1,1,1
cue,reward,measured,29,900,instantaneous,combined_core,8471,4.710096469140105,0.5111510896986449,0.516563845349102,0.9485038716800733,0.660007538635507,7959,8471,7959
cue,reward,measured,41,900,eligibility,input.weight,1024,0.4017785978795222,0.1022116641712745,0.2686720415839986,0.963337470916738,0.7685546875,1024,1024,1024
cue,reward,measured,41,900,eligibility,input.bias,256,1.5733361641350045,0.14681253062746827,0.682851049822944,0.9387596582603688,0.7578125,256,256,256
cue,reward,measured,41,900,eligibility,edge_log_gain,6678,0.007186907834968771,0.0005604531511840065,0.3806033543755037,0.9729956108832252,0.6918238993710691,6678,6678,6678
cue,reward,measured,41,900,eligibility,alpha_logit,256,0.0022886824133334063,0.0014467642816044898,0.6028432102982991,0.7983973184767443,0.85546875,256,256,256
cue,reward,measured,41,900,eligibility,beta_logit,256,0.00036769503314922834,0.0003676950331492283,1.0,2.6466044559106987e-16,1.0,256,256,256
cue,reward,measured,41,900,eligibility,recurrent_logit,1,0.07082224084900261,0.007167051621033709,1.0,0.8988022472161775,1.0,1,1,1
cue,reward,measured,41,900,eligibility,combined_core,8471,1.6253878127385508,0.1790392485046222,0.5816788653712058,0.9402061236516182,0.7173887380474561,8471,8471,8471
cue,reward,measured,41,900,instantaneous,input.weight,1024,0.4017785978795222,0.10205582670064908,0.2585732630804684,0.9660024275158289,0.921875,512,1024,512
cue,reward,measured,41,900,instantaneous,input.bias,256,1.5733361641350045,0.10144687840236223,0.684817386457638,0.9569979462870841,0.7578125,256,256,256
cue,reward,measured,41,900,instantaneous,edge_log_gain,6678,0.007186907834968771,0.00034460596510459184,0.38189342874160037,0.9826882542045267,0.6734052111410602,6678,6678,6678
cue,reward,measured,41,900,instantaneous,alpha_logit,256,0.0022886824133334063,0.0014371710789055259,0.6072693560616765,0.7947650539360812,0.859375,256,256,256
cue,reward,measured,41,900,instantaneous,beta_logit,256,0.00036769503314922834,7.814604403973881e-05,0.3146651454671328,0.9546819024778301,0.55859375,256,256,256
cue,reward,measured,41,900,instantaneous,recurrent_logit,1,0.07082224084900261,0.0050582384901051,1.0,0.9285783896489582,1.0,1,1,1
cue,reward,measured,41,900,instantaneous,combined_core,8471,1.6253878127385508,0.14399526727828524,0.5138575864673265,0.9574976606487132,0.6944339741173514,7959,8471,7959
cue,reward,null,17,900,eligibility,input.weight,1024,1.5887377609236093,1.547653976004757,0.9820164511347527,0.18895956850654597,0.8447265625,1024,1024,1024
cue,reward,null,17,900,eligibility,input.bias,256,4.506688807595385,2.843822688824301,0.6596910159593986,0.75208353192364,0.765625,256,256,256
cue,reward,null,17,900,eligibility,edge_log_gain,6678,0.027527697514323164,0.019454228499564345,0.7867896958155219,0.6223937495354439,0.804282719377059,6678,6678,6678
cue,reward,null,17,900,eligibility,alpha_logit,256,0.032378665108000845,0.028832100660874382,0.919250099598951,0.3947249400790828,0.875,256,256,256
cue,reward,null,17,900,eligibility,beta_logit,256,0.03890501501879417,0.03890501501879417,1.0,3.1120833573507567e-16,1.0,256,256,256
cue,reward,null,17,900,eligibility,recurrent_logit,1,0.22677806866542716,0.0789600403479088,1.0,0.6518180050981869,1.0,1,1,1
cue,reward,null,17,900,eligibility,combined_core,8471,4.784253309158697,3.239061339356756,0.7027427106231889,0.7119087435861496,0.8160783850785032,8471,8471,8471
cue,reward,null,17,900,instantaneous,input.weight,1024,1.5887377609236093,1.4144052036466057,0.8877539317464174,0.4603251960508495,0.751953125,512,1024,512
cue,reward,null,17,900,instantaneous,input.bias,256,4.506688807595385,1.412972512111752,0.21091668279518158,0.982874970314123,0.6640625,256,256,256
cue,reward,null,17,900,instantaneous,edge_log_gain,6678,0.027527697514323164,0.01003156349924096,0.5258786798158324,0.8657490734627427,0.6750524109014675,6678,6678,6678
cue,reward,null,17,900,instantaneous,alpha_logit,256,0.032378665108000845,0.027610927173006932,0.8637016638089268,0.5041223670946344,0.85546875,256,256,256
cue,reward,null,17,900,instantaneous,beta_logit,256,0.03890501501879417,0.012799367095255698,0.671885286872083,0.816178430050811,0.68359375,256,256,256
cue,reward,null,17,900,instantaneous,recurrent_logit,1,0.22677806866542716,0.07427945375343793,1.0,0.6724575079478927,1.0,1,1,1
cue,reward,null,17,900,instantaneous,combined_core,8471,4.784253309158697,2.000894214270092,0.3505841507157625,0.9389707312782983,0.6857645432843322,7959,8471,7959
cue,reward,null,29,900,eligibility,input.weight,1024,1.6760053999089515,1.1538223599903712,0.7935643236063835,0.6175011258720725,0.83984375,1024,1024,1024
cue,reward,null,29,900,eligibility,input.bias,256,3.372446168640208,2.628033634722103,0.8843300435478482,0.4785381542791417,0.90234375,256,256,256
cue,reward,null,29,900,eligibility,edge_log_gain,6678,0.026344951781817033,0.018881438539218028,0.822836871671868,0.5781041642314056,0.8301886792452831,6678,6678,6678
cue,reward,null,29,900,eligibility,alpha_logit,256,0.026187160325970987,0.022876729270180474,0.870975992690193,0.4913325053631224,0.89453125,256,256,256
cue,reward,null,29,900,eligibility,beta_logit,256,0.024829512389743544,0.024829512389743544,1.0,2.541551050069376e-16,1.0,256,256,256
cue,reward,null,29,900,eligibility,recurrent_logit,1,0.037073452617432626,0.012047004444102779,1.0,0.6750503771952965,1.0,1,1,1
cue,reward,null,29,900,eligibility,combined_core,8471,3.7663985490551566,2.870454373807293,0.8670882150681756,0.5090932914188487,0.8406327470192421,8471,8471,8471
cue,reward,null,29,900,instantaneous,input.weight,1024,1.6760053999089515,1.0792572232007032,0.6392993164993415,0.7689720261342525,0.84375,512,1024,512
cue,reward,null,29,900,instantaneous,input.bias,256,3.372446168640208,1.074324638740669,0.04686411762700733,1.035191825168839,0.66015625,256,256,256
cue,reward,null,29,900,instantaneous,edge_log_gain,6678,0.026344951781817033,0.007814549340022316,0.45108708712553813,0.9057478865308877,0.6581311769991015,6678,6678,6678
cue,reward,null,29,900,instantaneous,alpha_logit,256,0.026187160325970987,0.022297675662392217,0.8625235318779935,0.5061375879769777,0.87890625,256,256,256
cue,reward,null,29,900,instantaneous,beta_logit,256,0.024829512389743544,0.0075309092672575005,0.6423541331390669,0.8380546795155945,0.640625,256,256,256
cue,reward,null,29,900,instantaneous,recurrent_logit,1,0.037073452617432626,0.05491714048619614,1.0,0.4813063421121205,1.0,1,1,1
cue,reward,null,29,900,instantaneous,combined_core,8471,3.7663985490551566,1.5240080195560222,0.23152122628360616,0.9881120911144434,0.6767181806759643,7959,8471,7959
cue,reward,null,41,900,eligibility,input.weight,1024,0.12446894646938064,0.05228546473925988,0.5283577684967506,0.8558999164787607,0.755859375,1024,1024,1024
cue,reward,null,41,900,eligibility,input.bias,256,0.20648786904298025,0.07946617424263835,0.5408419682840198,0.855467410367418,0.78125,256,256,256
cue,reward,null,41,900,eligibility,edge_log_gain,6678,0.0025018765543608572,0.0009747789265495624,0.532534635283799,0.8583890192886358,0.77193770589997,6678,6678,6678
cue,reward,null,41,900,eligibility,alpha_logit,256,0.001245802577278782,0.0009914441420594648,0.849555534230836,0.5302283276129333,0.82421875,256,256,256
cue,reward,null,41,900,eligibility,beta_logit,256,0.0009934622454495622,0.0009934622454495622,0.9999999999999998,2.487797973556418e-16,1.0,256,256,256
cue,reward,null,41,900,eligibility,recurrent_logit,1,0.018783876446730068,0.005256746986827888,1.0,0.7201457855764914,1.0,1,1,1
cue,reward,null,41,900,eligibility,combined_core,8471,0.24184993506110852,0.09528481612156708,0.5387439727371086,0.8548161249257211,0.7787746428993035,8471,8471,8471
cue,reward,null,41,900,instantaneous,input.weight,1024,0.12446894646938064,0.04353679899953513,0.3522440012909898,0.9359114449784555,0.849609375,512,1024,512
cue,reward,null,41,900,instantaneous,input.bias,256,0.20648786904298025,0.04243859017394326,0.5029402691303558,0.9140604114167011,0.71875,256,256,256
cue,reward,null,41,900,instantaneous,edge_log_gain,6678,0.0025018765543608572,0.00023745376767541615,0.25427997192132046,0.9801736576998711,0.6075172207247679,6678,6678,6678
cue,reward,null,41,900,instantaneous,alpha_logit,256,0.001245802577278782,0.000960920078101212,0.8250229120666456,0.5676447297310022,0.81640625,256,256,256
cue,reward,null,41,900,instantaneous,beta_logit,256,0.0009934622454495622,9.645517457656793e-05,-0.26109866494704814,1.0296244717843284,0.5234375,256,256,256
cue,reward,null,41,900,instantaneous,recurrent_logit,1,0.018783876446730068,0.0005745849131557132,1.0,0.9694107382581438,1.0,1,1,1
cue,reward,null,41,900,instantaneous,combined_core,8471,0.24184993506110852,0.060809588110669215,0.4302774627141155,0.9202422822620547,0.6307325040834275,7959,8471,7959
context,bptt,measured,17,0,eligibility,input.weight,1024,0.7012742747358017,0.39030911277607744,0.5589116625758744,0.829230505276007,0.79296875,1024,1024,1024
context,bptt,measured,17,0,eligibility,input.bias,256,2.0340457725563272,0.891327561519912,0.5194412206781754,0.8583590501237335,0.859375,256,256,256
context,bptt,measured,17,0,eligibility,edge_log_gain,6678,0.010387988801031325,0.0031035078491095727,0.4040178572949232,0.9207871324308742,0.7816711590296496,6678,6678,6678
context,bptt,measured,17,0,eligibility,alpha_logit,256,0.00934901591447904,0.0092129812109855,0.9765106706932336,0.2156543743097202,0.94921875,256,256,256
context,bptt,measured,17,0,eligibility,beta_logit,256,0.0013198489932145499,0.0013198489932145497,0.9999999999999998,8.120712257546888e-16,1.0,256,256,256
context,bptt,measured,17,0,eligibility,recurrent_logit,1,0.030370070105436,0.005001934586542436,1.0,0.8353005255115585,1.0,1,1,1
context,bptt,measured,17,0,eligibility,combined_core,8471,2.151800922676156,0.9731018947550245,0.5229327083509279,0.8553015362543601,0.7970723645378349,8471,8471,8471
context,bptt,measured,17,0,instantaneous,input.weight,1024,0.7012742747358017,0.38330936137542126,0.5333002927190471,0.8460303828057578,0.73046875,512,1024,512
context,bptt,measured,17,0,instantaneous,input.bias,256,2.0340457725563272,0.3817829546196295,0.5097208629548262,0.9186318265817811,0.8125,256,256,256
context,bptt,measured,17,0,instantaneous,edge_log_gain,6678,0.010387988801031325,0.002047232756868842,0.36003907298423027,0.9470631086534455,0.7383947289607667,6678,6678,6678
context,bptt,measured,17,0,instantaneous,alpha_logit,256,0.00934901591447904,0.0093238931343183,0.9677647327206712,0.25358333880772405,0.9296875,256,256,256
context,bptt,measured,17,0,instantaneous,beta_logit,256,0.0013198489932145499,0.0006249067638543813,0.36931934205032796,0.9351204444166049,0.6015625,256,256,256
context,bptt,measured,17,0,instantaneous,recurrent_logit,1,0.030370070105436,0.003308378682001136,1.0,0.8910645029624426,1.0,1,1,1
context,bptt,measured,17,0,instantaneous,combined_core,8471,2.151800922676156,0.541097729600888,0.4632495299802549,0.9111824858775912,0.7420530217363991,7959,8471,7959
context,bptt,measured,29,0,eligibility,input.weight,1024,0.4867993008941621,0.2713752059942655,0.5588947378515763,0.8292398365773739,0.796875,1024,1024,1024
context,bptt,measured,29,0,eligibility,input.bias,256,2.103767186693906,0.6834485543653472,0.3992890508774449,0.9198405356959094,0.82421875,256,256,256
context,bptt,measured,29,0,eligibility,edge_log_gain,6678,0.008160238882427,0.002549434117992136,0.44473005074510474,0.9053843013181261,0.7867625037436358,6678,6678,6678
context,bptt,measured,29,0,eligibility,alpha_logit,256,0.006826594199894155,0.006444193602869656,0.9604130177668937,0.2790640751133592,0.9296875,256,256,256
context,bptt,measured,29,0,eligibility,beta_logit,256,0.0012884840376733678,0.0012884840376733678,1.0,5.999725259782667e-16,1.0,256,256,256
context,bptt,measured,29,0,eligibility,recurrent_logit,1,0.012365646140923772,0.005625192925101453,1.0,0.5450951077691744,1.0,1,1,1
context,bptt,measured,29,0,eligibility,combined_core,8471,2.1594160545026115,0.7354099259083918,0.4080839083102841,0.9154381750583193,0.7999055601463818,8471,8471,8471
context,bptt,measured,29,0,instantaneous,input.weight,1024,0.4867993008941621,0.25862045075394646,0.5350931641916147,0.8448017190062033,0.869140625,512,1024,512
context,bptt,measured,29,0,instantaneous,input.bias,256,2.103767186693906,0.2578836596695437,0.4343195691805378,0.9531772770838696,0.76953125,256,256,256
context,bptt,measured,29,0,instantaneous,edge_log_gain,6678,0.008160238882427,0.0013747465772969672,0.4064142179490812,0.9441638901291801,0.7333033842467804,6678,6678,6678
context,bptt,measured,29,0,instantaneous,alpha_logit,256,0.006826594199894155,0.006466255706070009,0.9506167099479772,0.31038595188668855,0.93359375,256,256,256
context,bptt,measured,29,0,instantaneous,beta_logit,256,0.0012884840376733678,0.00041954122618217114,0.46954447050331755,0.894564465287932,0.65234375,256,256,256
context,bptt,measured,29,0,instantaneous,recurrent_logit,1,0.012365646140923772,0.0037322822228851374,1.0,0.698173295568175,1.0,1,1,1
context,bptt,measured,29,0,instantaneous,combined_core,8471,2.1594160545026115,0.36530306296166076,0.3842209136801897,0.9479568823280249,0.7470787787410479,7959,8471,7959
context,bptt,measured,41,0,eligibility,input.weight,1024,0.9307369775125593,0.43161203563950895,0.466653243125743,0.8844451861945479,0.7431640625,1024,1024,1024
context,bptt,measured,41,0,eligibility,input.bias,256,5.9144340311260475,0.7317473481521514,0.457575380537525,0.9497803189571854,0.83203125,256,256,256
context,bptt,measured,41,0,eligibility,edge_log_gain,6678,0.01326942324459042,0.003432691373303209,0.4048910083247768,0.9259791959414413,0.7791254866726565,6678,6678,6678
context,bptt,measured,41,0,eligibility,alpha_logit,256,0.008269810840272842,0.008013723831143741,0.963214477088755,0.2687968234159035,0.93359375,256,256,256
context,bptt,measured,41,0,eligibility,beta_logit,256,0.0019829645499516006,0.0019829645499516006,0.9999999999999998,4.2493407737590675e-16,1.0,256,256,256
context,bptt,measured,41,0,eligibility,recurrent_logit,1,0.07386096867328161,0.0096547498855918,1.0,0.869284819045647,1.0,1,1,1
context,bptt,measured,41,0,eligibility,combined_core,8471,5.987696140591763,0.8496565661018873,0.42625958716788476,0.9482420066902403,0.787746428993035,8471,8471,8471
context,bptt,measured,41,0,instantaneous,input.weight,1024,0.9307369775125593,0.4255773745081453,0.4475304236976738,0.894321500354779,0.744140625,512,1024,512
context,bptt,measured,41,0,instantaneous,input.bias,256,5.9144340311260475,0.424107781010417,0.5544583882295269,0.9620938416969966,0.77734375,256,256,256
context,bptt,measured,41,0,instantaneous,edge_log_gain,6678,0.01326942324459042,0.002310409692880113,0.4315863537425446,0.938096242144529,0.7115902964959568,6678,6678,6678
context,bptt,measured,41,0,instantaneous,alpha_logit,256,0.008269810840272842,0.00820373515099151,0.9603402987412796,0.28062337991002234,0.91796875,256,256,256
context,bptt,measured,41,0,instantaneous,beta_logit,256,0.0019829645499516006,0.00047536442028506227,0.49256878971751117,0.9062595750219762,0.65234375,256,256,256
context,bptt,measured,41,0,instantaneous,recurrent_logit,1,0.07386096867328161,0.006382431156299578,1.0,0.9135885803971543,1.0,1,1,1
context,bptt,measured,41,0,instantaneous,combined_core,8471,5.987696140591763,0.6009135647237455,0.4359529994118369,0.9605045268453226,0.7205679105415254,7959,8471,7959
context,bptt,null,17,0,eligibility,input.weight,1024,0.417849934634848,0.40829871058140976,0.9721074652703259,0.23458990229485296,0.8173828125,1024,1024,1024
context,bptt,null,17,0,eligibility,input.bias,256,0.9891709752016775,0.917151193030427,0.8886948001626817,0.4601125615479113,0.87109375,256,256,256
context,bptt,null,17,0,eligibility,edge_log_gain,6678,0.003758800490861509,0.003321509238577676,0.8735208540458744,0.48689235033599293,0.8002395926924228,6678,6678,6678
context,bptt,null,17,0,eligibility,alpha_logit,256,0.009577820953212078,0.00958080168502784,0.9983909509893499,0.056737962463680396,0.98046875,256,256,256
context,bptt,null,17,0,eligibility,beta_logit,256,0.0013769700214937724,0.0013769700214937724,1.0,5.869856168110145e-16,1.0,256,256,256
context,bptt,null,17,0,eligibility,recurrent_logit,1,0.011856808831723211,0.005421869945176145,1.0,0.542720978121045,1.0,1,1,1
context,bptt,null,17,0,eligibility,combined_core,8471,1.0739209138727301,1.003996147823422,0.9017320430903908,0.4335650619495935,0.8159603352614804,8471,8471,8471
context,bptt,null,17,0,instantaneous,input.weight,1024,0.417849934634848,0.39386243184777275,0.9424752669754454,0.33427591149433433,0.806640625,512,1024,512
context,bptt,null,17,0,instantaneous,input.bias,256,0.9891709752016775,0.3934271163869841,0.75173321936067,0.7484734329591433,0.83984375,256,256,256
context,bptt,null,17,0,instantaneous,edge_log_gain,6678,0.003758800490861509,0.0023389181334050302,0.7823965381994754,0.6430413554953777,0.7322551662174304,6678,6678,6678
context,bptt,null,17,0,instantaneous,alpha_logit,256,0.009577820953212078,0.009578068660361478,0.9842429340529816,0.1775244985899973,0.95703125,256,256,256
context,bptt,null,17,0,instantaneous,beta_logit,256,0.0013769700214937724,0.0006896973978664584,0.5931246253683651,0.8103777897584937,0.640625,256,256,256
context,bptt,null,17,0,instantaneous,recurrent_logit,1,0.011856808831723211,0.003335053335100884,1.0,0.7187225178010918,1.0,1,1,1
context,bptt,null,17,0,instantaneous,combined_core,8471,1.0739209138727301,0.5567955812775142,0.7488782125124793,0.7016191636954631,0.7448171880889559,7959,8471,7959
context,bptt,null,29,0,eligibility,input.weight,1024,0.219733448104267,0.21014391217577538,0.9527206510333295,0.30386936956512295,0.853515625,1024,1024,1024
context,bptt,null,29,0,eligibility,input.bias,256,0.5602713579542856,0.4869993900079457,0.8630114608970203,0.5052224969417135,0.828125,256,256,256
context,bptt,null,29,0,eligibility,edge_log_gain,6678,0.002961793518627988,0.0027511130928962887,0.9118769369177477,0.4108151941125415,0.8403713686732555,6678,6678,6678
context,bptt,null,29,0,eligibility,alpha_logit,256,0.004857962757332748,0.00480490356585855,0.9956715126636023,0.09317571946090139,0.96875,256,256,256
context,bptt,null,29,0,eligibility,beta_logit,256,0.001240848771999051,0.001240848771999051,1.0,6.99992397371371e-16,1.0,256,256,256
context,bptt,null,29,0,eligibility,recurrent_logit,1,0.008446822658636662,0.0013991998332643842,1.0,0.8343519344716279,1.0,1,1,1
context,bptt,null,29,0,eligibility,combined_core,8471,0.6019070055261279,0.5304366341798299,0.8754586194474576,0.4833279041532589,0.8503128320151104,8471,8471,8471
context,bptt,null,29,0,instantaneous,input.weight,1024,0.219733448104267,0.17643638218555793,0.8353265772437248,0.5507062162571635,0.876953125,512,1024,512
context,bptt,null,29,0,instantaneous,input.bias,256,0.5602713579542856,0.17454448121920502,0.764971462073537,0.7876691761119752,0.8359375,256,256,256
context,bptt,null,29,0,instantaneous,edge_log_gain,6678,0.002961793518627988,0.0016426474409579177,0.815537410737686,0.6348075202417703,0.7836178496555855,6678,6678,6678
context,bptt,null,29,0,instantaneous,alpha_logit,256,0.004857962757332748,0.005118921431221642,0.9567891453014988,0.3065121199169693,0.95703125,256,256,256
context,bptt,null,29,0,instantaneous,beta_logit,256,0.001240848771999051,0.00032953082952898497,0.4657620888677872,0.9072722821365351,0.6328125,256,256,256
context,bptt,null,29,0,instantaneous,recurrent_logit,1,0.008446822658636662,0.0010410675501139961,1.0,0.8767503957183793,1.0,1,1,1
context,bptt,null,29,0,instantaneous,combined_core,8471,0.6019070055261279,0.24824517506339508,0.7176377476125397,0.7603598846451476,0.7920593039326549,7959,8471,7959
context,bptt,null,41,0,eligibility,input.weight,1024,0.32875182642564643,0.3241282567095566,0.9879216587956998,0.15496689637429129,0.8115234375,1024,1024,1024
context,bptt,null,41,0,eligibility,input.bias,256,0.668191500496436,0.5485899577952738,0.881954490813078,0.47525873173522765,0.86328125,256,256,256
context,bptt,null,41,0,eligibility,edge_log_gain,6678,0.0027844818063557184,0.0024188951347078025,0.8860317739213405,0.4639481538491623,0.8388739143456124,6678,6678,6678
context,bptt,null,41,0,eligibility,alpha_logit,256,0.006165127895509791,0.006101740602321411,0.9962501411485838,0.08676589031464542,0.97265625,256,256,256
context,bptt,null,41,0,eligibility,beta_logit,256,0.0011361624887867034,0.0011361624887867034,1.0,6.861008456593415e-16,1.0,256,256,256
context,bptt,null,41,0,eligibility,recurrent_logit,1,0.009550562910963449,0.001201071486821798,1.0,0.8742407648618237,1.0,1,1,1
context,bptt,null,41,0,eligibility,combined_core,8471,0.7447791021315601,0.6372251441377403,0.9031314520535892,0.43198821979820323,0.8452366898831307,8471,8471,8471
context,bptt,null,41,0,instantaneous,input.weight,1024,0.32875182642564643,0.31333655393844034,0.9556025399753906,0.2946693059255634,0.80078125,512,1024,512
context,bptt,null,41,0,instantaneous,input.bias,256,0.668191500496436,0.3128276724653398,0.8064811393134379,0.6812063824298317,0.83203125,256,256,256
context,bptt,null,41,0,instantaneous,edge_log_gain,6678,0.0027844818063557184,0.0021629448056953975,0.764771089331939,0.6444140939748487,0.7807726864330637,6678,6678,6678
context,bptt,null,41,0,instantaneous,alpha_logit,256,0.006165127895509791,0.006328821523213768,0.9718161599922852,0.24201097658055998,0.94140625,256,256,256
context,bptt,null,41,0,instantaneous,beta_logit,256,0.0011361624887867034,0.00034888908774980873,0.4343871431149433,0.9096789243296847,0.5859375,256,256,256
context,bptt,null,41,0,instantaneous,recurrent_logit,1,0.009550562910963449,0.0015482169587979313,1.0,0.8378925961504662,1.0,1,1,1
context,bptt,null,41,0,instantaneous,combined_core,8471,0.7447791021315601,0.44281847263359664,0.8097946332275989,0.6249456704426465,0.7826360095489383,7959,8471,7959
context,bptt,measured,17,300,eligibility,input.weight,1024,0.5006640497815528,0.03542286991165488,0.10192785061246232,0.9952801922052499,0.763671875,1024,1024,1024
context,bptt,measured,17,300,eligibility,input.bias,256,2.654999797490396,0.08184135951740136,0.4618318468103249,0.9861429539340368,0.69921875,256,256,256
context,bptt,measured,17,300,eligibility,edge_log_gain,6678,0.021716386980998346,0.0024881200785237547,0.22275324356755444,0.9808587427160822,0.727613057801737,6678,6678,6678
context,bptt,measured,17,300,eligibility,alpha_logit,256,0.008456876078684205,0.001140742067073383,0.15759724953963464,0.9877645256116491,0.83203125,256,256,256
context,bptt,measured,17,300,eligibility,beta_logit,256,0.0006644903870203597,0.0006644903870203594,1.0,1.3330957149409272e-15,1.0,256,256,256
context,bptt,measured,17,300,eligibility,recurrent_logit,1,0.2606112174187917,0.002248156168976427,-1.0,1.0086264750659744,0.0,1,1,1
context,bptt,measured,17,300,eligibility,combined_core,8471,2.7144336764463795,0.08925119398673532,0.4193179669096472,0.9866643653604534,0.7424152992562861,8471,8471,8471
context,bptt,measured,17,300,instantaneous,input.weight,1024,0.5006640497815528,0.036500529358745086,0.07026737759347104,0.9975316780239091,0.720703125,512,1024,512
context,bptt,measured,17,300,instantaneous,input.bias,256,2.654999797490396,0.034480583020730295,0.3774773763731324,0.9951703558484413,0.66796875,256,256,256
context,bptt,measured,17,300,instantaneous,edge_log_gain,6678,0.021716386980998346,0.0016724509453647468,0.1390322170219069,0.9922279913767169,0.7012578616352201,6678,6678,6678
context,bptt,measured,17,300,instantaneous,alpha_logit,256,0.008456876078684205,0.0008859866161600177,0.124036911539658,0.9924647308912966,0.83203125,256,256,256
context,bptt,measured,17,300,instantaneous,beta_logit,256,0.0006644903870203597,0.00014356448325213394,0.39666990974136107,0.9355617610178145,0.57421875,256,256,256
context,bptt,measured,17,300,instantaneous,recurrent_logit,1,0.2606112174187917,0.006672257508720778,-1.0,1.0256023419667264,0.0,1,1,1
context,bptt,measured,17,300,instantaneous,combined_core,8471,2.7144336764463795,0.05068846954081652,0.24789340426599482,0.9955353039905366,0.7014700339238598,7959,8471,7959
context,bptt,measured,29,300,eligibility,input.weight,1024,1.4370361506620175,0.06616442176054108,0.0569050013467399,0.99843869091825,0.7568359375,1024,1024,1024
context,bptt,measured,29,300,eligibility,input.bias,256,5.990298797738676,0.09598176026269234,0.5696210136720431,0.9909605486116155,0.6953125,256,256,256
context,bptt,measured,29,300,eligibility,edge_log_gain,6678,0.05134087470257631,0.008356931875482707,0.18318070636836936,0.9832910476916055,0.7070979335130279,6678,6678,6678
context,bptt,measured,29,300,eligibility,alpha_logit,256,0.015692241733059796,0.0019865526705666894,-0.04587013789886187,1.0137258049349793,0.76953125,256,256,256
context,bptt,measured,29,300,eligibility,beta_logit,256,0.0028385187059218877,0.0028385187059218877,1.0,5.529093613311905e-16,1.0,256,256,256
context,bptt,measured,29,300,eligibility,recurrent_logit,1,0.7850044952053545,0.005157201538341045,1.0,0.9934303541319315,1.0,1,1,1
context,bptt,measured,29,300,eligibility,combined_core,8471,6.2103039242090095,0.117041307357988,0.46370994859514136,0.9914014027219882,0.7235273285326408,8471,8471,8471
context,bptt,measured,29,300,instantaneous,input.weight,1024,1.4370361506620175,0.06720305765889503,0.0375380018487209,0.9993377990995922,0.708984375,512,1024,512
context,bptt,measured,29,300,instantaneous,input.bias,256,5.990298797738676,0.06506261812374894,0.6059189321888622,0.9934564893991852,0.6953125,256,256,256
context,bptt,measured,29,300,instantaneous,edge_log_gain,6678,0.05134087470257631,0.0056397731009867665,0.16837582048459854,0.9874588117300622,0.6916741539383049,6678,6678,6678
context,bptt,measured,29,300,instantaneous,alpha_logit,256,0.015692241733059796,0.001423212392362028,-0.048642627520839456,1.0084884479505378,0.71484375,256,256,256
context,bptt,measured,29,300,instantaneous,beta_logit,256,0.0028385187059218877,0.00046482634023310465,0.9955612010831476,0.8371121136793993,0.75390625,256,256,256
context,bptt,measured,29,300,instantaneous,recurrent_logit,1,0.7850044952053545,0.0007322193116417477,-1.0,1.0009327581129968,0.0,1,1,1
context,bptt,measured,29,300,instantaneous,combined_core,8471,6.2103039242090095,0.09372288951271646,0.4110538803162462,0.9938917963749512,0.6955647694433974,7959,8471,7959
context,bptt,measured,41,300,eligibility,input.weight,1024,1.0533359764180446,0.19543819968221351,0.1365346229098358,0.9918467786942315,0.705078125,1024,1024,1024
context,bptt,measured,41,300,eligibility,input.bias,256,5.747965109337085,0.26299003364450835,0.23422464094060283,0.9902828661380667,0.83984375,256,256,256
context,bptt,measured,41,300,eligibility,edge_log_gain,6678,0.03275941640732282,0.0021078146001497202,0.10788730088044211,0.99511632569216,0.7225217130877508,6678,6678,6678
context,bptt,measured,41,300,eligibility,alpha_logit,256,0.007055802987679114,0.0036231970776632,0.3864829637358087,0.9310025602518356,0.81640625,256,256,256
context,bptt,measured,41,300,eligibility,beta_logit,256,0.0006672643056650257,0.0006672643056650259,1.0,1.02883595287945e-15,1.0,256,256,256
context,bptt,measured,41,300,eligibility,recurrent_logit,1,0.51705159082681,0.009763837927895373,1.0,0.9811163177889421,1.0,1,1,1
context,bptt,measured,41,300,eligibility,combined_core,8471,5.866607651267501,0.3278310478029078,0.20134651998620376,0.9902625100258935,0.7352142604178964,8471,8471,8471
context,bptt,measured,41,300,instantaneous,input.weight,1024,1.0533359764180446,0.1962824287181778,0.1625692506982195,0.9869835150105123,0.78125,512,1024,512
context,bptt,measured,41,300,instantaneous,input.bias,256,5.747965109337085,0.18909170569580558,0.40708755699084875,0.9870654370563651,0.80859375,256,256,256
context,bptt,measured,41,300,instantaneous,edge_log_gain,6678,0.03275941640732282,0.0013897904542724525,0.13801536374906467,0.9950323809669148,0.668313866427074,6678,6678,6678
context,bptt,measured,41,300,instantaneous,alpha_logit,256,0.007055802987679114,0.00361805885154677,0.4220504398596112,0.9111009125490025,0.828125,256,256,256
context,bptt,measured,41,300,instantaneous,beta_logit,256,0.0006672643056650257,0.00017855863009659913,0.09391604340596985,1.0106162564502963,0.52734375,256,256,256
context,bptt,measured,41,300,instantaneous,recurrent_logit,1,0.51705159082681,0.007716976451467752,1.0,0.9850750358602947,1.0,1,1,1
context,bptt,measured,41,300,instantaneous,combined_core,8471,5.866607651267501,0.2726849289244874,0.30009897348097836,0.9870474948343805,0.6807387862796834,7959,8471,7959
context,bptt,null,17,300,eligibility,input.weight,1024,0.8512247674867057,0.31733914181636574,0.3978199652770173,0.9178045129998873,0.76171875,1024,1024,1024
context,bptt,null,17,300,eligibility,input.bias,256,5.46151141073905,0.8163414079485287,0.5549950686429204,0.9254348569155705,0.7578125,256,256,256
context,bptt,null,17,300,eligibility,edge_log_gain,6678,0.02014265833731851,0.002894218061675088,0.36712153589072616,0.956632225751174,0.7067984426474992,6678,6678,6678
context,bptt,null,17,300,eligibility,alpha_logit,256,0.007292580673384844,0.005950523157902323,0.7897050927685197,0.6140486004847435,0.8359375,256,256,256
context,bptt,null,17,300,eligibility,beta_logit,256,0.001821654897048602,0.0018216548970486023,1.0,1.1636816758589225e-15,1.0,256,256,256
context,bptt,null,17,300,eligibility,recurrent_logit,1,0.21125097520729372,0.02120273361710931,1.0,0.8996324935480001,1.0,1,1,1
context,bptt,null,17,300,eligibility,combined_core,8471,5.531525982564487,0.87613588262528,0.5336825267759664,0.9252176948738239,0.727777121945461,8471,8471,8471
context,bptt,null,17,300,instantaneous,input.weight,1024,0.8512247674867057,0.3082294185162793,0.35288204393935596,0.935713232741143,0.75,512,1024,512
context,bptt,null,17,300,instantaneous,input.bias,256,5.46151141073905,0.30314994914677634,0.5565335805962334,0.9702053418258709,0.7109375,256,256,256
context,bptt,null,17,300,instantaneous,edge_log_gain,6678,0.02014265833731851,0.0013666832201349455,0.29878059761653175,0.9818650656175789,0.6383647798742138,6678,6678,6678
context,bptt,null,17,300,instantaneous,alpha_logit,256,0.007292580673384844,0.005757948166614911,0.7922949685978966,0.6101443674779313,0.82421875,256,256,256
context,bptt,null,17,300,instantaneous,beta_logit,256,0.001821654897048602,0.0007344344360607512,0.6542188042363567,0.7968838410137578,0.67578125,256,256,256
context,bptt,null,17,300,instantaneous,recurrent_logit,1,0.21125097520729372,0.011534705029962329,1.0,0.9453980980743701,1.0,1,1,1
context,bptt,null,17,300,instantaneous,combined_core,8471,5.531525982564487,0.4325203772202638,0.42486740970129466,0.9693666034627393,0.6551074255559743,7959,8471,7959
context,bptt,null,29,300,eligibility,input.weight,1024,0.5128887924556915,0.22200463951407426,0.4097658344455703,0.9124828244669805,0.71875,1024,1024,1024
context,bptt,null,29,300,eligibility,input.bias,256,3.061030206391432,0.47838170840941,0.5038357961910098,0.9310980799866652,0.71875,256,256,256
context,bptt,null,29,300,eligibility,edge_log_gain,6678,0.018171149224245956,0.0026489934125161194,0.41249781112420136,0.9492016910758788,0.7079964061096137,6678,6678,6678
context,bptt,null,29,300,eligibility,alpha_logit,256,0.006224335986937929,0.004054992552826649,0.6299378302144345,0.7769440991120761,0.8515625,256,256,256
context,bptt,null,29,300,eligibility,beta_logit,256,0.0017343301667795527,0.0017343301667795525,1.0,7.296184535831919e-16,1.0,256,256,256
context,bptt,null,29,300,eligibility,recurrent_logit,1,0.2796460432439687,0.02885321420708872,1.0,0.8968223763426661,1.0,1,1,1
context,bptt,null,29,300,eligibility,combined_core,8471,3.1163335329025936,0.5281989160424225,0.48148910142920687,0.9303275620398548,0.722819029630504,8471,8471,8471
context,bptt,null,29,300,instantaneous,input.weight,1024,0.5128887924556915,0.21486925894331818,0.4071136722907367,0.913454050687229,0.81640625,512,1024,512
context,bptt,null,29,300,instantaneous,input.bias,256,3.061030206391432,0.2098840865020728,0.5362685376858906,0.9649669756612871,0.6796875,256,256,256
context,bptt,null,29,300,instantaneous,edge_log_gain,6678,0.018171149224245956,0.00152933735329434,0.47173137379984276,0.9631608387826766,0.6813417190775681,6678,6678,6678
context,bptt,null,29,300,instantaneous,alpha_logit,256,0.006224335986937929,0.00398894271493875,0.6301413194744856,0.7765544787228613,0.85546875,256,256,256
context,bptt,null,29,300,instantaneous,beta_logit,256,0.0017343301667795527,0.0003149935255355491,0.630966308997466,0.8965440873445492,0.66796875,256,256,256
context,bptt,null,29,300,instantaneous,recurrent_logit,1,0.2796460432439687,0.02348305056445323,1.0,0.916025807867533,1.0,1,1,1
context,bptt,null,29,300,instantaneous,combined_core,8471,3.1163335329025936,0.3013136764687545,0.4217210671756553,0.9632224552823399,0.6951878376680487,7959,8471,7959
context,bptt,null,41,300,eligibility,input.weight,1024,0.22756057200315352,0.08259058380369229,0.3617449912547175,0.9322778484558394,0.740234375,1024,1024,1024
context,bptt,null,41,300,eligibility,input.bias,256,0.272940253361652,0.13952495406154256,0.5006025175124614,0.8657420301754588,0.765625,256,256,256
context,bptt,null,41,300,eligibility,edge_log_gain,6678,0.006406604354303218,0.0012629415557707429,-0.014773362198974531,1.0220984727708486,0.5618448637316562,6678,6678,6678
context,bptt,null,41,300,eligibility,alpha_logit,256,0.0027432487656086114,0.0018042261345401903,0.6188834901731829,0.7864411638924148,0.765625,256,256,256
context,bptt,null,41,300,eligibility,beta_logit,256,0.0007745696669319859,0.0007745696669319861,1.0,2.2500703927113155e-15,1.0,256,256,256
context,bptt,null,41,300,eligibility,recurrent_logit,1,0.020546113063452647,0.014137494127321244,-1.0,1.6880860668711575,0.0,1,1,1
context,bptt,null,41,300,eligibility,combined_core,8471,0.35602178100342796,0.16276896599351198,0.44134740602138356,0.8974761271103573,0.6089009562035179,8471,8471,8471
context,bptt,null,41,300,instantaneous,input.weight,1024,0.22756057200315352,0.07995963791714135,0.3523640168868012,0.9358635440345116,0.828125,512,1024,512
context,bptt,null,41,300,instantaneous,input.bias,256,0.272940253361652,0.0771151738825676,0.16469157905171847,0.993359831647779,0.703125,256,256,256
context,bptt,null,41,300,instantaneous,edge_log_gain,6678,0.006406604354303218,0.000958449933348036,-0.12726207017454313,1.0297858350774267,0.5344414495357892,6678,6678,6678
context,bptt,null,41,300,instantaneous,alpha_logit,256,0.0027432487656086114,0.0018912224317209183,0.610518978999266,0.7959210571580339,0.75390625,256,256,256
context,bptt,null,41,300,instantaneous,beta_logit,256,0.0007745696669319859,0.00013841969651401276,0.23172831542059158,0.9742245270559373,0.5703125,256,256,256
context,bptt,null,41,300,instantaneous,recurrent_logit,1,0.020546113063452647,0.012231903552532536,-1.0,1.5953390558475318,0.0,1,1,1
context,bptt,null,41,300,instantaneous,combined_core,8471,0.35602178100342796,0.1117784760670443,0.24196134449980222,0.9729538908135625,0.5669053901243875,7959,8471,7959
context,bptt,measured,17,600,eligibility,input.weight,1024,0.1864090793308667,0.017200464550395925,0.052665750319103095,0.9993973320418669,0.765625,1024,1024,1024
context,bptt,measured,17,600,eligibility,input.bias,256,0.6711440846262352,0.015164583059947329,0.1101155224589868,0.9977646977402373,0.63671875,256,256,256
context,bptt,measured,17,600,eligibility,edge_log_gain,6678,0.01526880506640088,0.001283494191121005,0.22655090108326045,0.9843669921720005,0.7097933513027853,6678,6678,6678
context,bptt,measured,17,600,eligibility,alpha_logit,256,0.004958194930164581,0.0005506962184284423,0.21009211447767415,0.9826836223795132,0.765625,256,256,256
context,bptt,measured,17,600,eligibility,beta_logit,256,0.00022811014002183675,0.00022811014002183685,1.0,4.339797683190097e-15,1.0,256,256,256
context,bptt,measured,17,600,eligibility,recurrent_logit,1,0.16000182240672267,0.002928285414428382,1.0,0.9816984246155352,1.0,1,1,1
context,bptt,measured,17,600,eligibility,combined_core,8471,0.7148713747931146,0.023160269288145973,0.10649362898424765,0.9970703570446767,0.7248258765198914,8471,8471,8471
context,bptt,measured,17,600,instantaneous,input.weight,1024,0.1864090793308667,0.015200831519193917,0.0524706365960384,0.9990456361338621,0.919921875,512,1024,512
context,bptt,measured,17,600,instantaneous,input.bias,256,0.6711440846262352,0.009474273446281406,0.1780123187988625,0.9975837912555561,0.671875,256,256,256
context,bptt,measured,17,600,instantaneous,edge_log_gain,6678,0.01526880506640088,0.0008278973249523731,0.18150776926994114,0.9915930249803656,0.6567834681042228,6678,6678,6678
context,bptt,measured,17,600,instantaneous,alpha_logit,256,0.004958194930164581,0.0003327386467016231,0.14527050904322558,0.9924745476402624,0.671875,256,256,256
context,bptt,measured,17,600,instantaneous,beta_logit,256,0.00022811014002183675,4.7591714356466455e-05,-0.2948251396188532,1.0800694662330246,0.48828125,256,256,256
context,bptt,measured,17,600,instantaneous,recurrent_logit,1,0.16000182240672267,0.0011353079867057992,1.0,0.9929044059022036,1.0,1,1,1
context,bptt,measured,17,600,instantaneous,combined_core,8471,0.7148713747931146,0.017969820655572972,0.11402449263822809,0.9974464280500118,0.6693051890941073,7959,8471,7959
context,bptt,measured,29,600,eligibility,input.weight,1024,0.010133054272546205,0.005348956247919229,0.6125953668415802,0.7949244964120363,0.802734375,1024,1024,1024
context,bptt,measured,29,600,eligibility,input.bias,256,0.0035372563426097695,0.0013466007187093987,0.5566955174485421,0.8491571021445466,0.75,256,256,256
context,bptt,measured,29,600,eligibility,edge_log_gain,6678,0.0005605934289946064,0.00025043609891852434,0.3815964152876116,0.9266213196847479,0.8414195867026055,6678,6678,6678
context,bptt,measured,29,600,eligibility,alpha_logit,256,0.00011949744799221198,5.238690269167949e-05,0.44268050644085394,0.8966896607906376,0.7734375,256,256,256
context,bptt,measured,29,600,eligibility,beta_logit,256,0.00011178608431613885,0.00011178608431613893,1.0,1.3816430109623376e-14,1.0,256,256,256
context,bptt,measured,29,600,eligibility,recurrent_logit,1,6.208068172155458e-05,0.0004374290607911566,-1.0,8.046138165059487,0.0,1,1,1
context,bptt,measured,29,600,eligibility,combined_core,8471,0.010748761142387446,0.005540213838550765,0.602796940713342,0.8026637886603689,0.8366190532404675,8471,8471,8471
context,bptt,measured,29,600,instantaneous,input.weight,1024,0.010133054272546205,0.0006867258051194541,0.12208713789081911,0.9940045215074298,0.794921875,512,1024,512
context,bptt,measured,29,600,instantaneous,input.bias,256,0.0035372563426097695,0.0006200202905663174,0.5457908234831951,0.9161815063986621,0.7265625,256,256,256
context,bptt,measured,29,600,instantaneous,edge_log_gain,6678,0.0005605934289946064,0.0001348555881627629,0.3502307054233469,0.9430622549733558,0.7804731955675351,6678,6678,6678
context,bptt,measured,29,600,instantaneous,alpha_logit,256,0.00011949744799221198,0.00010643277584447078,0.32191518657690427,1.1044693280603743,0.62890625,256,256,256
context,bptt,measured,29,600,instantaneous,beta_logit,256,0.00011178608431613885,8.423054405036124e-06,0.8342242547714078,0.9380620419493548,0.921875,256,256,256
context,bptt,measured,29,600,instantaneous,recurrent_logit,1,6.208068172155458e-05,0.00016627896582048558,-1.0,3.678433309838366,0.0,1,1,1
context,bptt,measured,29,600,instantaneous,combined_core,8471,0.010748761142387446,0.000955641721506249,0.20128630811872944,0.985957857768369,0.7792436235708003,7959,8471,7959
context,bptt,measured,41,600,eligibility,input.weight,1024,0.7693755772192725,0.12483914842976138,0.21647121470401934,0.9777929388883714,0.80078125,1024,1024,1024
context,bptt,measured,41,600,eligibility,input.bias,256,5.3233830958315,0.21476527807924858,0.31703182975125005,0.9879509644243919,0.7421875,256,256,256
context,bptt,measured,41,600,eligibility,edge_log_gain,6678,0.04322042047129268,0.006882987148882042,0.38213752467340917,0.9506042113124011,0.7473794549266247,6678,6678,6678
context,bptt,measured,41,600,eligibility,alpha_logit,256,0.009062978948305609,0.0020540531401196677,0.3750787681045571,0.938802079164455,0.828125,256,256,256
context,bptt,measured,41,600,eligibility,beta_logit,256,0.0019943574462469213,0.0019943574462469213,1.0,4.61441357719029e-16,1.0,256,256,256
context,bptt,measured,41,600,eligibility,recurrent_logit,1,0.35445312498006054,0.0014006701085114617,1.0,0.9960483629292582,1.0,1,1,1
context,bptt,measured,41,600,eligibility,combined_core,8471,5.390541484990995,0.2485286133102089,0.2865321796157677,0.9877776794785446,0.76378231613741,8471,8471,8471
context,bptt,measured,41,600,instantaneous,input.weight,1024,0.7693755772192725,0.12182991147073935,0.16191079620418214,0.986811825996184,0.880859375,512,1024,512
context,bptt,measured,41,600,instantaneous,input.bias,256,5.3233830958315,0.12155502904066852,0.36746560646062176,0.9918366074023254,0.73046875,256,256,256
context,bptt,measured,41,600,instantaneous,edge_log_gain,6678,0.04322042047129268,0.004502096554701199,0.3789334238477882,0.9653531063445637,0.7142857142857143,6678,6678,6678
context,bptt,measured,41,600,instantaneous,alpha_logit,256,0.009062978948305609,0.002011790219197928,0.29756464152915174,0.9576891387120392,0.7890625,256,256,256
context,bptt,measured,41,600,instantaneous,beta_logit,256,0.0019943574462469213,0.00018139128107576277,0.7020176569605591,0.938388059750616,0.68359375,256,256,256
context,bptt,measured,41,600,instantaneous,recurrent_logit,1,0.35445312498006054,0.0009699386933468366,1.0,0.997263562866313,1.0,1,1,1
context,bptt,measured,41,600,instantaneous,combined_core,8471,5.390541484990995,0.17217271058790243,0.2730089091802339,0.9917562505070897,0.7269757507224526,7959,8471,7959
context,bptt,null,17,600,eligibility,input.weight,1024,0.010632934437426706,0.009648824645493527,0.8957724168288708,0.444666249625416,0.83203125,1024,1024,1024
context,bptt,null,17,600,eligibility,input.bias,256,0.0022565657249292975,0.0018021002720246156,0.8192909609853094,0.5737510879117403,0.8984375,256,256,256
context,bptt,null,17,600,eligibility,edge_log_gain,6678,0.0002997796360260921,0.0002669230489645222,0.8977364167295622,0.4405941275850443,0.7821203953279425,6678,6678,6678
context,bptt,null,17,600,eligibility,alpha_logit,256,5.979755562552444e-05,5.01939636899716e-05,0.8261762057651586,0.5635669432682786,0.79296875,256,256,256
context,bptt,null,17,600,eligibility,beta_logit,256,0.00012603069998014095,0.00012603069998014097,1.0,6.365627330696679e-15,1.0,256,256,256
context,bptt,null,17,600,eligibility,recurrent_logit,1,0.001227432897416898,0.0002780154411585066,1.0,0.7734984602876596,1.0,1,1,1
context,bptt,null,17,600,eligibility,combined_core,8471,0.010943824854883866,0.009824170504466713,0.8897929045203009,0.4564328682985724,0.7986070121591311,8471,8471,8471
context,bptt,null,17,600,instantaneous,input.weight,1024,0.010632934437426706,0.0017815287897577521,0.6875928684966195,0.8931195482714213,0.875,512,1024,512
context,bptt,null,17,600,instantaneous,input.bias,256,0.0022565657249292975,0.0006240055526190876,0.7034007569248887,0.8291242304856571,0.8359375,256,256,256
context,bptt,null,17,600,instantaneous,edge_log_gain,6678,0.0002997796360260921,0.00014387554760755933,0.7382568379407234,0.7222919220761518,0.7069481880802636,6678,6678,6678
context,bptt,null,17,600,instantaneous,alpha_logit,256,5.979755562552444e-05,0.00010934473712776076,0.17367239755357156,1.9257631919379903,0.5546875,256,256,256
context,bptt,null,17,600,instantaneous,beta_logit,256,0.00012603069998014095,9.971645919456947e-06,0.8085034071076325,0.9371879604665334,0.80078125,256,256,256
context,bptt,null,17,600,instantaneous,recurrent_logit,1,0.001227432897416898,0.00012235987272542882,1.0,0.9003123730975989,1.0,1,1,1
context,bptt,null,17,600,instantaneous,combined_core,8471,0.010943824854883866,0.0019002514505580101,0.6828054717051146,0.8905219574944947,0.7200653348410604,7959,8471,7959
context,bptt,null,29,600,eligibility,input.weight,1024,0.9119500125767993,0.5603658990746238,0.6462837715315818,0.7637600437761561,0.744140625,1024,1024,1024
context,bptt,null,29,600,eligibility,input.bias,256,6.903900557743853,1.4732007177434912,0.3635430375318494,0.9436012815682423,0.71875,256,256,256
context,bptt,null,29,600,eligibility,edge_log_gain,6678,0.04163397735576526,0.009872640982171742,0.3671035404421457,0.939216834433425,0.6826894279724468,6678,6678,6678
context,bptt,null,29,600,eligibility,alpha_logit,256,0.017002666235693405,0.014367375182841901,0.8117587139879724,0.5849386730956655,0.8515625,256,256,256
context,bptt,null,29,600,eligibility,beta_logit,256,0.003617052921736532,0.0036170529217365317,0.9999999999999999,5.459823010722263e-16,1.0,256,256,256
context,bptt,null,29,600,eligibility,recurrent_logit,1,0.23713393852072776,0.018009929675677674,1.0,0.9240516571013582,1.0,1,1,1
context,bptt,null,29,600,eligibility,combined_core,8471,6.9680530855651845,1.5763792775706014,0.3671091979642186,0.9407858000298088,0.705937905796246,8471,8471,8471
context,bptt,null,29,600,instantaneous,input.weight,1024,0.9119500125767993,0.5474072708208206,0.5970839657058034,0.8021850323830448,0.7734375,512,1024,512
context,bptt,null,29,600,instantaneous,input.bias,256,6.903900557743853,0.5473089235591447,0.170752933200126,0.9895512061455215,0.6796875,256,256,256
context,bptt,null,29,600,instantaneous,edge_log_gain,6678,0.04163397735576526,0.0037027891313236505,0.14895557043572635,0.9906636670332309,0.5989817310572028,6678,6678,6678
context,bptt,null,29,600,instantaneous,alpha_logit,256,0.017002666235693405,0.01449256483964503,0.8003033674542692,0.601851699228702,0.8671875,256,256,256
context,bptt,null,29,600,instantaneous,beta_logit,256,0.003617052921736532,0.0010112353159428813,0.3041616216389785,0.9529376897455436,0.57421875,256,256,256
context,bptt,null,29,600,instantaneous,recurrent_logit,1,0.23713393852072776,0.005067017978508925,-1.0,1.0213677468949305,0.0,1,1,1
context,bptt,null,29,600,instantaneous,combined_core,8471,6.9680530855651845,0.774242998228598,0.17466098758830076,0.9866771786388038,0.6205553461490136,7959,8471,7959
context,bptt,null,41,600,eligibility,input.weight,1024,0.802548100089616,0.30202030190639945,0.3760788473911087,0.9265876979490916,0.708984375,1024,1024,1024
context,bptt,null,41,600,eligibility,input.bias,256,4.803973569686363,0.5966676456020987,0.5344687556629815,0.9395004991707043,0.70703125,256,256,256
context,bptt,null,41,600,eligibility,edge_log_gain,6678,0.02287511856485145,0.003950983960356099,0.3498100984744121,0.9534117153177738,0.6810422282120395,6678,6678,6678
context,bptt,null,41,600,eligibility,alpha_logit,256,0.00867525473840941,0.005427231506152526,0.6538809845650134,0.7571258305908529,0.87109375,256,256,256
context,bptt,null,41,600,eligibility,beta_logit,256,0.001171274359089918,0.0011712743590899183,1.0,7.402582908642818e-16,1.0,256,256,256
context,bptt,null,41,600,eligibility,recurrent_logit,1,0.1897868927948196,0.0030168774812141044,1.0,0.9841038680975948,1.0,1,1,1
context,bptt,null,41,600,eligibility,combined_core,8471,4.874306563897785,0.6687930028203212,0.4981071994230427,0.9392217928810624,0.7006256640302208,8471,8471,8471
context,bptt,null,41,600,instantaneous,input.weight,1024,0.802548100089616,0.3039027033986305,0.34510889126104133,0.9391625806760564,0.76953125,512,1024,512
context,bptt,null,41,600,instantaneous,input.bias,256,4.803973569686363,0.2950384249545686,0.5342025473195092,0.9685841384565305,0.65234375,256,256,256
context,bptt,null,41,600,instantaneous,edge_log_gain,6678,0.02287511856485145,0.0022557172034492184,0.2775327630718229,0.9772353314360115,0.6482479784366577,6678,6678,6678
context,bptt,null,41,600,instantaneous,alpha_logit,256,0.00867525473840941,0.005390879728379478,0.6554944807632649,0.7559687947273209,0.83984375,256,256,256
context,bptt,null,41,600,instantaneous,beta_logit,256,0.001171274359089918,0.0003652903689190278,0.4526155131491998,0.9027443086495961,0.62890625,256,256,256
context,bptt,null,41,600,instantaneous,recurrent_logit,1,0.1897868927948196,0.002228790097350933,-1.0,1.0117436460681217,0.0,1,1,1
context,bptt,null,41,600,instantaneous,combined_core,8471,4.874306563897785,0.4236080453902737,0.40727939338270486,0.9678648676118498,0.6616409096620178,7959,8471,7959
context,bptt,measured,17,900,eligibility,input.weight,1024,0.007235583346550737,0.005367011603063431,0.7116661144282231,0.7031618082410551,0.8017578125,1024,1024,1024
context,bptt,measured,17,900,eligibility,input.bias,256,0.0014867309270620403,0.0005883910764538215,0.5526053457544494,0.8480726846812797,0.76171875,256,256,256
context,bptt,measured,17,900,eligibility,edge_log_gain,6678,0.0003610975251843229,0.00018890983072607464,0.6920297028213449,0.741359353720163,0.8321353698712189,6678,6678,6678
context,bptt,measured,17,900,eligibility,alpha_logit,256,8.208727605840777e-05,5.6048042989716024e-05,0.7478293082966605,0.6670696795824912,0.7109375,256,256,256
context,bptt,measured,17,900,eligibility,beta_logit,256,4.993303618511879e-05,4.993303618511899e-05,1.0,2.5572140929123178e-14,1.0,256,256,256
context,bptt,measured,17,900,eligibility,recurrent_logit,1,0.0008503255497054138,0.00010950690213384112,1.0,0.8712176740169942,1.0,1,1,1
context,bptt,measured,17,900,eligibility,combined_core,8471,0.0074449118064980856,0.005404103161788597,0.702559393780629,0.7120070855475007,0.8277653169637587,8471,8471,8471
context,bptt,measured,17,900,instantaneous,input.weight,1024,0.007235583346550737,0.00052125544677277,0.39018288868309053,0.9741518656080634,0.86328125,512,1024,512
context,bptt,measured,17,900,instantaneous,input.bias,256,0.0014867309270620403,0.00024480348040428697,0.5234855545072961,0.9245103793638242,0.703125,256,256,256
context,bptt,measured,17,900,instantaneous,edge_log_gain,6678,0.0003610975251843229,0.0001187255222764669,0.5907255889935694,0.8483237259296716,0.7746331236897275,6678,6678,6678
context,bptt,measured,17,900,instantaneous,alpha_logit,256,8.208727605840777e-05,0.0001235018877193312,0.6855180740679166,1.0958229375496085,0.66015625,256,256,256
context,bptt,measured,17,900,instantaneous,beta_logit,256,4.993303618511879e-05,3.4123793834660316e-06,0.5317138628442943,0.9653996722610758,0.86328125,256,256,256
context,bptt,measured,17,900,instantaneous,recurrent_logit,1,0.0008503255497054138,4.547454137522848e-05,1.0,0.9465210219885988,1.0,1,1,1
context,bptt,measured,17,900,instantaneous,combined_core,8471,0.0074449118064980856,0.0006025479474404795,0.3863578015333037,0.9716024023910579,0.7772333207689408,7959,8471,7959
context,bptt,measured,29,900,eligibility,input.weight,1024,0.014785130353209325,0.00659575978162994,0.5307396628271162,0.8517499560394632,0.7822265625,1024,1024,1024
context,bptt,measured,29,900,eligibility,input.bias,256,0.019525654610920047,0.002218942270058619,0.017221245955160214,1.004490153171164,0.78515625,256,256,256
context,bptt,measured,29,900,eligibility,edge_log_gain,6678,0.0007718921734558266,0.0003206880016836585,0.3570451086003434,0.9359117152387392,0.8062294100029949,6678,6678,6678
context,bptt,measured,29,900,eligibility,alpha_logit,256,0.0003228643489616401,9.967160202808557e-05,0.3189280843875422,0.9478339922240272,0.75390625,256,256,256
context,bptt,measured,29,900,eligibility,beta_logit,256,0.00017619399748709794,0.00017619399748709772,1.0,9.781400256387116e-15,1.0,256,256,256
context,bptt,measured,29,900,eligibility,recurrent_logit,1,0.005899997345265072,0.0004338910796577808,1.0,0.9264591059509558,1.0,1,1,1
context,bptt,measured,29,900,eligibility,combined_core,8471,0.025206989892894667,0.006982824135781443,0.31356851579359635,0.9502687129968312,0.8069885491677488,8471,8471,8471
context,bptt,measured,29,900,instantaneous,input.weight,1024,0.014785130353209325,0.0011063619107669908,0.09201182783596284,0.9959061504875996,0.83203125,512,1024,512
context,bptt,measured,29,900,instantaneous,input.bias,256,0.019525654610920047,0.0010491970710307043,-0.006386427064004031,1.0017852631445656,0.72265625,256,256,256
context,bptt,measured,29,900,instantaneous,edge_log_gain,6678,0.0007718921734558266,0.0001804094587586386,0.3260152577039559,0.9498588273958053,0.7729859239293202,6678,6678,6678
context,bptt,measured,29,900,instantaneous,alpha_logit,256,0.0003228643489616401,0.00014292196565023974,0.1779572180074157,1.0190208224778639,0.55078125,256,256,256
context,bptt,measured,29,900,instantaneous,beta_logit,256,0.00017619399748709794,1.028031906393115e-05,0.5302716405943702,0.9703222350602204,0.8046875,256,256,256
context,bptt,measured,29,900,instantaneous,recurrent_logit,1,0.005899997345265072,0.00044613519465368375,1.0,0.9243838312890562,1.0,1,1,1
context,bptt,measured,29,900,instantaneous,combined_core,8471,0.025206989892894667,0.0016052936583064953,0.10036018431153784,0.9956269089438915,0.7690664656363865,7959,8471,7959
context,bptt,measured,41,900,eligibility,input.weight,1024,0.1277163197000848,0.05020521628353946,0.4274869109534114,0.9046753217366844,0.826171875,1024,1024,1024
context,bptt,measured,41,900,eligibility,input.bias,256,0.5057739872951641,0.09907510187067167,0.1549388612798612,0.9887723645235318,0.78125,256,256,256
context,bptt,measured,41,900,eligibility,edge_log_gain,6678,0.012147995736139356,0.007503353693544793,0.6572750128519955,0.7546911679759333,0.7806229410002995,6678,6678,6678
context,bptt,measured,41,900,eligibility,alpha_logit,256,0.004424982083167616,0.0017567316138462406,0.4208414925985468,0.9074473576841797,0.8203125,256,256,256
context,bptt,measured,41,900,eligibility,beta_logit,256,0.00769867366385372,0.007698673663853719,1.0,3.739554645682955e-16,1.0,256,256,256
context,bptt,measured,41,900,eligibility,recurrent_logit,1,0.026828680726119936,0.020891055545053494,1.0,0.22131633089530464,1.0,1,1,1
context,bptt,measured,41,900,eligibility,combined_core,8471,0.5225562041490954,0.11354088141873608,0.18856620512912015,0.9824801544786961,0.7940030692952426,8471,8471,8471
context,bptt,measured,41,900,instantaneous,input.weight,1024,0.1277163197000848,0.04973922940123118,0.40005565312333813,0.9165522004942751,0.8046875,512,1024,512
context,bptt,measured,41,900,instantaneous,input.bias,256,0.5057739872951641,0.04841309314276279,-0.24812395594793793,1.0279414973732766,0.67578125,256,256,256
context,bptt,measured,41,900,instantaneous,edge_log_gain,6678,0.012147995736139356,0.004804492314552312,0.5866017469543637,0.8321174956891864,0.7196765498652291,6678,6678,6678
context,bptt,measured,41,900,instantaneous,alpha_logit,256,0.004424982083167616,0.001335601600402757,0.3487784264093278,0.9383802894141132,0.7734375,256,256,256
context,bptt,measured,41,900,instantaneous,beta_logit,256,0.00769867366385372,0.0010235139403875638,0.9785681937353783,0.8703331838824524,0.79296875,256,256,256
context,bptt,measured,41,900,instantaneous,recurrent_logit,1,0.026828680726119936,0.022930348279639717,-1.0,1.8546953357015104,0.0,1,1,1
context,bptt,measured,41,900,instantaneous,combined_core,8471,0.5225562041490954,0.07327710392834494,-0.10721485991602853,1.0245648004737176,0.7277296142731499,7959,8471,7959
context,bptt,null,17,900,eligibility,input.weight,1024,0.013905814312147645,0.012549211375523868,0.8934173153196626,0.4493183417423148,0.8056640625,1024,1024,1024
context,bptt,null,17,900,eligibility,input.bias,256,0.015253941941470206,0.010937502558099018,0.7518495909650963,0.6602535421964625,0.89453125,256,256,256
context,bptt,null,17,900,eligibility,edge_log_gain,6678,0.00043018963268240986,0.00039515177518554206,0.8827977221381589,0.47111207586298953,0.8450134770889488,6678,6678,6678
context,bptt,null,17,900,eligibility,alpha_logit,256,0.00012749925003021885,0.00011209275552215231,0.8961037774722814,0.44416773269455523,0.88671875,256,256,256
context,bptt,null,17,900,eligibility,beta_logit,256,0.00025212441313753205,0.00025212441313753194,1.0,3.921190770170005e-15,1.0,256,256,256
context,bptt,null,17,900,eligibility,recurrent_logit,1,0.0023438257208692743,0.00035461768841357625,1.0,0.8487013410356908,1.0,1,1,1
context,bptt,null,17,900,eligibility,combined_core,8471,0.020780106384376572,0.016657421724021647,0.8158587407703237,0.5784269231599284,0.8477157360406091,8471,8471,8471
context,bptt,null,17,900,instantaneous,input.weight,1024,0.013905814312147645,0.003942459312416875,0.5706358376760755,0.869951195860106,0.892578125,512,1024,512
context,bptt,null,17,900,instantaneous,input.bias,256,0.015253941941470206,0.003290832554031052,0.590811727182182,0.8897319282060006,0.828125,256,256,256
context,bptt,null,17,900,instantaneous,edge_log_gain,6678,0.00043018963268240986,0.00019314990776631548,0.7651593726010093,0.7172834737150657,0.7699910152740341,6678,6678,6678
context,bptt,null,17,900,instantaneous,alpha_logit,256,0.00012749925003021885,0.00013557819739853116,0.44904553709037537,1.084318263943568,0.64453125,256,256,256
context,bptt,null,17,900,instantaneous,beta_logit,256,0.00025212441313753205,3.0105333864794125e-05,0.8864426465787449,0.895859163220301,0.8203125,256,256,256
context,bptt,null,17,900,instantaneous,recurrent_logit,1,0.0023438257208692743,0.0001735796203173376,1.0,0.925941754639948,1.0,1,1,1
context,bptt,null,17,900,instantaneous,combined_core,8471,0.020780106384376572,0.005143859337008511,0.5746715069363972,0.8813451080303243,0.7773589646940571,7959,8471,7959
context,bptt,null,29,900,eligibility,input.weight,1024,0.3476568926443328,0.250329614959681,0.7592705327390544,0.6519560362080213,0.8056640625,1024,1024,1024
context,bptt,null,29,900,eligibility,input.bias,256,7.190399694774785,0.4681425764354115,0.5137191929336932,0.9681662238033439,0.7109375,256,256,256
context,bptt,null,29,900,eligibility,edge_log_gain,6678,0.0373924281650797,0.011744246250273468,0.3927262247630274,0.9230120284756368,0.7057502246181492,6678,6678,6678
context,bptt,null,29,900,eligibility,alpha_logit,256,0.012498020366864369,0.0042511534072118915,0.28216153212542533,0.9611176227398562,0.77734375,256,256,256
context,bptt,null,29,900,eligibility,beta_logit,256,0.002380923162068643,0.0023809231620686433,1.0,5.184930761093222e-16,1.0,256,256,256
context,bptt,null,29,900,eligibility,recurrent_logit,1,0.08891944542426952,0.018000951065802035,1.0,0.7975588918721609,1.0,1,1,1
context,bptt,null,29,900,eligibility,combined_core,8471,7.199456911211239,0.531326726842442,0.4698025992301877,0.9675240707835984,0.7290756699327116,8471,8471,8471
context,bptt,null,29,900,instantaneous,input.weight,1024,0.3476568926443328,0.24858639880482145,0.7386225051659513,0.6745318569031646,0.853515625,512,1024,512
context,bptt,null,29,900,instantaneous,input.bias,256,7.190399694774785,0.24779430409804235,0.5977391529097136,0.979790412252067,0.7109375,256,256,256
context,bptt,null,29,900,instantaneous,edge_log_gain,6678,0.0373924281650797,0.005159378499610547,0.4243327184329479,0.9497052508987472,0.6969152440850555,6678,6678,6678
context,bptt,null,29,900,instantaneous,alpha_logit,256,0.012498020366864369,0.004002637240215916,0.32980815177358147,0.9440962439174715,0.76171875,256,256,256
context,bptt,null,29,900,instantaneous,beta_logit,256,0.002380923162068643,0.00029871300254308693,0.7352743600252629,0.9117258078394168,0.75,256,256,256
context,bptt,null,29,900,instantaneous,recurrent_logit,1,0.08891944542426952,0.009433942120300626,1.0,0.8939046226020911,1.0,1,1,1
context,bptt,null,29,900,instantaneous,combined_core,8471,7.199456911211239,0.3511822085455767,0.44685278631580705,0.9791758462023147,0.711270260082925,7959,8471,7959
context,bptt,null,41,900,eligibility,input.weight,1024,1.2840249420732153,0.43585545703123024,0.38191831000345794,0.9251715583124198,0.79296875,1024,1024,1024
context,bptt,null,41,900,eligibility,input.bias,256,9.134394874969919,1.0750724230370992,0.42395445149328115,0.956063537050227,0.72265625,256,256,256
context,bptt,null,41,900,eligibility,edge_log_gain,6678,0.0621118768659936,0.007320755705361958,0.2142781408068951,0.9815195160652544,0.6808924827792753,6678,6678,6678
context,bptt,null,41,900,eligibility,alpha_logit,256,0.01713334804154314,0.009728871074425027,0.6335105243443049,0.7765165963369138,0.81640625,256,256,256
context,bptt,null,41,900,eligibility,beta_logit,256,0.003927243778272801,0.0039272437782728,1.0,5.547674577532923e-16,1.0,256,256,256
context,bptt,null,41,900,eligibility,recurrent_logit,1,0.3400297964920453,0.028148603592915985,-1.0,1.082782755756449,0.0,1,1,1
context,bptt,null,41,900,eligibility,combined_core,8471,9.230692114156552,1.1604769302847724,0.40773671045749743,0.9556592212370355,0.7093613504899068,8471,8471,8471
context,bptt,null,41,900,instantaneous,input.weight,1024,1.2840249420732153,0.43091836148089413,0.336775961499861,0.9415855433207841,0.857421875,512,1024,512
context,bptt,null,41,900,instantaneous,input.bias,256,9.134394874969919,0.42818212768045427,0.3215098706889952,0.9859286344359662,0.68359375,256,256,256
context,bptt,null,41,900,instantaneous,edge_log_gain,6678,0.0621118768659936,0.0034777114364025062,0.2115427485785229,0.9896696344078282,0.6440551063192572,6678,6678,6678
context,bptt,null,41,900,instantaneous,alpha_logit,256,0.01713334804154314,0.009311363467558413,0.5912013789505323,0.807935489769194,0.75390625,256,256,256
context,bptt,null,41,900,instantaneous,beta_logit,256,0.003927243778272801,0.0010634241798861384,0.6327819811683995,0.8547698267386444,0.63671875,256,256,256
context,bptt,null,41,900,instantaneous,recurrent_logit,1,0.3400297964920453,0.007982016867647487,-1.0,1.0234744629735242,0.0,1,1,1
context,bptt,null,41,900,instantaneous,combined_core,8471,9.230692114156552,0.6076135351990282,0.25696795279649315,0.9851410893893816,0.662269129287599,7959,8471,7959
context,reservoir,measured,17,0,eligibility,input.weight,1024,0.7012742747358017,0.39030911277607744,0.5589116625758744,0.829230505276007,0.79296875,1024,1024,1024
context,reservoir,measured,17,0,eligibility,input.bias,256,2.0340457725563272,0.891327561519912,0.5194412206781754,0.8583590501237335,0.859375,256,256,256
context,reservoir,measured,17,0,eligibility,edge_log_gain,6678,0.010387988801031325,0.0031035078491095727,0.4040178572949232,0.9207871324308742,0.7816711590296496,6678,6678,6678
context,reservoir,measured,17,0,eligibility,alpha_logit,256,0.00934901591447904,0.0092129812109855,0.9765106706932336,0.2156543743097202,0.94921875,256,256,256
context,reservoir,measured,17,0,eligibility,beta_logit,256,0.0013198489932145499,0.0013198489932145497,0.9999999999999998,8.120712257546888e-16,1.0,256,256,256
context,reservoir,measured,17,0,eligibility,recurrent_logit,1,0.030370070105436,0.005001934586542436,1.0,0.8353005255115585,1.0,1,1,1
context,reservoir,measured,17,0,eligibility,combined_core,8471,2.151800922676156,0.9731018947550245,0.5229327083509279,0.8553015362543601,0.7970723645378349,8471,8471,8471
context,reservoir,measured,17,0,instantaneous,input.weight,1024,0.7012742747358017,0.38330936137542126,0.5333002927190471,0.8460303828057578,0.73046875,512,1024,512
context,reservoir,measured,17,0,instantaneous,input.bias,256,2.0340457725563272,0.3817829546196295,0.5097208629548262,0.9186318265817811,0.8125,256,256,256
context,reservoir,measured,17,0,instantaneous,edge_log_gain,6678,0.010387988801031325,0.002047232756868842,0.36003907298423027,0.9470631086534455,0.7383947289607667,6678,6678,6678
context,reservoir,measured,17,0,instantaneous,alpha_logit,256,0.00934901591447904,0.0093238931343183,0.9677647327206712,0.25358333880772405,0.9296875,256,256,256
context,reservoir,measured,17,0,instantaneous,beta_logit,256,0.0013198489932145499,0.0006249067638543813,0.36931934205032796,0.9351204444166049,0.6015625,256,256,256
context,reservoir,measured,17,0,instantaneous,recurrent_logit,1,0.030370070105436,0.003308378682001136,1.0,0.8910645029624426,1.0,1,1,1
context,reservoir,measured,17,0,instantaneous,combined_core,8471,2.151800922676156,0.541097729600888,0.4632495299802549,0.9111824858775912,0.7420530217363991,7959,8471,7959
context,reservoir,measured,29,0,eligibility,input.weight,1024,0.4867993008941621,0.2713752059942655,0.5588947378515763,0.8292398365773739,0.796875,1024,1024,1024
context,reservoir,measured,29,0,eligibility,input.bias,256,2.103767186693906,0.6834485543653472,0.3992890508774449,0.9198405356959094,0.82421875,256,256,256
context,reservoir,measured,29,0,eligibility,edge_log_gain,6678,0.008160238882427,0.002549434117992136,0.44473005074510474,0.9053843013181261,0.7867625037436358,6678,6678,6678
context,reservoir,measured,29,0,eligibility,alpha_logit,256,0.006826594199894155,0.006444193602869656,0.9604130177668937,0.2790640751133592,0.9296875,256,256,256
context,reservoir,measured,29,0,eligibility,beta_logit,256,0.0012884840376733678,0.0012884840376733678,1.0,5.999725259782667e-16,1.0,256,256,256
context,reservoir,measured,29,0,eligibility,recurrent_logit,1,0.012365646140923772,0.005625192925101453,1.0,0.5450951077691744,1.0,1,1,1
context,reservoir,measured,29,0,eligibility,combined_core,8471,2.1594160545026115,0.7354099259083918,0.4080839083102841,0.9154381750583193,0.7999055601463818,8471,8471,8471
context,reservoir,measured,29,0,instantaneous,input.weight,1024,0.4867993008941621,0.25862045075394646,0.5350931641916147,0.8448017190062033,0.869140625,512,1024,512
context,reservoir,measured,29,0,instantaneous,input.bias,256,2.103767186693906,0.2578836596695437,0.4343195691805378,0.9531772770838696,0.76953125,256,256,256
context,reservoir,measured,29,0,instantaneous,edge_log_gain,6678,0.008160238882427,0.0013747465772969672,0.4064142179490812,0.9441638901291801,0.7333033842467804,6678,6678,6678
context,reservoir,measured,29,0,instantaneous,alpha_logit,256,0.006826594199894155,0.006466255706070009,0.9506167099479772,0.31038595188668855,0.93359375,256,256,256
context,reservoir,measured,29,0,instantaneous,beta_logit,256,0.0012884840376733678,0.00041954122618217114,0.46954447050331755,0.894564465287932,0.65234375,256,256,256
context,reservoir,measured,29,0,instantaneous,recurrent_logit,1,0.012365646140923772,0.0037322822228851374,1.0,0.698173295568175,1.0,1,1,1
context,reservoir,measured,29,0,instantaneous,combined_core,8471,2.1594160545026115,0.36530306296166076,0.3842209136801897,0.9479568823280249,0.7470787787410479,7959,8471,7959
context,reservoir,measured,41,0,eligibility,input.weight,1024,0.9307369775125593,0.43161203563950895,0.466653243125743,0.8844451861945479,0.7431640625,1024,1024,1024
context,reservoir,measured,41,0,eligibility,input.bias,256,5.9144340311260475,0.7317473481521514,0.457575380537525,0.9497803189571854,0.83203125,256,256,256
context,reservoir,measured,41,0,eligibility,edge_log_gain,6678,0.01326942324459042,0.003432691373303209,0.4048910083247768,0.9259791959414413,0.7791254866726565,6678,6678,6678
context,reservoir,measured,41,0,eligibility,alpha_logit,256,0.008269810840272842,0.008013723831143741,0.963214477088755,0.2687968234159035,0.93359375,256,256,256
context,reservoir,measured,41,0,eligibility,beta_logit,256,0.0019829645499516006,0.0019829645499516006,0.9999999999999998,4.2493407737590675e-16,1.0,256,256,256
context,reservoir,measured,41,0,eligibility,recurrent_logit,1,0.07386096867328161,0.0096547498855918,1.0,0.869284819045647,1.0,1,1,1
context,reservoir,measured,41,0,eligibility,combined_core,8471,5.987696140591763,0.8496565661018873,0.42625958716788476,0.9482420066902403,0.787746428993035,8471,8471,8471
context,reservoir,measured,41,0,instantaneous,input.weight,1024,0.9307369775125593,0.4255773745081453,0.4475304236976738,0.894321500354779,0.744140625,512,1024,512
context,reservoir,measured,41,0,instantaneous,input.bias,256,5.9144340311260475,0.424107781010417,0.5544583882295269,0.9620938416969966,0.77734375,256,256,256
context,reservoir,measured,41,0,instantaneous,edge_log_gain,6678,0.01326942324459042,0.002310409692880113,0.4315863537425446,0.938096242144529,0.7115902964959568,6678,6678,6678
context,reservoir,measured,41,0,instantaneous,alpha_logit,256,0.008269810840272842,0.00820373515099151,0.9603402987412796,0.28062337991002234,0.91796875,256,256,256
context,reservoir,measured,41,0,instantaneous,beta_logit,256,0.0019829645499516006,0.00047536442028506227,0.49256878971751117,0.9062595750219762,0.65234375,256,256,256
context,reservoir,measured,41,0,instantaneous,recurrent_logit,1,0.07386096867328161,0.006382431156299578,1.0,0.9135885803971543,1.0,1,1,1
context,reservoir,measured,41,0,instantaneous,combined_core,8471,5.987696140591763,0.6009135647237455,0.4359529994118369,0.9605045268453226,0.7205679105415254,7959,8471,7959
context,reservoir,null,17,0,eligibility,input.weight,1024,0.417849934634848,0.40829871058140976,0.9721074652703259,0.23458990229485296,0.8173828125,1024,1024,1024
context,reservoir,null,17,0,eligibility,input.bias,256,0.9891709752016775,0.917151193030427,0.8886948001626817,0.4601125615479113,0.87109375,256,256,256
context,reservoir,null,17,0,eligibility,edge_log_gain,6678,0.003758800490861509,0.003321509238577676,0.8735208540458744,0.48689235033599293,0.8002395926924228,6678,6678,6678
context,reservoir,null,17,0,eligibility,alpha_logit,256,0.009577820953212078,0.00958080168502784,0.9983909509893499,0.056737962463680396,0.98046875,256,256,256
context,reservoir,null,17,0,eligibility,beta_logit,256,0.0013769700214937724,0.0013769700214937724,1.0,5.869856168110145e-16,1.0,256,256,256
context,reservoir,null,17,0,eligibility,recurrent_logit,1,0.011856808831723211,0.005421869945176145,1.0,0.542720978121045,1.0,1,1,1
context,reservoir,null,17,0,eligibility,combined_core,8471,1.0739209138727301,1.003996147823422,0.9017320430903908,0.4335650619495935,0.8159603352614804,8471,8471,8471
context,reservoir,null,17,0,instantaneous,input.weight,1024,0.417849934634848,0.39386243184777275,0.9424752669754454,0.33427591149433433,0.806640625,512,1024,512
context,reservoir,null,17,0,instantaneous,input.bias,256,0.9891709752016775,0.3934271163869841,0.75173321936067,0.7484734329591433,0.83984375,256,256,256
context,reservoir,null,17,0,instantaneous,edge_log_gain,6678,0.003758800490861509,0.0023389181334050302,0.7823965381994754,0.6430413554953777,0.7322551662174304,6678,6678,6678
context,reservoir,null,17,0,instantaneous,alpha_logit,256,0.009577820953212078,0.009578068660361478,0.9842429340529816,0.1775244985899973,0.95703125,256,256,256
context,reservoir,null,17,0,instantaneous,beta_logit,256,0.0013769700214937724,0.0006896973978664584,0.5931246253683651,0.8103777897584937,0.640625,256,256,256
context,reservoir,null,17,0,instantaneous,recurrent_logit,1,0.011856808831723211,0.003335053335100884,1.0,0.7187225178010918,1.0,1,1,1
context,reservoir,null,17,0,instantaneous,combined_core,8471,1.0739209138727301,0.5567955812775142,0.7488782125124793,0.7016191636954631,0.7448171880889559,7959,8471,7959
context,reservoir,null,29,0,eligibility,input.weight,1024,0.219733448104267,0.21014391217577538,0.9527206510333295,0.30386936956512295,0.853515625,1024,1024,1024
context,reservoir,null,29,0,eligibility,input.bias,256,0.5602713579542856,0.4869993900079457,0.8630114608970203,0.5052224969417135,0.828125,256,256,256
context,reservoir,null,29,0,eligibility,edge_log_gain,6678,0.002961793518627988,0.0027511130928962887,0.9118769369177477,0.4108151941125415,0.8403713686732555,6678,6678,6678
context,reservoir,null,29,0,eligibility,alpha_logit,256,0.004857962757332748,0.00480490356585855,0.9956715126636023,0.09317571946090139,0.96875,256,256,256
context,reservoir,null,29,0,eligibility,beta_logit,256,0.001240848771999051,0.001240848771999051,1.0,6.99992397371371e-16,1.0,256,256,256
context,reservoir,null,29,0,eligibility,recurrent_logit,1,0.008446822658636662,0.0013991998332643842,1.0,0.8343519344716279,1.0,1,1,1
context,reservoir,null,29,0,eligibility,combined_core,8471,0.6019070055261279,0.5304366341798299,0.8754586194474576,0.4833279041532589,0.8503128320151104,8471,8471,8471
context,reservoir,null,29,0,instantaneous,input.weight,1024,0.219733448104267,0.17643638218555793,0.8353265772437248,0.5507062162571635,0.876953125,512,1024,512
context,reservoir,null,29,0,instantaneous,input.bias,256,0.5602713579542856,0.17454448121920502,0.764971462073537,0.7876691761119752,0.8359375,256,256,256
context,reservoir,null,29,0,instantaneous,edge_log_gain,6678,0.002961793518627988,0.0016426474409579177,0.815537410737686,0.6348075202417703,0.7836178496555855,6678,6678,6678
context,reservoir,null,29,0,instantaneous,alpha_logit,256,0.004857962757332748,0.005118921431221642,0.9567891453014988,0.3065121199169693,0.95703125,256,256,256
context,reservoir,null,29,0,instantaneous,beta_logit,256,0.001240848771999051,0.00032953082952898497,0.4657620888677872,0.9072722821365351,0.6328125,256,256,256
context,reservoir,null,29,0,instantaneous,recurrent_logit,1,0.008446822658636662,0.0010410675501139961,1.0,0.8767503957183793,1.0,1,1,1
context,reservoir,null,29,0,instantaneous,combined_core,8471,0.6019070055261279,0.24824517506339508,0.7176377476125397,0.7603598846451476,0.7920593039326549,7959,8471,7959
context,reservoir,null,41,0,eligibility,input.weight,1024,0.32875182642564643,0.3241282567095566,0.9879216587956998,0.15496689637429129,0.8115234375,1024,1024,1024
context,reservoir,null,41,0,eligibility,input.bias,256,0.668191500496436,0.5485899577952738,0.881954490813078,0.47525873173522765,0.86328125,256,256,256
context,reservoir,null,41,0,eligibility,edge_log_gain,6678,0.0027844818063557184,0.0024188951347078025,0.8860317739213405,0.4639481538491623,0.8388739143456124,6678,6678,6678
context,reservoir,null,41,0,eligibility,alpha_logit,256,0.006165127895509791,0.006101740602321411,0.9962501411485838,0.08676589031464542,0.97265625,256,256,256
context,reservoir,null,41,0,eligibility,beta_logit,256,0.0011361624887867034,0.0011361624887867034,1.0,6.861008456593415e-16,1.0,256,256,256
context,reservoir,null,41,0,eligibility,recurrent_logit,1,0.009550562910963449,0.001201071486821798,1.0,0.8742407648618237,1.0,1,1,1
context,reservoir,null,41,0,eligibility,combined_core,8471,0.7447791021315601,0.6372251441377403,0.9031314520535892,0.43198821979820323,0.8452366898831307,8471,8471,8471
context,reservoir,null,41,0,instantaneous,input.weight,1024,0.32875182642564643,0.31333655393844034,0.9556025399753906,0.2946693059255634,0.80078125,512,1024,512
context,reservoir,null,41,0,instantaneous,input.bias,256,0.668191500496436,0.3128276724653398,0.8064811393134379,0.6812063824298317,0.83203125,256,256,256
context,reservoir,null,41,0,instantaneous,edge_log_gain,6678,0.0027844818063557184,0.0021629448056953975,0.764771089331939,0.6444140939748487,0.7807726864330637,6678,6678,6678
context,reservoir,null,41,0,instantaneous,alpha_logit,256,0.006165127895509791,0.006328821523213768,0.9718161599922852,0.24201097658055998,0.94140625,256,256,256
context,reservoir,null,41,0,instantaneous,beta_logit,256,0.0011361624887867034,0.00034888908774980873,0.4343871431149433,0.9096789243296847,0.5859375,256,256,256
context,reservoir,null,41,0,instantaneous,recurrent_logit,1,0.009550562910963449,0.0015482169587979313,1.0,0.8378925961504662,1.0,1,1,1
context,reservoir,null,41,0,instantaneous,combined_core,8471,0.7447791021315601,0.44281847263359664,0.8097946332275989,0.6249456704426465,0.7826360095489383,7959,8471,7959
context,reservoir,measured,17,300,eligibility,input.weight,1024,0.4533727751239636,0.09968276485398164,0.2927947354039284,0.9589522192392232,0.818359375,1024,1024,1024
context,reservoir,measured,17,300,eligibility,input.bias,256,0.14631511838287908,0.12440665779826539,0.83889084010124,0.5444185293889037,0.84765625,256,256,256
context,reservoir,measured,17,300,eligibility,edge_log_gain,6678,0.00863245813507315,0.0029908841272678665,0.5055853009959048,0.8773262316364809,0.7837675950883498,6678,6678,6678
context,reservoir,measured,17,300,eligibility,alpha_logit,256,0.0021899914769613737,0.0016744346963106014,0.719929808911242,0.695481961590129,0.84375,256,256,256
context,reservoir,measured,17,300,eligibility,beta_logit,256,0.0012155442760759068,0.0012155442760759068,1.0,9.352645923372212e-16,1.0,256,256,256
context,reservoir,measured,17,300,eligibility,recurrent_logit,1,0.008460316526886237,0.0038453421598087026,1.0,0.5454848352790939,1.0,1,1,1
context,reservoir,measured,17,300,eligibility,combined_core,8471,0.4765578212460118,0.15950449346992374,0.37562047505118334,0.9276764751568708,0.7982528627080628,8471,8471,8471
context,reservoir,measured,17,300,instantaneous,input.weight,1024,0.4533727751239636,0.059613449985470024,0.11744440591899842,0.993178763873178,0.626953125,512,1024,512
context,reservoir,measured,17,300,instantaneous,input.bias,256,0.14631511838287908,0.059135948429351534,0.8064719291786557,0.7151581299163204,0.8359375,256,256,256
context,reservoir,measured,17,300,instantaneous,edge_log_gain,6678,0.00863245813507315,0.0021694482904417883,0.5038475666663619,0.8999507628705742,0.7702905061395627,6678,6678,6678
context,reservoir,measured,17,300,instantaneous,alpha_logit,256,0.0021899914769613737,0.0026179496120774565,0.601829720489572,0.9950602931088076,0.73046875,256,256,256
context,reservoir,measured,17,300,instantaneous,beta_logit,256,0.0012155442760759068,8.953199345314749e-05,0.575052570003561,0.9595380003575865,0.765625,256,256,256
context,reservoir,measured,17,300,instantaneous,recurrent_logit,1,0.008460316526886237,0.003237384639121482,1.0,0.6173447377727154,1.0,1,1,1
context,reservoir,measured,17,300,instantaneous,combined_core,8471,0.4765578212460118,0.08410037251489906,0.25431236779595534,0.9702494167040169,0.7617791179796457,7959,8471,7959
context,reservoir,measured,29,300,eligibility,input.weight,1024,3.456273173258412,0.2587263525686941,0.0986248696267766,0.9954084815703989,0.755859375,1024,1024,1024
context,reservoir,measured,29,300,eligibility,input.bias,256,1.1568939858150369,0.4356685636043002,0.4178140980566461,0.9094675604503583,0.8046875,256,256,256
context,reservoir,measured,29,300,eligibility,edge_log_gain,6678,0.06385687060157091,0.006076591927050255,0.430030561390367,0.9629186370405106,0.6952680443246481,6678,6678,6678
context,reservoir,measured,29,300,eligibility,alpha_logit,256,0.01660684760594292,0.005697899927567589,0.3270408810472217,0.9451467253883706,0.83203125,256,256,256
context,reservoir,measured,29,300,eligibility,beta_logit,256,0.002313090845030033,0.0023130908450300336,0.9999999999999999,5.10944787648991e-16,1.0,256,256,256
context,reservoir,measured,29,300,eligibility,recurrent_logit,1,0.023921354557487517,0.04242075923897117,1.0,0.7733426899812929,1.0,1,1,1
context,reservoir,measured,29,300,eligibility,combined_core,8471,3.6454298802067617,0.5085476232008513,0.16182257488530621,0.9870722502678067,0.7192775351198205,8471,8471,8471
context,reservoir,measured,29,300,instantaneous,input.weight,1024,3.456273173258412,0.25714247823095515,-0.013931752760230906,1.0037968857243544,0.787109375,512,1024,512
context,reservoir,measured,29,300,instantaneous,input.bias,256,1.1568939858150369,0.2310054365245036,0.40271723371736673,0.9375734932337051,0.75,256,256,256
context,reservoir,measured,29,300,instantaneous,edge_log_gain,6678,0.06385687060157091,0.003981297739623258,0.350469966540751,0.9798905679842871,0.6582809224318659,6678,6678,6678
context,reservoir,measured,29,300,instantaneous,alpha_logit,256,0.01660684760594292,0.005895352250461211,0.31493781798378506,0.9499572462941667,0.828125,256,256,256
context,reservoir,measured,29,300,instantaneous,beta_logit,256,0.002313090845030033,0.00026634839055740366,0.6779097039681296,0.9258179485614669,0.6015625,256,256,256
context,reservoir,measured,29,300,instantaneous,recurrent_logit,1,0.023921354557487517,0.03315497789241691,1.0,0.3859991838145813,1.0,1,1,1
context,reservoir,measured,29,300,instantaneous,combined_core,8471,3.6454298802067617,0.3473264965777789,0.0759443338905262,0.9972994632494936,0.6732001507727101,7959,8471,7959
context,reservoir,measured,41,300,eligibility,input.weight,1024,2.94170514449053,0.19734713920969904,0.08109973448205807,0.9968045037512111,0.7958984375,1024,1024,1024
context,reservoir,measured,41,300,eligibility,input.bias,256,4.932020279330795,0.3994373533823195,0.37086267853536553,0.9728760777325729,0.76171875,256,256,256
context,reservoir,measured,41,300,eligibility,edge_log_gain,6678,0.04610667151332487,0.003013042314957133,0.17980041311424888,0.9903387555950048,0.721623240491165,6678,6678,6678
context,reservoir,measured,41,300,eligibility,alpha_logit,256,0.006035608640647765,0.003643867918321663,0.6321398324247065,0.7753750355772339,0.87890625,256,256,256
context,reservoir,measured,41,300,eligibility,beta_logit,256,0.0023139991210418026,0.002313999121041802,1.0,5.657832377537698e-16,1.0,256,256,256
context,reservoir,measured,41,300,eligibility,recurrent_logit,1,0.1409405271142883,0.011689484141030451,1.0,0.9170608739702563,1.0,1,1,1
context,reservoir,measured,41,300,eligibility,combined_core,8471,5.744604863117837,0.4457134140455477,0.30439403286215355,0.9791757602166008,0.7450123952307874,8471,8471,8471
context,reservoir,measured,41,300,instantaneous,input.weight,1024,2.94170514449053,0.1752688526711332,0.04354959826058188,0.9991798780624441,0.82421875,512,1024,512
context,reservoir,measured,41,300,instantaneous,input.bias,256,4.932020279330795,0.1673398087628968,0.33850632272352443,0.989030158959486,0.73046875,256,256,256
context,reservoir,measured,41,300,instantaneous,edge_log_gain,6678,0.04610667151332487,0.0020534533386504577,0.16734074728596166,0.9935179072021694,0.6695118298891883,6678,6678,6678
context,reservoir,measured,41,300,instantaneous,alpha_logit,256,0.006035608640647765,0.0038493284192233452,0.5880882775395796,0.8103211852854229,0.82421875,256,256,256
context,reservoir,measured,41,300,instantaneous,beta_logit,256,0.0023139991210418026,0.00036227681111139655,0.6323106793908317,0.9091331599637915,0.65625,256,256,256
context,reservoir,measured,41,300,instantaneous,recurrent_logit,1,0.1409405271142883,0.01398337405074034,1.0,0.9007852862690001,1.0,1,1,1
context,reservoir,measured,41,300,instantaneous,combined_core,8471,5.744604863117837,0.24276837172021024,0.2178616874811134,0.9916512259887655,0.6860158311345647,7959,8471,7959
context,reservoir,null,17,300,eligibility,input.weight,1024,0.16072279097018677,0.11271933317788663,0.7664287959572162,0.6456199061877149,0.81640625,1024,1024,1024
context,reservoir,null,17,300,eligibility,input.bias,256,0.1369377317881853,0.11253066018288752,0.7949665774831459,0.6072448484152566,0.85546875,256,256,256
context,reservoir,null,17,300,eligibility,edge_log_gain,6678,0.003790656472480873,0.0030230007413640887,0.8496021133573705,0.5299926350799676,0.8683737646001797,6678,6678,6678
context,reservoir,null,17,300,eligibility,alpha_logit,256,0.0015497472949953647,0.0015718917555239819,0.9519794369928539,0.31243822261280146,0.90625,256,256,256
context,reservoir,null,17,300,eligibility,beta_logit,256,0.0011738421408131314,0.0011738421408131314,1.0,6.487791948283363e-16,1.0,256,256,256
context,reservoir,null,17,300,eligibility,recurrent_logit,1,0.01378946545284993,0.0013477711559077002,1.0,0.902260812029581,1.0,1,1,1
context,reservoir,null,17,300,eligibility,combined_core,8471,0.21164133807117408,0.1593223189728844,0.7760348811937228,0.6311180587107091,0.8668398063983,8471,8471,8471
context,reservoir,null,17,300,instantaneous,input.weight,1024,0.16072279097018677,0.06310517228569507,0.412589788018911,0.9111355086943006,0.744140625,512,1024,512
context,reservoir,null,17,300,instantaneous,input.bias,256,0.1369377317881853,0.05742333816489088,0.7702316663611587,0.7279208812342938,0.8671875,256,256,256
context,reservoir,null,17,300,instantaneous,edge_log_gain,6678,0.003790656472480873,0.0020556531592487385,0.7819053680953448,0.6678601924603511,0.8363282419886193,6678,6678,6678
context,reservoir,null,17,300,instantaneous,alpha_logit,256,0.0015497472949953647,0.002562956649891879,0.8173105742211998,1.0157269965674405,0.828125,256,256,256
context,reservoir,null,17,300,instantaneous,beta_logit,256,0.0011738421408131314,8.359445372213659e-05,0.5061144484825201,0.9659121205574824,0.76953125,256,256,256
context,reservoir,null,17,300,instantaneous,recurrent_logit,1,0.01378946545284993,0.0017609390450486354,1.0,0.8722982372979008,1.0,1,1,1
context,reservoir,null,17,300,instantaneous,combined_core,8471,0.21164133807117408,0.08540260468077134,0.5684731846534401,0.8390745433899345,0.8289986179168237,7959,8471,7959
context,reservoir,null,29,300,eligibility,input.weight,1024,0.19894160536049352,0.09852300234695742,0.5855156665424384,0.815672643295347,0.7861328125,1024,1024,1024
context,reservoir,null,29,300,eligibility,input.bias,256,0.33626108701677593,0.1037798985380263,0.531492635219903,0.8758902962521915,0.7578125,256,256,256
context,reservoir,null,29,300,eligibility,edge_log_gain,6678,0.003790185381670759,0.0021787810309204384,0.7348649242160553,0.6968349253622824,0.815214135968853,6678,6678,6678
context,reservoir,null,29,300,eligibility,alpha_logit,256,0.001595853273123726,0.0015560635810206041,0.9029538317316964,0.4357460972546637,0.87109375,256,256,256
context,reservoir,null,29,300,eligibility,beta_logit,256,0.0007902499273366428,0.0007902499273366428,1.0,7.65813137353859e-16,1.0,256,256,256
context,reservoir,null,29,300,eligibility,recurrent_logit,1,0.014330439903842848,0.004343878271415755,1.0,0.6968775347747069,1.0,1,1,1
context,reservoir,null,29,300,eligibility,combined_core,8471,0.3909887200940657,0.1431911712573614,0.5375448180182681,0.8604620186636792,0.817258883248731,8471,8471,8471
context,reservoir,null,29,300,instantaneous,input.weight,1024,0.19894160536049352,0.06947381866510521,0.28742522319313524,0.9597942395055551,0.71484375,512,1024,512
context,reservoir,null,29,300,instantaneous,input.bias,256,0.33626108701677593,0.06719218087997161,0.5346196875469197,0.908994853555029,0.7265625,256,256,256
context,reservoir,null,29,300,instantaneous,edge_log_gain,6678,0.003790185381670759,0.0017933132445497742,0.7069144744864214,0.7449290939666428,0.7759808325846062,6678,6678,6678
context,reservoir,null,29,300,instantaneous,alpha_logit,256,0.001595853273123726,0.00239495506177277,0.7707600539514133,0.968914017690896,0.8046875,256,256,256
context,reservoir,null,29,300,instantaneous,beta_logit,256,0.0007902499273366428,4.413522901405197e-05,0.54805264243208,0.970516371905121,0.703125,256,256,256
context,reservoir,null,29,300,instantaneous,recurrent_logit,1,0.014330439903842848,0.0031836561674993824,1.0,0.7778396065395276,1.0,1,1,1
context,reservoir,null,29,300,instantaneous,combined_core,8471,0.3909887200940657,0.09674962557018514,0.42574859682449184,0.9222412961088469,0.7690664656363865,7959,8471,7959
context,reservoir,null,41,300,eligibility,input.weight,1024,0.12223949438886397,0.09214974959285266,0.8550387377486605,0.5283452793694221,0.8154296875,1024,1024,1024
context,reservoir,null,41,300,eligibility,input.bias,256,0.029182905209942735,0.024050933185794376,0.7996534126324779,0.6009610944078391,0.84375,256,256,256
context,reservoir,null,41,300,eligibility,edge_log_gain,6678,0.002630402875113552,0.002216065466770883,0.9004143899956263,0.43887373917896777,0.816262353998203,6678,6678,6678
context,reservoir,null,41,300,eligibility,alpha_logit,256,0.0006584403756310104,0.0006398998601063855,0.805927013488643,0.6148246541611628,0.84375,256,256,256
context,reservoir,null,41,300,eligibility,beta_logit,256,0.0009564254322431857,0.0009564254322431859,1.0,8.992613419447359e-16,1.0,256,256,256
context,reservoir,null,41,300,eligibility,recurrent_logit,1,0.0021963251736311362,0.0010156984770645836,1.0,0.5375464028464639,1.0,1,1,1
context,reservoir,null,41,300,eligibility,combined_core,8471,0.12572679548062551,0.09527481591753785,0.8516387322497742,0.5324646421231904,0.8233974737339157,8471,8471,8471
context,reservoir,null,41,300,instantaneous,input.weight,1024,0.12223949438886397,0.02535642858191485,0.6590761795922878,0.8772688961481382,0.912109375,512,1024,512
context,reservoir,null,41,300,instantaneous,input.bias,256,0.029182905209942735,0.014656189456916104,0.7205088551178847,0.7269922626597142,0.828125,256,256,256
context,reservoir,null,41,300,instantaneous,edge_log_gain,6678,0.002630402875113552,0.001979880012339012,0.7907412601734796,0.6133319638711089,0.7608565438754118,6678,6678,6678
context,reservoir,null,41,300,instantaneous,alpha_logit,256,0.0006584403756310104,0.0015794578214568577,0.5554684608202727,2.022195794613761,0.62109375,256,256,256
context,reservoir,null,41,300,instantaneous,beta_logit,256,0.0009564254322431857,5.197801840169642e-05,0.9468206562167883,0.9487051330760269,0.8984375,256,256,256
context,reservoir,null,41,300,instantaneous,recurrent_logit,1,0.0021963251736311362,0.0007499190175156427,1.0,0.658557381885389,1.0,1,1,1
context,reservoir,null,41,300,instantaneous,combined_core,8471,0.12572679548062551,0.02940632673332417,0.6376248283053952,0.8697331970958175,0.7727101394647569,7959,8471,7959
context,reservoir,measured,17,600,eligibility,input.weight,1024,0.379749828371898,0.1228077003089835,0.3499115679217799,0.9371580613036559,0.748046875,1024,1024,1024
context,reservoir,measured,17,600,eligibility,input.bias,256,0.4399343246342814,0.08200565475114113,0.12344109973461158,0.9943473542443587,0.79296875,256,256,256
context,reservoir,measured,17,600,eligibility,edge_log_gain,6678,0.0070697721222231355,0.003238372029631179,0.501907374438056,0.8660321450980706,0.7328541479484876,6678,6678,6678
context,reservoir,measured,17,600,eligibility,alpha_logit,256,0.0015779860998277064,0.0011819825594690473,0.7765264732480862,0.6306836521299051,0.86328125,256,256,256
context,reservoir,measured,17,600,eligibility,beta_logit,256,0.0012839300691345724,0.0012839300691345724,0.9999999999999999,1.1095467099894406e-15,1.0,256,256,256
context,reservoir,measured,17,600,eligibility,recurrent_logit,1,0.0002104600642262732,0.0018897073089841298,-1.0,9.978935343060797,0.0,1,1,1
context,reservoir,measured,17,600,eligibility,combined_core,8471,0.5812110689136601,0.147728677895166,0.24208899024956299,0.9703293078049431,0.7484358399244481,8471,8471,8471
context,reservoir,measured,17,600,instantaneous,input.weight,1024,0.379749828371898,0.0491957937930927,0.22998863063220287,0.9783626983995924,0.884765625,512,1024,512
context,reservoir,measured,17,600,instantaneous,input.bias,256,0.4399343246342814,0.042771901973360116,0.08974023990630292,0.9959933166069287,0.77734375,256,256,256
context,reservoir,measured,17,600,instantaneous,edge_log_gain,6678,0.0070697721222231355,0.0021947835469528936,0.4627630452024026,0.8994725121526684,0.7044025157232704,6678,6678,6678
context,reservoir,measured,17,600,instantaneous,alpha_logit,256,0.0015779860998277064,0.002120343608011886,0.46399260708217416,1.248439052243198,0.66015625,256,256,256
context,reservoir,measured,17,600,instantaneous,beta_logit,256,0.0012839300691345724,8.660044994014065e-05,0.8003714973535201,0.9468791424717783,0.83203125,256,256,256
context,reservoir,measured,17,600,instantaneous,recurrent_logit,1,0.0002104600642262732,0.0011575424973752438,-1.0,6.500057702779792,0.0,1,1,1
context,reservoir,measured,17,600,instantaneous,combined_core,8471,0.5812110689136601,0.06527114263942685,0.1579983445357286,0.9884961722821718,0.720944842316874,7959,8471,7959
context,reservoir,measured,29,600,eligibility,input.weight,1024,1.8204856595697052,0.2065352692381365,0.140804608014512,0.9904152168389957,0.798828125,1024,1024,1024
context,reservoir,measured,29,600,eligibility,input.bias,256,3.442048339072092,0.3266925304443895,0.44118397925286573,0.9619047828979592,0.77734375,256,256,256
context,reservoir,measured,29,600,eligibility,edge_log_gain,6678,0.0324771374994766,0.003924324401200524,0.41037776637881107,0.9567789729202538,0.7349505840071878,6678,6678,6678
context,reservoir,measured,29,600,eligibility,alpha_logit,256,0.008975734446471532,0.0036701175013774427,0.37248768568265034,0.9287509307332841,0.77734375,256,256,256
context,reservoir,measured,29,600,eligibility,beta_logit,256,0.0014078319504910463,0.0014078319504910463,1.0,4.819289333471597e-16,1.0,256,256,256
context,reservoir,measured,29,600,eligibility,recurrent_logit,1,0.10850677840896801,0.028299683844154697,1.0,0.7391897146048182,1.0,1,1,1
context,reservoir,measured,29,600,eligibility,combined_core,8471,3.895481464007807,0.3875778000200574,0.3657344456346014,0.968050714215207,0.7532758824223822,8471,8471,8471
context,reservoir,measured,29,600,instantaneous,input.weight,1024,1.8204856595697052,0.1957921135542025,0.06058937947921763,0.9992668158389354,0.8046875,512,1024,512
context,reservoir,measured,29,600,instantaneous,input.bias,256,3.442048339072092,0.1883521715089101,0.37271644273600296,0.9809197641373836,0.7578125,256,256,256
context,reservoir,measured,29,600,instantaneous,edge_log_gain,6678,0.0324771374994766,0.00243194458992259,0.3569127955655014,0.9757841832355405,0.695717280622941,6678,6678,6678
context,reservoir,measured,29,600,instantaneous,alpha_logit,256,0.008975734446471532,0.003726583677553138,0.3619589599464092,0.933712291897073,0.70703125,256,256,256
context,reservoir,measured,29,600,instantaneous,beta_logit,256,0.0014078319504910463,0.00019198846366679832,0.6479896365888569,0.9175305575821088,0.67578125,256,256,256
context,reservoir,measured,29,600,instantaneous,recurrent_logit,1,0.10850677840896801,0.019665337839864492,1.0,0.8187639691435243,1.0,1,1,1
context,reservoir,measured,29,600,instantaneous,combined_core,8471,3.895481464007807,0.2724291768413655,0.2500927055220767,0.9848403726175285,0.7044854881266491,7959,8471,7959
context,reservoir,measured,41,600,eligibility,input.weight,1024,0.6469891853899923,0.1956432494267611,0.31604345513711213,0.948842949753851,0.77734375,1024,1024,1024
context,reservoir,measured,41,600,eligibility,input.bias,256,2.6019767788231136,0.30168671863278534,0.5221286723779162,0.9446516090714552,0.7890625,256,256,256
context,reservoir,measured,41,600,eligibility,edge_log_gain,6678,0.010651739472461246,0.0032470450818303633,0.2842243061146338,0.9589793688955167,0.7867625037436358,6678,6678,6678
context,reservoir,measured,41,600,eligibility,alpha_logit,256,0.003356766924063085,0.0028459758649542386,0.825948100052635,0.5641707720230817,0.86328125,256,256,256
context,reservoir,measured,41,600,eligibility,beta_logit,256,0.0018668674778837293,0.001866867477883729,0.9999999999999999,6.242821311099054e-16,1.0,256,256,256
context,reservoir,measured,41,600,eligibility,recurrent_logit,1,0.07606001468359784,0.011098852039480652,1.0,0.854077703170966,1.0,1,1,1
context,reservoir,measured,41,600,eligibility,combined_core,8471,2.6823108511155325,0.35977280308111237,0.46706827820907043,0.9448261738050223,0.7944752685633337,8471,8471,8471
context,reservoir,measured,41,600,instantaneous,input.weight,1024,0.6469891853899923,0.16647589409510521,0.2757974188776112,0.9613935819655403,0.84375,512,1024,512
context,reservoir,measured,41,600,instantaneous,input.bias,256,2.6019767788231136,0.16489428242950133,0.5830074907988438,0.9644286318992553,0.7890625,256,256,256
context,reservoir,measured,41,600,instantaneous,edge_log_gain,6678,0.010651739472461246,0.002220445493457255,0.24300310966394367,0.9706404172784184,0.7124887690925427,6678,6678,6678
context,reservoir,measured,41,600,instantaneous,alpha_logit,256,0.003356766924063085,0.003118890790653891,0.7944230369463434,0.622124942463801,0.83203125,256,256,256
context,reservoir,measured,41,600,instantaneous,beta_logit,256,0.0018668674778837293,0.00023964548165957483,0.7326072116673881,0.9101604598138581,0.68359375,256,256,256
context,reservoir,measured,41,600,instantaneous,recurrent_logit,1,0.07606001468359784,0.004487602827555753,1.0,0.9409991853640347,1.0,1,1,1
context,reservoir,measured,41,600,instantaneous,combined_core,8471,2.6823108511155325,0.2343911294391344,0.4456766965548647,0.9642333315685985,0.7263475310968714,7959,8471,7959
context,reservoir,null,17,600,eligibility,input.weight,1024,0.133709298164308,0.10651829513486832,0.8298044565895638,0.559038805052368,0.845703125,1024,1024,1024
context,reservoir,null,17,600,eligibility,input.bias,256,0.059720032791497416,0.03753425398361964,0.6353025466190443,0.7722932735061756,0.81640625,256,256,256
context,reservoir,null,17,600,eligibility,edge_log_gain,6678,0.003256330802417651,0.0028999768216676335,0.8985722519065799,0.43889863464803913,0.8706199460916442,6678,6678,6678
context,reservoir,null,17,600,eligibility,alpha_logit,256,0.0008148064139789536,0.0007560262339438694,0.8427849800535615,0.5449323140986807,0.86328125,256,256,256
context,reservoir,null,17,600,eligibility,beta_logit,256,0.0012343538973777432,0.001234353897377743,0.9999999999999999,7.220683978304554e-16,1.0,256,256,256
context,reservoir,null,17,600,eligibility,recurrent_logit,1,0.009232226714474939,0.0015350312722832433,1.0,0.8337311983601406,1.0,1,1,1
context,reservoir,null,17,600,eligibility,combined_core,8471,0.14677426195231852,0.1129948176348334,0.799967105582931,0.6007989700827314,0.8696730020068469,8471,8471,8471
context,reservoir,null,17,600,instantaneous,input.weight,1024,0.133709298164308,0.02727984266440128,0.5822346595862715,0.8966863786452574,0.896484375,512,1024,512
context,reservoir,null,17,600,instantaneous,input.bias,256,0.059720032791497416,0.019381855934581336,0.6202712687182327,0.838282411847091,0.81640625,256,256,256
context,reservoir,null,17,600,instantaneous,edge_log_gain,6678,0.003256330802417651,0.002106047141805863,0.7831780758192167,0.6365873452980799,0.7976939203354297,6678,6678,6678
context,reservoir,null,17,600,instantaneous,alpha_logit,256,0.0008148064139789536,0.0017759389582244526,0.5197033092859873,1.8668454981020022,0.671875,256,256,256
context,reservoir,null,17,600,instantaneous,beta_logit,256,0.0012343538973777432,7.613920942594915e-05,0.9292633836811575,0.9429551959348936,0.94140625,256,256,256
context,reservoir,null,17,600,instantaneous,recurrent_logit,1,0.009232226714474939,0.0015427927690019217,1.0,0.8328905022898732,1.0,1,1,1
context,reservoir,null,17,600,instantaneous,combined_core,8471,0.14677426195231852,0.03361281832452464,0.5801462215562971,0.8869762084348849,0.805251916069858,7959,8471,7959
context,reservoir,null,29,600,eligibility,input.weight,1024,0.2602977769014292,0.24515409678068972,0.9569499508262918,0.2906469599880415,0.84765625,1024,1024,1024
context,reservoir,null,29,600,eligibility,input.bias,256,0.32867814789754257,0.2918337709644588,0.9056977651326646,0.4242973846895948,0.9140625,256,256,256
context,reservoir,null,29,600,eligibility,edge_log_gain,6678,0.003340167020016046,0.002970065653079337,0.9252323695343824,0.38110842074314577,0.8313866427073974,6678,6678,6678
context,reservoir,null,29,600,eligibility,alpha_logit,256,0.0038376469377215693,0.0036938904273308725,0.9783942889829397,0.20735467044649952,0.95703125,256,256,256
context,reservoir,null,29,600,eligibility,beta_logit,256,0.0010386023617749063,0.0010386023617749065,0.9999999999999998,6.536259881658334e-16,1.0,256,256,256
context,reservoir,null,29,600,eligibility,recurrent_logit,1,0.0024339741092432527,0.001103304692038818,1.0,0.5467064798064567,1.0,1,1,1
context,reservoir,null,29,600,eligibility,combined_core,8471,0.4193055505711266,0.3811721961742147,0.9257892757475589,0.3784101238799945,0.8447644906150396,8471,8471,8471
context,reservoir,null,29,600,instantaneous,input.weight,1024,0.2602977769014292,0.19071642985382412,0.8907737244464111,0.4811590491338768,0.95703125,512,1024,512
context,reservoir,null,29,600,instantaneous,input.bias,256,0.32867814789754257,0.1552906017412425,0.846018699205718,0.6509922478081508,0.8828125,256,256,256
context,reservoir,null,29,600,instantaneous,edge_log_gain,6678,0.003340167020016046,0.0025135262864869963,0.8639828799662941,0.515711777956108,0.773884396525906,6678,6678,6678
context,reservoir,null,29,600,instantaneous,alpha_logit,256,0.0038376469377215693,0.003452639638592365,0.862643587327735,0.5071661030873265,0.83984375,256,256,256
context,reservoir,null,29,600,instantaneous,beta_logit,256,0.0010386023617749063,0.00012853681403545878,0.6717616594964172,0.9214351522750226,0.8515625,256,256,256
context,reservoir,null,29,600,instantaneous,recurrent_logit,1,0.0024339741092432527,0.0013342711755646697,1.0,0.45181373520053253,1.0,1,1,1
context,reservoir,null,29,600,instantaneous,combined_core,8471,0.4193055505711266,0.245983663972824,0.8476063527453869,0.5913240230018343,0.7938183188842819,7959,8471,7959
context,reservoir,null,41,600,eligibility,input.weight,1024,0.16052398765037043,0.10067645578069553,0.8000150333168567,0.6243796945501995,0.7890625,1024,1024,1024
context,reservoir,null,41,600,eligibility,input.bias,256,0.10861690110541901,0.03432659559239966,0.6334953122213798,0.8363405987095482,0.71875,256,256,256
context,reservoir,null,41,600,eligibility,edge_log_gain,6678,0.0028852284594723357,0.0020349723282946145,0.8223712704104642,0.5808696036969964,0.7801737047020066,6678,6678,6678
context,reservoir,null,41,600,eligibility,alpha_logit,256,0.0008705809625477451,0.0007601348412720955,0.8375171266418157,0.5475707318047678,0.83984375,256,256,256
context,reservoir,null,41,600,eligibility,beta_logit,256,0.0008806080252955208,0.0008806080252955207,0.9999999999999999,8.656205913944278e-16,1.0,256,256,256
context,reservoir,null,41,600,eligibility,recurrent_logit,1,0.005328281908672042,0.0013476327170141198,1.0,0.7470793137238514,1.0,1,1,1
context,reservoir,null,41,600,eligibility,combined_core,8471,0.19391707075445638,0.10640194742256606,0.7417346475979172,0.6979203272230318,0.7878644788100578,8471,8471,8471
context,reservoir,null,41,600,instantaneous,input.weight,1024,0.16052398765037043,0.038730709095938766,0.7052781791341375,0.8472779936913449,0.912109375,512,1024,512
context,reservoir,null,41,600,instantaneous,input.bias,256,0.10861690110541901,0.016481541539154928,0.5777499113008627,0.9207004848560909,0.734375,256,256,256
context,reservoir,null,41,600,instantaneous,edge_log_gain,6678,0.0028852284594723357,0.0019420113544292464,0.7370250102423198,0.678883004002753,0.7404911650194669,6678,6678,6678
context,reservoir,null,41,600,instantaneous,alpha_logit,256,0.0008705809625477451,0.001341089413069535,0.1936050980068361,1.6662885234854763,0.5390625,256,256,256
context,reservoir,null,41,600,instantaneous,beta_logit,256,0.0008806080252955208,7.37201276707055e-05,0.8552783011646571,0.9294132064051192,0.85546875,256,256,256
context,reservoir,null,41,600,instantaneous,recurrent_logit,1,0.005328281908672042,0.0005267838064744468,1.0,0.9011343965083605,1.0,1,1,1
context,reservoir,null,41,600,instantaneous,combined_core,8471,0.19391707075445638,0.042161142101841714,0.6637118181810221,0.8710134467503284,0.7485865058424426,7959,8471,7959
context,reservoir,measured,17,900,eligibility,input.weight,1024,0.4214657769036199,0.0953729084938456,0.3008172145041865,0.9565895227563924,0.8115234375,1024,1024,1024
context,reservoir,measured,17,900,eligibility,input.bias,256,0.29699346969187795,0.0658873592435916,0.3275987111474653,0.9507167462289801,0.78125,256,256,256
context,reservoir,measured,17,900,eligibility,edge_log_gain,6678,0.008005339811221972,0.0031334051342752226,0.5546231743177683,0.8479565109281056,0.7845163222521713,6678,6678,6678
context,reservoir,measured,17,900,eligibility,alpha_logit,256,0.0018939568686055942,0.0012500422911068774,0.6060243203136547,0.7972763953472753,0.859375,256,256,256
context,reservoir,measured,17,900,eligibility,beta_logit,256,0.001181190760886937,0.0011811907608869372,1.0,8.541974099080922e-16,1.0,256,256,256
context,reservoir,measured,17,900,eligibility,recurrent_logit,1,0.005622363565882399,0.00029377108172472797,1.0,0.9477495401564944,1.0,1,1,1
context,reservoir,measured,17,900,eligibility,combined_core,8471,0.5156929327248784,0.11597412698182585,0.3096735457212573,0.9546154007429767,0.7964821154527211,8471,8471,8471
context,reservoir,measured,17,900,instantaneous,input.weight,1024,0.4214657769036199,0.032659991290038284,0.0919011279880317,0.9958723922730752,0.654296875,512,1024,512
context,reservoir,measured,17,900,instantaneous,input.bias,256,0.29699346969187795,0.03174293585738204,0.36990127976915305,0.9655841505773118,0.765625,256,256,256
context,reservoir,measured,17,900,instantaneous,edge_log_gain,6678,0.008005339811221972,0.0022365719355391333,0.5890821637482588,0.8653869261706488,0.7625037436358191,6678,6678,6678
context,reservoir,measured,17,900,instantaneous,alpha_logit,256,0.0018939568686055942,0.002506577136863326,0.5283085810129261,1.1632526143692037,0.73046875,256,256,256
context,reservoir,measured,17,900,instantaneous,beta_logit,256,0.001181190760886937,8.41668757410478e-05,0.6274187319756341,0.9569026957975476,0.7734375,256,256,256
context,reservoir,measured,17,900,instantaneous,recurrent_logit,1,0.005622363565882399,0.0009703383297833195,1.0,0.8274145173265702,1.0,1,1,1
context,reservoir,measured,17,900,instantaneous,combined_core,8471,0.5156929327248784,0.04567847229729064,0.2025305319490502,0.9858837750241904,0.7549943460233698,7959,8471,7959
context,reservoir,measured,29,900,eligibility,input.weight,1024,3.2570854064716497,0.24989759799754527,0.10306153501065306,0.9950236027084469,0.7705078125,1024,1024,1024
context,reservoir,measured,29,900,eligibility,input.bias,256,2.682229061721191,0.4328777627215313,0.3209266707557547,0.9604472271297488,0.80859375,256,256,256
context,reservoir,measured,29,900,eligibility,edge_log_gain,6678,0.05998268025423505,0.005737696573132457,0.4298611847913268,0.9627629728507001,0.7115902964959568,6678,6678,6678
context,reservoir,measured,29,900,eligibility,alpha_logit,256,0.01564582807190078,0.005202870989564331,0.32288283293282594,0.9464882176301601,0.80859375,256,256,256
context,reservoir,measured,29,900,eligibility,beta_logit,256,0.0021314688471336003,0.0021314688471336003,0.9999999999999998,4.144749488072238e-16,1.0,256,256,256
context,reservoir,measured,29,900,eligibility,recurrent_logit,1,0.0378762506999383,0.0408538144811186,1.0,0.07861294943813292,1.0,1,1,1
context,reservoir,measured,29,900,eligibility,combined_core,8471,4.219981036922489,0.5015630920326415,0.21649597844692398,0.9811541058553475,0.7333254633455318,8471,8471,8471
context,reservoir,measured,29,900,instantaneous,input.weight,1024,3.2570854064716497,0.24390598815003547,-0.007067658553313541,1.0033275853607417,0.740234375,512,1024,512
context,reservoir,measured,29,900,instantaneous,input.bias,256,2.682229061721191,0.22241849965485505,0.31871254989361353,0.9767389717877509,0.78515625,256,256,256
context,reservoir,measured,29,900,instantaneous,edge_log_gain,6678,0.05998268025423505,0.003728432466057714,0.351739463049537,0.9798655487398666,0.6844863731656184,6678,6678,6678
context,reservoir,measured,29,900,instantaneous,alpha_logit,256,0.01564582807190078,0.005362900130030057,0.30501157906176285,0.9530968139334154,0.8046875,256,256,256
context,reservoir,measured,29,900,instantaneous,beta_logit,256,0.0021314688471336003,0.0002539299505196133,0.6531954535379517,0.9265838147217667,0.60546875,256,256,256
context,reservoir,measured,29,900,instantaneous,recurrent_logit,1,0.0378762506999383,0.031156234069916373,1.0,0.1774203229157757,1.0,1,1,1
context,reservoir,measured,29,900,instantaneous,combined_core,8471,4.219981036922489,0.3316226128484906,0.13277205509149992,0.9926267860491522,0.6926749591657243,7959,8471,7959
context,reservoir,measured,41,900,eligibility,input.weight,1024,2.771765961186199,0.16522402190870353,0.07829324751466189,0.9971054326893126,0.78125,1024,1024,1024
context,reservoir,measured,41,900,eligibility,input.bias,256,3.545108532587835,0.3063078912579722,0.3511970369268528,0.9730244299932975,0.78515625,256,256,256
context,reservoir,measured,41,900,eligibility,edge_log_gain,6678,0.043598403313250655,0.002908264992286415,0.18400776924818224,0.989899439472839,0.7115902964959568,6678,6678,6678
context,reservoir,measured,41,900,eligibility,alpha_logit,256,0.0053911286735345045,0.002972411788033761,0.5633032401093339,0.8263366638465464,0.85546875,256,256,256
context,reservoir,measured,41,900,eligibility,beta_logit,256,0.002080253656272194,0.002080253656272194,1.0,4.80231718100948e-16,1.0,256,256,256
context,reservoir,measured,41,900,eligibility,recurrent_logit,1,0.13564168691389808,0.011568798668296815,1.0,0.9147105957504024,1.0,1,1,1
context,reservoir,measured,41,900,eligibility,combined_core,8471,4.502312065055183,0.34825128780465203,0.26711821697879085,0.9821710896427013,0.7353323102349192,8471,8471,8471
context,reservoir,measured,41,900,instantaneous,input.weight,1024,2.771765961186199,0.1432789104218463,0.033562542167314274,0.9996010420488902,0.798828125,512,1024,512
context,reservoir,measured,41,900,instantaneous,input.bias,256,3.545108532587835,0.13478921922151724,0.31631096223405314,0.9886316688037514,0.78515625,256,256,256
context,reservoir,measured,41,900,instantaneous,edge_log_gain,6678,0.043598403313250655,0.0019751085780268032,0.16674315172073978,0.9934508534911387,0.6686133572926026,6678,6678,6678
context,reservoir,measured,41,900,instantaneous,alpha_logit,256,0.0053911286735345045,0.0032431225856358894,0.5186403156535412,0.8590046452254061,0.8046875,256,256,256
context,reservoir,measured,41,900,instantaneous,beta_logit,256,0.002080253656272194,0.0002763569889946818,0.6529601167843785,0.918781788188852,0.66015625,256,256,256
context,reservoir,measured,41,900,instantaneous,recurrent_logit,1,0.13564168691389808,0.012929907464062357,1.0,0.9046760051556278,1.0,1,1,1
context,reservoir,measured,41,900,instantaneous,combined_core,8471,4.502312065055183,0.197176716597657,0.18727468526576146,0.9927309516595115,0.6848850358085187,7959,8471,7959
context,reservoir,null,17,900,eligibility,input.weight,1024,0.16026475889290198,0.1237929211857432,0.8365982738344182,0.551562512424065,0.818359375,1024,1024,1024
context,reservoir,null,17,900,eligibility,input.bias,256,0.20732364688936802,0.1072835363789171,0.753314301236181,0.6986706119036495,0.84375,256,256,256
context,reservoir,null,17,900,eligibility,edge_log_gain,6678,0.003987949679117335,0.0034494880645818777,0.9123612066227327,0.4121191731908496,0.9094040131775981,6678,6678,6678
context,reservoir,null,17,900,eligibility,alpha_logit,256,0.001535583512423901,0.0015191807491967664,0.9383686860768045,0.3493709549058216,0.89453125,256,256,256
context,reservoir,null,17,900,eligibility,beta_logit,256,0.001227991240906069,0.001227991240906069,1.0,6.714279074740097e-16,1.0,256,256,256
context,reservoir,null,17,900,eligibility,recurrent_logit,1,0.006753358386895316,0.0014488333343637848,-1.0,1.2145352358576438,0.0,1,1,1
context,reservoir,null,17,900,eligibility,combined_core,8471,0.26217029784829493,0.16386658741867133,0.7765145118675907,0.6480510229501992,0.8985952071774289,8471,8471,8471
context,reservoir,null,17,900,instantaneous,input.weight,1024,0.16026475889290198,0.05271883227390656,0.4279392944147438,0.9092123855807246,0.904296875,512,1024,512
context,reservoir,null,17,900,instantaneous,input.bias,256,0.20732364688936802,0.05028072807829343,0.7419599858101875,0.836022010134695,0.859375,256,256,256
context,reservoir,null,17,900,instantaneous,edge_log_gain,6678,0.003987949679117335,0.002450204446650823,0.839053160354368,0.5886067590318357,0.8282419886193471,6678,6678,6678
context,reservoir,null,17,900,instantaneous,alpha_logit,256,0.001535583512423901,0.0028244928151636736,0.8020855956358283,1.1969124817144603,0.73828125,256,256,256
context,reservoir,null,17,900,instantaneous,beta_logit,256,0.001227991240906069,9.125258375975237e-05,0.6714919976179423,0.9516954848871851,0.80078125,256,256,256
context,reservoir,null,17,900,instantaneous,recurrent_logit,1,0.006753358386895316,0.0016457550471836975,-1.0,1.2436943151687663,0.0,1,1,1
context,reservoir,null,17,900,instantaneous,combined_core,8471,0.26217029784829493,0.07296660188476813,0.5933587636464597,0.8643936182695386,0.830255057167986,7959,8471,7959
context,reservoir,null,29,900,eligibility,input.weight,1024,0.0929223522768557,0.07847179770893346,0.7845035791245708,0.6230186573243783,0.7607421875,1024,1024,1024
context,reservoir,null,29,900,eligibility,input.bias,256,0.0670539370137225,0.05637963574631379,0.9007491648541124,0.4384559484627456,0.86328125,256,256,256
context,reservoir,null,29,900,eligibility,edge_log_gain,6678,0.0022814565572783145,0.002096788261564576,0.8629674159188071,0.5083633178365231,0.8218029350104822,6678,6678,6678
context,reservoir,null,29,900,eligibility,alpha_logit,256,0.0009639850011308297,0.0009060704300026672,0.9521546791284088,0.3058612635897103,0.91015625,256,256,256
context,reservoir,null,29,900,eligibility,beta_logit,256,0.0010155484936958331,0.001015548493695833,1.0,7.690841437878774e-16,1.0,256,256,256
context,reservoir,null,29,900,eligibility,recurrent_logit,1,0.007181806444666854,9.600671137527524e-05,1.0,0.9866319550498929,1.0,1,1,1
context,reservoir,null,29,900,eligibility,combined_core,8471,0.11484571396165029,0.09665787295005217,0.8226812315932991,0.5688187212672312,0.8237516231849841,8471,8471,8471
context,reservoir,null,29,900,instantaneous,input.weight,1024,0.0929223522768557,0.03390470457731651,0.2740087322019671,0.9660099538222662,0.72265625,512,1024,512
context,reservoir,null,29,900,instantaneous,input.bias,256,0.0670539370137225,0.030469782178615235,0.7185671673993574,0.7439366840412487,0.78515625,256,256,256
context,reservoir,null,29,900,instantaneous,edge_log_gain,6678,0.0022814565572783145,0.0014742819578955194,0.7670488534559085,0.6528705849091254,0.79979035639413,6678,6678,6678
context,reservoir,null,29,900,instantaneous,alpha_logit,256,0.0009639850011308297,0.0016667596782217594,0.7746947954225798,1.144816590649326,0.80078125,256,256,256
context,reservoir,null,29,900,instantaneous,beta_logit,256,0.0010155484936958331,5.744566887140061e-05,0.48440914159596427,0.9738569754441992,0.71875,256,256,256
context,reservoir,null,29,900,instantaneous,recurrent_logit,1,0.007181806444666854,0.00021434340572224517,1.0,0.9701546668830912,1.0,1,1,1
context,reservoir,null,29,900,instantaneous,combined_core,8471,0.11484571396165029,0.045639209641536664,0.44582481272423385,0.8964293620761935,0.7918080160824225,7959,8471,7959
context,reservoir,null,41,900,eligibility,input.weight,1024,0.13937287264919584,0.09303168641972352,0.803304285540904,0.6108555115625193,0.8115234375,1024,1024,1024
context,reservoir,null,41,900,eligibility,input.bias,256,0.04101409003691289,0.03688318326015055,0.9426110263921098,0.33669268238540334,0.92578125,256,256,256
context,reservoir,null,41,900,eligibility,edge_log_gain,6678,0.0029967242898872944,0.0023371749948969283,0.8673098294697542,0.5053834230041876,0.8068283917340521,6678,6678,6678
context,reservoir,null,41,900,eligibility,alpha_logit,256,0.0007884330938057489,0.0007604023711225616,0.8425107907970061,0.5523080139969173,0.83203125,256,256,256
context,reservoir,null,41,900,eligibility,beta_logit,256,0.0010697479612854488,0.0010697479612854488,1.0,8.357323255918242e-16,1.0,256,256,256
context,reservoir,null,41,900,eligibility,recurrent_logit,1,0.0045587549377351655,0.0017638138336025437,1.0,0.6130930796471319,1.0,1,1,1
context,reservoir,null,41,900,eligibility,combined_core,8471,0.14539078995088014,0.1001277178615526,0.8145133979410993,0.5936345578542404,0.8176130326997993,8471,8471,8471
context,reservoir,null,41,900,instantaneous,input.weight,1024,0.13937287264919584,0.029006902136671307,0.5356344241611491,0.90573646739646,0.896484375,512,1024,512
context,reservoir,null,41,900,instantaneous,input.bias,256,0.04101409003691289,0.022654871341536802,0.8668621389537868,0.5894544838163136,0.91796875,256,256,256
context,reservoir,null,41,900,instantaneous,edge_log_gain,6678,0.0029967242898872944,0.0020928533071658604,0.7641672787226147,0.6483643207109754,0.7556154537286612,6678,6678,6678
context,reservoir,null,41,900,instantaneous,alpha_logit,256,0.0007884330938057489,0.0017615568623400135,0.6803750038277895,1.7180274255485397,0.6484375,256,256,256
context,reservoir,null,41,900,instantaneous,beta_logit,256,0.0010697479612854488,5.259344879730457e-05,0.9206377876060048,0.9549303848549657,0.87890625,256,256,256
context,reservoir,null,41,900,instantaneous,recurrent_logit,1,0.0045587549377351655,0.0013342918844279417,1.0,0.707312215143806,1.0,1,1,1
context,reservoir,null,41,900,instantaneous,combined_core,8471,0.14539078995088014,0.03693114925799479,0.5555100879221823,0.8844823584097593,0.7704485488126649,7959,8471,7959
context,eligibility,measured,17,0,eligibility,input.weight,1024,0.7012742747358017,0.39030911277607744,0.5589116625758744,0.829230505276007,0.79296875,1024,1024,1024
context,eligibility,measured,17,0,eligibility,input.bias,256,2.0340457725563272,0.891327561519912,0.5194412206781754,0.8583590501237335,0.859375,256,256,256
context,eligibility,measured,17,0,eligibility,edge_log_gain,6678,0.010387988801031325,0.0031035078491095727,0.4040178572949232,0.9207871324308742,0.7816711590296496,6678,6678,6678
context,eligibility,measured,17,0,eligibility,alpha_logit,256,0.00934901591447904,0.0092129812109855,0.9765106706932336,0.2156543743097202,0.94921875,256,256,256
context,eligibility,measured,17,0,eligibility,beta_logit,256,0.0013198489932145499,0.0013198489932145497,0.9999999999999998,8.120712257546888e-16,1.0,256,256,256
context,eligibility,measured,17,0,eligibility,recurrent_logit,1,0.030370070105436,0.005001934586542436,1.0,0.8353005255115585,1.0,1,1,1
context,eligibility,measured,17,0,eligibility,combined_core,8471,2.151800922676156,0.9731018947550245,0.5229327083509279,0.8553015362543601,0.7970723645378349,8471,8471,8471
context,eligibility,measured,17,0,instantaneous,input.weight,1024,0.7012742747358017,0.38330936137542126,0.5333002927190471,0.8460303828057578,0.73046875,512,1024,512
context,eligibility,measured,17,0,instantaneous,input.bias,256,2.0340457725563272,0.3817829546196295,0.5097208629548262,0.9186318265817811,0.8125,256,256,256
context,eligibility,measured,17,0,instantaneous,edge_log_gain,6678,0.010387988801031325,0.002047232756868842,0.36003907298423027,0.9470631086534455,0.7383947289607667,6678,6678,6678
context,eligibility,measured,17,0,instantaneous,alpha_logit,256,0.00934901591447904,0.0093238931343183,0.9677647327206712,0.25358333880772405,0.9296875,256,256,256
context,eligibility,measured,17,0,instantaneous,beta_logit,256,0.0013198489932145499,0.0006249067638543813,0.36931934205032796,0.9351204444166049,0.6015625,256,256,256
context,eligibility,measured,17,0,instantaneous,recurrent_logit,1,0.030370070105436,0.003308378682001136,1.0,0.8910645029624426,1.0,1,1,1
context,eligibility,measured,17,0,instantaneous,combined_core,8471,2.151800922676156,0.541097729600888,0.4632495299802549,0.9111824858775912,0.7420530217363991,7959,8471,7959
context,eligibility,measured,29,0,eligibility,input.weight,1024,0.4867993008941621,0.2713752059942655,0.5588947378515763,0.8292398365773739,0.796875,1024,1024,1024
context,eligibility,measured,29,0,eligibility,input.bias,256,2.103767186693906,0.6834485543653472,0.3992890508774449,0.9198405356959094,0.82421875,256,256,256
context,eligibility,measured,29,0,eligibility,edge_log_gain,6678,0.008160238882427,0.002549434117992136,0.44473005074510474,0.9053843013181261,0.7867625037436358,6678,6678,6678
context,eligibility,measured,29,0,eligibility,alpha_logit,256,0.006826594199894155,0.006444193602869656,0.9604130177668937,0.2790640751133592,0.9296875,256,256,256
context,eligibility,measured,29,0,eligibility,beta_logit,256,0.0012884840376733678,0.0012884840376733678,1.0,5.999725259782667e-16,1.0,256,256,256
context,eligibility,measured,29,0,eligibility,recurrent_logit,1,0.012365646140923772,0.005625192925101453,1.0,0.5450951077691744,1.0,1,1,1
context,eligibility,measured,29,0,eligibility,combined_core,8471,2.1594160545026115,0.7354099259083918,0.4080839083102841,0.9154381750583193,0.7999055601463818,8471,8471,8471
context,eligibility,measured,29,0,instantaneous,input.weight,1024,0.4867993008941621,0.25862045075394646,0.5350931641916147,0.8448017190062033,0.869140625,512,1024,512
context,eligibility,measured,29,0,instantaneous,input.bias,256,2.103767186693906,0.2578836596695437,0.4343195691805378,0.9531772770838696,0.76953125,256,256,256
context,eligibility,measured,29,0,instantaneous,edge_log_gain,6678,0.008160238882427,0.0013747465772969672,0.4064142179490812,0.9441638901291801,0.7333033842467804,6678,6678,6678
context,eligibility,measured,29,0,instantaneous,alpha_logit,256,0.006826594199894155,0.006466255706070009,0.9506167099479772,0.31038595188668855,0.93359375,256,256,256
context,eligibility,measured,29,0,instantaneous,beta_logit,256,0.0012884840376733678,0.00041954122618217114,0.46954447050331755,0.894564465287932,0.65234375,256,256,256
context,eligibility,measured,29,0,instantaneous,recurrent_logit,1,0.012365646140923772,0.0037322822228851374,1.0,0.698173295568175,1.0,1,1,1
context,eligibility,measured,29,0,instantaneous,combined_core,8471,2.1594160545026115,0.36530306296166076,0.3842209136801897,0.9479568823280249,0.7470787787410479,7959,8471,7959
context,eligibility,measured,41,0,eligibility,input.weight,1024,0.9307369775125593,0.43161203563950895,0.466653243125743,0.8844451861945479,0.7431640625,1024,1024,1024
context,eligibility,measured,41,0,eligibility,input.bias,256,5.9144340311260475,0.7317473481521514,0.457575380537525,0.9497803189571854,0.83203125,256,256,256
context,eligibility,measured,41,0,eligibility,edge_log_gain,6678,0.01326942324459042,0.003432691373303209,0.4048910083247768,0.9259791959414413,0.7791254866726565,6678,6678,6678
context,eligibility,measured,41,0,eligibility,alpha_logit,256,0.008269810840272842,0.008013723831143741,0.963214477088755,0.2687968234159035,0.93359375,256,256,256
context,eligibility,measured,41,0,eligibility,beta_logit,256,0.0019829645499516006,0.0019829645499516006,0.9999999999999998,4.2493407737590675e-16,1.0,256,256,256
context,eligibility,measured,41,0,eligibility,recurrent_logit,1,0.07386096867328161,0.0096547498855918,1.0,0.869284819045647,1.0,1,1,1
context,eligibility,measured,41,0,eligibility,combined_core,8471,5.987696140591763,0.8496565661018873,0.42625958716788476,0.9482420066902403,0.787746428993035,8471,8471,8471
context,eligibility,measured,41,0,instantaneous,input.weight,1024,0.9307369775125593,0.4255773745081453,0.4475304236976738,0.894321500354779,0.744140625,512,1024,512
context,eligibility,measured,41,0,instantaneous,input.bias,256,5.9144340311260475,0.424107781010417,0.5544583882295269,0.9620938416969966,0.77734375,256,256,256
context,eligibility,measured,41,0,instantaneous,edge_log_gain,6678,0.01326942324459042,0.002310409692880113,0.4315863537425446,0.938096242144529,0.7115902964959568,6678,6678,6678
context,eligibility,measured,41,0,instantaneous,alpha_logit,256,0.008269810840272842,0.00820373515099151,0.9603402987412796,0.28062337991002234,0.91796875,256,256,256
context,eligibility,measured,41,0,instantaneous,beta_logit,256,0.0019829645499516006,0.00047536442028506227,0.49256878971751117,0.9062595750219762,0.65234375,256,256,256
context,eligibility,measured,41,0,instantaneous,recurrent_logit,1,0.07386096867328161,0.006382431156299578,1.0,0.9135885803971543,1.0,1,1,1
context,eligibility,measured,41,0,instantaneous,combined_core,8471,5.987696140591763,0.6009135647237455,0.4359529994118369,0.9605045268453226,0.7205679105415254,7959,8471,7959
context,eligibility,null,17,0,eligibility,input.weight,1024,0.417849934634848,0.40829871058140976,0.9721074652703259,0.23458990229485296,0.8173828125,1024,1024,1024
context,eligibility,null,17,0,eligibility,input.bias,256,0.9891709752016775,0.917151193030427,0.8886948001626817,0.4601125615479113,0.87109375,256,256,256
context,eligibility,null,17,0,eligibility,edge_log_gain,6678,0.003758800490861509,0.003321509238577676,0.8735208540458744,0.48689235033599293,0.8002395926924228,6678,6678,6678
context,eligibility,null,17,0,eligibility,alpha_logit,256,0.009577820953212078,0.00958080168502784,0.9983909509893499,0.056737962463680396,0.98046875,256,256,256
context,eligibility,null,17,0,eligibility,beta_logit,256,0.0013769700214937724,0.0013769700214937724,1.0,5.869856168110145e-16,1.0,256,256,256
context,eligibility,null,17,0,eligibility,recurrent_logit,1,0.011856808831723211,0.005421869945176145,1.0,0.542720978121045,1.0,1,1,1
context,eligibility,null,17,0,eligibility,combined_core,8471,1.0739209138727301,1.003996147823422,0.9017320430903908,0.4335650619495935,0.8159603352614804,8471,8471,8471
context,eligibility,null,17,0,instantaneous,input.weight,1024,0.417849934634848,0.39386243184777275,0.9424752669754454,0.33427591149433433,0.806640625,512,1024,512
context,eligibility,null,17,0,instantaneous,input.bias,256,0.9891709752016775,0.3934271163869841,0.75173321936067,0.7484734329591433,0.83984375,256,256,256
context,eligibility,null,17,0,instantaneous,edge_log_gain,6678,0.003758800490861509,0.0023389181334050302,0.7823965381994754,0.6430413554953777,0.7322551662174304,6678,6678,6678
context,eligibility,null,17,0,instantaneous,alpha_logit,256,0.009577820953212078,0.009578068660361478,0.9842429340529816,0.1775244985899973,0.95703125,256,256,256
context,eligibility,null,17,0,instantaneous,beta_logit,256,0.0013769700214937724,0.0006896973978664584,0.5931246253683651,0.8103777897584937,0.640625,256,256,256
context,eligibility,null,17,0,instantaneous,recurrent_logit,1,0.011856808831723211,0.003335053335100884,1.0,0.7187225178010918,1.0,1,1,1
context,eligibility,null,17,0,instantaneous,combined_core,8471,1.0739209138727301,0.5567955812775142,0.7488782125124793,0.7016191636954631,0.7448171880889559,7959,8471,7959
context,eligibility,null,29,0,eligibility,input.weight,1024,0.219733448104267,0.21014391217577538,0.9527206510333295,0.30386936956512295,0.853515625,1024,1024,1024
context,eligibility,null,29,0,eligibility,input.bias,256,0.5602713579542856,0.4869993900079457,0.8630114608970203,0.5052224969417135,0.828125,256,256,256
context,eligibility,null,29,0,eligibility,edge_log_gain,6678,0.002961793518627988,0.0027511130928962887,0.9118769369177477,0.4108151941125415,0.8403713686732555,6678,6678,6678
context,eligibility,null,29,0,eligibility,alpha_logit,256,0.004857962757332748,0.00480490356585855,0.9956715126636023,0.09317571946090139,0.96875,256,256,256
context,eligibility,null,29,0,eligibility,beta_logit,256,0.001240848771999051,0.001240848771999051,1.0,6.99992397371371e-16,1.0,256,256,256
context,eligibility,null,29,0,eligibility,recurrent_logit,1,0.008446822658636662,0.0013991998332643842,1.0,0.8343519344716279,1.0,1,1,1
context,eligibility,null,29,0,eligibility,combined_core,8471,0.6019070055261279,0.5304366341798299,0.8754586194474576,0.4833279041532589,0.8503128320151104,8471,8471,8471
context,eligibility,null,29,0,instantaneous,input.weight,1024,0.219733448104267,0.17643638218555793,0.8353265772437248,0.5507062162571635,0.876953125,512,1024,512
context,eligibility,null,29,0,instantaneous,input.bias,256,0.5602713579542856,0.17454448121920502,0.764971462073537,0.7876691761119752,0.8359375,256,256,256
context,eligibility,null,29,0,instantaneous,edge_log_gain,6678,0.002961793518627988,0.0016426474409579177,0.815537410737686,0.6348075202417703,0.7836178496555855,6678,6678,6678
context,eligibility,null,29,0,instantaneous,alpha_logit,256,0.004857962757332748,0.005118921431221642,0.9567891453014988,0.3065121199169693,0.95703125,256,256,256
context,eligibility,null,29,0,instantaneous,beta_logit,256,0.001240848771999051,0.00032953082952898497,0.4657620888677872,0.9072722821365351,0.6328125,256,256,256
context,eligibility,null,29,0,instantaneous,recurrent_logit,1,0.008446822658636662,0.0010410675501139961,1.0,0.8767503957183793,1.0,1,1,1
context,eligibility,null,29,0,instantaneous,combined_core,8471,0.6019070055261279,0.24824517506339508,0.7176377476125397,0.7603598846451476,0.7920593039326549,7959,8471,7959
context,eligibility,null,41,0,eligibility,input.weight,1024,0.32875182642564643,0.3241282567095566,0.9879216587956998,0.15496689637429129,0.8115234375,1024,1024,1024
context,eligibility,null,41,0,eligibility,input.bias,256,0.668191500496436,0.5485899577952738,0.881954490813078,0.47525873173522765,0.86328125,256,256,256
context,eligibility,null,41,0,eligibility,edge_log_gain,6678,0.0027844818063557184,0.0024188951347078025,0.8860317739213405,0.4639481538491623,0.8388739143456124,6678,6678,6678
context,eligibility,null,41,0,eligibility,alpha_logit,256,0.006165127895509791,0.006101740602321411,0.9962501411485838,0.08676589031464542,0.97265625,256,256,256
context,eligibility,null,41,0,eligibility,beta_logit,256,0.0011361624887867034,0.0011361624887867034,1.0,6.861008456593415e-16,1.0,256,256,256
context,eligibility,null,41,0,eligibility,recurrent_logit,1,0.009550562910963449,0.001201071486821798,1.0,0.8742407648618237,1.0,1,1,1
context,eligibility,null,41,0,eligibility,combined_core,8471,0.7447791021315601,0.6372251441377403,0.9031314520535892,0.43198821979820323,0.8452366898831307,8471,8471,8471
context,eligibility,null,41,0,instantaneous,input.weight,1024,0.32875182642564643,0.31333655393844034,0.9556025399753906,0.2946693059255634,0.80078125,512,1024,512
context,eligibility,null,41,0,instantaneous,input.bias,256,0.668191500496436,0.3128276724653398,0.8064811393134379,0.6812063824298317,0.83203125,256,256,256
context,eligibility,null,41,0,instantaneous,edge_log_gain,6678,0.0027844818063557184,0.0021629448056953975,0.764771089331939,0.6444140939748487,0.7807726864330637,6678,6678,6678
context,eligibility,null,41,0,instantaneous,alpha_logit,256,0.006165127895509791,0.006328821523213768,0.9718161599922852,0.24201097658055998,0.94140625,256,256,256
context,eligibility,null,41,0,instantaneous,beta_logit,256,0.0011361624887867034,0.00034888908774980873,0.4343871431149433,0.9096789243296847,0.5859375,256,256,256
context,eligibility,null,41,0,instantaneous,recurrent_logit,1,0.009550562910963449,0.0015482169587979313,1.0,0.8378925961504662,1.0,1,1,1
context,eligibility,null,41,0,instantaneous,combined_core,8471,0.7447791021315601,0.44281847263359664,0.8097946332275989,0.6249456704426465,0.7826360095489383,7959,8471,7959
context,eligibility,measured,17,300,eligibility,input.weight,1024,1.8660241508369255,0.38902157481212096,0.213900446819797,0.9768705244761212,0.7978515625,1024,1024,1024
context,eligibility,measured,17,300,eligibility,input.bias,256,5.32961107592065,0.7691691360072135,0.40184845723172635,0.95123012779663,0.79296875,256,256,256
context,eligibility,measured,17,300,eligibility,edge_log_gain,6678,0.027380716793807002,0.005217654067594029,0.20093622716342263,0.9796592827706325,0.7327044025157232,6678,6678,6678
context,eligibility,measured,17,300,eligibility,alpha_logit,256,0.008533727126587731,0.0060119239544029045,0.7726254519960745,0.6385079280670298,0.90625,256,256,256
context,eligibility,measured,17,300,eligibility,beta_logit,256,0.002652237598594501,0.0026522375985945012,1.0,5.461628947893033e-16,1.0,256,256,256
context,eligibility,measured,17,300,eligibility,recurrent_logit,1,0.1349692781250468,0.006514467058815287,1.0,0.9517337045191889,1.0,1,1,1
context,eligibility,measured,17,300,eligibility,combined_core,8471,5.648526057356506,0.8620161165803852,0.3704070336398943,0.954062155834072,0.7557549285798607,8471,8471,8471
context,eligibility,measured,17,300,instantaneous,input.weight,1024,1.8660241508369255,0.3810478466471657,0.2069409809973182,0.9783572591750654,0.912109375,512,1024,512
context,eligibility,measured,17,300,instantaneous,input.bias,256,5.32961107592065,0.37959383369623456,0.45040583942416446,0.9700071064746664,0.77734375,256,256,256
context,eligibility,measured,17,300,instantaneous,edge_log_gain,6678,0.027380716793807002,0.0031629239731014542,0.16169815701240228,0.9879202667633764,0.6948188080263552,6678,6678,6678
context,eligibility,measured,17,300,instantaneous,alpha_logit,256,0.008533727126587731,0.005883218920052156,0.7613560001818497,0.6523140115978125,0.8671875,256,256,256
context,eligibility,measured,17,300,instantaneous,beta_logit,256,0.002652237598594501,0.0005559224877926624,0.6979450726447153,0.8668036795722688,0.66015625,256,256,256
context,eligibility,measured,17,300,instantaneous,recurrent_logit,1,0.1349692781250468,0.0025617982861559562,-1.0,1.0189806030064301,0.0,1,1,1
context,eligibility,measured,17,300,instantaneous,combined_core,8471,5.648526057356506,0.5379037350937794,0.3482342524948817,0.970950328820411,0.715793441387109,7959,8471,7959
context,eligibility,measured,29,300,eligibility,input.weight,1024,1.121054789737088,0.33476210085243174,0.29039450995001076,0.9569423078128262,0.767578125,1024,1024,1024
context,eligibility,measured,29,300,eligibility,input.bias,256,3.6122403346976677,0.6099094107763915,0.3832670748535701,0.9481999227100165,0.796875,256,256,256
context,eligibility,measured,29,300,eligibility,edge_log_gain,6678,0.03256814522159151,0.003466465990464784,0.45639585941941313,0.956124364849423,0.7044025157232704,6678,6678,6678
context,eligibility,measured,29,300,eligibility,alpha_logit,256,0.010703084464577938,0.004973081621768082,0.402785093385482,0.9173822558187158,0.87890625,256,256,256
context,eligibility,measured,29,300,eligibility,beta_logit,256,0.001661041163464684,0.0016610411634646837,1.0,8.5918241828309e-16,1.0,256,256,256
context,eligibility,measured,29,300,eligibility,recurrent_logit,1,0.41357311139378294,0.023728733574152172,1.0,0.9426250572862825,1.0,1,1,1
context,eligibility,measured,29,300,eligibility,combined_core,8471,3.804900103134786,0.6961736229582381,0.36364973051657223,0.9488966689885405,0.7290756699327116,8471,8471,8471
context,eligibility,measured,29,300,instantaneous,input.weight,1024,1.121054789737088,0.3372831950331276,0.27072295976643346,0.9631289959226178,0.82421875,512,1024,512
context,eligibility,measured,29,300,instantaneous,input.bias,256,3.6122403346976677,0.32989050471240555,0.34535650288352593,0.9722450909034607,0.7578125,256,256,256
context,eligibility,measured,29,300,instantaneous,edge_log_gain,6678,0.03256814522159151,0.00247309964728213,0.45828826080020574,0.9675562023028665,0.6633722671458521,6678,6678,6678
context,eligibility,measured,29,300,instantaneous,alpha_logit,256,0.010703084464577938,0.005082336992815068,0.38180932153002906,0.928912167966195,0.85546875,256,256,256
context,eligibility,measured,29,300,instantaneous,beta_logit,256,0.001661041163464684,0.00037854102365092343,0.689424029637586,0.8588973381433793,0.61328125,256,256,256
context,eligibility,measured,29,300,instantaneous,recurrent_logit,1,0.41357311139378294,0.017149506753120387,1.0,0.9585333130209437,1.0,1,1,1
context,eligibility,measured,29,300,instantaneous,combined_core,8471,3.804900103134786,0.47213757952266006,0.2900500665459166,0.971295418905967,0.6813670059052644,7959,8471,7959
context,eligibility,measured,41,300,eligibility,input.weight,1024,3.813098311546447,0.3567546037599376,0.20835605480619607,0.9847668865487084,0.8291015625,1024,1024,1024
context,eligibility,measured,41,300,eligibility,input.bias,256,18.450476463655267,1.0534060448500409,0.5551270083135169,0.9694695336552401,0.83984375,256,256,256
context,eligibility,measured,41,300,eligibility,edge_log_gain,6678,0.05506946593088012,0.004380879106894917,0.24990671472001094,0.983141600362485,0.7499251272836178,6678,6678,6678
context,eligibility,measured,41,300,eligibility,alpha_logit,256,0.011651501201908988,0.0064529189637103765,0.540517810320233,0.8414378397288341,0.84765625,256,256,256
context,eligibility,measured,41,300,eligibility,beta_logit,256,0.004159853582144436,0.004159853582144437,1.0,5.066639710823443e-16,1.0,256,256,256
context,eligibility,measured,41,300,eligibility,recurrent_logit,1,0.05620625554446366,0.004925794185186797,1.0,0.9123621714794699,1.0,1,1,1
context,eligibility,measured,41,300,eligibility,combined_core,8471,18.840545250085462,1.1122232432050665,0.5284299098212439,0.9701004196399549,0.7727541022311415,8471,8471,8471
context,eligibility,measured,41,300,instantaneous,input.weight,1024,3.813098311546447,0.33181360620256983,0.0685407847787376,0.9978194329677105,0.814453125,512,1024,512
context,eligibility,measured,41,300,instantaneous,input.bias,256,18.450476463655267,0.31899730574765306,0.324292810568918,0.9945276663632321,0.60546875,256,256,256
context,eligibility,measured,41,300,instantaneous,edge_log_gain,6678,0.05506946593088012,0.0012511787489232758,0.022869580579468564,0.9997384681284628,0.5832584606169512,6678,6678,6678
context,eligibility,measured,41,300,instantaneous,alpha_logit,256,0.011651501201908988,0.006289338900002533,0.5450282258939181,0.8384340727888133,0.83984375,256,256,256
context,eligibility,measured,41,300,instantaneous,beta_logit,256,0.004159853582144436,0.001580819163862067,0.2639045133996549,0.9715126069210993,0.59765625,256,256,256
context,eligibility,measured,41,300,instantaneous,recurrent_logit,1,0.05620625554446366,0.0019585957762454365,-1.0,1.0348465799273183,0.0,1,1,1
context,eligibility,measured,41,300,instantaneous,combined_core,8471,18.840545250085462,0.46033358193175467,0.23006377059704225,0.9946630684981264,0.6074883779369268,7959,8471,7959
context,eligibility,null,17,300,eligibility,input.weight,1024,0.08745369306037676,0.05916746607871335,0.6941217912133132,0.7200718280911209,0.7626953125,1024,1024,1024
context,eligibility,null,17,300,eligibility,input.bias,256,0.1306351136581306,0.05098977817625851,0.7133479566469215,0.7716737430774653,0.7890625,256,256,256
context,eligibility,null,17,300,eligibility,edge_log_gain,6678,0.0021508350935946037,0.0017017717025576166,0.8434648651408236,0.5397194939621213,0.8599880203653788,6678,6678,6678
context,eligibility,null,17,300,eligibility,alpha_logit,256,0.0008548476149186779,0.0008807181625268496,0.9557433832783533,0.3034926850770788,0.89453125,256,256,256
context,eligibility,null,17,300,eligibility,beta_logit,256,0.0007635868762856458,0.0007635868762856458,1.0,8.43652839480438e-16,1.0,256,256,256
context,eligibility,null,17,300,eligibility,recurrent_logit,1,0.0016859455791455894,0.00030705871406285054,-1.0,1.1821284849647773,0.0,1,1,1
context,eligibility,null,17,300,eligibility,combined_core,8471,0.15723378671211022,0.07813511094265303,0.6794358919528548,0.7560906832417543,0.8512572305512927,8471,8471,8471
context,eligibility,null,17,300,instantaneous,input.weight,1024,0.08745369306037676,0.028454735917628503,0.1735557539723281,0.996456579542737,0.646484375,512,1024,512
context,eligibility,null,17,300,instantaneous,input.bias,256,0.1306351136581306,0.024979570014723517,0.7448787279962351,0.8670050207487346,0.78125,256,256,256
context,eligibility,null,17,300,instantaneous,edge_log_gain,6678,0.0021508350935946037,0.0011489024841432255,0.7662699695558931,0.6831564192471594,0.8324348607367476,6678,6678,6678
context,eligibility,null,17,300,instantaneous,alpha_logit,256,0.0008548476149186779,0.0015128375254581188,0.869042802792496,1.0276073497114107,0.828125,256,256,256
context,eligibility,null,17,300,instantaneous,beta_logit,256,0.0007635868762856458,4.342698741919141e-05,0.507221010549971,0.9723891987588879,0.77734375,256,256,256
context,eligibility,null,17,300,instantaneous,recurrent_logit,1,0.0016859455791455894,0.0001790273344364446,1.0,0.89381191382988,1.0,1,1,1
context,eligibility,null,17,300,instantaneous,combined_core,8471,0.15723378671211022,0.03791165395031808,0.4807788974896995,0.9090048052452511,0.8169368011056666,7959,8471,7959
context,eligibility,null,29,300,eligibility,input.weight,1024,0.06788971407437364,0.04576880296546984,0.7515238938842264,0.664226155821679,0.8193359375,1024,1024,1024
context,eligibility,null,29,300,eligibility,input.bias,256,0.08970033343830576,0.02749209233825885,0.5245186338610001,0.8788728460998997,0.734375,256,256,256
context,eligibility,null,29,300,eligibility,edge_log_gain,6678,0.0014810748167574377,0.0010759401043375248,0.788771252831903,0.6178371385277439,0.7854147948487571,6678,6678,6678
context,eligibility,null,29,300,eligibility,alpha_logit,256,0.0005499354092261273,0.0004510361735445533,0.8366724461976176,0.5479523790427364,0.86328125,256,256,256
context,eligibility,null,29,300,eligibility,beta_logit,256,0.0005181307404226644,0.0005181307404226645,0.9999999999999998,1.2505773687551562e-15,1.0,256,256,256
context,eligibility,null,29,300,eligibility,recurrent_logit,1,0.0048590029387071965,0.00032710087031947153,1.0,0.9326814833319486,1.0,1,1,1
context,eligibility,null,29,300,eligibility,combined_core,8471,0.11261233270220967,0.053407256072642906,0.60388744175313,0.8075418566627651,0.7968362649037894,8471,8471,8471
context,eligibility,null,29,300,instantaneous,input.weight,1024,0.06788971407437364,0.018935777586103035,0.3018076261172539,0.9536435469916543,0.70703125,512,1024,512
context,eligibility,null,29,300,instantaneous,input.bias,256,0.08970033343830576,0.0165816096626742,0.5889320897979453,0.9035689220332619,0.7578125,256,256,256
context,eligibility,null,29,300,instantaneous,edge_log_gain,6678,0.0014810748167574377,0.0007970569122217648,0.687284150722287,0.7415377053192934,0.7395926924228811,6678,6678,6678
context,eligibility,null,29,300,instantaneous,alpha_logit,256,0.0005499354092261273,0.0009817615382584127,0.6718311466115506,1.3372738406384939,0.7265625,256,256,256
context,eligibility,null,29,300,instantaneous,beta_logit,256,0.0005181307404226644,3.239362382947661e-05,0.4962942122664336,0.970490582905011,0.74609375,256,256,256
context,eligibility,null,29,300,instantaneous,recurrent_logit,1,0.0048590029387071965,8.780773595639565e-05,-1.0,1.0180711427969948,0.0,1,1,1
context,eligibility,null,29,300,instantaneous,combined_core,8471,0.11261233270220967,0.025201614368534717,0.4456309647016414,0.9222939126019949,0.7377811282824476,7959,8471,7959
context,eligibility,null,41,300,eligibility,input.weight,1024,0.16400219307340833,0.10471041107891105,0.6382637128754429,0.7698178194917905,0.81640625,1024,1024,1024
context,eligibility,null,41,300,eligibility,input.bias,256,0.27491180776426866,0.18245991934678227,0.6762007682590236,0.736823386978119,0.84765625,256,256,256
context,eligibility,null,41,300,eligibility,edge_log_gain,6678,0.0031120363229592933,0.001563874349895746,0.5693416856512367,0.8248118498194514,0.7511230907457322,6678,6678,6678
context,eligibility,null,41,300,eligibility,alpha_logit,256,0.002306783387383975,0.002248597033482599,0.9703875129256132,0.24159332231582803,0.9296875,256,256,256
context,eligibility,null,41,300,eligibility,beta_logit,256,0.0007701012897930902,0.0007701012897930903,0.9999999999999998,1.0215370174074822e-15,1.0,256,256,256
context,eligibility,null,41,300,eligibility,recurrent_logit,1,0.012411008633372569,0.0009571936394244256,1.0,0.9228754352123661,1.0,1,1,1
context,eligibility,null,41,300,eligibility,combined_core,8471,0.3203792340212947,0.21039226108298273,0.6661122512716069,0.7459109230516794,0.7748789989375516,8471,8471,8471
context,eligibility,null,41,300,instantaneous,input.weight,1024,0.16400219307340833,0.09446523676506276,0.5190023716734181,0.8566710275541046,0.646484375,512,1024,512
context,eligibility,null,41,300,instantaneous,input.bias,256,0.27491180776426866,0.09299200712991493,0.32875586934759554,0.9444627733862593,0.76171875,256,256,256
context,eligibility,null,41,300,instantaneous,edge_log_gain,6678,0.0031120363229592933,0.0013057127344626679,0.4051087807302691,0.9143828313422447,0.6783468104222821,6678,6678,6678
context,eligibility,null,41,300,instantaneous,alpha_logit,256,0.002306783387383975,0.002545955176828452,0.9251326269888941,0.41953483957877746,0.8828125,256,256,256
context,eligibility,null,41,300,instantaneous,beta_logit,256,0.0007701012897930902,0.00019545840769326318,0.23283233588817226,0.9727430859386293,0.59375,256,256,256
context,eligibility,null,41,300,instantaneous,recurrent_logit,1,0.012411008633372569,0.0012693234027882781,1.0,0.8977260075885265,1.0,1,1,1
context,eligibility,null,41,300,instantaneous,combined_core,8471,0.3203792340212947,0.13259347837102273,0.3876636431752939,0.9221731757946627,0.6828747330066591,7959,8471,7959
context,eligibility,measured,17,600,eligibility,input.weight,1024,0.01735606835151488,0.01049019704386628,0.6429661448906672,0.7668644226731667,0.80078125,1024,1024,1024
context,eligibility,measured,17,600,eligibility,input.bias,256,0.007771130168958933,0.0030653062452455516,0.46736157296256153,0.8870679561150423,0.83984375,256,256,256
context,eligibility,measured,17,600,eligibility,edge_log_gain,6678,0.0005463311619721995,0.00030698322194532007,0.6536866443072875,0.7623113837582374,0.7869122491764001,6678,6678,6678
context,eligibility,measured,17,600,eligibility,alpha_logit,256,0.00012283617173928637,8.7638437319467e-05,0.7032772146277916,0.7109886115620325,0.77734375,256,256,256
context,eligibility,measured,17,600,eligibility,beta_logit,256,0.00020581955717159474,0.00020581955717159474,0.9999999999999999,2.967505126316427e-15,1.0,256,256,256
context,eligibility,measured,17,600,eligibility,recurrent_logit,1,0.0017218721775132373,5.0981914577914885e-05,1.0,0.9703915800233534,1.0,1,1,1
context,eligibility,measured,17,600,eligibility,combined_core,8471,0.019103516552582647,0.010935594013873347,0.6148355537056555,0.7897941041608205,0.7963640656356983,8471,8471,8471
context,eligibility,measured,17,600,instantaneous,input.weight,1024,0.01735606835151488,0.002845319040561892,0.5166027594135012,0.9260097328169932,0.90625,512,1024,512
context,eligibility,measured,17,600,instantaneous,input.bias,256,0.007771130168958933,0.0013135411227336961,0.38219862138096306,0.9483489804360653,0.76953125,256,256,256
context,eligibility,measured,17,600,instantaneous,edge_log_gain,6678,0.0005463311619721995,0.00020686473675724594,0.5341220170017835,0.8595855070573509,0.7318059299191375,6678,6678,6678
context,eligibility,measured,17,600,instantaneous,alpha_logit,256,0.00012283617173928637,0.00013121069476690304,0.03805342546116811,1.4351673060789285,0.51171875,256,256,256
context,eligibility,measured,17,600,instantaneous,beta_logit,256,0.00020581955717159474,2.1502349840932355e-05,0.9328147934750186,0.9033319398680834,0.90234375,256,256,256
context,eligibility,measured,17,600,instantaneous,recurrent_logit,1,0.0017218721775132373,3.6634144764489745e-05,-1.0,1.021275763231971,0.0,1,1,1
context,eligibility,measured,17,600,instantaneous,combined_core,8471,0.019103516552582647,0.003143730968299087,0.48979151963842843,0.9305255999787,0.742555597436864,7959,8471,7959
context,eligibility,measured,29,600,eligibility,input.weight,1024,2.0665692348012703,0.16620573143073844,0.07455215901722646,0.997234414092788,0.7275390625,1024,1024,1024
context,eligibility,measured,29,600,eligibility,input.bias,256,8.505754757589118,0.26820489223908095,0.6121497171813294,0.9810145063102331,0.7109375,256,256,256
context,eligibility,measured,29,600,eligibility,edge_log_gain,6678,0.04143569703664685,0.0053986267556882656,0.18819170545066594,0.983837676615264,0.67235699311171,6678,6678,6678
context,eligibility,measured,29,600,eligibility,alpha_logit,256,0.010540221104182575,0.0029453928472027782,0.348790701591098,0.9397628030370221,0.7890625,256,256,256
context,eligibility,measured,29,600,eligibility,beta_logit,256,0.0016647108493099512,0.001664710849309951,1.0,5.753403284240214e-16,1.0,256,256,256
context,eligibility,measured,29,600,eligibility,recurrent_logit,1,0.24409039990094406,0.004331757076846058,-1.0,1.017746527838063,0.0,1,1,1
context,eligibility,measured,29,600,eligibility,combined_core,8471,8.756710758401974,0.3156225043827831,0.5141781232143129,0.9819539579360999,0.6935426750088537,8471,8471,8471
context,eligibility,measured,29,600,instantaneous,input.weight,1024,2.0665692348012703,0.16441425861657455,0.06334236569680819,0.9981236021367272,0.73828125,512,1024,512
context,eligibility,measured,29,600,instantaneous,input.bias,256,8.505754757589118,0.1568808859869688,0.6628434006582946,0.9878709940338688,0.69921875,256,256,256
context,eligibility,measured,29,600,instantaneous,edge_log_gain,6678,0.04143569703664685,0.0035640097774770085,0.2094272600300447,0.9855817040589959,0.6308775082359988,6678,6678,6678
context,eligibility,measured,29,600,instantaneous,alpha_logit,256,0.010540221104182575,0.0030099906496996245,0.3432315061245355,0.9410190045131989,0.7734375,256,256,256
context,eligibility,measured,29,600,instantaneous,beta_logit,256,0.0016647108493099512,0.00023468695165161838,0.9152968259451745,0.8728126794779513,0.66796875,256,256,256
context,eligibility,measured,29,600,instantaneous,recurrent_logit,1,0.24409039990094406,0.0014759598817209207,-1.0,1.0060467756303397,0.0,1,1,1
context,eligibility,measured,29,600,instantaneous,combined_core,8471,8.756710758401974,0.22730520576844948,0.4550215480631225,0.988458934551758,0.6456841311722579,7959,8471,7959
context,eligibility,measured,41,600,eligibility,input.weight,1024,0.03832445610151727,0.009373113231494923,0.13291223958782294,0.9973978045770429,0.7626953125,1024,1024,1024
context,eligibility,measured,41,600,eligibility,input.bias,256,0.018671561751024607,0.004334364351224355,0.21420086725553192,0.9769542983426336,0.796875,256,256,256
context,eligibility,measured,41,600,eligibility,edge_log_gain,6678,0.0007662642276613984,0.000333325502380768,0.4906784645032282,0.8731177778595984,0.7792752321054208,6678,6678,6678
context,eligibility,measured,41,600,eligibility,alpha_logit,256,0.0002102684151542386,0.0001752755334195166,0.830989672865946,0.5562938729548123,0.87109375,256,256,256
context,eligibility,measured,41,600,eligibility,beta_logit,256,0.00023845383938982782,0.0002384538393898277,1.0,3.4081330912140375e-15,1.0,256,256,256
context,eligibility,measured,41,600,eligibility,recurrent_logit,1,0.003661767955359562,5.761710701875856e-05,-1.0,1.015734778315056,0.0,1,1,1
context,eligibility,measured,41,600,eligibility,combined_core,8471,0.04279588686036161,0.010336535848497957,0.1471232807213193,0.9936133899841505,0.7871561799079212,8471,8471,8471
context,eligibility,measured,41,600,instantaneous,input.weight,1024,0.03832445610151727,0.004109256900072312,-0.08416008811180824,1.0146647246737919,0.677734375,512,1024,512
context,eligibility,measured,41,600,instantaneous,input.bias,256,0.018671561751024607,0.002132699834397736,0.22211344738420413,0.9809720785801385,0.6875,256,256,256
context,eligibility,measured,41,600,instantaneous,edge_log_gain,6678,0.0007662642276613984,0.0002259489466744468,0.4202151937745672,0.9160406146524287,0.682240191674154,6678,6678,6678
context,eligibility,measured,41,600,instantaneous,alpha_logit,256,0.0002102684151542386,0.00029209556292701693,0.7456272182124484,0.9263740770873619,0.78515625,256,256,256
context,eligibility,measured,41,600,instantaneous,beta_logit,256,0.00023845383938982782,1.9219649906736158e-05,0.5630380332827298,0.9569396713918293,0.69921875,256,256,256
context,eligibility,measured,41,600,instantaneous,recurrent_logit,1,0.003661767955359562,0.00011664033626888689,-1.0,1.031853557541287,0.0,1,1,1
context,eligibility,measured,41,600,instantaneous,combined_core,8471,0.04279588686036161,0.004645938867635304,-0.023715033394453452,1.0084316482293068,0.6858901872094484,7959,8471,7959
context,eligibility,null,17,600,eligibility,input.weight,1024,0.0500709515144663,0.03916019437815642,0.7938681889276928,0.6082038543358786,0.8193359375,1024,1024,1024
context,eligibility,null,17,600,eligibility,input.bias,256,0.03808621440158968,0.027536706780228546,0.7652731303185486,0.6450916399562104,0.890625,256,256,256
context,eligibility,null,17,600,eligibility,edge_log_gain,6678,0.0011617138860360646,0.0010234588945361002,0.8829818993391846,0.4694112601123079,0.8661275831087152,6678,6678,6678
context,eligibility,null,17,600,eligibility,alpha_logit,256,0.00042370867680603013,0.0004051530775074149,0.9281168027284239,0.3733473490912545,0.9140625,256,256,256
context,eligibility,null,17,600,eligibility,beta_logit,256,0.0005972962886683933,0.0005972962886683933,1.0,1.2034973663813026e-15,1.0,256,256,256
context,eligibility,null,17,600,eligibility,recurrent_logit,1,0.0007361541947065515,0.00015590789783635794,1.0,0.7882129872281628,1.0,1,1,1
context,eligibility,null,17,600,eligibility,combined_core,8471,0.06292922776467659,0.04788928618479671,0.7834001524413675,0.6219211088041688,0.8667217565812773,8471,8471,8471
context,eligibility,null,17,600,instantaneous,input.weight,1024,0.0500709515144663,0.011838956169197716,0.262009657696355,0.9654038338640275,0.84765625,512,1024,512
context,eligibility,null,17,600,instantaneous,input.bias,256,0.03808621440158968,0.011817308498605716,0.590008663607516,0.8544817775643069,0.7421875,256,256,256
context,eligibility,null,17,600,instantaneous,edge_log_gain,6678,0.0011617138860360646,0.0007228345933136375,0.6998470084196637,0.7184991687966437,0.777927523210542,6678,6678,6678
context,eligibility,null,17,600,instantaneous,alpha_logit,256,0.00042370867680603013,0.0008241324701879338,0.7847373704187598,1.3154851584548661,0.765625,256,256,256
context,eligibility,null,17,600,instantaneous,beta_logit,256,0.0005972962886683933,3.8904861819191104e-05,0.651418371762758,0.9588442833140233,0.796875,256,256,256
context,eligibility,null,17,600,instantaneous,recurrent_logit,1,0.0007361541947065515,0.00022667848352244023,1.0,0.6920774409051631,1.0,1,1,1
context,eligibility,null,17,600,instantaneous,combined_core,8471,0.06292922776467659,0.0167649707494012,0.39991112544441554,0.9262254923553311,0.7815052142228923,7959,8471,7959
context,eligibility,null,29,600,eligibility,input.weight,1024,0.07859687121144948,0.05441727658273519,0.7566953850804001,0.6569255840771833,0.814453125,1024,1024,1024
context,eligibility,null,29,600,eligibility,input.bias,256,0.16137715870025646,0.029974535450945753,0.5835892519444095,0.9042709361860123,0.78515625,256,256,256
context,eligibility,null,29,600,eligibility,edge_log_gain,6678,0.0016362937028711975,0.0010794745701234907,0.713042051672901,0.7031469617613171,0.7884097035040432,6678,6678,6678
context,eligibility,null,29,600,eligibility,alpha_logit,256,0.0006004227195874725,0.0004978454337966018,0.87022083995328,0.4943701330147496,0.8828125,256,256,256
context,eligibility,null,29,600,eligibility,beta_logit,256,0.0004561032763221622,0.0004561032763221622,0.9999999999999999,1.177683219022156e-15,1.0,256,256,256
context,eligibility,null,29,600,eligibility,recurrent_logit,1,0.008171241475211463,0.0014638397498784512,1.0,0.8208546700866446,1.0,1,1,1
context,eligibility,null,29,600,eligibility,combined_core,8471,0.1796943813711662,0.062156872014423284,0.5437287426082427,0.8622609678650628,0.8007319088655412,8471,8471,8471
context,eligibility,null,29,600,instantaneous,input.weight,1024,0.07859687121144948,0.02471555486058293,0.596626519363409,0.8506790610885806,0.923828125,512,1024,512
context,eligibility,null,29,600,instantaneous,input.bias,256,0.16137715870025646,0.01746298756676422,0.609832963329972,0.9379376757898168,0.78515625,256,256,256
context,eligibility,null,29,600,instantaneous,edge_log_gain,6678,0.0016362937028711975,0.0009151638096895404,0.6361009870835522,0.7754194724554869,0.7175801138065289,6678,6678,6678
context,eligibility,null,29,600,instantaneous,alpha_logit,256,0.0006004227195874725,0.0008161869904197793,0.3330645435215042,1.3936778459140788,0.61328125,256,256,256
context,eligibility,null,29,600,instantaneous,beta_logit,256,0.0004561032763221622,3.320555310822605e-05,0.8555227981823497,0.9384729528355837,0.84375,256,256,256
context,eligibility,null,29,600,instantaneous,recurrent_logit,1,0.008171241475211463,0.0008822744809315673,1.0,0.8920268745443317,1.0,1,1,1
context,eligibility,null,29,600,instantaneous,combined_core,8471,0.1796943813711662,0.030300128443519887,0.5300342703613529,0.9217828910552128,0.7337605226787285,7959,8471,7959
context,eligibility,null,41,600,eligibility,input.weight,1024,0.5620157632873878,0.16702297403881478,0.3245746984160008,0.9462565347692387,0.7666015625,1024,1024,1024
context,eligibility,null,41,600,eligibility,input.bias,256,1.0221282178744417,0.2816998228266576,0.6420898342448181,0.8497261448106397,0.81640625,256,256,256
context,eligibility,null,41,600,eligibility,edge_log_gain,6678,0.01362167787036108,0.002307856142993016,0.4253070996334515,0.940526125799367,0.716681641209943,6678,6678,6678
context,eligibility,null,41,600,eligibility,alpha_logit,256,0.0037890056436089693,0.0034511214371803494,0.8205251225786251,0.5786990658391515,0.84375,256,256,256
context,eligibility,null,41,600,eligibility,beta_logit,256,0.001781828125879853,0.0017818281258798528,0.9999999999999998,1.1809691324515656e-15,1.0,256,256,256
context,eligibility,null,41,600,eligibility,recurrent_logit,1,0.11098702294001705,0.01652429500063974,1.0,0.8511150712676536,1.0,1,1,1
context,eligibility,null,41,600,eligibility,combined_core,8471,1.1718058767573312,0.3279404331783903,0.5652299806445412,0.8728984245468946,0.738165505843466,8471,8471,8471
context,eligibility,null,41,600,instantaneous,input.weight,1024,0.5620157632873878,0.16577348167504702,0.18477442084360124,0.9889387189108304,0.71875,512,1024,512
context,eligibility,null,41,600,instantaneous,input.bias,256,1.0221282178744417,0.14674686134385007,0.5361098165964938,0.9309531883538252,0.82421875,256,256,256
context,eligibility,null,41,600,instantaneous,edge_log_gain,6678,0.01362167787036108,0.0014548316362470537,0.14036292979856688,0.990668733044558,0.6018268942797245,6678,6678,6678
context,eligibility,null,41,600,instantaneous,alpha_logit,256,0.0037890056436089693,0.0033640536686436284,0.7737241584035602,0.6437194507783983,0.7578125,256,256,256
context,eligibility,null,41,600,instantaneous,beta_logit,256,0.001781828125879853,0.00019950115772365612,0.18636900840206455,0.9852931806128036,0.609375,256,256,256
context,eligibility,null,41,600,instantaneous,recurrent_logit,1,0.11098702294001705,0.0041317380000697465,1.0,0.9627727828837904,1.0,1,1,1
context,eligibility,null,41,600,instantaneous,combined_core,8471,1.1718058767573312,0.22146338973457175,0.3780152376194154,0.9448988282198153,0.6218117854001759,7959,8471,7959
context,eligibility,measured,17,900,eligibility,input.weight,1024,0.24449106497437298,0.02977741748751168,0.13954359185061713,0.990375005977603,0.771484375,1024,1024,1024
context,eligibility,measured,17,900,eligibility,input.bias,256,0.4141863651508638,0.027493702289937978,0.5022401027842158,0.9683640247457789,0.765625,256,256,256
context,eligibility,measured,17,900,eligibility,edge_log_gain,6678,0.003753979390690491,0.0008407938541084864,0.21467179784207796,0.9767305414203359,0.7572626534890686,6678,6678,6678
context,eligibility,measured,17,900,eligibility,alpha_logit,256,0.0008011691639571519,0.0002470867832084905,0.49145883281561775,0.8899302853299078,0.81640625,256,256,256
context,eligibility,measured,17,900,eligibility,beta_logit,256,0.0004330497188318733,0.0004330497188318733,1.0,1.4947487380776542e-15,1.0,256,256,256
context,eligibility,measured,17,900,eligibility,recurrent_logit,1,0.0046814690842245,0.0003291393746471078,-1.0,1.0703068564003195,0.0,1,1,1
context,eligibility,measured,17,900,eligibility,combined_core,8471,0.481002145366659,0.04054210291541096,0.34534976630124364,0.9741085373073237,0.7682682091842757,8471,8471,8471
context,eligibility,measured,17,900,instantaneous,input.weight,1024,0.24449106497437298,0.015558042768119328,0.10304516714931472,0.9954571321354689,0.8828125,512,1024,512
context,eligibility,measured,17,900,instantaneous,input.bias,256,0.4141863651508638,0.013963976782429017,0.5974728684722627,0.9802295482921237,0.75,256,256,256
context,eligibility,measured,17,900,instantaneous,edge_log_gain,6678,0.003753979390690491,0.0005738121165486202,0.1690734213726302,0.9857369000615421,0.7078466606768493,6678,6678,6678
context,eligibility,measured,17,900,instantaneous,alpha_logit,256,0.0008011691639571519,0.0003650245299130316,0.2478043509014262,0.9908472067945122,0.6015625,256,256,256
context,eligibility,measured,17,900,instantaneous,beta_logit,256,0.0004330497188318733,5.208602483021109e-05,0.9048984787392916,0.8926305125528982,0.84375,256,256,256
context,eligibility,measured,17,900,instantaneous,recurrent_logit,1,0.0046814690842245,0.0008097195639785075,-1.0,1.1729627066655381,0.0,1,1,1
context,eligibility,measured,17,900,instantaneous,combined_core,8471,0.481002145366659,0.02093241993496344,0.38180584378641025,0.9842066479100653,0.7213217740922226,7959,8471,7959
context,eligibility,measured,29,900,eligibility,input.weight,1024,0.034682130304266,0.00979271517438018,0.38607728615786013,0.9282792623539728,0.7861328125,1024,1024,1024
context,eligibility,measured,29,900,eligibility,input.bias,256,0.06415591831099444,0.014430004972011374,0.4313261200102021,0.9255057565273789,0.7421875,256,256,256
context,eligibility,measured,29,900,eligibility,edge_log_gain,6678,0.001617923748182432,0.00047064817912392007,0.28945172089186505,0.957193704714055,0.7806229410002995,6678,6678,6678
context,eligibility,measured,29,900,eligibility,alpha_logit,256,0.0003832407191285756,0.0003297156681244229,0.6687398864426883,0.7677863738164982,0.8125,256,256,256
context,eligibility,measured,29,900,eligibility,beta_logit,256,0.0003907005415517947,0.0003907005415517946,1.0,2.2230728618809555e-15,1.0,256,256,256
context,eligibility,measured,29,900,eligibility,recurrent_logit,1,0.0006797595106767119,0.00017089800266252038,1.0,0.7485904941699328,1.0,1,1,1
context,eligibility,measured,29,900,eligibility,combined_core,8471,0.07295348715022698,0.017453778649610834,0.4170274463686561,0.9261180280380674,0.787746428993035,8471,8471,8471
context,eligibility,measured,29,900,instantaneous,input.weight,1024,0.034682130304266,0.007628337886334036,0.10656752105614994,1.0007492052125135,0.71484375,512,1024,512
context,eligibility,measured,29,900,instantaneous,input.bias,256,0.06415591831099444,0.007090731912254196,0.3268845391651491,0.9695146358844323,0.65625,256,256,256
context,eligibility,measured,29,900,instantaneous,edge_log_gain,6678,0.001617923748182432,0.00029635966731526023,0.24378972245218736,0.9717206281664555,0.6981132075471698,6678,6678,6678
context,eligibility,measured,29,900,instantaneous,alpha_logit,256,0.0003832407191285756,0.00041228307796874425,0.6516589147132137,0.8690340549195995,0.79296875,256,256,256
context,eligibility,measured,29,900,instantaneous,beta_logit,256,0.0003907005415517947,4.920132693532125e-05,0.9201426985287114,0.8854996144314562,0.7109375,256,256,256
context,eligibility,measured,29,900,instantaneous,recurrent_logit,1,0.0006797595106767119,0.0003226894121210763,1.0,0.5252888601737494,1.0,1,1,1
context,eligibility,measured,29,900,instantaneous,combined_core,8471,0.07295348715022698,0.01043237142626723,0.23303132267895757,0.9766278644031727,0.7013443899987436,7959,8471,7959
context,eligibility,measured,41,900,eligibility,input.weight,1024,0.01869589409046443,0.011316586612473126,0.6143378399449598,0.789094885158933,0.8486328125,1024,1024,1024
context,eligibility,measured,41,900,eligibility,input.bias,256,0.029865917980606643,0.008031118869830508,0.4636890309792885,0.9071565386823712,0.90234375,256,256,256
context,eligibility,measured,41,900,eligibility,edge_log_gain,6678,0.0006761472428908702,0.00028537760819920797,0.5129115494829483,0.8632351744300366,0.8171608265947888,6678,6678,6678
context,eligibility,measured,41,900,eligibility,alpha_logit,256,0.00027838983583630927,0.00018178109368567857,0.7289110938592769,0.6888070742110431,0.84375,256,256,256
context,eligibility,measured,41,900,eligibility,beta_logit,256,0.0003419689716321291,0.00034196897163212903,1.0,2.6178189784982776e-15,1.0,256,256,256
context,eligibility,measured,41,900,eligibility,recurrent_logit,1,0.0069144632241498845,0.00014528075936389703,1.0,0.9789888593439213,1.0,1,1,1
context,eligibility,measured,41,900,eligibility,combined_core,8471,0.03591616534537939,0.013885839437385018,0.4861466182869478,0.8795268002796576,0.8298902136701688,8471,8471,8471
context,eligibility,measured,41,900,instantaneous,input.weight,1024,0.01869589409046443,0.005093237391805044,0.2821774048824379,0.9594118056212573,0.724609375,512,1024,512
context,eligibility,measured,41,900,instantaneous,input.bias,256,0.029865917980606643,0.0035471779237890794,-0.05055770585076766,1.0129737521823752,0.671875,256,256,256
context,eligibility,measured,41,900,instantaneous,edge_log_gain,6678,0.0006761472428908702,0.000186375823087636,0.2239960326814255,0.9759576186717189,0.6752021563342318,6678,6678,6678
context,eligibility,measured,41,900,instantaneous,alpha_logit,256,0.00027838983583630927,0.0002468632163463367,0.6456158880085958,0.8008293004392634,0.7890625,256,256,256
context,eligibility,measured,41,900,instantaneous,beta_logit,256,0.0003419689716321291,3.194399757324521e-05,0.4795107555350825,0.9587187817225739,0.609375,256,256,256
context,eligibility,measured,41,900,instantaneous,recurrent_logit,1,0.0069144632241498845,2.318150670414489e-05,-1.0,1.0033526111793,0.0,1,1,1
context,eligibility,measured,41,900,instantaneous,combined_core,8471,0.03591616534537939,0.006214561412404585,0.09601632104975971,0.9983546055739433,0.6797336348787536,7959,8471,7959
context,eligibility,null,17,900,eligibility,input.weight,1024,0.06051684362156047,0.04070892265445833,0.6900788237194866,0.7239431442510293,0.7529296875,1024,1024,1024
context,eligibility,null,17,900,eligibility,input.bias,256,0.0887832301666227,0.03812907581088586,0.6840440802640535,0.7725900804354457,0.79296875,256,256,256
context,eligibility,null,17,900,eligibility,edge_log_gain,6678,0.0014935450674541401,0.0011549320947135237,0.8392580932124903,0.5477213222067362,0.8535489667565139,6678,6678,6678
context,eligibility,null,17,900,eligibility,alpha_logit,256,0.0006061991220122251,0.0006116536183709811,0.9489604825028845,0.32105838977831247,0.8671875,256,256,256
context,eligibility,null,17,900,eligibility,beta_logit,256,0.0005556416265858655,0.0005556416265858655,0.9999999999999998,1.1242957110462133e-15,1.0,256,256,256
context,eligibility,null,17,900,eligibility,recurrent_logit,1,0.0036179899899168497,0.0014214107950094907,1.0,0.6071269409338089,1.0,1,1,1
context,eligibility,null,17,900,eligibility,combined_core,8471,0.10752091454300555,0.05581290120067737,0.6703744886957872,0.7572881936096479,0.8444103411639712,8471,8471,8471
context,eligibility,null,17,900,instantaneous,input.weight,1024,0.06051684362156047,0.018731084369063053,0.09660980485703448,1.017839216222815,0.634765625,512,1024,512
context,eligibility,null,17,900,instantaneous,input.bias,256,0.0887832301666227,0.017130169986483344,0.7245896704521,0.8704120787132673,0.76953125,256,256,256
context,eligibility,null,17,900,instantaneous,edge_log_gain,6678,0.0014935450674541401,0.0008029734135396027,0.7651071229699732,0.6829035831011193,0.8270440251572327,6678,6678,6678
context,eligibility,null,17,900,instantaneous,alpha_logit,256,0.0006061991220122251,0.0010601170544315564,0.8560225691362221,1.0316323028119367,0.76953125,256,256,256
context,eligibility,null,17,900,instantaneous,beta_logit,256,0.0005556416265858655,3.5968816227457454e-05,0.47212504525697074,0.9711156139473198,0.73046875,256,256,256
context,eligibility,null,17,900,instantaneous,recurrent_logit,1,0.0036179899899168497,0.0009538155424351373,1.0,0.7363686618555132,1.0,1,1,1
context,eligibility,null,17,900,instantaneous,combined_core,8471,0.10752091454300555,0.025435721293555865,0.4447914555136928,0.9195208958372448,0.8078904384972987,7959,8471,7959
context,eligibility,null,29,900,eligibility,input.weight,1024,0.03537405787964954,0.03067132212680939,0.8597117415740325,0.5108323337791983,0.791015625,1024,1024,1024
context,eligibility,null,29,900,eligibility,input.bias,256,0.04064558223303114,0.009139137933178705,0.5757834649920663,0.8897348284323777,0.71484375,256,256,256
context,eligibility,null,29,900,eligibility,edge_log_gain,6678,0.0008484293973631399,0.0006925550683837374,0.829159736809908,0.559160124826156,0.7999401018268942,6678,6678,6678
context,eligibility,null,29,900,eligibility,alpha_logit,256,0.0002173447057029569,0.00019249115868640867,0.8257014086182014,0.5672838074223229,0.87109375,256,256,256
context,eligibility,null,29,900,eligibility,beta_logit,256,0.0003761534585621712,0.0003761534585621712,0.9999999999999997,1.4802010629366715e-15,1.0,256,256,256
context,eligibility,null,29,900,eligibility,recurrent_logit,1,0.0060713374443163975,0.0011484199059248147,1.0,0.8108456470328638,1.0,1,1,1
context,eligibility,null,29,900,eligibility,combined_core,8471,0.05423243519228551,0.03203483866420747,0.6643999145784162,0.7510027561775133,0.8045095030102704,8471,8471,8471
context,eligibility,null,29,900,instantaneous,input.weight,1024,0.03537405787964954,0.005706948006525692,0.46942187078811687,0.9351806324803463,0.8984375,512,1024,512
context,eligibility,null,29,900,instantaneous,input.bias,256,0.04064558223303114,0.004728388060806097,0.5894508529473297,0.9361565023568065,0.70703125,256,256,256
context,eligibility,null,29,900,instantaneous,edge_log_gain,6678,0.0008484293973631399,0.0004864766228373717,0.6927309024908592,0.7310043502419561,0.7027553159628631,6678,6678,6678
context,eligibility,null,29,900,instantaneous,alpha_logit,256,0.0002173447057029569,0.00046394493466829815,0.3038358779161294,2.063830571509799,0.63671875,256,256,256
context,eligibility,null,29,900,instantaneous,beta_logit,256,0.0003761534585621712,2.2152307130840722e-05,0.9048550648697885,0.9470434884594521,0.875,256,256,256
context,eligibility,null,29,900,instantaneous,recurrent_logit,1,0.0060713374443163975,0.0007299348863617324,1.0,0.8797736259833406,1.0,1,1,1
context,eligibility,null,29,900,instantaneous,combined_core,8471,0.05423243519228551,0.007477440021342325,0.5247761602729246,0.9350403460824113,0.7189345395150144,7959,8471,7959
context,eligibility,null,41,900,eligibility,input.weight,1024,0.06446007756308535,0.03719904323083957,0.5843019280208732,0.8115684313183863,0.7705078125,1024,1024,1024
context,eligibility,null,41,900,eligibility,input.bias,256,0.09559266223751638,0.054835690682984495,0.6112942469403466,0.7922987140038278,0.76953125,256,256,256
context,eligibility,null,41,900,eligibility,edge_log_gain,6678,0.001497282699371347,0.0009657045235284551,0.6918981214836563,0.7235185598039529,0.7427373465109314,6678,6678,6678
context,eligibility,null,41,900,eligibility,alpha_logit,256,0.0007540441719815465,0.0007088673163335397,0.9497671149565964,0.31310721330203684,0.88671875,256,256,256
context,eligibility,null,41,900,eligibility,beta_logit,256,0.0004511112942981315,0.00045111129429813146,1.0,1.7012984152049941e-15,1.0,256,256,256
context,eligibility,null,41,900,eligibility,recurrent_logit,1,0.004079473016166837,0.00014458167367523985,-1.0,1.0354412624136173,0.0,1,1,1
context,eligibility,null,41,900,eligibility,combined_core,8471,0.1153807380487726,0.06627504261280376,0.6024076586637109,0.7986797064094538,0.7589422736394759,8471,8471,8471
context,eligibility,null,41,900,instantaneous,input.weight,1024,0.06446007756308535,0.026691702788941007,0.30550595808036374,0.9583604128982111,0.638671875,512,1024,512
context,eligibility,null,41,900,instantaneous,input.bias,256,0.09559266223751638,0.02579474522820274,0.33551755063967015,0.9443206471696424,0.69921875,256,256,256
context,eligibility,null,41,900,instantaneous,edge_log_gain,6678,0.001497282699371347,0.0007327814073736176,0.5282718740163492,0.8499642730195585,0.6717580113806529,6678,6678,6678
context,eligibility,null,41,900,instantaneous,alpha_logit,256,0.0007540441719815465,0.0009581841944769655,0.8497536344625846,0.674638592279411,0.828125,256,256,256
context,eligibility,null,41,900,instantaneous,beta_logit,256,0.0004511112942981315,5.99165718613984e-05,0.23263485830096894,0.9776727683771426,0.625,256,256,256
context,eligibility,null,41,900,instantaneous,recurrent_logit,1,0.004079473016166837,0.0002876187947587022,1.0,0.9294960908875051,1.0,1,1,1
context,eligibility,null,41,900,instantaneous,combined_core,8471,0.1153807380487726,0.03713969950429417,0.3162803663001242,0.9486823376820133,0.6740796582485237,7959,8471,7959
context,instantaneous,measured,17,0,eligibility,input.weight,1024,0.7012742747358017,0.39030911277607744,0.5589116625758744,0.829230505276007,0.79296875,1024,1024,1024
context,instantaneous,measured,17,0,eligibility,input.bias,256,2.0340457725563272,0.891327561519912,0.5194412206781754,0.8583590501237335,0.859375,256,256,256
context,instantaneous,measured,17,0,eligibility,edge_log_gain,6678,0.010387988801031325,0.0031035078491095727,0.4040178572949232,0.9207871324308742,0.7816711590296496,6678,6678,6678
context,instantaneous,measured,17,0,eligibility,alpha_logit,256,0.00934901591447904,0.0092129812109855,0.9765106706932336,0.2156543743097202,0.94921875,256,256,256
context,instantaneous,measured,17,0,eligibility,beta_logit,256,0.0013198489932145499,0.0013198489932145497,0.9999999999999998,8.120712257546888e-16,1.0,256,256,256
context,instantaneous,measured,17,0,eligibility,recurrent_logit,1,0.030370070105436,0.005001934586542436,1.0,0.8353005255115585,1.0,1,1,1
context,instantaneous,measured,17,0,eligibility,combined_core,8471,2.151800922676156,0.9731018947550245,0.5229327083509279,0.8553015362543601,0.7970723645378349,8471,8471,8471
context,instantaneous,measured,17,0,instantaneous,input.weight,1024,0.7012742747358017,0.38330936137542126,0.5333002927190471,0.8460303828057578,0.73046875,512,1024,512
context,instantaneous,measured,17,0,instantaneous,input.bias,256,2.0340457725563272,0.3817829546196295,0.5097208629548262,0.9186318265817811,0.8125,256,256,256
context,instantaneous,measured,17,0,instantaneous,edge_log_gain,6678,0.010387988801031325,0.002047232756868842,0.36003907298423027,0.9470631086534455,0.7383947289607667,6678,6678,6678
context,instantaneous,measured,17,0,instantaneous,alpha_logit,256,0.00934901591447904,0.0093238931343183,0.9677647327206712,0.25358333880772405,0.9296875,256,256,256
context,instantaneous,measured,17,0,instantaneous,beta_logit,256,0.0013198489932145499,0.0006249067638543813,0.36931934205032796,0.9351204444166049,0.6015625,256,256,256
context,instantaneous,measured,17,0,instantaneous,recurrent_logit,1,0.030370070105436,0.003308378682001136,1.0,0.8910645029624426,1.0,1,1,1
context,instantaneous,measured,17,0,instantaneous,combined_core,8471,2.151800922676156,0.541097729600888,0.4632495299802549,0.9111824858775912,0.7420530217363991,7959,8471,7959
context,instantaneous,measured,29,0,eligibility,input.weight,1024,0.4867993008941621,0.2713752059942655,0.5588947378515763,0.8292398365773739,0.796875,1024,1024,1024
context,instantaneous,measured,29,0,eligibility,input.bias,256,2.103767186693906,0.6834485543653472,0.3992890508774449,0.9198405356959094,0.82421875,256,256,256
context,instantaneous,measured,29,0,eligibility,edge_log_gain,6678,0.008160238882427,0.002549434117992136,0.44473005074510474,0.9053843013181261,0.7867625037436358,6678,6678,6678
context,instantaneous,measured,29,0,eligibility,alpha_logit,256,0.006826594199894155,0.006444193602869656,0.9604130177668937,0.2790640751133592,0.9296875,256,256,256
context,instantaneous,measured,29,0,eligibility,beta_logit,256,0.0012884840376733678,0.0012884840376733678,1.0,5.999725259782667e-16,1.0,256,256,256
context,instantaneous,measured,29,0,eligibility,recurrent_logit,1,0.012365646140923772,0.005625192925101453,1.0,0.5450951077691744,1.0,1,1,1
context,instantaneous,measured,29,0,eligibility,combined_core,8471,2.1594160545026115,0.7354099259083918,0.4080839083102841,0.9154381750583193,0.7999055601463818,8471,8471,8471
context,instantaneous,measured,29,0,instantaneous,input.weight,1024,0.4867993008941621,0.25862045075394646,0.5350931641916147,0.8448017190062033,0.869140625,512,1024,512
context,instantaneous,measured,29,0,instantaneous,input.bias,256,2.103767186693906,0.2578836596695437,0.4343195691805378,0.9531772770838696,0.76953125,256,256,256
context,instantaneous,measured,29,0,instantaneous,edge_log_gain,6678,0.008160238882427,0.0013747465772969672,0.4064142179490812,0.9441638901291801,0.7333033842467804,6678,6678,6678
context,instantaneous,measured,29,0,instantaneous,alpha_logit,256,0.006826594199894155,0.006466255706070009,0.9506167099479772,0.31038595188668855,0.93359375,256,256,256
context,instantaneous,measured,29,0,instantaneous,beta_logit,256,0.0012884840376733678,0.00041954122618217114,0.46954447050331755,0.894564465287932,0.65234375,256,256,256
context,instantaneous,measured,29,0,instantaneous,recurrent_logit,1,0.012365646140923772,0.0037322822228851374,1.0,0.698173295568175,1.0,1,1,1
context,instantaneous,measured,29,0,instantaneous,combined_core,8471,2.1594160545026115,0.36530306296166076,0.3842209136801897,0.9479568823280249,0.7470787787410479,7959,8471,7959
context,instantaneous,measured,41,0,eligibility,input.weight,1024,0.9307369775125593,0.43161203563950895,0.466653243125743,0.8844451861945479,0.7431640625,1024,1024,1024
context,instantaneous,measured,41,0,eligibility,input.bias,256,5.9144340311260475,0.7317473481521514,0.457575380537525,0.9497803189571854,0.83203125,256,256,256
context,instantaneous,measured,41,0,eligibility,edge_log_gain,6678,0.01326942324459042,0.003432691373303209,0.4048910083247768,0.9259791959414413,0.7791254866726565,6678,6678,6678
context,instantaneous,measured,41,0,eligibility,alpha_logit,256,0.008269810840272842,0.008013723831143741,0.963214477088755,0.2687968234159035,0.93359375,256,256,256
context,instantaneous,measured,41,0,eligibility,beta_logit,256,0.0019829645499516006,0.0019829645499516006,0.9999999999999998,4.2493407737590675e-16,1.0,256,256,256
context,instantaneous,measured,41,0,eligibility,recurrent_logit,1,0.07386096867328161,0.0096547498855918,1.0,0.869284819045647,1.0,1,1,1
context,instantaneous,measured,41,0,eligibility,combined_core,8471,5.987696140591763,0.8496565661018873,0.42625958716788476,0.9482420066902403,0.787746428993035,8471,8471,8471
context,instantaneous,measured,41,0,instantaneous,input.weight,1024,0.9307369775125593,0.4255773745081453,0.4475304236976738,0.894321500354779,0.744140625,512,1024,512
context,instantaneous,measured,41,0,instantaneous,input.bias,256,5.9144340311260475,0.424107781010417,0.5544583882295269,0.9620938416969966,0.77734375,256,256,256
context,instantaneous,measured,41,0,instantaneous,edge_log_gain,6678,0.01326942324459042,0.002310409692880113,0.4315863537425446,0.938096242144529,0.7115902964959568,6678,6678,6678
context,instantaneous,measured,41,0,instantaneous,alpha_logit,256,0.008269810840272842,0.00820373515099151,0.9603402987412796,0.28062337991002234,0.91796875,256,256,256
context,instantaneous,measured,41,0,instantaneous,beta_logit,256,0.0019829645499516006,0.00047536442028506227,0.49256878971751117,0.9062595750219762,0.65234375,256,256,256
context,instantaneous,measured,41,0,instantaneous,recurrent_logit,1,0.07386096867328161,0.006382431156299578,1.0,0.9135885803971543,1.0,1,1,1
context,instantaneous,measured,41,0,instantaneous,combined_core,8471,5.987696140591763,0.6009135647237455,0.4359529994118369,0.9605045268453226,0.7205679105415254,7959,8471,7959
context,instantaneous,null,17,0,eligibility,input.weight,1024,0.417849934634848,0.40829871058140976,0.9721074652703259,0.23458990229485296,0.8173828125,1024,1024,1024
context,instantaneous,null,17,0,eligibility,input.bias,256,0.9891709752016775,0.917151193030427,0.8886948001626817,0.4601125615479113,0.87109375,256,256,256
context,instantaneous,null,17,0,eligibility,edge_log_gain,6678,0.003758800490861509,0.003321509238577676,0.8735208540458744,0.48689235033599293,0.8002395926924228,6678,6678,6678
context,instantaneous,null,17,0,eligibility,alpha_logit,256,0.009577820953212078,0.00958080168502784,0.9983909509893499,0.056737962463680396,0.98046875,256,256,256
context,instantaneous,null,17,0,eligibility,beta_logit,256,0.0013769700214937724,0.0013769700214937724,1.0,5.869856168110145e-16,1.0,256,256,256
context,instantaneous,null,17,0,eligibility,recurrent_logit,1,0.011856808831723211,0.005421869945176145,1.0,0.542720978121045,1.0,1,1,1
context,instantaneous,null,17,0,eligibility,combined_core,8471,1.0739209138727301,1.003996147823422,0.9017320430903908,0.4335650619495935,0.8159603352614804,8471,8471,8471
context,instantaneous,null,17,0,instantaneous,input.weight,1024,0.417849934634848,0.39386243184777275,0.9424752669754454,0.33427591149433433,0.806640625,512,1024,512
context,instantaneous,null,17,0,instantaneous,input.bias,256,0.9891709752016775,0.3934271163869841,0.75173321936067,0.7484734329591433,0.83984375,256,256,256
context,instantaneous,null,17,0,instantaneous,edge_log_gain,6678,0.003758800490861509,0.0023389181334050302,0.7823965381994754,0.6430413554953777,0.7322551662174304,6678,6678,6678
context,instantaneous,null,17,0,instantaneous,alpha_logit,256,0.009577820953212078,0.009578068660361478,0.9842429340529816,0.1775244985899973,0.95703125,256,256,256
context,instantaneous,null,17,0,instantaneous,beta_logit,256,0.0013769700214937724,0.0006896973978664584,0.5931246253683651,0.8103777897584937,0.640625,256,256,256
context,instantaneous,null,17,0,instantaneous,recurrent_logit,1,0.011856808831723211,0.003335053335100884,1.0,0.7187225178010918,1.0,1,1,1
context,instantaneous,null,17,0,instantaneous,combined_core,8471,1.0739209138727301,0.5567955812775142,0.7488782125124793,0.7016191636954631,0.7448171880889559,7959,8471,7959
context,instantaneous,null,29,0,eligibility,input.weight,1024,0.219733448104267,0.21014391217577538,0.9527206510333295,0.30386936956512295,0.853515625,1024,1024,1024
context,instantaneous,null,29,0,eligibility,input.bias,256,0.5602713579542856,0.4869993900079457,0.8630114608970203,0.5052224969417135,0.828125,256,256,256
context,instantaneous,null,29,0,eligibility,edge_log_gain,6678,0.002961793518627988,0.0027511130928962887,0.9118769369177477,0.4108151941125415,0.8403713686732555,6678,6678,6678
context,instantaneous,null,29,0,eligibility,alpha_logit,256,0.004857962757332748,0.00480490356585855,0.9956715126636023,0.09317571946090139,0.96875,256,256,256
context,instantaneous,null,29,0,eligibility,beta_logit,256,0.001240848771999051,0.001240848771999051,1.0,6.99992397371371e-16,1.0,256,256,256
context,instantaneous,null,29,0,eligibility,recurrent_logit,1,0.008446822658636662,0.0013991998332643842,1.0,0.8343519344716279,1.0,1,1,1
context,instantaneous,null,29,0,eligibility,combined_core,8471,0.6019070055261279,0.5304366341798299,0.8754586194474576,0.4833279041532589,0.8503128320151104,8471,8471,8471
context,instantaneous,null,29,0,instantaneous,input.weight,1024,0.219733448104267,0.17643638218555793,0.8353265772437248,0.5507062162571635,0.876953125,512,1024,512
context,instantaneous,null,29,0,instantaneous,input.bias,256,0.5602713579542856,0.17454448121920502,0.764971462073537,0.7876691761119752,0.8359375,256,256,256
context,instantaneous,null,29,0,instantaneous,edge_log_gain,6678,0.002961793518627988,0.0016426474409579177,0.815537410737686,0.6348075202417703,0.7836178496555855,6678,6678,6678
context,instantaneous,null,29,0,instantaneous,alpha_logit,256,0.004857962757332748,0.005118921431221642,0.9567891453014988,0.3065121199169693,0.95703125,256,256,256
context,instantaneous,null,29,0,instantaneous,beta_logit,256,0.001240848771999051,0.00032953082952898497,0.4657620888677872,0.9072722821365351,0.6328125,256,256,256
context,instantaneous,null,29,0,instantaneous,recurrent_logit,1,0.008446822658636662,0.0010410675501139961,1.0,0.8767503957183793,1.0,1,1,1
context,instantaneous,null,29,0,instantaneous,combined_core,8471,0.6019070055261279,0.24824517506339508,0.7176377476125397,0.7603598846451476,0.7920593039326549,7959,8471,7959
context,instantaneous,null,41,0,eligibility,input.weight,1024,0.32875182642564643,0.3241282567095566,0.9879216587956998,0.15496689637429129,0.8115234375,1024,1024,1024
context,instantaneous,null,41,0,eligibility,input.bias,256,0.668191500496436,0.5485899577952738,0.881954490813078,0.47525873173522765,0.86328125,256,256,256
context,instantaneous,null,41,0,eligibility,edge_log_gain,6678,0.0027844818063557184,0.0024188951347078025,0.8860317739213405,0.4639481538491623,0.8388739143456124,6678,6678,6678
context,instantaneous,null,41,0,eligibility,alpha_logit,256,0.006165127895509791,0.006101740602321411,0.9962501411485838,0.08676589031464542,0.97265625,256,256,256
context,instantaneous,null,41,0,eligibility,beta_logit,256,0.0011361624887867034,0.0011361624887867034,1.0,6.861008456593415e-16,1.0,256,256,256
context,instantaneous,null,41,0,eligibility,recurrent_logit,1,0.009550562910963449,0.001201071486821798,1.0,0.8742407648618237,1.0,1,1,1
context,instantaneous,null,41,0,eligibility,combined_core,8471,0.7447791021315601,0.6372251441377403,0.9031314520535892,0.43198821979820323,0.8452366898831307,8471,8471,8471
context,instantaneous,null,41,0,instantaneous,input.weight,1024,0.32875182642564643,0.31333655393844034,0.9556025399753906,0.2946693059255634,0.80078125,512,1024,512
context,instantaneous,null,41,0,instantaneous,input.bias,256,0.668191500496436,0.3128276724653398,0.8064811393134379,0.6812063824298317,0.83203125,256,256,256
context,instantaneous,null,41,0,instantaneous,edge_log_gain,6678,0.0027844818063557184,0.0021629448056953975,0.764771089331939,0.6444140939748487,0.7807726864330637,6678,6678,6678
context,instantaneous,null,41,0,instantaneous,alpha_logit,256,0.006165127895509791,0.006328821523213768,0.9718161599922852,0.24201097658055998,0.94140625,256,256,256
context,instantaneous,null,41,0,instantaneous,beta_logit,256,0.0011361624887867034,0.00034888908774980873,0.4343871431149433,0.9096789243296847,0.5859375,256,256,256
context,instantaneous,null,41,0,instantaneous,recurrent_logit,1,0.009550562910963449,0.0015482169587979313,1.0,0.8378925961504662,1.0,1,1,1
context,instantaneous,null,41,0,instantaneous,combined_core,8471,0.7447791021315601,0.44281847263359664,0.8097946332275989,0.6249456704426465,0.7826360095489383,7959,8471,7959
context,instantaneous,measured,17,300,eligibility,input.weight,1024,1.6729296303559613,0.11587214578491817,0.0856584265608004,0.9964594540489785,0.7978515625,1024,1024,1024
context,instantaneous,measured,17,300,eligibility,input.bias,256,3.415080467896265,0.15223947980710995,0.5844139645769811,0.9746191805943563,0.796875,256,256,256
context,instantaneous,measured,17,300,eligibility,edge_log_gain,6678,0.02583243938455267,0.002689040621067036,0.12875053875406595,0.9919834524051461,0.7187780772686433,6678,6678,6678
context,instantaneous,measured,17,300,eligibility,alpha_logit,256,0.0039564149032050595,0.0012793588253395454,0.3281444832999657,0.9446396451199659,0.8125,256,256,256
context,instantaneous,measured,17,300,eligibility,beta_logit,256,0.0012414329395824117,0.0012414329395824117,1.0,8.907840542086054e-16,1.0,256,256,256
context,instantaneous,measured,17,300,eligibility,recurrent_logit,1,0.0904548932906635,0.0042260213860135405,1.0,0.9532803452386612,1.0,1,1,1
context,instantaneous,measured,17,300,eligibility,combined_core,8471,3.803989320088703,0.1913935252084171,0.4406808912004852,0.9788701357313673,0.7420611498052178,8471,8471,8471
context,instantaneous,measured,17,300,instantaneous,input.weight,1024,1.6729296303559613,0.08659261710444727,0.06725351985121131,0.9978561921771566,0.8984375,512,1024,512
context,instantaneous,measured,17,300,instantaneous,input.bias,256,3.415080467896265,0.08456456775532492,0.6789962349232078,0.9833546739812249,0.8203125,256,256,256
context,instantaneous,measured,17,300,instantaneous,edge_log_gain,6678,0.02583243938455267,0.0017759363185085202,0.10751050025444546,0.994959295863743,0.6766996106618748,6678,6678,6678
context,instantaneous,measured,17,300,instantaneous,alpha_logit,256,0.0039564149032050595,0.0016021124939556393,0.17383484332984306,1.0115291671522708,0.65625,256,256,256
context,instantaneous,measured,17,300,instantaneous,beta_logit,256,0.0012414329395824117,0.00016385680972211383,0.8495078212815005,0.8905999088002722,0.78515625,256,256,256
context,instantaneous,measured,17,300,instantaneous,recurrent_logit,1,0.0904548932906635,0.0018679050355036191,1.0,0.9793498729858496,1.0,1,1,1
context,instantaneous,measured,17,300,instantaneous,combined_core,8471,3.803989320088703,0.12107305269616687,0.44729905937614767,0.9861743367307865,0.6984545797210705,7959,8471,7959
context,instantaneous,measured,29,300,eligibility,input.weight,1024,0.8673025558951157,0.2030227410692025,0.22326487030510925,0.9748178693685777,0.771484375,1024,1024,1024
context,instantaneous,measured,29,300,eligibility,input.bias,256,2.4962016558278535,0.39954221339626433,0.42848010771758555,0.9425784389577401,0.78515625,256,256,256
context,instantaneous,measured,29,300,eligibility,edge_log_gain,6678,0.027414502563074684,0.002644981385656572,0.29274251398332396,0.9761251778355428,0.7596585804132974,6678,6678,6678
context,instantaneous,measured,29,300,eligibility,alpha_logit,256,0.007694212115922656,0.003176096701835895,0.44020293420214524,0.8983166619527688,0.8359375,256,256,256
context,instantaneous,measured,29,300,eligibility,beta_logit,256,0.0011979755375892533,0.001197975537589254,1.0,1.0514562665992039e-15,1.0,256,256,256
context,instantaneous,measured,29,300,eligibility,recurrent_logit,1,0.3473456625223575,0.013677910981036188,1.0,0.9606216157077943,1.0,1,1,1
context,instantaneous,measured,29,300,eligibility,combined_core,8471,2.6654638677515896,0.4483947118196447,0.3944484038669073,0.9463551053582444,0.7714555542438909,8471,8471,8471
context,instantaneous,measured,29,300,instantaneous,input.weight,1024,0.8673025558951157,0.2016024126569755,0.21686975911273934,0.9763248318312274,0.734375,512,1024,512
context,instantaneous,measured,29,300,instantaneous,input.bias,256,2.4962016558278535,0.20050848378628786,0.39247142879859037,0.9712884736460945,0.76953125,256,256,256
context,instantaneous,measured,29,300,instantaneous,edge_log_gain,6678,0.027414502563074684,0.00160556231480451,0.34221717245221317,0.981501553843715,0.6877807726864331,6678,6678,6678
context,instantaneous,measured,29,300,instantaneous,alpha_logit,256,0.007694212115922656,0.0033521290037557853,0.42362889963021044,0.9059158444586556,0.75390625,256,256,256
context,instantaneous,measured,29,300,instantaneous,beta_logit,256,0.0011979755375892533,0.0002289023055619637,0.17934878461909431,0.9838554266486803,0.6171875,256,256,256
context,instantaneous,measured,29,300,instantaneous,recurrent_logit,1,0.3473456625223575,0.012501649867986516,1.0,0.9640080438108772,1.0,1,1,1
context,instantaneous,measured,29,300,instantaneous,combined_core,8471,2.6654638677515896,0.28463545651285443,0.31465460410268553,0.9717003882587846,0.6933031787913054,7959,8471,7959
context,instantaneous,measured,41,300,eligibility,input.weight,1024,0.7428902221608651,0.13649504757087202,0.23029781321779433,0.9742335442215814,0.814453125,1024,1024,1024
context,instantaneous,measured,41,300,eligibility,input.bias,256,2.707633804932809,0.22558021328714278,0.5238200612366525,0.9589886867948643,0.77734375,256,256,256
context,instantaneous,measured,41,300,eligibility,edge_log_gain,6678,0.013120537328006394,0.0030272418326198016,0.26481117600259724,0.964902522550079,0.7240191674153938,6678,6678,6678
context,instantaneous,measured,41,300,eligibility,alpha_logit,256,0.002607869045594899,0.001046212232560563,0.33892317469121147,0.9428713533614601,0.76171875,256,256,256
context,instantaneous,measured,41,300,eligibility,beta_logit,256,0.00290775147418222,0.00290775147418222,1.0,1.07408873730296e-15,1.0,256,256,256
context,instantaneous,measured,41,300,eligibility,recurrent_logit,1,0.08800272160874269,0.006937563349969402,1.0,0.9211664909545231,1.0,1,1,1
context,instantaneous,measured,41,300,eligibility,combined_core,8471,2.8091099279499643,0.26378812368085613,0.46413168028404916,0.9600260061286365,0.7460748435839925,8471,8471,8471
context,instantaneous,measured,41,300,instantaneous,input.weight,1024,0.7428902221608651,0.06553281623902353,0.08211316637833774,0.9966416807642018,0.8046875,512,1024,512
context,instantaneous,measured,41,300,instantaneous,input.bias,256,2.707633804932809,0.058965602305222964,0.6778583741556887,0.9853679952731847,0.69921875,256,256,256
context,instantaneous,measured,41,300,instantaneous,edge_log_gain,6678,0.013120537328006394,0.0010925779853643719,0.23035301026955576,0.9841596471547794,0.6012279125486673,6678,6678,6678
context,instantaneous,measured,41,300,instantaneous,alpha_logit,256,0.002607869045594899,0.0011070098181417047,0.266354561258165,0.9767607267731903,0.7109375,256,256,256
context,instantaneous,measured,41,300,instantaneous,beta_logit,256,0.00290775147418222,0.00039710145817315536,0.747450230269288,0.9024949186870938,0.7265625,256,256,256
context,instantaneous,measured,41,300,instantaneous,recurrent_logit,1,0.08800272160874269,0.008153711802317717,1.0,0.9073470495768431,1.0,1,1,1
context,instantaneous,measured,41,300,instantaneous,combined_core,8471,2.8091099279499643,0.08854689244999084,0.454072497186557,0.9860870411674749,0.6250785274531976,7959,8471,7959
context,instantaneous,null,17,300,eligibility,input.weight,1024,0.10623760725531634,0.07238324225074116,0.7355037753295269,0.6796827301825333,0.810546875,1024,1024,1024
context,instantaneous,null,17,300,eligibility,input.bias,256,0.06216883724816879,0.040079107779080816,0.8392673812772975,0.5774892852059056,0.796875,256,256,256
context,instantaneous,null,17,300,eligibility,edge_log_gain,6678,0.0026030259059701805,0.0021209461167727406,0.8635818792354357,0.5065629149351075,0.8754117999401019,6678,6678,6678
context,instantaneous,null,17,300,eligibility,alpha_logit,256,0.0008225425692415884,0.0008541082606921581,0.9326701941270639,0.37589888855363457,0.87890625,256,256,256
context,instantaneous,null,17,300,eligibility,beta_logit,256,0.0008652109535264703,0.0008652109535264703,1.0,8.141592978389041e-16,1.0,256,256,256
context,instantaneous,null,17,300,eligibility,recurrent_logit,1,0.00583212813398871,0.0003704409030744955,1.0,0.9364827221618084,1.0,1,1,1
context,instantaneous,null,17,300,eligibility,combined_core,8471,0.12326235495411755,0.08277549377022567,0.7601025535735619,0.6558106352060603,0.869082752921733,8471,8471,8471
context,instantaneous,null,17,300,instantaneous,input.weight,1024,0.10623760725531634,0.02831068797992842,0.1929562868021539,0.9839584780802962,0.6875,512,1024,512
context,instantaneous,null,17,300,instantaneous,input.bias,256,0.06216883724816879,0.022814865656990008,0.8051613388985766,0.7373710391321968,0.78515625,256,256,256
context,instantaneous,null,17,300,instantaneous,edge_log_gain,6678,0.0026030259059701805,0.0014100364503864208,0.7945023308478778,0.6577837567891968,0.8442647499251272,6678,6678,6678
context,instantaneous,null,17,300,instantaneous,alpha_logit,256,0.0008225425692415884,0.0017040716065208595,0.8504470437785878,1.3297476437087097,0.7890625,256,256,256
context,instantaneous,null,17,300,instantaneous,beta_logit,256,0.0008652109535264703,4.056136287406271e-05,0.6606009628672193,0.969669737744837,0.8125,256,256,256
context,instantaneous,null,17,300,instantaneous,recurrent_logit,1,0.00583212813398871,0.0006436158007193415,1.0,0.8896430623723008,1.0,1,1,1
context,instantaneous,null,17,300,instantaneous,combined_core,8471,0.12326235495411755,0.036432418231542474,0.38529269292406476,0.9271461837325415,0.8295011936172886,7959,8471,7959
context,instantaneous,null,29,300,eligibility,input.weight,1024,0.0989373250226611,0.05591487382777205,0.6794311323570851,0.7425850029018114,0.8134765625,1024,1024,1024
context,instantaneous,null,29,300,eligibility,input.bias,256,0.1683716060168788,0.05409306649137492,0.5547588841874083,0.864152041137666,0.7734375,256,256,256
context,instantaneous,null,29,300,eligibility,edge_log_gain,6678,0.0018724849045990493,0.0012094919187981613,0.7631242417771694,0.6567923296353602,0.8101227912548667,6678,6678,6678
context,instantaneous,null,29,300,eligibility,alpha_logit,256,0.000766827129224938,0.0007587283716851432,0.9058929921123442,0.43166857394025904,0.890625,256,256,256
context,instantaneous,null,29,300,eligibility,beta_logit,256,0.0005350341813061288,0.000535034181306129,1.0,1.1283135319847128e-15,1.0,256,256,256
context,instantaneous,null,29,300,eligibility,recurrent_logit,1,0.004271415402414128,0.0010851343341714743,1.0,0.7459543893674739,1.0,1,1,1
context,instantaneous,null,29,300,eligibility,combined_core,8471,0.19534640378062246,0.07782053247799048,0.5800852641394418,0.8345782205162002,0.8176130326997993,8471,8471,8471
context,instantaneous,null,29,300,instantaneous,input.weight,1024,0.0989373250226611,0.03189614579023294,0.3300443794860712,0.9439964709087634,0.724609375,512,1024,512
context,instantaneous,null,29,300,instantaneous,input.bias,256,0.1683716060168788,0.03033228471723614,0.6101591571246335,0.9014504776378719,0.7109375,256,256,256
context,instantaneous,null,29,300,instantaneous,edge_log_gain,6678,0.0018724849045990493,0.0009444847369545037,0.7140706196926224,0.7307969405978908,0.7681940700808625,6678,6678,6678
context,instantaneous,null,29,300,instantaneous,alpha_logit,256,0.000766827129224938,0.0012810232112775407,0.7422208886103087,1.144946922822625,0.77734375,256,256,256
context,instantaneous,null,29,300,instantaneous,beta_logit,256,0.0005350341813061288,4.4538341084440795e-05,0.4510554301611214,0.9653156519986389,0.6875,256,256,256
context,instantaneous,null,29,300,instantaneous,recurrent_logit,1,0.004271415402414128,0.0007540944164406839,1.0,0.8234556123915077,1.0,1,1,1
context,instantaneous,null,29,300,instantaneous,combined_core,8471,0.19534640378062246,0.04405128064401961,0.483761400678788,0.9125086825591235,0.7612765422791808,7959,8471,7959
context,instantaneous,null,41,300,eligibility,input.weight,1024,0.09656253252150204,0.07242754330479442,0.7275201200182386,0.6864564452384119,0.8203125,1024,1024,1024
context,instantaneous,null,41,300,eligibility,input.bias,256,0.10830438715827667,0.09886137540926383,0.8748641953775282,0.4858524026973962,0.87109375,256,256,256
context,instantaneous,null,41,300,eligibility,edge_log_gain,6678,0.0019382586398878547,0.0013881371191133206,0.7304540957672588,0.6831109988529424,0.7837675950883498,6678,6678,6678
context,instantaneous,null,41,300,eligibility,alpha_logit,256,0.001285464717710863,0.0012593595318409782,0.9625208050111038,0.27175089825575904,0.92578125,256,256,256
context,instantaneous,null,41,300,eligibility,beta_logit,256,0.0006061996678916321,0.0006061996678916321,1.0,1.0086244838345414e-15,1.0,256,256,256
context,instantaneous,null,41,300,eligibility,recurrent_logit,1,0.007616828814807997,0.0007174279653774528,1.0,0.9058101497590848,1.0,1,1,1
context,instantaneous,null,41,300,eligibility,combined_core,8471,0.14532018369800895,0.12257126771390606,0.812075485052413,0.5843955687765443,0.8016763074017236,8471,8471,8471
context,instantaneous,null,41,300,instantaneous,input.weight,1024,0.09656253252150204,0.05175696837171407,0.5019950444992377,0.8655385176992972,0.76171875,512,1024,512
context,instantaneous,null,41,300,instantaneous,input.bias,256,0.10830438715827667,0.050886605851602894,0.5917469921510367,0.815288199175346,0.84765625,256,256,256
context,instantaneous,null,41,300,instantaneous,edge_log_gain,6678,0.0019382586398878547,0.0012081330945754368,0.5655798079380726,0.8267116082915846,0.7346510931416592,6678,6678,6678
context,instantaneous,null,41,300,instantaneous,alpha_logit,256,0.001285464717710863,0.0016501700380017331,0.8519018892376655,0.6787676559622898,0.828125,256,256,256
context,instantaneous,null,41,300,instantaneous,beta_logit,256,0.0006061996678916321,9.152008328821701e-05,0.2708353517040817,0.9700593160522787,0.6640625,256,256,256
context,instantaneous,null,41,300,instantaneous,recurrent_logit,1,0.007616828814807997,0.0003343143092829463,1.0,0.9561084648990666,1.0,1,1,1
context,instantaneous,null,41,300,instantaneous,combined_core,8471,0.14532018369800895,0.07261221122399847,0.5473660055547591,0.838251343961828,0.7407965824852368,7959,8471,7959
context,instantaneous,measured,17,600,eligibility,input.weight,1024,0.18506324132254434,0.028875985143945182,0.15667272572250535,0.9876507814900383,0.8095703125,1024,1024,1024
context,instantaneous,measured,17,600,eligibility,input.bias,256,0.34309369780466115,0.022524046187540173,0.47877774410724694,0.9702816793741494,0.83984375,256,256,256
context,instantaneous,measured,17,600,eligibility,edge_log_gain,6678,0.003319941862853145,0.0008621075211464089,0.3018422459712417,0.9542899423557157,0.7749326145552561,6678,6678,6678
context,instantaneous,measured,17,600,eligibility,alpha_logit,256,0.0006372910090073499,0.0003105624246202248,0.48455772049665097,0.8747636402919853,0.7890625,256,256,256
context,instantaneous,measured,17,600,eligibility,beta_logit,256,0.0003553850715570665,0.0003553850715570665,1.0,1.351687479406999e-15,1.0,256,256,256
context,instantaneous,measured,17,600,eligibility,recurrent_logit,1,0.0011325744013799372,0.00013339912613146256,1.0,0.8822160151519159,1.0,1,1,1
context,instantaneous,measured,17,600,eligibility,combined_core,8471,0.38983910262980165,0.036635214575123295,0.31777451688216724,0.974220448713566,0.788336678078149,8471,8471,8471
context,instantaneous,measured,17,600,instantaneous,input.weight,1024,0.18506324132254434,0.0140521567683381,0.12883508967924032,0.993076177280924,0.931640625,512,1024,512
context,instantaneous,measured,17,600,instantaneous,input.bias,256,0.34309369780466115,0.012112518067966689,0.561059294358753,0.9806280065777181,0.77734375,256,256,256
context,instantaneous,measured,17,600,instantaneous,edge_log_gain,6678,0.003319941862853145,0.0006944011298365599,0.24549952152006618,0.9700775742222271,0.7217729859239294,6678,6678,6678
context,instantaneous,measured,17,600,instantaneous,alpha_logit,256,0.0006372910090073499,0.0004630597697704041,0.3156140132830588,1.0340708840610822,0.58203125,256,256,256
context,instantaneous,measured,17,600,instantaneous,beta_logit,256,0.0003553850715570665,4.111615322468553e-05,0.8848511854048913,0.8992442093469788,0.828125,256,256,256
context,instantaneous,measured,17,600,instantaneous,recurrent_logit,1,0.0011325744013799372,9.58145719118621e-06,1.0,0.9915401079350619,1.0,1,1,1
context,instantaneous,measured,17,600,instantaneous,combined_core,8471,0.38983910262980165,0.018570799751509003,0.36843537584185837,0.9834464475117198,0.7360221133308205,7959,8471,7959
context,instantaneous,measured,29,600,eligibility,input.weight,1024,1.6039290235590793,0.37999868327883285,0.252412381805717,0.9677438112333052,0.7958984375,1024,1024,1024
context,instantaneous,measured,29,600,eligibility,input.bias,256,9.232582907700992,0.7798003547415231,0.47565892885245514,0.9626961074786401,0.80859375,256,256,256
context,instantaneous,measured,29,600,eligibility,edge_log_gain,6678,0.03692430493885831,0.0035591658976496794,0.28146717190797904,0.9772560915446248,0.735549565738245,6678,6678,6678
context,instantaneous,measured,29,600,eligibility,alpha_logit,256,0.009191176367703556,0.005951080616691411,0.6507567828578527,0.7592933311617737,0.875,256,256,256
context,instantaneous,measured,29,600,eligibility,beta_logit,256,0.001285035912409601,0.0012850359124096016,1.0,1.9927516229351317e-15,1.0,256,256,256
context,instantaneous,measured,29,600,eligibility,recurrent_logit,1,0.2134370331066601,0.009820040901664436,1.0,0.9539909229493595,1.0,1,1,1
context,instantaneous,measured,29,600,eligibility,combined_core,8471,9.37337614526508,0.8675446732541521,0.44031379975284707,0.9628398338926967,0.7572895762011569,8471,8471,8471
context,instantaneous,measured,29,600,instantaneous,input.weight,1024,1.6039290235590793,0.3742002138255335,0.23419372442144315,0.9721903590390673,0.814453125,512,1024,512
context,instantaneous,measured,29,600,instantaneous,input.bias,256,9.232582907700992,0.3737365344110623,0.4328096517161414,0.9831572747326917,0.734375,256,256,256
context,instantaneous,measured,29,600,instantaneous,edge_log_gain,6678,0.03692430493885831,0.002142844663661624,0.27582161837930563,0.9855729921124495,0.677747828691225,6678,6678,6678
context,instantaneous,measured,29,600,instantaneous,alpha_logit,256,0.009191176367703556,0.005984706740496842,0.6426100702877086,0.7662408177320277,0.84765625,256,256,256
context,instantaneous,measured,29,600,instantaneous,beta_logit,256,0.001285035912409601,0.0005006768952833144,0.3794843818226902,0.9252536699132409,0.5703125,256,256,256
context,instantaneous,measured,29,600,instantaneous,recurrent_logit,1,0.2134370331066601,0.014056523586358543,1.0,0.9341420587525965,1.0,1,1,1
context,instantaneous,measured,29,600,instantaneous,combined_core,8471,9.37337614526508,0.5290964394242094,0.3300892767268656,0.9828129589919401,0.6904133685136323,7959,8471,7959
context,instantaneous,measured,41,600,eligibility,input.weight,1024,0.05448704778189058,0.02200367760190429,0.3232889935047398,0.9497218498836325,0.8125,1024,1024,1024
context,instantaneous,measured,41,600,eligibility,input.bias,256,0.041808931563665046,0.011851274476920049,0.24845963682984643,0.9692744845493112,0.76953125,256,256,256
context,instantaneous,measured,41,600,eligibility,edge_log_gain,6678,0.0010723886173306116,0.0005344547812234536,0.4494743040778913,0.8946308798229746,0.7452830188679245,6678,6678,6678
context,instantaneous,measured,41,600,eligibility,alpha_logit,256,0.00022450739065668274,0.00010127490948977895,0.5423226899583877,0.8451082672689778,0.73046875,256,256,256
context,instantaneous,measured,41,600,eligibility,beta_logit,256,0.0005330856325397459,0.0005330856325397456,1.0,3.2749822763743702e-15,1.0,256,256,256
context,instantaneous,measured,41,600,eligibility,recurrent_logit,1,0.00566328653770872,0.0009137686262536115,1.0,0.8386504690925796,1.0,1,1,1
context,instantaneous,measured,41,600,eligibility,combined_core,8471,0.06892301901466669,0.025020583259593557,0.29947000592635675,0.9562199495307527,0.7614213197969543,8471,8471,8471
context,instantaneous,measured,41,600,instantaneous,input.weight,1024,0.05448704778189058,0.004110989394360788,0.16866256852348677,0.9900715734682577,0.798828125,512,1024,512
context,instantaneous,measured,41,600,instantaneous,input.bias,256,0.041808931563665046,0.0028491110597048553,0.22146845178608987,0.9871471531389028,0.64453125,256,256,256
context,instantaneous,measured,41,600,instantaneous,edge_log_gain,6678,0.0010723886173306116,0.000221482243225184,0.34443646064014916,0.9488842120296288,0.6179994010182689,6678,6678,6678
context,instantaneous,measured,41,600,instantaneous,alpha_logit,256,0.00022450739065668274,0.0001942991776189271,0.5167895713915723,0.9243864579748964,0.5703125,256,256,256
context,instantaneous,measured,41,600,instantaneous,beta_logit,256,0.0005330856325397459,4.7299461452182654e-05,0.9106657911914915,0.9199293692647471,0.8828125,256,256,256
context,instantaneous,measured,41,600,instantaneous,recurrent_logit,1,0.00566328653770872,0.000450617948948579,1.0,0.920431723532235,1.0,1,1,1
context,instantaneous,measured,41,600,instantaneous,combined_core,8471,0.06892301901466669,0.005030881429782971,0.19276472317105336,0.988527735831638,0.6375172760397034,7959,8471,7959
context,instantaneous,null,17,600,eligibility,input.weight,1024,0.07559473678759013,0.05309139814582555,0.7536071790081833,0.6593231362753184,0.8154296875,1024,1024,1024
context,instantaneous,null,17,600,eligibility,input.bias,256,0.02775918822188449,0.015368440992748403,0.7332858125321636,0.7032542598042578,0.82421875,256,256,256
context,instantaneous,null,17,600,eligibility,edge_log_gain,6678,0.001691889647776156,0.001400431085437099,0.8522355393377301,0.523731813339821,0.8646301287810721,6678,6678,6678
context,instantaneous,null,17,600,eligibility,alpha_logit,256,0.00037156655860692844,0.0003404470335279721,0.8164905987530584,0.5859134721657755,0.828125,256,256,256
context,instantaneous,null,17,600,eligibility,beta_logit,256,0.0007235670388325282,0.0007235670388325281,0.9999999999999998,9.506521518508302e-16,1.0,256,256,256
context,instantaneous,null,17,600,eligibility,recurrent_logit,1,0.0032986561374318984,0.0007772250304820018,1.0,0.7643813122373239,1.0,1,1,1
context,instantaneous,null,17,600,eligibility,combined_core,8471,0.08061973700393388,0.05530000248681316,0.7497503678731187,0.6647906615606549,0.8604651162790697,8471,8471,8471
context,instantaneous,null,17,600,instantaneous,input.weight,1024,0.07559473678759013,0.008521209161989875,0.36892056388253697,0.964124053872222,0.896484375,512,1024,512
context,instantaneous,null,17,600,instantaneous,input.bias,256,0.02775918822188449,0.007507789832927661,0.6510546182611862,0.8491048560112165,0.76953125,256,256,256
context,instantaneous,null,17,600,instantaneous,edge_log_gain,6678,0.001691889647776156,0.0009385283553286183,0.7158495334216084,0.7166041709244404,0.7714884696016772,6678,6678,6678
context,instantaneous,null,17,600,instantaneous,alpha_logit,256,0.00037156655860692844,0.0009388883815991075,0.6417931208564145,2.035066236492122,0.70703125,256,256,256
context,instantaneous,null,17,600,instantaneous,beta_logit,256,0.0007235670388325282,3.900519663827551e-05,0.8927824313075143,0.9521826636898785,0.89453125,256,256,256
context,instantaneous,null,17,600,instantaneous,recurrent_logit,1,0.0032986561374318984,0.0006990031447007054,1.0,0.7880945707651419,1.0,1,1,1
context,instantaneous,null,17,600,instantaneous,combined_core,8471,0.08061973700393388,0.011455583242520483,0.40823222559983086,0.9508816906987625,0.781379570297776,7959,8471,7959
context,instantaneous,null,29,600,eligibility,input.weight,1024,0.12049833116664913,0.08298435812854162,0.767945660438051,0.6454014848655141,0.802734375,1024,1024,1024
context,instantaneous,null,29,600,eligibility,input.bias,256,0.24112594716853683,0.058120920588295946,0.5031680580797878,0.9030687643439894,0.75,256,256,256
context,instantaneous,null,29,600,eligibility,edge_log_gain,6678,0.002282710895441687,0.0015200905654258934,0.7300642972292959,0.6863827668370565,0.7819706498951782,6678,6678,6678
context,instantaneous,null,29,600,eligibility,alpha_logit,256,0.0009767454880673157,0.0008571733873377276,0.9042763201174396,0.4277814526625033,0.88671875,256,256,256
context,instantaneous,null,29,600,eligibility,beta_logit,256,0.0005821804551372075,0.0005821804551372075,1.0,8.315767207143853e-16,1.0,256,256,256
context,instantaneous,null,29,600,eligibility,recurrent_logit,1,0.0015818424121333968,4.532281646425914e-05,1.0,0.971348083654469,1.0,1,1,1
context,instantaneous,null,29,600,eligibility,combined_core,8471,0.2695748062637739,0.1013303089594626,0.5394029971491122,0.8577768398762301,0.7932947703931059,8471,8471,8471
context,instantaneous,null,29,600,instantaneous,input.weight,1024,0.12049833116664913,0.047352217014688607,0.6327708618940919,0.8106204649505372,0.91796875,512,1024,512
context,instantaneous,null,29,600,instantaneous,input.bias,256,0.24112594716853683,0.03536824650718264,0.5268150829827005,0.9311116411917035,0.671875,256,256,256
context,instantaneous,null,29,600,instantaneous,edge_log_gain,6678,0.002282710895441687,0.0012731456826530706,0.6652698961384641,0.754307573222544,0.7153339323150644,6678,6678,6678
context,instantaneous,null,29,600,instantaneous,alpha_logit,256,0.0009767454880673157,0.0011585189836643337,0.45738219362644317,1.1497099206130996,0.59375,256,256,256
context,instantaneous,null,29,600,instantaneous,beta_logit,256,0.0005821804551372075,4.5444558378694065e-05,0.8771277525683222,0.9322861194553367,0.85546875,256,256,256
context,instantaneous,null,29,600,instantaneous,recurrent_logit,1,0.0015818424121333968,7.045181791902832e-07,-1.0,1.0004453782334994,0.0,1,1,1
context,instantaneous,null,29,600,instantaneous,combined_core,8471,0.2695748062637739,0.059127915987864904,0.5085363439446556,0.9083097747076061,0.7274783264229174,7959,8471,7959
context,instantaneous,null,41,600,eligibility,input.weight,1024,0.14319987231804301,0.061286091234678534,0.6314335458222413,0.8016774285085804,0.76171875,1024,1024,1024
context,instantaneous,null,41,600,eligibility,input.bias,256,0.09497154360190241,0.0362054282786161,0.650366346514851,0.8058915793183615,0.7734375,256,256,256
context,instantaneous,null,41,600,eligibility,edge_log_gain,6678,0.0027709128107084196,0.0012778656646360248,0.6608728982278251,0.7766129741854557,0.7433363282419886,6678,6678,6678
context,instantaneous,null,41,600,eligibility,alpha_logit,256,0.0007767564303406292,0.0006638781405296561,0.787131345016043,0.62047325373074,0.83984375,256,256,256
context,instantaneous,null,41,600,eligibility,beta_logit,256,0.0006512383203681789,0.0006512383203681789,1.0,1.2746452772047946e-15,1.0,256,256,256
context,instantaneous,null,41,600,eligibility,recurrent_logit,1,0.015767174854881976,0.00255730558636302,1.0,0.837808256082655,1.0,1,1,1
context,instantaneous,null,41,600,eligibility,combined_core,8471,0.1725778280911045,0.0712450392218128,0.6361227348273538,0.8032485286852514,0.7571715263841341,8471,8471,8471
context,instantaneous,null,41,600,instantaneous,input.weight,1024,0.14319987231804301,0.025857117515850354,0.22126499484140771,0.9760625796735235,0.84765625,512,1024,512
context,instantaneous,null,41,600,instantaneous,input.bias,256,0.09497154360190241,0.01818497727744378,0.6399561865275197,0.8897126567138934,0.8046875,256,256,256
context,instantaneous,null,41,600,instantaneous,edge_log_gain,6678,0.0027709128107084196,0.001091614513210731,0.5522210890883431,0.8485871047465403,0.6813417190775681,6678,6678,6678
context,instantaneous,null,41,600,instantaneous,alpha_logit,256,0.0007767564303406292,0.0009595466969450889,0.4312297263027697,1.208557096624725,0.6640625,256,256,256
context,instantaneous,null,41,600,instantaneous,beta_logit,256,0.0006512383203681789,4.558832652626766e-05,0.8047452565515557,0.9445803058761003,0.796875,256,256,256
context,instantaneous,null,41,600,instantaneous,recurrent_logit,1,0.015767174854881976,0.000835584001448871,1.0,0.9470048370022262,1.0,1,1,1
context,instantaneous,null,41,600,instantaneous,combined_core,8471,0.1725778280911045,0.031655908703395415,0.3550572425447818,0.9504684892413664,0.6992084432717678,7959,8471,7959
context,instantaneous,measured,17,900,eligibility,input.weight,1024,4.95971773430218,0.2793892310591203,0.08521724802365867,0.9967810174224662,0.767578125,1024,1024,1024
context,instantaneous,measured,17,900,eligibility,input.bias,256,4.333376143540126,0.5340805785183268,0.38584246961581453,0.9592087192492438,0.81640625,256,256,256
context,instantaneous,measured,17,900,eligibility,edge_log_gain,6678,0.07368485223858158,0.0065209934027117885,0.14017034720059954,0.991474791037548,0.6984126984126984,6678,6678,6678
context,instantaneous,measured,17,900,eligibility,alpha_logit,256,0.013984339383117623,0.0044943367320911766,0.21946512798831497,0.9809293673616437,0.77734375,256,256,256
context,instantaneous,measured,17,900,eligibility,beta_logit,256,0.0023597597323517113,0.0023597597323517113,0.9999999999999999,7.80381992561178e-16,1.0,256,256,256
context,instantaneous,measured,17,900,eligibility,recurrent_logit,1,0.5091357061966473,0.03316206292638543,1.0,0.9348659649622433,1.0,1,1,1
context,instantaneous,measured,17,900,eligibility,combined_core,8471,6.606193954187383,0.6037121997139242,0.2577674843515279,0.9804278631956804,0.7218746310943218,8471,8471,8471
context,instantaneous,measured,17,900,instantaneous,input.weight,1024,4.95971773430218,0.26041239284452755,0.07529333908622779,0.9974217760365773,0.822265625,512,1024,512
context,instantaneous,measured,17,900,instantaneous,input.bias,256,4.333376143540126,0.2523465373771525,0.512729517039835,0.9714295174000932,0.77734375,256,256,256
context,instantaneous,measured,17,900,instantaneous,edge_log_gain,6678,0.07368485223858158,0.0034899246837663553,0.14013729430491054,0.9944690221720023,0.6775980832584606,6678,6678,6678
context,instantaneous,measured,17,900,instantaneous,alpha_logit,256,0.013984339383117623,0.004907164066449314,0.15266052169398606,1.0079659415506375,0.73046875,256,256,256
context,instantaneous,measured,17,900,instantaneous,beta_logit,256,0.0023597597323517113,0.0004904527479666323,0.5040263916383086,0.9130628146689093,0.625,256,256,256
context,instantaneous,measured,17,900,instantaneous,recurrent_logit,1,0.5091357061966473,0.0221726514701112,1.0,0.9564504095857946,1.0,1,1,1
context,instantaneous,measured,17,900,instantaneous,combined_core,8471,6.606193954187383,0.36334765187604734,0.2788177748262125,0.9860804082364375,0.6901620806633999,7959,8471,7959
context,instantaneous,measured,29,900,eligibility,input.weight,1024,1.4007249155690171,0.28315530048094606,0.22017637153751,0.9756266434630584,0.767578125,1024,1024,1024
context,instantaneous,measured,29,900,eligibility,input.bias,256,5.272577758856941,0.5034964422249629,0.46986926095203896,0.9588431329510779,0.7265625,256,256,256
context,instantaneous,measured,29,900,eligibility,edge_log_gain,6678,0.032026942843867715,0.0030696811909316024,0.36135357071830615,0.9694933843187831,0.6587301587301587,6678,6678,6678
context,instantaneous,measured,29,900,eligibility,alpha_logit,256,0.01238664003598942,0.007951565833006359,0.7014082999026005,0.7152356594611723,0.8359375,256,256,256
context,instantaneous,measured,29,900,eligibility,beta_logit,256,0.0010573615883854802,0.0010573615883854802,1.0,6.262515583561256e-16,1.0,256,256,256
context,instantaneous,measured,29,900,eligibility,recurrent_logit,1,0.2534688400483612,0.014364655199828099,1.0,0.9433277273960485,1.0,1,1,1
context,instantaneous,measured,29,900,eligibility,combined_core,8471,5.461458892740753,0.5778976580658542,0.42407390927539274,0.9599223008805543,0.6896470310471019,8471,8471,8471
context,instantaneous,measured,29,900,instantaneous,input.weight,1024,1.4007249155690171,0.27868870693007847,0.20569058589815611,0.9786402194210502,0.853515625,512,1024,512
context,instantaneous,measured,29,900,instantaneous,input.bias,256,5.272577758856941,0.27605629997005027,0.415844299004392,0.9793857988219334,0.6953125,256,256,256
context,instantaneous,measured,29,900,instantaneous,edge_log_gain,6678,0.032026942843867715,0.001890951373185794,0.37468640313732826,0.9794085771825006,0.628032345013477,6678,6678,6678
context,instantaneous,measured,29,900,instantaneous,alpha_logit,256,0.01238664003598942,0.00791841145690436,0.6890859823590187,0.7263897770401876,0.8125,256,256,256
context,instantaneous,measured,29,900,instantaneous,beta_logit,256,0.0010573615883854802,0.0002512776183023462,0.3971874123627927,0.9315018314934614,0.59375,256,256,256
context,instantaneous,measured,29,900,instantaneous,recurrent_logit,1,0.2534688400483612,0.014354248948326136,1.0,0.9433687827443114,1.0,1,1,1
context,instantaneous,measured,29,900,instantaneous,combined_core,8471,5.461458892740753,0.39261541062969274,0.3214623308346011,0.9792594797928953,0.6495790928508607,7959,8471,7959
context,instantaneous,measured,41,900,eligibility,input.weight,1024,0.07738821737807365,0.02898441950162214,0.2949282076647511,0.9588296150031606,0.8037109375,1024,1024,1024
context,instantaneous,measured,41,900,eligibility,input.bias,256,0.06499092856872378,0.021346499721324633,0.3449281314976941,0.9387736663806855,0.765625,256,256,256
context,instantaneous,measured,41,900,eligibility,edge_log_gain,6678,0.0014749669691801683,0.0007096011740481829,0.4376054738990131,0.9002182527024122,0.740041928721174,6678,6678,6678
context,instantaneous,measured,41,900,eligibility,alpha_logit,256,0.00032326920342387263,0.000150602104658044,0.5667602179438782,0.8300369066819192,0.77734375,256,256,256
context,instantaneous,measured,41,900,eligibility,beta_logit,256,0.0007069359154131301,0.0007069359154131299,0.9999999999999998,2.5322274914743256e-15,1.0,256,256,256
context,instantaneous,measured,41,900,eligibility,recurrent_logit,1,0.007905346889340222,0.0011771379777429525,1.0,0.8510959741273041,1.0,1,1,1
context,instantaneous,measured,41,900,eligibility,combined_core,8471,0.10138062578001919,0.0360302824194567,0.3149276992801712,0.9499780199555339,0.7575256758352025,8471,8471,8471
context,instantaneous,measured,41,900,instantaneous,input.weight,1024,0.07738821737807365,0.0059995173221059255,0.11712673328745059,0.9939062480727934,0.798828125,512,1024,512
context,instantaneous,measured,41,900,instantaneous,input.bias,256,0.06499092856872378,0.004829797363400554,0.29733857711145717,0.9804740233598364,0.61328125,256,256,256
context,instantaneous,measured,41,900,instantaneous,edge_log_gain,6678,0.0014749669691801683,0.0002903723847592117,0.3429195018070014,0.9506511117120047,0.6154537286612758,6678,6678,6678
context,instantaneous,measured,41,900,instantaneous,alpha_logit,256,0.00032326920342387263,0.00027422441982402287,0.5203426259928002,0.9147621327665542,0.6171875,256,256,256
context,instantaneous,measured,41,900,instantaneous,beta_logit,256,0.0007069359154131301,6.546898741491431e-05,0.8983181192648492,0.9177096069218358,0.87890625,256,256,256
context,instantaneous,measured,41,900,instantaneous,recurrent_logit,1,0.007905346889340222,0.0005238535623991069,1.0,0.9337342725459037,1.0,1,1,1
context,instantaneous,measured,41,900,instantaneous,combined_core,8471,0.10138062578001919,0.0077304187834275765,0.19406209946251668,0.988038082692258,0.6357582610880764,7959,8471,7959
context,instantaneous,null,17,900,eligibility,input.weight,1024,0.090285517150934,0.054460719877502735,0.6771364776651528,0.739562019792177,0.775390625,1024,1024,1024
context,instantaneous,null,17,900,eligibility,input.bias,256,0.1151361748461667,0.04611198609702635,0.715607977958097,0.766288812326375,0.80859375,256,256,256
context,instantaneous,null,17,900,eligibility,edge_log_gain,6678,0.002095335646912712,0.0015342454923980388,0.8261282045083899,0.571253924196879,0.8565438754118,6678,6678,6678
context,instantaneous,null,17,900,eligibility,alpha_logit,256,0.0007385481719728932,0.0007586211657907393,0.9500949605114776,0.3213432957199525,0.8984375,256,256,256
context,instantaneous,null,17,900,eligibility,beta_logit,256,0.000673535913140178,0.0006735359131401781,0.9999999999999998,8.328159246163305e-16,1.0,256,256,256
context,instantaneous,null,17,900,eligibility,recurrent_logit,1,0.0009596208819745198,0.0006665106712563604,-1.0,1.6945562396317861,0.0,1,1,1
context,instantaneous,null,17,900,eligibility,combined_core,8471,0.14633565448364816,0.0713870616694194,0.6826962465921458,0.7562395902375137,0.8507850312832015,8471,8471,8471
context,instantaneous,null,17,900,instantaneous,input.weight,1024,0.090285517150934,0.023963684854508463,0.10152359283186571,1.0082437036479661,0.67578125,512,1024,512
context,instantaneous,null,17,900,instantaneous,input.bias,256,0.1151361748461667,0.021397946757190176,0.7425859052029314,0.8709317529386045,0.82421875,256,256,256
context,instantaneous,null,17,900,instantaneous,edge_log_gain,6678,0.002095335646912712,0.0010285224405742917,0.7693916963471523,0.6968606261827491,0.8252470799640611,6678,6678,6678
context,instantaneous,null,17,900,instantaneous,alpha_logit,256,0.0007385481719728932,0.0013590243931766524,0.8610811676673088,1.1032112961659792,0.80859375,256,256,256
context,instantaneous,null,17,900,instantaneous,beta_logit,256,0.000673535913140178,4.131193613205035e-05,0.5293726382532308,0.968928785653267,0.765625,256,256,256
context,instantaneous,null,17,900,instantaneous,recurrent_logit,1,0.0009596208819745198,0.00045883262203427733,-1.0,1.4781394722155081,0.0,1,1,1
context,instantaneous,null,17,900,instantaneous,combined_core,8471,0.14633565448364816,0.032175260014378516,0.4356571858087434,0.9256163510674456,0.8130418394270637,7959,8471,7959
context,instantaneous,null,29,900,eligibility,input.weight,1024,0.04845338372486049,0.040979199198272656,0.8357056313626284,0.5492694087520764,0.7822265625,1024,1024,1024
context,instantaneous,null,29,900,eligibility,input.bias,256,0.06670344948103654,0.018706117950981878,0.547354681709715,0.87843490350761,0.73828125,256,256,256
context,instantaneous,null,29,900,eligibility,edge_log_gain,6678,0.0011350289595271307,0.0009374464694055155,0.8312483005889978,0.5559268136188075,0.7929020664869721,6678,6678,6678
context,instantaneous,null,29,900,eligibility,alpha_logit,256,0.0002965874792179821,0.0002665337369877668,0.8551759541815586,0.5201592670508666,0.875,256,256,256
context,instantaneous,null,29,900,eligibility,beta_logit,256,0.000489098754251477,0.0004890987542514769,1.0,1.1235348781322963e-15,1.0,256,256,256
context,instantaneous,null,29,900,eligibility,recurrent_logit,1,0.004691751081933719,0.0008069963029477861,1.0,0.8279967779929236,1.0,1,1,1
context,instantaneous,null,29,900,eligibility,combined_core,8471,0.0825875811955756,0.04506721560589353,0.6306588292726668,0.7806978584912103,0.7987250619761539,8471,8471,8471
context,instantaneous,null,29,900,instantaneous,input.weight,1024,0.04845338372486049,0.010326639291153381,0.41034222222263755,0.9330132885734193,0.884765625,512,1024,512
context,instantaneous,null,29,900,instantaneous,input.bias,256,0.06670344948103654,0.00972009047694937,0.5326001980826826,0.9305979671028134,0.671875,256,256,256
context,instantaneous,null,29,900,instantaneous,edge_log_gain,6678,0.0011350289595271307,0.0006305504432714944,0.7071713333028506,0.7231194325619453,0.6928721174004193,6678,6678,6678
context,instantaneous,null,29,900,instantaneous,alpha_logit,256,0.0002965874792179821,0.0006279891589657121,0.41413291367170807,1.9312051474334764,0.66796875,256,256,256
context,instantaneous,null,29,900,instantaneous,beta_logit,256,0.000489098754251477,2.8892668772916515e-05,0.8903913925000642,0.947783186462441,0.8515625,256,256,256
context,instantaneous,null,29,900,instantaneous,recurrent_logit,1,0.004691751081933719,0.000505971054343123,1.0,0.8921573106699033,1.0,1,1,1
context,instantaneous,null,29,900,instantaneous,combined_core,8471,0.0825875811955756,0.01421859499631047,0.4714443501368122,0.9312942871786689,0.7088830255057168,7959,8471,7959
context,instantaneous,null,41,900,eligibility,input.weight,1024,0.08038588002101661,0.051106501872250826,0.6237394464548589,0.7817248293065809,0.80859375,1024,1024,1024
context,instantaneous,null,41,900,eligibility,input.bias,256,0.05510795658572645,0.05122251004207433,0.9281612273584643,0.3721807518822036,0.91015625,256,256,256
context,instantaneous,null,41,900,eligibility,edge_log_gain,6678,0.0018185590874108962,0.0011793259444803342,0.6914393148536765,0.7237098266068694,0.7741838873914345,6678,6678,6678
context,instantaneous,null,41,900,eligibility,alpha_logit,256,0.0007364325444826291,0.0006792475777232049,0.9072175165306604,0.4209338778193138,0.8671875,256,256,256
context,instantaneous,null,41,900,eligibility,beta_logit,256,0.0005720002798587724,0.0005720002798587724,0.9999999999999999,1.3575481067309422e-15,1.0,256,256,256
context,instantaneous,null,41,900,eligibility,recurrent_logit,1,0.008716950498715561,0.0007817510099466127,1.0,0.9103182919230983,1.0,1,1,1
context,instantaneous,null,41,900,eligibility,combined_core,8471,0.097872051609087,0.0723768649123852,0.7328873963095911,0.6803821397677269,0.792114272222878,8471,8471,8471
context,instantaneous,null,41,900,instantaneous,input.weight,1024,0.08038588002101661,0.026460563323089686,0.24110318855346957,0.9744869887721082,0.6953125,512,1024,512
context,instantaneous,null,41,900,instantaneous,input.bias,256,0.05510795658572645,0.025023858326949738,0.6521560689461084,0.7835326710273087,0.83203125,256,256,256
context,instantaneous,null,41,900,instantaneous,edge_log_gain,6678,0.0018185590874108962,0.0009546452167107644,0.5122786122103122,0.8589127340798118,0.7009583707696915,6678,6678,6678
context,instantaneous,null,41,900,instantaneous,alpha_logit,256,0.0007364325444826291,0.0010866585561439537,0.7651909149898621,0.9587089367233461,0.80859375,256,256,256
context,instantaneous,null,41,900,instantaneous,beta_logit,256,0.0005720002798587724,5.634478061689534e-05,0.3131168440104711,0.9736612171804226,0.73046875,256,256,256
context,instantaneous,null,41,900,instantaneous,recurrent_logit,1,0.008716950498715561,0.0002549351270022686,1.0,0.970754092610732,1.0,1,1,1
context,instantaneous,null,41,900,instantaneous,combined_core,8471,0.097872051609087,0.03644880296941458,0.39691041246187075,0.9181842181190061,0.7092599572810655,7959,8471,7959
context,reward,measured,17,0,eligibility,input.weight,1024,0.7012742747358017,0.39030911277607744,0.5589116625758744,0.829230505276007,0.79296875,1024,1024,1024
context,reward,measured,17,0,eligibility,input.bias,256,2.0340457725563272,0.891327561519912,0.5194412206781754,0.8583590501237335,0.859375,256,256,256
context,reward,measured,17,0,eligibility,edge_log_gain,6678,0.010387988801031325,0.0031035078491095727,0.4040178572949232,0.9207871324308742,0.7816711590296496,6678,6678,6678
context,reward,measured,17,0,eligibility,alpha_logit,256,0.00934901591447904,0.0092129812109855,0.9765106706932336,0.2156543743097202,0.94921875,256,256,256
context,reward,measured,17,0,eligibility,beta_logit,256,0.0013198489932145499,0.0013198489932145497,0.9999999999999998,8.120712257546888e-16,1.0,256,256,256
context,reward,measured,17,0,eligibility,recurrent_logit,1,0.030370070105436,0.005001934586542436,1.0,0.8353005255115585,1.0,1,1,1
context,reward,measured,17,0,eligibility,combined_core,8471,2.151800922676156,0.9731018947550245,0.5229327083509279,0.8553015362543601,0.7970723645378349,8471,8471,8471
context,reward,measured,17,0,instantaneous,input.weight,1024,0.7012742747358017,0.38330936137542126,0.5333002927190471,0.8460303828057578,0.73046875,512,1024,512
context,reward,measured,17,0,instantaneous,input.bias,256,2.0340457725563272,0.3817829546196295,0.5097208629548262,0.9186318265817811,0.8125,256,256,256
context,reward,measured,17,0,instantaneous,edge_log_gain,6678,0.010387988801031325,0.002047232756868842,0.36003907298423027,0.9470631086534455,0.7383947289607667,6678,6678,6678
context,reward,measured,17,0,instantaneous,alpha_logit,256,0.00934901591447904,0.0093238931343183,0.9677647327206712,0.25358333880772405,0.9296875,256,256,256
context,reward,measured,17,0,instantaneous,beta_logit,256,0.0013198489932145499,0.0006249067638543813,0.36931934205032796,0.9351204444166049,0.6015625,256,256,256
context,reward,measured,17,0,instantaneous,recurrent_logit,1,0.030370070105436,0.003308378682001136,1.0,0.8910645029624426,1.0,1,1,1
context,reward,measured,17,0,instantaneous,combined_core,8471,2.151800922676156,0.541097729600888,0.4632495299802549,0.9111824858775912,0.7420530217363991,7959,8471,7959
context,reward,measured,29,0,eligibility,input.weight,1024,0.4867993008941621,0.2713752059942655,0.5588947378515763,0.8292398365773739,0.796875,1024,1024,1024
context,reward,measured,29,0,eligibility,input.bias,256,2.103767186693906,0.6834485543653472,0.3992890508774449,0.9198405356959094,0.82421875,256,256,256
context,reward,measured,29,0,eligibility,edge_log_gain,6678,0.008160238882427,0.002549434117992136,0.44473005074510474,0.9053843013181261,0.7867625037436358,6678,6678,6678
context,reward,measured,29,0,eligibility,alpha_logit,256,0.006826594199894155,0.006444193602869656,0.9604130177668937,0.2790640751133592,0.9296875,256,256,256
context,reward,measured,29,0,eligibility,beta_logit,256,0.0012884840376733678,0.0012884840376733678,1.0,5.999725259782667e-16,1.0,256,256,256
context,reward,measured,29,0,eligibility,recurrent_logit,1,0.012365646140923772,0.005625192925101453,1.0,0.5450951077691744,1.0,1,1,1
context,reward,measured,29,0,eligibility,combined_core,8471,2.1594160545026115,0.7354099259083918,0.4080839083102841,0.9154381750583193,0.7999055601463818,8471,8471,8471
context,reward,measured,29,0,instantaneous,input.weight,1024,0.4867993008941621,0.25862045075394646,0.5350931641916147,0.8448017190062033,0.869140625,512,1024,512
context,reward,measured,29,0,instantaneous,input.bias,256,2.103767186693906,0.2578836596695437,0.4343195691805378,0.9531772770838696,0.76953125,256,256,256
context,reward,measured,29,0,instantaneous,edge_log_gain,6678,0.008160238882427,0.0013747465772969672,0.4064142179490812,0.9441638901291801,0.7333033842467804,6678,6678,6678
context,reward,measured,29,0,instantaneous,alpha_logit,256,0.006826594199894155,0.006466255706070009,0.9506167099479772,0.31038595188668855,0.93359375,256,256,256
context,reward,measured,29,0,instantaneous,beta_logit,256,0.0012884840376733678,0.00041954122618217114,0.46954447050331755,0.894564465287932,0.65234375,256,256,256
context,reward,measured,29,0,instantaneous,recurrent_logit,1,0.012365646140923772,0.0037322822228851374,1.0,0.698173295568175,1.0,1,1,1
context,reward,measured,29,0,instantaneous,combined_core,8471,2.1594160545026115,0.36530306296166076,0.3842209136801897,0.9479568823280249,0.7470787787410479,7959,8471,7959
context,reward,measured,41,0,eligibility,input.weight,1024,0.9307369775125593,0.43161203563950895,0.466653243125743,0.8844451861945479,0.7431640625,1024,1024,1024
context,reward,measured,41,0,eligibility,input.bias,256,5.9144340311260475,0.7317473481521514,0.457575380537525,0.9497803189571854,0.83203125,256,256,256
context,reward,measured,41,0,eligibility,edge_log_gain,6678,0.01326942324459042,0.003432691373303209,0.4048910083247768,0.9259791959414413,0.7791254866726565,6678,6678,6678
context,reward,measured,41,0,eligibility,alpha_logit,256,0.008269810840272842,0.008013723831143741,0.963214477088755,0.2687968234159035,0.93359375,256,256,256
context,reward,measured,41,0,eligibility,beta_logit,256,0.0019829645499516006,0.0019829645499516006,0.9999999999999998,4.2493407737590675e-16,1.0,256,256,256
context,reward,measured,41,0,eligibility,recurrent_logit,1,0.07386096867328161,0.0096547498855918,1.0,0.869284819045647,1.0,1,1,1
context,reward,measured,41,0,eligibility,combined_core,8471,5.987696140591763,0.8496565661018873,0.42625958716788476,0.9482420066902403,0.787746428993035,8471,8471,8471
context,reward,measured,41,0,instantaneous,input.weight,1024,0.9307369775125593,0.4255773745081453,0.4475304236976738,0.894321500354779,0.744140625,512,1024,512
context,reward,measured,41,0,instantaneous,input.bias,256,5.9144340311260475,0.424107781010417,0.5544583882295269,0.9620938416969966,0.77734375,256,256,256
context,reward,measured,41,0,instantaneous,edge_log_gain,6678,0.01326942324459042,0.002310409692880113,0.4315863537425446,0.938096242144529,0.7115902964959568,6678,6678,6678
context,reward,measured,41,0,instantaneous,alpha_logit,256,0.008269810840272842,0.00820373515099151,0.9603402987412796,0.28062337991002234,0.91796875,256,256,256
context,reward,measured,41,0,instantaneous,beta_logit,256,0.0019829645499516006,0.00047536442028506227,0.49256878971751117,0.9062595750219762,0.65234375,256,256,256
context,reward,measured,41,0,instantaneous,recurrent_logit,1,0.07386096867328161,0.006382431156299578,1.0,0.9135885803971543,1.0,1,1,1
context,reward,measured,41,0,instantaneous,combined_core,8471,5.987696140591763,0.6009135647237455,0.4359529994118369,0.9605045268453226,0.7205679105415254,7959,8471,7959
context,reward,null,17,0,eligibility,input.weight,1024,0.417849934634848,0.40829871058140976,0.9721074652703259,0.23458990229485296,0.8173828125,1024,1024,1024
context,reward,null,17,0,eligibility,input.bias,256,0.9891709752016775,0.917151193030427,0.8886948001626817,0.4601125615479113,0.87109375,256,256,256
context,reward,null,17,0,eligibility,edge_log_gain,6678,0.003758800490861509,0.003321509238577676,0.8735208540458744,0.48689235033599293,0.8002395926924228,6678,6678,6678
context,reward,null,17,0,eligibility,alpha_logit,256,0.009577820953212078,0.00958080168502784,0.9983909509893499,0.056737962463680396,0.98046875,256,256,256
context,reward,null,17,0,eligibility,beta_logit,256,0.0013769700214937724,0.0013769700214937724,1.0,5.869856168110145e-16,1.0,256,256,256
context,reward,null,17,0,eligibility,recurrent_logit,1,0.011856808831723211,0.005421869945176145,1.0,0.542720978121045,1.0,1,1,1
context,reward,null,17,0,eligibility,combined_core,8471,1.0739209138727301,1.003996147823422,0.9017320430903908,0.4335650619495935,0.8159603352614804,8471,8471,8471
context,reward,null,17,0,instantaneous,input.weight,1024,0.417849934634848,0.39386243184777275,0.9424752669754454,0.33427591149433433,0.806640625,512,1024,512
context,reward,null,17,0,instantaneous,input.bias,256,0.9891709752016775,0.3934271163869841,0.75173321936067,0.7484734329591433,0.83984375,256,256,256
context,reward,null,17,0,instantaneous,edge_log_gain,6678,0.003758800490861509,0.0023389181334050302,0.7823965381994754,0.6430413554953777,0.7322551662174304,6678,6678,6678
context,reward,null,17,0,instantaneous,alpha_logit,256,0.009577820953212078,0.009578068660361478,0.9842429340529816,0.1775244985899973,0.95703125,256,256,256
context,reward,null,17,0,instantaneous,beta_logit,256,0.0013769700214937724,0.0006896973978664584,0.5931246253683651,0.8103777897584937,0.640625,256,256,256
context,reward,null,17,0,instantaneous,recurrent_logit,1,0.011856808831723211,0.003335053335100884,1.0,0.7187225178010918,1.0,1,1,1
context,reward,null,17,0,instantaneous,combined_core,8471,1.0739209138727301,0.5567955812775142,0.7488782125124793,0.7016191636954631,0.7448171880889559,7959,8471,7959
context,reward,null,29,0,eligibility,input.weight,1024,0.219733448104267,0.21014391217577538,0.9527206510333295,0.30386936956512295,0.853515625,1024,1024,1024
context,reward,null,29,0,eligibility,input.bias,256,0.5602713579542856,0.4869993900079457,0.8630114608970203,0.5052224969417135,0.828125,256,256,256
context,reward,null,29,0,eligibility,edge_log_gain,6678,0.002961793518627988,0.0027511130928962887,0.9118769369177477,0.4108151941125415,0.8403713686732555,6678,6678,6678
context,reward,null,29,0,eligibility,alpha_logit,256,0.004857962757332748,0.00480490356585855,0.9956715126636023,0.09317571946090139,0.96875,256,256,256
context,reward,null,29,0,eligibility,beta_logit,256,0.001240848771999051,0.001240848771999051,1.0,6.99992397371371e-16,1.0,256,256,256
context,reward,null,29,0,eligibility,recurrent_logit,1,0.008446822658636662,0.0013991998332643842,1.0,0.8343519344716279,1.0,1,1,1
context,reward,null,29,0,eligibility,combined_core,8471,0.6019070055261279,0.5304366341798299,0.8754586194474576,0.4833279041532589,0.8503128320151104,8471,8471,8471
context,reward,null,29,0,instantaneous,input.weight,1024,0.219733448104267,0.17643638218555793,0.8353265772437248,0.5507062162571635,0.876953125,512,1024,512
context,reward,null,29,0,instantaneous,input.bias,256,0.5602713579542856,0.17454448121920502,0.764971462073537,0.7876691761119752,0.8359375,256,256,256
context,reward,null,29,0,instantaneous,edge_log_gain,6678,0.002961793518627988,0.0016426474409579177,0.815537410737686,0.6348075202417703,0.7836178496555855,6678,6678,6678
context,reward,null,29,0,instantaneous,alpha_logit,256,0.004857962757332748,0.005118921431221642,0.9567891453014988,0.3065121199169693,0.95703125,256,256,256
context,reward,null,29,0,instantaneous,beta_logit,256,0.001240848771999051,0.00032953082952898497,0.4657620888677872,0.9072722821365351,0.6328125,256,256,256
context,reward,null,29,0,instantaneous,recurrent_logit,1,0.008446822658636662,0.0010410675501139961,1.0,0.8767503957183793,1.0,1,1,1
context,reward,null,29,0,instantaneous,combined_core,8471,0.6019070055261279,0.24824517506339508,0.7176377476125397,0.7603598846451476,0.7920593039326549,7959,8471,7959
context,reward,null,41,0,eligibility,input.weight,1024,0.32875182642564643,0.3241282567095566,0.9879216587956998,0.15496689637429129,0.8115234375,1024,1024,1024
context,reward,null,41,0,eligibility,input.bias,256,0.668191500496436,0.5485899577952738,0.881954490813078,0.47525873173522765,0.86328125,256,256,256
context,reward,null,41,0,eligibility,edge_log_gain,6678,0.0027844818063557184,0.0024188951347078025,0.8860317739213405,0.4639481538491623,0.8388739143456124,6678,6678,6678
context,reward,null,41,0,eligibility,alpha_logit,256,0.006165127895509791,0.006101740602321411,0.9962501411485838,0.08676589031464542,0.97265625,256,256,256
context,reward,null,41,0,eligibility,beta_logit,256,0.0011361624887867034,0.0011361624887867034,1.0,6.861008456593415e-16,1.0,256,256,256
context,reward,null,41,0,eligibility,recurrent_logit,1,0.009550562910963449,0.001201071486821798,1.0,0.8742407648618237,1.0,1,1,1
context,reward,null,41,0,eligibility,combined_core,8471,0.7447791021315601,0.6372251441377403,0.9031314520535892,0.43198821979820323,0.8452366898831307,8471,8471,8471
context,reward,null,41,0,instantaneous,input.weight,1024,0.32875182642564643,0.31333655393844034,0.9556025399753906,0.2946693059255634,0.80078125,512,1024,512
context,reward,null,41,0,instantaneous,input.bias,256,0.668191500496436,0.3128276724653398,0.8064811393134379,0.6812063824298317,0.83203125,256,256,256
context,reward,null,41,0,instantaneous,edge_log_gain,6678,0.0027844818063557184,0.0021629448056953975,0.764771089331939,0.6444140939748487,0.7807726864330637,6678,6678,6678
context,reward,null,41,0,instantaneous,alpha_logit,256,0.006165127895509791,0.006328821523213768,0.9718161599922852,0.24201097658055998,0.94140625,256,256,256
context,reward,null,41,0,instantaneous,beta_logit,256,0.0011361624887867034,0.00034888908774980873,0.4343871431149433,0.9096789243296847,0.5859375,256,256,256
context,reward,null,41,0,instantaneous,recurrent_logit,1,0.009550562910963449,0.0015482169587979313,1.0,0.8378925961504662,1.0,1,1,1
context,reward,null,41,0,instantaneous,combined_core,8471,0.7447791021315601,0.44281847263359664,0.8097946332275989,0.6249456704426465,0.7826360095489383,7959,8471,7959
context,reward,measured,17,300,eligibility,input.weight,1024,0.4991101049842027,0.47911061058813964,0.959944184312045,0.2801912975369459,0.7578125,1024,1024,1024
context,reward,measured,17,300,eligibility,input.bias,256,4.769107931750955,1.0547711486358422,0.23446017668610167,0.9722166033119956,0.859375,256,256,256
context,reward,measured,17,300,eligibility,edge_log_gain,6678,0.04617666446193999,0.022343824768761233,0.5120087827498013,0.8594407512617499,0.867026055705301,6678,6678,6678
context,reward,measured,17,300,eligibility,alpha_logit,256,0.014560829639718236,0.010365408206818118,0.6652911371780993,0.7480355819791691,0.8828125,256,256,256
context,reward,measured,17,300,eligibility,beta_logit,256,0.012118567962634828,0.012118567962634828,1.0,2.681582091313978e-16,1.0,256,256,256
context,reward,measured,17,300,eligibility,recurrent_logit,1,0.4259872839214787,0.06147657900560978,1.0,0.8556844738657936,1.0,1,1,1
context,reward,measured,17,300,eligibility,combined_core,8471,4.814297216566516,1.160440464143251,0.2570250744312795,0.96653692050027,0.8581041199386141,8471,8471,8471
context,reward,measured,17,300,instantaneous,input.weight,1024,0.4991101049842027,0.4798689208646844,0.9587972657052811,0.28410356399065617,0.75,512,1024,512
context,reward,measured,17,300,instantaneous,input.bias,256,4.769107931750955,0.4789367757136566,0.2013543180356825,0.9847046275139477,0.828125,256,256,256
context,reward,measured,17,300,instantaneous,edge_log_gain,6678,0.04617666446193999,0.012720803316992137,0.49011610776286657,0.8976939016269917,0.8358790056903265,6678,6678,6678
context,reward,measured,17,300,instantaneous,alpha_logit,256,0.014560829639718236,0.00969375618610219,0.6617629581043005,0.749723695931595,0.875,256,256,256
context,reward,measured,17,300,instantaneous,beta_logit,256,0.012118567962634828,0.0016914637734035491,0.9471820217527337,0.8689495765794806,0.74609375,256,256,256
context,reward,measured,17,300,instantaneous,recurrent_logit,1,0.4259872839214787,0.025091343042205318,1.0,0.9410983754932216,1.0,1,1,1
context,reward,measured,17,300,instantaneous,combined_core,8471,4.814297216566516,0.6786330677429546,0.21445109080062189,0.979495468576185,0.8284960422163589,7959,8471,7959
context,reward,measured,29,300,eligibility,input.weight,1024,1.3671265682714604,0.6690529527200767,0.5007871284051784,0.8656455579019443,0.8623046875,1024,1024,1024
context,reward,measured,29,300,eligibility,input.bias,256,7.075799324803296,1.4683203289174478,0.4730522942195869,0.9201807675326173,0.8203125,256,256,256
context,reward,measured,29,300,eligibility,edge_log_gain,6678,0.05821061631126423,0.01793394471769173,0.4642461763660825,0.8993670659860509,0.7638514525306979,6678,6678,6678
context,reward,measured,29,300,eligibility,alpha_logit,256,0.021482111254538857,0.013883240534191685,0.6615383488371253,0.7500667573478005,0.82421875,256,256,256
context,reward,measured,29,300,eligibility,beta_logit,256,0.009889683923234235,0.009889683923234235,1.0,2.6711467934567125e-16,1.0,256,256,256
context,reward,measured,29,300,eligibility,recurrent_logit,1,0.38965617503092964,0.01631895864737932,1.0,0.9581195944191466,1.0,1,1,1
context,reward,measured,29,300,eligibility,combined_core,8471,7.217461523008181,1.613838569019839,0.4618886019306183,0.9183895912932623,0.7864478810057844,8471,8471,8471
context,reward,measured,29,300,instantaneous,input.weight,1024,1.3671265682714604,0.6622639032469847,0.4851632177740139,0.8744239269379159,0.95703125,512,1024,512
context,reward,measured,29,300,instantaneous,input.bias,256,7.075799324803296,0.6523916944434642,0.51250558683209,0.9560305715708854,0.7890625,256,256,256
context,reward,measured,29,300,instantaneous,edge_log_gain,6678,0.05821061631126423,0.010523216431778958,0.4611815575334287,0.9305576586966366,0.6985624438454627,6678,6678,6678
context,reward,measured,29,300,instantaneous,alpha_logit,256,0.021482111254538857,0.013627465964229764,0.6429667329403359,0.7659424240797781,0.796875,256,256,256
context,reward,measured,29,300,instantaneous,beta_logit,256,0.009889683923234235,0.0012870409890675895,0.8527541502654056,0.8916175925258999,0.671875,256,256,256
context,reward,measured,29,300,instantaneous,recurrent_logit,1,0.38965617503092964,0.03262759682278103,1.0,0.9162656749371644,1.0,1,1,1
context,reward,measured,29,300,instantaneous,combined_core,8471,7.217461523008181,0.930360716595643,0.41970987348228955,0.9531062863194556,0.7204422666164091,7959,8471,7959
context,reward,measured,41,300,eligibility,input.weight,1024,0.07618256282191045,0.01827215450336121,0.285332927516868,0.9595072149909145,0.791015625,1024,1024,1024
context,reward,measured,41,300,eligibility,input.bias,256,0.1383607374004739,0.02700211079768929,0.14523965746472003,0.9906549424496415,0.77734375,256,256,256
context,reward,measured,41,300,eligibility,edge_log_gain,6678,0.0012818791092367601,0.0006741518852937862,0.48437346657742375,0.8758467637105528,0.7767295597484277,6678,6678,6678
context,reward,measured,41,300,eligibility,alpha_logit,256,0.0005495226279824878,0.00045341703919611875,0.8835223161418282,0.4720171877146936,0.8984375,256,256,256
context,reward,measured,41,300,eligibility,beta_logit,256,0.0003322619895260554,0.0003322619895260554,0.9999999999999999,1.529977885250119e-15,1.0,256,256,256
context,reward,measured,41,300,eligibility,recurrent_logit,1,0.003321461643321533,0.0004853202567079682,1.0,0.8538835281497824,1.0,1,1,1
context,reward,measured,41,300,eligibility,combined_core,8471,0.15798912692576125,0.032618884396657784,0.18282392246327792,0.9834298205595358,0.7889269271632628,8471,8471,8471
context,reward,measured,41,300,instantaneous,input.weight,1024,0.07618256282191045,0.017727016710647865,0.17934026824779378,0.9852326612300698,0.6953125,512,1024,512
context,reward,measured,41,300,instantaneous,input.bias,256,0.1383607374004739,0.013593788794150057,0.005781768402340616,1.0042493413641926,0.73046875,256,256,256
context,reward,measured,41,300,instantaneous,edge_log_gain,6678,0.0012818791092367601,0.0005185580516488921,0.4020443273284101,0.9156235773917362,0.7012578616352201,6678,6678,6678
context,reward,measured,41,300,instantaneous,alpha_logit,256,0.0005495226279824878,0.0007199741087402154,0.8544433669863178,0.6911029784944637,0.8125,256,256,256
context,reward,measured,41,300,instantaneous,beta_logit,256,0.0003322619895260554,3.773914630079556e-05,0.6963050475341076,0.9245133055438616,0.66015625,256,256,256
context,reward,measured,41,300,instantaneous,recurrent_logit,1,0.003321461643321533,0.0006887464141479365,1.0,0.7926375529481727,1.0,1,1,1
context,reward,measured,41,300,instantaneous,combined_core,8471,0.15798912692576125,0.02236741550282239,0.07243557888255747,0.9997666919043267,0.7041085563513004,7959,8471,7959
context,reward,null,17,300,eligibility,input.weight,1024,0.8522465522298898,0.8381728737687401,0.9867431026771373,0.1623226896731327,0.822265625,1024,1024,1024
context,reward,null,17,300,eligibility,input.bias,256,5.790873866584258,1.6563076160165617,0.5152160053139547,0.8871770558812208,0.75390625,256,256,256
context,reward,null,17,300,eligibility,edge_log_gain,6678,0.01678371131292517,0.006276340038044632,0.5055877233376193,0.8727590890279775,0.7584606169511829,6678,6678,6678
context,reward,null,17,300,eligibility,alpha_logit,256,0.017330241057273425,0.01735668233735963,0.989377754877968,0.14587402602306024,0.96484375,256,256,256
context,reward,null,17,300,eligibility,beta_logit,256,0.005495490824917409,0.005495490824917409,0.9999999999999999,2.4620852803204717e-16,1.0,256,256,256
context,reward,null,17,300,eligibility,recurrent_logit,1,0.1900778974039584,0.04468008944938809,1.0,0.7649380066824244,1.0,1,1,1
context,reward,null,17,300,eligibility,combined_core,8471,5.8563884913996,1.8569479914297167,0.5200374601949385,0.8779250939706016,0.779600991618463,8471,8471,8471
context,reward,null,17,300,instantaneous,input.weight,1024,0.8522465522298898,0.8372280632632961,0.984220094518412,0.17695818637177055,0.9296875,512,1024,512
context,reward,null,17,300,instantaneous,input.bias,256,5.790873866584258,0.8303628991360775,0.5190462981982308,0.9336526992215981,0.62890625,256,256,256
context,reward,null,17,300,instantaneous,edge_log_gain,6678,0.01678371131292517,0.003414065975604172,0.45387782376372604,0.9255951210693885,0.70020964360587,6678,6678,6678
context,reward,null,17,300,instantaneous,alpha_logit,256,0.017330241057273425,0.017321724459865056,0.9885881624181705,0.151038738183757,0.95703125,256,256,256
context,reward,null,17,300,instantaneous,beta_logit,256,0.005495490824917409,0.0018033941956533616,0.5796612523715606,0.8527873523616492,0.6328125,256,256,256
context,reward,null,17,300,instantaneous,recurrent_logit,1,0.1900778974039584,0.029015488536461832,1.0,0.8473494870642567,1.0,1,1,1
context,reward,null,17,300,instantaneous,combined_core,8471,5.8563884913996,1.1796653012476312,0.46376504719972134,0.9239807878125617,0.7188088955898982,7959,8471,7959
context,reward,null,29,300,eligibility,input.weight,1024,0.12197158528336713,0.0973972698592835,0.8112049000346282,0.5848994860620801,0.7685546875,1024,1024,1024
context,reward,null,29,300,eligibility,input.bias,256,0.25985081909792157,0.19621713072064945,0.7888994149984788,0.6154503481651794,0.80859375,256,256,256
context,reward,null,29,300,eligibility,edge_log_gain,6678,0.0027757012465961864,0.0018418334977196285,0.69998930766483,0.7150820566039066,0.761455525606469,6678,6678,6678
context,reward,null,29,300,eligibility,alpha_logit,256,0.0020692823219725237,0.0019794407829558836,0.9709395302732918,0.2397551494618156,0.9140625,256,256,256
context,reward,null,29,300,eligibility,beta_logit,256,0.000916882379323709,0.000916882379323709,1.0,9.957019877329639e-16,1.0,256,256,256
context,reward,null,29,300,eligibility,recurrent_logit,1,0.022175310690142683,0.0027823322084679146,1.0,0.8745301814551482,1.0,1,1,1
context,reward,null,29,300,eligibility,combined_core,8471,0.28793069882636474,0.21909651559654908,0.7914881558897114,0.6119477109521916,0.7755872978396884,8471,8471,8471
context,reward,null,29,300,instantaneous,input.weight,1024,0.12197158528336713,0.07059215701408732,0.5605140320223199,0.8283458818906158,0.65625,512,1024,512
context,reward,null,29,300,instantaneous,input.bias,256,0.25985081909792157,0.07027839637417833,0.5301881431023658,0.8867699548099424,0.68359375,256,256,256
context,reward,null,29,300,instantaneous,edge_log_gain,6678,0.0027757012465961864,0.0011782565822085753,0.5570517140645828,0.8409911272557716,0.665318957771788,6678,6678,6678
context,reward,null,29,300,instantaneous,alpha_logit,256,0.0020692823219725237,0.0023656744896353304,0.8796054010641441,0.5438699525505315,0.828125,256,256,256
context,reward,null,29,300,instantaneous,beta_logit,256,0.000916882379323709,0.00017527418045160166,0.35479255950396804,0.9491558371304301,0.61328125,256,256,256
context,reward,null,29,300,instantaneous,recurrent_logit,1,0.022175310690142683,0.0007493637547338629,1.0,0.9662072939944437,1.0,1,1,1
context,reward,null,29,300,instantaneous,combined_core,8471,0.28793069882636474,0.09964879628107583,0.5064557976346359,0.8770524403764446,0.6689282573187586,7959,8471,7959
context,reward,null,41,300,eligibility,input.weight,1024,1.1634891437295078,1.1629853306115119,0.9995552092592197,0.02982253814361674,0.865234375,1024,1024,1024
context,reward,null,41,300,eligibility,input.bias,256,2.025916870844162,1.7699115835518096,0.8745231342273112,0.4849846149604879,0.87890625,256,256,256
context,reward,null,41,300,eligibility,edge_log_gain,6678,0.017231544403679376,0.01389220033066552,0.8161396936871386,0.57794000455454,0.8427672955974843,6678,6678,6678
context,reward,null,41,300,eligibility,alpha_logit,256,0.021656229501688978,0.02152411662854758,0.9975231507030519,0.07043219673065179,0.96875,256,256,256
context,reward,null,41,300,eligibility,beta_logit,256,0.009001524071318117,0.009001524071318118,1.0,2.998004214248004e-16,1.0,256,256,256
context,reward,null,41,300,eligibility,recurrent_logit,1,0.11380674719904314,0.009014313119815001,1.0,0.920792805860189,1.0,1,1,1
context,reward,null,41,300,eligibility,combined_core,8471,2.339197528360918,2.118003885480791,0.9062715258069257,0.42269683264075786,0.8551528745130446,8471,8471,8471
context,reward,null,41,300,instantaneous,input.weight,1024,1.1634891437295078,1.1603696455650192,0.9984914948335325,0.05491912107493182,0.95703125,512,1024,512
context,reward,null,41,300,instantaneous,input.bias,256,2.025916870844162,1.1585047975972729,0.719531183161065,0.7099907793686927,0.87890625,256,256,256
context,reward,null,41,300,instantaneous,edge_log_gain,6678,0.017231544403679376,0.00868206036779755,0.7788730432061374,0.6848329413916809,0.8261455525606469,6678,6678,6678
context,reward,null,41,300,instantaneous,alpha_logit,256,0.021656229501688978,0.021312825766131662,0.9948063401080287,0.10234282287350528,0.94140625,256,256,256
context,reward,null,41,300,instantaneous,beta_logit,256,0.009001524071318117,0.0019756888065220915,0.5746214788058492,0.8921507267859421,0.625,256,256,256
context,reward,null,41,300,instantaneous,recurrent_logit,1,0.11380674719904314,0.056275580768656706,1.0,0.5055163058985148,1.0,1,1,1
context,reward,null,41,300,instantaneous,combined_core,8471,2.339197528360918,1.6408203861044823,0.7930262635945305,0.6160327250899696,0.8335217992210077,7959,8471,7959
context,reward,measured,17,600,eligibility,input.weight,1024,0.7012296569992518,0.6472231994414136,0.9240284025457663,0.38232525906241044,0.8203125,1024,1024,1024
context,reward,measured,17,600,eligibility,input.bias,256,7.574885603922952,1.3848405307329035,0.2070301063248293,0.9786340810933195,0.80859375,256,256,256
context,reward,measured,17,600,eligibility,edge_log_gain,6678,0.06802766226241481,0.029712493108113396,0.4835585002588847,0.87656161811093,0.8150643905360887,6678,6678,6678
context,reward,measured,17,600,eligibility,alpha_logit,256,0.020832451069156828,0.013533534107864507,0.5850368327080752,0.8135755067412703,0.84765625,256,256,256
context,reward,measured,17,600,eligibility,beta_logit,256,0.015498712270604339,0.015498712270604339,0.9999999999999999,2.7185040033541315e-16,1.0,256,256,256
context,reward,measured,17,600,eligibility,recurrent_logit,1,0.8017719798027028,0.11432597807567649,1.0,0.8574083642785704,1.0,1,1,1
context,reward,measured,17,600,eligibility,combined_core,8471,7.649755238953966,1.5333159470875282,0.22883905115208536,0.9738784329407268,0.8220989257466651,8471,8471,8471
context,reward,measured,17,600,instantaneous,input.weight,1024,0.7012296569992518,0.6446630588811001,0.9222936363036921,0.38650125235117,0.931640625,512,1024,512
context,reward,measured,17,600,instantaneous,input.bias,256,7.574885603922952,0.6436709936581032,0.18377402354407607,0.9879212941424309,0.77734375,256,256,256
context,reward,measured,17,600,instantaneous,edge_log_gain,6678,0.06802766226241481,0.017296982317552966,0.4610648400937895,0.9111453342623791,0.7923030847559149,6678,6678,6678
context,reward,measured,17,600,instantaneous,alpha_logit,256,0.020832451069156828,0.012574325541033778,0.5785477167887133,0.816032974207498,0.859375,256,256,256
context,reward,measured,17,600,instantaneous,beta_logit,256,0.015498712270604339,0.0021662087776862645,0.9463878580159095,0.8688999964024695,0.73828125,256,256,256
context,reward,measured,17,600,instantaneous,recurrent_logit,1,0.8017719798027028,0.05861751325395753,1.0,0.9268900451367957,1.0,1,1,1
context,reward,measured,17,600,instantaneous,combined_core,8471,7.649755238953966,0.913126941965573,0.19479565898812937,0.9837398849696545,0.8012313104661389,7959,8471,7959
context,reward,measured,29,600,eligibility,input.weight,1024,1.248120810382415,0.9783151347456348,0.7960155754969734,0.6053987777506504,0.75,1024,1024,1024
context,reward,measured,29,600,eligibility,input.bias,256,12.29791397979611,2.2418144721958853,0.4622110561247753,0.9299007875964991,0.83203125,256,256,256
context,reward,measured,29,600,eligibility,edge_log_gain,6678,0.08855594362137123,0.02946303592170674,0.528008550647436,0.8714070873761504,0.7960467205750225,6678,6678,6678
context,reward,measured,29,600,eligibility,alpha_logit,256,0.03254243238362934,0.02175138493578746,0.6780702610521098,0.7350606922419078,0.859375,256,256,256
context,reward,measured,29,600,eligibility,beta_logit,256,0.016583023900569562,0.01658302390056956,1.0,3.4319415192372316e-16,1.0,256,256,256
context,reward,measured,29,600,eligibility,recurrent_logit,1,0.65916694808371,0.07212629564559248,1.0,0.8905796234849553,1.0,1,1,1
context,reward,measured,29,600,eligibility,combined_core,8471,12.379021408776945,2.4473763550089473,0.4543369327935146,0.9270591403815972,0.7996694605123362,8471,8471,8471
context,reward,measured,29,600,instantaneous,input.weight,1024,1.248120810382415,0.9742311627442981,0.7921766980698759,0.6104023789745286,0.88671875,512,1024,512
context,reward,measured,29,600,instantaneous,input.bias,256,12.29791397979611,0.9724493875854766,0.545921911959678,0.9591224764377538,0.76953125,256,256,256
context,reward,measured,29,600,instantaneous,edge_log_gain,6678,0.08855594362137123,0.017047584780885108,0.5350013747455254,0.9116338878314435,0.7479784366576819,6678,6678,6678
context,reward,measured,29,600,instantaneous,alpha_logit,256,0.03254243238362934,0.02112464256525529,0.6544169163190106,0.7561523192546222,0.82421875,256,256,256
context,reward,measured,29,600,instantaneous,beta_logit,256,0.016583023900569562,0.00240710836310426,0.9072200363656382,0.8704567585892301,0.69921875,256,256,256
context,reward,measured,29,600,instantaneous,recurrent_logit,1,0.65916694808371,0.08805824430021045,1.0,0.8664098001937021,1.0,1,1,1
context,reward,measured,29,600,instantaneous,combined_core,8471,12.379021408776945,1.3795945379377796,0.44216613949966654,0.9559627621304757,0.7585123759266239,7959,8471,7959
context,reward,measured,41,600,eligibility,input.weight,1024,4.349823316021092,2.716831928650076,0.6515875551291459,0.7590539023125679,0.82421875,1024,1024,1024
context,reward,measured,41,600,eligibility,input.bias,256,60.8285200323133,5.590976297067186,0.5684802949349298,0.9507606654881504,0.73046875,256,256,256
context,reward,measured,41,600,eligibility,edge_log_gain,6678,0.12493232611363211,0.017160225585551105,0.45225205449824735,0.9458475027608247,0.7524707996406109,6678,6678,6678
context,reward,measured,41,600,eligibility,alpha_logit,256,0.048514068745020414,0.04330615360006829,0.8856991776752476,0.46431164178331275,0.9296875,256,256,256
context,reward,measured,41,600,eligibility,beta_logit,256,0.01084912223734731,0.010849122237347311,1.0,3.632018318263342e-16,1.0,256,256,256
context,reward,measured,41,600,eligibility,recurrent_logit,1,0.8065303249638,0.06267906252727783,1.0,0.922285547626382,1.0,1,1,1
context,reward,measured,41,600,eligibility,combined_core,8471,60.989330073150136,6.216623516629748,0.5303703975821502,0.9498782454378445,0.7733443513162555,8471,8471,8471
context,reward,measured,41,600,instantaneous,input.weight,1024,4.349823316021092,2.698493323979937,0.6379189335750939,0.7703034806118672,0.923828125,512,1024,512
context,reward,measured,41,600,instantaneous,input.bias,256,60.8285200323133,2.678687259121406,0.6115387652645298,0.9736934492945327,0.7421875,256,256,256
context,reward,measured,41,600,instantaneous,edge_log_gain,6678,0.12493232611363211,0.00886002001020634,0.4596005870919676,0.9694539816855778,0.7127882599580713,6678,6678,6678
context,reward,measured,41,600,instantaneous,alpha_logit,256,0.048514068745020414,0.0423222448201035,0.8838645743279924,0.46788409552981586,0.921875,256,256,256
context,reward,measured,41,600,instantaneous,beta_logit,256,0.01084912223734731,0.003828253482909036,0.2996832562646992,0.9555197683738946,0.6015625,256,256,256
context,reward,measured,41,600,instantaneous,recurrent_logit,1,0.8065303249638,0.03975235305863548,1.0,0.9507118928721996,1.0,1,1,1
context,reward,measured,41,600,instantaneous,combined_core,8471,60.989330073150136,3.802722212994692,0.4620740773789852,0.9727622493317225,0.7304937806257068,7959,8471,7959
context,reward,null,17,600,eligibility,input.weight,1024,0.7232524773865322,0.685518886894508,0.9533029910585669,0.30206519777727586,0.7734375,1024,1024,1024
context,reward,null,17,600,eligibility,input.bias,256,1.5474863635251126,0.9866731165555094,0.7720182037689493,0.6496590446253605,0.83203125,256,256,256
context,reward,null,17,600,eligibility,edge_log_gain,6678,0.007726071777196006,0.004869114853978029,0.6783018725433797,0.7363549157181911,0.7725366876310272,6678,6678,6678
context,reward,null,17,600,eligibility,alpha_logit,256,0.01467883666198652,0.01461891086737468,0.9958413163240233,0.09110476667969872,0.98046875,256,256,256
context,reward,null,17,600,eligibility,beta_logit,256,0.006224685635808571,0.006224685635808571,1.0,2.649375801748352e-16,1.0,256,256,256
context,reward,null,17,600,eligibility,recurrent_logit,1,0.011064118311005306,0.0034665638565227327,-1.0,1.313315870192259,0.0,1,1,1
context,reward,null,17,600,eligibility,combined_core,8471,1.7082870113649096,1.2015607216587487,0.8046613962376086,0.6023119142583009,0.7875103293589895,8471,8471,8471
context,reward,null,17,600,instantaneous,input.weight,1024,0.7232524773865322,0.6828493994211409,0.9480840299032955,0.3180444175870728,0.876953125,512,1024,512
context,reward,null,17,600,instantaneous,input.bias,256,1.5474863635251126,0.6790548409811965,0.46195865616477777,0.8872034659412458,0.703125,256,256,256
context,reward,null,17,600,instantaneous,edge_log_gain,6678,0.007726071777196006,0.003166056338225525,0.5011385799643189,0.8701752339352236,0.6726564839772387,6678,6678,6678
context,reward,null,17,600,instantaneous,alpha_logit,256,0.01467883666198652,0.014591375703243993,0.993030488472991,0.11786208680263437,0.94921875,256,256,256
context,reward,null,17,600,instantaneous,beta_logit,256,0.006224685635808571,0.0015987791277517701,0.6098111305136568,0.867591783755477,0.65625,256,256,256
context,reward,null,17,600,instantaneous,recurrent_logit,1,0.011064118311005306,0.002040607748383372,-1.0,1.1844347367791261,0.0,1,1,1
context,reward,null,17,600,instantaneous,combined_core,8471,1.7082870113649096,0.9631346903118702,0.5797569764321369,0.8149456590296871,0.6950621937429325,7959,8471,7959
context,reward,null,29,600,eligibility,input.weight,1024,0.06242455694426346,0.04705746346043479,0.8152166956563806,0.5824003303474038,0.7958984375,1024,1024,1024
context,reward,null,29,600,eligibility,input.bias,256,0.11344699410982809,0.06871550140796476,0.7077068207175198,0.7138313987113079,0.79296875,256,256,256
context,reward,null,29,600,eligibility,edge_log_gain,6678,0.0011198773043223436,0.0007691953889871298,0.7361800932006133,0.678580616770462,0.782869122491764,6678,6678,6678
context,reward,null,29,600,eligibility,alpha_logit,256,0.0008667707399029656,0.0008409040454904082,0.9603155187681407,0.2790895322211705,0.89453125,256,256,256
context,reward,null,29,600,eligibility,beta_logit,256,0.0004894999452868723,0.0004894999452868724,0.9999999999999998,1.099550089425695e-15,1.0,256,256,256
context,reward,null,29,600,eligibility,recurrent_logit,1,0.0002786772293417956,0.00019738063646673124,-1.0,1.7082768726132458,0.0,1,1,1
context,reward,null,29,600,eligibility,combined_core,8471,0.12949659636503905,0.08329347124205123,0.7336422455537539,0.6855268738483572,0.7945933183803565,8471,8471,8471
context,reward,null,29,600,instantaneous,input.weight,1024,0.06242455694426346,0.03340742509868689,0.6291528562947701,0.7829434458806808,0.85546875,512,1024,512
context,reward,null,29,600,instantaneous,input.bias,256,0.11344699410982809,0.03177852437892508,0.5902975283099581,0.8647313346587443,0.75390625,256,256,256
context,reward,null,29,600,instantaneous,edge_log_gain,6678,0.0011198773043223436,0.0006385653553553573,0.6134098212589014,0.7909453879140614,0.7154836777478287,6678,6678,6678
context,reward,null,29,600,instantaneous,alpha_logit,256,0.0008667707399029656,0.0010605186271081027,0.8350604959777527,0.673484439291235,0.82421875,256,256,256
context,reward,null,29,600,instantaneous,beta_logit,256,0.0004894999452868723,6.631061032974828e-05,0.4893603447785126,0.9411522962267342,0.6796875,256,256,256
context,reward,null,29,600,instantaneous,recurrent_logit,1,0.0002786772293417956,0.0002939943110746168,-1.0,2.054963520948584,0.0,1,1,1
context,reward,null,29,600,instantaneous,combined_core,8471,0.12949659636503905,0.04612541553904746,0.5761396640769444,0.8464282984886423,0.7279809021233823,7959,8471,7959
context,reward,null,41,600,eligibility,input.weight,1024,0.9275057283481054,0.9258128483036087,0.9975959388166385,0.06930135598295664,0.8037109375,1024,1024,1024
context,reward,null,41,600,eligibility,input.bias,256,1.3045774293425978,1.1925074957983604,0.9191014533212291,0.3940527689097802,0.88671875,256,256,256
context,reward,null,41,600,eligibility,edge_log_gain,6678,0.015515155658567103,0.011902890757022156,0.7877535254727125,0.6163341001191784,0.8261455525606469,6678,6678,6678
context,reward,null,41,600,eligibility,alpha_logit,256,0.016203569491685634,0.016091956334931424,0.990758310646373,0.13565953293408894,0.9375,256,256,256
context,reward,null,41,600,eligibility,beta_logit,256,0.014291939552003273,0.014291939552003273,0.9999999999999999,3.317260948678588e-16,1.0,256,256,256
context,reward,null,41,600,eligibility,recurrent_logit,1,0.10483858043845383,0.0034116972035429247,1.0,0.9674576173268029,1.0,1,1,1
context,reward,null,41,600,eligibility,combined_core,8471,1.6043340700965543,1.5099073106321272,0.944297037658375,0.32910948705212145,0.8339039074489435,8471,8471,8471
context,reward,null,41,600,instantaneous,input.weight,1024,0.9275057283481054,0.925522262238596,0.9962125567453392,0.08696700991847603,0.865234375,512,1024,512
context,reward,null,41,600,instantaneous,input.bias,256,1.3045774293425978,0.9243970563472217,0.45684685418387144,0.924478429711655,0.78125,256,256,256
context,reward,null,41,600,instantaneous,edge_log_gain,6678,0.015515155658567103,0.009053879969502177,0.6957400457583339,0.72700222673519,0.7208745133273435,6678,6678,6678
context,reward,null,41,600,instantaneous,alpha_logit,256,0.016203569491685634,0.016033633025204243,0.9857617076358627,0.16819014089179807,0.90625,256,256,256
context,reward,null,41,600,instantaneous,beta_logit,256,0.014291939552003273,0.002269742113499151,0.6029485718795633,0.9130770256424986,0.671875,256,256,256
context,reward,null,41,600,instantaneous,recurrent_logit,1,0.10483858043845383,0.08028348187578097,1.0,0.2342181519434832,1.0,1,1,1
context,reward,null,41,600,instantaneous,combined_core,8471,1.6043340700965543,1.3106834152473685,0.6728728122409022,0.7536607269387463,0.7365246890312853,7959,8471,7959
context,reward,measured,17,900,eligibility,input.weight,1024,0.640337099852499,0.6262213429882957,0.9771726996251062,0.21244794247346074,0.7822265625,1024,1024,1024
context,reward,measured,17,900,eligibility,input.bias,256,7.709780160440716,1.3352851249262414,0.2041156010686338,0.979435034695485,0.80078125,256,256,256
context,reward,measured,17,900,eligibility,edge_log_gain,6678,0.07027252693742424,0.029635617688105305,0.4808087938954965,0.8788139197738579,0.8188080263551961,6678,6678,6678
context,reward,measured,17,900,eligibility,alpha_logit,256,0.021358388977131607,0.013073160248585269,0.5514244674188498,0.8364274134094726,0.84765625,256,256,256
context,reward,measured,17,900,eligibility,beta_logit,256,0.01510376860470533,0.01510376860470533,1.0,2.3107588550115367e-16,1.0,256,256,256
context,reward,measured,17,900,eligibility,recurrent_logit,1,0.8690827336565579,0.12333183473013588,1.0,0.8580896502094427,1.0,1,1,1
context,reward,measured,17,900,eligibility,combined_core,8471,7.7853496423963335,1.4804146641741835,0.22573579273521277,0.9748381518786293,0.8202101286743005,8471,8471,8471
context,reward,measured,17,900,instantaneous,input.weight,1024,0.640337099852499,0.6269441769496464,0.9765536017311321,0.21528926765898446,0.798828125,512,1024,512
context,reward,measured,17,900,instantaneous,input.bias,256,7.709780160440716,0.625778769095709,0.17916889829728927,0.9886874644128656,0.77734375,256,256,256
context,reward,measured,17,900,instantaneous,edge_log_gain,6678,0.07027252693742424,0.017226249985511557,0.4570696114442724,0.9143323714283137,0.7976939203354297,6678,6678,6678
context,reward,measured,17,900,instantaneous,alpha_logit,256,0.021358388977131607,0.012173246942164838,0.5503737687338357,0.8351478936576352,0.87109375,256,256,256
context,reward,measured,17,900,instantaneous,beta_logit,256,0.01510376860470533,0.002102952242753808,0.9451250959214123,0.8695974002408987,0.73828125,256,256,256
context,reward,measured,17,900,instantaneous,recurrent_logit,1,0.8690827336565579,0.06358918653264639,1.0,0.9268318376719985,1.0,1,1,1
context,reward,measured,17,900,instantaneous,combined_core,8471,7.7853496423963335,0.8883417177774031,0.18976940685859867,0.9847399573484743,0.7975876366377685,7959,8471,7959
context,reward,measured,29,900,eligibility,input.weight,1024,1.5868544723413067,0.7181037142882787,0.4631942327400688,0.8863209174332083,0.861328125,1024,1024,1024
context,reward,measured,29,900,eligibility,input.bias,256,8.528207358220026,1.5547175173140713,0.46937845107764276,0.9284913582613749,0.81640625,256,256,256
context,reward,measured,29,900,eligibility,edge_log_gain,6678,0.06414789877081711,0.018429002554867218,0.44975909111041934,0.9078068104173642,0.7648996705600479,6678,6678,6678
context,reward,measured,29,900,eligibility,alpha_logit,256,0.023320448670010804,0.014583218593624336,0.6446759454778412,0.7647004569220022,0.83203125,256,256,256
context,reward,measured,29,900,eligibility,beta_logit,256,0.010218675606923933,0.010218675606923931,1.0,2.700040198634742e-16,1.0,256,256,256
context,reward,measured,29,900,eligibility,recurrent_logit,1,0.49038769765485285,0.022936068827935738,1.0,0.9532287026415602,1.0,1,1,1
context,reward,measured,29,900,eligibility,combined_core,8471,8.688709407775884,1.7128929581564658,0.45444261753638243,0.9271928051029056,0.7872742297249439,8471,8471,8471
context,reward,measured,29,900,instantaneous,input.weight,1024,1.5868544723413067,0.7108898541952118,0.4482257630367907,0.8939204228869052,0.953125,512,1024,512
context,reward,measured,29,900,instantaneous,input.bias,256,8.528207358220026,0.7004369575737934,0.525472524410671,0.9593902389620731,0.78515625,256,256,256
context,reward,measured,29,900,instantaneous,edge_log_gain,6678,0.06414789877081711,0.010899812759304366,0.45206000361303883,0.9355460855862947,0.6997604073075772,6678,6678,6678
context,reward,measured,29,900,instantaneous,alpha_logit,256,0.023320448670010804,0.014365051718564555,0.6267040829626054,0.7793310505865128,0.80078125,256,256,256
context,reward,measured,29,900,instantaneous,beta_logit,256,0.010218675606923933,0.0013302679830993894,0.8366029639531535,0.8939400288166689,0.67578125,256,256,256
context,reward,measured,29,900,instantaneous,recurrent_logit,1,0.49038769765485285,0.04099870584497561,1.0,0.9163953214139733,1.0,1,1,1
context,reward,measured,29,900,instantaneous,combined_core,8471,8.688709407775884,0.9989915617540798,0.4222573782762267,0.9571419212399741,0.7213217740922226,7959,8471,7959
context,reward,measured,41,900,eligibility,input.weight,1024,0.5533184222626488,0.31684939648067717,0.5115030211038474,0.8614532816904531,0.7900390625,1024,1024,1024
context,reward,measured,41,900,eligibility,input.bias,256,3.3076069650074635,0.9028191327063178,0.1413005338628115,0.9986823133036439,0.74609375,256,256,256
context,reward,measured,41,900,eligibility,edge_log_gain,6678,0.028458960657139987,0.009843368906436247,0.25683522174966594,0.9705485761877186,0.7514225816112609,6678,6678,6678
context,reward,measured,41,900,eligibility,alpha_logit,256,0.008540840441332551,0.006304781014682866,0.7128349554150265,0.7017900765589199,0.88671875,256,256,256
context,reward,measured,41,900,eligibility,beta_logit,256,0.015321258134144495,0.015321258134144495,1.0,3.1994130285554216e-16,1.0,256,256,256
context,reward,measured,41,900,eligibility,recurrent_logit,1,0.3481409090643298,0.025665149754475133,1.0,0.9262794199525322,1.0,1,1,1
context,reward,measured,41,900,eligibility,combined_core,8471,3.3717569312293536,0.9573432035944904,0.16137398399354305,0.9944739479307358,0.7675599102821391,8471,8471,8471
context,reward,measured,41,900,instantaneous,input.weight,1024,0.5533184222626488,0.3015570901715041,0.5354407244342031,0.8446268763624227,0.8828125,512,1024,512
context,reward,measured,41,900,instantaneous,input.bias,256,3.3076069650074635,0.2911238945466042,0.27260496997661915,0.9796731312390519,0.671875,256,256,256
context,reward,measured,41,900,instantaneous,edge_log_gain,6678,0.028458960657139987,0.005256588213133315,0.4041421118809402,0.9406490467955367,0.6322252171308775,6678,6678,6678
context,reward,measured,41,900,instantaneous,alpha_logit,256,0.008540840441332551,0.006115487831952385,0.7092723308092928,0.704966957227148,0.87890625,256,256,256
context,reward,measured,41,900,instantaneous,beta_logit,256,0.015321258134144495,0.0021348088503234048,0.8293775190357581,0.887856793647642,0.63671875,256,256,256
context,reward,measured,41,900,instantaneous,recurrent_logit,1,0.3481409090643298,0.04799623238924485,1.0,0.8621356148053947,1.0,1,1,1
context,reward,measured,41,900,instantaneous,combined_core,8471,3.3717569312293536,0.4219751500410207,0.2591189833953007,0.9750923336922707,0.657745947983415,7959,8471,7959
context,reward,null,17,900,eligibility,input.weight,1024,0.743952287980483,0.683258814988699,0.9255172634275705,0.37877196498777993,0.8330078125,1024,1024,1024
context,reward,null,17,900,eligibility,input.bias,256,2.8312976352566257,1.044003129220054,0.44274917773264444,0.8996949615562072,0.72265625,256,256,256
context,reward,null,17,900,eligibility,edge_log_gain,6678,0.012812619931996448,0.005401892752512799,0.4674918919435667,0.8851874018328333,0.718628331835879,6678,6678,6678
context,reward,null,17,900,eligibility,alpha_logit,256,0.014689525409193188,0.014667840660233565,0.9898690564160565,0.14224681244997286,0.9453125,256,256,256
context,reward,null,17,900,eligibility,beta_logit,256,0.006369697815021899,0.006369697815021899,1.0,2.1635935680117386e-16,1.0,256,256,256
context,reward,null,17,900,eligibility,recurrent_logit,1,0.10710498335182717,0.027714022098577214,1.0,0.7412443265357698,1.0,1,1,1
context,reward,null,17,900,eligibility,combined_core,8471,2.9294373695466653,1.2481338502528891,0.4874891134015429,0.8752868988467822,0.747963640656357,8471,8471,8471
context,reward,null,17,900,instantaneous,input.weight,1024,0.743952287980483,0.6803192401372586,0.9180788860778217,0.39641419028640473,1.0,512,1024,512
context,reward,null,17,900,instantaneous,input.bias,256,2.8312976352566257,0.6480881466522386,0.32932001535270355,0.9495431611383555,0.6953125,256,256,256
context,reward,null,17,900,instantaneous,edge_log_gain,6678,0.012812619931996448,0.0034351512498391164,0.32144148063979994,0.9484302592635255,0.6820904462413896,6678,6678,6678
context,reward,null,17,900,instantaneous,alpha_logit,256,0.014689525409193188,0.014517597111309035,0.9872370663107354,0.15926109362008364,0.9296875,256,256,256
context,reward,null,17,900,instantaneous,beta_logit,256,0.006369697815021899,0.0015379237925554384,0.5869596876014436,0.8802610869148837,0.671875,256,256,256
context,reward,null,17,900,instantaneous,recurrent_logit,1,0.10710498335182717,0.01779489922165732,1.0,0.8338555437406382,1.0,1,1,1
context,reward,null,17,900,instantaneous,combined_core,8471,2.9294373695466653,0.9398904717412374,0.38900913286860056,0.923752385533922,0.7106420404573439,7959,8471,7959
context,reward,null,29,900,eligibility,input.weight,1024,0.20166903150071405,0.199279776847905,0.9881480423910403,0.15350389682181623,0.8037109375,1024,1024,1024
context,reward,null,29,900,eligibility,input.bias,256,0.5867236252727634,0.5272326701229654,0.8929761463986134,0.4501391826809091,0.90234375,256,256,256
context,reward,null,29,900,eligibility,edge_log_gain,6678,0.0035155572789266074,0.0032678836129940527,0.9106911559599248,0.4135181325694776,0.824198861934711,6678,6678,6678
context,reward,null,29,900,eligibility,alpha_logit,256,0.005157588883613352,0.005119233038813231,0.9984615281481196,0.05576169676772011,0.98046875,256,256,256
context,reward,null,29,900,eligibility,beta_logit,256,0.0016283525806586748,0.0016283525806586748,1.0,5.100006275146834e-16,1.0,256,256,256
context,reward,null,29,900,eligibility,recurrent_logit,1,0.013625851111415718,0.0020948640263934943,1.0,0.8462581156021571,1.0,1,1,1
context,reward,null,29,900,eligibility,combined_core,8471,0.620598328982895,0.5636760093379638,0.9033692983668188,0.4288916055234054,0.8341400070829891,8471,8471,8471
context,reward,null,29,900,instantaneous,input.weight,1024,0.20166903150071405,0.19592988715526322,0.9624359737597409,0.2716613919540752,0.654296875,512,1024,512
context,reward,null,29,900,instantaneous,input.bias,256,0.5867236252727634,0.19532959101490396,0.6563203240567423,0.8208739792604121,0.7421875,256,256,256
context,reward,null,29,900,instantaneous,edge_log_gain,6678,0.0035155572789266074,0.001403729976175042,0.7715517734853602,0.7370793920185179,0.7112908056304282,6678,6678,6678
context,reward,null,29,900,instantaneous,alpha_logit,256,0.005157588883613352,0.005241716613882356,0.9897612139608586,0.145181452453192,0.9765625,256,256,256
context,reward,null,29,900,instantaneous,beta_logit,256,0.0016283525806586748,0.0004591007279479405,0.5052425349872636,0.8913995623728282,0.61328125,256,256,256
context,reward,null,29,900,instantaneous,recurrent_logit,1,0.013625851111415718,0.0008863092307661843,1.0,0.9349538444594014,1.0,1,1,1
context,reward,null,29,900,instantaneous,combined_core,8471,0.620598328982895,0.27671756752176235,0.6596907535809186,0.781357521001863,0.7140344264354819,7959,8471,7959
context,reward,null,41,900,eligibility,input.weight,1024,0.9031994946775422,0.8885979573518623,0.9873060020499997,0.15886760619989088,0.8466796875,1024,1024,1024
context,reward,null,41,900,eligibility,input.bias,256,1.4058821888468203,1.1845886959568397,0.8819037500096222,0.47306552134732355,0.8828125,256,256,256
context,reward,null,41,900,eligibility,edge_log_gain,6678,0.014525151867740912,0.011715889364550576,0.8397076329052908,0.5440474740253476,0.8439652590595986,6678,6678,6678
context,reward,null,41,900,eligibility,alpha_logit,256,0.01606182825528743,0.015864264934061054,0.9890870358103,0.14733892883340785,0.91015625,256,256,256
context,reward,null,41,900,eligibility,beta_logit,256,0.014674781049639185,0.014674781049639185,1.0,2.578344685144217e-16,1.0,256,256,256
context,reward,null,41,900,eligibility,recurrent_logit,1,0.057980542873432496,0.006399986938352445,-1.0,1.1103816318574866,0.0,1,1,1
context,reward,null,41,900,eligibility,combined_core,8471,1.6722201144038804,1.481047586810025,0.9130718498787614,0.4087178147182127,0.8520835792704521,8471,8471,8471
context,reward,null,41,900,instantaneous,input.weight,1024,0.9031994946775422,0.8861800175954572,0.9827098204017708,0.18515890963938583,0.94140625,512,1024,512
context,reward,null,41,900,instantaneous,input.bias,256,1.4058821888468203,0.8824499972944686,0.2047249652280332,1.0662936645221779,0.66796875,256,256,256
context,reward,null,41,900,instantaneous,edge_log_gain,6678,0.014525151867740912,0.008674402745917378,0.6975103074389208,0.72356186792421,0.7397424378556454,6678,6678,6678
context,reward,null,41,900,instantaneous,alpha_logit,256,0.01606182825528743,0.015884083856955323,0.9854414042831107,0.1700512720325938,0.89453125,256,256,256
context,reward,null,41,900,instantaneous,beta_logit,256,0.014674781049639185,0.002447292331942992,0.5887725874881133,0.9118301521263117,0.66015625,256,256,256
context,reward,null,41,900,instantaneous,recurrent_logit,1,0.057980542873432496,0.07393951722928116,1.0,0.27524706677352084,1.0,1,1,1
context,reward,null,41,900,instantaneous,combined_core,8471,1.6722201144038804,1.2529300108710466,0.49885664876459823,0.902133355698735,0.752858399296394,7959,8471,7959
