task,method,topology,step,delay,seed,current_accuracy,original_accuracy,current_cross_entropy
cue,bptt,measured,0,4,17,0.5,0.5,0.7000776685308665
cue,bptt,measured,0,4,29,0.4375,0.4375,0.7085054639028385
cue,bptt,measured,0,4,41,0.78515625,0.78515625,0.6292262107599527
cue,bptt,null,0,4,17,0.5,0.5,0.7456812564050779
cue,bptt,null,0,4,29,0.55859375,0.55859375,0.6742348837433383
cue,bptt,null,0,4,41,0.48828125,0.48828125,0.7024551313370466
cue,bptt,measured,0,8,17,0.5,0.5,0.7000291859731078
cue,bptt,measured,0,8,29,0.46484375,0.46484375,0.691026754793711
cue,bptt,measured,0,8,41,0.81640625,0.81640625,0.6269124664831907
cue,bptt,null,0,8,17,0.5,0.5,0.7227332573384047
cue,bptt,null,0,8,29,0.52734375,0.52734375,0.6834789623972028
cue,bptt,null,0,8,41,0.5234375,0.5234375,0.7006991765229031
cue,bptt,measured,0,12,17,0.5,0.5,0.6962866393150762
cue,bptt,measured,0,12,29,0.5234375,0.5234375,0.6825842019170523
cue,bptt,measured,0,12,41,0.83984375,0.83984375,0.6266724887536839
cue,bptt,null,0,12,17,0.5,0.5,0.7159560453146696
cue,bptt,null,0,12,29,0.53125,0.53125,0.6888962275115773
cue,bptt,null,0,12,41,0.4921875,0.4921875,0.7017948889406398
cue,bptt,measured,0,24,17,0.5,0.5,0.6910225810715929
cue,bptt,measured,0,24,29,0.46875,0.46875,0.6805272777564824
cue,bptt,measured,0,24,41,0.8828125,0.8828125,0.6187687464989722
cue,bptt,null,0,24,17,0.5,0.5,0.7139381250599399
cue,bptt,null,0,24,29,0.4921875,0.4921875,0.7049962737364694
cue,bptt,null,0,24,41,0.51953125,0.51953125,0.6994784774724394
cue,bptt,measured,0,48,17,0.5,0.5,0.6811505542136729
cue,bptt,measured,0,48,29,0.48828125,0.48828125,0.6679650895530358
cue,bptt,measured,0,48,41,0.78515625,0.78515625,0.6243915007216856
cue,bptt,null,0,48,17,0.5,0.5,0.7100012259325013
cue,bptt,null,0,48,29,0.5078125,0.5078125,0.7016927252989262
cue,bptt,null,0,48,41,0.515625,0.515625,0.7026084234239534
cue,bptt,measured,100,4,17,1.0,1.0,0.0037046350134914974
cue,bptt,measured,100,4,29,1.0,1.0,0.003509729984216392
cue,bptt,measured,100,4,41,1.0,1.0,0.0036771506756849703
cue,bptt,null,100,4,17,1.0,1.0,0.00851416059595067
cue,bptt,null,100,4,29,1.0,1.0,0.004739941834486672
cue,bptt,null,100,4,41,1.0,1.0,0.006774964642318082
cue,bptt,measured,100,8,17,1.0,1.0,0.0035182629408154753
cue,bptt,measured,100,8,29,1.0,1.0,0.0031438939386134734
cue,bptt,measured,100,8,41,1.0,1.0,0.003430740875955962
cue,bptt,null,100,8,17,1.0,1.0,0.013125999746989692
cue,bptt,null,100,8,29,1.0,1.0,0.004870566344834515
cue,bptt,null,100,8,41,1.0,1.0,0.0056426458759233356
cue,bptt,measured,100,12,17,1.0,1.0,0.0035166406341886614
cue,bptt,measured,100,12,29,1.0,1.0,0.003087750777012843
cue,bptt,measured,100,12,41,1.0,1.0,0.003385252681255224
cue,bptt,null,100,12,17,1.0,1.0,0.11502815700259816
cue,bptt,null,100,12,29,1.0,1.0,0.0067140860519430134
cue,bptt,null,100,12,41,1.0,1.0,0.006907004331878852
cue,bptt,measured,100,24,17,1.0,1.0,0.003805556899351359
cue,bptt,measured,100,24,29,1.0,1.0,0.003315395022582379
cue,bptt,measured,100,24,41,1.0,1.0,0.0035453589352982817
cue,bptt,null,100,24,17,0.5,0.5,1.6848238929378567
cue,bptt,null,100,24,29,1.0,1.0,0.05165069012218737
cue,bptt,null,100,24,41,1.0,1.0,0.045422491515637375
cue,bptt,measured,100,48,17,1.0,1.0,0.005187616592593258
cue,bptt,measured,100,48,29,1.0,1.0,0.004478536456190341
cue,bptt,measured,100,48,41,1.0,1.0,0.0047855828397587175
cue,bptt,null,100,48,17,0.5,0.5,2.1968465510399255
cue,bptt,null,100,48,29,0.578125,0.578125,0.5913459526345832
cue,bptt,null,100,48,41,0.69921875,0.69921875,0.43445108909509145
cue,bptt,measured,200,4,17,1.0,1.0,0.0015054062632771092
cue,bptt,measured,200,4,29,1.0,1.0,0.0015484842715522973
cue,bptt,measured,200,4,41,1.0,1.0,0.001541175633064995
cue,bptt,null,200,4,17,1.0,1.0,0.0021355071103243972
cue,bptt,null,200,4,29,1.0,1.0,0.0017323957886219432
cue,bptt,null,200,4,41,1.0,1.0,0.0022835924983155564
cue,bptt,measured,200,8,17,1.0,1.0,0.0014139566292215022
cue,bptt,measured,200,8,29,1.0,1.0,0.0013810472332806967
cue,bptt,measured,200,8,41,1.0,1.0,0.0014319437245831068
cue,bptt,null,200,8,17,1.0,1.0,0.002073774705422693
cue,bptt,null,200,8,29,1.0,1.0,0.001709613491584605
cue,bptt,null,200,8,41,1.0,1.0,0.0018014371385106642
cue,bptt,measured,200,12,17,1.0,1.0,0.0014159806273710274
cue,bptt,measured,200,12,29,1.0,1.0,0.0013583675272457185
cue,bptt,measured,200,12,41,1.0,1.0,0.0014177181583363563
cue,bptt,null,200,12,17,1.0,1.0,0.0028679674796876498
cue,bptt,null,200,12,29,1.0,1.0,0.002339076524549455
cue,bptt,null,200,12,41,1.0,1.0,0.0021442234528876725
cue,bptt,measured,200,24,17,1.0,1.0,0.0015572452666674508
cue,bptt,measured,200,24,29,1.0,1.0,0.0014712520983266586
cue,bptt,measured,200,24,41,1.0,1.0,0.0015035853116387443
cue,bptt,null,200,24,17,1.0,1.0,0.03273469422492781
cue,bptt,null,200,24,29,1.0,1.0,0.02159543330890301
cue,bptt,null,200,24,41,1.0,1.0,0.014805065984546673
cue,bptt,measured,200,48,17,1.0,1.0,0.0022807805971751804
cue,bptt,measured,200,48,29,1.0,1.0,0.0021107613806634618
cue,bptt,measured,200,48,41,1.0,1.0,0.002157357534088078
cue,bptt,null,200,48,17,0.515625,0.515625,0.6007659480674192
cue,bptt,null,200,48,29,0.65234375,0.65234375,0.53016944816045
cue,bptt,null,200,48,41,1.0,1.0,0.2534165757824667
cue,bptt,measured,300,4,17,1.0,1.0,0.000942495927120035
cue,bptt,measured,300,4,29,1.0,1.0,0.0009930597807397135
cue,bptt,measured,300,4,41,1.0,1.0,0.0009723682717321935
cue,bptt,null,300,4,17,1.0,1.0,0.0012249640521986294
cue,bptt,null,300,4,29,1.0,1.0,0.0010579558504559827
cue,bptt,null,300,4,41,1.0,1.0,0.0013778090392406739
cue,bptt,measured,300,8,17,1.0,1.0,0.0008776285835665476
cue,bptt,measured,300,8,29,1.0,1.0,0.0008815189555662073
cue,bptt,measured,300,8,41,1.0,1.0,0.000900646657555626
cue,bptt,null,300,8,17,1.0,1.0,0.001152722112237825
cue,bptt,null,300,8,29,1.0,1.0,0.0010187168163611204
cue,bptt,null,300,8,41,1.0,1.0,0.0010583656664948649
cue,bptt,measured,300,12,17,1.0,1.0,0.0008785353284110897
cue,bptt,measured,300,12,29,1.0,1.0,0.0008662860936965444
cue,bptt,measured,300,12,41,1.0,1.0,0.0008920540624330897
cue,bptt,null,300,12,17,1.0,1.0,0.0015866408934925857
cue,bptt,null,300,12,29,1.0,1.0,0.0013768143826382584
cue,bptt,null,300,12,41,1.0,1.0,0.0012550539358926471
cue,bptt,measured,300,24,17,1.0,1.0,0.0009738092110183061
cue,bptt,measured,300,24,29,1.0,1.0,0.0009402882442373084
cue,bptt,measured,300,24,41,1.0,1.0,0.0009513054123999609
cue,bptt,null,300,24,17,1.0,1.0,0.024584787162893917
cue,bptt,null,300,24,29,1.0,1.0,0.012914845272462117
cue,bptt,null,300,24,41,1.0,1.0,0.00976574399646779
cue,bptt,measured,300,48,17,1.0,1.0,0.0014847821998955624
cue,bptt,measured,300,48,29,1.0,1.0,0.0013883052574783505
cue,bptt,measured,300,48,41,1.0,1.0,0.0014167507197271334
cue,bptt,null,300,48,17,0.50390625,0.50390625,0.7540800071656122
cue,bptt,null,300,48,29,0.71875,0.71875,0.45372562281409046
cue,bptt,null,300,48,41,1.0,1.0,0.24233918532263488
cue,bptt,measured,400,4,17,0.5,0.5,0.6860053308773786
cue,bptt,measured,400,4,29,1.0,0.0,0.006612987815969973
cue,bptt,measured,400,4,41,1.0,0.0,0.006062078431568807
cue,bptt,null,400,4,17,0.5,0.5,0.705015174811706
cue,bptt,null,400,4,29,1.0,0.0,0.07252894794510212
cue,bptt,null,400,4,41,0.546875,0.453125,0.6904426719993353
cue,bptt,measured,400,8,17,0.5,0.5,0.6850861113052815
cue,bptt,measured,400,8,29,1.0,0.0,0.005529003699848545
cue,bptt,measured,400,8,41,1.0,0.0,0.005195739075134043
cue,bptt,null,400,8,17,0.5,0.5,0.6950311735272408
cue,bptt,null,400,8,29,1.0,0.0,0.05904951781849377
cue,bptt,null,400,8,41,0.5,0.5,0.6909337455872446
cue,bptt,measured,400,12,17,0.5,0.5,0.6854910820256919
cue,bptt,measured,400,12,29,1.0,0.0,0.005444994687422877
cue,bptt,measured,400,12,41,1.0,0.0,0.004824898505830788
cue,bptt,null,400,12,17,0.5,0.5,0.6920247259549797
cue,bptt,null,400,12,29,1.0,0.0,0.18765707231068518
cue,bptt,null,400,12,41,0.5,0.5,0.6917487406171858
cue,bptt,measured,400,24,17,0.5,0.5,0.6959961098618805
cue,bptt,measured,400,24,29,0.9609375,0.0390625,0.10594872961883084
cue,bptt,measured,400,24,41,1.0,0.0,0.004839400355194812
cue,bptt,null,400,24,17,0.5,0.5,0.6966748158447444
cue,bptt,null,400,24,29,0.5,0.5,1.0471680130285677
cue,bptt,null,400,24,41,0.5,0.5,0.6973216363694519
cue,bptt,measured,400,48,17,0.5,0.5,0.7114050386007875
cue,bptt,measured,400,48,29,0.5625,0.4375,1.1091345997738244
cue,bptt,measured,400,48,41,1.0,0.0,0.0057556306092010345
cue,bptt,null,400,48,17,0.5,0.5,0.7071515356656164
cue,bptt,null,400,48,29,0.5,0.5,1.6370096635946538
cue,bptt,null,400,48,41,0.5,0.5,0.7049968871288002
cue,bptt,measured,500,4,17,1.0,0.0,0.0049197127409570385
cue,bptt,measured,500,4,29,1.0,0.0,0.002080353431210824
cue,bptt,measured,500,4,41,1.0,0.0,0.002011620989833318
cue,bptt,null,500,4,17,1.0,0.0,0.025962227729905862
cue,bptt,null,500,4,29,1.0,0.0,0.00400791524680244
cue,bptt,null,500,4,41,1.0,0.0,0.013737561064772308
cue,bptt,measured,500,8,17,1.0,0.0,0.004238175771206443
cue,bptt,measured,500,8,29,1.0,0.0,0.001735236538479512
cue,bptt,measured,500,8,41,1.0,0.0,0.0017175748353110976
cue,bptt,null,500,8,17,1.0,0.0,0.015425291850988287
cue,bptt,null,500,8,29,1.0,0.0,0.0023661976565563236
cue,bptt,null,500,8,41,1.0,0.0,0.008371570831513964
cue,bptt,measured,500,12,17,1.0,0.0,0.004074126832165348
cue,bptt,measured,500,12,29,1.0,0.0,0.0016476645359944087
cue,bptt,measured,500,12,41,1.0,0.0,0.0016042809475038666
cue,bptt,null,500,12,17,1.0,0.0,0.042916588397929445
cue,bptt,null,500,12,29,1.0,0.0,0.0020593391996044375
cue,bptt,null,500,12,41,1.0,0.0,0.006979812911595218
cue,bptt,measured,500,24,17,0.5859375,0.4140625,0.5184757948045444
cue,bptt,measured,500,24,29,1.0,0.0,0.0028534351567941485
cue,bptt,measured,500,24,41,1.0,0.0,0.00163805583906651
cue,bptt,null,500,24,17,0.5,0.5,0.9863010410044808
cue,bptt,null,500,24,29,1.0,0.0,0.006964746158701018
cue,bptt,null,500,24,41,1.0,0.0,0.018617368001287105
cue,bptt,measured,500,48,17,0.5,0.5,2.4100234163470304
cue,bptt,measured,500,48,29,1.0,0.0,0.007633799754330539
cue,bptt,measured,500,48,41,1.0,0.0,0.0019586097164392413
cue,bptt,null,500,48,17,0.5,0.5,1.9362759169780475
cue,bptt,null,500,48,29,0.9296875,0.0703125,0.23848883852770086
cue,bptt,null,500,48,41,0.9765625,0.0234375,0.24873697449220344
cue,bptt,measured,600,4,17,1.0,0.0,0.0018743765067483764
cue,bptt,measured,600,4,29,1.0,0.0,0.0012378105820971541
cue,bptt,measured,600,4,41,1.0,0.0,0.0012009284196210501
cue,bptt,null,600,4,17,1.0,0.0,0.004349416836703313
cue,bptt,null,600,4,29,1.0,0.0,0.002085500808334473
cue,bptt,null,600,4,41,1.0,0.0,0.003259829791204538
cue,bptt,measured,600,8,17,1.0,0.0,0.0016115152507154562
cue,bptt,measured,600,8,29,1.0,0.0,0.0010284061650054355
cue,bptt,measured,600,8,41,1.0,0.0,0.0010232582567368809
cue,bptt,null,600,8,17,1.0,0.0,0.002090393465550733
cue,bptt,null,600,8,29,1.0,0.0,0.0012209686465212144
cue,bptt,null,600,8,41,1.0,0.0,0.001977493541289732
cue,bptt,measured,600,12,17,1.0,0.0,0.001525555975149473
cue,bptt,measured,600,12,29,1.0,0.0,0.0009655659700911201
cue,bptt,measured,600,12,41,1.0,0.0,0.0009577413684382918
cue,bptt,null,600,12,17,1.0,0.0,0.0016189020907404483
cue,bptt,null,600,12,29,1.0,0.0,0.0010848521360458108
cue,bptt,null,600,12,41,1.0,0.0,0.0017561020331413602
cue,bptt,measured,600,24,17,1.0,0.0,0.0227101417490303
cue,bptt,measured,600,24,29,1.0,0.0,0.0012305522366204968
cue,bptt,measured,600,24,41,1.0,0.0,0.0009855388675532595
cue,bptt,null,600,24,17,1.0,0.0,0.005948997319137561
cue,bptt,null,600,24,29,1.0,0.0,0.0046649125538351655
cue,bptt,null,600,24,41,1.0,0.0,0.0067446110497257905
cue,bptt,measured,600,48,17,0.5,0.5,2.7328465133577993
cue,bptt,measured,600,48,29,1.0,0.0,0.002196935196479899
cue,bptt,measured,600,48,41,1.0,0.0,0.0011876683583977865
cue,bptt,null,600,48,17,1.0,0.0,0.15447878176928498
cue,bptt,null,600,48,29,0.77734375,0.22265625,0.3688191672117682
cue,bptt,null,600,48,41,1.0,0.0,0.1604370064815157
cue,bptt,measured,700,4,17,1.0,1.0,0.0036051687065992155
cue,bptt,measured,700,4,29,1.0,1.0,0.004413176586240297
cue,bptt,measured,700,4,41,1.0,1.0,0.016585471144935582
cue,bptt,null,700,4,17,1.0,1.0,0.014438425772823393
cue,bptt,null,700,4,29,1.0,1.0,0.08273123207618482
cue,bptt,null,700,4,41,0.50390625,0.50390625,0.6891746048349887
cue,bptt,measured,700,8,17,1.0,1.0,0.003541173824487487
cue,bptt,measured,700,8,29,1.0,1.0,0.0041042648217626265
cue,bptt,measured,700,8,41,1.0,1.0,0.016242448622506345
cue,bptt,null,700,8,17,1.0,1.0,0.013490860586898634
cue,bptt,null,700,8,29,1.0,1.0,0.09094797358557116
cue,bptt,null,700,8,41,0.6171875,0.6171875,0.6906288077589124
cue,bptt,measured,700,12,17,1.0,1.0,0.00358131574557774
cue,bptt,measured,700,12,29,1.0,1.0,0.004081406609657279
cue,bptt,measured,700,12,41,1.0,1.0,0.016999854204186704
cue,bptt,null,700,12,17,1.0,1.0,0.01921597840555478
cue,bptt,null,700,12,29,1.0,1.0,0.3024200188810937
cue,bptt,null,700,12,41,0.67578125,0.67578125,0.6915980246849358
cue,bptt,measured,700,24,17,1.0,1.0,0.004255342118995031
cue,bptt,measured,700,24,29,1.0,1.0,0.004743809366118512
cue,bptt,measured,700,24,41,1.0,1.0,0.02052235031442251
cue,bptt,null,700,24,17,0.5,0.5,0.8391101892702864
cue,bptt,null,700,24,29,0.5,0.5,0.9916569243068807
cue,bptt,null,700,24,41,0.5078125,0.5078125,0.6924772234633565
cue,bptt,measured,700,48,17,1.0,1.0,0.009661635684096836
cue,bptt,measured,700,48,29,1.0,1.0,0.007112864499504212
cue,bptt,measured,700,48,41,1.0,1.0,0.030548833798093256
cue,bptt,null,700,48,17,0.5,0.5,1.667804207536392
cue,bptt,null,700,48,29,0.5,0.5,1.317768856184557
cue,bptt,null,700,48,41,0.48828125,0.48828125,0.6931660857517272
cue,bptt,measured,800,4,17,1.0,1.0,0.0014539707849507977
cue,bptt,measured,800,4,29,1.0,1.0,0.001716630989449186
cue,bptt,measured,800,4,41,1.0,1.0,0.0021468925415319973
cue,bptt,null,800,4,17,1.0,1.0,0.002457665956171695
cue,bptt,null,800,4,29,1.0,1.0,0.0035608982552730595
cue,bptt,null,800,4,41,1.0,1.0,0.03190048601391027
cue,bptt,measured,800,8,17,1.0,1.0,0.001420214695372124
cue,bptt,measured,800,8,29,1.0,1.0,0.0015800012806721497
cue,bptt,measured,800,8,41,1.0,1.0,0.001959638641892525
cue,bptt,null,800,8,17,1.0,1.0,0.002163305545309413
cue,bptt,null,800,8,29,1.0,1.0,0.002596034910311573
cue,bptt,null,800,8,41,1.0,1.0,0.020068754580279347
cue,bptt,measured,800,12,17,1.0,1.0,0.0014374024744938652
cue,bptt,measured,800,12,29,1.0,1.0,0.0015677050282647542
cue,bptt,measured,800,12,41,1.0,1.0,0.0020282092464185553
cue,bptt,null,800,12,17,1.0,1.0,0.0025657908900029724
cue,bptt,null,800,12,29,1.0,1.0,0.002640969833919371
cue,bptt,null,800,12,41,1.0,1.0,0.016834762744110776
cue,bptt,measured,800,24,17,1.0,1.0,0.001758273959694634
cue,bptt,measured,800,24,29,1.0,1.0,0.0018350639816162584
cue,bptt,measured,800,24,41,1.0,1.0,0.002609457070775534
cue,bptt,null,800,24,17,0.8046875,0.8046875,0.3306622822847203
cue,bptt,null,800,24,29,1.0,1.0,0.06308737191375258
cue,bptt,null,800,24,41,1.0,1.0,0.042070134135428816
cue,bptt,measured,800,48,17,1.0,1.0,0.004495638459047768
cue,bptt,measured,800,48,29,1.0,1.0,0.0029432283217829536
cue,bptt,measured,800,48,41,1.0,1.0,0.0045976873825566145
cue,bptt,null,800,48,17,0.5,0.5,2.375311957053782
cue,bptt,null,800,48,29,0.5,0.5,1.9646218499237875
cue,bptt,null,800,48,41,0.5,0.5,0.4963056358246831
cue,bptt,measured,900,4,17,1.0,1.0,0.0009059623571374686
cue,bptt,measured,900,4,29,1.0,1.0,0.0010552582446052838
cue,bptt,measured,900,4,41,1.0,1.0,0.0011732589878192812
cue,bptt,null,900,4,17,1.0,1.0,0.0013488569329638267
cue,bptt,null,900,4,29,1.0,1.0,0.001781915335868689
cue,bptt,null,900,4,41,1.0,1.0,0.0038561833962376113
cue,bptt,measured,900,8,17,1.0,1.0,0.0008825611016618495
cue,bptt,measured,900,8,29,1.0,1.0,0.0009690150898222782
cue,bptt,measured,900,8,41,1.0,1.0,0.0010262223574954987
cue,bptt,null,900,8,17,1.0,1.0,0.001173224042304355
cue,bptt,null,900,8,29,1.0,1.0,0.001291934471737477
cue,bptt,null,900,8,41,1.0,1.0,0.002283424009419832
cue,bptt,measured,900,12,17,1.0,1.0,0.0008937795525980619
cue,bptt,measured,900,12,29,1.0,1.0,0.0009633836609737045
cue,bptt,measured,900,12,41,1.0,1.0,0.0010494280863895256
cue,bptt,null,900,12,17,1.0,1.0,0.0013543367444981413
cue,bptt,null,900,12,29,1.0,1.0,0.0013301208023221989
cue,bptt,null,900,12,41,1.0,1.0,0.001982033627882629
cue,bptt,measured,900,24,17,1.0,1.0,0.001110569516185933
cue,bptt,measured,900,24,29,1.0,1.0,0.0011350804920766677
cue,bptt,measured,900,24,41,1.0,1.0,0.0013689717579836724
cue,bptt,null,900,24,17,1.0,1.0,0.10475685411438462
cue,bptt,null,900,24,29,1.0,1.0,0.0301728231411289
cue,bptt,null,900,24,41,1.0,1.0,0.005792487498183618
cue,bptt,measured,900,48,17,1.0,1.0,0.003019932602001063
cue,bptt,measured,900,48,29,1.0,1.0,0.0018960200823130435
cue,bptt,measured,900,48,41,1.0,1.0,0.0025719843320075597
cue,bptt,null,900,48,17,0.5,0.5,2.4957894651261086
cue,bptt,null,900,48,29,0.5,0.5,2.0291042905500944
cue,bptt,null,900,48,41,1.0,1.0,0.10816174864885397
cue,reservoir,measured,0,4,17,0.5,0.5,0.7000776685308665
cue,reservoir,measured,0,4,29,0.4375,0.4375,0.7085054639028385
cue,reservoir,measured,0,4,41,0.78515625,0.78515625,0.6292262107599527
cue,reservoir,null,0,4,17,0.5,0.5,0.7456812564050779
cue,reservoir,null,0,4,29,0.55859375,0.55859375,0.6742348837433383
cue,reservoir,null,0,4,41,0.48828125,0.48828125,0.7024551313370466
cue,reservoir,measured,0,8,17,0.5,0.5,0.7000291859731078
cue,reservoir,measured,0,8,29,0.46484375,0.46484375,0.691026754793711
cue,reservoir,measured,0,8,41,0.81640625,0.81640625,0.6269124664831907
cue,reservoir,null,0,8,17,0.5,0.5,0.7227332573384047
cue,reservoir,null,0,8,29,0.52734375,0.52734375,0.6834789623972028
cue,reservoir,null,0,8,41,0.5234375,0.5234375,0.7006991765229031
cue,reservoir,measured,0,12,17,0.5,0.5,0.6962866393150762
cue,reservoir,measured,0,12,29,0.5234375,0.5234375,0.6825842019170523
cue,reservoir,measured,0,12,41,0.83984375,0.83984375,0.6266724887536839
cue,reservoir,null,0,12,17,0.5,0.5,0.7159560453146696
cue,reservoir,null,0,12,29,0.53125,0.53125,0.6888962275115773
cue,reservoir,null,0,12,41,0.4921875,0.4921875,0.7017948889406398
cue,reservoir,measured,0,24,17,0.5,0.5,0.6910225810715929
cue,reservoir,measured,0,24,29,0.46875,0.46875,0.6805272777564824
cue,reservoir,measured,0,24,41,0.8828125,0.8828125,0.6187687464989722
cue,reservoir,null,0,24,17,0.5,0.5,0.7139381250599399
cue,reservoir,null,0,24,29,0.4921875,0.4921875,0.7049962737364694
cue,reservoir,null,0,24,41,0.51953125,0.51953125,0.6994784774724394
cue,reservoir,measured,0,48,17,0.5,0.5,0.6811505542136729
cue,reservoir,measured,0,48,29,0.48828125,0.48828125,0.6679650895530358
cue,reservoir,measured,0,48,41,0.78515625,0.78515625,0.6243915007216856
cue,reservoir,null,0,48,17,0.5,0.5,0.7100012259325013
cue,reservoir,null,0,48,29,0.5078125,0.5078125,0.7016927252989262
cue,reservoir,null,0,48,41,0.515625,0.515625,0.7026084234239534
cue,reservoir,measured,100,4,17,1.0,1.0,0.08412698328902479
cue,reservoir,measured,100,4,29,1.0,1.0,0.08458492013778596
cue,reservoir,measured,100,4,41,1.0,1.0,0.03263478989401847
cue,reservoir,null,100,4,17,1.0,1.0,0.2743552487809211
cue,reservoir,null,100,4,29,1.0,1.0,0.10237917662016116
cue,reservoir,null,100,4,41,1.0,1.0,0.2310599583433941
cue,reservoir,measured,100,8,17,1.0,1.0,0.06626669381512329
cue,reservoir,measured,100,8,29,0.99609375,0.99609375,0.06934878880383621
cue,reservoir,measured,100,8,41,1.0,1.0,0.04002937680706964
cue,reservoir,null,100,8,17,0.99609375,0.99609375,0.3997498048702255
cue,reservoir,null,100,8,29,1.0,1.0,0.17455590704048518
cue,reservoir,null,100,8,41,1.0,1.0,0.3189926674240269
cue,reservoir,measured,100,12,17,1.0,1.0,0.052179225376676186
cue,reservoir,measured,100,12,29,0.97265625,0.97265625,0.08438734394064795
cue,reservoir,measured,100,12,41,0.9921875,0.9921875,0.057731419925062255
cue,reservoir,null,100,12,17,0.9375,0.9375,0.48646400729194283
cue,reservoir,null,100,12,29,0.94140625,0.94140625,0.27371638979821
cue,reservoir,null,100,12,41,1.0,1.0,0.3777571318205446
cue,reservoir,measured,100,24,17,1.0,1.0,0.021972626109572957
cue,reservoir,measured,100,24,29,0.92578125,0.92578125,0.14946458432147836
cue,reservoir,measured,100,24,41,0.93359375,0.93359375,0.1684121812891135
cue,reservoir,null,100,24,17,0.796875,0.796875,0.5973548375768587
cue,reservoir,null,100,24,29,0.67578125,0.67578125,0.5645108952303417
cue,reservoir,null,100,24,41,0.86328125,0.86328125,0.5149190293159336
cue,reservoir,measured,100,48,17,1.0,1.0,0.003138015568765695
cue,reservoir,measured,100,48,29,0.828125,0.828125,0.5085405557674711
cue,reservoir,measured,100,48,41,0.73046875,0.73046875,0.9220964267848899
cue,reservoir,null,100,48,17,0.59375,0.59375,0.6642347450833768
cue,reservoir,null,100,48,29,0.53125,0.53125,0.8419689426737023
cue,reservoir,null,100,48,41,0.50390625,0.50390625,0.6417658331338316
cue,reservoir,measured,200,4,17,1.0,1.0,0.03913508245750563
cue,reservoir,measured,200,4,29,1.0,1.0,0.049653884756025946
cue,reservoir,measured,200,4,41,1.0,1.0,0.015754442724983164
cue,reservoir,null,200,4,17,1.0,1.0,0.13176164889591746
cue,reservoir,null,200,4,29,1.0,1.0,0.04659183973853942
cue,reservoir,null,200,4,41,1.0,1.0,0.10450810097972862
cue,reservoir,measured,200,8,17,1.0,1.0,0.02853613600927929
cue,reservoir,measured,200,8,29,0.99609375,0.99609375,0.03275778087299841
cue,reservoir,measured,200,8,41,1.0,1.0,0.0202049293050095
cue,reservoir,null,200,8,17,1.0,1.0,0.25722222914919257
cue,reservoir,null,200,8,29,1.0,1.0,0.0961396355087345
cue,reservoir,null,200,8,41,1.0,1.0,0.18015854363329709
cue,reservoir,measured,200,12,17,1.0,1.0,0.021275533560356052
cue,reservoir,measured,200,12,29,0.9921875,0.9921875,0.04282577125174214
cue,reservoir,measured,200,12,41,0.99609375,0.99609375,0.03359915797753388
cue,reservoir,null,200,12,17,0.99609375,0.99609375,0.3636286464170553
cue,reservoir,null,200,12,29,0.96875,0.96875,0.191043164477378
cue,reservoir,null,200,12,41,1.0,1.0,0.24286469409707934
cue,reservoir,measured,200,24,17,1.0,1.0,0.008212467099369292
cue,reservoir,measured,200,24,29,0.96484375,0.96484375,0.10094993335139701
cue,reservoir,measured,200,24,41,0.93359375,0.93359375,0.1455454558543181
cue,reservoir,null,200,24,17,0.87109375,0.87109375,0.5282876131823286
cue,reservoir,null,200,24,29,0.6953125,0.6953125,0.5472813884734933
cue,reservoir,null,200,24,41,1.0,1.0,0.41481648589251563
cue,reservoir,measured,200,48,17,1.0,1.0,0.0008542091542267372
cue,reservoir,measured,200,48,29,0.84375,0.84375,0.5381087397325425
cue,reservoir,measured,200,48,41,0.73046875,0.73046875,1.0500158419063368
cue,reservoir,null,200,48,17,0.62890625,0.62890625,0.6382446261122823
cue,reservoir,null,200,48,29,0.53125,0.53125,0.9432517748100508
cue,reservoir,null,200,48,41,0.5,0.5,0.6094799273414537
cue,reservoir,measured,300,4,17,1.0,1.0,0.0254838584078243
cue,reservoir,measured,300,4,29,1.0,1.0,0.0314787201094191
cue,reservoir,measured,300,4,41,1.0,1.0,0.009556243874044412
cue,reservoir,null,300,4,17,1.0,1.0,0.07387840031879023
cue,reservoir,null,300,4,29,1.0,1.0,0.028744197197738686
cue,reservoir,null,300,4,41,1.0,1.0,0.05664622968470212
cue,reservoir,measured,300,8,17,1.0,1.0,0.017133268279394542
cue,reservoir,measured,300,8,29,1.0,1.0,0.020477450142522002
cue,reservoir,measured,300,8,41,1.0,1.0,0.01352288738559082
cue,reservoir,null,300,8,17,1.0,1.0,0.1773266293166671
cue,reservoir,null,300,8,29,1.0,1.0,0.0649257812929136
cue,reservoir,null,300,8,41,1.0,1.0,0.11540476416121237
cue,reservoir,measured,300,12,17,1.0,1.0,0.012184804778712532
cue,reservoir,measured,300,12,29,0.9921875,0.9921875,0.03311325852034308
cue,reservoir,measured,300,12,41,0.99609375,0.99609375,0.025356752644128733
cue,reservoir,null,300,12,17,1.0,1.0,0.2815836947702337
cue,reservoir,null,300,12,29,0.984375,0.984375,0.1467891935908483
cue,reservoir,null,300,12,41,1.0,1.0,0.17265747199417092
cue,reservoir,measured,300,24,17,1.0,1.0,0.00448529115319829
cue,reservoir,measured,300,24,29,0.96484375,0.96484375,0.09250761858493228
cue,reservoir,measured,300,24,41,0.93359375,0.93359375,0.14212804821417535
cue,reservoir,null,300,24,17,0.93359375,0.93359375,0.4697506732773036
cue,reservoir,null,300,24,29,0.71484375,0.71484375,0.5184195757574344
cue,reservoir,null,300,24,41,1.0,1.0,0.36400619451887906
cue,reservoir,measured,300,48,17,1.0,1.0,0.0004085626005094767
cue,reservoir,measured,300,48,29,0.84375,0.84375,0.587512892192968
cue,reservoir,measured,300,48,41,0.7265625,0.7265625,1.1472016198091737
cue,reservoir,null,300,48,17,0.6953125,0.6953125,0.611697007494513
cue,reservoir,null,300,48,29,0.5390625,0.5390625,0.9942129229066268
cue,reservoir,null,300,48,41,0.50390625,0.50390625,0.6068089633481577
cue,reservoir,measured,400,4,17,0.9765625,0.0234375,0.2652690963295754
cue,reservoir,measured,400,4,29,0.94921875,0.05078125,0.22781651959667215
cue,reservoir,measured,400,4,41,1.0,0.0,0.06288336699708452
cue,reservoir,null,400,4,17,0.31640625,0.68359375,0.9358414787566289
cue,reservoir,null,400,4,29,0.9921875,0.0078125,0.31842057075118646
cue,reservoir,null,400,4,41,0.3359375,0.6640625,0.7478023499716073
cue,reservoir,measured,400,8,17,0.98828125,0.01171875,0.22692288215330336
cue,reservoir,measured,400,8,29,0.96484375,0.03515625,0.19955676713107096
cue,reservoir,measured,400,8,41,0.98828125,0.01171875,0.07637025231770167
cue,reservoir,null,400,8,17,0.33203125,0.66796875,0.9042933234013617
cue,reservoir,null,400,8,29,0.91796875,0.08203125,0.41879360820166767
cue,reservoir,null,400,8,41,0.32421875,0.67578125,0.7600964270532131
cue,reservoir,measured,400,12,17,1.0,0.0,0.18730024698743364
cue,reservoir,measured,400,12,29,0.94140625,0.05859375,0.20777646418900986
cue,reservoir,measured,400,12,41,0.9609375,0.0390625,0.10585274697928071
cue,reservoir,null,400,12,17,0.375,0.625,0.8669167078332976
cue,reservoir,null,400,12,29,0.74609375,0.25390625,0.5227550437266473
cue,reservoir,null,400,12,41,0.32421875,0.67578125,0.7516301469877362
cue,reservoir,measured,400,24,17,1.0,0.0,0.08642884227083414
cue,reservoir,measured,400,24,29,0.83984375,0.16015625,0.2740862109956197
cue,reservoir,measured,400,24,41,0.890625,0.109375,0.22758893143191017
cue,reservoir,null,400,24,17,0.4140625,0.5859375,0.8079681229428388
cue,reservoir,null,400,24,29,0.5546875,0.4453125,0.7151518982718699
cue,reservoir,null,400,24,41,0.38671875,0.61328125,0.7391632415819913
cue,reservoir,measured,400,48,17,1.0,0.0,0.014327310388580372
cue,reservoir,measured,400,48,29,0.7890625,0.2109375,0.5493587253986902
cue,reservoir,measured,400,48,41,0.734375,0.265625,0.8668659161056098
cue,reservoir,null,400,48,17,0.4453125,0.5546875,0.7773246321594343
cue,reservoir,null,400,48,29,0.50390625,0.49609375,0.8041326175734866
cue,reservoir,null,400,48,41,0.45703125,0.54296875,0.7103955972706899
cue,reservoir,measured,500,4,17,1.0,0.0,0.06713110407872591
cue,reservoir,measured,500,4,29,0.9921875,0.0078125,0.08448900712085106
cue,reservoir,measured,500,4,41,1.0,0.0,0.021483748191030827
cue,reservoir,null,500,4,17,1.0,0.0,0.3545535117154941
cue,reservoir,null,500,4,29,1.0,0.0,0.08213711035932647
cue,reservoir,null,500,4,41,1.0,0.0,0.23065728542860597
cue,reservoir,measured,500,8,17,1.0,0.0,0.048313446572137764
cue,reservoir,measured,500,8,29,0.99609375,0.00390625,0.0605945874004874
cue,reservoir,measured,500,8,41,1.0,0.0,0.029973692872545143
cue,reservoir,null,500,8,17,0.90234375,0.09765625,0.48496540228370577
cue,reservoir,null,500,8,29,1.0,0.0,0.16097104170330567
cue,reservoir,null,500,8,41,1.0,0.0,0.34525817178655416
cue,reservoir,measured,500,12,17,1.0,0.0,0.036431998927582754
cue,reservoir,measured,500,12,29,0.9609375,0.0390625,0.07962820404388182
cue,reservoir,measured,500,12,41,0.9921875,0.0078125,0.053151000278816696
cue,reservoir,null,500,12,17,0.71875,0.28125,0.5666338788578287
cue,reservoir,null,500,12,29,0.91015625,0.08984375,0.29654065768409055
cue,reservoir,null,500,12,41,1.0,0.0,0.41206753125879914
cue,reservoir,measured,500,24,17,1.0,0.0,0.01275673066564309
cue,reservoir,measured,500,24,29,0.92578125,0.07421875,0.16830343550351579
cue,reservoir,measured,500,24,41,0.92578125,0.07421875,0.1912945126269392
cue,reservoir,null,500,24,17,0.5703125,0.4296875,0.6654268451384269
cue,reservoir,null,500,24,29,0.625,0.375,0.6854892833180202
cue,reservoir,null,500,24,41,0.78125,0.21875,0.5441434885142371
cue,reservoir,measured,500,48,17,1.0,0.0,0.001150852064952801
cue,reservoir,measured,500,48,29,0.82421875,0.17578125,0.6267872181880416
cue,reservoir,measured,500,48,41,0.73828125,0.26171875,1.0671706921265525
cue,reservoir,null,500,48,17,0.53125,0.46875,0.7170641613192856
cue,reservoir,null,500,48,29,0.5,0.5,0.9928695588969276
cue,reservoir,null,500,48,41,0.5390625,0.4609375,0.6455196684692055
cue,reservoir,measured,600,4,17,1.0,0.0,0.036761747804121114
cue,reservoir,measured,600,4,29,0.99609375,0.00390625,0.06258576652518855
cue,reservoir,measured,600,4,41,1.0,0.0,0.012405942828536354
cue,reservoir,null,600,4,17,1.0,0.0,0.16745922155678272
cue,reservoir,null,600,4,29,1.0,0.0,0.05022584465950786
cue,reservoir,null,600,4,41,1.0,0.0,0.09761365244048648
cue,reservoir,measured,600,8,17,1.0,0.0,0.02430147598261101
cue,reservoir,measured,600,8,29,0.99609375,0.00390625,0.03403645615556172
cue,reservoir,measured,600,8,41,1.0,0.0,0.019156892722406837
cue,reservoir,null,600,8,17,0.99609375,0.00390625,0.3083978754875716
cue,reservoir,null,600,8,29,1.0,0.0,0.09394649776368169
cue,reservoir,null,600,8,41,1.0,0.0,0.19270027443417348
cue,reservoir,measured,600,12,17,1.0,0.0,0.01747337189931386
cue,reservoir,measured,600,12,29,0.984375,0.015625,0.04124552497140099
cue,reservoir,measured,600,12,41,0.9921875,0.0078125,0.03863483980963878
cue,reservoir,null,600,12,17,0.9296875,0.0703125,0.4206555233686231
cue,reservoir,null,600,12,29,0.96484375,0.03515625,0.18749502379068872
cue,reservoir,null,600,12,41,1.0,0.0,0.2661652661045082
cue,reservoir,measured,600,24,17,1.0,0.0,0.0058074702251253996
cue,reservoir,measured,600,24,29,0.95703125,0.04296875,0.10476605067049305
cue,reservoir,measured,600,24,41,0.93359375,0.06640625,0.18174159906818943
cue,reservoir,null,600,24,17,0.7265625,0.2734375,0.5777475410141051
cue,reservoir,null,600,24,29,0.6875,0.3125,0.5606977856914455
cue,reservoir,null,600,24,41,0.8828125,0.1171875,0.45029449055437
cue,reservoir,measured,600,48,17,1.0,0.0,0.00044239399839085536
cue,reservoir,measured,600,48,29,0.84375,0.15625,0.5967969282704204
cue,reservoir,measured,600,48,41,0.734375,0.265625,1.1729622786260911
cue,reservoir,null,600,48,17,0.578125,0.421875,0.6761540095321834
cue,reservoir,null,600,48,29,0.5390625,0.4609375,0.9613291522946383
cue,reservoir,null,600,48,41,0.50390625,0.49609375,0.6292516109533608
cue,reservoir,measured,700,4,17,1.0,1.0,0.1855565455625765
cue,reservoir,measured,700,4,29,0.96875,0.96875,0.18696277754315815
cue,reservoir,measured,700,4,41,1.0,1.0,0.06051928916895122
cue,reservoir,null,700,4,17,0.83203125,0.83203125,0.5780353172449395
cue,reservoir,null,700,4,29,1.0,1.0,0.2821522173471749
cue,reservoir,null,700,4,41,0.796875,0.796875,0.5990291801281273
cue,reservoir,measured,700,8,17,1.0,1.0,0.18189884792082012
cue,reservoir,measured,700,8,29,0.9921875,0.9921875,0.16406582863146468
cue,reservoir,measured,700,8,41,1.0,1.0,0.06569708143433672
cue,reservoir,null,700,8,17,0.69140625,0.69140625,0.6359562977449968
cue,reservoir,null,700,8,29,0.9921875,0.9921875,0.3611024769488722
cue,reservoir,null,700,8,41,0.7578125,0.7578125,0.6123712765984237
cue,reservoir,measured,700,12,17,1.0,1.0,0.1673134362208657
cue,reservoir,measured,700,12,29,0.9609375,0.9609375,0.15727510101760345
cue,reservoir,measured,700,12,41,0.9921875,0.9921875,0.08128301483384348
cue,reservoir,null,700,12,17,0.5703125,0.5703125,0.6665999710094184
cue,reservoir,null,700,12,29,0.9140625,0.9140625,0.44239529460901394
cue,reservoir,null,700,12,41,0.765625,0.765625,0.6203416633652523
cue,reservoir,measured,700,24,17,1.0,1.0,0.10544023767943145
cue,reservoir,measured,700,24,29,0.921875,0.921875,0.1848504856452564
cue,reservoir,measured,700,24,41,0.93359375,0.93359375,0.16718828020384535
cue,reservoir,null,700,24,17,0.50390625,0.50390625,0.690785059821792
cue,reservoir,null,700,24,29,0.6328125,0.6328125,0.6173980521853082
cue,reservoir,null,700,24,41,0.609375,0.609375,0.660099693457596
cue,reservoir,measured,700,48,17,1.0,1.0,0.03504038373284857
cue,reservoir,measured,700,48,29,0.82421875,0.82421875,0.4030402135277882
cue,reservoir,measured,700,48,41,0.73828125,0.73828125,0.7492151789174386
cue,reservoir,null,700,48,17,0.484375,0.484375,0.7031498489668593
cue,reservoir,null,700,48,29,0.52734375,0.52734375,0.736207184381783
cue,reservoir,null,700,48,41,0.5625,0.5625,0.6795646853279322
cue,reservoir,measured,800,4,17,1.0,1.0,0.057047080794291105
cue,reservoir,measured,800,4,29,1.0,1.0,0.06497727101009332
cue,reservoir,measured,800,4,41,1.0,1.0,0.019494326576250387
cue,reservoir,null,800,4,17,1.0,1.0,0.24804021831369027
cue,reservoir,null,800,4,29,1.0,1.0,0.0753185668727383
cue,reservoir,null,800,4,41,1.0,1.0,0.20226576196728274
cue,reservoir,measured,800,8,17,1.0,1.0,0.04658242155710468
cue,reservoir,measured,800,8,29,0.99609375,0.99609375,0.0529717310499791
cue,reservoir,measured,800,8,41,1.0,1.0,0.026398823743875255
cue,reservoir,null,800,8,17,0.9921875,0.9921875,0.3809289108030498
cue,reservoir,null,800,8,29,1.0,1.0,0.141783361119451
cue,reservoir,null,800,8,41,1.0,1.0,0.2957632213947363
cue,reservoir,measured,800,12,17,1.0,1.0,0.03784139512026741
cue,reservoir,measured,800,12,29,0.97265625,0.97265625,0.0729606281410895
cue,reservoir,measured,800,12,41,0.9921875,0.9921875,0.04341291598407793
cue,reservoir,null,800,12,17,0.9296875,0.9296875,0.47628329432336614
cue,reservoir,null,800,12,29,0.93359375,0.93359375,0.2549162389259436
cue,reservoir,null,800,12,41,1.0,1.0,0.35776451468700543
cue,reservoir,measured,800,24,17,1.0,1.0,0.016247609783818007
cue,reservoir,measured,800,24,29,0.92578125,0.92578125,0.152088823920705
cue,reservoir,measured,800,24,41,0.93359375,0.93359375,0.16007636756461352
cue,reservoir,null,800,24,17,0.69140625,0.69140625,0.6032965632621199
cue,reservoir,null,800,24,29,0.65234375,0.65234375,0.6049039798672311
cue,reservoir,null,800,24,41,0.88671875,0.88671875,0.5024231293355115
cue,reservoir,measured,800,48,17,1.0,1.0,0.002204745803339847
cue,reservoir,measured,800,48,29,0.828125,0.828125,0.5808301754048193
cue,reservoir,measured,800,48,41,0.73046875,0.73046875,0.9999254270553593
cue,reservoir,null,800,48,17,0.58203125,0.58203125,0.6779800665099174
cue,reservoir,null,800,48,29,0.51171875,0.51171875,0.9295967533107614
cue,reservoir,null,800,48,41,0.51171875,0.51171875,0.6342656067572534
cue,reservoir,measured,900,4,17,1.0,1.0,0.0319069458564627
cue,reservoir,measured,900,4,29,1.0,1.0,0.05362954746476589
cue,reservoir,measured,900,4,41,1.0,1.0,0.011954401031914585
cue,reservoir,null,900,4,17,1.0,1.0,0.12612321638152935
cue,reservoir,null,900,4,29,1.0,1.0,0.0487572283946065
cue,reservoir,null,900,4,41,1.0,1.0,0.0959832783555612
cue,reservoir,measured,900,8,17,1.0,1.0,0.024235125721133954
cue,reservoir,measured,900,8,29,1.0,1.0,0.03022748960503918
cue,reservoir,measured,900,8,41,1.0,1.0,0.016220405370006574
cue,reservoir,null,900,8,17,1.0,1.0,0.2494070804968942
cue,reservoir,null,900,8,29,1.0,1.0,0.08723369084327715
cue,reservoir,null,900,8,41,1.0,1.0,0.17207999556558207
cue,reservoir,measured,900,12,17,1.0,1.0,0.018785447045047476
cue,reservoir,measured,900,12,29,0.99609375,0.99609375,0.033552253615099836
cue,reservoir,measured,900,12,41,0.99609375,0.99609375,0.029326437098660563
cue,reservoir,null,900,12,17,0.984375,0.984375,0.3585560788051225
cue,reservoir,null,900,12,29,0.984375,0.984375,0.16428509939214564
cue,reservoir,null,900,12,41,1.0,1.0,0.23458048305474222
cue,reservoir,measured,900,24,17,1.0,1.0,0.007531693141636708
cue,reservoir,measured,900,24,29,0.96484375,0.96484375,0.0821320554810312
cue,reservoir,measured,900,24,41,0.9375,0.9375,0.14376952053274294
cue,reservoir,null,900,24,17,0.8359375,0.8359375,0.5305593351367861
cue,reservoir,null,900,24,29,0.74609375,0.74609375,0.48942280682967976
cue,reservoir,null,900,24,41,0.9921875,0.9921875,0.40998021088307723
cue,reservoir,measured,900,48,17,1.0,1.0,0.0007988406464320974
cue,reservoir,measured,900,48,29,0.8515625,0.8515625,0.5223786603643719
cue,reservoir,measured,900,48,41,0.7421875,0.7421875,1.0869178557158463
cue,reservoir,null,900,48,17,0.62109375,0.62109375,0.6456939126946963
cue,reservoir,null,900,48,29,0.546875,0.546875,0.8879362365314591
cue,reservoir,null,900,48,41,0.50390625,0.50390625,0.6059935489902273
cue,eligibility,measured,0,4,17,0.5,0.5,0.7000776685308665
cue,eligibility,measured,0,4,29,0.4375,0.4375,0.7085054639028385
cue,eligibility,measured,0,4,41,0.78515625,0.78515625,0.6292262107599527
cue,eligibility,null,0,4,17,0.5,0.5,0.7456812564050779
cue,eligibility,null,0,4,29,0.55859375,0.55859375,0.6742348837433383
cue,eligibility,null,0,4,41,0.48828125,0.48828125,0.7024551313370466
cue,eligibility,measured,0,8,17,0.5,0.5,0.7000291859731078
cue,eligibility,measured,0,8,29,0.46484375,0.46484375,0.691026754793711
cue,eligibility,measured,0,8,41,0.81640625,0.81640625,0.6269124664831907
cue,eligibility,null,0,8,17,0.5,0.5,0.7227332573384047
cue,eligibility,null,0,8,29,0.52734375,0.52734375,0.6834789623972028
cue,eligibility,null,0,8,41,0.5234375,0.5234375,0.7006991765229031
cue,eligibility,measured,0,12,17,0.5,0.5,0.6962866393150762
cue,eligibility,measured,0,12,29,0.5234375,0.5234375,0.6825842019170523
cue,eligibility,measured,0,12,41,0.83984375,0.83984375,0.6266724887536839
cue,eligibility,null,0,12,17,0.5,0.5,0.7159560453146696
cue,eligibility,null,0,12,29,0.53125,0.53125,0.6888962275115773
cue,eligibility,null,0,12,41,0.4921875,0.4921875,0.7017948889406398
cue,eligibility,measured,0,24,17,0.5,0.5,0.6910225810715929
cue,eligibility,measured,0,24,29,0.46875,0.46875,0.6805272777564824
cue,eligibility,measured,0,24,41,0.8828125,0.8828125,0.6187687464989722
cue,eligibility,null,0,24,17,0.5,0.5,0.7139381250599399
cue,eligibility,null,0,24,29,0.4921875,0.4921875,0.7049962737364694
cue,eligibility,null,0,24,41,0.51953125,0.51953125,0.6994784774724394
cue,eligibility,measured,0,48,17,0.5,0.5,0.6811505542136729
cue,eligibility,measured,0,48,29,0.48828125,0.48828125,0.6679650895530358
cue,eligibility,measured,0,48,41,0.78515625,0.78515625,0.6243915007216856
cue,eligibility,null,0,48,17,0.5,0.5,0.7100012259325013
cue,eligibility,null,0,48,29,0.5078125,0.5078125,0.7016927252989262
cue,eligibility,null,0,48,41,0.515625,0.515625,0.7026084234239534
cue,eligibility,measured,100,4,17,1.0,1.0,0.09655624476727098
cue,eligibility,measured,100,4,29,1.0,1.0,0.029248218717839336
cue,eligibility,measured,100,4,41,1.0,1.0,0.07240105143137043
cue,eligibility,null,100,4,17,1.0,1.0,0.07123804959701374
cue,eligibility,null,100,4,29,1.0,1.0,0.10264424327760935
cue,eligibility,null,100,4,41,1.0,1.0,0.0348664880511933
cue,eligibility,measured,100,8,17,1.0,1.0,0.156395546218846
cue,eligibility,measured,100,8,29,1.0,1.0,0.09092852105095517
cue,eligibility,measured,100,8,41,1.0,1.0,0.07915317007427802
cue,eligibility,null,100,8,17,1.0,1.0,0.15665404178434983
cue,eligibility,null,100,8,29,1.0,1.0,0.15900044575391803
cue,eligibility,null,100,8,41,1.0,1.0,0.07535438988270471
cue,eligibility,measured,100,12,17,0.98828125,0.98828125,0.21777766490413342
cue,eligibility,measured,100,12,29,0.71875,0.71875,0.4614179477794096
cue,eligibility,measured,100,12,41,1.0,1.0,0.06751860934309661
cue,eligibility,null,100,12,17,1.0,1.0,0.2573847183084581
cue,eligibility,null,100,12,29,0.9921875,0.9921875,0.20648546365555376
cue,eligibility,null,100,12,41,1.0,1.0,0.16533365866052918
cue,eligibility,measured,100,24,17,0.78125,0.78125,0.4062062937300652
cue,eligibility,measured,100,24,29,0.5,0.5,1.877939611869806
cue,eligibility,measured,100,24,41,1.0,1.0,0.0329815502409474
cue,eligibility,null,100,24,17,0.6015625,0.6015625,0.4903428176185116
cue,eligibility,null,100,24,29,0.94921875,0.94921875,0.38344536192016676
cue,eligibility,null,100,24,41,0.5,0.5,0.6083984920405783
cue,eligibility,measured,100,48,17,0.57421875,0.57421875,0.6051898078876548
cue,eligibility,measured,100,48,29,0.5,0.5,2.219782918920828
cue,eligibility,measured,100,48,41,1.0,1.0,0.018464445187419187
cue,eligibility,null,100,48,17,0.5,0.5,0.6905643239151686
cue,eligibility,null,100,48,29,0.71875,0.71875,0.6061241122079082
cue,eligibility,null,100,48,41,0.5,0.5,1.011300707643386
cue,eligibility,measured,200,4,17,1.0,1.0,0.007897348441474605
cue,eligibility,measured,200,4,29,1.0,1.0,0.004490706674914691
cue,eligibility,measured,200,4,41,1.0,1.0,0.00433688098564744
cue,eligibility,null,200,4,17,1.0,1.0,0.005000803923394415
cue,eligibility,null,200,4,29,1.0,1.0,0.0057083291376329726
cue,eligibility,null,200,4,41,1.0,1.0,0.0033294248696620343
cue,eligibility,measured,200,8,17,1.0,1.0,0.00852548663806374
cue,eligibility,measured,200,8,29,1.0,1.0,0.004129569472752337
cue,eligibility,measured,200,8,41,1.0,1.0,0.0035059778228969662
cue,eligibility,null,200,8,17,1.0,1.0,0.021325137355233892
cue,eligibility,null,200,8,29,1.0,1.0,0.011837709822430043
cue,eligibility,null,200,8,41,1.0,1.0,0.004771349114889745
cue,eligibility,measured,200,12,17,1.0,1.0,0.009694273878267268
cue,eligibility,measured,200,12,29,1.0,1.0,0.012770614660439605
cue,eligibility,measured,200,12,41,1.0,1.0,0.003194781883394171
cue,eligibility,null,200,12,17,1.0,1.0,0.07874513741990086
cue,eligibility,null,200,12,29,0.99609375,0.99609375,0.06129879336003796
cue,eligibility,null,200,12,41,1.0,1.0,0.00982846211809374
cue,eligibility,measured,200,24,17,1.0,1.0,0.017674873972282512
cue,eligibility,measured,200,24,29,0.5,0.5,1.4846123693700974
cue,eligibility,measured,200,24,41,1.0,1.0,0.0039014305907585367
cue,eligibility,null,200,24,17,0.51171875,0.51171875,0.4560773997727665
cue,eligibility,null,200,24,29,0.51171875,0.51171875,0.8926234775481134
cue,eligibility,null,200,24,41,1.0,1.0,0.15639315166845336
cue,eligibility,measured,200,48,17,1.0,1.0,0.037217760720523074
cue,eligibility,measured,200,48,29,0.5,0.5,2.9639374002663317
cue,eligibility,measured,200,48,41,1.0,1.0,0.00787603011713145
cue,eligibility,null,200,48,17,0.5,0.5,0.9689748137316201
cue,eligibility,null,200,48,29,0.5,0.5,1.8727582181400066
cue,eligibility,null,200,48,41,0.5,0.5,0.8337593684991589
cue,eligibility,measured,300,4,17,1.0,1.0,0.002417905664515274
cue,eligibility,measured,300,4,29,1.0,1.0,0.0028602484967450437
cue,eligibility,measured,300,4,41,1.0,1.0,0.0021642725801029883
cue,eligibility,null,300,4,17,1.0,1.0,0.0013210051408805157
cue,eligibility,null,300,4,29,1.0,1.0,0.0018707079716477892
cue,eligibility,null,300,4,41,1.0,1.0,0.001514733235580934
cue,eligibility,measured,300,8,17,1.0,1.0,0.002303724137618701
cue,eligibility,measured,300,8,29,1.0,1.0,0.0013624861212520045
cue,eligibility,measured,300,8,41,1.0,1.0,0.0016542744006073917
cue,eligibility,null,300,8,17,1.0,1.0,0.002958050612505758
cue,eligibility,null,300,8,29,1.0,1.0,0.0024742792957113124
cue,eligibility,null,300,8,41,1.0,1.0,0.00215189627442669
cue,eligibility,measured,300,12,17,1.0,1.0,0.00249402475401439
cue,eligibility,measured,300,12,29,1.0,1.0,0.0013093399199988198
cue,eligibility,measured,300,12,41,1.0,1.0,0.0015024427466414636
cue,eligibility,null,300,12,17,1.0,1.0,0.007903987341705943
cue,eligibility,null,300,12,29,1.0,1.0,0.00529222107206806
cue,eligibility,null,300,12,41,1.0,1.0,0.00520747265090904
cue,eligibility,measured,300,24,17,1.0,1.0,0.004350652933680976
cue,eligibility,measured,300,24,29,1.0,1.0,0.012720753842131671
cue,eligibility,measured,300,24,41,1.0,1.0,0.0019278952602235222
cue,eligibility,null,300,24,17,1.0,1.0,0.0737115851661656
cue,eligibility,null,300,24,29,0.9140625,0.9140625,0.20014291763072833
cue,eligibility,null,300,24,41,0.99609375,0.99609375,0.16745083744899603
cue,eligibility,measured,300,48,17,1.0,1.0,0.010115318152202235
cue,eligibility,measured,300,48,29,0.51171875,0.51171875,0.8089363309591135
cue,eligibility,measured,300,48,41,1.0,1.0,0.007411235277686501
cue,eligibility,null,300,48,17,1.0,1.0,0.3876952567952685
cue,eligibility,null,300,48,29,0.50390625,0.50390625,1.336678213576306
cue,eligibility,null,300,48,41,0.5,0.5,1.0562201593493228
cue,eligibility,measured,400,4,17,0.44921875,0.55078125,0.7329906111117452
cue,eligibility,measured,400,4,29,0.80078125,0.19921875,0.6668169794138521
cue,eligibility,measured,400,4,41,0.99609375,0.00390625,0.5961522655561566
cue,eligibility,null,400,4,17,0.0,1.0,0.7563797356560826
cue,eligibility,null,400,4,29,0.54296875,0.45703125,0.6914658141322434
cue,eligibility,null,400,4,41,0.0,1.0,0.727418438764289
cue,eligibility,measured,400,8,17,0.24609375,0.75390625,0.7153565513435751
cue,eligibility,measured,400,8,29,0.57421875,0.42578125,0.6853295473847538
cue,eligibility,measured,400,8,41,0.5234375,0.4765625,0.6497837679926306
cue,eligibility,null,400,8,17,0.0,1.0,0.729957033181563
cue,eligibility,null,400,8,29,0.33984375,0.66015625,0.6970090738032013
cue,eligibility,null,400,8,41,0.34765625,0.65234375,0.7190959104336798
cue,eligibility,measured,400,12,17,0.21875,0.78125,0.7071085616480559
cue,eligibility,measured,400,12,29,0.5,0.5,0.6907084723934531
cue,eligibility,measured,400,12,41,0.5,0.5,0.6815049967262894
cue,eligibility,null,400,12,17,0.0,1.0,0.7179420150350779
cue,eligibility,null,400,12,29,0.4140625,0.5859375,0.6986411667894572
cue,eligibility,null,400,12,41,0.5,0.5,0.7151269605383277
cue,eligibility,measured,400,24,17,0.5,0.5,0.7040708842687309
cue,eligibility,measured,400,24,29,0.5,0.5,0.6945767474826425
cue,eligibility,measured,400,24,41,0.5,0.5,0.7280839103041217
cue,eligibility,null,400,24,17,0.0,1.0,0.7042536451481283
cue,eligibility,null,400,24,29,0.5,0.5,0.700628180988133
cue,eligibility,null,400,24,41,0.5,0.5,0.718752833083272
cue,eligibility,measured,400,48,17,0.5,0.5,0.7140538459643722
cue,eligibility,measured,400,48,29,0.5,0.5,0.6956427842378616
cue,eligibility,measured,400,48,41,0.5,0.5,0.7486588984029368
cue,eligibility,null,400,48,17,0.5,0.5,0.697344200918451
cue,eligibility,null,400,48,29,0.5,0.5,0.7006738604977727
cue,eligibility,null,400,48,41,0.5,0.5,0.7294382438994944
cue,eligibility,measured,500,4,17,0.98828125,0.01171875,0.66439133672975
cue,eligibility,measured,500,4,29,0.98828125,0.01171875,0.0908572004227608
cue,eligibility,measured,500,4,41,1.0,0.0,0.004306047372665489
cue,eligibility,null,500,4,17,0.0,1.0,0.7069910457357764
cue,eligibility,null,500,4,29,0.5,0.5,0.6115563591010869
cue,eligibility,null,500,4,41,0.5625,0.4375,0.68766098911874
cue,eligibility,measured,500,8,17,0.6796875,0.3203125,0.6790634135250002
cue,eligibility,measured,500,8,29,1.0,0.0,0.05428824922637432
cue,eligibility,measured,500,8,41,1.0,0.0,0.004012745317595545
cue,eligibility,null,500,8,17,0.5,0.5,0.7036254336126149
cue,eligibility,null,500,8,29,0.7890625,0.2109375,0.6431310817133635
cue,eligibility,null,500,8,41,0.47265625,0.52734375,0.6946034494321793
cue,eligibility,measured,500,12,17,0.50390625,0.49609375,0.6850061141885817
cue,eligibility,measured,500,12,29,1.0,0.0,0.026726849476290226
cue,eligibility,measured,500,12,41,1.0,0.0,0.003792898480242002
cue,eligibility,null,500,12,17,0.5,0.5,0.7015114028472453
cue,eligibility,null,500,12,29,0.953125,0.046875,0.6609644335694611
cue,eligibility,null,500,12,41,0.40625,0.59375,0.6952571533620358
cue,eligibility,measured,500,24,17,0.5,0.5,0.6922523130197078
cue,eligibility,measured,500,24,29,1.0,0.0,0.010733529683420784
cue,eligibility,measured,500,24,41,1.0,0.0,0.0040990771258293535
cue,eligibility,null,500,24,17,0.5,0.5,0.6994086308404803
cue,eligibility,null,500,24,29,0.51953125,0.48046875,0.6849748287349939
cue,eligibility,null,500,24,41,0.5,0.5,0.6954184842761606
cue,eligibility,measured,500,48,17,0.5,0.5,0.6979359854012728
cue,eligibility,measured,500,48,29,1.0,0.0,0.007714543966358178
cue,eligibility,measured,500,48,41,1.0,0.0,0.0031907654729366186
cue,eligibility,null,500,48,17,0.5,0.5,0.6999899321235716
cue,eligibility,null,500,48,29,0.5,0.5,0.6926103387959301
cue,eligibility,null,500,48,41,0.5,0.5,0.6950417528860271
cue,eligibility,measured,600,4,17,1.0,0.0,0.5317159396363422
cue,eligibility,measured,600,4,29,1.0,0.0,0.003014240870015783
cue,eligibility,measured,600,4,41,1.0,0.0,0.0018248800670335186
cue,eligibility,null,600,4,17,0.5,0.5,0.6868369777221233
cue,eligibility,null,600,4,29,1.0,0.0,0.09105123838526197
cue,eligibility,null,600,4,41,0.6875,0.3125,0.6582235454116017
cue,eligibility,measured,600,8,17,0.921875,0.078125,0.6055585581343621
cue,eligibility,measured,600,8,29,1.0,0.0,0.0024541520097045577
cue,eligibility,measured,600,8,41,1.0,0.0,0.0017399513676537026
cue,eligibility,null,600,8,17,0.5,0.5,0.6930572472047061
cue,eligibility,null,600,8,29,1.0,0.0,0.16491907919407822
cue,eligibility,null,600,8,41,0.7578125,0.2421875,0.6797728973906487
cue,eligibility,measured,600,12,17,0.5,0.5,0.6466478100046515
cue,eligibility,measured,600,12,29,1.0,0.0,0.00240653954233494
cue,eligibility,measured,600,12,41,1.0,0.0,0.0018367468010183075
cue,eligibility,null,600,12,17,0.5,0.5,0.6951885258313268
cue,eligibility,null,600,12,29,0.9921875,0.0078125,0.2353078832384199
cue,eligibility,null,600,12,41,0.57421875,0.42578125,0.6857905599754304
cue,eligibility,measured,600,24,17,0.5,0.5,0.6970988305984065
cue,eligibility,measured,600,24,29,1.0,0.0,0.02532498823620699
cue,eligibility,measured,600,24,41,1.0,0.0,0.0035080300431218348
cue,eligibility,null,600,24,17,0.5,0.5,0.6977897037286311
cue,eligibility,null,600,24,29,0.94921875,0.05078125,0.4339543871465139
cue,eligibility,null,600,24,41,0.515625,0.484375,0.6912366482429206
cue,eligibility,measured,600,48,17,0.5,0.5,0.7154999043559656
cue,eligibility,measured,600,48,29,0.78515625,0.21484375,0.7824077368748021
cue,eligibility,measured,600,48,41,0.984375,0.015625,0.04292777780437973
cue,eligibility,null,600,48,17,0.5,0.5,0.7006607993971556
cue,eligibility,null,600,48,29,0.67578125,0.32421875,0.6448438316583633
cue,eligibility,null,600,48,41,0.53515625,0.46484375,0.6920216921716928
cue,eligibility,measured,700,4,17,0.046875,0.046875,0.7148311194032431
cue,eligibility,measured,700,4,29,0.42578125,0.42578125,0.7063271575607359
cue,eligibility,measured,700,4,41,0.52734375,0.52734375,0.6880302974022925
cue,eligibility,null,700,4,17,1.0,1.0,0.6783922016620636
cue,eligibility,null,700,4,29,0.0,0.0,0.715226880973205
cue,eligibility,null,700,4,41,0.40625,0.40625,0.6968767333310097
cue,eligibility,measured,700,8,17,0.08984375,0.08984375,0.7036132672801614
cue,eligibility,measured,700,8,29,0.48828125,0.48828125,0.6948598404414952
cue,eligibility,measured,700,8,41,0.80859375,0.80859375,0.6885886776726693
cue,eligibility,null,700,8,17,0.890625,0.890625,0.6824237001128495
cue,eligibility,null,700,8,29,0.46484375,0.46484375,0.6989064258523285
cue,eligibility,null,700,8,41,0.5546875,0.5546875,0.6905403931159526
cue,eligibility,measured,700,12,17,0.18359375,0.18359375,0.6994029011111706
cue,eligibility,measured,700,12,29,0.5,0.5,0.694124520290643
cue,eligibility,measured,700,12,41,0.94921875,0.94921875,0.6896978167351335
cue,eligibility,null,700,12,17,0.734375,0.734375,0.6851591758895665
cue,eligibility,null,700,12,29,0.5,0.5,0.6940837118308991
cue,eligibility,null,700,12,41,0.65234375,0.65234375,0.6900868525262922
cue,eligibility,measured,700,24,17,0.5,0.5,0.6958317321259528
cue,eligibility,measured,700,24,29,0.5,0.5,0.7021521639544517
cue,eligibility,measured,700,24,41,0.5,0.5,0.6916223547887057
cue,eligibility,null,700,24,17,0.5,0.5,0.6892617964185774
cue,eligibility,null,700,24,29,0.5,0.5,0.6973302813712507
cue,eligibility,null,700,24,41,0.5,0.5,0.6921527076046914
cue,eligibility,measured,700,48,17,0.5,0.5,0.6957729796413332
cue,eligibility,measured,700,48,29,0.5,0.5,0.7123932666145265
cue,eligibility,measured,700,48,41,0.5,0.5,0.6929171292576939
cue,eligibility,null,700,48,17,0.5,0.5,0.6918257984798402
cue,eligibility,null,700,48,29,0.5,0.5,0.7107805830892175
cue,eligibility,null,700,48,41,0.5,0.5,0.6977362872567028
cue,eligibility,measured,800,4,17,1.0,1.0,0.6634151712059975
cue,eligibility,measured,800,4,29,0.5,0.5,0.672474545892328
cue,eligibility,measured,800,4,41,0.828125,0.828125,0.367988719503046
cue,eligibility,null,800,4,17,1.0,1.0,0.6394137705210596
cue,eligibility,null,800,4,29,0.5,0.5,0.6407292751828209
cue,eligibility,null,800,4,41,1.0,1.0,0.6563032777048647
cue,eligibility,measured,800,8,17,0.96875,0.96875,0.6756981364451349
cue,eligibility,measured,800,8,29,0.828125,0.828125,0.6704406412318349
cue,eligibility,measured,800,8,41,1.0,1.0,0.3405099436058663
cue,eligibility,null,800,8,17,1.0,1.0,0.6602337856311351
cue,eligibility,null,800,8,29,1.0,1.0,0.6384311753790826
cue,eligibility,null,800,8,41,0.5,0.5,0.667127602500841
cue,eligibility,measured,800,12,17,0.52734375,0.52734375,0.6817426255438477
cue,eligibility,measured,800,12,29,0.5,0.5,0.679015354020521
cue,eligibility,measured,800,12,41,1.0,1.0,0.3741119584883563
cue,eligibility,null,800,12,17,0.5,0.5,0.6712912367656827
cue,eligibility,null,800,12,29,0.5,0.5,0.6509003669489175
cue,eligibility,null,800,12,41,0.5,0.5,0.6773082446306944
cue,eligibility,measured,800,24,17,0.5,0.5,0.6895273146219552
cue,eligibility,measured,800,24,29,0.5,0.5,0.7166008210042492
cue,eligibility,measured,800,24,41,0.5,0.5,0.7792501521180384
cue,eligibility,null,800,24,17,0.5,0.5,0.6869233848992735
cue,eligibility,null,800,24,29,0.5,0.5,0.7185644127894193
cue,eligibility,null,800,24,41,0.5,0.5,0.7052897877292708
cue,eligibility,measured,800,48,17,0.5,0.5,0.6932954639196396
cue,eligibility,measured,800,48,29,0.5,0.5,0.76511262555141
cue,eligibility,measured,800,48,41,0.5,0.5,1.1345679227961227
cue,eligibility,null,800,48,17,0.5,0.5,0.6952862038742751
cue,eligibility,null,800,48,29,0.5,0.5,0.8067295441869646
cue,eligibility,null,800,48,41,0.5,0.5,0.7347080246545374
cue,eligibility,measured,900,4,17,1.0,1.0,0.39837522513698786
cue,eligibility,measured,900,4,29,1.0,1.0,0.014050965575734153
cue,eligibility,measured,900,4,41,1.0,1.0,0.00241627247805809
cue,eligibility,null,900,4,17,1.0,1.0,0.4202008182182908
cue,eligibility,null,900,4,29,1.0,1.0,0.004708786349510774
cue,eligibility,null,900,4,41,1.0,1.0,0.28506308275973424
cue,eligibility,measured,900,8,17,1.0,1.0,0.49285394500475377
cue,eligibility,measured,900,8,29,1.0,1.0,0.009362332808450446
cue,eligibility,measured,900,8,41,1.0,1.0,0.0026765520783555985
cue,eligibility,null,900,8,17,1.0,1.0,0.5165442617144436
cue,eligibility,null,900,8,29,1.0,1.0,0.0038274483240456902
cue,eligibility,null,900,8,41,1.0,1.0,0.36309660610277206
cue,eligibility,measured,900,12,17,0.55859375,0.55859375,0.5626894470769912
cue,eligibility,measured,900,12,29,1.0,1.0,0.0067088380637869705
cue,eligibility,measured,900,12,41,1.0,1.0,0.002899616128161142
cue,eligibility,null,900,12,17,0.9765625,0.9765625,0.5750960984732956
cue,eligibility,null,900,12,29,1.0,1.0,0.004333893270086264
cue,eligibility,null,900,12,41,1.0,1.0,0.4248876377241686
cue,eligibility,measured,900,24,17,0.5,0.5,0.6896700131474063
cue,eligibility,measured,900,24,29,1.0,1.0,0.0039391221994264924
cue,eligibility,measured,900,24,41,1.0,1.0,0.0035222193582740147
cue,eligibility,null,900,24,17,0.5,0.5,0.6705557219684124
cue,eligibility,null,900,24,29,1.0,1.0,0.09530706750683748
cue,eligibility,null,900,24,41,0.5,0.5,0.5796888465993106
cue,eligibility,measured,900,48,17,0.5,0.5,0.7304672077298164
cue,eligibility,measured,900,48,29,1.0,1.0,0.0036810799665545346
cue,eligibility,measured,900,48,41,1.0,1.0,0.0031554537599731702
cue,eligibility,null,900,48,17,0.5,0.5,0.7284792392747477
cue,eligibility,null,900,48,29,0.5,0.5,1.5277384495266233
cue,eligibility,null,900,48,41,0.5,0.5,0.7279903813032433
cue,instantaneous,measured,0,4,17,0.5,0.5,0.7000776685308665
cue,instantaneous,measured,0,4,29,0.4375,0.4375,0.7085054639028385
cue,instantaneous,measured,0,4,41,0.78515625,0.78515625,0.6292262107599527
cue,instantaneous,null,0,4,17,0.5,0.5,0.7456812564050779
cue,instantaneous,null,0,4,29,0.55859375,0.55859375,0.6742348837433383
cue,instantaneous,null,0,4,41,0.48828125,0.48828125,0.7024551313370466
cue,instantaneous,measured,0,8,17,0.5,0.5,0.7000291859731078
cue,instantaneous,measured,0,8,29,0.46484375,0.46484375,0.691026754793711
cue,instantaneous,measured,0,8,41,0.81640625,0.81640625,0.6269124664831907
cue,instantaneous,null,0,8,17,0.5,0.5,0.7227332573384047
cue,instantaneous,null,0,8,29,0.52734375,0.52734375,0.6834789623972028
cue,instantaneous,null,0,8,41,0.5234375,0.5234375,0.7006991765229031
cue,instantaneous,measured,0,12,17,0.5,0.5,0.6962866393150762
cue,instantaneous,measured,0,12,29,0.5234375,0.5234375,0.6825842019170523
cue,instantaneous,measured,0,12,41,0.83984375,0.83984375,0.6266724887536839
cue,instantaneous,null,0,12,17,0.5,0.5,0.7159560453146696
cue,instantaneous,null,0,12,29,0.53125,0.53125,0.6888962275115773
cue,instantaneous,null,0,12,41,0.4921875,0.4921875,0.7017948889406398
cue,instantaneous,measured,0,24,17,0.5,0.5,0.6910225810715929
cue,instantaneous,measured,0,24,29,0.46875,0.46875,0.6805272777564824
cue,instantaneous,measured,0,24,41,0.8828125,0.8828125,0.6187687464989722
cue,instantaneous,null,0,24,17,0.5,0.5,0.7139381250599399
cue,instantaneous,null,0,24,29,0.4921875,0.4921875,0.7049962737364694
cue,instantaneous,null,0,24,41,0.51953125,0.51953125,0.6994784774724394
cue,instantaneous,measured,0,48,17,0.5,0.5,0.6811505542136729
cue,instantaneous,measured,0,48,29,0.48828125,0.48828125,0.6679650895530358
cue,instantaneous,measured,0,48,41,0.78515625,0.78515625,0.6243915007216856
cue,instantaneous,null,0,48,17,0.5,0.5,0.7100012259325013
cue,instantaneous,null,0,48,29,0.5078125,0.5078125,0.7016927252989262
cue,instantaneous,null,0,48,41,0.515625,0.515625,0.7026084234239534
cue,instantaneous,measured,100,4,17,1.0,1.0,0.11880053501226939
cue,instantaneous,measured,100,4,29,1.0,1.0,0.11451947296154685
cue,instantaneous,measured,100,4,41,1.0,1.0,0.09437143326067599
cue,instantaneous,null,100,4,17,1.0,1.0,0.1863444393966347
cue,instantaneous,null,100,4,29,1.0,1.0,0.254651432231185
cue,instantaneous,null,100,4,41,1.0,1.0,0.1296892349200789
cue,instantaneous,measured,100,8,17,0.99609375,0.99609375,0.19587601731473114
cue,instantaneous,measured,100,8,29,0.734375,0.734375,0.38906433823285624
cue,instantaneous,measured,100,8,41,1.0,1.0,0.10159339335223194
cue,instantaneous,null,100,8,17,0.98828125,0.98828125,0.3382174817088526
cue,instantaneous,null,100,8,29,0.546875,0.546875,0.54027988218877
cue,instantaneous,null,100,8,41,1.0,1.0,0.216088082495844
cue,instantaneous,measured,100,12,17,0.93359375,0.93359375,0.2629322320281062
cue,instantaneous,measured,100,12,29,0.515625,0.515625,0.8110878531297203
cue,instantaneous,measured,100,12,41,1.0,1.0,0.08098382844036678
cue,instantaneous,null,100,12,17,0.6484375,0.6484375,0.47740724607137963
cue,instantaneous,null,100,12,29,0.5,0.5,0.8049585064145504
cue,instantaneous,null,100,12,41,1.0,1.0,0.2827946647303179
cue,instantaneous,measured,100,24,17,0.859375,0.859375,0.42576248722616583
cue,instantaneous,measured,100,24,29,0.5,0.5,1.5121916799034807
cue,instantaneous,measured,100,24,41,1.0,1.0,0.03269161525531672
cue,instantaneous,null,100,24,17,0.5,0.5,0.6967645204276778
cue,instantaneous,null,100,24,29,0.5,0.5,1.196002340177074
cue,instantaneous,null,100,24,41,1.0,1.0,0.44281987100839615
cue,instantaneous,measured,100,48,17,0.7734375,0.7734375,0.5777003010734916
cue,instantaneous,measured,100,48,29,0.5,0.5,1.7539157492356026
cue,instantaneous,measured,100,48,41,1.0,1.0,0.017440964587876806
cue,instantaneous,null,100,48,17,0.5,0.5,0.8259981598239392
cue,instantaneous,null,100,48,29,0.5,0.5,1.4066252493066713
cue,instantaneous,null,100,48,41,0.984375,0.984375,0.5899001640500501
cue,instantaneous,measured,200,4,17,1.0,1.0,0.05904000444752455
cue,instantaneous,measured,200,4,29,0.9765625,0.9765625,0.13903278768702876
cue,instantaneous,measured,200,4,41,1.0,1.0,0.052401787041162606
cue,instantaneous,null,200,4,17,1.0,1.0,0.0990518387989141
cue,instantaneous,null,200,4,29,1.0,1.0,0.17201352877600584
cue,instantaneous,null,200,4,41,1.0,1.0,0.04970489680272294
cue,instantaneous,measured,200,8,17,0.99609375,0.99609375,0.12047665067620983
cue,instantaneous,measured,200,8,29,0.99609375,0.99609375,0.07904315231280634
cue,instantaneous,measured,200,8,41,0.99609375,0.99609375,0.06959274099608592
cue,instantaneous,null,200,8,17,1.0,1.0,0.24887108206166886
cue,instantaneous,null,200,8,29,0.71484375,0.71484375,0.39945243745751213
cue,instantaneous,null,200,8,41,1.0,1.0,0.10339094045048114
cue,instantaneous,measured,200,12,17,0.9765625,0.9765625,0.17373417759699805
cue,instantaneous,measured,200,12,29,1.0,1.0,0.05016091081415652
cue,instantaneous,measured,200,12,41,0.99609375,0.99609375,0.05907804832713737
cue,instantaneous,null,200,12,17,0.58203125,0.58203125,0.43616363711771555
cue,instantaneous,null,200,12,29,0.5,0.5,0.6662291344546247
cue,instantaneous,null,200,12,41,1.0,1.0,0.15945131960324943
cue,instantaneous,measured,200,24,17,0.8984375,0.8984375,0.31508859297900926
cue,instantaneous,measured,200,24,29,1.0,1.0,0.042546440276055364
cue,instantaneous,measured,200,24,41,1.0,1.0,0.01508997804376122
cue,instantaneous,null,200,24,17,0.5,0.5,0.8015794642851688
cue,instantaneous,null,200,24,29,0.5,0.5,1.1772152772246045
cue,instantaneous,null,200,24,41,1.0,1.0,0.32630358362803236
cue,instantaneous,measured,200,48,17,0.90234375,0.90234375,0.4794681408384349
cue,instantaneous,measured,200,48,29,0.97265625,0.97265625,0.07110169850602688
cue,instantaneous,measured,200,48,41,1.0,1.0,0.00534717041591648
cue,instantaneous,null,200,48,17,0.5,0.5,1.0304385442868806
cue,instantaneous,null,200,48,29,0.5,0.5,1.548928241871181
cue,instantaneous,null,200,48,41,1.0,1.0,0.5319431393872947
cue,instantaneous,measured,300,4,17,1.0,1.0,0.028892409426589438
cue,instantaneous,measured,300,4,29,0.8359375,0.8359375,0.31001044346703566
cue,instantaneous,measured,300,4,41,0.99609375,0.99609375,0.06875750130348024
cue,instantaneous,null,300,4,17,1.0,1.0,0.06857734957884531
cue,instantaneous,null,300,4,29,1.0,1.0,0.12734581090626307
cue,instantaneous,null,300,4,41,1.0,1.0,0.01745726613444276
cue,instantaneous,measured,300,8,17,1.0,1.0,0.0675002177240458
cue,instantaneous,measured,300,8,29,0.87890625,0.87890625,0.26618791267719644
cue,instantaneous,measured,300,8,41,0.9453125,0.9453125,0.13745654172362265
cue,instantaneous,null,300,8,17,1.0,1.0,0.20437028184824158
cue,instantaneous,null,300,8,29,0.76171875,0.76171875,0.3721116173983319
cue,instantaneous,null,300,8,41,1.0,1.0,0.03906190492125461
cue,instantaneous,measured,300,12,17,0.9921875,0.9921875,0.10984884758454427
cue,instantaneous,measured,300,12,29,0.94140625,0.94140625,0.18941192869533552
cue,instantaneous,measured,300,12,41,0.90625,0.90625,0.16098741781570425
cue,instantaneous,null,300,12,17,0.5703125,0.5703125,0.4124033278931165
cue,instantaneous,null,300,12,29,0.5,0.5,0.7091596094032866
cue,instantaneous,null,300,12,41,1.0,1.0,0.07337548238865566
cue,instantaneous,measured,300,24,17,0.96484375,0.96484375,0.24258393039053772
cue,instantaneous,measured,300,24,29,1.0,1.0,0.027122042474729824
cue,instantaneous,measured,300,24,41,0.98828125,0.98828125,0.061938973268752306
cue,instantaneous,null,300,24,17,0.5,0.5,0.8635134785581613
cue,instantaneous,null,300,24,29,0.5,0.5,1.4266248130152235
cue,instantaneous,null,300,24,41,1.0,1.0,0.24002103554084897
cue,instantaneous,measured,300,48,17,0.93359375,0.93359375,0.4624957570922561
cue,instantaneous,measured,300,48,29,1.0,1.0,0.008365663336007856
cue,instantaneous,measured,300,48,41,1.0,1.0,0.00207390697869414
cue,instantaneous,null,300,48,17,0.5,0.5,1.1729058929777239
cue,instantaneous,null,300,48,29,0.5,0.5,1.9941605150161195
cue,instantaneous,null,300,48,41,0.5,0.5,0.5360259397421032
cue,instantaneous,measured,400,4,17,0.2734375,0.7265625,0.757794972974807
cue,instantaneous,measured,400,4,29,0.328125,0.671875,0.7063498012721539
cue,instantaneous,measured,400,4,41,0.33984375,0.66015625,0.6983110962901264
cue,instantaneous,null,400,4,17,0.0,1.0,0.7731678211130202
cue,instantaneous,null,400,4,29,0.0,1.0,0.7326068566180766
cue,instantaneous,null,400,4,41,0.0,1.0,0.8021354584489018
cue,instantaneous,measured,400,8,17,0.09765625,0.90234375,0.7302683419547975
cue,instantaneous,measured,400,8,29,0.30078125,0.69921875,0.7042671353556216
cue,instantaneous,measured,400,8,41,0.4375,0.5625,0.6994794989004731
cue,instantaneous,null,400,8,17,0.01171875,0.98828125,0.7394466029945761
cue,instantaneous,null,400,8,29,0.5,0.5,0.7276227155234665
cue,instantaneous,null,400,8,41,0.0,1.0,0.7663428832311183
cue,instantaneous,measured,400,12,17,0.12109375,0.87890625,0.7175186655949801
cue,instantaneous,measured,400,12,29,0.4375,0.5625,0.7018299591727555
cue,instantaneous,measured,400,12,41,0.48046875,0.51953125,0.6989571081940085
cue,instantaneous,null,400,12,17,0.0,1.0,0.7239795043133199
cue,instantaneous,null,400,12,29,0.5,0.5,0.7327863546088338
cue,instantaneous,null,400,12,41,0.5,0.5,0.750979563454166
cue,instantaneous,measured,400,24,17,0.5,0.5,0.7107981750741601
cue,instantaneous,measured,400,24,29,0.5,0.5,0.7004235356580466
cue,instantaneous,measured,400,24,41,0.15234375,0.84765625,0.6970474214758724
cue,instantaneous,null,400,24,17,0.1953125,0.8046875,0.7070438403170556
cue,instantaneous,null,400,24,29,0.5,0.5,0.776178999338299
cue,instantaneous,null,400,24,41,0.5,0.5,0.7377232452854514
cue,instantaneous,measured,400,48,17,0.5,0.5,0.7217787463450804
cue,instantaneous,measured,400,48,29,0.5,0.5,0.7052996600978076
cue,instantaneous,measured,400,48,41,0.5,0.5,0.6955519134644419
cue,instantaneous,null,400,48,17,0.5,0.5,0.6998670529574156
cue,instantaneous,null,400,48,29,0.5,0.5,0.8472383242333308
cue,instantaneous,null,400,48,41,0.5,0.5,0.7256780976895243
cue,instantaneous,measured,500,4,17,0.7578125,0.2421875,0.6790550698060542
cue,instantaneous,measured,500,4,29,0.76171875,0.23828125,0.6528699001064524
cue,instantaneous,measured,500,4,41,0.5,0.5,0.5739634854253381
cue,instantaneous,null,500,4,17,0.0,1.0,0.7337109532672912
cue,instantaneous,null,500,4,29,0.5234375,0.4765625,0.6862261691130698
cue,instantaneous,null,500,4,41,0.0,1.0,0.7616475550457835
cue,instantaneous,measured,500,8,17,0.66015625,0.33984375,0.6865060965064913
cue,instantaneous,measured,500,8,29,0.6015625,0.3984375,0.6824448995757848
cue,instantaneous,measured,500,8,41,0.9140625,0.0859375,0.625443450640887
cue,instantaneous,null,500,8,17,0.0,1.0,0.7192195188254118
cue,instantaneous,null,500,8,29,0.18359375,0.81640625,0.7002857960760593
cue,instantaneous,null,500,8,41,0.0,1.0,0.740299467695877
cue,instantaneous,measured,500,12,17,0.578125,0.421875,0.6894545266404748
cue,instantaneous,measured,500,12,29,0.50390625,0.49609375,0.6908554453402758
cue,instantaneous,measured,500,12,41,0.5078125,0.4921875,0.6626103213056922
cue,instantaneous,null,500,12,17,0.01953125,0.98046875,0.7115778380539268
cue,instantaneous,null,500,12,29,0.2109375,0.7890625,0.7035022517666221
cue,instantaneous,null,500,12,41,0.0,1.0,0.7281503637786955
cue,instantaneous,measured,500,24,17,0.5078125,0.4921875,0.6924986205995083
cue,instantaneous,measured,500,24,29,0.5,0.5,0.6964105456136167
cue,instantaneous,measured,500,24,41,0.5,0.5,0.7162237786687911
cue,instantaneous,null,500,24,17,0.5,0.5,0.7028141284827143
cue,instantaneous,null,500,24,29,0.5,0.5,0.7053170683793724
cue,instantaneous,null,500,24,41,0.5,0.5,0.7122170233633369
cue,instantaneous,measured,500,48,17,0.5,0.5,0.6928436879534274
cue,instantaneous,measured,500,48,29,0.5,0.5,0.695539643522352
cue,instantaneous,measured,500,48,41,0.5,0.5,0.7228990364819765
cue,instantaneous,null,500,48,17,0.5,0.5,0.7011519882362336
cue,instantaneous,null,500,48,29,0.5,0.5,0.7114256441127509
cue,instantaneous,null,500,48,41,0.5,0.5,0.7005368934478611
cue,instantaneous,measured,600,4,17,0.98828125,0.01171875,0.6054747013840824
cue,instantaneous,measured,600,4,29,0.90234375,0.09765625,0.46023862244328484
cue,instantaneous,measured,600,4,41,1.0,0.0,0.014000863542605657
cue,instantaneous,null,600,4,17,0.00390625,0.99609375,0.7144544131588191
cue,instantaneous,null,600,4,29,0.92578125,0.07421875,0.639267417602241
cue,instantaneous,null,600,4,41,0.0,1.0,0.7394473466556519
cue,instantaneous,measured,600,8,17,0.984375,0.015625,0.6424190318211913
cue,instantaneous,measured,600,8,29,0.7109375,0.2890625,0.5725647406070493
cue,instantaneous,measured,600,8,41,1.0,0.0,0.02123010901232192
cue,instantaneous,null,600,8,17,0.0234375,0.9765625,0.7093079821206629
cue,instantaneous,null,600,8,29,0.5,0.5,0.6790740077849478
cue,instantaneous,null,600,8,41,0.0,1.0,0.7276116602588445
cue,instantaneous,measured,600,12,17,0.82421875,0.17578125,0.6604600118007511
cue,instantaneous,measured,600,12,29,0.5,0.5,0.6837700128671713
cue,instantaneous,measured,600,12,41,1.0,0.0,0.017001243206323124
cue,instantaneous,null,600,12,17,0.49609375,0.50390625,0.7057057511992753
cue,instantaneous,null,600,12,29,0.5,0.5,0.6974790836684406
cue,instantaneous,null,600,12,41,0.0,1.0,0.7191351228393614
cue,instantaneous,measured,600,24,17,0.5,0.5,0.6855667179916054
cue,instantaneous,measured,600,24,29,0.5,0.5,0.9296493108267896
cue,instantaneous,measured,600,24,41,1.0,0.0,0.007860010375225102
cue,instantaneous,null,600,24,17,0.5,0.5,0.7017240454442799
cue,instantaneous,null,600,24,29,0.5,0.5,0.7081700696144253
cue,instantaneous,null,600,24,41,0.0,1.0,0.7067022384144366
cue,instantaneous,measured,600,48,17,0.5,0.5,0.6930880991276354
cue,instantaneous,measured,600,48,29,0.5,0.5,1.001598103728611
cue,instantaneous,measured,600,48,41,1.0,0.0,0.005839869800183806
cue,instantaneous,null,600,48,17,0.5,0.5,0.70355483610183
cue,instantaneous,null,600,48,29,0.5,0.5,0.7020410236436874
cue,instantaneous,null,600,48,41,0.5,0.5,0.69864741852507
cue,instantaneous,measured,700,4,17,0.34765625,0.34765625,0.6997279624920338
cue,instantaneous,measured,700,4,29,0.2578125,0.2578125,0.7171305238734931
cue,instantaneous,measured,700,4,41,0.5,0.5,0.7174632935784757
cue,instantaneous,null,700,4,17,1.0,1.0,0.6543559057172388
cue,instantaneous,null,700,4,29,0.33203125,0.33203125,0.696111973375082
cue,instantaneous,null,700,4,41,1.0,1.0,0.6315273549407721
cue,instantaneous,measured,700,8,17,0.4375,0.4375,0.6956950824242085
cue,instantaneous,measured,700,8,29,0.421875,0.421875,0.6984044490382075
cue,instantaneous,measured,700,8,41,0.5,0.5,0.6968274384271353
cue,instantaneous,null,700,8,17,1.0,1.0,0.6678544618189335
cue,instantaneous,null,700,8,29,0.75,0.75,0.6835376932285726
cue,instantaneous,null,700,8,41,1.0,1.0,0.6492392057552934
cue,instantaneous,measured,700,12,17,0.4921875,0.4921875,0.6944422796368599
cue,instantaneous,measured,700,12,29,0.4921875,0.4921875,0.6945025145541877
cue,instantaneous,measured,700,12,41,0.6875,0.6875,0.691360134165734
cue,instantaneous,null,700,12,17,1.0,1.0,0.6751479704398662
cue,instantaneous,null,700,12,29,0.5,0.5,0.6819736352190375
cue,instantaneous,null,700,12,41,1.0,1.0,0.660209798719734
cue,instantaneous,measured,700,24,17,0.5,0.5,0.6940618951339275
cue,instantaneous,measured,700,24,29,0.5,0.5,0.6976936527062207
cue,instantaneous,measured,700,24,41,0.5,0.5,0.6918413231614977
cue,instantaneous,null,700,24,17,0.5,0.5,0.6846989530604333
cue,instantaneous,null,700,24,29,0.5,0.5,0.6970884744077921
cue,instantaneous,null,700,24,41,0.99609375,0.99609375,0.6760966028086841
cue,instantaneous,measured,700,48,17,0.5,0.5,0.6975972030777484
cue,instantaneous,measured,700,48,29,0.5,0.5,0.7118156314827502
cue,instantaneous,measured,700,48,41,0.5,0.5,0.6991372576449066
cue,instantaneous,null,700,48,17,0.5,0.5,0.6920345418620855
cue,instantaneous,null,700,48,29,0.5,0.5,0.7310333155328408
cue,instantaneous,null,700,48,41,0.5,0.5,0.6867044963873923
cue,instantaneous,measured,800,4,17,1.0,1.0,0.6344459969550371
cue,instantaneous,measured,800,4,29,0.5,0.5,0.6875679108779877
cue,instantaneous,measured,800,4,41,1.0,1.0,0.650086562614888
cue,instantaneous,null,800,4,17,1.0,1.0,0.6285137282684445
cue,instantaneous,null,800,4,29,0.5,0.5,0.6667106999084353
cue,instantaneous,null,800,4,41,1.0,1.0,0.6039434790145606
cue,instantaneous,measured,800,8,17,0.96484375,0.96484375,0.6577318052295595
cue,instantaneous,measured,800,8,29,0.69921875,0.69921875,0.6858581134583801
cue,instantaneous,measured,800,8,41,0.5,0.5,0.6735294184181839
cue,instantaneous,null,800,8,17,1.0,1.0,0.6538849333301187
cue,instantaneous,null,800,8,29,0.8671875,0.8671875,0.6657279971987009
cue,instantaneous,null,800,8,41,1.0,1.0,0.6325066068675369
cue,instantaneous,measured,800,12,17,0.5,0.5,0.6704732023645192
cue,instantaneous,measured,800,12,29,0.5,0.5,0.687269166810438
cue,instantaneous,measured,800,12,41,0.5,0.5,0.6874116195831448
cue,instantaneous,null,800,12,17,0.8046875,0.8046875,0.6665626324247569
cue,instantaneous,null,800,12,29,0.5,0.5,0.670063344296068
cue,instantaneous,null,800,12,41,0.6171875,0.6171875,0.6489724908024073
cue,instantaneous,measured,800,24,17,0.5,0.5,0.6926238904707134
cue,instantaneous,measured,800,24,29,0.5,0.5,0.7015782999806106
cue,instantaneous,measured,800,24,41,0.5,0.5,0.7175711310701445
cue,instantaneous,null,800,24,17,0.5234375,0.5234375,0.6809379311744124
cue,instantaneous,null,800,24,29,0.5,0.5,0.7048913068138063
cue,instantaneous,null,800,24,41,0.5,0.5,0.6718281428329647
cue,instantaneous,measured,800,48,17,0.5,0.5,0.7118560040835291
cue,instantaneous,measured,800,48,29,0.5,0.5,0.7382271878886968
cue,instantaneous,measured,800,48,41,0.5,0.5,0.7467676304513589
cue,instantaneous,null,800,48,17,0.5078125,0.5078125,0.6883756192401052
cue,instantaneous,null,800,48,29,0.5,0.5,0.7680098486598581
cue,instantaneous,null,800,48,41,0.5,0.5,0.684891446493566
cue,instantaneous,measured,900,4,17,1.0,1.0,0.36059505108278245
cue,instantaneous,measured,900,4,29,0.5,0.5,0.6573957635555416
cue,instantaneous,measured,900,4,41,0.5,0.5,0.5697617384139448
cue,instantaneous,null,900,4,17,1.0,1.0,0.558054928900674
cue,instantaneous,null,900,4,29,0.5,0.5,0.613177118357271
cue,instantaneous,null,900,4,41,1.0,1.0,0.5434037554077804
cue,instantaneous,measured,900,8,17,1.0,1.0,0.4702892090426758
cue,instantaneous,measured,900,8,29,0.65234375,0.65234375,0.6725345146842301
cue,instantaneous,measured,900,8,41,0.99609375,0.99609375,0.5966104750987142
cue,instantaneous,null,900,8,17,1.0,1.0,0.6130831202026457
cue,instantaneous,null,900,8,29,0.85546875,0.85546875,0.6274211662821472
cue,instantaneous,null,900,8,41,1.0,1.0,0.5904258370865136
cue,instantaneous,measured,900,12,17,1.0,1.0,0.531290052109398
cue,instantaneous,measured,900,12,29,0.5,0.5,0.6794989875052124
cue,instantaneous,measured,900,12,41,0.5,0.5,0.6416108380071819
cue,instantaneous,null,900,12,17,0.90625,0.90625,0.6403821965213865
cue,instantaneous,null,900,12,29,0.828125,0.828125,0.6406149677932262
cue,instantaneous,null,900,12,41,1.0,1.0,0.6169082894921303
cue,instantaneous,measured,900,24,17,0.99609375,0.99609375,0.622846816200763
cue,instantaneous,measured,900,24,29,0.5,0.5,0.705661927931942
cue,instantaneous,measured,900,24,41,0.5,0.5,0.7610078261932358
cue,instantaneous,null,900,24,17,0.5,0.5,0.6710658227093518
cue,instantaneous,null,900,24,29,0.5,0.5,0.7031105874339119
cue,instantaneous,null,900,24,41,0.5234375,0.5234375,0.6543901760596782
cue,instantaneous,measured,900,48,17,0.5,0.5,0.6925760853337124
cue,instantaneous,measured,900,48,29,0.5,0.5,0.7701054225908592
cue,instantaneous,measured,900,48,41,0.5,0.5,0.8559582039015368
cue,instantaneous,null,900,48,17,0.5078125,0.5078125,0.6843418690841645
cue,instantaneous,null,900,48,29,0.5,0.5,0.8023986486950889
cue,instantaneous,null,900,48,41,1.0,1.0,0.6782618162687868
cue,reward,measured,0,4,17,0.5,0.5,0.7000776685308665
cue,reward,measured,0,4,29,0.4375,0.4375,0.7085054639028385
cue,reward,measured,0,4,41,0.78515625,0.78515625,0.6292262107599527
cue,reward,null,0,4,17,0.5,0.5,0.7456812564050779
cue,reward,null,0,4,29,0.55859375,0.55859375,0.6742348837433383
cue,reward,null,0,4,41,0.48828125,0.48828125,0.7024551313370466
cue,reward,measured,0,8,17,0.5,0.5,0.7000291859731078
cue,reward,measured,0,8,29,0.46484375,0.46484375,0.691026754793711
cue,reward,measured,0,8,41,0.81640625,0.81640625,0.6269124664831907
cue,reward,null,0,8,17,0.5,0.5,0.7227332573384047
cue,reward,null,0,8,29,0.52734375,0.52734375,0.6834789623972028
cue,reward,null,0,8,41,0.5234375,0.5234375,0.7006991765229031
cue,reward,measured,0,12,17,0.5,0.5,0.6962866393150762
cue,reward,measured,0,12,29,0.5234375,0.5234375,0.6825842019170523
cue,reward,measured,0,12,41,0.83984375,0.83984375,0.6266724887536839
cue,reward,null,0,12,17,0.5,0.5,0.7159560453146696
cue,reward,null,0,12,29,0.53125,0.53125,0.6888962275115773
cue,reward,null,0,12,41,0.4921875,0.4921875,0.7017948889406398
cue,reward,measured,0,24,17,0.5,0.5,0.6910225810715929
cue,reward,measured,0,24,29,0.46875,0.46875,0.6805272777564824
cue,reward,measured,0,24,41,0.8828125,0.8828125,0.6187687464989722
cue,reward,null,0,24,17,0.5,0.5,0.7139381250599399
cue,reward,null,0,24,29,0.4921875,0.4921875,0.7049962737364694
cue,reward,null,0,24,41,0.51953125,0.51953125,0.6994784774724394
cue,reward,measured,0,48,17,0.5,0.5,0.6811505542136729
cue,reward,measured,0,48,29,0.48828125,0.48828125,0.6679650895530358
cue,reward,measured,0,48,41,0.78515625,0.78515625,0.6243915007216856
cue,reward,null,0,48,17,0.5,0.5,0.7100012259325013
cue,reward,null,0,48,29,0.5078125,0.5078125,0.7016927252989262
cue,reward,null,0,48,41,0.515625,0.515625,0.7026084234239534
cue,reward,measured,100,4,17,1.0,1.0,0.04328277065360453
cue,reward,measured,100,4,29,0.9609375,0.9609375,0.1515363128783065
cue,reward,measured,100,4,41,1.0,1.0,0.031705792320281034
cue,reward,null,100,4,17,1.0,1.0,0.06376760981947882
cue,reward,null,100,4,29,1.0,1.0,0.13366529090853874
cue,reward,null,100,4,41,1.0,1.0,0.031487894091696944
cue,reward,measured,100,8,17,1.0,1.0,0.041558986871677916
cue,reward,measured,100,8,29,0.5078125,0.5078125,1.13679309877989
cue,reward,measured,100,8,41,0.99609375,0.99609375,0.07643041847040877
cue,reward,null,100,8,17,1.0,1.0,0.13996321057493333
cue,reward,null,100,8,29,0.50390625,0.50390625,0.7564938896102831
cue,reward,null,100,8,41,1.0,1.0,0.05043738773383666
cue,reward,measured,100,12,17,1.0,1.0,0.04029408198402962
cue,reward,measured,100,12,29,0.5,0.5,1.8159964446422237
cue,reward,measured,100,12,41,0.82421875,0.82421875,0.3242896018527972
cue,reward,null,100,12,17,1.0,1.0,0.2340907540783519
cue,reward,null,100,12,29,0.5,0.5,1.307005975064385
cue,reward,null,100,12,41,1.0,1.0,0.07381232852640096
cue,reward,measured,100,24,17,1.0,1.0,0.04722303352173185
cue,reward,measured,100,24,29,0.5,0.5,2.232556118739012
cue,reward,measured,100,24,41,0.5,0.5,1.8626737509548548
cue,reward,null,100,24,17,0.72265625,0.72265625,0.4612265162868425
cue,reward,null,100,24,29,0.5,0.5,1.8575000978562457
cue,reward,null,100,24,41,1.0,1.0,0.2397277463460341
cue,reward,measured,100,48,17,1.0,1.0,0.06385922351910267
cue,reward,measured,100,48,29,0.5,0.5,2.3010928094045084
cue,reward,measured,100,48,41,0.5,0.5,2.2911013846605783
cue,reward,null,100,48,17,0.515625,0.515625,0.6667780986172147
cue,reward,null,100,48,29,0.5,0.5,2.0146934023869107
cue,reward,null,100,48,41,0.63671875,0.63671875,0.5569422539556399
cue,reward,measured,200,4,17,1.0,1.0,0.014538228386300034
cue,reward,measured,200,4,29,1.0,1.0,0.013285796962009044
cue,reward,measured,200,4,41,1.0,1.0,0.01895644635987992
cue,reward,null,200,4,17,1.0,1.0,0.010673274637156283
cue,reward,null,200,4,29,1.0,1.0,0.012294849579120637
cue,reward,null,200,4,41,1.0,1.0,0.010634485612172284
cue,reward,measured,200,8,17,1.0,1.0,0.013296130955495755
cue,reward,measured,200,8,29,1.0,1.0,0.03422526262147585
cue,reward,measured,200,8,41,1.0,1.0,0.013125336467965099
cue,reward,null,200,8,17,1.0,1.0,0.024068765229458222
cue,reward,null,200,8,29,1.0,1.0,0.0651866512507695
cue,reward,null,200,8,41,1.0,1.0,0.023538937919511227
cue,reward,measured,200,12,17,1.0,1.0,0.012264128055903711
cue,reward,measured,200,12,29,0.8828125,0.8828125,0.22784112341105356
cue,reward,measured,200,12,41,1.0,1.0,0.008003148301213514
cue,reward,null,200,12,17,1.0,1.0,0.05105918998742709
cue,reward,null,200,12,29,0.7578125,0.7578125,0.3718279731201619
cue,reward,null,200,12,41,1.0,1.0,0.0727623818165739
cue,reward,measured,200,24,17,1.0,1.0,0.0158369786449839
cue,reward,measured,200,24,29,0.5,0.5,1.8627992251986143
cue,reward,measured,200,24,41,1.0,1.0,0.004181912127933174
cue,reward,null,200,24,17,1.0,1.0,0.21192309245816432
cue,reward,null,200,24,29,0.5,0.5,1.5150854590337985
cue,reward,null,200,24,41,0.5,0.5,0.6463513373528258
cue,reward,measured,200,48,17,1.0,1.0,0.026291126836440526
cue,reward,measured,200,48,29,0.5,0.5,2.512296466868065
cue,reward,measured,200,48,41,1.0,1.0,0.0032484276125614997
cue,reward,null,200,48,17,0.96484375,0.96484375,0.5027690037386492
cue,reward,null,200,48,29,0.5,0.5,2.0682711631852726
cue,reward,null,200,48,41,0.5,0.5,1.3123845671507297
cue,reward,measured,300,4,17,1.0,1.0,0.009892505115203676
cue,reward,measured,300,4,29,1.0,1.0,0.01483105559964315
cue,reward,measured,300,4,41,1.0,1.0,0.005836042212649772
cue,reward,null,300,4,17,1.0,1.0,0.0067235726201033685
cue,reward,null,300,4,29,1.0,1.0,0.00889521075077937
cue,reward,null,300,4,41,1.0,1.0,0.008701837152329972
cue,reward,measured,300,8,17,1.0,1.0,0.007479355007490085
cue,reward,measured,300,8,29,1.0,1.0,0.007154263807024108
cue,reward,measured,300,8,41,1.0,1.0,0.005118047442920215
cue,reward,null,300,8,17,1.0,1.0,0.018176959882111987
cue,reward,null,300,8,29,1.0,1.0,0.015004907403636025
cue,reward,null,300,8,41,1.0,1.0,0.015104541249456815
cue,reward,measured,300,12,17,1.0,1.0,0.006434155882743653
cue,reward,measured,300,12,29,1.0,1.0,0.0058338458784419345
cue,reward,measured,300,12,41,1.0,1.0,0.005954796195510426
cue,reward,null,300,12,17,1.0,1.0,0.05083679282688536
cue,reward,null,300,12,29,1.0,1.0,0.0314639147145499
cue,reward,null,300,12,41,1.0,1.0,0.026606875217112247
cue,reward,measured,300,24,17,1.0,1.0,0.008478092244331492
cue,reward,measured,300,24,29,1.0,1.0,0.010993349516866147
cue,reward,measured,300,24,41,0.98828125,0.98828125,0.07525538885329297
cue,reward,null,300,24,17,0.99609375,0.99609375,0.27386339619988576
cue,reward,null,300,24,29,0.8125,0.8125,0.3520148450825218
cue,reward,null,300,24,41,1.0,1.0,0.1270833424932789
cue,reward,measured,300,48,17,1.0,1.0,0.01596646595862694
cue,reward,measured,300,48,29,1.0,1.0,0.012762512757035438
cue,reward,measured,300,48,41,0.5,0.5,2.7815785892962595
cue,reward,null,300,48,17,0.5,0.5,0.6504584144277032
cue,reward,null,300,48,29,0.5,0.5,1.1568186399526894
cue,reward,null,300,48,41,0.8828125,0.8828125,0.45431808894500136
cue,reward,measured,400,4,17,0.5,0.5,3.429882988541067
cue,reward,measured,400,4,29,0.5,0.5,2.9081748314983997
cue,reward,measured,400,4,41,0.5,0.5,3.4283091160777985
cue,reward,null,400,4,17,0.5,0.5,3.060416975811677
cue,reward,null,400,4,29,0.5,0.5,3.0672781823013793
cue,reward,null,400,4,41,0.5,0.5,3.2658237431132875
cue,reward,measured,400,8,17,0.5,0.5,3.055101046812524
cue,reward,measured,400,8,29,0.5,0.5,2.957307179152849
cue,reward,measured,400,8,41,0.5,0.5,3.445375839852659
cue,reward,null,400,8,17,0.5,0.5,3.0993052258418174
cue,reward,null,400,8,29,0.5,0.5,3.1911666849600806
cue,reward,null,400,8,41,0.5,0.5,3.4377112482434313
cue,reward,measured,400,12,17,0.5,0.5,2.7606766625103774
cue,reward,measured,400,12,29,0.5,0.5,2.9674599499749093
cue,reward,measured,400,12,41,0.5,0.5,3.438305760327694
cue,reward,null,400,12,17,0.5,0.5,3.1269220211561333
cue,reward,null,400,12,29,0.5,0.5,3.2734684807192025
cue,reward,null,400,12,41,0.5,0.5,3.5551713294685214
cue,reward,measured,400,24,17,0.5,0.5,2.2547118757865974
cue,reward,measured,400,24,29,0.5,0.5,2.945597436522803
cue,reward,measured,400,24,41,0.5,0.5,3.389081192253798
cue,reward,null,400,24,17,0.5,0.5,3.147450536521319
cue,reward,null,400,24,29,0.5,0.5,3.3639615078773204
cue,reward,null,400,24,41,0.5,0.5,3.733797329436811
cue,reward,measured,400,48,17,0.5,0.5,1.7417846610042034
cue,reward,measured,400,48,29,0.5,0.5,2.8033982388542427
cue,reward,measured,400,48,41,0.5,0.5,3.165267426487844
cue,reward,null,400,48,17,0.5,0.5,3.114212024783228
cue,reward,null,400,48,29,0.5,0.5,3.361031274170273
cue,reward,null,400,48,41,0.5,0.5,3.7885256437973567
cue,reward,measured,500,4,17,0.5,0.5,3.7336091491938532
cue,reward,measured,500,4,29,0.5,0.5,3.350050387043666
cue,reward,measured,500,4,41,0.5,0.5,3.448419887298769
cue,reward,null,500,4,17,0.5,0.5,3.5151415072532473
cue,reward,null,500,4,29,0.5,0.5,3.4954755103899515
cue,reward,null,500,4,41,0.5,0.5,3.3518513628732762
cue,reward,measured,500,8,17,0.5,0.5,3.397772571319365
cue,reward,measured,500,8,29,0.5,0.5,3.3791661211612336
cue,reward,measured,500,8,41,0.5,0.5,3.465478131886357
cue,reward,null,500,8,17,0.5,0.5,3.586312174847535
cue,reward,null,500,8,29,0.5,0.5,3.623726846938098
cue,reward,null,500,8,41,0.5,0.5,3.5248049025130967
cue,reward,measured,500,12,17,0.5,0.5,3.088843285436269
cue,reward,measured,500,12,29,0.5,0.5,3.3744215785964116
cue,reward,measured,500,12,41,0.5,0.5,3.4578625178578477
cue,reward,null,500,12,17,0.5,0.5,3.6295680226749027
cue,reward,null,500,12,29,0.5,0.5,3.7053976298564066
cue,reward,null,500,12,41,0.5,0.5,3.6425491354730184
cue,reward,measured,500,24,17,0.5,0.5,2.5214463506617903
cue,reward,measured,500,24,29,0.5,0.5,3.320786829519875
cue,reward,measured,500,24,41,0.5,0.5,3.4065796471954854
cue,reward,null,500,24,17,0.5,0.5,3.660562224571322
cue,reward,null,500,24,29,0.5,0.5,3.7867442639817455
cue,reward,null,500,24,41,0.5,0.5,3.819741453155075
cue,reward,measured,500,48,17,0.5,0.5,1.9602413250686368
cue,reward,measured,500,48,29,0.5,0.5,3.1191777033368453
cue,reward,measured,500,48,41,0.5,0.5,3.1785878588570995
cue,reward,null,500,48,17,0.5,0.5,3.6216778365339906
cue,reward,null,500,48,29,0.5,0.5,3.761368363637075
cue,reward,null,500,48,41,0.5,0.5,3.8703182156642697
cue,reward,measured,600,4,17,0.5,0.5,3.789785326058791
cue,reward,measured,600,4,29,0.5,0.5,3.357665699876634
cue,reward,measured,600,4,41,0.5,0.5,3.4668320139890056
cue,reward,null,600,4,17,0.5,0.5,3.7112818497944318
cue,reward,null,600,4,29,0.5,0.5,3.516159478587724
cue,reward,null,600,4,41,0.5,0.5,3.4211972495240843
cue,reward,measured,600,8,17,0.5,0.5,3.466174068798864
cue,reward,measured,600,8,29,0.5,0.5,3.385960121811877
cue,reward,measured,600,8,41,0.5,0.5,3.4838925899475726
cue,reward,null,600,8,17,0.5,0.5,3.791441997448146
cue,reward,null,600,8,29,0.5,0.5,3.6441568606055625
cue,reward,null,600,8,41,0.5,0.5,3.5947809653762306
cue,reward,measured,600,12,17,0.5,0.5,3.155697125305778
cue,reward,measured,600,12,29,0.5,0.5,3.380641900874707
cue,reward,measured,600,12,41,0.5,0.5,3.475805607848997
cue,reward,null,600,12,17,0.5,0.5,3.8390471535683446
cue,reward,null,600,12,29,0.5,0.5,3.725490716465174
cue,reward,null,600,12,41,0.5,0.5,3.7125951431476096
cue,reward,measured,600,24,17,0.5,0.5,2.575787337442307
cue,reward,measured,600,24,29,0.5,0.5,3.325789105338572
cue,reward,measured,600,24,41,0.5,0.5,3.4226613728737902
cue,reward,null,600,24,17,0.5,0.5,3.872266568480427
cue,reward,null,600,24,29,0.5,0.5,3.8058774346452537
cue,reward,null,600,24,41,0.5,0.5,3.888342966127084
cue,reward,measured,600,48,17,0.5,0.5,2.0059119167999597
cue,reward,measured,600,48,29,0.5,0.5,3.1224026670206513
cue,reward,measured,600,48,41,0.5,0.5,3.190855984104928
cue,reward,null,600,48,17,0.5,0.5,3.8290512073920127
cue,reward,null,600,48,29,0.5,0.5,3.7789322017422364
cue,reward,null,600,48,41,0.5,0.5,3.935370390764888
cue,reward,measured,700,4,17,0.5,0.5,3.7059826997219716
cue,reward,measured,700,4,29,0.5,0.5,3.072160209532285
cue,reward,measured,700,4,41,0.5,0.5,3.10761811958173
cue,reward,null,700,4,17,0.5,0.5,3.028929375908092
cue,reward,null,700,4,29,0.5,0.5,3.0073112072141157
cue,reward,null,700,4,41,0.5,0.5,2.6960930797445144
cue,reward,measured,700,8,17,0.5,0.5,3.562307133829563
cue,reward,measured,700,8,29,0.5,0.5,3.1685891907823134
cue,reward,measured,700,8,41,0.5,0.5,3.3492359035515165
cue,reward,null,700,8,17,0.5,0.5,3.3009469405858454
cue,reward,null,700,8,29,0.5,0.5,3.246986487743925
cue,reward,null,700,8,41,0.5,0.5,3.0570177165925543
cue,reward,measured,700,12,17,0.5,0.5,3.3016591564198734
cue,reward,measured,700,12,29,0.5,0.5,3.2015416360900417
cue,reward,measured,700,12,41,0.5,0.5,3.4114638108835607
cue,reward,null,700,12,17,0.5,0.5,3.4622401323721306
cue,reward,null,700,12,29,0.5,0.5,3.3953029235367467
cue,reward,null,700,12,41,0.5,0.5,3.2990529647086078
cue,reward,measured,700,24,17,0.5,0.5,2.707971414030908
cue,reward,measured,700,24,29,0.5,0.5,3.191645375770804
cue,reward,measured,700,24,41,0.5,0.5,3.4123980773997573
cue,reward,null,700,24,17,0.5,0.5,3.6793047221397046
cue,reward,null,700,24,29,0.5,0.5,3.5936493786264236
cue,reward,null,700,24,41,0.5,0.5,3.6680099632021665
cue,reward,measured,700,48,17,0.5,0.5,2.1161293159493653
cue,reward,measured,700,48,29,0.5,0.5,3.0372072173049673
cue,reward,measured,700,48,41,0.5,0.5,3.209965308498795
cue,reward,null,700,48,17,0.5,0.5,3.7413924089692046
cue,reward,null,700,48,29,0.5,0.5,3.635128239990763
cue,reward,null,700,48,41,0.5,0.5,3.8340490655834856
cue,reward,measured,800,4,17,0.5,0.5,3.3509744017953835
cue,reward,measured,800,4,29,0.5,0.5,2.852248036804667
cue,reward,measured,800,4,41,0.5,0.5,2.4569522739861895
cue,reward,null,800,4,17,0.5,0.5,2.9562048752259216
cue,reward,null,800,4,29,0.5,0.5,2.9574347991078866
cue,reward,null,800,4,41,0.5,0.5,2.255788254475192
cue,reward,measured,800,8,17,0.5,0.5,3.1480374464888428
cue,reward,measured,800,8,29,0.5,0.5,2.974068121971868
cue,reward,measured,800,8,41,0.5,0.5,2.9487289175717706
cue,reward,null,800,8,17,0.5,0.5,3.245123001149068
cue,reward,null,800,8,29,0.5,0.5,3.2028507748548236
cue,reward,null,800,8,41,0.5,0.5,2.6392386916445503
cue,reward,measured,800,12,17,0.5,0.5,2.9028370517708026
cue,reward,measured,800,12,29,0.5,0.5,3.0237777284919503
cue,reward,measured,800,12,41,0.5,0.5,3.076774182904046
cue,reward,null,800,12,17,0.5,0.5,3.4152793072821623
cue,reward,null,800,12,29,0.5,0.5,3.3540888533059388
cue,reward,null,800,12,41,0.5,0.5,2.8954832255603833
cue,reward,measured,800,24,17,0.5,0.5,2.407747721330452
cue,reward,measured,800,24,29,0.5,0.5,3.037874550976994
cue,reward,measured,800,24,41,0.5,0.5,3.1314789443808877
cue,reward,null,800,24,17,0.5,0.5,3.6465554141990424
cue,reward,null,800,24,29,0.5,0.5,3.557455295681393
cue,reward,null,800,24,41,0.5,0.5,3.296236215003546
cue,reward,measured,800,48,17,0.5,0.5,1.8879879347150563
cue,reward,measured,800,48,29,0.5,0.5,2.914289589822147
cue,reward,measured,800,48,41,0.5,0.5,2.9934904996862315
cue,reward,null,800,48,17,0.5,0.5,3.719212685313323
cue,reward,null,800,48,29,0.5,0.5,3.6039501116715655
cue,reward,null,800,48,41,0.5,0.5,3.5002839387725544
cue,reward,measured,900,4,17,0.5,0.5,3.768500491103282
cue,reward,measured,900,4,29,1.0,1.0,0.019069767606197274
cue,reward,measured,900,4,41,1.0,1.0,0.006997757653152803
cue,reward,null,900,4,17,0.5,0.5,2.7208207626240437
cue,reward,null,900,4,29,0.5,0.5,2.707919871012564
cue,reward,null,900,4,41,1.0,1.0,0.009172264231892768
cue,reward,measured,900,8,17,0.5,0.5,3.6684990903028165
cue,reward,measured,900,8,29,1.0,1.0,0.023419408480549464
cue,reward,measured,900,8,41,1.0,1.0,0.010992942266966566
cue,reward,null,900,8,17,0.5,0.5,3.0272476755328626
cue,reward,null,900,8,29,0.5,0.5,2.97457679574336
cue,reward,null,900,8,41,1.0,1.0,0.012491047331423033
cue,reward,measured,900,12,17,0.5,0.5,3.42395794190611
cue,reward,measured,900,12,29,1.0,1.0,0.06777235448680585
cue,reward,measured,900,12,41,1.0,1.0,0.042479106474274886
cue,reward,null,900,12,17,0.5,0.5,3.2061664412563005
cue,reward,null,900,12,29,0.5,0.5,3.1366159168933336
cue,reward,null,900,12,41,1.0,1.0,0.02024968584009912
cue,reward,measured,900,24,17,0.5,0.5,2.8240940022496943
cue,reward,measured,900,24,29,0.5,0.5,1.5345766660302615
cue,reward,measured,900,24,41,0.5,0.5,1.742914108689547
cue,reward,null,900,24,17,0.5,0.5,3.452987365815261
cue,reward,null,900,24,29,0.5,0.5,3.360160146605722
cue,reward,null,900,24,41,1.0,1.0,0.1578398688652669
cue,reward,measured,900,48,17,0.5,0.5,2.2178537287072686
cue,reward,measured,900,48,29,0.5,0.5,2.4955145608219027
cue,reward,measured,900,48,41,0.5,0.5,2.9025866179354125
cue,reward,null,900,48,17,0.5,0.5,3.5423735035903974
cue,reward,null,900,48,29,0.5,0.5,3.42916296942235
cue,reward,null,900,48,41,0.5,0.5,0.698411698860582
context,bptt,measured,0,4,17,0.5,0.5,0.7113145606126636
context,bptt,measured,0,4,29,0.51953125,0.51953125,0.6829632048029453
context,bptt,measured,0,4,41,0.46484375,0.46484375,0.707757645752281
context,bptt,null,0,4,17,0.5,0.5,0.7119246128713712
context,bptt,null,0,4,29,0.484375,0.484375,0.7101395484060049
context,bptt,null,0,4,41,0.4921875,0.4921875,0.7010922596091405
context,bptt,measured,0,8,17,0.5,0.5,0.7092189188115299
context,bptt,measured,0,8,29,0.515625,0.515625,0.6799614112824202
context,bptt,measured,0,8,41,0.421875,0.421875,0.720958647201769
context,bptt,null,0,8,17,0.5,0.5,0.7126955962739885
context,bptt,null,0,8,29,0.515625,0.515625,0.703553665895015
context,bptt,null,0,8,41,0.4765625,0.4765625,0.7132879003183916
context,bptt,measured,0,12,17,0.5,0.5,0.7147691228892654
context,bptt,measured,0,12,29,0.515625,0.515625,0.6859865763690323
context,bptt,measured,0,12,41,0.45703125,0.45703125,0.7115240377606824
context,bptt,null,0,12,17,0.5,0.5,0.7126367336604744
context,bptt,null,0,12,29,0.51171875,0.51171875,0.7114259876543656
context,bptt,null,0,12,41,0.5078125,0.5078125,0.6960895721567795
context,bptt,measured,0,24,17,0.5,0.5,0.7178249717690051
context,bptt,measured,0,24,29,0.46875,0.46875,0.692439918871969
context,bptt,measured,0,24,41,0.421875,0.421875,0.7199061078717932
context,bptt,null,0,24,17,0.5,0.5,0.7141110851662233
context,bptt,null,0,24,29,0.4921875,0.4921875,0.7136812844546512
context,bptt,null,0,24,41,0.50390625,0.50390625,0.6990702507318929
context,bptt,measured,0,48,17,0.3203125,0.3203125,0.697178726317361
context,bptt,measured,0,48,29,0.48828125,0.48828125,0.693489913828671
context,bptt,measured,0,48,41,0.44140625,0.44140625,0.7281169696943834
context,bptt,null,0,48,17,0.5,0.5,0.7142162923701108
context,bptt,null,0,48,29,0.5,0.5,0.7142216380452737
context,bptt,null,0,48,41,0.515625,0.515625,0.6977918308693916
context,bptt,measured,100,4,17,0.5,0.5,0.48609416652470827
context,bptt,measured,100,4,29,0.51953125,0.51953125,0.4989874389139004
context,bptt,measured,100,4,41,0.25,0.25,0.8764498826349154
context,bptt,null,100,4,17,0.48828125,0.48828125,0.695925508858636
context,bptt,null,100,4,29,0.5,0.5,0.6893965166527778
context,bptt,null,100,4,41,0.484375,0.484375,0.6838739509694278
context,bptt,measured,100,8,17,0.5,0.5,0.5401335734641179
context,bptt,measured,100,8,29,0.75,0.75,0.561691518058069
context,bptt,measured,100,8,41,0.25,0.25,0.9213638185756281
context,bptt,null,100,8,17,0.53125,0.53125,0.6902651858981699
context,bptt,null,100,8,29,0.5078125,0.5078125,0.6928981407545507
context,bptt,null,100,8,41,0.5625,0.5625,0.6953965844586492
context,bptt,measured,100,12,17,0.72265625,0.72265625,0.612737427232787
context,bptt,measured,100,12,29,0.75,0.75,0.6346067709382623
context,bptt,measured,100,12,41,0.25,0.25,0.879550673533231
context,bptt,null,100,12,17,0.46484375,0.46484375,0.6993028279393911
context,bptt,null,100,12,29,0.59375,0.59375,0.6926088330801576
context,bptt,null,100,12,41,0.5859375,0.5859375,0.6891522423829883
context,bptt,measured,100,24,17,0.5,0.5,0.68702357634902
context,bptt,measured,100,24,29,0.5,0.5,0.6897572793532163
context,bptt,measured,100,24,41,0.4375,0.4375,0.7860315249999985
context,bptt,null,100,24,17,0.47265625,0.47265625,0.7003707026597112
context,bptt,null,100,24,29,0.49609375,0.49609375,0.6942029502242804
context,bptt,null,100,24,41,0.50390625,0.50390625,0.6955291393678635
context,bptt,measured,100,48,17,0.5,0.5,0.6988006425090134
context,bptt,measured,100,48,29,0.5,0.5,0.6998625176493078
context,bptt,measured,100,48,41,0.5,0.5,0.7473493795841932
context,bptt,null,100,48,17,0.4375,0.4375,0.6993793889414519
context,bptt,null,100,48,29,0.5,0.5,0.6938203352037817
context,bptt,null,100,48,41,0.5,0.5,0.6955918320454657
context,bptt,measured,200,4,17,0.5,0.5,0.5413518958957866
context,bptt,measured,200,4,29,0.5,0.5,0.5485223212162964
context,bptt,measured,200,4,41,0.75,0.75,0.5541133894002996
context,bptt,null,200,4,17,0.75,0.75,0.5749278044095263
context,bptt,null,200,4,29,0.75,0.75,0.5873948150547221
context,bptt,null,200,4,41,0.5,0.5,0.5838287957012653
context,bptt,measured,200,8,17,0.5,0.5,0.4852718197507784
context,bptt,measured,200,8,29,0.5,0.5,0.49956535032833926
context,bptt,measured,200,8,41,0.75,0.75,0.6361197975929826
context,bptt,null,200,8,17,0.75,0.75,0.6544197404291481
context,bptt,null,200,8,29,0.7421875,0.7421875,0.6690702866762877
context,bptt,null,200,8,41,0.75,0.75,0.5681072050938383
context,bptt,measured,200,12,17,0.50390625,0.50390625,0.5023214267275762
context,bptt,measured,200,12,29,0.75,0.75,0.5096369491075166
context,bptt,measured,200,12,41,0.5,0.5,0.7068564096698537
context,bptt,null,200,12,17,0.5,0.5,0.7207870400743559
context,bptt,null,200,12,29,0.5,0.5,0.7108074945863336
context,bptt,null,200,12,41,0.75,0.75,0.6483833957463503
context,bptt,measured,200,24,17,0.5,0.5,0.7170551164599601
context,bptt,measured,200,24,29,0.5,0.5,0.593424763152143
context,bptt,measured,200,24,41,0.5,0.5,0.7445203704992309
context,bptt,null,200,24,17,0.5,0.5,0.8053283552872017
context,bptt,null,200,24,29,0.5,0.5,0.7605031819548458
context,bptt,null,200,24,41,0.5,0.5,0.7746186616132036
context,bptt,measured,200,48,17,0.5,0.5,1.0503855376446154
context,bptt,measured,200,48,29,0.5,0.5,1.0032665907783667
context,bptt,measured,200,48,41,0.5,0.5,0.7568013446871191
context,bptt,null,200,48,17,0.5,0.5,0.8362615302903578
context,bptt,null,200,48,29,0.5,0.5,0.7753989524208009
context,bptt,null,200,48,41,0.5,0.5,0.8232411589706317
context,bptt,measured,300,4,17,0.5,0.5,0.45650104456581175
context,bptt,measured,300,4,29,0.5,0.5,0.4057094999225228
context,bptt,measured,300,4,41,0.75,0.75,0.5515048393863253
context,bptt,null,300,4,17,0.5,0.5,0.5256605644826777
context,bptt,null,300,4,29,0.75,0.75,0.5322421110467985
context,bptt,null,300,4,41,0.5,0.5,0.5333572117669974
context,bptt,measured,300,8,17,0.5,0.5,0.3839975936243718
context,bptt,measured,300,8,29,0.703125,0.703125,0.4937358926399611
context,bptt,measured,300,8,41,0.75,0.75,0.5233540098706726
context,bptt,null,300,8,17,0.75,0.75,0.5497540119104087
context,bptt,null,300,8,29,0.75,0.75,0.5393655079242308
context,bptt,null,300,8,41,0.75,0.75,0.4997863435128238
context,bptt,measured,300,12,17,0.75,0.75,0.3768173367861891
context,bptt,measured,300,12,29,0.75,0.75,0.6215673839906231
context,bptt,measured,300,12,41,0.5,0.5,0.6887251255102456
context,bptt,null,300,12,17,0.74609375,0.74609375,0.6929624616168439
context,bptt,null,300,12,29,0.75,0.75,0.6834151853690855
context,bptt,null,300,12,41,0.75,0.75,0.5401337855437305
context,bptt,measured,300,24,17,0.5,0.5,1.4958465394374798
context,bptt,measured,300,24,29,0.5,0.5,0.6933576562441885
context,bptt,measured,300,24,41,0.5,0.5,0.7425913093611598
context,bptt,null,300,24,17,0.5,0.5,0.896961891441606
context,bptt,null,300,24,29,0.5,0.5,0.8833264874992892
context,bptt,null,300,24,41,0.5,0.5,0.8181198940728791
context,bptt,measured,300,48,17,0.5,0.5,1.344186101530795
context,bptt,measured,300,48,29,0.5,0.5,0.694230011664331
context,bptt,measured,300,48,41,0.5,0.5,0.7402214556932449
context,bptt,null,300,48,17,0.5,0.5,0.9930565808317624
context,bptt,null,300,48,29,0.5,0.5,0.9633161120582372
context,bptt,null,300,48,41,0.5,0.5,0.9657195447362028
context,bptt,measured,400,4,17,0.5078125,0.4921875,0.4097047277737147
context,bptt,measured,400,4,29,0.5,0.5,0.7020987141877413
context,bptt,measured,400,4,41,0.5,0.5,0.47942048459663056
context,bptt,null,400,4,17,0.5,0.5,0.6968203145079315
context,bptt,null,400,4,29,0.5625,0.4375,0.6945367427542806
context,bptt,null,400,4,41,0.5,0.5,0.6994076024275273
context,bptt,measured,400,8,17,0.75,0.25,0.37941764871720807
context,bptt,measured,400,8,29,0.5,0.5,0.6939966182690114
context,bptt,measured,400,8,41,0.5,0.5,0.5185818373574875
context,bptt,null,400,8,17,0.5,0.5,0.6947250587400049
context,bptt,null,400,8,29,0.35546875,0.64453125,0.6932510749902576
context,bptt,null,400,8,41,0.5,0.5,0.6943508335389197
context,bptt,measured,400,12,17,0.75,0.25,0.4910789972054772
context,bptt,measured,400,12,29,0.46875,0.53125,0.6932606541085988
context,bptt,measured,400,12,41,0.5,0.5,0.5475703828851692
context,bptt,null,400,12,17,0.5,0.5,0.6981444819830358
context,bptt,null,400,12,29,0.5,0.5,0.6941272187978029
context,bptt,null,400,12,41,0.32421875,0.67578125,0.6941846562549472
context,bptt,measured,400,24,17,0.5,0.5,0.7027245927602053
context,bptt,measured,400,24,29,0.5,0.5,0.6931918545160443
context,bptt,measured,400,24,41,0.5,0.5,0.6323781248065643
context,bptt,null,400,24,17,0.5,0.5,0.7078628288581967
context,bptt,null,400,24,29,0.5,0.5,0.6945031986106187
context,bptt,null,400,24,41,0.5,0.5,0.6967814865056425
context,bptt,measured,400,48,17,0.5,0.5,0.7152670131763443
context,bptt,measured,400,48,29,0.5,0.5,0.6933528629597276
context,bptt,measured,400,48,41,0.5,0.5,0.7450462137931027
context,bptt,null,400,48,17,0.5,0.5,0.7132886000908911
context,bptt,null,400,48,29,0.5,0.5,0.6948995920829475
context,bptt,null,400,48,41,0.5,0.5,0.6986774955876172
context,bptt,measured,500,4,17,0.75,0.25,0.3855266041937284
context,bptt,measured,500,4,29,0.5,0.5,0.6985594066791236
context,bptt,measured,500,4,41,0.72265625,0.27734375,0.41573482513194904
context,bptt,null,500,4,17,0.28515625,0.71484375,0.6946336750406772
context,bptt,null,500,4,29,0.5,0.5,0.6915897550061345
context,bptt,null,500,4,41,0.50390625,0.49609375,0.6920876649674028
context,bptt,measured,500,8,17,0.75,0.25,0.39206766374991275
context,bptt,measured,500,8,29,0.5,0.5,0.6936909079086035
context,bptt,measured,500,8,41,0.51953125,0.48046875,0.45466952631250024
context,bptt,null,500,8,17,0.25,0.75,0.6934781023301184
context,bptt,null,500,8,29,0.33203125,0.66796875,0.6920130103826523
context,bptt,null,500,8,41,0.49609375,0.50390625,0.6925366062205285
context,bptt,measured,500,12,17,0.75,0.25,0.6040077352663502
context,bptt,measured,500,12,29,0.3828125,0.6171875,0.693158071488142
context,bptt,measured,500,12,41,0.52734375,0.47265625,0.5037677522777813
context,bptt,null,500,12,17,0.5,0.5,0.6934701802674681
context,bptt,null,500,12,29,0.5,0.5,0.6930563312489539
context,bptt,null,500,12,41,0.44921875,0.55078125,0.6934350235387683
context,bptt,measured,500,24,17,0.5,0.5,0.7046312419697642
context,bptt,measured,500,24,29,0.5,0.5,0.6930093050468713
context,bptt,measured,500,24,41,0.5,0.5,0.6645141728804447
context,bptt,null,500,24,17,0.5,0.5,0.6937016416341066
context,bptt,null,500,24,29,0.5,0.5,0.6938832772430032
context,bptt,null,500,24,41,0.46875,0.53125,0.6932847884017974
context,bptt,measured,500,48,17,0.5,0.5,0.7130584467668086
context,bptt,measured,500,48,29,0.5,0.5,0.6930592425633222
context,bptt,measured,500,48,41,0.5,0.5,0.8246701462194324
context,bptt,null,500,48,17,0.5,0.5,0.6940424281638116
context,bptt,null,500,48,29,0.5,0.5,0.6942850283812732
context,bptt,null,500,48,41,0.5,0.5,0.6933301077224314
context,bptt,measured,600,4,17,0.75,0.25,0.38221997717664635
context,bptt,measured,600,4,29,0.5,0.5,0.6971533508040011
context,bptt,measured,600,4,41,1.0,0.0,0.3509260347200325
context,bptt,null,600,4,17,0.74609375,0.25390625,0.6938697129953653
context,bptt,null,600,4,29,0.4609375,0.5390625,0.7002449947176501
context,bptt,null,600,4,41,0.75,0.25,0.5760899600572884
context,bptt,measured,600,8,17,0.75,0.25,0.35664669365905866
context,bptt,measured,600,8,29,0.53125,0.46875,0.6935168108902872
context,bptt,measured,600,8,41,0.9921875,0.0078125,0.3620088960597059
context,bptt,null,600,8,17,0.5390625,0.4609375,0.6931062480434775
context,bptt,null,600,8,29,0.65234375,0.34765625,0.6658638720400631
context,bptt,null,600,8,41,0.75,0.25,0.6339936571894214
context,bptt,measured,600,12,17,0.75,0.25,0.3859593083766413
context,bptt,measured,600,12,29,0.49609375,0.50390625,0.6931615774519742
context,bptt,measured,600,12,41,0.75,0.25,0.4338763536361512
context,bptt,null,600,12,17,0.2578125,0.7421875,0.6933176617603749
context,bptt,null,600,12,29,0.64453125,0.35546875,0.6434730277396739
context,bptt,null,600,12,41,0.5,0.5,0.7267276536440477
context,bptt,measured,600,24,17,0.5,0.5,0.6970674979966134
context,bptt,measured,600,24,29,0.5,0.5,0.6930542571935803
context,bptt,measured,600,24,41,0.5,0.5,0.7349340581858996
context,bptt,null,600,24,17,0.5,0.5,0.6932269586250186
context,bptt,null,600,24,29,0.6796875,0.3203125,0.6311454990063794
context,bptt,null,600,24,41,0.5,0.5,0.7958368442486972
context,bptt,measured,600,48,17,0.5,0.5,0.7032768679782748
context,bptt,measured,600,48,29,0.5,0.5,0.6931123293470591
context,bptt,measured,600,48,41,0.5,0.5,0.9288997577968985
context,bptt,null,600,48,17,0.5,0.5,0.6932096667587757
context,bptt,null,600,48,29,0.5,0.5,0.7265411650296301
context,bptt,null,600,48,41,0.5,0.5,0.8186091091483831
context,bptt,measured,700,4,17,0.32421875,0.32421875,0.7040827309247106
context,bptt,measured,700,4,29,0.5,0.5,0.6885034283623099
context,bptt,measured,700,4,41,0.75,0.75,0.49215652170823887
context,bptt,null,700,4,17,0.74609375,0.74609375,0.6920158741995692
context,bptt,null,700,4,29,0.75,0.75,0.41983468233956955
context,bptt,null,700,4,41,0.56640625,0.56640625,0.6920111917424947
context,bptt,measured,700,8,17,0.5,0.5,0.6939061777666211
context,bptt,measured,700,8,29,0.5,0.5,0.6927304978016764
context,bptt,measured,700,8,41,0.75,0.75,0.46811195914051495
context,bptt,null,700,8,17,0.5,0.5,0.6929024264682084
context,bptt,null,700,8,29,0.75,0.75,0.4619270046823658
context,bptt,null,700,8,41,0.51953125,0.51953125,0.6930665615946054
context,bptt,measured,700,12,17,0.5,0.5,0.6948086963966489
context,bptt,measured,700,12,29,0.6484375,0.6484375,0.6931509533897042
context,bptt,measured,700,12,41,0.7109375,0.7109375,0.6170298001961783
context,bptt,null,700,12,17,0.5,0.5,0.6932230326347053
context,bptt,null,700,12,29,0.75,0.75,0.507990829530172
context,bptt,null,700,12,41,0.5,0.5,0.6929193707183003
context,bptt,measured,700,24,17,0.5,0.5,0.6957229052204639
context,bptt,measured,700,24,29,0.5,0.5,0.6934390908572823
context,bptt,measured,700,24,41,0.5,0.5,0.7076041707769036
context,bptt,null,700,24,17,0.5,0.5,0.6939175701700151
context,bptt,null,700,24,29,0.5,0.5,0.6737173469737172
context,bptt,null,700,24,41,0.5,0.5,0.694026738172397
context,bptt,measured,700,48,17,0.5,0.5,0.6963734591845423
context,bptt,measured,700,48,29,0.5,0.5,0.6933587589301169
context,bptt,measured,700,48,41,0.5,0.5,0.7243439884623513
context,bptt,null,700,48,17,0.5,0.5,0.6942591215483844
context,bptt,null,700,48,29,0.5,0.5,0.7848752362187952
context,bptt,null,700,48,41,0.5,0.5,0.6940589365549386
context,bptt,measured,800,4,17,0.49609375,0.49609375,0.6990846395492554
context,bptt,measured,800,4,29,0.5,0.5,0.6859607924707234
context,bptt,measured,800,4,41,0.75,0.75,0.43262188833614346
context,bptt,null,800,4,17,0.50390625,0.50390625,0.6912826572079211
context,bptt,null,800,4,29,1.0,1.0,0.35451564445975237
context,bptt,null,800,4,41,0.50390625,0.50390625,0.6844796582590789
context,bptt,measured,800,8,17,0.5,0.5,0.6931556335184723
context,bptt,measured,800,8,29,0.5,0.5,0.6924744362477213
context,bptt,measured,800,8,41,0.75,0.75,0.435556091608305
context,bptt,null,800,8,17,0.5,0.5,0.6928719619754702
context,bptt,null,800,8,29,1.0,1.0,0.4101319249602966
context,bptt,null,800,8,41,0.5,0.5,0.6923153803218156
context,bptt,measured,800,12,17,0.5,0.5,0.6935654284898192
context,bptt,measured,800,12,29,0.57421875,0.57421875,0.6931265338789672
context,bptt,measured,800,12,41,0.50390625,0.50390625,0.5632275377565747
context,bptt,null,800,12,17,0.5,0.5,0.6934585529379547
context,bptt,null,800,12,29,1.0,1.0,0.4725559620419517
context,bptt,null,800,12,41,0.5,0.5,0.6951501783914864
context,bptt,measured,800,24,17,0.5,0.5,0.6935345134697855
context,bptt,measured,800,24,29,0.5,0.5,0.693505086004734
context,bptt,measured,800,24,41,0.5,0.5,0.9518995251273736
context,bptt,null,800,24,17,0.5,0.5,0.6947907456196845
context,bptt,null,800,24,29,0.75,0.75,0.6317315986379981
context,bptt,null,800,24,41,0.5,0.5,0.7015890530310571
context,bptt,measured,800,48,17,0.5,0.5,0.6937238785903901
context,bptt,measured,800,48,29,0.5,0.5,0.693382014054805
context,bptt,measured,800,48,41,0.5,0.5,1.065791352884844
context,bptt,null,800,48,17,0.5,0.5,0.695337597746402
context,bptt,null,800,48,29,0.25,0.25,1.1770259947516024
context,bptt,null,800,48,41,0.5,0.5,0.7029484084341675
context,bptt,measured,900,4,17,0.49609375,0.49609375,0.6979445649776608
context,bptt,measured,900,4,29,0.5,0.5,0.6775736194103956
context,bptt,measured,900,4,41,0.75,0.75,0.44158955867169425
context,bptt,null,900,4,17,0.75,0.75,0.6901638654526323
context,bptt,null,900,4,29,1.0,1.0,0.30582107430382166
context,bptt,null,900,4,41,0.55078125,0.55078125,0.5793069640640169
context,bptt,measured,900,8,17,0.640625,0.640625,0.6930229729041457
context,bptt,measured,900,8,29,0.5,0.5,0.6915578718762845
context,bptt,measured,900,8,41,0.75,0.75,0.38299546937014384
context,bptt,null,900,8,17,0.53125,0.53125,0.6924073302652687
context,bptt,null,900,8,29,1.0,1.0,0.3660367274424061
context,bptt,null,900,8,41,0.75,0.75,0.5719043854041956
context,bptt,measured,900,12,17,0.54296875,0.54296875,0.6933608488179743
context,bptt,measured,900,12,29,0.59375,0.59375,0.6929959142580628
context,bptt,measured,900,12,41,0.75,0.75,0.5295245204156345
context,bptt,null,900,12,17,0.5,0.5,0.6931632307823747
context,bptt,null,900,12,29,1.0,1.0,0.44085268187336624
context,bptt,null,900,12,41,0.75,0.75,0.5618005491560325
context,bptt,measured,900,24,17,0.5,0.5,0.6932009973097593
context,bptt,measured,900,24,29,0.5,0.5,0.6934082503430545
context,bptt,measured,900,24,41,0.5,0.5,1.041012893023435
context,bptt,null,900,24,17,0.5,0.5,0.6950260922312737
context,bptt,null,900,24,29,0.75,0.75,0.6166558413533494
context,bptt,null,900,24,41,0.75,0.75,0.5837935032323003
context,bptt,measured,900,48,17,0.5,0.5,0.6933235903270543
context,bptt,measured,900,48,29,0.5,0.5,0.6932881285902113
context,bptt,measured,900,48,41,0.5,0.5,1.2185010212124325
context,bptt,null,900,48,17,0.5,0.5,0.6957542267628014
context,bptt,null,900,48,29,0.25,0.25,0.7861881963908672
context,bptt,null,900,48,41,0.5,0.5,0.8041553086368367
context,reservoir,measured,0,4,17,0.5,0.5,0.7113145606126636
context,reservoir,measured,0,4,29,0.51953125,0.51953125,0.6829632048029453
context,reservoir,measured,0,4,41,0.46484375,0.46484375,0.707757645752281
context,reservoir,null,0,4,17,0.5,0.5,0.7119246128713712
context,reservoir,null,0,4,29,0.484375,0.484375,0.7101395484060049
context,reservoir,null,0,4,41,0.4921875,0.4921875,0.7010922596091405
context,reservoir,measured,0,8,17,0.5,0.5,0.7092189188115299
context,reservoir,measured,0,8,29,0.515625,0.515625,0.6799614112824202
context,reservoir,measured,0,8,41,0.421875,0.421875,0.720958647201769
context,reservoir,null,0,8,17,0.5,0.5,0.7126955962739885
context,reservoir,null,0,8,29,0.515625,0.515625,0.703553665895015
context,reservoir,null,0,8,41,0.4765625,0.4765625,0.7132879003183916
context,reservoir,measured,0,12,17,0.5,0.5,0.7147691228892654
context,reservoir,measured,0,12,29,0.515625,0.515625,0.6859865763690323
context,reservoir,measured,0,12,41,0.45703125,0.45703125,0.7115240377606824
context,reservoir,null,0,12,17,0.5,0.5,0.7126367336604744
context,reservoir,null,0,12,29,0.51171875,0.51171875,0.7114259876543656
context,reservoir,null,0,12,41,0.5078125,0.5078125,0.6960895721567795
context,reservoir,measured,0,24,17,0.5,0.5,0.7178249717690051
context,reservoir,measured,0,24,29,0.46875,0.46875,0.692439918871969
context,reservoir,measured,0,24,41,0.421875,0.421875,0.7199061078717932
context,reservoir,null,0,24,17,0.5,0.5,0.7141110851662233
context,reservoir,null,0,24,29,0.4921875,0.4921875,0.7136812844546512
context,reservoir,null,0,24,41,0.50390625,0.50390625,0.6990702507318929
context,reservoir,measured,0,48,17,0.3203125,0.3203125,0.697178726317361
context,reservoir,measured,0,48,29,0.48828125,0.48828125,0.693489913828671
context,reservoir,measured,0,48,41,0.44140625,0.44140625,0.7281169696943834
context,reservoir,null,0,48,17,0.5,0.5,0.7142162923701108
context,reservoir,null,0,48,29,0.5,0.5,0.7142216380452737
context,reservoir,null,0,48,41,0.515625,0.515625,0.6977918308693916
context,reservoir,measured,100,4,17,0.4921875,0.4921875,0.7028750051977113
context,reservoir,measured,100,4,29,0.5,0.5,0.6301802368834615
context,reservoir,measured,100,4,41,0.546875,0.546875,0.6840694569982588
context,reservoir,null,100,4,17,0.48046875,0.48046875,0.7031683794921264
context,reservoir,null,100,4,29,0.5234375,0.5234375,0.6922910718712956
context,reservoir,null,100,4,41,0.54296875,0.54296875,0.6918259097728878
context,reservoir,measured,100,8,17,0.50390625,0.50390625,0.6934590921737254
context,reservoir,measured,100,8,29,0.5078125,0.5078125,0.6303174875210971
context,reservoir,measured,100,8,41,0.51171875,0.51171875,0.6887429099297151
context,reservoir,null,100,8,17,0.5234375,0.5234375,0.6974193081259727
context,reservoir,null,100,8,29,0.4296875,0.4296875,0.6973869190551341
context,reservoir,null,100,8,41,0.45703125,0.45703125,0.703983282437548
context,reservoir,measured,100,12,17,0.44921875,0.44921875,0.7008297881111503
context,reservoir,measured,100,12,29,0.6328125,0.6328125,0.6403747585136443
context,reservoir,measured,100,12,41,0.59375,0.59375,0.6729549195151776
context,reservoir,null,100,12,17,0.47265625,0.47265625,0.7031598493922502
context,reservoir,null,100,12,29,0.5625,0.5625,0.6910499162040651
context,reservoir,null,100,12,41,0.5625,0.5625,0.6884798414539546
context,reservoir,measured,100,24,17,0.5,0.5,0.7023057219339535
context,reservoir,measured,100,24,29,0.5078125,0.5078125,0.6844414686784148
context,reservoir,measured,100,24,41,0.61328125,0.61328125,0.6619403270306066
context,reservoir,null,100,24,17,0.47265625,0.47265625,0.7080472151283175
context,reservoir,null,100,24,29,0.51171875,0.51171875,0.6941880076192319
context,reservoir,null,100,24,41,0.53125,0.53125,0.6913949840236455
context,reservoir,measured,100,48,17,0.4921875,0.4921875,0.7045853552408516
context,reservoir,measured,100,48,29,0.5,0.5,0.7087368414504454
context,reservoir,measured,100,48,41,0.6015625,0.6015625,0.6610474903136492
context,reservoir,null,100,48,17,0.46875,0.46875,0.7054631556384265
context,reservoir,null,100,48,29,0.52734375,0.52734375,0.6930725132115185
context,reservoir,null,100,48,41,0.5234375,0.5234375,0.6898227769415826
context,reservoir,measured,200,4,17,0.43359375,0.43359375,0.6911552692763507
context,reservoir,measured,200,4,29,0.53515625,0.53515625,0.5864237693604082
context,reservoir,measured,200,4,41,0.69921875,0.69921875,0.6787017865572125
context,reservoir,null,200,4,17,0.53515625,0.53515625,0.6918270569294691
context,reservoir,null,200,4,29,0.5234375,0.5234375,0.6924376024398953
context,reservoir,null,200,4,41,0.55078125,0.55078125,0.6923919823020697
context,reservoir,measured,200,8,17,0.4375,0.4375,0.6933423364534974
context,reservoir,measured,200,8,29,0.70703125,0.70703125,0.5941901276819408
context,reservoir,measured,200,8,41,0.63671875,0.63671875,0.6805688121821731
context,reservoir,null,200,8,17,0.4375,0.4375,0.6979347497690469
context,reservoir,null,200,8,29,0.484375,0.484375,0.7128333215368912
context,reservoir,null,200,8,41,0.4609375,0.4609375,0.696938487701118
context,reservoir,measured,200,12,17,0.4765625,0.4765625,0.6893436755053699
context,reservoir,measured,200,12,29,0.859375,0.859375,0.6047474527731538
context,reservoir,measured,200,12,41,0.6328125,0.6328125,0.6663044738816097
context,reservoir,null,200,12,17,0.5390625,0.5390625,0.6904682815074921
context,reservoir,null,200,12,29,0.53515625,0.53515625,0.6875067552318797
context,reservoir,null,200,12,41,0.53125,0.53125,0.6915051024407148
context,reservoir,measured,200,24,17,0.50390625,0.50390625,0.6904719737358391
context,reservoir,measured,200,24,29,0.5,0.5,0.7029620276298374
context,reservoir,measured,200,24,41,0.54296875,0.54296875,0.656153354793787
context,reservoir,null,200,24,17,0.5390625,0.5390625,0.6921424684114754
context,reservoir,null,200,24,29,0.515625,0.515625,0.6923343731323257
context,reservoir,null,200,24,41,0.48828125,0.48828125,0.694604498334229
context,reservoir,measured,200,48,17,0.5,0.5,0.6988557793665677
context,reservoir,measured,200,48,29,0.5,0.5,0.7674503359012306
context,reservoir,measured,200,48,41,0.55078125,0.55078125,0.6603708388283849
context,reservoir,null,200,48,17,0.47265625,0.47265625,0.6924148541875184
context,reservoir,null,200,48,29,0.515625,0.515625,0.6909052921691909
context,reservoir,null,200,48,41,0.53515625,0.53515625,0.6926323543302715
context,reservoir,measured,300,4,17,0.5234375,0.5234375,0.6907520992681384
context,reservoir,measured,300,4,29,0.69140625,0.69140625,0.546959038823843
context,reservoir,measured,300,4,41,0.703125,0.703125,0.6738540080841631
context,reservoir,null,300,4,17,0.515625,0.515625,0.6919485186226666
context,reservoir,null,300,4,29,0.51953125,0.51953125,0.6928793017286807
context,reservoir,null,300,4,41,0.515625,0.515625,0.6926326008979231
context,reservoir,measured,300,8,17,0.51171875,0.51171875,0.6942280873190612
context,reservoir,measured,300,8,29,0.82421875,0.82421875,0.556583364144899
context,reservoir,measured,300,8,41,0.66015625,0.66015625,0.6689600732643157
context,reservoir,null,300,8,17,0.4765625,0.4765625,0.6991285618860275
context,reservoir,null,300,8,29,0.484375,0.484375,0.6960526548791677
context,reservoir,null,300,8,41,0.4375,0.4375,0.6951887567993253
context,reservoir,measured,300,12,17,0.49609375,0.49609375,0.689570575254038
context,reservoir,measured,300,12,29,0.81640625,0.81640625,0.5859393720747903
context,reservoir,measured,300,12,41,0.640625,0.640625,0.655558304511942
context,reservoir,null,300,12,17,0.53515625,0.53515625,0.6902028468903154
context,reservoir,null,300,12,29,0.5546875,0.5546875,0.6921657910570502
context,reservoir,null,300,12,41,0.51953125,0.51953125,0.6923564844764769
context,reservoir,measured,300,24,17,0.5,0.5,0.6913638206897303
context,reservoir,measured,300,24,29,0.5,0.5,0.7519302257569507
context,reservoir,measured,300,24,41,0.5546875,0.5546875,0.6361816698918119
context,reservoir,null,300,24,17,0.55078125,0.55078125,0.6893041837029159
context,reservoir,null,300,24,29,0.5390625,0.5390625,0.689118622103706
context,reservoir,null,300,24,41,0.46484375,0.46484375,0.6946364021860063
context,reservoir,measured,300,48,17,0.49609375,0.49609375,0.7024792758747935
context,reservoir,measured,300,48,29,0.5,0.5,0.8659786661155522
context,reservoir,measured,300,48,41,0.7265625,0.7265625,0.6490182810230181
context,reservoir,null,300,48,17,0.55859375,0.55859375,0.6907484245020896
context,reservoir,null,300,48,29,0.546875,0.546875,0.691401100018993
context,reservoir,null,300,48,41,0.52734375,0.52734375,0.6934070638380945
context,reservoir,measured,400,4,17,0.5078125,0.4921875,0.6917733263690025
context,reservoir,measured,400,4,29,0.5,0.5,0.755212553194724
context,reservoir,measured,400,4,41,0.4453125,0.5546875,0.7065804153680801
context,reservoir,null,400,4,17,0.36328125,0.63671875,0.6934880900662392
context,reservoir,null,400,4,29,0.49609375,0.50390625,0.6928799501620233
context,reservoir,null,400,4,41,0.44921875,0.55078125,0.701757940929383
context,reservoir,measured,400,8,17,0.49609375,0.50390625,0.6918617873452604
context,reservoir,measured,400,8,29,0.5,0.5,0.7494870882946998
context,reservoir,measured,400,8,41,0.4609375,0.5390625,0.6998928127577528
context,reservoir,null,400,8,17,0.4921875,0.5078125,0.6926995369140059
context,reservoir,null,400,8,29,0.484375,0.515625,0.6930074451956898
context,reservoir,null,400,8,41,0.55078125,0.44921875,0.683823749772273
context,reservoir,measured,400,12,17,0.5,0.5,0.6941357969772071
context,reservoir,measured,400,12,29,0.5,0.5,0.7523822647053748
context,reservoir,measured,400,12,41,0.41015625,0.58984375,0.7214763230876997
context,reservoir,null,400,12,17,0.5078125,0.4921875,0.6933492871467024
context,reservoir,null,400,12,29,0.52734375,0.47265625,0.6925648951437324
context,reservoir,null,400,12,41,0.453125,0.546875,0.7060435489984229
context,reservoir,measured,400,24,17,0.5,0.5,0.6994584137573838
context,reservoir,measured,400,24,29,0.5,0.5,0.7514090809272602
context,reservoir,measured,400,24,41,0.40625,0.59375,0.7347123312065378
context,reservoir,null,400,24,17,0.5,0.5,0.6935906077269465
context,reservoir,null,400,24,29,0.53515625,0.46484375,0.6917577744461596
context,reservoir,null,400,24,41,0.47265625,0.52734375,0.6998937635216862
context,reservoir,measured,400,48,17,0.49609375,0.50390625,0.7031233757734299
context,reservoir,measured,400,48,29,0.5,0.5,0.7609751609852538
context,reservoir,measured,400,48,41,0.4375,0.5625,0.7443740281742066
context,reservoir,null,400,48,17,0.5078125,0.4921875,0.6934998501092196
context,reservoir,null,400,48,29,0.52734375,0.47265625,0.6924343486316502
context,reservoir,null,400,48,41,0.48828125,0.51171875,0.7026549859438092
context,reservoir,measured,500,4,17,0.51171875,0.48828125,0.6930093236733228
context,reservoir,measured,500,4,29,0.5,0.5,0.6933392325881869
context,reservoir,measured,500,4,41,0.41015625,0.58984375,0.6929887786973268
context,reservoir,null,500,4,17,0.5390625,0.4609375,0.6947134906658903
context,reservoir,null,500,4,29,0.5390625,0.4609375,0.692169300513342
context,reservoir,null,500,4,41,0.515625,0.484375,0.6917245355434716
context,reservoir,measured,500,8,17,0.49609375,0.50390625,0.7118236294481903
context,reservoir,measured,500,8,29,0.5,0.5,0.6958966527599841
context,reservoir,measured,500,8,41,0.51953125,0.48046875,0.6987197364214808
context,reservoir,null,500,8,17,0.4609375,0.5390625,0.717277996125631
context,reservoir,null,500,8,29,0.484375,0.515625,0.700196938123554
context,reservoir,null,500,8,41,0.5,0.5,0.6968645607121289
context,reservoir,measured,500,12,17,0.53125,0.46875,0.6880258868914098
context,reservoir,measured,500,12,29,0.5,0.5,0.6949963023653254
context,reservoir,measured,500,12,41,0.59375,0.40625,0.6950043479446322
context,reservoir,null,500,12,17,0.5546875,0.4453125,0.6877911955816671
context,reservoir,null,500,12,29,0.53515625,0.46484375,0.69002720923163
context,reservoir,null,500,12,41,0.55078125,0.44921875,0.6906347188632935
context,reservoir,measured,500,24,17,0.5078125,0.4921875,0.6937421833863482
context,reservoir,measured,500,24,29,0.5,0.5,0.6975457917433232
context,reservoir,measured,500,24,41,0.55859375,0.44140625,0.7029614367056638
context,reservoir,null,500,24,17,0.52734375,0.47265625,0.6932349936105311
context,reservoir,null,500,24,29,0.5546875,0.4453125,0.6899691063445061
context,reservoir,null,500,24,41,0.53125,0.46875,0.6893746426794678
context,reservoir,measured,500,48,17,0.5,0.5,0.6989988090936095
context,reservoir,measured,500,48,29,0.5,0.5,0.6988391974009573
context,reservoir,measured,500,48,41,0.515625,0.484375,0.7053559819469228
context,reservoir,null,500,48,17,0.53125,0.46875,0.6927264482947066
context,reservoir,null,500,48,29,0.5546875,0.4453125,0.68975222366862
context,reservoir,null,500,48,41,0.5390625,0.4609375,0.6911376942880452
context,reservoir,measured,600,4,17,0.53515625,0.46484375,0.6913535085041076
context,reservoir,measured,600,4,29,0.50390625,0.49609375,0.652168290456757
context,reservoir,measured,600,4,41,0.375,0.625,0.6897516888566315
context,reservoir,null,600,4,17,0.46484375,0.53515625,0.6931329388171434
context,reservoir,null,600,4,29,0.45703125,0.54296875,0.7104735530447215
context,reservoir,null,600,4,41,0.53125,0.46875,0.69383285776712
context,reservoir,measured,600,8,17,0.50390625,0.49609375,0.6945096789859235
context,reservoir,measured,600,8,29,0.5078125,0.4921875,0.6390437904046848
context,reservoir,measured,600,8,41,0.56640625,0.43359375,0.6823272472247481
context,reservoir,null,600,8,17,0.43359375,0.56640625,0.6952803356107324
context,reservoir,null,600,8,29,0.52734375,0.47265625,0.6880331567954272
context,reservoir,null,600,8,41,0.5859375,0.4140625,0.6899717450141907
context,reservoir,measured,600,12,17,0.50390625,0.49609375,0.6923440955579281
context,reservoir,measured,600,12,29,0.53515625,0.46484375,0.6530697603011504
context,reservoir,measured,600,12,41,0.5546875,0.4453125,0.6875927448272705
context,reservoir,null,600,12,17,0.5390625,0.4609375,0.6926039627287537
context,reservoir,null,600,12,29,0.453125,0.546875,0.7141450042836368
context,reservoir,null,600,12,41,0.44140625,0.55859375,0.6951763934921473
context,reservoir,measured,600,24,17,0.5,0.5,0.6964050310198218
context,reservoir,measured,600,24,29,0.59375,0.40625,0.6832554140128195
context,reservoir,measured,600,24,41,0.6015625,0.3984375,0.6792558532906696
context,reservoir,null,600,24,17,0.484375,0.515625,0.6944817812182009
context,reservoir,null,600,24,29,0.44921875,0.55078125,0.7111919136950746
context,reservoir,null,600,24,41,0.46875,0.53125,0.6930172520224005
context,reservoir,measured,600,48,17,0.49609375,0.50390625,0.699256498599425
context,reservoir,measured,600,48,29,0.5,0.5,0.7004020961467177
context,reservoir,measured,600,48,41,0.57421875,0.42578125,0.6796643472043797
context,reservoir,null,600,48,17,0.51953125,0.48046875,0.6933773690834641
context,reservoir,null,600,48,29,0.453125,0.546875,0.7131911757169291
context,reservoir,null,600,48,41,0.49609375,0.50390625,0.6939105784986168
context,reservoir,measured,700,4,17,0.5078125,0.5078125,0.6934207223821431
context,reservoir,measured,700,4,29,0.5,0.5,0.6586714120348915
context,reservoir,measured,700,4,41,0.5234375,0.5234375,0.6882185973227024
context,reservoir,null,700,4,17,0.47265625,0.47265625,0.6949350889772177
context,reservoir,null,700,4,29,0.46875,0.46875,0.6969815888442099
context,reservoir,null,700,4,41,0.5390625,0.5390625,0.6929125459864736
context,reservoir,measured,700,8,17,0.5234375,0.5234375,0.6869459389708936
context,reservoir,measured,700,8,29,0.5,0.5,0.6566878148587421
context,reservoir,measured,700,8,41,0.578125,0.578125,0.6850998657755554
context,reservoir,null,700,8,17,0.58984375,0.58984375,0.6882910297717899
context,reservoir,null,700,8,29,0.53515625,0.53515625,0.6897167912684381
context,reservoir,null,700,8,41,0.640625,0.640625,0.6920697398018092
context,reservoir,measured,700,12,17,0.5,0.5,0.6964939502067864
context,reservoir,measured,700,12,29,0.5,0.5,0.6626683762297034
context,reservoir,measured,700,12,41,0.5859375,0.5859375,0.6790623883716762
context,reservoir,null,700,12,17,0.4765625,0.4765625,0.6965966555289924
context,reservoir,null,700,12,29,0.4453125,0.4453125,0.6985979364253581
context,reservoir,null,700,12,41,0.5703125,0.5703125,0.693635048577562
context,reservoir,measured,700,24,17,0.50390625,0.50390625,0.7020500270882621
context,reservoir,measured,700,24,29,0.5546875,0.5546875,0.6842240185942501
context,reservoir,measured,700,24,41,0.8515625,0.8515625,0.6628145154099911
context,reservoir,null,700,24,17,0.50390625,0.50390625,0.6933039319701493
context,reservoir,null,700,24,29,0.4453125,0.4453125,0.6975492341443896
context,reservoir,null,700,24,41,0.51953125,0.51953125,0.6929832485038787
context,reservoir,measured,700,48,17,0.5,0.5,0.7125741790514439
context,reservoir,measured,700,48,29,0.51171875,0.51171875,0.6937007214874029
context,reservoir,measured,700,48,41,0.72265625,0.72265625,0.6627773810178041
context,reservoir,null,700,48,17,0.4921875,0.4921875,0.6945473882369697
context,reservoir,null,700,48,29,0.46484375,0.46484375,0.6985200606286526
context,reservoir,null,700,48,41,0.48046875,0.48046875,0.6935236304998398
context,reservoir,measured,800,4,17,0.484375,0.484375,0.6915462964680046
context,reservoir,measured,800,4,29,0.50390625,0.50390625,0.6101893336744979
context,reservoir,measured,800,4,41,0.5625,0.5625,0.6802444208879024
context,reservoir,null,800,4,17,0.5390625,0.5390625,0.6926141346339136
context,reservoir,null,800,4,29,0.4609375,0.4609375,0.6931977097410709
context,reservoir,null,800,4,41,0.5234375,0.5234375,0.6912817456759512
context,reservoir,measured,800,8,17,0.42578125,0.42578125,0.6982014481909573
context,reservoir,measured,800,8,29,0.625,0.625,0.609218389261514
context,reservoir,measured,800,8,41,0.58203125,0.58203125,0.6796470301924273
context,reservoir,null,800,8,17,0.4375,0.4375,0.7008757956791669
context,reservoir,null,800,8,29,0.484375,0.484375,0.6937719308771193
context,reservoir,null,800,8,41,0.4921875,0.4921875,0.6998853080440313
context,reservoir,measured,800,12,17,0.5234375,0.5234375,0.6887791010085493
context,reservoir,measured,800,12,29,0.77734375,0.77734375,0.6232220538659021
context,reservoir,measured,800,12,41,0.65625,0.65625,0.6653774988371879
context,reservoir,null,800,12,17,0.53515625,0.53515625,0.6898544284049422
context,reservoir,null,800,12,29,0.49609375,0.49609375,0.6927306852303445
context,reservoir,null,800,12,41,0.5390625,0.5390625,0.6895809220150113
context,reservoir,measured,800,24,17,0.51171875,0.51171875,0.6937278148252517
context,reservoir,measured,800,24,29,0.5,0.5,0.6903637177310884
context,reservoir,measured,800,24,41,0.69140625,0.69140625,0.646646860637702
context,reservoir,null,800,24,17,0.5,0.5,0.6945924484170973
context,reservoir,null,800,24,29,0.4921875,0.4921875,0.6941267303191125
context,reservoir,null,800,24,41,0.53125,0.53125,0.6895184980239719
context,reservoir,measured,800,48,17,0.5,0.5,0.6989107984118164
context,reservoir,measured,800,48,29,0.5,0.5,0.7321874380577356
context,reservoir,measured,800,48,41,0.68359375,0.68359375,0.6510680242208764
context,reservoir,null,800,48,17,0.5,0.5,0.6916025876998901
context,reservoir,null,800,48,29,0.47265625,0.47265625,0.6940583137329668
context,reservoir,null,800,48,41,0.5390625,0.5390625,0.6910623824223876
context,reservoir,measured,900,4,17,0.41015625,0.41015625,0.6910734050907195
context,reservoir,measured,900,4,29,0.6640625,0.6640625,0.5649185461807065
context,reservoir,measured,900,4,41,0.6953125,0.6953125,0.6751056101638824
context,reservoir,null,900,4,17,0.5234375,0.5234375,0.6923537170514464
context,reservoir,null,900,4,29,0.515625,0.515625,0.6915161455981433
context,reservoir,null,900,4,41,0.55859375,0.55859375,0.6920755591709167
context,reservoir,measured,900,8,17,0.4140625,0.4140625,0.6967466322239488
context,reservoir,measured,900,8,29,0.83203125,0.83203125,0.568065590923652
context,reservoir,measured,900,8,41,0.6484375,0.6484375,0.6710567295085639
context,reservoir,null,900,8,17,0.45703125,0.45703125,0.6995276175439358
context,reservoir,null,900,8,29,0.45703125,0.45703125,0.6995523131918162
context,reservoir,null,900,8,41,0.421875,0.421875,0.697904352331534
context,reservoir,measured,900,12,17,0.50390625,0.50390625,0.6878880932927132
context,reservoir,measured,900,12,29,0.8359375,0.8359375,0.5940144544001669
context,reservoir,measured,900,12,41,0.640625,0.640625,0.6570938270306215
context,reservoir,null,900,12,17,0.51171875,0.51171875,0.6906651486642659
context,reservoir,null,900,12,29,0.53515625,0.53515625,0.6892034765332937
context,reservoir,null,900,12,41,0.5390625,0.5390625,0.6910707713104784
context,reservoir,measured,900,24,17,0.515625,0.515625,0.6881254238542169
context,reservoir,measured,900,24,29,0.5,0.5,0.7303857337683439
context,reservoir,measured,900,24,41,0.57421875,0.57421875,0.6362788466503844
context,reservoir,null,900,24,17,0.4921875,0.4921875,0.692460878752172
context,reservoir,null,900,24,29,0.5078125,0.5078125,0.692344092996791
context,reservoir,null,900,24,41,0.49609375,0.49609375,0.6949073586147279
context,reservoir,measured,900,48,17,0.5,0.5,0.6965389607939869
context,reservoir,measured,900,48,29,0.5,0.5,0.8226021103328094
context,reservoir,measured,900,48,41,0.7265625,0.7265625,0.6449952081311494
context,reservoir,null,900,48,17,0.53125,0.53125,0.6906606832053512
context,reservoir,null,900,48,29,0.5078125,0.5078125,0.6915278083179146
context,reservoir,null,900,48,41,0.51953125,0.51953125,0.693355220137164
context,eligibility,measured,0,4,17,0.5,0.5,0.7113145606126636
context,eligibility,measured,0,4,29,0.51953125,0.51953125,0.6829632048029453
context,eligibility,measured,0,4,41,0.46484375,0.46484375,0.707757645752281
context,eligibility,null,0,4,17,0.5,0.5,0.7119246128713712
context,eligibility,null,0,4,29,0.484375,0.484375,0.7101395484060049
context,eligibility,null,0,4,41,0.4921875,0.4921875,0.7010922596091405
context,eligibility,measured,0,8,17,0.5,0.5,0.7092189188115299
context,eligibility,measured,0,8,29,0.515625,0.515625,0.6799614112824202
context,eligibility,measured,0,8,41,0.421875,0.421875,0.720958647201769
context,eligibility,null,0,8,17,0.5,0.5,0.7126955962739885
context,eligibility,null,0,8,29,0.515625,0.515625,0.703553665895015
context,eligibility,null,0,8,41,0.4765625,0.4765625,0.7132879003183916
context,eligibility,measured,0,12,17,0.5,0.5,0.7147691228892654
context,eligibility,measured,0,12,29,0.515625,0.515625,0.6859865763690323
context,eligibility,measured,0,12,41,0.45703125,0.45703125,0.7115240377606824
context,eligibility,null,0,12,17,0.5,0.5,0.7126367336604744
context,eligibility,null,0,12,29,0.51171875,0.51171875,0.7114259876543656
context,eligibility,null,0,12,41,0.5078125,0.5078125,0.6960895721567795
context,eligibility,measured,0,24,17,0.5,0.5,0.7178249717690051
context,eligibility,measured,0,24,29,0.46875,0.46875,0.692439918871969
context,eligibility,measured,0,24,41,0.421875,0.421875,0.7199061078717932
context,eligibility,null,0,24,17,0.5,0.5,0.7141110851662233
context,eligibility,null,0,24,29,0.4921875,0.4921875,0.7136812844546512
context,eligibility,null,0,24,41,0.50390625,0.50390625,0.6990702507318929
context,eligibility,measured,0,48,17,0.3203125,0.3203125,0.697178726317361
context,eligibility,measured,0,48,29,0.48828125,0.48828125,0.693489913828671
context,eligibility,measured,0,48,41,0.44140625,0.44140625,0.7281169696943834
context,eligibility,null,0,48,17,0.5,0.5,0.7142162923701108
context,eligibility,null,0,48,29,0.5,0.5,0.7142216380452737
context,eligibility,null,0,48,41,0.515625,0.515625,0.6977918308693916
context,eligibility,measured,100,4,17,0.5,0.5,0.6658079464687034
context,eligibility,measured,100,4,29,0.5,0.5,0.5836414595978567
context,eligibility,measured,100,4,41,0.48046875,0.48046875,0.6339268509182148
context,eligibility,null,100,4,17,0.48046875,0.48046875,0.7011460098437965
context,eligibility,null,100,4,29,0.421875,0.421875,0.6920081651769578
context,eligibility,null,100,4,41,0.4609375,0.4609375,0.691203213413246
context,eligibility,measured,100,8,17,0.50390625,0.50390625,0.6432721114251763
context,eligibility,measured,100,8,29,0.53515625,0.53515625,0.5325085618242156
context,eligibility,measured,100,8,41,0.46875,0.46875,0.617753328580875
context,eligibility,null,100,8,17,0.52734375,0.52734375,0.6954706262331456
context,eligibility,null,100,8,29,0.42578125,0.42578125,0.6952885040082037
context,eligibility,null,100,8,41,0.4140625,0.4140625,0.6994098268914968
context,eligibility,measured,100,12,17,0.5,0.5,0.6586181599413976
context,eligibility,measured,100,12,29,0.57421875,0.57421875,0.5920826899819076
context,eligibility,measured,100,12,41,0.6484375,0.6484375,0.6177564671961591
context,eligibility,null,100,12,17,0.45703125,0.45703125,0.7013346399180591
context,eligibility,null,100,12,29,0.51953125,0.51953125,0.6919525098055601
context,eligibility,null,100,12,41,0.5234375,0.5234375,0.6890985793434083
context,eligibility,measured,100,24,17,0.6875,0.6875,0.6838492357637733
context,eligibility,measured,100,24,29,0.73828125,0.73828125,0.6753667956218123
context,eligibility,measured,100,24,41,0.5078125,0.5078125,0.6968749082880095
context,eligibility,null,100,24,17,0.47265625,0.47265625,0.7050020638853312
context,eligibility,null,100,24,29,0.4765625,0.4765625,0.6944012944586575
context,eligibility,null,100,24,41,0.53515625,0.53515625,0.6915247642900795
context,eligibility,measured,100,48,17,0.5,0.5,0.6985356162767857
context,eligibility,measured,100,48,29,0.5,0.5,0.6939343584235758
context,eligibility,measured,100,48,41,0.5,0.5,0.7649124171584845
context,eligibility,null,100,48,17,0.44140625,0.44140625,0.7030625531915575
context,eligibility,null,100,48,29,0.51171875,0.51171875,0.6935486423317343
context,eligibility,null,100,48,41,0.53515625,0.53515625,0.6905714648310095
context,eligibility,measured,200,4,17,0.5,0.5,0.6524532839539461
context,eligibility,measured,200,4,29,0.5,0.5,0.5298335002007661
context,eligibility,measured,200,4,41,0.75,0.75,0.5603964781039394
context,eligibility,null,200,4,17,0.53515625,0.53515625,0.691858550067991
context,eligibility,null,200,4,29,0.51953125,0.51953125,0.6890751202590764
context,eligibility,null,200,4,41,0.2578125,0.2578125,0.6896022628061473
context,eligibility,measured,200,8,17,0.5546875,0.5546875,0.6532561000203714
context,eligibility,measured,200,8,29,0.5,0.5,0.5908523022662848
context,eligibility,measured,200,8,41,0.75,0.75,0.5405670559266582
context,eligibility,null,200,8,17,0.44921875,0.44921875,0.6973184479866177
context,eligibility,null,200,8,29,0.45703125,0.45703125,0.6998992639128119
context,eligibility,null,200,8,41,0.55078125,0.55078125,0.6938299969770014
context,eligibility,measured,200,12,17,0.62890625,0.62890625,0.6692679746774957
context,eligibility,measured,200,12,29,0.5,0.5,0.6460781410569325
context,eligibility,measured,200,12,41,0.734375,0.734375,0.6007517802354414
context,eligibility,null,200,12,17,0.55078125,0.55078125,0.690697215963155
context,eligibility,null,200,12,29,0.57421875,0.57421875,0.688817314337939
context,eligibility,null,200,12,41,0.609375,0.609375,0.6918229018338025
context,eligibility,measured,200,24,17,0.50390625,0.50390625,0.6884350813925266
context,eligibility,measured,200,24,29,0.72265625,0.72265625,0.6823843945749104
context,eligibility,measured,200,24,41,0.5,0.5,0.8246150445193052
context,eligibility,null,200,24,17,0.53515625,0.53515625,0.6917636019643396
context,eligibility,null,200,24,29,0.50390625,0.50390625,0.6923027203883976
context,eligibility,null,200,24,41,0.5,0.5,0.6954869208857417
context,eligibility,measured,200,48,17,0.5,0.5,0.7042147803585976
context,eligibility,measured,200,48,29,0.5,0.5,0.6931206355802715
context,eligibility,measured,200,48,41,0.5,0.5,0.9627874226425774
context,eligibility,null,200,48,17,0.52734375,0.52734375,0.6917560254223645
context,eligibility,null,200,48,29,0.54296875,0.54296875,0.6914902657736093
context,eligibility,null,200,48,41,0.5,0.5,0.6949504096992314
context,eligibility,measured,300,4,17,0.65625,0.65625,0.6516429460607469
context,eligibility,measured,300,4,29,0.73046875,0.73046875,0.5770278672716813
context,eligibility,measured,300,4,41,0.75,0.75,0.5368861742899753
context,eligibility,null,300,4,17,0.53515625,0.53515625,0.6918867211788893
context,eligibility,null,300,4,29,0.51171875,0.51171875,0.6888579768128693
context,eligibility,null,300,4,41,0.74609375,0.74609375,0.685283673228696
context,eligibility,measured,300,8,17,0.69921875,0.69921875,0.6651622521458194
context,eligibility,measured,300,8,29,0.703125,0.703125,0.4727249337302055
context,eligibility,measured,300,8,41,0.75,0.75,0.5637832862266805
context,eligibility,null,300,8,17,0.46484375,0.46484375,0.6975277811288834
context,eligibility,null,300,8,29,0.484375,0.484375,0.6935873162001371
context,eligibility,null,300,8,41,0.71484375,0.71484375,0.6932620168663561
context,eligibility,measured,300,12,17,0.58984375,0.58984375,0.6780855738325045
context,eligibility,measured,300,12,29,0.66796875,0.66796875,0.5103563357042731
context,eligibility,measured,300,12,41,0.515625,0.515625,0.7007435908308253
context,eligibility,null,300,12,17,0.54296875,0.54296875,0.6907659017015249
context,eligibility,null,300,12,29,0.51953125,0.51953125,0.6914660565089434
context,eligibility,null,300,12,41,0.5,0.5,0.6954519290011376
context,eligibility,measured,300,24,17,0.70703125,0.70703125,0.689353647409007
context,eligibility,measured,300,24,29,0.71484375,0.71484375,0.6570777334272861
context,eligibility,measured,300,24,41,0.5,0.5,0.808939291164279
context,eligibility,null,300,24,17,0.546875,0.546875,0.6904855039902031
context,eligibility,null,300,24,29,0.52734375,0.52734375,0.6919072468299419
context,eligibility,null,300,24,41,0.5,0.5,0.7015769698191434
context,eligibility,measured,300,48,17,0.5,0.5,0.7083572975825518
context,eligibility,measured,300,48,29,0.5,0.5,0.6953644964378327
context,eligibility,measured,300,48,41,0.5,0.5,0.912895385234151
context,eligibility,null,300,48,17,0.55078125,0.55078125,0.6911708058323711
context,eligibility,null,300,48,29,0.515625,0.515625,0.6926435094792396
context,eligibility,null,300,48,41,0.5,0.5,0.7014736363198608
context,eligibility,measured,400,4,17,0.5,0.5,0.699194859014824
context,eligibility,measured,400,4,29,0.5,0.5,0.6825048279715702
context,eligibility,measured,400,4,41,0.5,0.5,0.6997519864235073
context,eligibility,null,400,4,17,0.48046875,0.51953125,0.6940435813739896
context,eligibility,null,400,4,29,0.51953125,0.48046875,0.6944796002935618
context,eligibility,null,400,4,41,0.47265625,0.52734375,0.6954911784268916
context,eligibility,measured,400,8,17,0.5078125,0.4921875,0.695407873718068
context,eligibility,measured,400,8,29,0.328125,0.671875,0.6949508278630674
context,eligibility,measured,400,8,41,0.5,0.5,0.6946717815008014
context,eligibility,null,400,8,17,0.5,0.5,0.6918361217249185
context,eligibility,null,400,8,29,0.5625,0.4375,0.6921204419340938
context,eligibility,null,400,8,41,0.48828125,0.51171875,0.6874705275986344
context,eligibility,measured,400,12,17,0.5,0.5,0.6949018735904247
context,eligibility,measured,400,12,29,0.5,0.5,0.69989672023803
context,eligibility,measured,400,12,41,0.25,0.75,0.6939041859004647
context,eligibility,null,400,12,17,0.4765625,0.5234375,0.6943224279675633
context,eligibility,null,400,12,29,0.453125,0.546875,0.6942187715321779
context,eligibility,null,400,12,41,0.46484375,0.53515625,0.6969226724468172
context,eligibility,measured,400,24,17,0.5,0.5,0.6984534999355674
context,eligibility,measured,400,24,29,0.5,0.5,0.6971132829785347
context,eligibility,measured,400,24,41,0.5,0.5,0.7039046795107424
context,eligibility,null,400,24,17,0.46484375,0.53515625,0.6943204472772777
context,eligibility,null,400,24,29,0.484375,0.515625,0.6936519364826381
context,eligibility,null,400,24,41,0.4765625,0.5234375,0.6954686529934406
context,eligibility,measured,400,48,17,0.5,0.5,0.7026721045840532
context,eligibility,measured,400,48,29,0.5,0.5,0.6949573080055416
context,eligibility,measured,400,48,41,0.5,0.5,0.7115384803619236
context,eligibility,null,400,48,17,0.48046875,0.51953125,0.6941616283729672
context,eligibility,null,400,48,29,0.48046875,0.51953125,0.6936912999954075
context,eligibility,null,400,48,41,0.4921875,0.5078125,0.6970046195201576
context,eligibility,measured,500,4,17,0.5,0.5,0.6948005356825888
context,eligibility,measured,500,4,29,0.25390625,0.74609375,0.6745458921941463
context,eligibility,measured,500,4,41,0.6875,0.3125,0.6943170414306223
context,eligibility,null,500,4,17,0.51953125,0.48046875,0.6919291922822595
context,eligibility,null,500,4,29,0.52734375,0.47265625,0.6909503212664276
context,eligibility,null,500,4,41,0.37109375,0.62890625,0.6790518972557038
context,eligibility,measured,500,8,17,0.5,0.5,0.6940159210935235
context,eligibility,measured,500,8,29,0.47265625,0.52734375,0.6142775887274183
context,eligibility,measured,500,8,41,0.5,0.5,0.6933055182453245
context,eligibility,null,500,8,17,0.4609375,0.5390625,0.704504752648063
context,eligibility,null,500,8,29,0.46484375,0.53515625,0.695671530906111
context,eligibility,null,500,8,41,0.53515625,0.46484375,0.6894648089073598
context,eligibility,measured,500,12,17,0.4296875,0.5703125,0.6936721086967736
context,eligibility,measured,500,12,29,0.5234375,0.4765625,0.6608591350959614
context,eligibility,measured,500,12,41,0.5,0.5,0.693577287485823
context,eligibility,null,500,12,17,0.5546875,0.4453125,0.688524752156809
context,eligibility,null,500,12,29,0.5390625,0.4609375,0.691023605177179
context,eligibility,null,500,12,41,0.63671875,0.36328125,0.6889489165041596
context,eligibility,measured,500,24,17,0.5,0.5,0.6941667611245066
context,eligibility,measured,500,24,29,0.49609375,0.50390625,0.6954240731429309
context,eligibility,measured,500,24,41,0.5,0.5,0.6981729348190129
context,eligibility,null,500,24,17,0.5390625,0.4609375,0.690501251956448
context,eligibility,null,500,24,29,0.546875,0.453125,0.6916671919170767
context,eligibility,null,500,24,41,0.54296875,0.45703125,0.6938044156413525
context,eligibility,measured,500,48,17,0.5,0.5,0.6955134484451264
context,eligibility,measured,500,48,29,0.5,0.5,0.6994742730166763
context,eligibility,measured,500,48,41,0.5,0.5,0.7011081788223237
context,eligibility,null,500,48,17,0.53515625,0.46484375,0.6900241847615689
context,eligibility,null,500,48,29,0.55859375,0.44140625,0.6915297345258296
context,eligibility,null,500,48,41,0.5,0.5,0.6963211435358971
context,eligibility,measured,600,4,17,0.61328125,0.38671875,0.6926882246043533
context,eligibility,measured,600,4,29,0.5,0.5,0.5416929961975256
context,eligibility,measured,600,4,41,0.5078125,0.4921875,0.6930037185084075
context,eligibility,null,600,4,17,0.46875,0.53125,0.6927128795068711
context,eligibility,null,600,4,29,0.4921875,0.5078125,0.6959651247598231
context,eligibility,null,600,4,41,0.5,0.5,0.6464640898630023
context,eligibility,measured,600,8,17,0.53125,0.46875,0.692995130084455
context,eligibility,measured,600,8,29,0.5,0.5,0.5944837504357565
context,eligibility,measured,600,8,41,0.43359375,0.56640625,0.692805000115186
context,eligibility,null,600,8,17,0.4140625,0.5859375,0.6944527113810182
context,eligibility,null,600,8,29,0.50390625,0.49609375,0.6891767960041761
context,eligibility,null,600,8,41,0.734375,0.265625,0.6626595068955794
context,eligibility,measured,600,12,17,0.359375,0.640625,0.6933743285480887
context,eligibility,measured,600,12,29,0.47265625,0.52734375,0.6638606877531856
context,eligibility,measured,600,12,41,0.41015625,0.58984375,0.6932982446160167
context,eligibility,null,600,12,17,0.51171875,0.48828125,0.6923866604920477
context,eligibility,null,600,12,29,0.44140625,0.55859375,0.6982055881526321
context,eligibility,null,600,12,41,0.75,0.25,0.6839822088368237
context,eligibility,measured,600,24,17,0.5,0.5,0.6933251568116248
context,eligibility,measured,600,24,29,0.5,0.5,0.6958988029509783
context,eligibility,measured,600,24,41,0.5,0.5,0.6959162931889296
context,eligibility,null,600,24,17,0.50390625,0.49609375,0.6931847766973078
context,eligibility,null,600,24,29,0.453125,0.546875,0.6973241416271776
context,eligibility,null,600,24,41,0.5,0.5,0.7110978247364983
context,eligibility,measured,600,48,17,0.5,0.5,0.6939509410876781
context,eligibility,measured,600,48,29,0.5,0.5,0.716223550378345
context,eligibility,measured,600,48,41,0.5,0.5,0.6979001760482788
context,eligibility,null,600,48,17,0.5234375,0.4765625,0.6927356587257236
context,eligibility,null,600,48,29,0.46875,0.53125,0.6970511286053807
context,eligibility,null,600,48,41,0.5,0.5,0.7155740446178243
context,eligibility,measured,700,4,17,0.5078125,0.5078125,0.6917942203581333
context,eligibility,measured,700,4,29,0.33203125,0.33203125,0.7188213455956429
context,eligibility,measured,700,4,41,0.37890625,0.37890625,0.6919177030213177
context,eligibility,null,700,4,17,0.46875,0.46875,0.6948810236062855
context,eligibility,null,700,4,29,0.49609375,0.49609375,0.6931015592999756
context,eligibility,null,700,4,41,0.6484375,0.6484375,0.6923964021261781
context,eligibility,measured,700,8,17,0.50390625,0.50390625,0.6923544681631029
context,eligibility,measured,700,8,29,0.51171875,0.51171875,0.6991055130492896
context,eligibility,measured,700,8,41,0.5,0.5,0.6930832657963037
context,eligibility,null,700,8,17,0.5078125,0.5078125,0.6903940867632627
context,eligibility,null,700,8,29,0.50390625,0.50390625,0.6936871120706201
context,eligibility,null,700,8,41,0.328125,0.328125,0.6935908149462193
context,eligibility,measured,700,12,17,0.6015625,0.6015625,0.6927488597575575
context,eligibility,measured,700,12,29,0.5,0.5,0.6944816936738789
context,eligibility,measured,700,12,41,0.5,0.5,0.6932643067557365
context,eligibility,null,700,12,17,0.46875,0.46875,0.6956035534385592
context,eligibility,null,700,12,29,0.546875,0.546875,0.6927961790934205
context,eligibility,null,700,12,41,0.5,0.5,0.6931482013314962
context,eligibility,measured,700,24,17,0.5,0.5,0.6938972999341786
context,eligibility,measured,700,24,29,0.5,0.5,0.7000577754806727
context,eligibility,measured,700,24,41,0.5,0.5,0.6988926595076919
context,eligibility,null,700,24,17,0.46484375,0.46484375,0.6944447229616344
context,eligibility,null,700,24,29,0.515625,0.515625,0.6929358975030482
context,eligibility,null,700,24,41,0.5,0.5,0.6933606846723706
context,eligibility,measured,700,48,17,0.5,0.5,0.6947976730298251
context,eligibility,measured,700,48,29,0.5,0.5,0.7050390979275107
context,eligibility,measured,700,48,41,0.5,0.5,0.702466957969591
context,eligibility,null,700,48,17,0.47265625,0.47265625,0.6949236926157027
context,eligibility,null,700,48,29,0.5,0.5,0.6930580495391041
context,eligibility,null,700,48,41,0.5,0.5,0.6934104070533067
context,eligibility,measured,800,4,17,0.5,0.5,0.6889165467582643
context,eligibility,measured,800,4,29,0.47265625,0.47265625,0.7051864014938474
context,eligibility,measured,800,4,41,0.49609375,0.49609375,0.6895738379098475
context,eligibility,null,800,4,17,0.5078125,0.5078125,0.6925460209604353
context,eligibility,null,800,4,29,0.5,0.5,0.6923711854033172
context,eligibility,null,800,4,41,0.5078125,0.5078125,0.6890262986999005
context,eligibility,measured,800,8,17,0.5,0.5,0.6912140913773328
context,eligibility,measured,800,8,29,0.31640625,0.31640625,0.6964382636360824
context,eligibility,measured,800,8,41,0.5,0.5,0.6927627446129918
context,eligibility,null,800,8,17,0.484375,0.484375,0.6947272254619747
context,eligibility,null,800,8,29,0.49609375,0.49609375,0.6929374027531594
context,eligibility,null,800,8,41,0.51953125,0.51953125,0.6942097616847605
context,eligibility,measured,800,12,17,0.5,0.5,0.6921804952435195
context,eligibility,measured,800,12,29,0.5,0.5,0.6939015556126833
context,eligibility,measured,800,12,41,0.5,0.5,0.6931534286122769
context,eligibility,null,800,12,17,0.5234375,0.5234375,0.692111738724634
context,eligibility,null,800,12,29,0.51953125,0.51953125,0.6930875615216792
context,eligibility,null,800,12,41,0.5,0.5,0.6931065954267979
context,eligibility,measured,800,24,17,0.5,0.5,0.694629666628316
context,eligibility,measured,800,24,29,0.5,0.5,0.6955997417680919
context,eligibility,measured,800,24,41,0.5,0.5,0.6990470441523939
context,eligibility,null,800,24,17,0.54296875,0.54296875,0.6925192638300359
context,eligibility,null,800,24,29,0.4453125,0.4453125,0.6934412238188088
context,eligibility,null,800,24,41,0.5,0.5,0.6948657291941345
context,eligibility,measured,800,48,17,0.5,0.5,0.6964499910827726
context,eligibility,measured,800,48,29,0.5,0.5,0.6969530561473221
context,eligibility,measured,800,48,41,0.5,0.5,0.7025443371385336
context,eligibility,null,800,48,17,0.53515625,0.53515625,0.6923921788111329
context,eligibility,null,800,48,29,0.46875,0.46875,0.6934225070290267
context,eligibility,null,800,48,41,0.5,0.5,0.6951817392837256
context,eligibility,measured,900,4,17,0.5,0.5,0.6816605345811695
context,eligibility,measured,900,4,29,0.5,0.5,0.7004824092146009
context,eligibility,measured,900,4,41,0.5,0.5,0.6864468778949231
context,eligibility,null,900,4,17,0.5390625,0.5390625,0.6920066664461046
context,eligibility,null,900,4,29,0.5078125,0.5078125,0.6922679673880339
context,eligibility,null,900,4,41,0.33984375,0.33984375,0.686473096255213
context,eligibility,measured,900,8,17,0.5,0.5,0.6876822237391025
context,eligibility,measured,900,8,29,0.48046875,0.48046875,0.6952147111296654
context,eligibility,measured,900,8,41,0.625,0.625,0.6922185444273055
context,eligibility,null,900,8,17,0.45703125,0.45703125,0.6964893683325499
context,eligibility,null,900,8,29,0.50390625,0.50390625,0.69224156672135
context,eligibility,null,900,8,41,0.75,0.75,0.6922136428765953
context,eligibility,measured,900,12,17,0.5,0.5,0.6903351652435958
context,eligibility,measured,900,12,29,0.5,0.5,0.6934529768768698
context,eligibility,measured,900,12,41,0.5,0.5,0.6932844498660415
context,eligibility,null,900,12,17,0.55078125,0.55078125,0.691265432164073
context,eligibility,null,900,12,29,0.50390625,0.50390625,0.6937212599441409
context,eligibility,null,900,12,41,0.5,0.5,0.6936076034326106
context,eligibility,measured,900,24,17,0.5,0.5,0.6961586757097393
context,eligibility,measured,900,24,29,0.5,0.5,0.6940867812372744
context,eligibility,measured,900,24,41,0.5,0.5,0.6995317831169814
context,eligibility,null,900,24,17,0.5546875,0.5546875,0.6915432955138385
context,eligibility,null,900,24,29,0.46875,0.46875,0.6942447039764374
context,eligibility,null,900,24,41,0.5,0.5,0.6975737772881985
context,eligibility,measured,900,48,17,0.5,0.5,0.7013145249802619
context,eligibility,measured,900,48,29,0.5,0.5,0.6945488883648068
context,eligibility,measured,900,48,41,0.5,0.5,0.7027634915430099
context,eligibility,null,900,48,17,0.55859375,0.55859375,0.6915696123614907
context,eligibility,null,900,48,29,0.48046875,0.48046875,0.694069794844836
context,eligibility,null,900,48,41,0.5,0.5,0.6980357118882239
context,instantaneous,measured,0,4,17,0.5,0.5,0.7113145606126636
context,instantaneous,measured,0,4,29,0.51953125,0.51953125,0.6829632048029453
context,instantaneous,measured,0,4,41,0.46484375,0.46484375,0.707757645752281
context,instantaneous,null,0,4,17,0.5,0.5,0.7119246128713712
context,instantaneous,null,0,4,29,0.484375,0.484375,0.7101395484060049
context,instantaneous,null,0,4,41,0.4921875,0.4921875,0.7010922596091405
context,instantaneous,measured,0,8,17,0.5,0.5,0.7092189188115299
context,instantaneous,measured,0,8,29,0.515625,0.515625,0.6799614112824202
context,instantaneous,measured,0,8,41,0.421875,0.421875,0.720958647201769
context,instantaneous,null,0,8,17,0.5,0.5,0.7126955962739885
context,instantaneous,null,0,8,29,0.515625,0.515625,0.703553665895015
context,instantaneous,null,0,8,41,0.4765625,0.4765625,0.7132879003183916
context,instantaneous,measured,0,12,17,0.5,0.5,0.7147691228892654
context,instantaneous,measured,0,12,29,0.515625,0.515625,0.6859865763690323
context,instantaneous,measured,0,12,41,0.45703125,0.45703125,0.7115240377606824
context,instantaneous,null,0,12,17,0.5,0.5,0.7126367336604744
context,instantaneous,null,0,12,29,0.51171875,0.51171875,0.7114259876543656
context,instantaneous,null,0,12,41,0.5078125,0.5078125,0.6960895721567795
context,instantaneous,measured,0,24,17,0.5,0.5,0.7178249717690051
context,instantaneous,measured,0,24,29,0.46875,0.46875,0.692439918871969
context,instantaneous,measured,0,24,41,0.421875,0.421875,0.7199061078717932
context,instantaneous,null,0,24,17,0.5,0.5,0.7141110851662233
context,instantaneous,null,0,24,29,0.4921875,0.4921875,0.7136812844546512
context,instantaneous,null,0,24,41,0.50390625,0.50390625,0.6990702507318929
context,instantaneous,measured,0,48,17,0.3203125,0.3203125,0.697178726317361
context,instantaneous,measured,0,48,29,0.48828125,0.48828125,0.693489913828671
context,instantaneous,measured,0,48,41,0.44140625,0.44140625,0.7281169696943834
context,instantaneous,null,0,48,17,0.5,0.5,0.7142162923701108
context,instantaneous,null,0,48,29,0.5,0.5,0.7142216380452737
context,instantaneous,null,0,48,41,0.515625,0.515625,0.6977918308693916
context,instantaneous,measured,100,4,17,0.5078125,0.5078125,0.681375521584414
context,instantaneous,measured,100,4,29,0.57421875,0.57421875,0.6279497443465516
context,instantaneous,measured,100,4,41,0.62890625,0.62890625,0.6422288414323702
context,instantaneous,null,100,4,17,0.484375,0.484375,0.7019533608108759
context,instantaneous,null,100,4,29,0.4296875,0.4296875,0.6926468764431775
context,instantaneous,null,100,4,41,0.5,0.5,0.691664535086602
context,instantaneous,measured,100,8,17,0.5,0.5,0.6680942529346794
context,instantaneous,measured,100,8,29,0.71484375,0.71484375,0.5649671071732882
context,instantaneous,measured,100,8,41,0.484375,0.484375,0.651406557415612
context,instantaneous,null,100,8,17,0.515625,0.515625,0.6960488352924585
context,instantaneous,null,100,8,29,0.4609375,0.4609375,0.6960769603028893
context,instantaneous,null,100,8,41,0.4375,0.4375,0.7009017795789987
context,instantaneous,measured,100,12,17,0.5,0.5,0.6755135980201885
context,instantaneous,measured,100,12,29,0.73046875,0.73046875,0.5707516551774461
context,instantaneous,measured,100,12,41,0.51171875,0.51171875,0.6481887251138687
context,instantaneous,null,100,12,17,0.48046875,0.48046875,0.7020686834584922
context,instantaneous,null,100,12,29,0.54296875,0.54296875,0.6918573940638453
context,instantaneous,null,100,12,41,0.5546875,0.5546875,0.6890858982224017
context,instantaneous,measured,100,24,17,0.58984375,0.58984375,0.6871033483184874
context,instantaneous,measured,100,24,29,0.6953125,0.6953125,0.6084312671155203
context,instantaneous,measured,100,24,41,0.58203125,0.58203125,0.688034292543307
context,instantaneous,null,100,24,17,0.47265625,0.47265625,0.7060773889534175
context,instantaneous,null,100,24,29,0.48046875,0.48046875,0.6944899980444461
context,instantaneous,null,100,24,41,0.54296875,0.54296875,0.6912483733613044
context,instantaneous,measured,100,48,17,0.5,0.5,0.6961483173072338
context,instantaneous,measured,100,48,29,0.62109375,0.62109375,0.661605799687095
context,instantaneous,measured,100,48,41,0.5,0.5,0.6960272714495659
context,instantaneous,null,100,48,17,0.4609375,0.4609375,0.7038470634724945
context,instantaneous,null,100,48,29,0.51171875,0.51171875,0.693507180782035
context,instantaneous,null,100,48,41,0.546875,0.546875,0.6899828743189573
context,instantaneous,measured,200,4,17,0.5,0.5,0.6712557387072593
context,instantaneous,measured,200,4,29,0.5703125,0.5703125,0.5300890980288386
context,instantaneous,measured,200,4,41,0.5,0.5,0.5800350311910734
context,instantaneous,null,200,4,17,0.5390625,0.5390625,0.6919308004435152
context,instantaneous,null,200,4,29,0.52734375,0.52734375,0.6907628534827381
context,instantaneous,null,200,4,41,0.375,0.375,0.6915164415258914
context,instantaneous,measured,200,8,17,0.5,0.5,0.6492079608142376
context,instantaneous,measured,200,8,29,0.68359375,0.68359375,0.4969516978308093
context,instantaneous,measured,200,8,41,0.5,0.5,0.6527037309715524
context,instantaneous,null,200,8,17,0.453125,0.453125,0.6970454128459096
context,instantaneous,null,200,8,29,0.42578125,0.42578125,0.7031156120356172
context,instantaneous,null,200,8,41,0.53515625,0.53515625,0.6948952137026936
context,instantaneous,measured,200,12,17,0.5,0.5,0.6516245738603175
context,instantaneous,measured,200,12,29,0.671875,0.671875,0.5459677628823556
context,instantaneous,measured,200,12,41,0.640625,0.640625,0.6765588917769492
context,instantaneous,null,200,12,17,0.50390625,0.50390625,0.6908822078257799
context,instantaneous,null,200,12,29,0.55078125,0.55078125,0.6882224429864436
context,instantaneous,null,200,12,41,0.57421875,0.57421875,0.6918492193799466
context,instantaneous,measured,200,24,17,0.73046875,0.73046875,0.6748972077621147
context,instantaneous,measured,200,24,29,0.58203125,0.58203125,0.6620060867862776
context,instantaneous,measured,200,24,41,0.5,0.5,0.6987090855836868
context,instantaneous,null,200,24,17,0.5390625,0.5390625,0.6920126664917916
context,instantaneous,null,200,24,29,0.5234375,0.5234375,0.6919069564901292
context,instantaneous,null,200,24,41,0.50390625,0.50390625,0.694488384295255
context,instantaneous,measured,200,48,17,0.5,0.5,0.7011519796214998
context,instantaneous,measured,200,48,29,0.5,0.5,0.6921923109330237
context,instantaneous,measured,200,48,41,0.5,0.5,0.7170170356985182
context,instantaneous,null,200,48,17,0.515625,0.515625,0.6920115980319679
context,instantaneous,null,200,48,29,0.51953125,0.51953125,0.6910276187118143
context,instantaneous,null,200,48,41,0.5,0.5,0.6934992221649736
context,instantaneous,measured,300,4,17,0.5,0.5,0.6702602438163012
context,instantaneous,measured,300,4,29,0.578125,0.578125,0.5389112518751062
context,instantaneous,measured,300,4,41,0.5,0.5,0.5884723907802254
context,instantaneous,null,300,4,17,0.515625,0.515625,0.6918515306897461
context,instantaneous,null,300,4,29,0.5703125,0.5703125,0.6916039832867682
context,instantaneous,null,300,4,41,0.55859375,0.55859375,0.6908044898882508
context,instantaneous,measured,300,8,17,0.5,0.5,0.6704683115240186
context,instantaneous,measured,300,8,29,0.63671875,0.63671875,0.4782270143914502
context,instantaneous,measured,300,8,41,0.5,0.5,0.6625471787992865
context,instantaneous,null,300,8,17,0.4609375,0.4609375,0.6976967211812735
context,instantaneous,null,300,8,29,0.52734375,0.52734375,0.6939712432213128
context,instantaneous,null,300,8,41,0.7265625,0.7265625,0.6936391219496727
context,instantaneous,measured,300,12,17,0.5,0.5,0.6768305258592591
context,instantaneous,measured,300,12,29,0.57421875,0.57421875,0.47490897150419187
context,instantaneous,measured,300,12,41,0.51171875,0.51171875,0.6812226478941739
context,instantaneous,null,300,12,17,0.54296875,0.54296875,0.6905355097260326
context,instantaneous,null,300,12,29,0.515625,0.515625,0.6921118013560772
context,instantaneous,null,300,12,41,0.5,0.5,0.6935254244599491
context,instantaneous,measured,300,24,17,0.55859375,0.55859375,0.6903083017095923
context,instantaneous,measured,300,24,29,0.4765625,0.4765625,0.58445515789208
context,instantaneous,measured,300,24,41,0.5,0.5,0.6994572307448834
context,instantaneous,null,300,24,17,0.55859375,0.55859375,0.6902314375620335
context,instantaneous,null,300,24,29,0.55078125,0.55078125,0.6910874806344509
context,instantaneous,null,300,24,41,0.5,0.5,0.6967358789406717
context,instantaneous,measured,300,48,17,0.5,0.5,0.7044329848140478
context,instantaneous,measured,300,48,29,0.5703125,0.5703125,0.6742918745148927
context,instantaneous,measured,300,48,41,0.5,0.5,0.7208877421217039
context,instantaneous,null,300,48,17,0.5546875,0.5546875,0.6909514500293881
context,instantaneous,null,300,48,29,0.55078125,0.55078125,0.6921926513314247
context,instantaneous,null,300,48,41,0.5,0.5,0.6966576229315251
context,instantaneous,measured,400,4,17,0.4375,0.5625,0.6944578569382429
context,instantaneous,measured,400,4,29,0.52734375,0.47265625,0.5438403833832126
context,instantaneous,measured,400,4,41,0.5,0.5,0.7104467421304435
context,instantaneous,null,400,4,17,0.484375,0.515625,0.6939831278286874
context,instantaneous,null,400,4,29,0.4921875,0.5078125,0.6936547651421279
context,instantaneous,null,400,4,41,0.44140625,0.55859375,0.6957932945806533
context,instantaneous,measured,400,8,17,0.52734375,0.47265625,0.6933532231487334
context,instantaneous,measured,400,8,29,0.57421875,0.42578125,0.5015595416552969
context,instantaneous,measured,400,8,41,0.49609375,0.50390625,0.6952757770195603
context,instantaneous,null,400,8,17,0.52734375,0.47265625,0.6917111363727599
context,instantaneous,null,400,8,29,0.52734375,0.47265625,0.6920382406096905
context,instantaneous,null,400,8,41,0.52734375,0.47265625,0.6869136625900865
context,instantaneous,measured,400,12,17,0.28125,0.71875,0.694071956910193
context,instantaneous,measured,400,12,29,0.66796875,0.33203125,0.5360692864996963
context,instantaneous,measured,400,12,41,0.4921875,0.5078125,0.6943483555223793
context,instantaneous,null,400,12,17,0.48828125,0.51171875,0.6943525832612067
context,instantaneous,null,400,12,29,0.46484375,0.53515625,0.6939040333963931
context,instantaneous,null,400,12,41,0.4609375,0.5390625,0.698565220925957
context,instantaneous,measured,400,24,17,0.5,0.5,0.6938800076022744
context,instantaneous,measured,400,24,29,0.6953125,0.3046875,0.6517725157900713
context,instantaneous,measured,400,24,41,0.5,0.5,0.695959052303806
context,instantaneous,null,400,24,17,0.5,0.5,0.694259244017303
context,instantaneous,null,400,24,29,0.48046875,0.51953125,0.6936302427202463
context,instantaneous,null,400,24,41,0.5,0.5,0.6959565745200962
context,instantaneous,measured,400,48,17,0.5,0.5,0.696132245939225
context,instantaneous,measured,400,48,29,0.51171875,0.48828125,0.6918514030985534
context,instantaneous,measured,400,48,41,0.5,0.5,0.6996633857488632
context,instantaneous,null,400,48,17,0.5,0.5,0.6941867531277239
context,instantaneous,null,400,48,29,0.4765625,0.5234375,0.6936974688433111
context,instantaneous,null,400,48,41,0.46484375,0.53515625,0.6971439474727958
context,instantaneous,measured,500,4,17,0.61328125,0.38671875,0.6908946104813367
context,instantaneous,measured,500,4,29,0.59765625,0.40234375,0.5224504834186519
context,instantaneous,measured,500,4,41,0.5,0.5,0.7042023479007185
context,instantaneous,null,500,4,17,0.53515625,0.46484375,0.6923693461576477
context,instantaneous,null,500,4,29,0.515625,0.484375,0.6909998955670744
context,instantaneous,null,500,4,41,0.46875,0.53125,0.6900677701923996
context,instantaneous,measured,500,8,17,0.515625,0.484375,0.6921114691067487
context,instantaneous,measured,500,8,29,0.578125,0.421875,0.5043465952330735
context,instantaneous,measured,500,8,41,0.5,0.5,0.6942538775037974
context,instantaneous,null,500,8,17,0.4765625,0.5234375,0.706716914428398
context,instantaneous,null,500,8,29,0.44921875,0.55078125,0.6970778226386756
context,instantaneous,null,500,8,41,0.53515625,0.46484375,0.6930632921867073
context,instantaneous,measured,500,12,17,0.49609375,0.50390625,0.6929149641655385
context,instantaneous,measured,500,12,29,0.63671875,0.36328125,0.5592917896501604
context,instantaneous,measured,500,12,41,0.48046875,0.51953125,0.6941264378838241
context,instantaneous,null,500,12,17,0.5546875,0.4453125,0.6883182689780369
context,instantaneous,null,500,12,29,0.53515625,0.46484375,0.6902595756109804
context,instantaneous,null,500,12,41,0.56640625,0.43359375,0.6916977679356933
context,instantaneous,measured,500,24,17,0.5,0.5,0.6928730988875031
context,instantaneous,measured,500,24,29,0.60546875,0.39453125,0.6551030748523772
context,instantaneous,measured,500,24,41,0.5,0.5,0.6954043207224458
context,instantaneous,null,500,24,17,0.53515625,0.46484375,0.6905323239043355
context,instantaneous,null,500,24,29,0.5546875,0.4453125,0.6909479268360883
context,instantaneous,null,500,24,41,0.5546875,0.4453125,0.6914011130575091
context,instantaneous,measured,500,48,17,0.5,0.5,0.693467338103801
context,instantaneous,measured,500,48,29,0.5,0.5,0.6905170279933373
context,instantaneous,measured,500,48,41,0.5,0.5,0.697628884576261
context,instantaneous,null,500,48,17,0.53125,0.46875,0.6904900055378675
context,instantaneous,null,500,48,29,0.55859375,0.44140625,0.6908083620946854
context,instantaneous,null,500,48,41,0.515625,0.484375,0.6925068572163582
context,instantaneous,measured,600,4,17,0.58984375,0.41015625,0.6886177610140294
context,instantaneous,measured,600,4,29,0.74609375,0.25390625,0.5486546274369175
context,instantaneous,measured,600,4,41,0.5,0.5,0.7020254037342966
context,instantaneous,null,600,4,17,0.5703125,0.4296875,0.6929529590997845
context,instantaneous,null,600,4,29,0.4765625,0.5234375,0.6991396039957181
context,instantaneous,null,600,4,41,0.26171875,0.73828125,0.6907206862233579
context,instantaneous,measured,600,8,17,0.546875,0.453125,0.6895980143453926
context,instantaneous,measured,600,8,29,0.72265625,0.27734375,0.47298407657217467
context,instantaneous,measured,600,8,41,0.5,0.5,0.6937946006655693
context,instantaneous,null,600,8,17,0.45703125,0.54296875,0.6944201088044792
context,instantaneous,null,600,8,29,0.5234375,0.4765625,0.6887695367913693
context,instantaneous,null,600,8,41,0.65625,0.34375,0.6896998942829669
context,instantaneous,measured,600,12,17,0.53515625,0.46484375,0.6920647209044546
context,instantaneous,measured,600,12,29,0.6796875,0.3203125,0.44724912906531245
context,instantaneous,measured,600,12,41,0.5078125,0.4921875,0.6938966738525778
context,instantaneous,null,600,12,17,0.53515625,0.46484375,0.6925843367353082
context,instantaneous,null,600,12,29,0.44140625,0.55859375,0.701306184520945
context,instantaneous,null,600,12,41,0.72265625,0.27734375,0.6942055514082313
context,instantaneous,measured,600,24,17,0.45703125,0.54296875,0.6928307916969061
context,instantaneous,measured,600,24,29,0.66015625,0.33984375,0.6007624049598235
context,instantaneous,measured,600,24,41,0.5,0.5,0.694012206280604
context,instantaneous,null,600,24,17,0.44921875,0.55078125,0.6936013938393444
context,instantaneous,null,600,24,29,0.453125,0.546875,0.7002570091281086
context,instantaneous,null,600,24,41,0.5,0.5,0.6947269018273801
context,instantaneous,measured,600,48,17,0.5,0.5,0.6930631520226598
context,instantaneous,measured,600,48,29,0.5,0.5,0.8156894805142656
context,instantaneous,measured,600,48,41,0.5,0.5,0.6950758646707982
context,instantaneous,null,600,48,17,0.49609375,0.50390625,0.6929841148667037
context,instantaneous,null,600,48,29,0.45703125,0.54296875,0.7001425980124623
context,instantaneous,null,600,48,41,0.5,0.5,0.6959871384315193
context,instantaneous,measured,700,4,17,0.46875,0.46875,0.6934534960892051
context,instantaneous,measured,700,4,29,0.5,0.5,0.6964131114073098
context,instantaneous,measured,700,4,41,0.5,0.5,0.6863053685519844
context,instantaneous,null,700,4,17,0.4765625,0.4765625,0.6949752543587238
context,instantaneous,null,700,4,29,0.5,0.5,0.6933510592207313
context,instantaneous,null,700,4,41,0.49609375,0.49609375,0.6913239269051701
context,instantaneous,measured,700,8,17,0.46484375,0.46484375,0.6925045186653733
context,instantaneous,measured,700,8,29,0.5,0.5,0.7004606414120644
context,instantaneous,measured,700,8,41,0.5,0.5,0.6928347467910498
context,instantaneous,null,700,8,17,0.515625,0.515625,0.6900060586631298
context,instantaneous,null,700,8,29,0.515625,0.515625,0.6932019772939384
context,instantaneous,null,700,8,41,0.55859375,0.55859375,0.694138627499342
context,instantaneous,measured,700,12,17,0.48046875,0.48046875,0.6928794689010829
context,instantaneous,measured,700,12,29,0.33203125,0.33203125,0.6984703701455146
context,instantaneous,measured,700,12,41,0.546875,0.546875,0.6926233728881925
context,instantaneous,null,700,12,17,0.4453125,0.4453125,0.6959873486775905
context,instantaneous,null,700,12,29,0.4453125,0.4453125,0.6933340122923255
context,instantaneous,null,700,12,41,0.5078125,0.5078125,0.6923325809184462
context,instantaneous,measured,700,24,17,0.5,0.5,0.6936114251147956
context,instantaneous,measured,700,24,29,0.5,0.5,0.7058970518410206
context,instantaneous,measured,700,24,41,0.5,0.5,0.6943584927357733
context,instantaneous,null,700,24,17,0.4921875,0.4921875,0.6945974680129439
context,instantaneous,null,700,24,29,0.48046875,0.48046875,0.6935983598232269
context,instantaneous,null,700,24,41,0.5,0.5,0.6933852611109614
context,instantaneous,measured,700,48,17,0.5,0.5,0.6946598400827497
context,instantaneous,measured,700,48,29,0.5,0.5,0.7089663480874151
context,instantaneous,measured,700,48,41,0.5,0.5,0.6954347686842084
context,instantaneous,null,700,48,17,0.46875,0.46875,0.6951784021221101
context,instantaneous,null,700,48,29,0.5078125,0.5078125,0.6936336066573858
context,instantaneous,null,700,48,41,0.5,0.5,0.6933074060361832
context,instantaneous,measured,800,4,17,0.5,0.5,0.6880240745376796
context,instantaneous,measured,800,4,29,0.66796875,0.66796875,0.6252782022056635
context,instantaneous,measured,800,4,41,0.5,0.5,0.6845978116616607
context,instantaneous,null,800,4,17,0.5078125,0.5078125,0.6923306416720152
context,instantaneous,null,800,4,29,0.45703125,0.45703125,0.6926825523842126
context,instantaneous,null,800,4,41,0.48046875,0.48046875,0.6895336410962045
context,instantaneous,measured,800,8,17,0.5,0.5,0.6897886083461344
context,instantaneous,measured,800,8,29,0.67578125,0.67578125,0.6701857255538926
context,instantaneous,measured,800,8,41,0.5,0.5,0.692645461531356
context,instantaneous,null,800,8,17,0.48046875,0.48046875,0.6956818127073348
context,instantaneous,null,800,8,29,0.47265625,0.47265625,0.6931190583854914
context,instantaneous,null,800,8,41,0.5,0.5,0.6956450729630888
context,instantaneous,measured,800,12,17,0.5,0.5,0.6911365985870361
context,instantaneous,measured,800,12,29,0.51171875,0.51171875,0.6940041091293097
context,instantaneous,measured,800,12,41,0.5078125,0.5078125,0.6923914591316134
context,instantaneous,null,800,12,17,0.53125,0.53125,0.6915539770852774
context,instantaneous,null,800,12,29,0.515625,0.515625,0.6931865692604333
context,instantaneous,null,800,12,41,0.53515625,0.53515625,0.6909122487995774
context,instantaneous,measured,800,24,17,0.5,0.5,0.6941286623477936
context,instantaneous,measured,800,24,29,0.5,0.5,0.7168135535903275
context,instantaneous,measured,800,24,41,0.5,0.5,0.6941521267872304
context,instantaneous,null,800,24,17,0.5390625,0.5390625,0.6922259847633541
context,instantaneous,null,800,24,29,0.48828125,0.48828125,0.6940831469837576
context,instantaneous,null,800,24,41,0.51953125,0.51953125,0.6924154767766595
context,instantaneous,measured,800,48,17,0.5,0.5,0.697534209350124
context,instantaneous,measured,800,48,29,0.5,0.5,0.7152104447595775
context,instantaneous,measured,800,48,41,0.5,0.5,0.6952006174251437
context,instantaneous,null,800,48,17,0.515625,0.515625,0.6919064880348742
context,instantaneous,null,800,48,29,0.48046875,0.48046875,0.6938436273485422
context,instantaneous,null,800,48,41,0.50390625,0.50390625,0.6927129728719592
context,instantaneous,measured,900,4,17,0.5,0.5,0.6688521432224661
context,instantaneous,measured,900,4,29,0.75,0.75,0.5410063324088696
context,instantaneous,measured,900,4,41,0.5,0.5,0.6820062506012619
context,instantaneous,null,900,4,17,0.5390625,0.5390625,0.6920081083662808
context,instantaneous,null,900,4,29,0.46484375,0.46484375,0.6925875418819487
context,instantaneous,null,900,4,41,0.45703125,0.45703125,0.6898101302795112
context,instantaneous,measured,900,8,17,0.5,0.5,0.6315874920692295
context,instantaneous,measured,900,8,29,0.73046875,0.73046875,0.49509248715185095
context,instantaneous,measured,900,8,41,0.5,0.5,0.6923959366977215
context,instantaneous,null,900,8,17,0.44921875,0.44921875,0.6973529541864991
context,instantaneous,null,900,8,29,0.5,0.5,0.6930245801340789
context,instantaneous,null,900,8,41,0.7109375,0.7109375,0.6935502591077238
context,instantaneous,measured,900,12,17,0.5,0.5,0.6148498770198785
context,instantaneous,measured,900,12,29,0.70703125,0.70703125,0.5072540763503639
context,instantaneous,measured,900,12,41,0.5078125,0.5078125,0.6921225520782173
context,instantaneous,null,900,12,17,0.5546875,0.5546875,0.6909187408164144
context,instantaneous,null,900,12,29,0.50390625,0.50390625,0.6934318144340068
context,instantaneous,null,900,12,41,0.55078125,0.55078125,0.6927189463749528
context,instantaneous,measured,900,24,17,0.70703125,0.70703125,0.650230344326701
context,instantaneous,measured,900,24,29,0.6171875,0.6171875,0.6502270255878102
context,instantaneous,measured,900,24,41,0.5,0.5,0.693914900533855
context,instantaneous,null,900,24,17,0.5234375,0.5234375,0.6912124853115529
context,instantaneous,null,900,24,29,0.484375,0.484375,0.6947391452267766
context,instantaneous,null,900,24,41,0.5,0.5,0.695832081604749
context,instantaneous,measured,900,48,17,0.51953125,0.51953125,0.7104272989672609
context,instantaneous,measured,900,48,29,0.52734375,0.52734375,0.7550447636749595
context,instantaneous,measured,900,48,41,0.5,0.5,0.694815662689507
context,instantaneous,null,900,48,17,0.5546875,0.5546875,0.6911902585998178
context,instantaneous,null,900,48,29,0.49609375,0.49609375,0.6942906314507127
context,instantaneous,null,900,48,41,0.5,0.5,0.6956073888577521
context,reward,measured,0,4,17,0.5,0.5,0.7113145606126636
context,reward,measured,0,4,29,0.51953125,0.51953125,0.6829632048029453
context,reward,measured,0,4,41,0.46484375,0.46484375,0.707757645752281
context,reward,null,0,4,17,0.5,0.5,0.7119246128713712
context,reward,null,0,4,29,0.484375,0.484375,0.7101395484060049
context,reward,null,0,4,41,0.4921875,0.4921875,0.7010922596091405
context,reward,measured,0,8,17,0.5,0.5,0.7092189188115299
context,reward,measured,0,8,29,0.515625,0.515625,0.6799614112824202
context,reward,measured,0,8,41,0.421875,0.421875,0.720958647201769
context,reward,null,0,8,17,0.5,0.5,0.7126955962739885
context,reward,null,0,8,29,0.515625,0.515625,0.703553665895015
context,reward,null,0,8,41,0.4765625,0.4765625,0.7132879003183916
context,reward,measured,0,12,17,0.5,0.5,0.7147691228892654
context,reward,measured,0,12,29,0.515625,0.515625,0.6859865763690323
context,reward,measured,0,12,41,0.45703125,0.45703125,0.7115240377606824
context,reward,null,0,12,17,0.5,0.5,0.7126367336604744
context,reward,null,0,12,29,0.51171875,0.51171875,0.7114259876543656
context,reward,null,0,12,41,0.5078125,0.5078125,0.6960895721567795
context,reward,measured,0,24,17,0.5,0.5,0.7178249717690051
context,reward,measured,0,24,29,0.46875,0.46875,0.692439918871969
context,reward,measured,0,24,41,0.421875,0.421875,0.7199061078717932
context,reward,null,0,24,17,0.5,0.5,0.7141110851662233
context,reward,null,0,24,29,0.4921875,0.4921875,0.7136812844546512
context,reward,null,0,24,41,0.50390625,0.50390625,0.6990702507318929
context,reward,measured,0,48,17,0.3203125,0.3203125,0.697178726317361
context,reward,measured,0,48,29,0.48828125,0.48828125,0.693489913828671
context,reward,measured,0,48,41,0.44140625,0.44140625,0.7281169696943834
context,reward,null,0,48,17,0.5,0.5,0.7142162923701108
context,reward,null,0,48,29,0.5,0.5,0.7142216380452737
context,reward,null,0,48,41,0.515625,0.515625,0.6977918308693916
context,reward,measured,100,4,17,0.6875,0.6875,0.7208309901179746
context,reward,measured,100,4,29,0.52734375,0.52734375,1.515055911775562
context,reward,measured,100,4,41,0.44921875,0.44921875,0.7090058424510062
context,reward,null,100,4,17,0.51171875,0.51171875,0.7422255103010684
context,reward,null,100,4,29,0.48828125,0.48828125,0.7149773379787803
context,reward,null,100,4,41,0.5078125,0.5078125,0.6942547257058322
context,reward,measured,100,8,17,0.66015625,0.66015625,0.6926747075049207
context,reward,measured,100,8,29,0.5234375,0.5234375,1.5578430252644466
context,reward,measured,100,8,41,0.484375,0.484375,0.7101183801423758
context,reward,null,100,8,17,0.50390625,0.50390625,0.7280244098510593
context,reward,null,100,8,29,0.51171875,0.51171875,0.7076448820298538
context,reward,null,100,8,41,0.46484375,0.46484375,0.7139491925481707
context,reward,measured,100,12,17,0.51953125,0.51953125,0.7036164501914755
context,reward,measured,100,12,29,0.5078125,0.5078125,1.701913215816603
context,reward,measured,100,12,41,0.5,0.5,0.7030342670623213
context,reward,null,100,12,17,0.5234375,0.5234375,0.7459871345199645
context,reward,null,100,12,29,0.51171875,0.51171875,0.718479965464212
context,reward,null,100,12,41,0.54296875,0.54296875,0.687555993674323
context,reward,measured,100,24,17,0.5,0.5,0.7050960196647793
context,reward,measured,100,24,29,0.5,0.5,1.8185242555264267
context,reward,measured,100,24,41,0.5,0.5,0.7022105325013399
context,reward,null,100,24,17,0.484375,0.484375,0.7491805286845192
context,reward,null,100,24,29,0.49609375,0.49609375,0.7224224497331306
context,reward,null,100,24,41,0.54296875,0.54296875,0.6916608770843595
context,reward,measured,100,48,17,0.5,0.5,0.695512835867703
context,reward,measured,100,48,29,0.5,0.5,1.816449403129809
context,reward,measured,100,48,41,0.5,0.5,0.6966995843686163
context,reward,null,100,48,17,0.5,0.5,0.7527294186875224
context,reward,null,100,48,29,0.49609375,0.49609375,0.7250867226393893
context,reward,null,100,48,41,0.546875,0.546875,0.6900258992100134
context,reward,measured,200,4,17,0.5,0.5,0.8006761303404346
context,reward,measured,200,4,29,0.72265625,0.72265625,1.3445067067113996
context,reward,measured,200,4,41,0.5,0.5,0.7200397844426334
context,reward,null,200,4,17,0.5,0.5,0.7797117733862251
context,reward,null,200,4,29,0.65234375,0.65234375,0.691267819609493
context,reward,null,200,4,41,0.375,0.375,0.6871526181930676
context,reward,measured,200,8,17,0.5,0.5,0.7540629907744005
context,reward,measured,200,8,29,0.734375,0.734375,1.2311802758122212
context,reward,measured,200,8,41,0.5,0.5,0.7189692490501329
context,reward,null,200,8,17,0.5,0.5,0.7771054098848253
context,reward,null,200,8,29,0.55859375,0.55859375,0.6965870594140142
context,reward,null,200,8,41,0.59375,0.59375,0.6998063866049051
context,reward,measured,200,12,17,0.5,0.5,0.7425116350641474
context,reward,measured,200,12,29,0.71875,0.71875,1.2164991421395825
context,reward,measured,200,12,41,0.5,0.5,0.7095177853479981
context,reward,null,200,12,17,0.5,0.5,0.7760804315330461
context,reward,null,200,12,29,0.52734375,0.52734375,0.6934931436553597
context,reward,null,200,12,41,0.625,0.625,0.6908415587386116
context,reward,measured,200,24,17,0.5,0.5,0.71423200215213
context,reward,measured,200,24,29,0.5703125,0.5703125,1.659677231362366
context,reward,measured,200,24,41,0.5,0.5,0.6995095571037382
context,reward,null,200,24,17,0.5,0.5,0.7719760560430586
context,reward,null,200,24,29,0.50390625,0.50390625,0.6974813661072403
context,reward,null,200,24,41,0.5,0.5,0.7037970785750076
context,reward,measured,200,48,17,0.5,0.5,0.7007628884166479
context,reward,measured,200,48,29,0.51953125,0.51953125,1.9656320076919656
context,reward,measured,200,48,41,0.5,0.5,0.6944984211586416
context,reward,null,200,48,17,0.5,0.5,0.7699485468911007
context,reward,null,200,48,29,0.5,0.5,0.6960322158411145
context,reward,null,200,48,41,0.5,0.5,0.7042632063385099
context,reward,measured,300,4,17,0.5,0.5,1.2831969631661195
context,reward,measured,300,4,29,0.75,0.75,1.4757256746870553
context,reward,measured,300,4,41,0.5234375,0.5234375,0.6931911986321211
context,reward,null,300,4,17,0.5,0.5,1.197264502668986
context,reward,null,300,4,29,0.5078125,0.5078125,0.690678812447004
context,reward,null,300,4,41,0.5,0.5,0.9832322082365863
context,reward,measured,300,8,17,0.5,0.5,1.17966797092231
context,reward,measured,300,8,29,0.75,0.75,1.397268769225775
context,reward,measured,300,8,41,0.4453125,0.4453125,0.6969265192747116
context,reward,null,300,8,17,0.5,0.5,1.1953993542992976
context,reward,null,300,8,29,0.5,0.5,0.6923680508043617
context,reward,null,300,8,41,0.5,0.5,1.057468317594612
context,reward,measured,300,12,17,0.5,0.5,1.125775057123974
context,reward,measured,300,12,29,0.6875,0.6875,1.494371793796745
context,reward,measured,300,12,41,0.5390625,0.5390625,0.691658463794738
context,reward,null,300,12,17,0.5,0.5,1.1903347032493912
context,reward,null,300,12,29,0.4765625,0.4765625,0.6951873092912138
context,reward,null,300,12,41,0.5,0.5,1.0812614667520393
context,reward,measured,300,24,17,0.5,0.5,1.0047348960652016
context,reward,measured,300,24,29,0.5,0.5,2.4123958233813028
context,reward,measured,300,24,41,0.5,0.5,0.695735310902819
context,reward,null,300,24,17,0.5,0.5,1.1771791813662276
context,reward,null,300,24,29,0.5,0.5,0.6960330591537058
context,reward,null,300,24,41,0.5,0.5,1.13130366281257
context,reward,measured,300,48,17,0.5,0.5,0.9296067774412222
context,reward,measured,300,48,29,0.5,0.5,2.454807071131654
context,reward,measured,300,48,41,0.5,0.5,0.7011144547723234
context,reward,null,300,48,17,0.5,0.5,1.1637480093922932
context,reward,null,300,48,29,0.4921875,0.4921875,0.6960991367232054
context,reward,null,300,48,41,0.5,0.5,1.135878005909035
context,reward,measured,400,4,17,0.5,0.5,0.8840381976915523
context,reward,measured,400,4,29,0.5,0.5,2.887693893458163
context,reward,measured,400,4,41,0.46484375,0.53515625,0.6989869666285813
context,reward,null,400,4,17,0.5,0.5,0.8239820724120364
context,reward,null,400,4,29,0.5,0.5,0.699347909539938
context,reward,null,400,4,41,0.5,0.5,1.5183137966814684
context,reward,measured,400,8,17,0.5,0.5,0.8406091002980247
context,reward,measured,400,8,29,0.5,0.5,2.7869348535132303
context,reward,measured,400,8,41,0.546875,0.453125,0.6894554866012186
context,reward,null,400,8,17,0.5,0.5,0.8279436235316098
context,reward,null,400,8,29,0.51171875,0.48828125,0.6934810727834702
context,reward,null,400,8,41,0.5,0.5,1.6425960412670975
context,reward,measured,400,12,17,0.5,0.5,0.8115680366754532
context,reward,measured,400,12,29,0.5,0.5,2.693185970763807
context,reward,measured,400,12,41,0.46875,0.53125,0.6950599460396916
context,reward,null,400,12,17,0.5,0.5,0.8263787280302495
context,reward,null,400,12,29,0.50390625,0.49609375,0.6952553289011121
context,reward,null,400,12,41,0.5,0.5,1.7413280071996269
context,reward,measured,400,24,17,0.5,0.5,0.7612053136108443
context,reward,measured,400,24,29,0.5,0.5,2.5476097740738624
context,reward,measured,400,24,41,0.5,0.5,0.6957520879805088
context,reward,null,400,24,17,0.5,0.5,0.825595632311888
context,reward,null,400,24,29,0.51171875,0.48828125,0.6932515583466738
context,reward,null,400,24,41,0.5,0.5,1.7916878635660396
context,reward,measured,400,48,17,0.5,0.5,0.7326122955419123
context,reward,measured,400,48,29,0.5,0.5,2.4227772553294926
context,reward,measured,400,48,41,0.5,0.5,0.699883591150865
context,reward,null,400,48,17,0.5,0.5,0.821010270039551
context,reward,null,400,48,29,0.50390625,0.49609375,0.6937183004338294
context,reward,null,400,48,41,0.5,0.5,1.771946885412035
context,reward,measured,500,4,17,0.5,0.5,2.1272011886394466
context,reward,measured,500,4,29,0.5,0.5,2.9412438195849973
context,reward,measured,500,4,41,0.52734375,0.47265625,0.673665935290046
context,reward,null,500,4,17,0.5,0.5,2.137464613355405
context,reward,null,500,4,29,0.51171875,0.48828125,0.6948658642359078
context,reward,null,500,4,41,0.5,0.5,2.221312296729593
context,reward,measured,500,8,17,0.5,0.5,2.020196551176923
context,reward,measured,500,8,29,0.5,0.5,2.8348348876161253
context,reward,measured,500,8,41,0.63671875,0.36328125,0.6752330817980692
context,reward,null,500,8,17,0.5,0.5,2.178770613245433
context,reward,null,500,8,29,0.4765625,0.5234375,0.6988538538571447
context,reward,null,500,8,41,0.5,0.5,2.349525825571618
context,reward,measured,500,12,17,0.5,0.5,1.937123166571837
context,reward,measured,500,12,29,0.5,0.5,2.733669315656698
context,reward,measured,500,12,41,0.51171875,0.48828125,0.7025703340768814
context,reward,null,500,12,17,0.5,0.5,2.1851439288438996
context,reward,null,500,12,29,0.51171875,0.48828125,0.6911841570399702
context,reward,null,500,12,41,0.5,0.5,2.4264908831901266
context,reward,measured,500,24,17,0.5,0.5,1.733679632168787
context,reward,measured,500,24,29,0.5,0.5,2.5696168111026054
context,reward,measured,500,24,41,0.5,0.5,0.7157166788820177
context,reward,null,500,24,17,0.5,0.5,2.1752781013856293
context,reward,null,500,24,29,0.515625,0.484375,0.6908177880104631
context,reward,null,500,24,41,0.5,0.5,2.455369616880489
context,reward,measured,500,48,17,0.5,0.5,1.5699937306635547
context,reward,measured,500,48,29,0.5,0.5,2.4375357077715307
context,reward,measured,500,48,41,0.5,0.5,0.7054889339488
context,reward,null,500,48,17,0.5,0.5,2.1491936576312582
context,reward,null,500,48,29,0.53125,0.46875,0.6910537041258067
context,reward,null,500,48,41,0.5,0.5,2.4268647904027603
context,reward,measured,600,4,17,0.5,0.5,3.0879414558339704
context,reward,measured,600,4,29,0.5,0.5,3.1286916223070875
context,reward,measured,600,4,41,0.484375,0.515625,0.7343354726908728
context,reward,null,600,4,17,0.5,0.5,2.940348071716471
context,reward,null,600,4,29,0.5,0.5,0.6969495648518205
context,reward,null,600,4,41,0.5,0.5,2.539752101230988
context,reward,measured,600,8,17,0.5,0.5,2.9587123989058455
context,reward,measured,600,8,29,0.5,0.5,3.024802630238355
context,reward,measured,600,8,41,0.5859375,0.4140625,0.6805106763495132
context,reward,null,600,8,17,0.5,0.5,2.982472138402045
context,reward,null,600,8,29,0.5,0.5,0.6919265354517847
context,reward,null,600,8,41,0.5,0.5,2.6714703489160456
context,reward,measured,600,12,17,0.5,0.5,2.846342577012365
context,reward,measured,600,12,29,0.5,0.5,2.915568750260718
context,reward,measured,600,12,41,0.69921875,0.30078125,0.6412587168742903
context,reward,null,600,12,17,0.5,0.5,2.9806907888860223
context,reward,null,600,12,29,0.5,0.5,0.6969481299165636
context,reward,null,600,12,41,0.5,0.5,2.7430157572671305
context,reward,measured,600,24,17,0.5,0.5,2.5582592818918783
context,reward,measured,600,24,29,0.5,0.5,2.7206852787858224
context,reward,measured,600,24,41,0.7109375,0.2890625,0.6028042198158801
context,reward,null,600,24,17,0.5,0.5,2.953294787930645
context,reward,null,600,24,29,0.5078125,0.4921875,0.695438121445477
context,reward,null,600,24,41,0.5,0.5,2.7607148005827185
context,reward,measured,600,48,17,0.5,0.5,2.3201871694509464
context,reward,measured,600,48,29,0.5,0.5,2.569335239664724
context,reward,measured,600,48,41,0.51953125,0.48046875,0.79535435535945
context,reward,null,600,48,17,0.5,0.5,2.9071071388270866
context,reward,null,600,48,29,0.5,0.5,0.6957542893942446
context,reward,null,600,48,41,0.5,0.5,2.7239733587648516
context,reward,measured,700,4,17,0.5,0.5,3.2514473365972663
context,reward,measured,700,4,29,0.5,0.5,2.5001926381482917
context,reward,measured,700,4,41,0.671875,0.671875,1.0715679817440105
context,reward,null,700,4,17,0.5,0.5,3.051930161884229
context,reward,null,700,4,29,0.5078125,0.5078125,0.6921205827966332
context,reward,null,700,4,41,0.5,0.5,2.633975596376331
context,reward,measured,700,8,17,0.5,0.5,3.1045703569157013
context,reward,measured,700,8,29,0.5,0.5,2.552083751947066
context,reward,measured,700,8,41,0.5,0.5,1.6546615299448604
context,reward,null,700,8,17,0.5,0.5,3.0721833638899625
context,reward,null,700,8,29,0.5,0.5,0.6950381589122117
context,reward,null,700,8,41,0.5,0.5,2.7980190138077887
context,reward,measured,700,12,17,0.5,0.5,2.99282503181621
context,reward,measured,700,12,29,0.5,0.5,2.505214693797825
context,reward,measured,700,12,41,0.5,0.5,1.7626569154526806
context,reward,null,700,12,17,0.5,0.5,3.0638463657123793
context,reward,null,700,12,29,0.5,0.5,0.6930294292978942
context,reward,null,700,12,41,0.5,0.5,2.8512002536517684
context,reward,measured,700,24,17,0.5,0.5,2.6867433375155088
context,reward,measured,700,24,29,0.5,0.5,2.410883301161448
context,reward,measured,700,24,41,0.5,0.5,1.7647425031318562
context,reward,null,700,24,17,0.5,0.5,3.0210688171573565
context,reward,null,700,24,29,0.5,0.5,0.6940424889326096
context,reward,null,700,24,41,0.5,0.5,2.8731592497288148
context,reward,measured,700,48,17,0.5,0.5,2.4374239607914205
context,reward,measured,700,48,29,0.5,0.5,2.309400675803772
context,reward,measured,700,48,41,0.5,0.5,1.6785215731651988
context,reward,null,700,48,17,0.5,0.5,2.9692345750636377
context,reward,null,700,48,29,0.5,0.5,0.6937659038230777
context,reward,null,700,48,41,0.5,0.5,2.833985645593202
context,reward,measured,800,4,17,0.5,0.5,3.113489685528293
context,reward,measured,800,4,29,0.5,0.5,2.4138403403162556
context,reward,measured,800,4,41,0.75,0.75,1.261814116678579
context,reward,null,800,4,17,0.5,0.5,2.932484936777655
context,reward,null,800,4,29,0.5,0.5,0.6958390439394861
context,reward,null,800,4,41,0.5,0.5,2.4972242675776215
context,reward,measured,800,8,17,0.5,0.5,2.9648568296915983
context,reward,measured,800,8,29,0.5,0.5,2.6217204494705584
context,reward,measured,800,8,41,0.6015625,0.6015625,1.5280747626893572
context,reward,null,800,8,17,0.5,0.5,2.954740644132471
context,reward,null,800,8,29,0.5,0.5,0.6980899963527918
context,reward,null,800,8,41,0.5,0.5,2.6607784063344297
context,reward,measured,800,12,17,0.5,0.5,2.854821097610511
context,reward,measured,800,12,29,0.5,0.5,2.607512634221166
context,reward,measured,800,12,41,0.5,0.5,2.2632339208248595
context,reward,null,800,12,17,0.5,0.5,2.9500965114029896
context,reward,null,800,12,29,0.5,0.5,0.698009344516322
context,reward,null,800,12,41,0.5,0.5,2.716972624079972
context,reward,measured,800,24,17,0.5,0.5,2.5569919578647387
context,reward,measured,800,24,29,0.5,0.5,2.5408959694887017
context,reward,measured,800,24,41,0.5,0.5,2.449596012218535
context,reward,null,800,24,17,0.5,0.5,2.9120449048959927
context,reward,null,800,24,29,0.5,0.5,0.698911173036322
context,reward,null,800,24,41,0.5,0.5,2.7458922646828796
context,reward,measured,800,48,17,0.5,0.5,2.3167821941970033
context,reward,measured,800,48,29,0.5,0.5,2.4393377057385806
context,reward,measured,800,48,41,0.5,0.5,2.347147605389182
context,reward,null,800,48,17,0.5,0.5,2.8632676692013774
context,reward,null,800,48,29,0.5,0.5,0.6984804477542639
context,reward,null,800,48,41,0.5,0.5,2.7115838347344834
context,reward,measured,900,4,17,0.5,0.5,3.4040466950748396
context,reward,measured,900,4,29,0.75,0.75,1.5674917716869459
context,reward,measured,900,4,41,0.75,0.75,1.4288572513551117
context,reward,null,900,4,17,0.5,0.5,3.175479123741752
context,reward,null,900,4,29,0.50390625,0.50390625,0.7187374756904319
context,reward,null,900,4,41,0.5,0.5,2.617725687841812
context,reward,measured,900,8,17,0.5,0.5,3.255178824229006
context,reward,measured,900,8,29,0.75,0.75,1.4776052623665237
context,reward,measured,900,8,41,0.75,0.75,1.4104009082402627
context,reward,null,900,8,17,0.5,0.5,3.2072465776495847
context,reward,null,900,8,29,0.5,0.5,0.7194625864503905
context,reward,null,900,8,41,0.5,0.5,2.784119689880754
context,reward,measured,900,12,17,0.5,0.5,3.138446622853735
context,reward,measured,900,12,29,0.7265625,0.7265625,1.4660001633619686
context,reward,measured,900,12,41,0.75,0.75,1.4048828038612555
context,reward,null,900,12,17,0.5,0.5,3.2080771389482834
context,reward,null,900,12,29,0.5,0.5,0.7246508239768445
context,reward,null,900,12,41,0.5,0.5,2.840461689995209
context,reward,measured,900,24,17,0.5,0.5,2.8181160650356105
context,reward,measured,900,24,29,0.54296875,0.54296875,2.217789617156086
context,reward,measured,900,24,41,0.50390625,0.50390625,2.632172614034971
context,reward,null,900,24,17,0.5,0.5,3.171466639908431
context,reward,null,900,24,29,0.5,0.5,0.72516371589154
context,reward,null,900,24,41,0.5,0.5,2.866757969610262
context,reward,measured,900,48,17,0.5,0.5,2.5568837863993394
context,reward,measured,900,48,29,0.52734375,0.52734375,2.4242145163107125
context,reward,measured,900,48,41,0.5,0.5,2.699538731812936
context,reward,null,900,48,17,0.5,0.5,3.1195140406030077
context,reward,null,900,48,29,0.5,0.5,0.7249601614894345
context,reward,null,900,48,41,0.5,0.5,2.829829129220343
