body_id,runtime_type,publisher_type,runtime_superclass,curated_class,curated_subclass,instance,hemibrain_type,runtime_side,soma_side,root_side,runtime_nt,predicted_nt,predicted_nt_confidence,ground_truth,celltype_predicted_nt,consensus_nt,fast_sign,annotation_present,transmitter_present
10013,MBON01,MBON01,cb_intrinsic,MBON,,MBON01(y5B'2a)_R,MBON01,R,R,,glutamate,glutamate,0.721265767041154,glutamate,glutamate,glutamate,-1,True,True
10039,VL2a_adPN,VL2a_adPN,cb_intrinsic,ALPN,,VL2a_adPN_R,VL2a_adPN,R,R,,acetylcholine,acetylcholine,0.9537771906850832,acetylcholine,acetylcholine,acetylcholine,1,True,True
10049,VA7m_lPN,VA7m_lPN,cb_intrinsic,ALPN,,VA7m_lPN_L,VA7m_lPN,L,L,,acetylcholine,acetylcholine,0.9161663476405557,acetylcholine,acetylcholine,acetylcholine,1,True,True
10075,DA1_lPN,DA1_lPN,cb_intrinsic,ALPN,,DA1_lPN_L,DA1_lPN,L,L,,acetylcholine,acetylcholine,0.9482094475122053,acetylcholine,acetylcholine,acetylcholine,1,True,True
10079,MBON06,MBON06,cb_intrinsic,MBON,,MBON06(B1>a)_R,MBON06,R,R,,glutamate,glutamate,0.6491321799429633,glutamate,glutamate,glutamate,-1,True,True
10084,DP1m_adPN,DP1m_adPN,cb_intrinsic,ALPN,,DP1m_adPN_R,DP1m_adPN,R,R,,acetylcholine,acetylcholine,0.9578179418157851,acetylcholine,acetylcholine,acetylcholine,1,True,True
10111,DM3_adPN,DM3_adPN,cb_intrinsic,ALPN,,DM3_adPN_L,DM3_adPN,L,L,,acetylcholine,acetylcholine,0.9609534419958374,acetylcholine,acetylcholine,acetylcholine,1,True,True
10126,DP1m_adPN,DP1m_adPN,cb_intrinsic,ALPN,,DP1m_adPN_L,DP1m_adPN,L,L,,acetylcholine,acetylcholine,0.9604547118485219,acetylcholine,acetylcholine,acetylcholine,1,True,True
10134,VL2a_adPN,VL2a_adPN,cb_intrinsic,ALPN,,VL2a_adPN_L,VL2a_adPN,L,L,,acetylcholine,acetylcholine,0.9494698609717956,acetylcholine,acetylcholine,acetylcholine,1,True,True
10176,DM1_lPN,DM1_lPN,cb_intrinsic,ALPN,,DM1_lPN_R,DM1_lPN,R,R,,acetylcholine,acetylcholine,0.9536989950474801,acetylcholine,acetylcholine,acetylcholine,1,True,True
10198,VA7l_adPN,VA7l_adPN,cb_intrinsic,ALPN,,VA7l_adPN_R,VA7l_adPN,R,R,,acetylcholine,acetylcholine,0.944313961870052,acetylcholine,acetylcholine,acetylcholine,1,True,True
10208,DM1_lPN,DM1_lPN,cb_intrinsic,ALPN,,DM1_lPN_L,DM1_lPN,L,L,,acetylcholine,acetylcholine,0.9649812398364085,acetylcholine,acetylcholine,acetylcholine,1,True,True
10262,V_ilPN,V_ilPN,cb_intrinsic,ALPN,BI,V_ilPN_L,V_ilPN,L,L,,acetylcholine,acetylcholine,0.9601447639949502,acetylcholine,acetylcholine,acetylcholine,1,True,True
10267,MBON14,MBON14,cb_intrinsic,MBON,,MBON14(a3)_R,MBON14,R,R,,acetylcholine,acetylcholine,0.9042426718034687,acetylcholine,acetylcholine,acetylcholine,1,True,True
10321,VL2p_adPN,VL2p_adPN,cb_intrinsic,ALPN,,VL2p_adPN_L,VL2p_adPN,L,L,,acetylcholine,acetylcholine,0.9536295416203715,acetylcholine,acetylcholine,acetylcholine,1,True,True
10359,DL1_adPN,DL1_adPN,cb_intrinsic,ALPN,,DL1_adPN_L,DL1_adPN,L,L,,acetylcholine,acetylcholine,0.9489071959429233,acetylcholine,acetylcholine,acetylcholine,1,True,True
10390,VA2_adPN,VA2_adPN,cb_intrinsic,ALPN,,VA2_adPN_R,VA2_adPN,R,R,,acetylcholine,acetylcholine,0.9543537177346204,acetylcholine,acetylcholine,acetylcholine,1,True,True
10402,MZ_lv2PN,MZ_lv2PN,cb_intrinsic,ALPN,,MZ_lv2PN_R,MZ_lv2PN,R,R,,gaba,gaba,0.8643628636944052,,gaba,gaba,-1,True,True
10408,VP1d+VP4_l2PN2,VP1d+VP4_l2PN2,cb_intrinsic,ALPN,,VP1d+VP4_l2PN2_R,VP1d+VP4_l2PN2,R,R,,acetylcholine,acetylcholine,0.9248413549378947,,acetylcholine,acetylcholine,1,True,True
10423,DP1l_adPN,DP1l_adPN,cb_intrinsic,ALPN,,DP1l_adPN_R,DP1l_adPN,R,R,,acetylcholine,acetylcholine,0.959595296865771,acetylcholine,acetylcholine,acetylcholine,1,True,True
10429,VM6_adPN,VM6_adPN,cb_intrinsic,ALPN,,VM6_adPN_L,VC5_adPN,L,L,,acetylcholine,acetylcholine,0.9454322412665768,acetylcholine,acetylcholine,acetylcholine,1,True,True
10470,DC1_adPN,DC1_adPN,cb_intrinsic,ALPN,,DC1_adPN_L,DC1_adPN,L,L,,acetylcholine,acetylcholine,0.9607265314598707,acetylcholine,acetylcholine,acetylcholine,1,True,True
10472,MZ_lv2PN,MZ_lv2PN,cb_intrinsic,ALPN,,MZ_lv2PN_L,MZ_lv2PN,L,L,,gaba,gaba,0.8505873464392163,,gaba,gaba,-1,True,True
10495,MBON05,MBON05,cb_intrinsic,MBON,,MBON05(y4>y1y2)_R,MBON05,R,R,,glutamate,unclear,0.45564368750103645,glutamate,unclear,glutamate,-1,True,True
10522,VL2p_adPN,VL2p_adPN,cb_intrinsic,ALPN,,VL2p_adPN_R,VL2p_adPN,R,R,,acetylcholine,acetylcholine,0.9462876895112572,acetylcholine,acetylcholine,acetylcholine,1,True,True
10524,DP1l_adPN,DP1l_adPN,cb_intrinsic,ALPN,,DP1l_adPN_L,DP1l_adPN,L,L,,acetylcholine,acetylcholine,0.9659742867238256,acetylcholine,acetylcholine,acetylcholine,1,True,True
10530,VL1_ilPN,VL1_ilPN,cb_intrinsic,ALPN,BI,VL1_ilPN_L,VL1_ilPN,L,L,,acetylcholine,acetylcholine,0.9643198390545736,acetylcholine,acetylcholine,acetylcholine,1,True,True
10539,EPG,EPG,cb_intrinsic,CX,,EPG(PB08)_R2,EPG,R,R,,acetylcholine,acetylcholine,0.8977584067351336,acetylcholine,acetylcholine,acetylcholine,1,True,True
10540,APL,APL,cb_intrinsic,,,APL_R,APL,R,R,,gaba,gaba,0.6773593460276103,gaba,gaba,gaba,-1,True,True
10561,VA2_adPN,VA2_adPN,cb_intrinsic,ALPN,,VA2_adPN_L,VA2_adPN,L,L,,acetylcholine,acetylcholine,0.9582792208163187,acetylcholine,acetylcholine,acetylcholine,1,True,True
10567,M_l2PNl20,M_l2PNl20,cb_intrinsic,ALPN,BI,M_l2PNl20_R,M_l2PNl20,R,R,,acetylcholine,acetylcholine,0.9504099881703257,,acetylcholine,acetylcholine,1,True,True
10569,DC1_adPN,DC1_adPN,cb_intrinsic,ALPN,,DC1_adPN_R,DC1_adPN,R,R,,acetylcholine,acetylcholine,0.9585742114386478,acetylcholine,acetylcholine,acetylcholine,1,True,True
10599,MBON35,MBON35,cb_intrinsic,MBON,,MBON35(y2)_L,MBON35,L,L,,acetylcholine,acetylcholine,0.949382323358606,,acetylcholine,acetylcholine,1,True,True
10613,DM4_adPN,DM4_adPN,cb_intrinsic,ALPN,,DM4_adPN_R,DM4_adPN,R,R,,acetylcholine,acetylcholine,0.9578675163974478,acetylcholine,acetylcholine,acetylcholine,1,True,True
10653,VA5_lPN,VA5_lPN,cb_intrinsic,ALPN,,VA5_lPN_L,VA5_lPN,L,L,,acetylcholine,acetylcholine,0.9465330828292444,acetylcholine,acetylcholine,acetylcholine,1,True,True
10670,DM4_adPN,DM4_adPN,cb_intrinsic,ALPN,,DM4_adPN_L,DM4_adPN,L,L,,acetylcholine,acetylcholine,0.927450433834057,acetylcholine,acetylcholine,acetylcholine,1,True,True
10702,M_l2PNl20,M_l2PNl20,cb_intrinsic,ALPN,BI,M_l2PNl20_L,M_l2PNl20,L,L,,acetylcholine,acetylcholine,0.9477356621189897,,acetylcholine,acetylcholine,1,True,True
10704,MBON11,MBON11,cb_intrinsic,MBON,,MBON11(y1pedc>a/B)_L,MBON11,L,L,,gaba,gaba,0.6883258636871054,gaba,gaba,gaba,-1,True,True
10716,DC3_adPN,DC3_adPN,cb_intrinsic,ALPN,,DC3_adPN_L,DC3_adPN,L,L,,acetylcholine,acetylcholine,0.9566083737863638,acetylcholine,acetylcholine,acetylcholine,1,True,True
10736,VP2_adPN,VP2_adPN,cb_intrinsic,ALPN,,VP2_adPN_L,VP2_adPN,L,L,,acetylcholine,acetylcholine,0.9511407669471998,acetylcholine,acetylcholine,acetylcholine,1,True,True
10756,VC2_lPN,VC2_lPN,cb_intrinsic,ALPN,,VC2_lPN_R,VC2_lPN,R,R,,acetylcholine,acetylcholine,0.9265904406702643,acetylcholine,acetylcholine,acetylcholine,1,True,True
10767,DL5_adPN,DL5_adPN,cb_intrinsic,ALPN,,DL5_adPN_L,DL5_adPN,L,L,,acetylcholine,acetylcholine,0.9673981246852095,acetylcholine,acetylcholine,acetylcholine,1,True,True
10786,VC5_lvPN,VC5_lvPN,cb_intrinsic,ALPN,,VC5_lvPN_R,VC3m_lvPN,R,R,,acetylcholine,acetylcholine,0.9578760716478447,acetylcholine,acetylcholine,acetylcholine,1,True,True
10804,MBON20,MBON20,cb_intrinsic,MBON,,MBON20(y1y2)_R,MBON20,R,R,,gaba,gaba,0.8264175929611258,gaba,gaba,gaba,-1,True,True
10808,VC1_lPN,VC1_lPN,cb_intrinsic,ALPN,,VC1_lPN_L,VC1_lPN,L,L,,acetylcholine,acetylcholine,0.9667753188599859,acetylcholine,acetylcholine,acetylcholine,1,True,True
10816,MBON31,MBON31,cb_intrinsic,MBON,,MBON31(a'1a)_L,MBON31,L,L,,gaba,gaba,0.6304467444866273,,gaba,gaba,-1,True,True
10826,MBON21,MBON21,cb_intrinsic,MBON,,MBON21(y4y5)_L,MBON21,L,L,,acetylcholine,acetylcholine,0.9339748764822813,,acetylcholine,acetylcholine,1,True,True
10877,VA6_adPN,VA6_adPN,cb_intrinsic,ALPN,,VA6_adPN_L,VA6_adPN,L,L,,acetylcholine,acetylcholine,0.9531866153102301,acetylcholine,acetylcholine,acetylcholine,1,True,True
10904,VC1_lPN,VC1_lPN,cb_intrinsic,ALPN,,VC1_lPN_R,VC1_lPN,R,R,,acetylcholine,acetylcholine,0.9440804165768972,acetylcholine,acetylcholine,acetylcholine,1,True,True
10906,VM3_adPN,VM3_adPN,cb_intrinsic,ALPN,,VM3_adPN_R,VM3_adPN,R,R,,acetylcholine,acetylcholine,0.951312950940624,acetylcholine,acetylcholine,acetylcholine,1,True,True
10973,VP1m+VP5_ilPN,VP1m+VP5_ilPN,cb_intrinsic,ALPN,BI,VP1m+VP5_ilPN_L,VP1m+VP5_ilPN,L,L,,acetylcholine,acetylcholine,0.9608142849165047,acetylcholine,acetylcholine,acetylcholine,1,True,True
10977,APL,APL,cb_intrinsic,,,APL_L,APL,L,L,,gaba,gaba,0.7004443434113437,gaba,gaba,gaba,-1,True,True
10996,VA4_lPN,VA4_lPN,cb_intrinsic,ALPN,,VA4_lPN_R,VA4_lPN,R,R,,acetylcholine,acetylcholine,0.9633382912287666,acetylcholine,acetylcholine,acetylcholine,1,True,True
11050,VP1d+VP4_l2PN1,VP1d+VP4_l2PN1,cb_intrinsic,ALPN,BI,VP1d+VP4_l2PN1_L,VP1d+VP4_l2PN1,L,L,,acetylcholine,acetylcholine,0.9547855583771336,,acetylcholine,acetylcholine,1,True,True
11058,M_smPN6t2,M_smPN6t2,cb_intrinsic,ALPN,BI,M_smPN6t2_L,M_smPN6t2,L,L,,gaba,gaba,0.7547320208021375,,gaba,gaba,-1,True,True
11080,DM2_lPN,DM2_lPN,cb_intrinsic,ALPN,,DM2_lPN_L,DM2_lPN,L,L,,acetylcholine,acetylcholine,0.951294868078886,acetylcholine,acetylcholine,acetylcholine,1,True,True
11092,DM2_lPN,DM2_lPN,cb_intrinsic,ALPN,,DM2_lPN_L,DM2_lPN,L,L,,acetylcholine,acetylcholine,0.9387703641464107,acetylcholine,acetylcholine,acetylcholine,1,True,True
11105,VC2_lPN,VC2_lPN,cb_intrinsic,ALPN,,VC2_lPN_L,VC2_lPN,L,L,,acetylcholine,acetylcholine,0.9623873809676858,acetylcholine,acetylcholine,acetylcholine,1,True,True
11135,DA4m_adPN,DA4m_adPN,cb_intrinsic,ALPN,,DA4m_adPN_L,DA4m_adPN,L,L,,acetylcholine,acetylcholine,0.9636126008314506,acetylcholine,acetylcholine,acetylcholine,1,True,True
11141,M_spPN4t9,M_spPN4t9,cb_intrinsic,ALPN,BI,M_spPN4t9_R,M_spPN4t9,R,R,,acetylcholine,acetylcholine,0.9572453754246523,,acetylcholine,acetylcholine,1,True,True
11143,VP1m_l2PN,VP1m_l2PN,cb_intrinsic,ALPN,,VP1m_l2PN_L,VP1m_l2PN,L,L,,acetylcholine,acetylcholine,0.9520828028808512,,acetylcholine,acetylcholine,1,True,True
11145,MBON20,MBON20,cb_intrinsic,MBON,,MBON20(y1y2)_L,MBON20,L,L,,gaba,gaba,0.820606323060531,gaba,gaba,gaba,-1,True,True
11176,MBON26,MBON26,cb_intrinsic,MBON,,MBON26(b'2d)_R,MBON26,R,R,,acetylcholine,acetylcholine,0.9073587890137811,,acetylcholine,acetylcholine,1,True,True
11195,M_spPN5t10,M_spPN5t10,cb_intrinsic,ALPN,BI,M_spPN5t10_L,M_spPN5t10,L,L,,acetylcholine,acetylcholine,0.9317843356407209,,acetylcholine,acetylcholine,1,True,True
11229,V_ilPN,V_ilPN,cb_intrinsic,ALPN,BI,V_ilPN_R,V_ilPN,R,R,,acetylcholine,acetylcholine,0.954767307645985,acetylcholine,acetylcholine,acetylcholine,1,True,True
11283,VA1v_adPN,VA1v_adPN,cb_intrinsic,ALPN,,VA1v_adPN_L,VA1v_adPN,L,L,,acetylcholine,acetylcholine,0.9468434724465529,acetylcholine,acetylcholine,acetylcholine,1,True,True
11307,EPG,EPG,cb_intrinsic,CX,,EPG(PB08)_L4,EPG,L,L,,acetylcholine,acetylcholine,0.8846576352742148,acetylcholine,acetylcholine,acetylcholine,1,True,True
11327,PPL101,PPL101,cb_intrinsic,DAN,,PPL101(y1ped)_R,PPL101,R,R,,dopamine,dopamine,0.8404837532243573,dopamine,dopamine,dopamine,0,True,True
11355,VA1d_adPN,VA1d_adPN,cb_intrinsic,ALPN,,VA1d_adPN_R,VA1d_adPN,R,R,,acetylcholine,acetylcholine,0.9620551400123809,acetylcholine,acetylcholine,acetylcholine,1,True,True
11390,VL1_ilPN,VL1_ilPN,cb_intrinsic,ALPN,BI,VL1_ilPN_R,VL1_ilPN,R,R,,acetylcholine,acetylcholine,0.9628710680043993,acetylcholine,acetylcholine,acetylcholine,1,True,True
11402,MBON11,MBON11,cb_intrinsic,MBON,,MBON11(y1pedc>a/B)_R,MBON11,R,R,,gaba,gaba,0.6969171514092316,gaba,gaba,gaba,-1,True,True
11409,VP4+VL1_l2PN,VP4+VL1_l2PN,cb_intrinsic,ALPN,BI,VP4+VL1_l2PN_L,VP4+VL1_l2PN,L,L,,acetylcholine,acetylcholine,0.9497462565673812,,acetylcholine,acetylcholine,1,True,True
11449,M_spPN5t10,M_spPN5t10,cb_intrinsic,ALPN,BI,M_spPN5t10_R,M_spPN5t10,R,R,,acetylcholine,acetylcholine,0.9371745591390336,,acetylcholine,acetylcholine,1,True,True
11455,MBON32,MBON32,cb_intrinsic,MBON,,MBON32(y2)_L,MBON32,L,L,,gaba,gaba,0.7137577846178474,,gaba,gaba,-1,True,True
11467,VA4_lPN,VA4_lPN,cb_intrinsic,ALPN,,VA4_lPN_L,VA4_lPN,L,L,,acetylcholine,acetylcholine,0.9683332643715967,acetylcholine,acetylcholine,acetylcholine,1,True,True
11469,DM3_adPN,DM3_adPN,cb_intrinsic,ALPN,,DM3_adPN_R,DM3_adPN,R,R,,acetylcholine,acetylcholine,0.9602839808787699,acetylcholine,acetylcholine,acetylcholine,1,True,True
11471,VA1d_adPN,VA1d_adPN,cb_intrinsic,ALPN,,VA1d_adPN_L,VA1d_adPN,L,L,,acetylcholine,acetylcholine,0.9538606315491837,acetylcholine,acetylcholine,acetylcholine,1,True,True
11503,EPG,EPG,cb_intrinsic,CX,,EPG(PB08)_R8,EPG,R,R,,acetylcholine,acetylcholine,0.8918434883406766,acetylcholine,acetylcholine,acetylcholine,1,True,True
11514,DL4_adPN,DL4_adPN,cb_intrinsic,ALPN,,DL4_adPN_R,DL4_adPN,R,R,,acetylcholine,acetylcholine,0.9456898038953758,acetylcholine,acetylcholine,acetylcholine,1,True,True
11521,VP1m_l2PN,VP1m_l2PN,cb_intrinsic,ALPN,,VP1m_l2PN_R,VP1m_l2PN,R,R,,acetylcholine,acetylcholine,0.9333616756943744,,acetylcholine,acetylcholine,1,True,True
11564,DA1_lPN,DA1_lPN,cb_intrinsic,ALPN,,DA1_lPN_L,DA1_lPN,L,L,,acetylcholine,acetylcholine,0.9579761910849919,acetylcholine,acetylcholine,acetylcholine,1,True,True
11583,VP1d+VP4_l2PN2,VP1d+VP4_l2PN2,cb_intrinsic,ALPN,,VP1d+VP4_l2PN2_L,VP1d+VP4_l2PN2,L,L,,acetylcholine,acetylcholine,0.9156248560403931,,acetylcholine,acetylcholine,1,True,True
11618,PPL102,PPL102,cb_intrinsic,DAN,,PPL102(y1)_L,PPL102,L,L,,dopamine,dopamine,0.6580363227096528,dopamine,dopamine,dopamine,0,True,True
11624,DC2_adPN,DC2_adPN,cb_intrinsic,ALPN,,DC2_adPN_R,DC2_adPN,R,R,,acetylcholine,acetylcholine,0.9431664227285985,acetylcholine,acetylcholine,acetylcholine,1,True,True
11703,VM1_lPN,VM1_lPN,cb_intrinsic,ALPN,,VM1_lPN_L,VM1_lPN,L,L,,acetylcholine,acetylcholine,0.9562879810137932,acetylcholine,acetylcholine,acetylcholine,1,True,True
11721,DA1_lPN,DA1_lPN,cb_intrinsic,ALPN,,DA1_lPN_L,DA1_lPN,L,L,,acetylcholine,acetylcholine,0.9240450528650821,acetylcholine,acetylcholine,acetylcholine,1,True,True
11734,DPM,DPM,cb_intrinsic,,,DPM_L,DPM,L,L,,dopamine,dopamine,0.8702168403877344,,dopamine,dopamine,0,True,True
11749,M_l2PNl21,M_l2PNl21,cb_intrinsic,ALPN,BI,M_l2PNl21_L,M_l2PNl21,L,L,,acetylcholine,acetylcholine,0.9464927979457908,,acetylcholine,acetylcholine,1,True,True
11752,PPL103,PPL103,cb_intrinsic,DAN,,PPL103(y2a'1)_L,PPL103,L,L,,dopamine,dopamine,0.896371662841416,dopamine,dopamine,dopamine,0,True,True
11761,VP1d+VP4_l2PN1,VP1d+VP4_l2PN1,cb_intrinsic,ALPN,BI,VP1d+VP4_l2PN1_R,VP1d+VP4_l2PN1,R,R,,acetylcholine,acetylcholine,0.9505390914293914,,acetylcholine,acetylcholine,1,True,True
11777,MBON15,MBON15,cb_intrinsic,MBON,,MBON15(a'1)_R,MBON15,R,R,,acetylcholine,acetylcholine,0.9317856815590633,acetylcholine,acetylcholine,acetylcholine,1,True,True
11780,DA1_lPN,DA1_lPN,cb_intrinsic,ALPN,,DA1_lPN_R,DA1_lPN,R,R,,acetylcholine,acetylcholine,0.890655606655681,acetylcholine,acetylcholine,acetylcholine,1,True,True
11785,MBON33,MBON33,cb_intrinsic,MBON,,MBON33(y2y3)_L,MBON33,L,L,,acetylcholine,acetylcholine,0.9131287370180616,acetylcholine,acetylcholine,acetylcholine,1,True,True
11805,MBON31,MBON31,cb_intrinsic,MBON,,MBON31(a'1a)_R,MBON31,R,R,,gaba,gaba,0.6347989389900672,,gaba,gaba,-1,True,True
11816,DA1_lPN,DA1_lPN,cb_intrinsic,ALPN,,DA1_lPN_R,DA1_lPN,R,R,,acetylcholine,acetylcholine,0.9598727921011218,acetylcholine,acetylcholine,acetylcholine,1,True,True
11817,VA5_lPN,VA5_lPN,cb_intrinsic,ALPN,,VA5_lPN_L,VA5_lPN,L,L,,acetylcholine,acetylcholine,0.9553808342519464,acetylcholine,acetylcholine,acetylcholine,1,True,True
11829,DL4_adPN,DL4_adPN,cb_intrinsic,ALPN,,DL4_adPN_L,DL4_adPN,L,L,,acetylcholine,acetylcholine,0.950035512842063,acetylcholine,acetylcholine,acetylcholine,1,True,True
11862,KCab-s,KCab-s,cb_intrinsic,Kenyon_Cell,,KCab-s_L,"KCab-m,KCab-c,KCab-s",L,L,,acetylcholine,dopamine,0.7945966932901184,,dopamine,acetylcholine,1,True,True
11873,MBON14,MBON14,cb_intrinsic,MBON,,MBON14(a3)_L,MBON14,L,L,,acetylcholine,acetylcholine,0.8644510946654207,acetylcholine,acetylcholine,acetylcholine,1,True,True
11874,EPG,EPG,cb_intrinsic,CX,,EPG(PB08)_L7,EPG,L,L,,acetylcholine,acetylcholine,0.9270044471018394,acetylcholine,acetylcholine,acetylcholine,1,True,True
11900,PPL101,PPL101,cb_intrinsic,DAN,,PPL101(y1ped)_L,PPL101,L,L,,dopamine,dopamine,0.8433397926053453,dopamine,dopamine,dopamine,0,True,True
11930,M_imPNl92,M_imPNl92,cb_intrinsic,ALPN,BI,M_imPNl92_L,M_imPNl92,L,L,,acetylcholine,acetylcholine,0.9484261359990409,,acetylcholine,acetylcholine,1,True,True
11987,EPG,EPG,cb_intrinsic,CX,,EPG(PB08)_R5,EPG,R,R,,acetylcholine,acetylcholine,0.9000910844828265,acetylcholine,acetylcholine,acetylcholine,1,True,True
11989,EPG,EPG,cb_intrinsic,CX,,EPG(PB08)_L5,EPG,L,L,,acetylcholine,acetylcholine,0.8883020477974976,acetylcholine,acetylcholine,acetylcholine,1,True,True
11990,MBON22,MBON22,cb_intrinsic,MBON,,MBON22(calyx)_R,MBON22,R,R,,acetylcholine,acetylcholine,0.9470651494846224,,acetylcholine,acetylcholine,1,True,True
11996,DA1_lPN,DA1_lPN,cb_intrinsic,ALPN,,DA1_lPN_R,DA1_lPN,R,R,,acetylcholine,acetylcholine,0.947455543353543,acetylcholine,acetylcholine,acetylcholine,1,True,True
12012,VP4+VL1_l2PN,VP4+VL1_l2PN,cb_intrinsic,ALPN,BI,VP4+VL1_l2PN_R,VP4+VL1_l2PN,R,R,,acetylcholine,acetylcholine,0.9454142731190242,,acetylcholine,acetylcholine,1,True,True
12023,VA3_adPN,VA3_adPN,cb_intrinsic,ALPN,,VA3_adPN_L,VA3_adPN,L,L,,acetylcholine,acetylcholine,0.9468307187454946,acetylcholine,acetylcholine,acetylcholine,1,True,True
12031,DC4_adPN,DC4_adPN,cb_intrinsic,ALPN,,DC4_adPN_L,DC4_adPN,L,L,,acetylcholine,acetylcholine,0.9544709214160342,acetylcholine,acetylcholine,acetylcholine,1,True,True
12050,VA1d_adPN,VA1d_adPN,cb_intrinsic,ALPN,,VA1d_adPN_L,VA1d_adPN,L,L,,acetylcholine,acetylcholine,0.9542859599302623,acetylcholine,acetylcholine,acetylcholine,1,True,True
12057,VM3_adPN,VM3_adPN,cb_intrinsic,ALPN,,VM3_adPN_L,VM3_adPN,L,L,,acetylcholine,acetylcholine,0.9662965985269485,acetylcholine,acetylcholine,acetylcholine,1,True,True
12061,DL1_adPN,DL1_adPN,cb_intrinsic,ALPN,,DL1_adPN_L,DL1_adPN,L,L,,acetylcholine,acetylcholine,0.9593554312135766,acetylcholine,acetylcholine,acetylcholine,1,True,True
12121,VC5_lvPN,VC5_lvPN,cb_intrinsic,ALPN,,VC5_lvPN_R,VC3m_lvPN,R,R,,acetylcholine,acetylcholine,0.9610229658354462,acetylcholine,acetylcholine,acetylcholine,1,True,True
12122,DA1_lPN,DA1_lPN,cb_intrinsic,ALPN,,DA1_lPN_R,DA1_lPN,R,R,,acetylcholine,acetylcholine,0.9624855170424732,acetylcholine,acetylcholine,acetylcholine,1,True,True
12152,DC2_adPN,DC2_adPN,cb_intrinsic,ALPN,,DC2_adPN_L,DC2_adPN,L,L,,acetylcholine,acetylcholine,0.9647005120634463,acetylcholine,acetylcholine,acetylcholine,1,True,True
12160,DC4_adPN,DC4_adPN,cb_intrinsic,ALPN,,DC4_adPN_R,DC4_adPN,R,R,,acetylcholine,acetylcholine,0.9259838963051507,acetylcholine,acetylcholine,acetylcholine,1,True,True
12163,VA5_lPN,VA5_lPN,cb_intrinsic,ALPN,,VA5_lPN_R,VA5_lPN,R,R,,acetylcholine,acetylcholine,0.9424461874101978,acetylcholine,acetylcholine,acetylcholine,1,True,True
12164,VM3_adPN,VM3_adPN,cb_intrinsic,ALPN,,VM3_adPN_R,VM3_adPN,R,R,,acetylcholine,acetylcholine,0.9593352107541369,acetylcholine,acetylcholine,acetylcholine,1,True,True
12171,DM2_lPN,DM2_lPN,cb_intrinsic,ALPN,,DM2_lPN_R,DM2_lPN,R,R,,acetylcholine,acetylcholine,0.9191668325491859,acetylcholine,acetylcholine,acetylcholine,1,True,True
12241,M_l2PNm16,M_l2PNm16,cb_intrinsic,ALPN,,M_l2PNm16_L,M_l2PNm16,L,L,,acetylcholine,acetylcholine,0.9589595997573415,,acetylcholine,acetylcholine,1,True,True
12279,M_lvPNm40,M_lvPNm40,cb_intrinsic,ALPN,,M_lvPNm40_L,M_lvPNm40,L,L,,acetylcholine,acetylcholine,0.911241708707392,acetylcholine,acetylcholine,acetylcholine,1,True,True
12309,DC3_adPN,DC3_adPN,cb_intrinsic,ALPN,,DC3_adPN_R,DC3_adPN,R,R,,acetylcholine,acetylcholine,0.9619089950480507,acetylcholine,acetylcholine,acetylcholine,1,True,True
12312,DC3_adPN,DC3_adPN,cb_intrinsic,ALPN,,DC3_adPN_L,DC3_adPN,L,L,,acetylcholine,acetylcholine,0.9605486402312793,acetylcholine,acetylcholine,acetylcholine,1,True,True
12314,DA1_lPN,DA1_lPN,cb_intrinsic,ALPN,,DA1_lPN_L,DA1_lPN,L,L,,acetylcholine,acetylcholine,0.9654683653401523,acetylcholine,acetylcholine,acetylcholine,1,True,True
12340,DA1_lPN,DA1_lPN,cb_intrinsic,ALPN,,DA1_lPN_R,DA1_lPN,R,R,,acetylcholine,acetylcholine,0.9618896003463309,acetylcholine,acetylcholine,acetylcholine,1,True,True
12351,M_spPN4t9,M_spPN4t9,cb_intrinsic,ALPN,,M_spPN4t9_L,M_spPN4t9,L,L,,acetylcholine,acetylcholine,0.9458201869693431,,acetylcholine,acetylcholine,1,True,True
12358,PEN_a(PEN1),PEN_a(PEN1),cb_intrinsic,CX,,PEN_a(PB06a)_L3,PEN_a(PEN1),L,L,,acetylcholine,acetylcholine,0.7959356314263125,acetylcholine,acetylcholine,acetylcholine,1,True,True
12367,VM3_adPN,VM3_adPN,cb_intrinsic,ALPN,,VM3_adPN_L,VM3_adPN,L,L,,acetylcholine,acetylcholine,0.953218824737086,acetylcholine,acetylcholine,acetylcholine,1,True,True
12387,D_adPN,D_adPN,cb_intrinsic,ALPN,,D_adPN_R,D_adPN,R,R,,acetylcholine,acetylcholine,0.9430752783704441,acetylcholine,acetylcholine,acetylcholine,1,True,True
12449,EPG,EPG,cb_intrinsic,CX,,EPG(PB08)_L5,EPG,L,L,,acetylcholine,acetylcholine,0.9163316069192475,acetylcholine,acetylcholine,acetylcholine,1,True,True
12460,VA1d_adPN,VA1d_adPN,cb_intrinsic,ALPN,,VA1d_adPN_L,VA1d_adPN,L,L,,acetylcholine,acetylcholine,0.9521627286401213,acetylcholine,acetylcholine,acetylcholine,1,True,True
12471,M_lvPNm24,M_lvPNm24,cb_intrinsic,ALPN,,M_lvPNm24_L,M_lvPNm24,L,L,,acetylcholine,acetylcholine,0.9508623902068013,acetylcholine,acetylcholine,acetylcholine,1,True,True
12491,M_l2PNm14,M_l2PNm14,cb_intrinsic,ALPN,,M_l2PNm14_R,M_l2PNm14,R,R,,acetylcholine,acetylcholine,0.9522569008433716,,acetylcholine,acetylcholine,1,True,True
12509,VA3_adPN,VA3_adPN,cb_intrinsic,ALPN,,VA3_adPN_L,VA3_adPN,L,L,,acetylcholine,acetylcholine,0.9568623438435698,acetylcholine,acetylcholine,acetylcholine,1,True,True
12545,VP4+_vPN,VP4+_vPN,cb_intrinsic,ALPN,BI,VP4+_vPN_L,VP4+_vPN,L,L,,gaba,gaba,0.8109513388100933,gaba,gaba,gaba,-1,True,True
12569,DPM,DPM,cb_intrinsic,,,DPM_R,DPM,R,R,,dopamine,dopamine,0.8701402180071319,,dopamine,dopamine,0,True,True
12603,DA1_vPN,DA1_vPN,cb_intrinsic,ALPN,,DA1_vPN_L,DA1_vPN,L,L,,gaba,gaba,0.69913246978712,gaba,gaba,gaba,-1,True,True
12653,DA1_lPN,DA1_lPN,cb_intrinsic,ALPN,,DA1_lPN_L,DA1_lPN,L,L,,acetylcholine,acetylcholine,0.9647568373227208,acetylcholine,acetylcholine,acetylcholine,1,True,True
12667,VA1v_adPN,VA1v_adPN,cb_intrinsic,ALPN,,VA1v_adPN_R,VA1v_adPN,R,R,,acetylcholine,acetylcholine,0.9533195625790206,acetylcholine,acetylcholine,acetylcholine,1,True,True
12690,MBON06,MBON06,cb_intrinsic,MBON,,MBON06(B1>a)_L,MBON06,L,L,,glutamate,glutamate,0.6237394580139102,glutamate,glutamate,glutamate,-1,True,True
12711,VA1v_vPN,VA1v_vPN,cb_intrinsic,ALPN,,VA1v_vPN_L,VA1v_vPN,L,L,,gaba,gaba,0.7566999771181289,gaba,gaba,gaba,-1,True,True
12715,VP5+Z_adPN,VP5+Z_adPN,cb_intrinsic,ALPN,,VP5+Z_adPN_L,VP5+Z_adPN,L,L,,acetylcholine,acetylcholine,0.9243590666773449,acetylcholine,acetylcholine,acetylcholine,1,True,True
12726,MBON13,MBON13,cb_intrinsic,MBON,,MBON13(a'2)_L,MBON13,L,L,,acetylcholine,acetylcholine,0.9413287745239253,acetylcholine,acetylcholine,acetylcholine,1,True,True
12728,DC3_adPN,DC3_adPN,cb_intrinsic,ALPN,,DC3_adPN_R,DC3_adPN,R,R,,acetylcholine,acetylcholine,0.9514813419567162,acetylcholine,acetylcholine,acetylcholine,1,True,True
12756,VA5_lPN,VA5_lPN,cb_intrinsic,ALPN,,VA5_lPN_L,VA5_lPN,L,L,,acetylcholine,acetylcholine,0.9523736616171679,acetylcholine,acetylcholine,acetylcholine,1,True,True
12765,VA1v_vPN,VA1v_vPN,cb_intrinsic,ALPN,,VA1v_vPN_R,VA1v_vPN,R,R,,gaba,gaba,0.7314054880102994,gaba,gaba,gaba,-1,True,True
12782,DL1_adPN,DL1_adPN,cb_intrinsic,ALPN,,DL1_adPN_R,DL1_adPN,R,R,,acetylcholine,acetylcholine,0.9497645222417156,acetylcholine,acetylcholine,acetylcholine,1,True,True
12815,M_lv2PN9t49_a,M_lv2PN9t49_a,cb_intrinsic,ALPN,,M_lv2PN9t49_a_R,M_lv2PN9t49,R,R,,gaba,gaba,0.784162465525098,,gaba,gaba,-1,True,True
12837,M_smPN6t2,M_smPN6t2,cb_intrinsic,ALPN,,M_smPN6t2_R,M_smPN6t2,R,R,,gaba,gaba,0.8027230993181568,,gaba,gaba,-1,True,True
12840,DA4l_adPN,DA4l_adPN,cb_intrinsic,ALPN,,DA4l_adPN_L,DA4l_adPN,L,L,,acetylcholine,acetylcholine,0.840684539991129,acetylcholine,acetylcholine,acetylcholine,1,True,True
12859,MBON07,MBON07,cb_intrinsic,MBON,,MBON07(a1)_R,MBON07,R,R,,glutamate,glutamate,0.6685533059225038,glutamate,glutamate,glutamate,-1,True,True
12890,VP1l+VP3_ilPN,VP1l+VP3_ilPN,cb_intrinsic,ALPN,BI,VP1l+VP3_ilPN_R,VP1l+VP3_ilPN,R,R,,acetylcholine,acetylcholine,0.8677972268819673,acetylcholine,acetylcholine,acetylcholine,1,True,True
12902,PPL108,PPL108,cb_intrinsic,DAN,,PPL108_R,PPL108,R,R,,dopamine,dopamine,0.6455005436428942,dopamine,dopamine,dopamine,0,True,True
12918,MBON22,MBON22,cb_intrinsic,MBON,,MBON22(calyx)_L,MBON22,L,L,,acetylcholine,acetylcholine,0.9208848434801978,,acetylcholine,acetylcholine,1,True,True
12934,M_l2PNl21,M_l2PNl21,cb_intrinsic,ALPN,,M_l2PNl21_R,M_l2PNl21,R,R,,acetylcholine,acetylcholine,0.9111257858505353,,acetylcholine,acetylcholine,1,True,True
12958,DL2d_adPN,DL2d_adPN,cb_intrinsic,ALPN,,DL2d_adPN_L,DL2d_adPN,L,L,,acetylcholine,acetylcholine,0.9520881888366659,acetylcholine,acetylcholine,acetylcholine,1,True,True
12965,M_l2PN10t19,M_l2PN10t19,cb_intrinsic,ALPN,BI,M_l2PN10t19_L,M_l2PN10t19,L,L,,acetylcholine,acetylcholine,0.9235126020546149,,acetylcholine,acetylcholine,1,True,True
13027,VC5_lvPN,VC5_lvPN,cb_intrinsic,ALPN,,VC5_lvPN_L,VC3m_lvPN,L,L,,acetylcholine,acetylcholine,0.9648097855538013,acetylcholine,acetylcholine,acetylcholine,1,True,True
13028,M_l2PNl22,M_l2PNl22,cb_intrinsic,ALPN,,M_l2PNl22_R,M_l2PNl22,R,R,,acetylcholine,acetylcholine,0.9629284671128304,,acetylcholine,acetylcholine,1,True,True
13046,M_vPNml65,M_vPNml65,cb_intrinsic,ALPN,,M_vPNml65_L,M_vPNml65,L,L,,gaba,gaba,0.7510261951676124,gaba,gaba,gaba,-1,True,True
13064,DA1_lPN,DA1_lPN,cb_intrinsic,ALPN,,DA1_lPN_R,DA1_lPN,R,R,,acetylcholine,acetylcholine,0.9496031849739437,acetylcholine,acetylcholine,acetylcholine,1,True,True
13116,V_l2PN,V_l2PN,cb_intrinsic,ALPN,,V_l2PN_R,V_l2PN,R,R,,acetylcholine,acetylcholine,0.9580117167145825,acetylcholine,acetylcholine,acetylcholine,1,True,True
13127,VA1v_vPN,VA1v_vPN,cb_intrinsic,ALPN,,VA1v_vPN_L,VA1v_vPN,L,L,,gaba,gaba,0.7471206856621831,gaba,gaba,gaba,-1,True,True
13143,VA1v_adPN,VA1v_adPN,cb_intrinsic,ALPN,,VA1v_adPN_L,VA1v_adPN,L,L,,acetylcholine,acetylcholine,0.9527420598905133,acetylcholine,acetylcholine,acetylcholine,1,True,True
13172,VA1v_vPN,VA1v_vPN,cb_intrinsic,ALPN,,VA1v_vPN_R,VA1v_vPN,R,R,,gaba,gaba,0.7365144842475138,gaba,gaba,gaba,-1,True,True
13173,KCab-c,KCab-c,cb_intrinsic,Kenyon_Cell,,KCab-c_R,"KCab-m,KCab-c,KCab-s",R,R,,acetylcholine,dopamine,0.7365203405970414,,dopamine,acetylcholine,1,True,True
13194,M_l2PNl23,M_l2PNl23,cb_intrinsic,ALPN,,M_l2PNl23_L,M_l2PNl23,L,L,,acetylcholine,acetylcholine,0.9611028795259909,,acetylcholine,acetylcholine,1,True,True
13198,VA1v_adPN,VA1v_adPN,cb_intrinsic,ALPN,,VA1v_adPN_R,VA1v_adPN,R,R,,acetylcholine,acetylcholine,0.9556648735434208,acetylcholine,acetylcholine,acetylcholine,1,True,True
13209,DA1_vPN,DA1_vPN,cb_intrinsic,ALPN,,DA1_vPN_R,DA1_vPN,R,R,,gaba,gaba,0.7364572011519894,gaba,gaba,gaba,-1,True,True
13217,EPG,EPG,cb_intrinsic,CX,,EPG(PB08)_L8,EPG,L,L,,acetylcholine,acetylcholine,0.8902036264610831,acetylcholine,acetylcholine,acetylcholine,1,True,True
13225,VM7d_adPN,VM7d_adPN,cb_intrinsic,ALPN,,VM7d_adPN_R,VM7d_adPN,R,R,,acetylcholine,acetylcholine,0.9428901541101853,acetylcholine,acetylcholine,acetylcholine,1,True,True
13230,VC5_lvPN,VC5_lvPN,cb_intrinsic,ALPN,,VC5_lvPN_L,VC3m_lvPN,L,L,,acetylcholine,acetylcholine,0.9603256257089471,acetylcholine,acetylcholine,acetylcholine,1,True,True
13283,VM1_lPN,VM1_lPN,cb_intrinsic,ALPN,,VM1_lPN_R,VM1_lPN,R,R,,acetylcholine,acetylcholine,0.9092277245312047,acetylcholine,acetylcholine,acetylcholine,1,True,True
13294,M_l2PNm14,M_l2PNm14,cb_intrinsic,ALPN,,M_l2PNm14_L,M_l2PNm14,L,L,,acetylcholine,acetylcholine,0.9586123515925381,,acetylcholine,acetylcholine,1,True,True
13314,M_vPNml50,M_vPNml50,cb_intrinsic,ALPN,,M_vPNml50_L,M_vPNml50,L,L,,gaba,gaba,0.7100068900118655,gaba,gaba,gaba,-1,True,True
13334,VP1m+VP5_ilPN,VP1m+VP5_ilPN,cb_intrinsic,ALPN,BI,VP1m+VP5_ilPN_R,VP1m+VP5_ilPN,R,R,,acetylcholine,acetylcholine,0.9480118616747512,acetylcholine,acetylcholine,acetylcholine,1,True,True
13356,VM4_adPN,VM4_adPN,cb_intrinsic,ALPN,,VM4_adPN_L,VM4_adPN,L,L,,acetylcholine,acetylcholine,0.9498188885284017,acetylcholine,acetylcholine,acetylcholine,1,True,True
13379,VA1v_adPN,VA1v_adPN,cb_intrinsic,ALPN,,VA1v_adPN_R,VA1v_adPN,R,R,,acetylcholine,acetylcholine,0.9201464698639642,acetylcholine,acetylcholine,acetylcholine,1,True,True
13386,VM7v_adPN,VM7v_adPN,cb_intrinsic,ALPN,,VM7v_adPN_R,VM7v_adPN,R,R,,acetylcholine,acetylcholine,0.9422711848556585,acetylcholine,acetylcholine,acetylcholine,1,True,True
13389,M_vPNml50,M_vPNml50,cb_intrinsic,ALPN,,M_vPNml50_R,M_vPNml50,R,R,,gaba,gaba,0.7518122461047032,gaba,gaba,gaba,-1,True,True
13423,D_adPN,D_adPN,cb_intrinsic,ALPN,,D_adPN_L,D_adPN,L,L,,acetylcholine,acetylcholine,0.9595106435623305,acetylcholine,acetylcholine,acetylcholine,1,True,True
13428,PPL102,PPL102,cb_intrinsic,DAN,,PPL102(y1)_R,PPL102,R,R,,dopamine,dopamine,0.6730604923036706,dopamine,dopamine,dopamine,0,True,True
13470,DC3_adPN,DC3_adPN,cb_intrinsic,ALPN,,DC3_adPN_L,DC3_adPN,L,L,,acetylcholine,acetylcholine,0.9698128323424602,acetylcholine,acetylcholine,acetylcholine,1,True,True
13479,DC2_adPN,DC2_adPN,cb_intrinsic,ALPN,,DC2_adPN_L,DC2_adPN,L,L,,acetylcholine,acetylcholine,0.9591216369791754,acetylcholine,acetylcholine,acetylcholine,1,True,True
13480,VC3_adPN,VC3_adPN,cb_intrinsic,ALPN,,VC3_adPN_R,VC3l_adPN,R,R,,acetylcholine,acetylcholine,0.9349353927651147,acetylcholine,acetylcholine,acetylcholine,1,True,True
13483,DA1_lPN,DA1_lPN,cb_intrinsic,ALPN,,DA1_lPN_L,DA1_lPN,L,L,,acetylcholine,acetylcholine,0.9452521921587008,acetylcholine,acetylcholine,acetylcholine,1,True,True
13529,M_l2PNl22,M_l2PNl22,cb_intrinsic,ALPN,,M_l2PNl22_L,M_l2PNl22,L,L,,acetylcholine,acetylcholine,0.9545634683002546,,acetylcholine,acetylcholine,1,True,True
13560,M_lvPNm25,M_lvPNm25,cb_intrinsic,ALPN,,M_lvPNm25_R,M_lvPNm25,R,R,,acetylcholine,acetylcholine,0.9453142511178552,acetylcholine,acetylcholine,acetylcholine,1,True,True
13571,VP3+_l2PN,VP3+_l2PN,cb_intrinsic,ALPN,BI,VP3+_l2PN_L,VP3+_l2PN,L,L,,acetylcholine,acetylcholine,0.9172251790159657,,acetylcholine,acetylcholine,1,True,True
13582,VA1v_adPN,VA1v_adPN,cb_intrinsic,ALPN,,VA1v_adPN_L,VA1v_adPN,L,L,,acetylcholine,acetylcholine,0.9279864372678456,acetylcholine,acetylcholine,acetylcholine,1,True,True
13583,DA1_lPN,DA1_lPN,cb_intrinsic,ALPN,,DA1_lPN_L,DA1_lPN,L,L,,acetylcholine,acetylcholine,0.959616967057901,acetylcholine,acetylcholine,acetylcholine,1,True,True
13596,M_lvPNm24,M_lvPNm24,cb_intrinsic,ALPN,,M_lvPNm24_R,M_lvPNm24,R,R,,acetylcholine,acetylcholine,0.9420889730015428,acetylcholine,acetylcholine,acetylcholine,1,True,True
13610,M_l2PNm16,M_l2PNm16,cb_intrinsic,ALPN,,M_l2PNm16_R,M_l2PNm16,R,R,,acetylcholine,acetylcholine,0.9357559146017085,,acetylcholine,acetylcholine,1,True,True
13666,M_l2PNm16,M_l2PNm16,cb_intrinsic,ALPN,,M_l2PNm16_R,M_l2PNm16,R,R,,acetylcholine,acetylcholine,0.9391164442231423,,acetylcholine,acetylcholine,1,True,True
13683,M_vPNml55,M_vPNml55,cb_intrinsic,ALPN,,M_vPNml55_L,M_vPNml55,L,L,,gaba,gaba,0.8432906776919863,gaba,gaba,gaba,-1,True,True
13684,VC3_adPN,VC3_adPN,cb_intrinsic,ALPN,,VC3_adPN_L,,L,L,,acetylcholine,acetylcholine,0.9540485406906706,acetylcholine,acetylcholine,acetylcholine,1,True,True
13725,VA1d_adPN,VA1d_adPN,cb_intrinsic,ALPN,,VA1d_adPN_R,VA1d_adPN,R,R,,acetylcholine,acetylcholine,0.9592143267072459,acetylcholine,acetylcholine,acetylcholine,1,True,True
13728,MBON12,MBON12,cb_intrinsic,MBON,,MBON12(y2a'1)_L,MBON12,L,L,,acetylcholine,acetylcholine,0.919177712970365,acetylcholine,acetylcholine,acetylcholine,1,True,True
13767,VP1l+VP3_ilPN,VP1l+VP3_ilPN,cb_intrinsic,ALPN,BI,VP1l+VP3_ilPN_L,VP1l+VP3_ilPN,L,L,,acetylcholine,acetylcholine,0.8746155519049845,acetylcholine,acetylcholine,acetylcholine,1,True,True
13768,MBON12,MBON12,cb_intrinsic,MBON,,MBON12(y2a'1)_L,MBON12,L,L,,acetylcholine,acetylcholine,0.9232161625969371,acetylcholine,acetylcholine,acetylcholine,1,True,True
13832,M_vPNml50,M_vPNml50,cb_intrinsic,ALPN,,M_vPNml50_R,M_vPNml50,R,R,,gaba,gaba,0.7548553935374731,gaba,gaba,gaba,-1,True,True
13906,M_vPNml63,M_vPNml63,cb_intrinsic,ALPN,,M_vPNml63_R,M_vPNml63,R,R,,gaba,gaba,0.7953739805892721,gaba,gaba,gaba,-1,True,True
13940,M_l2PN3t18,M_l2PN3t18,cb_intrinsic,ALPN,,M_l2PN3t18_L,M_l2PN3t18,L,L,,acetylcholine,acetylcholine,0.9551943611650363,,acetylcholine,acetylcholine,1,True,True
13951,M_vPNml50,M_vPNml50,cb_intrinsic,ALPN,,M_vPNml50_L,M_vPNml50,L,L,,gaba,gaba,0.6998913315785626,gaba,gaba,gaba,-1,True,True
13972,VM7v_adPN,VM7v_adPN,cb_intrinsic,ALPN,,VM7v_adPN_L,VM7v_adPN,L,L,,acetylcholine,acetylcholine,0.9430021468101788,acetylcholine,acetylcholine,acetylcholine,1,True,True
13981,M_l2PN10t19,M_l2PN10t19,cb_intrinsic,ALPN,BI,M_l2PN10t19_R,M_l2PN10t19,R,R,,acetylcholine,acetylcholine,0.9421992854157655,,acetylcholine,acetylcholine,1,True,True
14158,M_l2PN3t18,M_l2PN3t18,cb_intrinsic,ALPN,,M_l2PN3t18_R,M_l2PN3t18,R,R,,acetylcholine,acetylcholine,0.9504392877361755,,acetylcholine,acetylcholine,1,True,True
14182,PPL103,PPL103,cb_intrinsic,DAN,,PPL103(y2a'1)_R,PPL103,R,R,,dopamine,dopamine,0.8398758118580867,dopamine,dopamine,dopamine,0,True,True
14221,MBON18,MBON18,cb_intrinsic,MBON,,MBON18(a2sc)_R,MBON18,R,R,,acetylcholine,acetylcholine,0.967127109407565,acetylcholine,acetylcholine,acetylcholine,1,True,True
14225,PPL105,PPL105,cb_intrinsic,DAN,,PPL105(a'2a2)_R,PPL105,R,R,,dopamine,dopamine,0.8744763959073044,dopamine,dopamine,dopamine,0,True,True
14292,KCg-m,KCg-m,cb_intrinsic,Kenyon_Cell,,KCg-m_R,KCg-m,R,R,,acetylcholine,dopamine,0.68443739695915,,dopamine,acetylcholine,1,True,True
14319,M_l2PN3t18,M_l2PN3t18,cb_intrinsic,ALPN,,M_l2PN3t18_R,M_l2PN3t18,R,R,,acetylcholine,acetylcholine,0.9565048381233302,,acetylcholine,acetylcholine,1,True,True
14339,VA1v_adPN,VA1v_adPN,cb_intrinsic,ALPN,,VA1v_adPN_L,VA1v_adPN,L,L,,acetylcholine,acetylcholine,0.9550761674249693,acetylcholine,acetylcholine,acetylcholine,1,True,True
14340,V_l2PN,V_l2PN,cb_intrinsic,ALPN,,V_l2PN_L,V_l2PN,L,L,,acetylcholine,acetylcholine,0.967984831427721,acetylcholine,acetylcholine,acetylcholine,1,True,True
14360,M_smPNm1,M_smPNm1,cb_intrinsic,ALPN,,M_smPNm1_R,M_smPNm1,R,R,,gaba,gaba,0.6254360652045718,,gaba,gaba,-1,True,True
14391,M_ilPNm90,M_ilPNm90,cb_intrinsic,ALPN,BI,M_ilPNm90(M_ilPN8t91)_L,"M_ilPNm90,M_ilPN8t91",L,L,,acetylcholine,acetylcholine,0.9428915853169904,acetylcholine,acetylcholine,acetylcholine,1,True,True
14419,VP2_l2PN,VP2_l2PN,cb_intrinsic,ALPN,,VP2_l2PN_R,VP2_l2PN,R,R,,acetylcholine,acetylcholine,0.9486961740746762,,acetylcholine,acetylcholine,1,True,True
14427,VM5v_adPN,VM5v_adPN,cb_intrinsic,ALPN,,VM5v_adPN_L,VM5v_adPN,L,L,,acetylcholine,acetylcholine,0.9533858927191305,acetylcholine,acetylcholine,acetylcholine,1,True,True
14430,VM7d_adPN,VM7d_adPN,cb_intrinsic,ALPN,,VM7d_adPN_L,VM7d_adPN,L,L,,acetylcholine,acetylcholine,0.9569991717479956,acetylcholine,acetylcholine,acetylcholine,1,True,True
14437,VP3+VP1l_ivPN,VP3+VP1l_ivPN,cb_intrinsic,ALPN,BI,VP3+VP1l_ivPN_R,VP3+VP1l_ivPN,R,R,,acetylcholine,acetylcholine,0.9449609262039382,,acetylcholine,acetylcholine,1,True,True
14442,VC3_adPN,VC3_adPN,cb_intrinsic,ALPN,,VC3_adPN_L,VC3l_adPN,L,L,,acetylcholine,acetylcholine,0.9583968290429888,acetylcholine,acetylcholine,acetylcholine,1,True,True
14506,M_lvPNm24,M_lvPNm24,cb_intrinsic,ALPN,,M_lvPNm24_L,M_lvPNm24,L,L,,acetylcholine,acetylcholine,0.9487042357470618,acetylcholine,acetylcholine,acetylcholine,1,True,True
14507,EPG,EPG,cb_intrinsic,CX,,EPG(PB08)_R7,EPG,R,R,,acetylcholine,acetylcholine,0.910307847374052,acetylcholine,acetylcholine,acetylcholine,1,True,True
14510,VA1v_adPN,VA1v_adPN,cb_intrinsic,ALPN,,VA1v_adPN_R,VA1v_adPN,R,R,,acetylcholine,acetylcholine,0.9553657605496163,acetylcholine,acetylcholine,acetylcholine,1,True,True
14526,M_lvPNm37,M_lvPNm37,cb_intrinsic,ALPN,,M_lvPNm37_L,M_lvPNm37,L,L,,acetylcholine,acetylcholine,0.7363166537655024,acetylcholine,acetylcholine,acetylcholine,1,True,True
14530,DA4l_adPN,DA4l_adPN,cb_intrinsic,ALPN,,DA4l_adPN_R,DA4l_adPN,R,R,,acetylcholine,acetylcholine,0.9403020566369846,acetylcholine,acetylcholine,acetylcholine,1,True,True
14573,M_l2PNl23,M_l2PNl23,cb_intrinsic,ALPN,,M_l2PNl23_R,M_l2PNl23,R,R,,acetylcholine,acetylcholine,0.9273633455401521,,acetylcholine,acetylcholine,1,True,True
14607,VM5v_adPN,VM5v_adPN,cb_intrinsic,ALPN,,VM5v_adPN_L,VM5v_adPN,L,L,,acetylcholine,acetylcholine,0.9466556844832816,acetylcholine,acetylcholine,acetylcholine,1,True,True
14661,D_adPN,D_adPN,cb_intrinsic,ALPN,,D_adPN_L,D_adPN,L,L,,acetylcholine,acetylcholine,0.9611318016392723,acetylcholine,acetylcholine,acetylcholine,1,True,True
14665,VM2_adPN,VM2_adPN,cb_intrinsic,ALPN,,VM2_adPN_L,VM2_adPN,L,L,,acetylcholine,acetylcholine,0.9615561973286134,acetylcholine,acetylcholine,acetylcholine,1,True,True
14666,VP3+_l2PN,VP3+_l2PN,cb_intrinsic,ALPN,,VP3+_l2PN_L,VP3+_l2PN,L,L,,acetylcholine,acetylcholine,0.9547333130953674,,acetylcholine,acetylcholine,1,True,True
14685,VC3_adPN,VC3_adPN,cb_intrinsic,ALPN,,VC3_adPN_L,VC3l_adPN,L,L,,acetylcholine,acetylcholine,0.9560507162552286,acetylcholine,acetylcholine,acetylcholine,1,True,True
14705,PPL107,PPL107,cb_intrinsic,DAN,,PPL107_R,PPL107,R,R,,dopamine,dopamine,0.6039053985963945,dopamine,dopamine,dopamine,0,True,True
14722,M_l2PN10t19,M_l2PN10t19,cb_intrinsic,ALPN,BI,M_l2PN10t19_R,M_l2PN10t19,R,R,,acetylcholine,acetylcholine,0.9504710184705173,,acetylcholine,acetylcholine,1,True,True
14727,EPG,EPG,cb_intrinsic,CX,,EPG(PB08)_L7,EPG,L,L,,acetylcholine,acetylcholine,0.9188360396457751,acetylcholine,acetylcholine,acetylcholine,1,True,True
14802,VA7m_lPN,VA7m_lPN,cb_intrinsic,ALPN,,VA7m_lPN_R,VA7m_lPN,R,R,,acetylcholine,acetylcholine,0.9529887887776828,acetylcholine,acetylcholine,acetylcholine,1,True,True
14849,DM5_lPN,DM5_lPN,cb_intrinsic,ALPN,,DM5_lPN_R,DM5_lPN,R,R,,acetylcholine,acetylcholine,0.9500632211417042,acetylcholine,acetylcholine,acetylcholine,1,True,True
14874,D_adPN,D_adPN,cb_intrinsic,ALPN,,D_adPN_L,D_adPN,L,L,,acetylcholine,acetylcholine,0.9465823342816054,acetylcholine,acetylcholine,acetylcholine,1,True,True
14895,VM7d_adPN,VM7d_adPN,cb_intrinsic,ALPN,,VM7d_adPN_L,VM7d_adPN,L,L,,acetylcholine,acetylcholine,0.9557277968905287,acetylcholine,acetylcholine,acetylcholine,1,True,True
14962,VC5_lvPN,VC5_lvPN,cb_intrinsic,ALPN,,VC5_lvPN_R,VC3m_lvPN,R,R,,acetylcholine,acetylcholine,0.9708668838591733,acetylcholine,acetylcholine,acetylcholine,1,True,True
14985,VA5_lPN,VA5_lPN,cb_intrinsic,ALPN,,VA5_lPN_R,VA5_lPN,R,R,,acetylcholine,acetylcholine,0.9535398277086933,acetylcholine,acetylcholine,acetylcholine,1,True,True
15005,DM6_adPN,DM6_adPN,cb_intrinsic,ALPN,,DM6_adPN_R,DM6_adPN,R,R,,acetylcholine,acetylcholine,0.9532197324859375,acetylcholine,acetylcholine,acetylcholine,1,True,True
15103,KCg-m,KCg-m,cb_intrinsic,Kenyon_Cell,,KCg-m_R,KCg-m,R,R,,acetylcholine,dopamine,0.770912583688375,,dopamine,acetylcholine,1,True,True
15125,,,cb_intrinsic,ALPN,,,,L,L,,acetylcholine,acetylcholine,0.9408655889294076,,unclear,acetylcholine,1,True,True
15133,VP4_vPN,VP4_vPN,cb_intrinsic,ALPN,,VP4_vPN_L,VP4_vPN,L,L,,gaba,gaba,0.833626530244648,gaba,gaba,gaba,-1,True,True
15142,VA1d_vPN,VA1d_vPN,cb_intrinsic,ALPN,,VA1d_vPN_R,VA1d_vPN,R,R,,gaba,gaba,0.8067372096140362,gaba,gaba,gaba,-1,True,True
15164,DC3_adPN,DC3_adPN,cb_intrinsic,ALPN,,DC3_adPN_R,DC3_adPN,R,R,,acetylcholine,acetylcholine,0.9364906002315513,acetylcholine,acetylcholine,acetylcholine,1,True,True
15176,PEN_b(PEN2),PEN_b(PEN2),cb_intrinsic,CX,,PEN_b(PB06b)_R8,PEN_b(PEN2),R,R,,acetylcholine,acetylcholine,0.8835822257078625,acetylcholine,acetylcholine,acetylcholine,1,True,True
15184,DM6_adPN,DM6_adPN,cb_intrinsic,ALPN,,DM6_adPN_L,DM6_adPN,L,L,,acetylcholine,acetylcholine,0.9525139242555767,acetylcholine,acetylcholine,acetylcholine,1,True,True
15276,VA1d_vPN,VA1d_vPN,cb_intrinsic,ALPN,,VA1d_vPN_L,VA1d_vPN,L,L,,gaba,gaba,0.8167420431956016,gaba,gaba,gaba,-1,True,True
15294,M_vPNml63,M_vPNml63,cb_intrinsic,ALPN,,M_vPNml63_L,M_vPNml63,L,L,,gaba,gaba,0.7933096342984819,gaba,gaba,gaba,-1,True,True
15310,PPL108,PPL108,cb_intrinsic,DAN,,PPL108_L,PPL108,L,L,,dopamine,dopamine,0.6803937914572563,dopamine,dopamine,dopamine,0,True,True
15313,VA1d_adPN,VA1d_adPN,cb_intrinsic,ALPN,,VA1d_adPN_R,VA1d_adPN,R,R,,acetylcholine,acetylcholine,0.9560555380652163,acetylcholine,acetylcholine,acetylcholine,1,True,True
15353,M_adPNm3,M_adPNm3,cb_intrinsic,ALPN,,M_adPNm3_R,M_adPNm3,R,R,,acetylcholine,acetylcholine,0.9514346109606547,acetylcholine,acetylcholine,acetylcholine,1,True,True
15431,VM5d_adPN,VM5d_adPN,cb_intrinsic,ALPN,,VM5d_adPN_R,VM5d_adPN,R,R,,acetylcholine,acetylcholine,0.9538547410956072,acetylcholine,acetylcholine,acetylcholine,1,True,True
15517,M_vPNml63,M_vPNml63,cb_intrinsic,ALPN,,M_vPNml63_R,M_vPNml63,R,R,,gaba,gaba,0.8524871875800375,gaba,gaba,gaba,-1,True,True
15616,EPG,EPG,cb_intrinsic,CX,,EPG(PB08)_R3,EPG,R,R,,acetylcholine,acetylcholine,0.9466649153059291,acetylcholine,acetylcholine,acetylcholine,1,True,True
15626,MBON07,MBON07,cb_intrinsic,MBON,,MBON07(a1)_L,MBON07,L,L,,glutamate,glutamate,0.7390459825379423,glutamate,glutamate,glutamate,-1,True,True
15708,MBON24,MBON24,cb_intrinsic,MBON,,MBON24(B2y5)_R,MBON24,R,R,,acetylcholine,acetylcholine,0.9198623831959699,,acetylcholine,acetylcholine,1,True,True
15713,EPG,EPG,cb_intrinsic,CX,,EPG(PB08)_L6,EPG,L,L,,acetylcholine,acetylcholine,0.9236654350674258,acetylcholine,acetylcholine,acetylcholine,1,True,True
15746,M_lvPNm33,M_lvPNm33,cb_intrinsic,ALPN,,M_lvPNm33_R,M_lvPNm33,R,R,,acetylcholine,acetylcholine,0.968914402652029,acetylcholine,acetylcholine,acetylcholine,1,True,True
15823,DM5_lPN,DM5_lPN,cb_intrinsic,ALPN,,DM5_lPN_L,DM5_lPN,L,L,,acetylcholine,acetylcholine,0.9603284407530531,acetylcholine,acetylcholine,acetylcholine,1,True,True
15928,M_l2PNm17,M_l2PNm17,cb_intrinsic,ALPN,,M_l2PNm17_L,M_l2PNm17,L,L,,acetylcholine,acetylcholine,0.78504140420433,,acetylcholine,acetylcholine,1,True,True
15970,,,cb_intrinsic,ALPN,,,,R,R,,acetylcholine,acetylcholine,0.95419638449722,,unclear,acetylcholine,1,True,True
15992,VM2_adPN,VM2_adPN,cb_intrinsic,ALPN,,VM2_adPN_L,VM2_adPN,L,L,,acetylcholine,acetylcholine,0.9597360621799232,acetylcholine,acetylcholine,acetylcholine,1,True,True
16005,D_adPN,D_adPN,cb_intrinsic,ALPN,,D_adPN_R,D_adPN,R,R,,acetylcholine,acetylcholine,0.9455342795667219,acetylcholine,acetylcholine,acetylcholine,1,True,True
16008,PEG,PEG,cb_intrinsic,CX,,PEG(PB07)_R1,PEG,R,R,,acetylcholine,acetylcholine,0.8187501351620354,acetylcholine,acetylcholine,acetylcholine,1,True,True
16013,VP5+VP3_l2PN,VP5+VP3_l2PN,cb_intrinsic,ALPN,,VP5+VP3_l2PN_L,VP5+VP3_l2PN,L,L,,acetylcholine,acetylcholine,0.964289485701115,,acetylcholine,acetylcholine,1,True,True
16083,VM2_adPN,VM2_adPN,cb_intrinsic,ALPN,,VM2_adPN_R,VM2_adPN,R,R,,acetylcholine,acetylcholine,0.951113461626721,acetylcholine,acetylcholine,acetylcholine,1,True,True
16085,VP2+VC5_l2PN,VP2+VC5_l2PN,cb_intrinsic,ALPN,BI,VP2+VC5_l2PN_L,VP2+VC5_l2PN,L,L,,acetylcholine,acetylcholine,0.9418201048508462,,acetylcholine,acetylcholine,1,True,True
16136,VP5+VP3_l2PN,VP5+VP3_l2PN,cb_intrinsic,ALPN,,VP5+VP3_l2PN_R,VP5+VP3_l2PN,R,R,,acetylcholine,acetylcholine,0.969360612649334,,acetylcholine,acetylcholine,1,True,True
16141,VM4_adPN,VM4_adPN,cb_intrinsic,ALPN,,VM4_adPN_R,VM4_adPN,R,R,,acetylcholine,acetylcholine,0.948525833564579,acetylcholine,acetylcholine,acetylcholine,1,True,True
16167,M_l2PN10t19,M_l2PN10t19,cb_intrinsic,ALPN,BI,M_l2PN10t19_L,M_l2PN10t19,L,L,,acetylcholine,acetylcholine,0.9587711797846226,,acetylcholine,acetylcholine,1,True,True
16206,VA7m_lPN,VA7m_lPN,cb_intrinsic,ALPN,,VA7m_lPN_L,VA7m_lPN,L,L,,acetylcholine,acetylcholine,0.9525522582534592,acetylcholine,acetylcholine,acetylcholine,1,True,True
16207,VC5_lvPN,VC5_lvPN,cb_intrinsic,ALPN,,VC5_lvPN_L,VC3m_lvPN,L,L,,acetylcholine,acetylcholine,0.9630165424324484,acetylcholine,acetylcholine,acetylcholine,1,True,True
16228,DL3_lPN,DL3_lPN,cb_intrinsic,ALPN,,DL3_lPN_L,DL3_lPN,L,L,,acetylcholine,acetylcholine,0.9539373905465183,acetylcholine,acetylcholine,acetylcholine,1,True,True
16236,VP1m+VP2_lvPN1,VP1m+VP2_lvPN1,cb_intrinsic,ALPN,,VP1m+VP2_lvPN1_R,VP1m+VP2_lvPN1,R,R,,acetylcholine,acetylcholine,0.7983002254307322,acetylcholine,acetylcholine,acetylcholine,1,True,True
16360,EPG,EPG,cb_intrinsic,CX,,EPG(PB08)_L6,EPG,L,L,,acetylcholine,acetylcholine,0.9256439835219552,acetylcholine,acetylcholine,acetylcholine,1,True,True
16426,VM5v_adPN,VM5v_adPN,cb_intrinsic,ALPN,,VM5v_adPN_R,VM5v_adPN,R,R,,acetylcholine,acetylcholine,0.9537790845031136,acetylcholine,acetylcholine,acetylcholine,1,True,True
16433,VC4_adPN,VC4_adPN,cb_intrinsic,ALPN,,VC4_adPN_L,VC4_adPN,L,L,,acetylcholine,acetylcholine,0.9587994331614709,acetylcholine,acetylcholine,acetylcholine,1,True,True
16437,M_vPNml63,M_vPNml63,cb_intrinsic,ALPN,,M_vPNml63_R,M_vPNml63,R,R,,gaba,gaba,0.7965535882621958,gaba,gaba,gaba,-1,True,True
16508,M_lvPNm24,M_lvPNm24,cb_intrinsic,ALPN,,M_lvPNm24_R,M_lvPNm24,R,R,,acetylcholine,acetylcholine,0.9586783524645115,acetylcholine,acetylcholine,acetylcholine,1,True,True
16524,VM7v_adPN,VM7v_adPN,cb_intrinsic,ALPN,,VM7v_adPN_L,VM7v_adPN,L,L,,acetylcholine,acetylcholine,0.9632327953974347,acetylcholine,acetylcholine,acetylcholine,1,True,True
16610,VA7m_lPN,VA7m_lPN,cb_intrinsic,ALPN,,VA7m_lPN_R,VA7m_lPN,R,R,,acetylcholine,acetylcholine,0.9401081285917636,acetylcholine,acetylcholine,acetylcholine,1,True,True
16629,M_lvPNm39,M_lvPNm39,cb_intrinsic,ALPN,,M_lvPNm39_L,M_lvPNm39,L,L,,acetylcholine,acetylcholine,0.9530474899763972,acetylcholine,acetylcholine,acetylcholine,1,True,True
16648,VP1d_il2PN,VP1d_il2PN,cb_intrinsic,ALPN,BI,VP1d_il2PN_L,VP1d_il2PN,L,L,,acetylcholine,acetylcholine,0.9468199358190781,,acetylcholine,acetylcholine,1,True,True
16651,M_vPNml63,M_vPNml63,cb_intrinsic,ALPN,,M_vPNml63_L,M_vPNml63,L,L,,gaba,gaba,0.7931836374522119,gaba,gaba,gaba,-1,True,True
16921,M_l2PNm15,M_l2PNm15,cb_intrinsic,ALPN,,M_l2PNm15_R,M_l2PNm15,R,R,,acetylcholine,acetylcholine,0.9566491636004311,acetylcholine,acetylcholine,acetylcholine,1,True,True
17027,DL2v_adPN,DL2v_adPN,cb_intrinsic,ALPN,,DL2v_adPN_L,DL2v_adPN,L,L,,acetylcholine,acetylcholine,0.9518587737161037,acetylcholine,acetylcholine,acetylcholine,1,True,True
17052,DM5_lPN,DM5_lPN,cb_intrinsic,ALPN,,DM5_lPN_L,DM5_lPN,L,L,,acetylcholine,acetylcholine,0.9636085098357186,acetylcholine,acetylcholine,acetylcholine,1,True,True
17225,VP3+_vPN,VP3+_vPN,cb_intrinsic,ALPN,,VP3+_vPN_L,VP3+_vPN,L,L,,gaba,gaba,0.5916160652439499,gaba,unclear,gaba,-1,True,True
17319,VP3+_l2PN,VP3+_l2PN,cb_intrinsic,ALPN,,VP3+_l2PN_R,VP3+_l2PN,R,R,,acetylcholine,acetylcholine,0.944378647672613,,acetylcholine,acetylcholine,1,True,True
17350,DM6_adPN,DM6_adPN,cb_intrinsic,ALPN,,DM6_adPN_L,DM6_adPN,L,L,,acetylcholine,acetylcholine,0.959725456765052,acetylcholine,acetylcholine,acetylcholine,1,True,True
17371,M_vPNml65,M_vPNml65,cb_intrinsic,ALPN,,M_vPNml65_R,M_vPNml65,R,R,,gaba,gaba,0.7910411114045097,gaba,gaba,gaba,-1,True,True
17454,PEN_a(PEN1),PEN_a(PEN1),cb_intrinsic,CX,,PEN_a(PB06a)_L4,PEN_a(PEN1),L,L,,acetylcholine,acetylcholine,0.7334592937037158,acetylcholine,acetylcholine,acetylcholine,1,True,True
17484,DC2_adPN,DC2_adPN,cb_intrinsic,ALPN,,DC2_adPN_R,DC2_adPN,R,R,,acetylcholine,acetylcholine,0.954952825493255,acetylcholine,acetylcholine,acetylcholine,1,True,True
17488,KCa'b'-ap2,KCa'b'-ap2,cb_intrinsic,Kenyon_Cell,,KCa'b'-ap2_R,KCa'b'-ap2,R,R,,acetylcholine,dopamine,0.7094418606359842,,dopamine,acetylcholine,1,True,True
17540,DL2v_adPN,DL2v_adPN,cb_intrinsic,ALPN,,DL2v_adPN_L,DL2v_adPN,L,L,,acetylcholine,acetylcholine,0.9371193963780653,acetylcholine,acetylcholine,acetylcholine,1,True,True
17569,VC3_adPN,VC3_adPN,cb_intrinsic,ALPN,,VC3_adPN_L,VC3l_adPN,L,L,,acetylcholine,acetylcholine,0.9528297967762651,acetylcholine,acetylcholine,acetylcholine,1,True,True
17570,VM5d_adPN,VM5d_adPN,cb_intrinsic,ALPN,,VM5d_adPN_L,VM5d_adPN,L,L,,acetylcholine,acetylcholine,0.9607757693648259,acetylcholine,acetylcholine,acetylcholine,1,True,True
17650,VC3_adPN,VC3_adPN,cb_intrinsic,ALPN,,VC3_adPN_R,VC3l_adPN,R,R,,acetylcholine,acetylcholine,0.943364355242804,acetylcholine,acetylcholine,acetylcholine,1,True,True
17705,M_vPNml65,M_vPNml65,cb_intrinsic,ALPN,,M_vPNml65_L,M_vPNml65,L,L,,gaba,gaba,0.7248043513754544,gaba,gaba,gaba,-1,True,True
17722,VP3+_vPN,VP3+_vPN,cb_intrinsic,ALPN,,VP3+_vPN_R,VP3+_vPN,R,R,,gaba,unclear,0.3725292593382411,gaba,unclear,gaba,-1,True,True
17800,,,cb_intrinsic,ALPN,,,,R,R,,acetylcholine,acetylcholine,0.9344967054697715,,unclear,acetylcholine,1,True,True
17817,M_vPNml79,M_vPNml79,cb_intrinsic,ALPN,,M_vPNml79_R,M_vPNml79,R,R,,gaba,gaba,0.8340195829272917,,gaba,gaba,-1,True,True
17924,DA3_adPN,DA3_adPN,cb_intrinsic,ALPN,,DA3_adPN_L,DA3_adPN,L,L,,acetylcholine,acetylcholine,0.9539748609639698,acetylcholine,acetylcholine,acetylcholine,1,True,True
17946,MBON14,MBON14,cb_intrinsic,MBON,,MBON14(a3)_R,MBON14,R,R,,acetylcholine,acetylcholine,0.8512767451751679,acetylcholine,acetylcholine,acetylcholine,1,True,True
18015,DM6_adPN,DM6_adPN,cb_intrinsic,ALPN,,DM6_adPN_L,DM6_adPN,L,L,,acetylcholine,acetylcholine,0.957277826929868,acetylcholine,acetylcholine,acetylcholine,1,True,True
18031,KCa'b'-ap2,KCa'b'-ap2,cb_intrinsic,Kenyon_Cell,,KCa'b'-ap2_R,KCa'b'-ap2,R,R,,acetylcholine,dopamine,0.7371460318201631,,dopamine,acetylcholine,1,True,True
18049,VP1d_il2PN,VP1d_il2PN,cb_intrinsic,ALPN,BI,VP1d_il2PN_R,VP1d_il2PN,R,R,,acetylcholine,acetylcholine,0.9516205218188882,,acetylcholine,acetylcholine,1,True,True
18084,VM7d_adPN,VM7d_adPN,cb_intrinsic,ALPN,,VM7d_adPN_R,VM7d_adPN,R,R,,acetylcholine,acetylcholine,0.9532885463796478,acetylcholine,acetylcholine,acetylcholine,1,True,True
18351,VP2+Z_lvPN,VP2+Z_lvPN,cb_intrinsic,ALPN,BI,VP2+Z_lvPN_L,VP2+Z_lvPN,L,L,,acetylcholine,acetylcholine,0.8777937592810183,acetylcholine,acetylcholine,acetylcholine,1,True,True
18406,MBON24,MBON24,cb_intrinsic,MBON,,MBON24(B2y5)_L,MBON24,L,L,,acetylcholine,acetylcholine,0.9105786896199688,,acetylcholine,acetylcholine,1,True,True
18416,DA2_lPN,DA2_lPN,cb_intrinsic,ALPN,,DA2_lPN_R,DA2_lPN,R,R,,acetylcholine,acetylcholine,0.9337528926976997,acetylcholine,acetylcholine,acetylcholine,1,True,True
18417,DM6_adPN,DM6_adPN,cb_intrinsic,ALPN,,DM6_adPN_R,DM6_adPN,R,R,,acetylcholine,acetylcholine,0.9595359185746677,acetylcholine,acetylcholine,acetylcholine,1,True,True
18419,PEN_a(PEN1),PEN_a(PEN1),cb_intrinsic,CX,,PEN_a(PB06a)_L7,PEN_a(PEN1),L,L,,acetylcholine,acetylcholine,0.8450845625906976,acetylcholine,acetylcholine,acetylcholine,1,True,True
18466,M_vPNml51,M_vPNml51,cb_intrinsic,ALPN,,M_vPNml51_L,M_vPNml51,L,L,,gaba,gaba,0.8193353136679922,gaba,gaba,gaba,-1,True,True
18493,DM5_lPN,DM5_lPN,cb_intrinsic,ALPN,,DM5_lPN_R,DM5_lPN,R,R,,acetylcholine,acetylcholine,0.9478803880187505,acetylcholine,acetylcholine,acetylcholine,1,True,True
18504,PEN_a(PEN1),PEN_a(PEN1),cb_intrinsic,CX,,PEN_a(PB06a)_R7,PEN_a(PEN1),R,R,,acetylcholine,acetylcholine,0.8134763877894032,acetylcholine,acetylcholine,acetylcholine,1,True,True
18536,D_adPN,D_adPN,cb_intrinsic,ALPN,,D_adPN_R,D_adPN,R,R,,acetylcholine,acetylcholine,0.9416118520160008,acetylcholine,acetylcholine,acetylcholine,1,True,True
18540,KCg-s1,KCg-s1,cb_intrinsic,Kenyon_Cell,,KCg-s1_R,KCg-s1,R,R,,acetylcholine,dopamine,0.6413085201079056,,dopamine,acetylcholine,1,True,True
18603,MBON07,MBON07,cb_intrinsic,MBON,,MBON07(a1)_L,MBON07,L,L,,glutamate,glutamate,0.7096804142835116,glutamate,glutamate,glutamate,-1,True,True
18713,MBON09,MBON09,cb_intrinsic,MBON,,MBON09(y3B'1)_L,MBON09,L,L,,gaba,gaba,0.7522256612279237,gaba,gaba,gaba,-1,True,True
18744,PEN_a(PEN1),PEN_a(PEN1),cb_intrinsic,CX,,PEN_a(PB06a)_L5,PEN_a(PEN1),L,L,,acetylcholine,acetylcholine,0.7914516900463607,acetylcholine,acetylcholine,acetylcholine,1,True,True
18776,DA2_lPN,DA2_lPN,cb_intrinsic,ALPN,,DA2_lPN_L,DA2_lPN,L,L,,acetylcholine,acetylcholine,0.9635968237703997,acetylcholine,acetylcholine,acetylcholine,1,True,True
18779,PEN_a(PEN1),PEN_a(PEN1),cb_intrinsic,CX,,PEN_a(PB06a)_R8,PEN_a(PEN1),R,R,,acetylcholine,acetylcholine,0.7875740350462525,acetylcholine,acetylcholine,acetylcholine,1,True,True
18814,VP2+Z_lvPN,VP2+Z_lvPN,cb_intrinsic,ALPN,BI,VP2+Z_lvPN_L,MZ_lvPN,L,L,,acetylcholine,acetylcholine,0.78344643982649,acetylcholine,acetylcholine,acetylcholine,1,True,True
18834,VM7d_adPN,VM7d_adPN,cb_intrinsic,ALPN,,VM7d_adPN_L,VM7d_adPN,L,L,,acetylcholine,acetylcholine,0.9575264833528162,acetylcholine,acetylcholine,acetylcholine,1,True,True
18840,DL3_lPN,DL3_lPN,cb_intrinsic,ALPN,,DL3_lPN_L,DL3_lPN,L,L,,acetylcholine,acetylcholine,0.9609324687090994,acetylcholine,acetylcholine,acetylcholine,1,True,True
18867,VM5d_adPN,VM5d_adPN,cb_intrinsic,ALPN,,VM5d_adPN_L,VM5d_adPN,L,L,,acetylcholine,acetylcholine,0.9544761813726128,acetylcholine,acetylcholine,acetylcholine,1,True,True
18932,PEN_b(PEN2),PEN_b(PEN2),cb_intrinsic,CX,,PEN_b(PB06b)_R2,PEN_b(PEN2),R,R,,acetylcholine,acetylcholine,0.871588861713218,acetylcholine,acetylcholine,acetylcholine,1,True,True
18959,VP2+VC5_l2PN,VP2+VC5_l2PN,cb_intrinsic,ALPN,BI,VP2+VC5_l2PN_R,VP2+VC5_l2PN,R,R,,acetylcholine,acetylcholine,0.959387782317888,,acetylcholine,acetylcholine,1,True,True
18983,CB0650,CB0650,cb_intrinsic,ALPN,BI,CB0650_L,,L,L,,glutamate,glutamate,0.6910364828349526,,glutamate,glutamate,-1,True,True
19083,KCg-m,KCg-m,cb_intrinsic,Kenyon_Cell,,KCg-m_L,KCg-m,L,L,,acetylcholine,dopamine,0.7751325549256847,,dopamine,acetylcholine,1,True,True
19102,KCg-d,KCg-d,cb_intrinsic,Kenyon_Cell,,KCg-d_R,KCg-d,R,R,,acetylcholine,dopamine,0.799554759313014,,dopamine,acetylcholine,1,True,True
19125,EPG,EPG,cb_intrinsic,CX,,EPG(PB08)_R5,EPG,R,R,,acetylcholine,acetylcholine,0.9128329918586142,acetylcholine,acetylcholine,acetylcholine,1,True,True
19189,PEN_a(PEN1),PEN_a(PEN1),cb_intrinsic,CX,,PEN_a(PB06a)_L2,PEN_a(PEN1),L,L,,acetylcholine,acetylcholine,0.8024826610804039,acetylcholine,acetylcholine,acetylcholine,1,True,True
19267,MBON09,MBON09,cb_intrinsic,MBON,,MBON09(y3B'1)_L,MBON09,L,L,,gaba,gaba,0.7303962221297544,gaba,gaba,gaba,-1,True,True
19339,DA2_lPN,DA2_lPN,cb_intrinsic,ALPN,,DA2_lPN_L,DA2_lPN,L,L,,acetylcholine,acetylcholine,0.9371292406987811,acetylcholine,acetylcholine,acetylcholine,1,True,True
19366,MBON14,MBON14,cb_intrinsic,MBON,,MBON14(a3)_L,MBON14,L,L,,acetylcholine,acetylcholine,0.891061540347825,acetylcholine,acetylcholine,acetylcholine,1,True,True
19579,VC4_adPN,VC4_adPN,cb_intrinsic,ALPN,,VC4_adPN_L,VC4_adPN,L,L,,acetylcholine,acetylcholine,0.9519322341108831,acetylcholine,acetylcholine,acetylcholine,1,True,True
19647,VP1m+_lvPN,VP1m+_lvPN,cb_intrinsic,ALPN,,VP1m+_lvPN_R,VP1m+_lvPN,R,R,,glutamate,glutamate,0.76532282289886,,glutamate,glutamate,-1,True,True
19743,VA7m_lPN,VA7m_lPN,cb_intrinsic,ALPN,,VA7m_lPN_L,VA7m_lPN,L,L,,acetylcholine,acetylcholine,0.9485393771794952,acetylcholine,acetylcholine,acetylcholine,1,True,True
19760,PEN_b(PEN2),PEN_b(PEN2),cb_intrinsic,CX,,PEN_b(PB06b)_L8,PEN_b(PEN2),L,L,,acetylcholine,acetylcholine,0.860542863900525,acetylcholine,acetylcholine,acetylcholine,1,True,True
19788,KCg-d,KCg-d,cb_intrinsic,Kenyon_Cell,,KCg-d_L,KCg-d,L,L,,acetylcholine,dopamine,0.7898607693008842,,dopamine,acetylcholine,1,True,True
19825,EPG,EPG,cb_intrinsic,CX,,EPG(PB08)_R6,EPG,R,R,,acetylcholine,acetylcholine,0.9043277642608964,acetylcholine,acetylcholine,acetylcholine,1,True,True
19845,VP3+VP1l_ivPN,VP3+VP1l_ivPN,cb_intrinsic,ALPN,BI,VP3+VP1l_ivPN_L,VP3+VP1l_ivPN,L,L,,acetylcholine,acetylcholine,0.9474464636667411,,acetylcholine,acetylcholine,1,True,True
19953,DM6_adPN,DM6_adPN,cb_intrinsic,ALPN,,DM6_adPN_R,DM6_adPN,R,R,,acetylcholine,acetylcholine,0.9494081691798273,acetylcholine,acetylcholine,acetylcholine,1,True,True
20001,VM5v_adPN,VM5v_adPN,cb_intrinsic,ALPN,,VM5v_adPN_R,VM5v_adPN,R,R,,acetylcholine,acetylcholine,0.9427120155947613,acetylcholine,acetylcholine,acetylcholine,1,True,True
20007,PEG,PEG,cb_intrinsic,CX,,PEG(PB07)_R8,PEG,R,R,,acetylcholine,acetylcholine,0.8235718744480027,acetylcholine,acetylcholine,acetylcholine,1,True,True
20029,CB2004,CB2004,cb_intrinsic,ALPN,,CB2004_R,"M_vPNml56,M_vPNml58",R,R,,gaba,gaba,0.8041516271358704,gaba,gaba,gaba,-1,True,True
20105,DA2_lPN,DA2_lPN,cb_intrinsic,ALPN,,DA2_lPN_L,DA2_lPN,L,L,,acetylcholine,acetylcholine,0.9498907966256576,acetylcholine,acetylcholine,acetylcholine,1,True,True
20278,M_vPNml65,M_vPNml65,cb_intrinsic,ALPN,,M_vPNml65_L,M_vPNml65,L,L,,gaba,gaba,0.772993550278664,gaba,gaba,gaba,-1,True,True
20311,DA2_lPN,DA2_lPN,cb_intrinsic,ALPN,,DA2_lPN_R,DA2_lPN,R,R,,acetylcholine,acetylcholine,0.9424194485847572,acetylcholine,acetylcholine,acetylcholine,1,True,True
20322,KCa'b'-ap2,KCa'b'-ap2,cb_intrinsic,Kenyon_Cell,,KCa'b'-ap2_R,KCa'b'-ap2,R,R,,acetylcholine,dopamine,0.78231793896804,,dopamine,acetylcholine,1,True,True
20324,M_lvPNm26,M_lvPNm26,cb_intrinsic,ALPN,BI,M_lvPNm26_L,M_lvPNm26,L,L,,acetylcholine,acetylcholine,0.9634870282545898,acetylcholine,acetylcholine,acetylcholine,1,True,True
20445,VM5v_adPN,VM5v_adPN,cb_intrinsic,ALPN,,VM5v_adPN_R,VM5v_adPN,R,R,,acetylcholine,acetylcholine,0.9340965211529589,acetylcholine,acetylcholine,acetylcholine,1,True,True
20496,DL3_lPN,DL3_lPN,cb_intrinsic,ALPN,,DL3_lPN_R,DL3_lPN,R,R,,acetylcholine,acetylcholine,0.9417774447239118,acetylcholine,acetylcholine,acetylcholine,1,True,True
20688,M_lv2PN9t49_b,M_lv2PN9t49_b,cb_intrinsic,ALPN,,M_lv2PN9t49_b_L,M_lv2PN9t49,L,L,,gaba,gaba,0.8287648225255013,,gaba,gaba,-1,True,True
20707,M_vPNml55,M_vPNml55,cb_intrinsic,ALPN,,M_vPNml55_R,M_vPNml55,R,R,,gaba,gaba,0.8427489158506966,gaba,gaba,gaba,-1,True,True
20739,DL2v_adPN,DL2v_adPN,cb_intrinsic,ALPN,,DL2v_adPN_R,DL2v_adPN,R,R,,acetylcholine,acetylcholine,0.9507269100960714,acetylcholine,acetylcholine,acetylcholine,1,True,True
20773,KCg-m,KCg-m,cb_intrinsic,Kenyon_Cell,,KCg-m_R,KCg-m,R,R,,acetylcholine,dopamine,0.7192683622053037,,dopamine,acetylcholine,1,True,True
20818,PEN_a(PEN1),PEN_a(PEN1),cb_intrinsic,CX,,PEN_a(PB06a)_L9,PEN_a(PEN1),L,L,,acetylcholine,acetylcholine,0.7818468863168129,acetylcholine,acetylcholine,acetylcholine,1,True,True
20835,MBON23,MBON23,cb_intrinsic,MBON,,MBON23(a2sp)_R,MBON23,R,R,,acetylcholine,acetylcholine,0.9666130314471242,,acetylcholine,acetylcholine,1,True,True
20910,M_lPNm11D,M_lPNm11D,cb_intrinsic,ALPN,,M_lPNm11D_L,M_lPNm11D,L,L,,acetylcholine,acetylcholine,0.9303477799338713,acetylcholine,acetylcholine,acetylcholine,1,True,True
20915,M_lvPNm25,M_lvPNm25,cb_intrinsic,ALPN,,M_lvPNm25_L,M_lvPNm25,L,L,,acetylcholine,acetylcholine,0.9589197861067604,acetylcholine,acetylcholine,acetylcholine,1,True,True
20926,VP1m+VP2_lvPN1,VP1m+VP2_lvPN1,cb_intrinsic,ALPN,,VP1m+VP2_lvPN1_L,VP1m+VP2_lvPN1,L,L,,acetylcholine,acetylcholine,0.8484279400908357,acetylcholine,acetylcholine,acetylcholine,1,True,True
20960,VL1_vPN,VL1_vPN,cb_intrinsic,ALPN,,VL1_vPN_R,VL1_vPN,R,R,,gaba,gaba,0.7734181678408197,gaba,gaba,gaba,-1,True,True
20995,DA2_lPN,DA2_lPN,cb_intrinsic,ALPN,,DA2_lPN_L,DA2_lPN,L,L,,acetylcholine,acetylcholine,0.9436578472155704,acetylcholine,acetylcholine,acetylcholine,1,True,True
21100,M_lPNm11A,M_lPNm11A,cb_intrinsic,ALPN,BI,M_lPNm11A_L,M_lPNm11A,L,L,,acetylcholine,acetylcholine,0.8736910326918164,acetylcholine,acetylcholine,acetylcholine,1,True,True
21132,VC4_adPN,VC4_adPN,cb_intrinsic,ALPN,,VC4_adPN_L,VC4_adPN,L,L,,acetylcholine,acetylcholine,0.957487384688216,acetylcholine,acetylcholine,acetylcholine,1,True,True
21145,PPL104,PPL104,cb_intrinsic,DAN,,PPL104(a'3)_R,PPL104,R,R,,dopamine,dopamine,0.7261500930896555,dopamine,dopamine,dopamine,0,True,True
21242,MBON09,MBON09,cb_intrinsic,MBON,,MBON09(y3B'1)_R,MBON09,R,R,,gaba,gaba,0.7855840489919853,gaba,gaba,gaba,-1,True,True
21557,DL3_lPN,DL3_lPN,cb_intrinsic,ALPN,,DL3_lPN_R,DL3_lPN,R,R,,acetylcholine,acetylcholine,0.9618697972046072,acetylcholine,acetylcholine,acetylcholine,1,True,True
21584,DL3_lPN,DL3_lPN,cb_intrinsic,ALPN,,DL3_lPN_R,DL3_lPN,R,R,,acetylcholine,acetylcholine,0.9343785093779,acetylcholine,acetylcholine,acetylcholine,1,True,True
21725,VP1l+_lvPN,VP1l+_lvPN,cb_intrinsic,ALPN,,VP1l+_lvPN_R,VP1l+_lvPN,R,R,,acetylcholine,acetylcholine,0.7774115290719404,acetylcholine,unclear,acetylcholine,1,True,True
21756,,,cb_intrinsic,ALPN,,,,L,L,,acetylcholine,acetylcholine,0.9303570545628738,,unclear,acetylcholine,1,True,True
21778,KCg-s1,KCg-s1,cb_intrinsic,Kenyon_Cell,,KCg-s1_L,KCg-s1,L,L,,acetylcholine,dopamine,0.7049217395673694,,dopamine,acetylcholine,1,True,True
21876,DA2_lPN,DA2_lPN,cb_intrinsic,ALPN,,DA2_lPN_R,DA2_lPN,R,R,,acetylcholine,acetylcholine,0.9462487814101642,acetylcholine,acetylcholine,acetylcholine,1,True,True
21879,KCg-m,KCg-m,cb_intrinsic,Kenyon_Cell,,KCg-m_R,KCg-m,R,R,,acetylcholine,dopamine,0.7379108816898066,,dopamine,acetylcholine,1,True,True
21932,PEN_b(PEN2),PEN_b(PEN2),cb_intrinsic,CX,,PEN_b(PB06b)_L2,PEN_b(PEN2),L,L,,acetylcholine,acetylcholine,0.8050244315715407,acetylcholine,acetylcholine,acetylcholine,1,True,True
22026,M_vPNml52,M_vPNml52,cb_intrinsic,ALPN,,M_vPNml52_L,M_vPNml52,L,L,,gaba,gaba,0.759903621093586,,gaba,gaba,-1,True,True
22031,KCg-m,KCg-m,cb_intrinsic,Kenyon_Cell,,KCg-m_R,KCg-m,R,R,,acetylcholine,dopamine,0.79816831800512,,dopamine,acetylcholine,1,True,True
22224,VL2a_vPN,VL2a_vPN,cb_intrinsic,ALPN,,VL2a_vPN_L,VL2a_vPN,L,L,,gaba,gaba,0.8436462059547394,gaba,gaba,gaba,-1,True,True
22240,PEN_b(PEN2),PEN_b(PEN2),cb_intrinsic,CX,,PEN_b(PB06b)_R5,PEN_b(PEN2),R,R,,acetylcholine,acetylcholine,0.8827762601870591,acetylcholine,acetylcholine,acetylcholine,1,True,True
22473,VM4_lvPN,VM4_lvPN,cb_intrinsic,ALPN,,VM4_lvPN_R,VM4_lvPN,R,R,,acetylcholine,acetylcholine,0.9526861849464813,acetylcholine,acetylcholine,acetylcholine,1,True,True
22494,VM5d_adPN,VM5d_adPN,cb_intrinsic,ALPN,,VM5d_adPN_L,VM5d_adPN,L,L,,acetylcholine,acetylcholine,0.9525340093550799,acetylcholine,acetylcholine,acetylcholine,1,True,True
22533,KCg-m,KCg-m,cb_intrinsic,Kenyon_Cell,,KCg-m_R,KCg-m,R,R,,acetylcholine,dopamine,0.7536672535721531,,dopamine,acetylcholine,1,True,True
22569,VM5d_adPN,VM5d_adPN,cb_intrinsic,ALPN,,VM5d_adPN_L,VM5d_adPN,L,L,,acetylcholine,acetylcholine,0.9425940145699561,acetylcholine,acetylcholine,acetylcholine,1,True,True
22665,M_vPNml63,M_vPNml63,cb_intrinsic,ALPN,,M_vPNml63_R,M_vPNml63,R,R,,gaba,gaba,0.7435785318290927,gaba,gaba,gaba,-1,True,True
22717,M_lPNm11D,M_lPNm11D,cb_intrinsic,ALPN,,M_lPNm11D_L,M_lPNm11D,L,L,,acetylcholine,acetylcholine,0.9033607376019472,acetylcholine,acetylcholine,acetylcholine,1,True,True
22787,DL2d_adPN,DL2d_adPN,cb_intrinsic,ALPN,,DL2d_adPN_R,DL2d_adPN,R,R,,acetylcholine,acetylcholine,0.924951473823125,acetylcholine,acetylcholine,acetylcholine,1,True,True
22977,VL2a_vPN,VL2a_vPN,cb_intrinsic,ALPN,,VL2a_vPN_R,VL2a_vPN,R,R,,gaba,gaba,0.8076094059020702,gaba,gaba,gaba,-1,True,True
22995,KCa'b'-ap2,KCa'b'-ap2,cb_intrinsic,Kenyon_Cell,,KCa'b'-ap2_R,KCa'b'-ap2,R,R,,acetylcholine,dopamine,0.7211426266137041,,dopamine,acetylcholine,1,True,True
23010,M_lvPNm39,M_lvPNm39,cb_intrinsic,ALPN,,M_lvPNm39_R,M_lvPNm39,R,R,,acetylcholine,acetylcholine,0.9571512389055652,acetylcholine,acetylcholine,acetylcholine,1,True,True
23037,KCab-s,KCab-s,cb_intrinsic,Kenyon_Cell,,KCab-s_R,"KCab-m,KCab-c,KCab-s",R,R,,acetylcholine,dopamine,0.7799469070388558,,dopamine,acetylcholine,1,True,True
23045,DL3_lPN,DL3_lPN,cb_intrinsic,ALPN,,DL3_lPN_L,DL3_lPN,L,L,,acetylcholine,acetylcholine,0.9419589848908554,acetylcholine,acetylcholine,acetylcholine,1,True,True
23132,VM4_lvPN,VM4_lvPN,cb_intrinsic,ALPN,,VM4_lvPN_L,VM4_lvPN,L,L,,acetylcholine,acetylcholine,0.9630754209503417,acetylcholine,acetylcholine,acetylcholine,1,True,True
23162,VP2+Z_lvPN,VP2+Z_lvPN,cb_intrinsic,ALPN,BI,VP2+Z_lvPN_R,VP2+Z_lvPN,R,R,,acetylcholine,acetylcholine,0.8860480606449049,acetylcholine,acetylcholine,acetylcholine,1,True,True
23166,KCg-m,KCg-m,cb_intrinsic,Kenyon_Cell,,KCg-m_R,KCg-m,R,R,,acetylcholine,dopamine,0.7353612320593452,,dopamine,acetylcholine,1,True,True
23200,DL2d_adPN,DL2d_adPN,cb_intrinsic,ALPN,,DL2d_adPN_R,DL2d_adPN,R,R,,acetylcholine,acetylcholine,0.9356018751953726,acetylcholine,acetylcholine,acetylcholine,1,True,True
23273,PEN_b(PEN2),PEN_b(PEN2),cb_intrinsic,CX,,PEN_b(PB06b)_L3,PEN_b(PEN2),L,L,,acetylcholine,acetylcholine,0.8408842439237058,acetylcholine,acetylcholine,acetylcholine,1,True,True
23339,VM5d_adPN,VM5d_adPN,cb_intrinsic,ALPN,,VM5d_adPN_L,VM5d_adPN,L,L,,acetylcholine,acetylcholine,0.958665502808578,acetylcholine,acetylcholine,acetylcholine,1,True,True
23494,DA3_adPN,DA3_adPN,cb_intrinsic,ALPN,,DA3_adPN_L,DA3_adPN,L,L,,acetylcholine,acetylcholine,0.9258545414308692,acetylcholine,acetylcholine,acetylcholine,1,True,True
23517,VM4_lvPN,VM4_lvPN,cb_intrinsic,ALPN,,VM4_lvPN_L,VM4_lvPN,L,L,,acetylcholine,acetylcholine,0.9624236426274615,acetylcholine,acetylcholine,acetylcholine,1,True,True
23619,PEN_b(PEN2),PEN_b(PEN2),cb_intrinsic,CX,,PEN_b(PB06b)_R9,PEN_b(PEN2),R,R,,acetylcholine,acetylcholine,0.8855376828000994,acetylcholine,acetylcholine,acetylcholine,1,True,True
23700,CB0650,CB0650,cb_intrinsic,ALPN,,CB0650_R,,R,R,,glutamate,glutamate,0.6980964336159974,,glutamate,glutamate,-1,True,True
23718,DM5_lPN,DM5_lPN,cb_intrinsic,ALPN,,DM5_lPN_L,DM5_lPN,L,L,,acetylcholine,acetylcholine,0.9554747821895065,acetylcholine,acetylcholine,acetylcholine,1,True,True
23732,M_lvPNm27,M_lvPNm27,cb_intrinsic,ALPN,BI,M_lvPNm27_L,M_lvPNm27,L,L,,acetylcholine,acetylcholine,0.9716311015501182,acetylcholine,acetylcholine,acetylcholine,1,True,True
23958,DA2_lPN,DA2_lPN,cb_intrinsic,ALPN,,DA2_lPN_R,DA2_lPN,R,R,,acetylcholine,acetylcholine,0.9403714440513713,acetylcholine,acetylcholine,acetylcholine,1,True,True
24146,KCg-s2,KCg-s2,cb_intrinsic,Kenyon_Cell,,KCg-s2_L,KCg-s2,L,L,,acetylcholine,dopamine,0.501554856743536,,dopamine,acetylcholine,1,True,True
24204,KCg-m,KCg-m,cb_intrinsic,Kenyon_Cell,,KCg-m_R,KCg-m,R,R,,acetylcholine,dopamine,0.7667246930218629,,dopamine,acetylcholine,1,True,True
24352,DM5_lPN,DM5_lPN,cb_intrinsic,ALPN,,DM5_lPN_L,DM5_lPN,L,L,,acetylcholine,acetylcholine,0.9612089355264348,acetylcholine,acetylcholine,acetylcholine,1,True,True
24382,PEN_b(PEN2),PEN_b(PEN2),cb_intrinsic,CX,,PEN_b(PB06b)_R3,PEN_b(PEN2),R,R,,acetylcholine,acetylcholine,0.8826537580339403,acetylcholine,acetylcholine,acetylcholine,1,True,True
24407,VP2+Z_lvPN,VP2+Z_lvPN,cb_intrinsic,ALPN,BI,VP2+Z_lvPN_R,MZ_lvPN,R,R,,acetylcholine,acetylcholine,0.8131806765709724,acetylcholine,acetylcholine,acetylcholine,1,True,True
24502,M_lPNm11D,M_lPNm11D,cb_intrinsic,ALPN,,M_lPNm11D_L,M_lPNm11D,L,L,,acetylcholine,acetylcholine,0.9482655389200124,acetylcholine,acetylcholine,acetylcholine,1,True,True
24660,DL3_lPN,DL3_lPN,cb_intrinsic,ALPN,,DL3_lPN_R,DL3_lPN,R,R,,acetylcholine,acetylcholine,0.944988949617196,acetylcholine,acetylcholine,acetylcholine,1,True,True
24695,KCab-m,KCab-m,cb_intrinsic,Kenyon_Cell,,KCab-m_R,"KCab-m,KCab-c,KCab-s",R,R,,acetylcholine,dopamine,0.6712506502104317,,dopamine,acetylcholine,1,True,True
24841,DL2v_adPN,DL2v_adPN,cb_intrinsic,ALPN,,DL2v_adPN_L,DL2v_adPN,L,L,,acetylcholine,acetylcholine,0.9493243389397141,acetylcholine,acetylcholine,acetylcholine,1,True,True
24941,M_lPNm13,M_lPNm13,cb_intrinsic,ALPN,BI,M_lPNm13_L,M_lPNm13,L,L,,acetylcholine,acetylcholine,0.9151744632782809,acetylcholine,acetylcholine,acetylcholine,1,True,True
24959,KCg-m,KCg-m,cb_intrinsic,Kenyon_Cell,,KCg-m_R,KCg-m,R,R,,acetylcholine,dopamine,0.8012196951903755,,dopamine,acetylcholine,1,True,True
25017,KCg-m,KCg-m,cb_intrinsic,Kenyon_Cell,,KCg-m_R,KCg-m,R,R,,acetylcholine,dopamine,0.7497233524099078,,dopamine,acetylcholine,1,True,True
25030,KCg-s2,KCg-s2,cb_intrinsic,Kenyon_Cell,,KCg-s2_R,KCg-s2,R,R,,acetylcholine,dopamine,0.592894469108398,,dopamine,acetylcholine,1,True,True
25039,M_vPNml65,M_vPNml65,cb_intrinsic,ALPN,,M_vPNml65_R,M_vPNml65,R,R,,gaba,gaba,0.7276855695917455,gaba,gaba,gaba,-1,True,True
25087,M_vPNml60,M_vPNml60,cb_intrinsic,ALPN,,M_vPNml60_L,M_vPNml60,L,L,,gaba,gaba,0.8399327051488762,gaba,gaba,gaba,-1,True,True
25166,VC4_adPN,VC4_adPN,cb_intrinsic,ALPN,,VC4_adPN_R,VC4_adPN,R,R,,acetylcholine,acetylcholine,0.9662785691382871,acetylcholine,acetylcholine,acetylcholine,1,True,True
25184,PEN_b(PEN2),PEN_b(PEN2),cb_intrinsic,CX,,PEN_b(PB06b)_L4,PEN_b(PEN2),L,L,,acetylcholine,acetylcholine,0.8605717916280256,acetylcholine,acetylcholine,acetylcholine,1,True,True
25332,M_lPNm11B,M_lPNm11B,cb_intrinsic,ALPN,,M_lPNm11B_L,M_lPNm11B,L,L,,acetylcholine,acetylcholine,0.9158598161546624,acetylcholine,acetylcholine,acetylcholine,1,True,True
25433,CB2004,CB2004,cb_intrinsic,ALPN,,CB2004_R,"M_vPNml56,M_vPNml58",R,R,,gaba,gaba,0.8210552288325913,gaba,gaba,gaba,-1,True,True
25631,KCa'b'-ap1,KCa'b'-ap1,cb_intrinsic,Kenyon_Cell,,KCa'b'-ap1_R,KCa'b'-ap1,R,R,,acetylcholine,dopamine,0.656836867395521,,dopamine,acetylcholine,1,True,True
25792,PEN_a(PEN1),PEN_a(PEN1),cb_intrinsic,CX,,PEN_a(PB06a)_R4,PEN_a(PEN1),R,R,,acetylcholine,acetylcholine,0.7717568489834314,acetylcholine,acetylcholine,acetylcholine,1,True,True
25853,M_lvPNm47,M_lvPNm47,cb_intrinsic,ALPN,,M_lvPNm47_R,M_lvPNm47,R,R,,acetylcholine,acetylcholine,0.875375790901619,acetylcholine,acetylcholine,acetylcholine,1,True,True
25879,KCab-m,KCab-m,cb_intrinsic,Kenyon_Cell,,KCab-m_R,"KCab-m,KCab-c,KCab-s",R,R,,acetylcholine,dopamine,0.7321598580578155,,dopamine,acetylcholine,1,True,True
25927,VL2a_vPN,VL2a_vPN,cb_intrinsic,ALPN,,VL2a_vPN_L,VL2a_vPN,L,L,,gaba,gaba,0.8505292073516799,gaba,gaba,gaba,-1,True,True
25931,VP1m+VP2_lvPN2,VP1m+VP2_lvPN2,cb_intrinsic,ALPN,,VP1m+VP2_lvPN2_R,VP1m+VP2_lvPN2,R,R,,acetylcholine,acetylcholine,0.8938297900458827,acetylcholine,acetylcholine,acetylcholine,1,True,True
26047,M_VPNml66,M_VPNml66,cb_intrinsic,ALPN,,M_VPNml66_L,M_VPNml66,L,L,,gaba,gaba,0.8314227108810195,,gaba,gaba,-1,True,True
26071,M_lPNm11D,M_lPNm11D,cb_intrinsic,ALPN,,M_lPNm11D_R,M_lPNm11D,R,R,,acetylcholine,acetylcholine,0.895407081308092,acetylcholine,acetylcholine,acetylcholine,1,True,True
26102,DL2v_adPN,DL2v_adPN,cb_intrinsic,ALPN,,DL2v_adPN_R,DL2v_adPN,R,R,,acetylcholine,acetylcholine,0.9446577216255817,acetylcholine,acetylcholine,acetylcholine,1,True,True
26129,VP1m+VP2_lvPN2,VP1m+VP2_lvPN2,cb_intrinsic,ALPN,,VP1m+VP2_lvPN2_L,VP1m+VP2_lvPN2,L,L,,acetylcholine,acetylcholine,0.7891108850944202,acetylcholine,acetylcholine,acetylcholine,1,True,True
26223,M_lPNm11D,M_lPNm11D,cb_intrinsic,ALPN,,M_lPNm11D_R,M_lPNm11D,R,R,,acetylcholine,acetylcholine,0.8647471964145323,acetylcholine,acetylcholine,acetylcholine,1,True,True
26387,VC4_adPN,VC4_adPN,cb_intrinsic,ALPN,,VC4_adPN_R,VC4_adPN,R,R,,acetylcholine,acetylcholine,0.9542611626671847,acetylcholine,acetylcholine,acetylcholine,1,True,True
26417,PEN_b(PEN2),PEN_b(PEN2),cb_intrinsic,CX,,PEN_b(PB06b)_L9,PEN_b(PEN2),L,L,,acetylcholine,acetylcholine,0.789970017157432,acetylcholine,acetylcholine,acetylcholine,1,True,True
26423,DA2_lPN,DA2_lPN,cb_intrinsic,ALPN,,DA2_lPN_L,DA2_lPN,L,L,,acetylcholine,acetylcholine,0.9543152858625468,acetylcholine,acetylcholine,acetylcholine,1,True,True
26443,PEG,PEG,cb_intrinsic,CX,,PEG(PB07)_R5,PEG,R,R,,acetylcholine,acetylcholine,0.8319980790316426,acetylcholine,acetylcholine,acetylcholine,1,True,True
26485,MBON28,MBON28,cb_intrinsic,MBON,,MBON28(a'3a)_R,MBON28,R,R,,acetylcholine,acetylcholine,0.9651909868321668,,acetylcholine,acetylcholine,1,True,True
26551,M_vPNml51,M_vPNml51,cb_intrinsic,ALPN,,M_vPNml51_R,M_vPNml51,R,R,,gaba,gaba,0.7540661738139615,gaba,gaba,gaba,-1,True,True
26625,M_lvPNm42,M_lvPNm42,cb_intrinsic,ALPN,,M_lvPNm42_L,M_lvPNm42,L,L,,acetylcholine,acetylcholine,0.9698843879814337,acetylcholine,acetylcholine,acetylcholine,1,True,True
26628,DL3_lPN,DL3_lPN,cb_intrinsic,ALPN,,DL3_lPN_R,DL3_lPN,R,R,,acetylcholine,acetylcholine,0.9317936887531378,acetylcholine,acetylcholine,acetylcholine,1,True,True
26657,M_lvPNm45,M_lvPNm45,cb_intrinsic,ALPN,,M_lvPNm45_R,M_lvPNm45,R,R,,acetylcholine,acetylcholine,0.9573881940334273,acetylcholine,acetylcholine,acetylcholine,1,True,True
26762,DL3_lPN,DL3_lPN,cb_intrinsic,ALPN,,DL3_lPN_R,DL3_lPN,R,R,,acetylcholine,acetylcholine,0.9309301531373884,acetylcholine,acetylcholine,acetylcholine,1,True,True
26766,M_vPNml65,M_vPNml65,cb_intrinsic,ALPN,,M_vPNml65_R,M_vPNml65,R,R,,gaba,gaba,0.5282414952418397,gaba,gaba,gaba,-1,True,True
26792,KCg-m,KCg-m,cb_intrinsic,Kenyon_Cell,,KCg-m_R,KCg-m,R,R,,acetylcholine,dopamine,0.7098220845823783,,dopamine,acetylcholine,1,True,True
26845,DL2v_adPN,DL2v_adPN,cb_intrinsic,ALPN,,DL2v_adPN_L,DL2v_adPN,L,L,,acetylcholine,acetylcholine,0.9483358921296522,acetylcholine,acetylcholine,acetylcholine,1,True,True
26853,MBON19,MBON19,cb_intrinsic,MBON,,MBON19(a2p3p)_R,MBON19,R,R,,acetylcholine,acetylcholine,0.9385235089087673,acetylcholine,acetylcholine,acetylcholine,1,True,True
26860,M_lvPNm29,M_lvPNm29,cb_intrinsic,ALPN,,M_lvPNm29_L,M_lvPNm29,L,L,,acetylcholine,acetylcholine,0.9525183957448076,acetylcholine,acetylcholine,acetylcholine,1,True,True
26977,M_adPNm7,M_adPNm7,cb_intrinsic,ALPN,,M_adPNm7_L,M_adPNm7,L,L,,acetylcholine,acetylcholine,0.9646949605816474,acetylcholine,acetylcholine,acetylcholine,1,True,True
27024,VM5d_adPN,VM5d_adPN,cb_intrinsic,ALPN,,VM5d_adPN_R,VM5d_adPN,R,R,,acetylcholine,acetylcholine,0.9540871458632932,acetylcholine,acetylcholine,acetylcholine,1,True,True
27074,CB2004,CB2004,cb_intrinsic,ALPN,,CB2004_L,"M_vPNml56,M_vPNml58",L,L,,gaba,gaba,0.8381087787272399,gaba,gaba,gaba,-1,True,True
27183,M_lvPNm44,M_lvPNm44,cb_intrinsic,ALPN,,M_lvPNm44_L,M_lvPNm44,L,L,,acetylcholine,acetylcholine,0.9434710082618243,acetylcholine,acetylcholine,acetylcholine,1,True,True
27296,PEN_a(PEN1),PEN_a(PEN1),cb_intrinsic,CX,,PEN_a(PB06a)_R6,PEN_a(PEN1),R,R,,acetylcholine,acetylcholine,0.7289065645565153,acetylcholine,acetylcholine,acetylcholine,1,True,True
27333,DL3_lPN,DL3_lPN,cb_intrinsic,ALPN,,DL3_lPN_L,DL3_lPN,L,L,,acetylcholine,acetylcholine,0.9641929296068775,acetylcholine,acetylcholine,acetylcholine,1,True,True
27379,M_lPNm11D,M_lPNm11D,cb_intrinsic,ALPN,,M_lPNm11D_R,M_lPNm11D,R,R,,acetylcholine,acetylcholine,0.8842962553633787,acetylcholine,acetylcholine,acetylcholine,1,True,True
27583,KCg-m,KCg-m,cb_intrinsic,Kenyon_Cell,,KCg-m_R,KCg-m,R,R,,acetylcholine,dopamine,0.7343538044148478,,dopamine,acetylcholine,1,True,True
27775,VM5d_adPN,VM5d_adPN,cb_intrinsic,ALPN,,VM5d_adPN_R,VM5d_adPN,R,R,,acetylcholine,acetylcholine,0.9539903067455487,acetylcholine,acetylcholine,acetylcholine,1,True,True
28037,M_vPNml72,M_vPNml72,cb_intrinsic,ALPN,,M_vPNml72_L,M_vPNml72,L,L,,gaba,gaba,0.7756421513831353,gaba,gaba,gaba,-1,True,True
28196,KCa'b'-ap1,KCa'b'-ap1,cb_intrinsic,Kenyon_Cell,,KCa'b'-ap1_L,KCa'b'-ap1,L,L,,acetylcholine,dopamine,0.6760967902417453,,dopamine,acetylcholine,1,True,True
28434,PAM10,PAM10,cb_intrinsic,DAN,,PAM10(B1)_R,PAM10,R,R,,dopamine,dopamine,0.9142351255078754,dopamine,dopamine,dopamine,0,True,True
28516,KCa'b'-ap1,KCa'b'-ap1,cb_intrinsic,Kenyon_Cell,,KCa'b'-ap1_L,KCa'b'-ap1,L,L,,acetylcholine,dopamine,0.6895628867417326,,dopamine,acetylcholine,1,True,True
28607,M_lvPNm41,M_lvPNm41,cb_intrinsic,ALPN,,M_lvPNm41_L,M_lvPNm41,L,L,,acetylcholine,acetylcholine,0.9576317416997256,acetylcholine,acetylcholine,acetylcholine,1,True,True
28622,MBON28,MBON28,cb_intrinsic,MBON,,MBON28(a'3a)_L,MBON28,L,L,,acetylcholine,acetylcholine,0.94090333004263,,acetylcholine,acetylcholine,1,True,True
28631,KCg-m,KCg-m,cb_intrinsic,Kenyon_Cell,,KCg-m_R,KCg-m,R,R,,acetylcholine,dopamine,0.6964161932778792,,dopamine,acetylcholine,1,True,True
28640,M_lPNm12,M_lPNm12,cb_intrinsic,ALPN,,M_lPNm12_R,M_lPNm12,R,R,,acetylcholine,acetylcholine,0.8718167336188085,acetylcholine,acetylcholine,acetylcholine,1,True,True
28680,VM5d_adPN,VM5d_adPN,cb_intrinsic,ALPN,,VM5d_adPN_L,VM5d_adPN,L,L,,acetylcholine,acetylcholine,0.9508295633238465,acetylcholine,acetylcholine,acetylcholine,1,True,True
28791,PEN_b(PEN2),PEN_b(PEN2),cb_intrinsic,CX,,PEN_b(PB06b)_R4,PEN_b(PEN2),R,R,,acetylcholine,acetylcholine,0.8552621711529094,acetylcholine,acetylcholine,acetylcholine,1,True,True
28803,VM4_lvPN,VM4_lvPN,cb_intrinsic,ALPN,,VM4_lvPN_R,VM4_lvPN,R,R,,acetylcholine,acetylcholine,0.9278417904791237,acetylcholine,acetylcholine,acetylcholine,1,True,True
28848,KCg-d,KCg-d,cb_intrinsic,Kenyon_Cell,,KCg-d_L,KCg-d,L,L,,acetylcholine,dopamine,0.7196182145692129,,dopamine,acetylcholine,1,True,True
29090,DP1l_vPN,DP1l_vPN,cb_intrinsic,ALPN,,DP1l_vPN_L,DP1l_vPN,L,L,,gaba,gaba,0.8405399735080499,gaba,gaba,gaba,-1,True,True
29135,PEN_b(PEN2),PEN_b(PEN2),cb_intrinsic,CX,,PEN_b(PB06b)_R6,PEN_b(PEN2),R,R,,acetylcholine,acetylcholine,0.8072587193889955,acetylcholine,acetylcholine,acetylcholine,1,True,True
29176,DL2v_adPN,DL2v_adPN,cb_intrinsic,ALPN,,DL2v_adPN_R,DL2v_adPN,R,R,,acetylcholine,acetylcholine,0.9235347577245833,acetylcholine,acetylcholine,acetylcholine,1,True,True
29217,DL2d_adPN,DL2d_adPN,cb_intrinsic,ALPN,,DL2d_adPN_L,DL2d_adPN,L,L,,acetylcholine,acetylcholine,0.9508101769528722,acetylcholine,acetylcholine,acetylcholine,1,True,True
29238,M_lvPNm45,M_lvPNm45,cb_intrinsic,ALPN,,M_lvPNm45_L,M_lvPNm45,L,L,,acetylcholine,acetylcholine,0.9612758110125696,acetylcholine,acetylcholine,acetylcholine,1,True,True
29244,M_lvPNm33,M_lvPNm33,cb_intrinsic,ALPN,,M_lvPNm33_L,M_lvPNm33,L,L,,acetylcholine,acetylcholine,0.9638376575485407,acetylcholine,acetylcholine,acetylcholine,1,True,True
29350,CB0650,CB0650,cb_intrinsic,ALPN,BI,CB0650_L,,L,L,,glutamate,glutamate,0.7231825789341418,,glutamate,glutamate,-1,True,True
29471,KCab-m,KCab-m,cb_intrinsic,Kenyon_Cell,,KCab-m_R,"KCab-m,KCab-c,KCab-s",R,R,,acetylcholine,dopamine,0.6919918524871356,,dopamine,acetylcholine,1,True,True
29560,M_lvPNm26,M_lvPNm26,cb_intrinsic,ALPN,,M_lvPNm26_R,M_lvPNm26,R,R,,acetylcholine,acetylcholine,0.9552699133179107,acetylcholine,acetylcholine,acetylcholine,1,True,True
29565,PAM10,PAM10,cb_intrinsic,DAN,,PAM10(B1)_R,PAM10,R,R,,dopamine,dopamine,0.9105430694290294,dopamine,dopamine,dopamine,0,True,True
29728,KCg-m,KCg-m,cb_intrinsic,Kenyon_Cell,,KCg-m_R,KCg-m,R,R,,acetylcholine,dopamine,0.7847609815930718,,dopamine,acetylcholine,1,True,True
29750,VM4_lvPN,VM4_lvPN,cb_intrinsic,ALPN,,VM4_lvPN_R,VC3m_lvPN,R,R,,acetylcholine,acetylcholine,0.9505039900809528,acetylcholine,acetylcholine,acetylcholine,1,True,True
29824,M_adPNm4,M_adPNm4,cb_intrinsic,ALPN,,M_adPNm4_L,M_adPNm4,L,L,,acetylcholine,acetylcholine,0.9695418953360997,acetylcholine,acetylcholine,acetylcholine,1,True,True
29826,VL2p_vPN,VL2p_vPN,cb_intrinsic,ALPN,,VL2p_vPN_R,VL2p_vPN,R,R,,gaba,gaba,0.8037952539282276,gaba,gaba,gaba,-1,True,True
30021,M_lPNm11C,M_lPNm11C,cb_intrinsic,ALPN,,M_lPNm11C_L,M_lPNm11C,L,L,,acetylcholine,acetylcholine,0.9236679838551776,acetylcholine,acetylcholine,acetylcholine,1,True,True
30310,PEN_b(PEN2),PEN_b(PEN2),cb_intrinsic,CX,,PEN_b(PB06b)_R4,PEN_b(PEN2),R,R,,acetylcholine,acetylcholine,0.8240691796236729,acetylcholine,acetylcholine,acetylcholine,1,True,True
30397,KCg-d,KCg-d,cb_intrinsic,Kenyon_Cell,,KCg-d_R,KCg-d,R,R,,acetylcholine,dopamine,0.7655237365514159,,dopamine,acetylcholine,1,True,True
30539,M_l2PNm17,M_l2PNm17,cb_intrinsic,ALPN,,M_l2PNm17_R,M_l2PNm17,R,R,,acetylcholine,acetylcholine,0.8018901954028752,,acetylcholine,acetylcholine,1,True,True
30611,M_lvPNm47,M_lvPNm47,cb_intrinsic,ALPN,,M_lvPNm47_L,M_lvPNm47,L,L,,acetylcholine,acetylcholine,0.8935375403812951,acetylcholine,acetylcholine,acetylcholine,1,True,True
30776,M_lvPNm35,M_lvPNm35,cb_intrinsic,ALPN,,M_lvPNm35_L,M_lvPNm35,L,L,,acetylcholine,unclear,0.43339212562585344,acetylcholine,acetylcholine,acetylcholine,1,True,True
30807,PEN_b(PEN2),PEN_b(PEN2),cb_intrinsic,CX,,PEN_b(PB06b)_L4,PEN_b(PEN2),L,L,,acetylcholine,acetylcholine,0.8028836618243689,acetylcholine,acetylcholine,acetylcholine,1,True,True
30885,M_vPNml52,M_vPNml52,cb_intrinsic,ALPN,,M_vPNml52_R,M_vPNml52,R,R,,gaba,gaba,0.6696419046518391,,gaba,gaba,-1,True,True
30914,VP1m+VP2_lvPN2,VP1m+VP2_lvPN2,cb_intrinsic,ALPN,,VP1m+VP2_lvPN2_R,VP1m+VP2_lvPN2,R,R,,acetylcholine,acetylcholine,0.7378829245219222,acetylcholine,acetylcholine,acetylcholine,1,True,True
30967,CB2004,CB2004,cb_intrinsic,ALPN,,CB2004_L,"M_vPNml56,M_vPNml58",L,L,,gaba,gaba,0.8523807108342106,gaba,gaba,gaba,-1,True,True
31016,MBON17,MBON17,cb_intrinsic,MBON,,MBON17(a'3m)_L,MBON17,L,L,,acetylcholine,acetylcholine,0.9021216254115406,acetylcholine,acetylcholine,acetylcholine,1,True,True
31083,MBON15-like,MBON15-like,cb_intrinsic,MBON,,MBON15-like(a'1a'2)_L,MBON15-like,L,L,,acetylcholine,acetylcholine,0.9330479696825266,acetylcholine,acetylcholine,acetylcholine,1,True,True
31117,M_lPNm11D,M_lPNm11D,cb_intrinsic,ALPN,,M_lPNm11D_R,M_lPNm11D,R,R,,acetylcholine,acetylcholine,0.8971743903297322,acetylcholine,acetylcholine,acetylcholine,1,True,True
31166,M_lPNm13,M_lPNm13,cb_intrinsic,ALPN,BI,M_lPNm13_L,M_lPNm13,L,L,,acetylcholine,acetylcholine,0.806117836474818,acetylcholine,acetylcholine,acetylcholine,1,True,True
31167,M_lvPNm46,M_lvPNm46,cb_intrinsic,ALPN,,M_lvPNm46_L,M_lvPNm46,L,L,,acetylcholine,acetylcholine,0.8655607730931538,acetylcholine,acetylcholine,acetylcholine,1,True,True
31172,M_lvPNm48,M_lvPNm48,cb_intrinsic,ALPN,,M_lvPNm48_R,M_lvPNm48,R,R,,acetylcholine,acetylcholine,0.8370706398921964,acetylcholine,acetylcholine,acetylcholine,1,True,True
31348,M_lPNm11D,M_lPNm11D,cb_intrinsic,ALPN,,M_lPNm11D_L,M_lPNm11D,L,L,,acetylcholine,acetylcholine,0.9086075245348407,acetylcholine,acetylcholine,acetylcholine,1,True,True
31397,VL2p_vPN,VL2p_vPN,cb_intrinsic,ALPN,,VL2p_vPN_L,VL2p_vPN,L,L,,gaba,gaba,0.7877369419098685,gaba,gaba,gaba,-1,True,True
31720,KCg-m,KCg-m,cb_intrinsic,Kenyon_Cell,,KCg-m_R,KCg-m,R,R,,acetylcholine,dopamine,0.7442763877495214,,dopamine,acetylcholine,1,True,True
32035,KCg-m,KCg-m,cb_intrinsic,Kenyon_Cell,,KCg-m_R,KCg-m,R,R,,acetylcholine,dopamine,0.7275404654726558,,dopamine,acetylcholine,1,True,True
32258,PEN_b(PEN2),PEN_b(PEN2),cb_intrinsic,CX,,PEN_b(PB06b)_L9,PEN_b(PEN2),L,L,,acetylcholine,acetylcholine,0.8506632635651087,acetylcholine,acetylcholine,acetylcholine,1,True,True
32386,KCa'b'-ap1,KCa'b'-ap1,cb_intrinsic,Kenyon_Cell,,KCa'b'-ap1_L,KCa'b'-ap1,L,L,,acetylcholine,dopamine,0.6817719992538108,,dopamine,acetylcholine,1,True,True
32683,KCg-d,KCg-d,cb_intrinsic,Kenyon_Cell,,KCg-d_L,KCg-d,L,L,,acetylcholine,dopamine,0.743058616939987,,dopamine,acetylcholine,1,True,True
32774,M_lvPNm33,M_lvPNm33,cb_intrinsic,ALPN,,M_lvPNm33_R,M_lvPNm33,R,R,,acetylcholine,acetylcholine,0.96290102801059,acetylcholine,acetylcholine,acetylcholine,1,True,True
32795,M_vPNml73,M_vPNml73,cb_intrinsic,ALPN,,M_vPNml73_L,M_vPNml73,L,L,,gaba,gaba,0.8516702046973381,,gaba,gaba,-1,True,True
32815,VL2a_vPN,VL2a_vPN,cb_intrinsic,ALPN,,VL2a_vPN_L,VL2a_vPN,L,L,,gaba,gaba,0.7948389492909304,gaba,gaba,gaba,-1,True,True
32865,PAM10,PAM10,cb_intrinsic,DAN,,PAM10(B1)_L,PAM10,L,L,,dopamine,dopamine,0.9076705957096413,dopamine,dopamine,dopamine,0,True,True
32880,VP1m+_lvPN,VP1m+_lvPN,cb_intrinsic,ALPN,,VP1m+_lvPN_L,VP1m+_lvPN,L,L,,glutamate,glutamate,0.8030222335235518,,glutamate,glutamate,-1,True,True
33086,KCa'b'-ap2,KCa'b'-ap2,cb_intrinsic,Kenyon_Cell,,KCa'b'-ap2_L,KCa'b'-ap2,L,L,,acetylcholine,dopamine,0.704490707144009,,dopamine,acetylcholine,1,True,True
33165,VL2a_vPN,VL2a_vPN,cb_intrinsic,ALPN,,VL2a_vPN_R,VL2a_vPN,R,R,,gaba,gaba,0.8307929592636986,gaba,gaba,gaba,-1,True,True
33296,VL2p_vPN,VL2p_vPN,cb_intrinsic,ALPN,,VL2p_vPN_L,VL2p_vPN,L,L,,gaba,gaba,0.8029639829859462,gaba,gaba,gaba,-1,True,True
33591,VP1m+VP2_lvPN2,VP1m+VP2_lvPN2,cb_intrinsic,ALPN,,VP1m+VP2_lvPN2_R,VP1m+VP2_lvPN2,R,R,,acetylcholine,acetylcholine,0.7392740028592419,acetylcholine,acetylcholine,acetylcholine,1,True,True
33617,MBON19,MBON19,cb_intrinsic,MBON,,MBON19(a2p3p)_R,MBON19,R,R,,acetylcholine,acetylcholine,0.9105842430812967,acetylcholine,acetylcholine,acetylcholine,1,True,True
33673,KCa'b'-ap1,KCa'b'-ap1,cb_intrinsic,Kenyon_Cell,,KCa'b'-ap1_L,KCa'b'-ap1,L,L,,acetylcholine,dopamine,0.7027849027620786,,dopamine,acetylcholine,1,True,True
33808,KCg-m,KCg-m,cb_intrinsic,Kenyon_Cell,,KCg-m_L,KCg-m,L,L,,acetylcholine,dopamine,0.6868086845645983,,dopamine,acetylcholine,1,True,True
33833,CB2561,CB2561,cb_intrinsic,ALPN,,CB2561_L,,L,L,,gaba,gaba,0.8293588925831429,gaba,gaba,gaba,-1,True,True
33987,VP1m+_lvPN,VP1m+_lvPN,cb_intrinsic,ALPN,,VP1m+_lvPN_R,VP1m+_lvPN,R,R,,glutamate,glutamate,0.795451443301396,,glutamate,glutamate,-1,True,True
34068,DL3_lPN,DL3_lPN,cb_intrinsic,ALPN,,DL3_lPN_L,DL3_lPN,L,L,,acetylcholine,acetylcholine,0.954181964718484,acetylcholine,acetylcholine,acetylcholine,1,True,True
34084,M_vPNml79,M_vPNml79,cb_intrinsic,ALPN,,M_vPNml79_L,M_vPNml79,L,L,,gaba,gaba,0.765696966404559,,gaba,gaba,-1,True,True
34130,KCg-m,KCg-m,cb_intrinsic,Kenyon_Cell,,KCg-m_R,KCg-m,R,R,,acetylcholine,dopamine,0.7475432389937107,,dopamine,acetylcholine,1,True,True
34301,DA2_lPN,DA2_lPN,cb_intrinsic,ALPN,,DA2_lPN_R,DA2_lPN,R,R,,acetylcholine,acetylcholine,0.9409335324330027,acetylcholine,acetylcholine,acetylcholine,1,True,True
34385,VM5d_adPN,VM5d_adPN,cb_intrinsic,ALPN,,VM5d_adPN_R,VM5d_adPN,R,R,,acetylcholine,acetylcholine,0.9426646079305144,acetylcholine,acetylcholine,acetylcholine,1,True,True
34627,M_vPNml67,M_vPNml67,cb_intrinsic,ALPN,,M_vPNml67_L,M_vPNml67,L,L,,gaba,gaba,0.8713889559431711,gaba,gaba,gaba,-1,True,True
34870,KCab-p,KCab-p,cb_intrinsic,Kenyon_Cell,,KCab-p_R,KCab-p,R,R,,acetylcholine,dopamine,0.7011347850644195,,dopamine,acetylcholine,1,True,True
34908,KCg-m,KCg-m,cb_intrinsic,Kenyon_Cell,,KCg-m_R,KCg-m,R,R,,acetylcholine,dopamine,0.7398603188532983,,dopamine,acetylcholine,1,True,True
34949,PEN_a(PEN1),PEN_a(PEN1),cb_intrinsic,CX,,PEN_a(PB06a)_L4,PEN_a(PEN1),L,L,,acetylcholine,acetylcholine,0.7629520402650745,acetylcholine,acetylcholine,acetylcholine,1,True,True
35073,KCa'b'-ap2,KCa'b'-ap2,cb_intrinsic,Kenyon_Cell,,KCa'b'-ap2_L,KCa'b'-ap2,L,L,,acetylcholine,dopamine,0.7611891180342255,,dopamine,acetylcholine,1,True,True
35180,KCg-d,KCg-d,cb_intrinsic,Kenyon_Cell,,KCg-d_R,KCg-d,R,R,,acetylcholine,dopamine,0.6960016748701121,,dopamine,acetylcholine,1,True,True
35182,VP1m+_lvPN,VP1m+_lvPN,cb_intrinsic,ALPN,,VP1m+_lvPN_L,VP1m+_lvPN,L,L,,glutamate,glutamate,0.8254354163240303,,glutamate,glutamate,-1,True,True
35489,KCa'b'-ap1,KCa'b'-ap1,cb_intrinsic,Kenyon_Cell,,KCa'b'-ap1_L,KCa'b'-ap1,L,L,,acetylcholine,dopamine,0.6457551812509286,,dopamine,acetylcholine,1,True,True
35533,M_lvPNm45,M_lvPNm45,cb_intrinsic,ALPN,,M_lvPNm45_L,M_lvPNm45,L,L,,acetylcholine,acetylcholine,0.9652415308385767,acetylcholine,acetylcholine,acetylcholine,1,True,True
35668,KCa'b'-ap1,KCa'b'-ap1,cb_intrinsic,Kenyon_Cell,,KCa'b'-ap1_L,KCa'b'-ap1,L,L,,acetylcholine,dopamine,0.7062336800876011,,dopamine,acetylcholine,1,True,True
35736,KCa'b'-m,KCa'b'-m,cb_intrinsic,Kenyon_Cell,,KCa'b'-m_R,KCa'b'-m,R,R,,acetylcholine,dopamine,0.6474032780636555,,dopamine,acetylcholine,1,True,True
35743,PEN_a(PEN1),PEN_a(PEN1),cb_intrinsic,CX,,PEN_a(PB06a)_R4,PEN_a(PEN1),R,R,,acetylcholine,acetylcholine,0.7671342697997618,acetylcholine,acetylcholine,acetylcholine,1,True,True
35775,KCa'b'-ap2,KCa'b'-ap2,cb_intrinsic,Kenyon_Cell,,KCa'b'-ap2_R,KCa'b'-ap2,R,R,,acetylcholine,dopamine,0.6907805704183486,,dopamine,acetylcholine,1,True,True
36007,KCa'b'-ap1,KCa'b'-ap1,cb_intrinsic,Kenyon_Cell,,KCa'b'-ap1_L,KCa'b'-ap1,L,L,,acetylcholine,dopamine,0.6342072470575955,,dopamine,acetylcholine,1,True,True
36043,KCa'b'-ap2,KCa'b'-ap2,cb_intrinsic,Kenyon_Cell,,KCa'b'-ap2_L,KCa'b'-ap2,L,L,,acetylcholine,dopamine,0.7481230771325111,,dopamine,acetylcholine,1,True,True
36063,M_vPNml60,M_vPNml60,cb_intrinsic,ALPN,,M_vPNml60_L,M_vPNml60,L,L,,gaba,gaba,0.6735667949586719,gaba,gaba,gaba,-1,True,True
36094,MBON19,MBON19,cb_intrinsic,MBON,,MBON19(a2p3p)_L,MBON19,L,L,,acetylcholine,acetylcholine,0.9581874772679,acetylcholine,acetylcholine,acetylcholine,1,True,True
36119,KCa'b'-ap1,KCa'b'-ap1,cb_intrinsic,Kenyon_Cell,,KCa'b'-ap1_R,KCa'b'-ap1,R,R,,acetylcholine,dopamine,0.6405060410460113,,dopamine,acetylcholine,1,True,True
36146,M_lvPNm28,M_lvPNm28,cb_intrinsic,ALPN,,M_lvPNm28_R,M_lvPNm28,R,R,,acetylcholine,acetylcholine,0.9433460963296767,acetylcholine,acetylcholine,acetylcholine,1,True,True
36160,M_lvPNm46,M_lvPNm46,cb_intrinsic,ALPN,BI,M_lvPNm46_L,M_lvPNm46,L,L,,acetylcholine,acetylcholine,0.7338797329840095,acetylcholine,acetylcholine,acetylcholine,1,True,True
36251,KCg-m,KCg-m,cb_intrinsic,Kenyon_Cell,,KCg-m_R,KCg-m,R,R,,acetylcholine,dopamine,0.7110519874833473,,dopamine,acetylcholine,1,True,True
36274,M_lvPNm46,M_lvPNm46,cb_intrinsic,ALPN,BI,M_lvPNm46_R,M_lvPNm46,R,R,,acetylcholine,acetylcholine,0.7760019121828995,acetylcholine,acetylcholine,acetylcholine,1,True,True
36279,VP1l+_lvPN,VP1l+_lvPN,cb_intrinsic,ALPN,,VP1l+_lvPN_L,VP1l+_lvPN,L,L,,acetylcholine,serotonin,0.6903868831640059,acetylcholine,unclear,acetylcholine,1,True,True
36291,M_lvPNm43,M_lvPNm43,cb_intrinsic,ALPN,,M_lvPNm43_L,M_lvPNm43,L,L,,acetylcholine,acetylcholine,0.9672978840431226,acetylcholine,acetylcholine,acetylcholine,1,True,True
36376,KCa'b'-ap2,KCa'b'-ap2,cb_intrinsic,Kenyon_Cell,,KCa'b'-ap2_L,KCa'b'-ap2,L,L,,acetylcholine,dopamine,0.7128638526044186,,dopamine,acetylcholine,1,True,True
36378,KCg-m,KCg-m,cb_intrinsic,Kenyon_Cell,,KCg-m_R,KCg-m,R,R,,acetylcholine,dopamine,0.7003365112641842,,dopamine,acetylcholine,1,True,True
36482,KCab-c,KCab-c,cb_intrinsic,Kenyon_Cell,,KCab-c_R,"KCab-m,KCab-c,KCab-s",R,R,,acetylcholine,dopamine,0.720754456662085,,dopamine,acetylcholine,1,True,True
36577,M_lvPNm40,M_lvPNm40,cb_intrinsic,ALPN,,M_lvPNm40_L,M_lvPNm40,L,L,,acetylcholine,acetylcholine,0.9435824827772034,acetylcholine,acetylcholine,acetylcholine,1,True,True
36624,PAM10,PAM10,cb_intrinsic,DAN,,PAM10(B1)_R,PAM10,R,R,,dopamine,dopamine,0.912637986377515,dopamine,dopamine,dopamine,0,True,True
36713,KCa'b'-ap1,KCa'b'-ap1,cb_intrinsic,Kenyon_Cell,,KCa'b'-ap1_R,KCa'b'-ap1,R,R,,acetylcholine,dopamine,0.6107675419528736,,dopamine,acetylcholine,1,True,True
36723,KCg-d,KCg-d,cb_intrinsic,Kenyon_Cell,,KCg-d_R,KCg-d,R,R,,acetylcholine,dopamine,0.7155491163017523,,dopamine,acetylcholine,1,True,True
36743,M_lvPNm26,M_lvPNm26,cb_intrinsic,ALPN,,M_lvPNm26_R,M_lvPNm26,R,R,,acetylcholine,acetylcholine,0.956401040745175,acetylcholine,acetylcholine,acetylcholine,1,True,True
36774,VP1m+VP2_lvPN2,VP1m+VP2_lvPN2,cb_intrinsic,ALPN,,VP1m+VP2_lvPN2_L,VP1m+VP2_lvPN2,L,L,,acetylcholine,acetylcholine,0.8934969946246609,acetylcholine,acetylcholine,acetylcholine,1,True,True
36839,KCg-m,KCg-m,cb_intrinsic,Kenyon_Cell,,KCg-m_R,KCg-m,R,R,,acetylcholine,dopamine,0.6854555588832318,,dopamine,acetylcholine,1,True,True
36880,M_lvPNm47,M_lvPNm47,cb_intrinsic,ALPN,,M_lvPNm47_L,M_lvPNm47,L,L,,acetylcholine,acetylcholine,0.8577672604182816,acetylcholine,acetylcholine,acetylcholine,1,True,True
37043,KCa'b'-ap1,KCa'b'-ap1,cb_intrinsic,Kenyon_Cell,,KCa'b'-ap1_L,KCa'b'-ap1,L,L,,acetylcholine,dopamine,0.7327830188679245,,dopamine,acetylcholine,1,True,True
37142,PEN_a(PEN1),PEN_a(PEN1),cb_intrinsic,CX,,PEN_a(PB06a)_L6,PEN_a(PEN1),L,L,,acetylcholine,acetylcholine,0.7738228177942477,acetylcholine,acetylcholine,acetylcholine,1,True,True
37293,KCa'b'-ap1,KCa'b'-ap1,cb_intrinsic,Kenyon_Cell,,KCa'b'-ap1_R,KCa'b'-ap1,R,R,,acetylcholine,dopamine,0.7114240971799554,,dopamine,acetylcholine,1,True,True
37311,KCg-m,KCg-m,cb_intrinsic,Kenyon_Cell,,KCg-m_R,KCg-m,R,R,,acetylcholine,dopamine,0.7318848461256641,,dopamine,acetylcholine,1,True,True
37336,M_lvPNm35,M_lvPNm35,cb_intrinsic,ALPN,,M_lvPNm35_R,M_lvPNm35,R,R,,acetylcholine,acetylcholine,0.5225295098848849,acetylcholine,acetylcholine,acetylcholine,1,True,True
37432,KCg-m,KCg-m,cb_intrinsic,Kenyon_Cell,,KCg-m_R,KCg-m,R,R,,acetylcholine,dopamine,0.6474363038479746,,dopamine,acetylcholine,1,True,True
37596,M_lvPNm43,M_lvPNm43,cb_intrinsic,ALPN,,M_lvPNm43_R,M_lvPNm43,R,R,,acetylcholine,acetylcholine,0.9197865604612825,acetylcholine,acetylcholine,acetylcholine,1,True,True
37635,VP2_l2PN,VP2_l2PN,cb_intrinsic,ALPN,BI,VP2_l2PN_L,VP2_l2PN,L,L,,acetylcholine,acetylcholine,0.9612055000068366,,acetylcholine,acetylcholine,1,True,True
37720,KCab-s,KCab-s,cb_intrinsic,Kenyon_Cell,,KCab-s_R,"KCab-m,KCab-c,KCab-s",R,R,,acetylcholine,dopamine,0.7241221174004193,,dopamine,acetylcholine,1,True,True
37845,PAM04,PAM04,cb_intrinsic,DAN,,PAM04(B2)_R,PAM04,R,R,,dopamine,dopamine,0.8949511498391665,dopamine,dopamine,dopamine,0,True,True
37860,KCa'b'-ap2,KCa'b'-ap2,cb_intrinsic,Kenyon_Cell,,KCa'b'-ap2_R,KCa'b'-ap2,R,R,,acetylcholine,dopamine,0.6724597896690381,,dopamine,acetylcholine,1,True,True
37904,KCa'b'-ap1,KCa'b'-ap1,cb_intrinsic,Kenyon_Cell,,KCa'b'-ap1_R,KCa'b'-ap1,R,R,,acetylcholine,dopamine,0.6701453434334046,,dopamine,acetylcholine,1,True,True
37916,KCg-m,KCg-m,cb_intrinsic,Kenyon_Cell,,KCg-m_L,KCg-m,L,L,,acetylcholine,dopamine,0.7793443686056285,,dopamine,acetylcholine,1,True,True
37994,CB2004,CB2004,cb_intrinsic,ALPN,,CB2004_R,"M_vPNml56,M_vPNml58",R,R,,gaba,gaba,0.7977262846006694,gaba,gaba,gaba,-1,True,True
38113,KCg-m,KCg-m,cb_intrinsic,Kenyon_Cell,,KCg-m_L,KCg-m,L,L,,acetylcholine,dopamine,0.7299352449520026,,dopamine,acetylcholine,1,True,True
38121,KCa'b'-ap1,KCa'b'-ap1,cb_intrinsic,Kenyon_Cell,,KCa'b'-ap1_R,KCa'b'-ap1,R,R,,acetylcholine,dopamine,0.6931412315658207,,dopamine,acetylcholine,1,True,True
38262,M_lvPNm29,M_lvPNm29,cb_intrinsic,ALPN,,M_lvPNm29_R,M_lvPNm29,R,R,,acetylcholine,acetylcholine,0.9514346951542945,acetylcholine,acetylcholine,acetylcholine,1,True,True
38271,M_lvPNm48,M_lvPNm48,cb_intrinsic,ALPN,,M_lvPNm48_L,M_lvPNm48,L,L,,acetylcholine,acetylcholine,0.9146574435975718,acetylcholine,acetylcholine,acetylcholine,1,True,True
38510,VM5d_adPN,VM5d_adPN,cb_intrinsic,ALPN,,VM5d_adPN_R,VM5d_adPN,R,R,,acetylcholine,acetylcholine,0.8654392229507397,acetylcholine,acetylcholine,acetylcholine,1,True,True
38528,KCa'b'-ap1,KCa'b'-ap1,cb_intrinsic,Kenyon_Cell,,KCa'b'-ap1_R,KCa'b'-ap1,R,R,,acetylcholine,dopamine,0.6873599751666801,,dopamine,acetylcholine,1,True,True
38549,KCg-m,KCg-m,cb_intrinsic,Kenyon_Cell,,KCg-m_L,KCg-m,L,L,,acetylcholine,dopamine,0.770219143081761,,dopamine,acetylcholine,1,True,True
38652,M_vPNml75,M_vPNml75,cb_intrinsic,ALPN,,M_vPNml75_L,M_vPNml75,L,L,,gaba,gaba,0.8500782073646551,,gaba,gaba,-1,True,True
38657,KCg-d,KCg-d,cb_intrinsic,Kenyon_Cell,,KCg-d_R,KCg-d,R,R,,acetylcholine,dopamine,0.5437575270975512,,dopamine,acetylcholine,1,True,True
38684,KCa'b'-ap1,KCa'b'-ap1,cb_intrinsic,Kenyon_Cell,,KCa'b'-ap1_L,KCa'b'-ap1,L,L,,acetylcholine,dopamine,0.6655296604325278,,dopamine,acetylcholine,1,True,True
38746,KCa'b'-ap2,KCa'b'-ap2,cb_intrinsic,Kenyon_Cell,,KCa'b'-ap2_L,KCa'b'-ap2,L,L,,acetylcholine,dopamine,0.7046973270440251,,dopamine,acetylcholine,1,True,True
38774,KCa'b'-ap1,KCa'b'-ap1,cb_intrinsic,Kenyon_Cell,,KCa'b'-ap1_R,KCa'b'-ap1,R,R,,acetylcholine,dopamine,0.7054135585783238,,dopamine,acetylcholine,1,True,True
38819,M_VPNml66,M_VPNml66,cb_intrinsic,ALPN,,M_VPNml66_L,M_VPNml66,L,L,,gaba,gaba,0.8491885451207696,,gaba,gaba,-1,True,True
38853,MBON15,MBON15,cb_intrinsic,MBON,,MBON15(a'1)_L,MBON15,L,L,,acetylcholine,acetylcholine,0.9411354284957203,acetylcholine,acetylcholine,acetylcholine,1,True,True
38859,MBON15-like,MBON15-like,cb_intrinsic,MBON,,MBON15-like(a'1a'2)_L,MBON15-like,L,L,,acetylcholine,acetylcholine,0.9501552168860176,acetylcholine,acetylcholine,acetylcholine,1,True,True
38934,KCa'b'-ap2,KCa'b'-ap2,cb_intrinsic,Kenyon_Cell,,KCa'b'-ap2_R,KCa'b'-ap2,R,R,,acetylcholine,dopamine,0.7325078616352201,,dopamine,acetylcholine,1,True,True
38962,KCg-m,KCg-m,cb_intrinsic,Kenyon_Cell,,KCg-m_L,KCg-m,L,L,,acetylcholine,dopamine,0.7795978594004406,,dopamine,acetylcholine,1,True,True
38967,KCg-m,KCg-m,cb_intrinsic,Kenyon_Cell,,KCg-m_R,KCg-m,R,R,,acetylcholine,dopamine,0.7320881946343389,,dopamine,acetylcholine,1,True,True
39205,KCa'b'-ap1,KCa'b'-ap1,cb_intrinsic,Kenyon_Cell,,KCa'b'-ap1_R,KCa'b'-ap1,R,R,,acetylcholine,dopamine,0.7467467548318543,,dopamine,acetylcholine,1,True,True
39316,KCg-d,KCg-d,cb_intrinsic,Kenyon_Cell,,KCg-d_R,KCg-d,R,R,,acetylcholine,dopamine,0.8042342222766751,,dopamine,acetylcholine,1,True,True
39413,PEG,PEG,cb_intrinsic,CX,,PEG(PB07)_L2,PEG,L,L,,acetylcholine,acetylcholine,0.8888020276856365,acetylcholine,acetylcholine,acetylcholine,1,True,True
39456,KCa'b'-ap2,KCa'b'-ap2,cb_intrinsic,Kenyon_Cell,,KCa'b'-ap2_L,KCa'b'-ap2,L,L,,acetylcholine,dopamine,0.7196660050086798,,dopamine,acetylcholine,1,True,True
39531,KCg-m,KCg-m,cb_intrinsic,Kenyon_Cell,,KCg-m_L,KCg-m,L,L,,acetylcholine,dopamine,0.7758265585601253,,dopamine,acetylcholine,1,True,True
39569,KCg-m,KCg-m,cb_intrinsic,Kenyon_Cell,,KCg-m_R,KCg-m,R,R,,acetylcholine,dopamine,0.7169746729855021,,dopamine,acetylcholine,1,True,True
39592,M_lvPNm35,M_lvPNm35,cb_intrinsic,ALPN,,M_lvPNm35_L,M_lvPNm35,L,L,,acetylcholine,acetylcholine,0.5720746527382855,acetylcholine,acetylcholine,acetylcholine,1,True,True
39608,MBON10,MBON10,cb_intrinsic,MBON,,MBON10(B'1)_L,MBON10,L,L,,gaba,gaba,0.7263633457507925,gaba,gaba,gaba,-1,True,True
39617,PAM07,PAM07,cb_intrinsic,DAN,,PAM07(y4<y1y2)_L,PAM07,L,L,,dopamine,dopamine,0.9144739821932345,dopamine,dopamine,dopamine,0,True,True
39655,KCa'b'-ap1,KCa'b'-ap1,cb_intrinsic,Kenyon_Cell,,KCa'b'-ap1_R,KCa'b'-ap1,R,R,,acetylcholine,dopamine,0.761268648530057,,dopamine,acetylcholine,1,True,True
39719,M_lPNm11B,M_lPNm11B,cb_intrinsic,ALPN,,M_lPNm11B_R,M_lPNm11B,R,R,,acetylcholine,acetylcholine,0.8673231715849992,acetylcholine,acetylcholine,acetylcholine,1,True,True
39753,PEG,PEG,cb_intrinsic,CX,,PEG(PB07)_L8,PEG,L,L,,acetylcholine,acetylcholine,0.8079886607412339,acetylcholine,acetylcholine,acetylcholine,1,True,True
39771,KCg-d,KCg-d,cb_intrinsic,Kenyon_Cell,,KCg-d_R,KCg-d,R,R,,acetylcholine,dopamine,0.7293314586357039,,dopamine,acetylcholine,1,True,True
39813,PEN_b(PEN2),PEN_b(PEN2),cb_intrinsic,CX,,PEN_b(PB06b)_L5,PEN_b(PEN2),L,L,,acetylcholine,acetylcholine,0.8359457586139728,acetylcholine,acetylcholine,acetylcholine,1,True,True
39909,KCg-m,KCg-m,cb_intrinsic,Kenyon_Cell,,KCg-m_R,KCg-m,R,R,,acetylcholine,dopamine,0.6850601506508703,,dopamine,acetylcholine,1,True,True
39922,M_lPNm11D,M_lPNm11D,cb_intrinsic,ALPN,,M_lPNm11D_L,M_lPNm11D,L,L,,acetylcholine,acetylcholine,0.9067102968078571,acetylcholine,acetylcholine,acetylcholine,1,True,True
40027,KCg-d,KCg-d,cb_intrinsic,Kenyon_Cell,,KCg-d_L,KCg-d,L,L,,acetylcholine,dopamine,0.7163112152937566,,dopamine,acetylcholine,1,True,True
40066,KCa'b'-ap2,KCa'b'-ap2,cb_intrinsic,Kenyon_Cell,,KCa'b'-ap2_R,KCa'b'-ap2,R,R,,acetylcholine,dopamine,0.7391037308586274,,dopamine,acetylcholine,1,True,True
40182,VP1l+_lvPN,VP1l+_lvPN,cb_intrinsic,ALPN,,VP1l+_lvPN_R,VP1l+_lvPN,R,R,,acetylcholine,acetylcholine,0.6236244412077679,acetylcholine,unclear,acetylcholine,1,True,True
40187,M_lvPNm32,M_lvPNm32,cb_intrinsic,ALPN,,M_lvPNm32_L,M_lvPNm32,L,L,,acetylcholine,acetylcholine,0.9662574478969655,acetylcholine,acetylcholine,acetylcholine,1,True,True
40327,KCg-m,KCg-m,cb_intrinsic,Kenyon_Cell,,KCg-m_R,KCg-m,R,R,,acetylcholine,dopamine,0.7673653694968553,,dopamine,acetylcholine,1,True,True
40376,KCg-m,KCg-m,cb_intrinsic,Kenyon_Cell,,KCg-m_R,KCg-m,R,R,,acetylcholine,dopamine,0.7475376380877895,,dopamine,acetylcholine,1,True,True
40390,PEN_b(PEN2),PEN_b(PEN2),cb_intrinsic,CX,,PEN_b(PB06b)_R7,PEN_b(PEN2),R,R,,acetylcholine,acetylcholine,0.825977432836221,acetylcholine,acetylcholine,acetylcholine,1,True,True
40602,KCg-m,KCg-m,cb_intrinsic,Kenyon_Cell,,KCg-m_R,KCg-m,R,R,,acetylcholine,dopamine,0.751472166787615,,dopamine,acetylcholine,1,True,True
40615,KCa'b'-ap1,KCa'b'-ap1,cb_intrinsic,Kenyon_Cell,,KCa'b'-ap1_R,KCa'b'-ap1,R,R,,acetylcholine,dopamine,0.6841038891971882,,dopamine,acetylcholine,1,True,True
40685,M_lvPNm31,M_lvPNm31,cb_intrinsic,ALPN,,M_lvPNm31_R,M_lvPNm31,R,R,,acetylcholine,acetylcholine,0.9452117620511485,acetylcholine,acetylcholine,acetylcholine,1,True,True
40768,EPGt,EPGt,cb_intrinsic,CX,,EPGt(PB09)_R9,EPGt,R,R,,acetylcholine,acetylcholine,0.9140706337986483,acetylcholine,acetylcholine,acetylcholine,1,True,True
40788,KCa'b'-ap2,KCa'b'-ap2,cb_intrinsic,Kenyon_Cell,,KCa'b'-ap2_R,KCa'b'-ap2,R,R,,acetylcholine,dopamine,0.7100414349952906,,dopamine,acetylcholine,1,True,True
40821,KCg,KCg,cb_intrinsic,Kenyon_Cell,,KCg_L,,L,L,,acetylcholine,dopamine,0.7013311283539875,,dopamine,acetylcholine,1,True,True
40838,M_adPNm3,M_adPNm3,cb_intrinsic,ALPN,,M_adPNm3_L,M_adPNm3,L,L,,acetylcholine,acetylcholine,0.9533019807215335,acetylcholine,acetylcholine,acetylcholine,1,True,True
40921,KCg-m,KCg-m,cb_intrinsic,Kenyon_Cell,,KCg-m_R,KCg-m,R,R,,acetylcholine,dopamine,0.7712162316290285,,dopamine,acetylcholine,1,True,True
41131,KCg-m,KCg-m,cb_intrinsic,Kenyon_Cell,,KCg-m_L,KCg-m,L,L,,acetylcholine,dopamine,0.7750134817298195,,dopamine,acetylcholine,1,True,True
41134,KCg-d,KCg-d,cb_intrinsic,Kenyon_Cell,,KCg-d_R,KCg-d,R,R,,acetylcholine,dopamine,0.7592600026763013,,dopamine,acetylcholine,1,True,True
41150,KCg-m,KCg-m,cb_intrinsic,Kenyon_Cell,,KCg-m_R,KCg-m,R,R,,acetylcholine,dopamine,0.6790637780527202,,dopamine,acetylcholine,1,True,True
41232,KCg-m,KCg-m,cb_intrinsic,Kenyon_Cell,,KCg-m_R,KCg-m,R,R,,acetylcholine,dopamine,0.7517339560575969,,dopamine,acetylcholine,1,True,True
41238,M_vPNml53,M_vPNml53,cb_intrinsic,ALPN,,M_vPNml53_R,M_vPNml53,R,R,,gaba,gaba,0.7250601288120176,gaba,gaba,gaba,-1,True,True
41295,KCg-m,KCg-m,cb_intrinsic,Kenyon_Cell,,KCg-m_R,KCg-m,R,R,,acetylcholine,dopamine,0.745799278323624,,dopamine,acetylcholine,1,True,True
41345,VP1m+VP2_lvPN2,VP1m+VP2_lvPN2,cb_intrinsic,ALPN,,VP1m+VP2_lvPN2_R,VP1m+VP2_lvPN2,R,R,,acetylcholine,acetylcholine,0.7590675632784672,acetylcholine,acetylcholine,acetylcholine,1,True,True
41378,KCg-m,KCg-m,cb_intrinsic,Kenyon_Cell,,KCg-m_R,KCg-m,R,R,,acetylcholine,dopamine,0.7868733006509022,,dopamine,acetylcholine,1,True,True
41406,KCab-c,KCab-c,cb_intrinsic,Kenyon_Cell,,KCab-c_R,"KCab-m,KCab-c,KCab-s",R,R,,acetylcholine,dopamine,0.7393426088440349,,dopamine,acetylcholine,1,True,True
41407,M_lvPNm31,M_lvPNm31,cb_intrinsic,ALPN,,M_lvPNm31_L,M_lvPNm31,L,L,,acetylcholine,acetylcholine,0.942522138050932,acetylcholine,acetylcholine,acetylcholine,1,True,True
41480,KCa'b'-m,KCa'b'-m,cb_intrinsic,Kenyon_Cell,,KCa'b'-m_L,KCa'b'-m,L,L,,acetylcholine,dopamine,0.7241678533285867,,dopamine,acetylcholine,1,True,True
41509,KCa'b'-ap2,KCa'b'-ap2,cb_intrinsic,Kenyon_Cell,,KCa'b'-ap2_L,KCa'b'-ap2,L,L,,acetylcholine,dopamine,0.6752292976939204,,dopamine,acetylcholine,1,True,True
41517,VP1l+_lvPN,VP1l+_lvPN,cb_intrinsic,ALPN,,VP1l+_lvPN_R,VP1l+_lvPN,R,R,,acetylcholine,unclear,0.45115678535438364,acetylcholine,unclear,acetylcholine,1,True,True
41555,KCa'b'-ap1,KCa'b'-ap1,cb_intrinsic,Kenyon_Cell,,KCa'b'-ap1_L,KCa'b'-ap1,L,L,,acetylcholine,dopamine,0.6527545577581403,,dopamine,acetylcholine,1,True,True
41602,KCa'b'-ap1,KCa'b'-ap1,cb_intrinsic,Kenyon_Cell,,KCa'b'-ap1_L,KCa'b'-ap1,L,L,,acetylcholine,dopamine,0.6788290283156189,,dopamine,acetylcholine,1,True,True
41645,KCa'b'-ap2,KCa'b'-ap2,cb_intrinsic,Kenyon_Cell,,KCa'b'-ap2_R,KCa'b'-ap2,R,R,,acetylcholine,unclear,0.42866815719635004,,dopamine,acetylcholine,1,True,True
41692,MBON17,MBON17,cb_intrinsic,MBON,,MBON17(a'3m)_R,MBON17,R,R,,acetylcholine,acetylcholine,0.9466536949266093,acetylcholine,acetylcholine,acetylcholine,1,True,True
41778,M_lvPNm43,M_lvPNm43,cb_intrinsic,ALPN,,M_lvPNm43_L,M_lvPNm43,L,L,,acetylcholine,acetylcholine,0.9551324099331819,acetylcholine,acetylcholine,acetylcholine,1,True,True
41787,KCg-m,KCg-m,cb_intrinsic,Kenyon_Cell,,KCg-m_R,KCg-m,R,R,,acetylcholine,dopamine,0.744349210001534,,dopamine,acetylcholine,1,True,True
41793,KCa'b'-ap2,KCa'b'-ap2,cb_intrinsic,Kenyon_Cell,,KCa'b'-ap2_L,KCa'b'-ap2,L,L,,acetylcholine,dopamine,0.7941552617592346,,dopamine,acetylcholine,1,True,True
41807,KCg-m,KCg-m,cb_intrinsic,Kenyon_Cell,,KCg-m_R,KCg-m,R,R,,acetylcholine,dopamine,0.6900599449685535,,dopamine,acetylcholine,1,True,True
41840,VP1m+VP2_lvPN2,VP1m+VP2_lvPN2,cb_intrinsic,ALPN,,VP1m+VP2_lvPN2_L,VP1m+VP2_lvPN2,L,L,,acetylcholine,acetylcholine,0.844415417031972,acetylcholine,acetylcholine,acetylcholine,1,True,True
41891,KCg-m,KCg-m,cb_intrinsic,Kenyon_Cell,,KCg-m_R,KCg-m,R,R,,acetylcholine,dopamine,0.6821771978021978,,dopamine,acetylcholine,1,True,True
41899,KCa'b'-ap2,KCa'b'-ap2,cb_intrinsic,Kenyon_Cell,,KCa'b'-ap2_R,KCa'b'-ap2,R,R,,acetylcholine,dopamine,0.6680688538439876,,dopamine,acetylcholine,1,True,True
41920,KCg-m,KCg-m,cb_intrinsic,Kenyon_Cell,,KCg-m_L,KCg-m,L,L,,acetylcholine,dopamine,0.7702684069281174,,dopamine,acetylcholine,1,True,True
41968,KCa'b'-ap1,KCa'b'-ap1,cb_intrinsic,Kenyon_Cell,,KCa'b'-ap1_R,KCa'b'-ap1,R,R,,acetylcholine,dopamine,0.7152200633922332,,dopamine,acetylcholine,1,True,True
42059,PEG,PEG,cb_intrinsic,CX,,PEG(PB07)_L9,PEG,L,L,,acetylcholine,acetylcholine,0.7687132439086387,acetylcholine,acetylcholine,acetylcholine,1,True,True
42101,M_vPNml83,M_vPNml83,cb_intrinsic,ALPN,,M_vPNml83_L,M_vPNml83,L,L,,gaba,gaba,0.7119067999331624,,gaba,gaba,-1,True,True
42111,KCa'b'-ap1,KCa'b'-ap1,cb_intrinsic,Kenyon_Cell,,KCa'b'-ap1_L,KCa'b'-ap1,L,L,,acetylcholine,dopamine,0.6851070022564694,,dopamine,acetylcholine,1,True,True
42115,KCa'b'-ap1,KCa'b'-ap1,cb_intrinsic,Kenyon_Cell,,KCa'b'-ap1_L,KCa'b'-ap1,L,L,,acetylcholine,dopamine,0.6691870144284129,,dopamine,acetylcholine,1,True,True
42131,KCa'b'-ap1,KCa'b'-ap1,cb_intrinsic,Kenyon_Cell,,KCa'b'-ap1_L,KCa'b'-ap1,L,L,,acetylcholine,dopamine,0.6522778858625162,,dopamine,acetylcholine,1,True,True
42140,KCg-m,KCg-m,cb_intrinsic,Kenyon_Cell,,KCg-m_L,KCg-m,L,L,,acetylcholine,dopamine,0.7084207940251572,,dopamine,acetylcholine,1,True,True
42182,KCa'b'-ap2,KCa'b'-ap2,cb_intrinsic,Kenyon_Cell,,KCa'b'-ap2_R,KCa'b'-ap2,R,R,,acetylcholine,dopamine,0.7629605731577073,,dopamine,acetylcholine,1,True,True
42185,KCab-p,KCab-p,cb_intrinsic,Kenyon_Cell,,KCab-p_R,KCab-p,R,R,,acetylcholine,dopamine,0.6132686932215234,,dopamine,acetylcholine,1,True,True
42216,KCg-m,KCg-m,cb_intrinsic,Kenyon_Cell,,KCg-m_R,KCg-m,R,R,,acetylcholine,dopamine,0.6371493554241372,,dopamine,acetylcholine,1,True,True
42260,KCa'b'-ap1,KCa'b'-ap1,cb_intrinsic,Kenyon_Cell,,KCa'b'-ap1_R,KCa'b'-ap1,R,R,,acetylcholine,dopamine,0.6649176179905926,,dopamine,acetylcholine,1,True,True
42370,KCg-d,KCg-d,cb_intrinsic,Kenyon_Cell,,KCg-d_R,KCg-d,R,R,,acetylcholine,dopamine,0.7625423318819545,,dopamine,acetylcholine,1,True,True
42409,KCa'b'-ap1,KCa'b'-ap1,cb_intrinsic,Kenyon_Cell,,KCa'b'-ap1_L,KCa'b'-ap1,L,L,,acetylcholine,dopamine,0.6678259425554098,,dopamine,acetylcholine,1,True,True
42425,KCg-m,KCg-m,cb_intrinsic,Kenyon_Cell,,KCg-m_R,KCg-m,R,R,,acetylcholine,dopamine,0.7470570589208871,,dopamine,acetylcholine,1,True,True
42494,M_lvPNm33,M_lvPNm33,cb_intrinsic,ALPN,BI,M_lvPNm33_L,M_lvPNm33,L,L,,acetylcholine,acetylcholine,0.9496210962457083,acetylcholine,acetylcholine,acetylcholine,1,True,True
42582,KCab-s,KCab-s,cb_intrinsic,Kenyon_Cell,,KCab-s_R,"KCab-m,KCab-c,KCab-s",R,R,,acetylcholine,dopamine,0.7948957177210507,,dopamine,acetylcholine,1,True,True
42597,KCa'b'-ap1,KCa'b'-ap1,cb_intrinsic,Kenyon_Cell,,KCa'b'-ap1_L,KCa'b'-ap1,L,L,,acetylcholine,dopamine,0.7027264587700908,,dopamine,acetylcholine,1,True,True
42744,KCg-m,KCg-m,cb_intrinsic,Kenyon_Cell,,KCg-m_L,KCg-m,L,L,,acetylcholine,dopamine,0.7648452653852935,,dopamine,acetylcholine,1,True,True
42813,KCa'b'-m,KCa'b'-m,cb_intrinsic,Kenyon_Cell,,KCa'b'-m_R,KCa'b'-m,R,R,,acetylcholine,dopamine,0.6826058098773069,,dopamine,acetylcholine,1,True,True
42908,KCg-m,KCg-m,cb_intrinsic,Kenyon_Cell,,KCg-m_R,KCg-m,R,R,,acetylcholine,dopamine,0.6676546544261852,,dopamine,acetylcholine,1,True,True
42969,KCg-d,KCg-d,cb_intrinsic,Kenyon_Cell,,KCg-d_R,KCg-d,R,R,,acetylcholine,dopamine,0.7786382089026241,,dopamine,acetylcholine,1,True,True
42984,M_lvPNm45,M_lvPNm45,cb_intrinsic,ALPN,,M_lvPNm45_R,M_lvPNm45,R,R,,acetylcholine,acetylcholine,0.9608991772300602,acetylcholine,acetylcholine,acetylcholine,1,True,True
43183,VP1l+_lvPN,VP1l+_lvPN,cb_intrinsic,ALPN,,VP1l+_lvPN_R,VP1l+_lvPN,R,R,,acetylcholine,acetylcholine,0.6951782043648376,acetylcholine,unclear,acetylcholine,1,True,True
43216,M_lvPNm26,M_lvPNm26,cb_intrinsic,ALPN,,M_lvPNm26_L,M_lvPNm26,L,L,,acetylcholine,acetylcholine,0.9293453342371909,acetylcholine,acetylcholine,acetylcholine,1,True,True
43228,KCa'b'-ap2,KCa'b'-ap2,cb_intrinsic,Kenyon_Cell,,KCa'b'-ap2_L,KCa'b'-ap2,L,L,,acetylcholine,dopamine,0.7446418153618487,,dopamine,acetylcholine,1,True,True
43246,KCa'b'-ap1,KCa'b'-ap1,cb_intrinsic,Kenyon_Cell,,KCa'b'-ap1_L,KCa'b'-ap1,L,L,,acetylcholine,dopamine,0.6733682925197377,,dopamine,acetylcholine,1,True,True
43321,KCab-m,KCab-m,cb_intrinsic,Kenyon_Cell,,KCab-m_R,"KCab-m,KCab-c,KCab-s",R,R,,acetylcholine,dopamine,0.7388247222712044,,dopamine,acetylcholine,1,True,True
43351,KCa'b'-ap1,KCa'b'-ap1,cb_intrinsic,Kenyon_Cell,,KCa'b'-ap1_L,KCa'b'-ap1,L,L,,acetylcholine,dopamine,0.6728498076707098,,dopamine,acetylcholine,1,True,True
43354,KCg-m,KCg-m,cb_intrinsic,Kenyon_Cell,,KCg-m_L,KCg-m,L,L,,acetylcholine,dopamine,0.7778931919708458,,dopamine,acetylcholine,1,True,True
43358,KCa'b'-ap1,KCa'b'-ap1,cb_intrinsic,Kenyon_Cell,,KCa'b'-ap1_R,KCa'b'-ap1,R,R,,acetylcholine,dopamine,0.6901920431180455,,dopamine,acetylcholine,1,True,True
43363,M_lvPNm30,M_lvPNm30,cb_intrinsic,ALPN,,M_lvPNm30_R,M_lvPNm30,R,R,,acetylcholine,acetylcholine,0.9522787625888629,acetylcholine,acetylcholine,acetylcholine,1,True,True
43379,KCa'b'-m,KCa'b'-m,cb_intrinsic,Kenyon_Cell,,KCa'b'-m_L,KCa'b'-m,L,L,,acetylcholine,dopamine,0.7158867096987752,,dopamine,acetylcholine,1,True,True
43380,KCg-m,KCg-m,cb_intrinsic,Kenyon_Cell,,KCg-m_R,KCg-m,R,R,,acetylcholine,dopamine,0.7176823049464559,,dopamine,acetylcholine,1,True,True
43462,KCa'b'-ap1,KCa'b'-ap1,cb_intrinsic,Kenyon_Cell,,KCa'b'-ap1_R,KCa'b'-ap1,R,R,,acetylcholine,dopamine,0.6884835857517556,,dopamine,acetylcholine,1,True,True
43474,KCab-m,KCab-m,cb_intrinsic,Kenyon_Cell,,KCab-m_R,"KCab-m,KCab-c,KCab-s",R,R,,acetylcholine,dopamine,0.6441404994720654,,dopamine,acetylcholine,1,True,True
43489,M_vPNml67,M_vPNml67,cb_intrinsic,ALPN,,M_vPNml67_R,M_vPNml67,R,R,,gaba,gaba,0.8756802627351224,gaba,gaba,gaba,-1,True,True
43580,KCa'b'-ap2,KCa'b'-ap2,cb_intrinsic,Kenyon_Cell,,KCa'b'-ap2_L,KCa'b'-ap2,L,L,,acetylcholine,dopamine,0.7451415094339623,,dopamine,acetylcholine,1,True,True
43597,KCg-m,KCg-m,cb_intrinsic,Kenyon_Cell,,KCg-m_R,KCg-m,R,R,,acetylcholine,dopamine,0.7663436317028823,,dopamine,acetylcholine,1,True,True
43616,KCg-m,KCg-m,cb_intrinsic,Kenyon_Cell,,KCg-m_R,KCg-m,R,R,,acetylcholine,dopamine,0.7467181767557651,,dopamine,acetylcholine,1,True,True
43639,KCg-m,KCg-m,cb_intrinsic,Kenyon_Cell,,KCg-m_L,KCg-m,L,L,,acetylcholine,dopamine,0.812721108490566,,dopamine,acetylcholine,1,True,True
43658,KCg-m,KCg-m,cb_intrinsic,Kenyon_Cell,,KCg-m_R,KCg-m,R,R,,acetylcholine,dopamine,0.7674557783018868,,dopamine,acetylcholine,1,True,True
43775,KCg-m,KCg-m,cb_intrinsic,Kenyon_Cell,,KCg-m_R,KCg-m,R,R,,acetylcholine,dopamine,0.698930080581761,,dopamine,acetylcholine,1,True,True
43811,KCg-m,KCg-m,cb_intrinsic,Kenyon_Cell,,KCg-m_L,KCg-m,L,L,,acetylcholine,dopamine,0.7495017688679245,,dopamine,acetylcholine,1,True,True
43850,KCg-m,KCg-m,cb_intrinsic,Kenyon_Cell,,KCg-m_R,KCg-m,R,R,,acetylcholine,dopamine,0.7319700158923378,,dopamine,acetylcholine,1,True,True
43856,KCa'b'-ap2,KCa'b'-ap2,cb_intrinsic,Kenyon_Cell,,KCa'b'-ap2_L,KCa'b'-ap2,L,L,,acetylcholine,dopamine,0.6947003457382119,,dopamine,acetylcholine,1,True,True
43867,KCg-d,KCg-d,cb_intrinsic,Kenyon_Cell,,KCg-d_R,KCg-d,R,R,,acetylcholine,dopamine,0.7757411702791206,,dopamine,acetylcholine,1,True,True
43876,KCg-m,KCg-m,cb_intrinsic,Kenyon_Cell,,KCg-m_R,KCg-m,R,R,,acetylcholine,dopamine,0.7250866955030204,,dopamine,acetylcholine,1,True,True
43889,KCa'b'-ap2,KCa'b'-ap2,cb_intrinsic,Kenyon_Cell,,KCa'b'-ap2_R,KCa'b'-ap2,R,R,,acetylcholine,dopamine,0.7251366151806635,,dopamine,acetylcholine,1,True,True
43899,KCa'b'-ap1,KCa'b'-ap1,cb_intrinsic,Kenyon_Cell,,KCa'b'-ap1_R,KCa'b'-ap1,R,R,,acetylcholine,dopamine,0.6044895552560647,,dopamine,acetylcholine,1,True,True
43980,KCg-m,KCg-m,cb_intrinsic,Kenyon_Cell,,KCg-m_R,KCg-m,R,R,,acetylcholine,dopamine,0.7766036209317946,,dopamine,acetylcholine,1,True,True
44024,KCg-m,KCg-m,cb_intrinsic,Kenyon_Cell,,KCg-m_R,KCg-m,R,R,,acetylcholine,dopamine,0.6941519103353176,,dopamine,acetylcholine,1,True,True
44035,KCa'b'-ap1,KCa'b'-ap1,cb_intrinsic,Kenyon_Cell,,KCa'b'-ap1_L,KCa'b'-ap1,L,L,,acetylcholine,dopamine,0.5843134741591468,,dopamine,acetylcholine,1,True,True
44054,KCg-m,KCg-m,cb_intrinsic,Kenyon_Cell,,KCg-m_R,KCg-m,R,R,,acetylcholine,dopamine,0.7348080482079985,,dopamine,acetylcholine,1,True,True
44069,KCg-d,KCg-d,cb_intrinsic,Kenyon_Cell,,KCg-d_L,KCg-d,L,L,,acetylcholine,dopamine,0.6382856782358879,,dopamine,acetylcholine,1,True,True
44082,KCg-m,KCg-m,cb_intrinsic,Kenyon_Cell,,KCg-m_R,KCg-m,R,R,,acetylcholine,dopamine,0.726555069795981,,dopamine,acetylcholine,1,True,True
44179,KCa'b'-ap2,KCa'b'-ap2,cb_intrinsic,Kenyon_Cell,,KCa'b'-ap2_R,KCa'b'-ap2,R,R,,acetylcholine,dopamine,0.742112852261732,,dopamine,acetylcholine,1,True,True
44260,KCg-m,KCg-m,cb_intrinsic,Kenyon_Cell,,KCg-m_L,KCg-m,L,L,,acetylcholine,dopamine,0.704999960887387,,dopamine,acetylcholine,1,True,True
44302,M_vPNml72,M_vPNml72,cb_intrinsic,ALPN,,M_vPNml72_R,M_vPNml72,R,R,,gaba,gaba,0.798179001042988,gaba,gaba,gaba,-1,True,True
44314,KCa'b'-ap2,KCa'b'-ap2,cb_intrinsic,Kenyon_Cell,,KCa'b'-ap2_R,KCa'b'-ap2,R,R,,acetylcholine,dopamine,0.7675088257980301,,dopamine,acetylcholine,1,True,True
44485,KCg-d,KCg-d,cb_intrinsic,Kenyon_Cell,,KCg-d_R,KCg-d,R,R,,acetylcholine,dopamine,0.7253925383300003,,dopamine,acetylcholine,1,True,True
44551,KCa'b'-ap2,KCa'b'-ap2,cb_intrinsic,Kenyon_Cell,,KCa'b'-ap2_L,KCa'b'-ap2,L,L,,acetylcholine,dopamine,0.7274672236302763,,dopamine,acetylcholine,1,True,True
44557,KCa'b'-m,KCa'b'-m,cb_intrinsic,Kenyon_Cell,,KCa'b'-m_R,KCa'b'-m,R,R,,acetylcholine,dopamine,0.6723232090811474,,dopamine,acetylcholine,1,True,True
44587,M_lvPNm48,M_lvPNm48,cb_intrinsic,ALPN,,M_lvPNm48_L,M_lvPNm48,L,L,,acetylcholine,acetylcholine,0.8897974333547569,acetylcholine,acetylcholine,acetylcholine,1,True,True
44619,MBON15-like,MBON15-like,cb_intrinsic,MBON,,MBON15-like(a'1a'2)_R,MBON15-like,R,R,,acetylcholine,acetylcholine,0.957819336952017,acetylcholine,acetylcholine,acetylcholine,1,True,True
44647,KCa'b'-ap1,KCa'b'-ap1,cb_intrinsic,Kenyon_Cell,,KCa'b'-ap1_L,KCa'b'-ap1,L,L,,acetylcholine,dopamine,0.6805938177157654,,dopamine,acetylcholine,1,True,True
44682,KCg-m,KCg-m,cb_intrinsic,Kenyon_Cell,,KCg-m_L,KCg-m,L,L,,acetylcholine,dopamine,0.7636353796372255,,dopamine,acetylcholine,1,True,True
44748,KCa'b'-ap2,KCa'b'-ap2,cb_intrinsic,Kenyon_Cell,,KCa'b'-ap2_R,KCa'b'-ap2,R,R,,acetylcholine,dopamine,0.762956371530783,,dopamine,acetylcholine,1,True,True
44766,KCg-m,KCg-m,cb_intrinsic,Kenyon_Cell,,KCg-m_R,KCg-m,R,R,,acetylcholine,dopamine,0.7688223270440252,,dopamine,acetylcholine,1,True,True
44820,KCa'b'-ap1,KCa'b'-ap1,cb_intrinsic,Kenyon_Cell,,KCa'b'-ap1_L,KCa'b'-ap1,L,L,,acetylcholine,dopamine,0.6568440692677652,,dopamine,acetylcholine,1,True,True
44840,KCg-m,KCg-m,cb_intrinsic,Kenyon_Cell,,KCg-m_R,KCg-m,R,R,,acetylcholine,dopamine,0.7264091684839291,,dopamine,acetylcholine,1,True,True
44848,KCa'b'-ap1,KCa'b'-ap1,cb_intrinsic,Kenyon_Cell,,KCa'b'-ap1_L,KCa'b'-ap1,L,L,,acetylcholine,dopamine,0.7200806348801632,,dopamine,acetylcholine,1,True,True
44850,KCg-s3,KCg-s3,cb_intrinsic,Kenyon_Cell,,KCg-s3_L,KCg-m,L,L,,acetylcholine,dopamine,0.5947099859674039,,dopamine,acetylcholine,1,True,True
44940,KCg-m,KCg-m,cb_intrinsic,Kenyon_Cell,,KCg-m_R,KCg-m,R,R,,acetylcholine,dopamine,0.7830160467635641,,dopamine,acetylcholine,1,True,True
44948,KCg-d,KCg-d,cb_intrinsic,Kenyon_Cell,,KCg-d_R,KCg-d,R,R,,acetylcholine,dopamine,0.7605899607763575,,dopamine,acetylcholine,1,True,True
44995,M_lPNm11D,M_lPNm11D,cb_intrinsic,ALPN,,M_lPNm11D_R,M_lPNm11D,R,R,,acetylcholine,acetylcholine,0.8700514948344121,acetylcholine,acetylcholine,acetylcholine,1,True,True
45016,KCg-m,KCg-m,cb_intrinsic,Kenyon_Cell,,KCg-m_R,KCg-m,R,R,,acetylcholine,dopamine,0.730884721583065,,dopamine,acetylcholine,1,True,True
45018,M_lvPNm35,M_lvPNm35,cb_intrinsic,ALPN,BI,M_lvPNm35_L,M_lvPNm35,L,L,,acetylcholine,serotonin,0.5734555288461538,acetylcholine,acetylcholine,acetylcholine,1,True,True
45032,KCab-s,KCab-s,cb_intrinsic,Kenyon_Cell,,KCab-s_R,"KCab-m,KCab-c,KCab-s",R,R,,acetylcholine,dopamine,0.7667614687384388,,dopamine,acetylcholine,1,True,True
45060,KCg-m,KCg-m,cb_intrinsic,Kenyon_Cell,,KCg-m_R,KCg-m,R,R,,acetylcholine,dopamine,0.7656961290805631,,dopamine,acetylcholine,1,True,True
45066,KCa'b'-ap2,KCa'b'-ap2,cb_intrinsic,Kenyon_Cell,,KCa'b'-ap2_L,KCa'b'-ap2,L,L,,acetylcholine,dopamine,0.7779167729049805,,dopamine,acetylcholine,1,True,True
45149,M_vPNml80,M_vPNml80,cb_intrinsic,ALPN,,M_vPNml80_L,M_vPNml80,L,L,,gaba,gaba,0.8170066507120295,gaba,gaba,gaba,-1,True,True
45183,KCg-m,KCg-m,cb_intrinsic,Kenyon_Cell,,KCg-m_R,KCg-m,R,R,,acetylcholine,dopamine,0.7297311165845648,,dopamine,acetylcholine,1,True,True
45199,KCg-m,KCg-m,cb_intrinsic,Kenyon_Cell,,KCg-m_L,KCg-m,L,L,,acetylcholine,dopamine,0.7938905267295597,,dopamine,acetylcholine,1,True,True
45259,KCg-m,KCg-m,cb_intrinsic,Kenyon_Cell,,KCg-m_L,KCg-m,L,L,,acetylcholine,dopamine,0.6987940813117699,,dopamine,acetylcholine,1,True,True
45266,KCa'b'-ap2,KCa'b'-ap2,cb_intrinsic,Kenyon_Cell,,KCa'b'-ap2_L,KCa'b'-ap2,L,L,,acetylcholine,dopamine,0.7190086600189004,,dopamine,acetylcholine,1,True,True
45325,M_lvPNm44,M_lvPNm44,cb_intrinsic,ALPN,,M_lvPNm44_R,M_lvPNm44,R,R,,acetylcholine,acetylcholine,0.8760456597959896,acetylcholine,acetylcholine,acetylcholine,1,True,True
45380,KCg-m,KCg-m,cb_intrinsic,Kenyon_Cell,,KCg-m_L,KCg-m,L,L,,acetylcholine,dopamine,0.7736706689536877,,dopamine,acetylcholine,1,True,True
45388,KCa'b'-ap1,KCa'b'-ap1,cb_intrinsic,Kenyon_Cell,,KCa'b'-ap1_R,KCa'b'-ap1,R,R,,acetylcholine,dopamine,0.669187595129376,,dopamine,acetylcholine,1,True,True
45392,KCg-m,KCg-m,cb_intrinsic,Kenyon_Cell,,KCg-m_R,KCg-m,R,R,,acetylcholine,dopamine,0.7142205807234301,,dopamine,acetylcholine,1,True,True
45407,VM6_lvPN,VM6_lvPN,cb_intrinsic,ALPN,BI,VM6_lvPN_L,,L,L,,acetylcholine,acetylcholine,0.776306987732817,acetylcholine,acetylcholine,acetylcholine,1,True,True
45430,M_lPNm11C,M_lPNm11C,cb_intrinsic,ALPN,BI,M_lPNm11C_R,M_lPNm11C,R,R,,acetylcholine,acetylcholine,0.9003484233948259,acetylcholine,acetylcholine,acetylcholine,1,True,True
45434,KCg-m,KCg-m,cb_intrinsic,Kenyon_Cell,,KCg-m_L,KCg-m,L,L,,acetylcholine,dopamine,0.7279101407461684,,dopamine,acetylcholine,1,True,True
45451,CB3447,CB3447,cb_intrinsic,ALPN,,CB3447_L,"M_vPNml61,M_vPNml62",L,L,,gaba,gaba,0.629502217597769,gaba,gaba,gaba,-1,True,True
45460,KCg-m,KCg-m,cb_intrinsic,Kenyon_Cell,,KCg-m_L,KCg-m,L,L,,acetylcholine,dopamine,0.6981703515917214,,dopamine,acetylcholine,1,True,True
45467,KCg-m,KCg-m,cb_intrinsic,Kenyon_Cell,,KCg-m_L,KCg-m,L,L,,acetylcholine,dopamine,0.7620634410139128,,dopamine,acetylcholine,1,True,True
45512,KCg-m,KCg-m,cb_intrinsic,Kenyon_Cell,,KCg-m_R,KCg-m,R,R,,acetylcholine,dopamine,0.6960982043143478,,dopamine,acetylcholine,1,True,True
45529,KCab-s,KCab-s,cb_intrinsic,Kenyon_Cell,,KCab-s_R,"KCab-m,KCab-c,KCab-s",R,R,,acetylcholine,dopamine,0.7542307412658595,,dopamine,acetylcholine,1,True,True
45553,KCg-m,KCg-m,cb_intrinsic,Kenyon_Cell,,KCg-m_R,KCg-m,R,R,,acetylcholine,dopamine,0.7478809319611207,,dopamine,acetylcholine,1,True,True
45563,KCg-m,KCg-m,cb_intrinsic,Kenyon_Cell,,KCg-m_R,KCg-m,R,R,,acetylcholine,dopamine,0.7861726398884783,,dopamine,acetylcholine,1,True,True
45612,KCg-m,KCg-m,cb_intrinsic,Kenyon_Cell,,KCg-m_R,KCg-m,R,R,,acetylcholine,dopamine,0.7453361893476742,,dopamine,acetylcholine,1,True,True
45620,KCg-m,KCg-m,cb_intrinsic,Kenyon_Cell,,KCg-m_L,KCg-m,L,L,,acetylcholine,dopamine,0.7484212440486687,,dopamine,acetylcholine,1,True,True
45663,KCg-m,KCg-m,cb_intrinsic,Kenyon_Cell,,KCg-m_R,KCg-m,R,R,,acetylcholine,dopamine,0.7115237833547048,,dopamine,acetylcholine,1,True,True
45721,KCab-s,KCab-s,cb_intrinsic,Kenyon_Cell,,KCab-s_R,"KCab-m,KCab-c,KCab-s",R,R,,acetylcholine,dopamine,0.7026966690593383,,dopamine,acetylcholine,1,True,True
45736,KCg-m,KCg-m,cb_intrinsic,Kenyon_Cell,,KCg-m_R,KCg-m,R,R,,acetylcholine,dopamine,0.7416646740863113,,dopamine,acetylcholine,1,True,True
45761,KCg-m,KCg-m,cb_intrinsic,Kenyon_Cell,,KCg-m_R,KCg-m,R,R,,acetylcholine,dopamine,0.7354569827447186,,dopamine,acetylcholine,1,True,True
45807,KCa'b'-m,KCa'b'-m,cb_intrinsic,Kenyon_Cell,,KCa'b'-m_L,KCa'b'-m,L,L,,acetylcholine,dopamine,0.7012818057018804,,dopamine,acetylcholine,1,True,True
45881,KCg-m,KCg-m,cb_intrinsic,Kenyon_Cell,,KCg-m_R,KCg-m,R,R,,acetylcholine,dopamine,0.716125437581583,,dopamine,acetylcholine,1,True,True
45950,KCg-m,KCg-m,cb_intrinsic,Kenyon_Cell,,KCg-m_L,KCg-m,L,L,,acetylcholine,dopamine,0.762041275521269,,dopamine,acetylcholine,1,True,True
45969,PEG,PEG,cb_intrinsic,CX,,PEG(PB07)_R9,PEG,R,R,,acetylcholine,acetylcholine,0.7833880049833312,acetylcholine,acetylcholine,acetylcholine,1,True,True
46056,KCa'b'-ap2,KCa'b'-ap2,cb_intrinsic,Kenyon_Cell,,KCa'b'-ap2_R,KCa'b'-ap2,R,R,,acetylcholine,dopamine,0.744636576351009,,dopamine,acetylcholine,1,True,True
46118,KCa'b'-ap1,KCa'b'-ap1,cb_intrinsic,Kenyon_Cell,,KCa'b'-ap1_R,KCa'b'-ap1,R,R,,acetylcholine,dopamine,0.7103702115494568,,dopamine,acetylcholine,1,True,True
46184,M_lvPNm48,M_lvPNm48,cb_intrinsic,ALPN,,M_lvPNm48_L,M_lvPNm48,L,L,,acetylcholine,acetylcholine,0.8379303027775493,acetylcholine,acetylcholine,acetylcholine,1,True,True
46195,KCg-m,KCg-m,cb_intrinsic,Kenyon_Cell,,KCg-m_R,KCg-m,R,R,,acetylcholine,dopamine,0.7167556082079819,,dopamine,acetylcholine,1,True,True
46196,KCg-d,KCg-d,cb_intrinsic,Kenyon_Cell,,KCg-d_R,KCg-d,R,R,,acetylcholine,dopamine,0.7649078147677794,,dopamine,acetylcholine,1,True,True
46266,KCg-m,KCg-m,cb_intrinsic,Kenyon_Cell,,KCg-m_R,KCg-m,R,R,,acetylcholine,dopamine,0.7183416529278867,,dopamine,acetylcholine,1,True,True
46287,KCg-m,KCg-m,cb_intrinsic,Kenyon_Cell,,KCg-m_R,KCg-m,R,R,,acetylcholine,dopamine,0.7501848070965925,,dopamine,acetylcholine,1,True,True
46398,KCab-p,KCab-p,cb_intrinsic,Kenyon_Cell,,KCab-p_R,KCab-p,R,R,,acetylcholine,dopamine,0.5780705184605859,,dopamine,acetylcholine,1,True,True
46400,KCa'b'-ap2,KCa'b'-ap2,cb_intrinsic,Kenyon_Cell,,KCa'b'-ap2_L,KCa'b'-ap2,L,L,,acetylcholine,dopamine,0.7258343160377358,,dopamine,acetylcholine,1,True,True
46425,KCa'b'-m,KCa'b'-m,cb_intrinsic,Kenyon_Cell,,KCa'b'-m_R,KCa'b'-m,R,R,,acetylcholine,dopamine,0.6495381289308176,,dopamine,acetylcholine,1,True,True
46457,KCg-m,KCg-m,cb_intrinsic,Kenyon_Cell,,KCg-m_R,KCg-m,R,R,,acetylcholine,dopamine,0.7422152720809406,,dopamine,acetylcholine,1,True,True
46463,KCg-m,KCg-m,cb_intrinsic,Kenyon_Cell,,KCg-m_R,KCg-m,R,R,,acetylcholine,dopamine,0.7734302026900803,,dopamine,acetylcholine,1,True,True
46475,KCg-m,KCg-m,cb_intrinsic,Kenyon_Cell,,KCg-m_R,KCg-m,R,R,,acetylcholine,dopamine,0.7698150559207718,,dopamine,acetylcholine,1,True,True
46497,KCg-m,KCg-m,cb_intrinsic,Kenyon_Cell,,KCg-m_L,KCg-m,L,L,,acetylcholine,dopamine,0.6769971311927618,,dopamine,acetylcholine,1,True,True
46566,KCa'b'-ap2,KCa'b'-ap2,cb_intrinsic,Kenyon_Cell,,KCa'b'-ap2_L,KCa'b'-ap2,L,L,,acetylcholine,dopamine,0.7287309720598876,,dopamine,acetylcholine,1,True,True
46592,KCab-s,KCab-s,cb_intrinsic,Kenyon_Cell,,KCab-s_R,"KCab-m,KCab-c,KCab-s",R,R,,acetylcholine,dopamine,0.741995189304011,,dopamine,acetylcholine,1,True,True
46631,KCa'b'-ap1,KCa'b'-ap1,cb_intrinsic,Kenyon_Cell,,KCa'b'-ap1_L,KCa'b'-ap1,L,L,,acetylcholine,dopamine,0.5999410377358491,,dopamine,acetylcholine,1,True,True
46670,KCg-m,KCg-m,cb_intrinsic,Kenyon_Cell,,KCg-m_R,KCg-m,R,R,,acetylcholine,dopamine,0.7701055564327254,,dopamine,acetylcholine,1,True,True
46790,M_lPNm11A,M_lPNm11A,cb_intrinsic,ALPN,BI,M_lPNm11A_R,M_lPNm11A,R,R,,acetylcholine,acetylcholine,0.8904276122273147,acetylcholine,acetylcholine,acetylcholine,1,True,True
46794,PAM04,PAM04,cb_intrinsic,DAN,,PAM04(B2)_R,PAM04,R,R,,dopamine,dopamine,0.8122611655122999,dopamine,dopamine,dopamine,0,True,True
46806,KCa'b'-ap1,KCa'b'-ap1,cb_intrinsic,Kenyon_Cell,,KCa'b'-ap1_L,KCa'b'-ap1,L,L,,acetylcholine,dopamine,0.6512417594907933,,dopamine,acetylcholine,1,True,True
46991,KCg-m,KCg-m,cb_intrinsic,Kenyon_Cell,,KCg-m_R,KCg-m,R,R,,acetylcholine,dopamine,0.7117614200595829,,dopamine,acetylcholine,1,True,True
47026,KCg-m,KCg-m,cb_intrinsic,Kenyon_Cell,,KCg-m_R,KCg-m,R,R,,acetylcholine,dopamine,0.7360154307444785,,dopamine,acetylcholine,1,True,True
47040,M_lvPNm48,M_lvPNm48,cb_intrinsic,ALPN,,M_lvPNm48_R,M_lvPNm48,R,R,,acetylcholine,acetylcholine,0.9343394474512396,acetylcholine,acetylcholine,acetylcholine,1,True,True
47074,KCa'b'-ap1,KCa'b'-ap1,cb_intrinsic,Kenyon_Cell,,KCa'b'-ap1_L,KCa'b'-ap1,L,L,,acetylcholine,dopamine,0.6603844138042252,,dopamine,acetylcholine,1,True,True
47101,KCg-m,KCg-m,cb_intrinsic,Kenyon_Cell,,KCg-m_L,KCg-m,L,L,,acetylcholine,dopamine,0.7481703462361408,,dopamine,acetylcholine,1,True,True
47117,KCg-m,KCg-m,cb_intrinsic,Kenyon_Cell,,KCg-m_L,KCg-m,L,L,,acetylcholine,dopamine,0.7232724355904606,,dopamine,acetylcholine,1,True,True
47181,KCg-d,KCg-d,cb_intrinsic,Kenyon_Cell,,KCg-d_L,KCg-d,L,L,,acetylcholine,dopamine,0.7194972544136896,,dopamine,acetylcholine,1,True,True
47193,KCab-s,KCab-s,cb_intrinsic,Kenyon_Cell,,KCab-s_L,"KCab-m,KCab-c,KCab-s",L,L,,acetylcholine,dopamine,0.6646658347959631,,dopamine,acetylcholine,1,True,True
47196,PAM07,PAM07,cb_intrinsic,DAN,,PAM07(y4<y1y2)_R,PAM07,R,R,,dopamine,dopamine,0.9076509433962264,dopamine,dopamine,dopamine,0,True,True
47203,KCa'b'-m,KCa'b'-m,cb_intrinsic,Kenyon_Cell,,KCa'b'-m_L,KCa'b'-m,L,L,,acetylcholine,dopamine,0.7257901951298178,,dopamine,acetylcholine,1,True,True
47287,KCg-m,KCg-m,cb_intrinsic,Kenyon_Cell,,KCg-m_L,KCg-m,L,L,,acetylcholine,dopamine,0.7349202119617804,,dopamine,acetylcholine,1,True,True
47301,KCa'b'-ap1,KCa'b'-ap1,cb_intrinsic,Kenyon_Cell,,KCa'b'-ap1_L,KCa'b'-ap1,L,L,,acetylcholine,dopamine,0.7080533118781683,,dopamine,acetylcholine,1,True,True
47354,KCg-d,KCg-d,cb_intrinsic,Kenyon_Cell,,KCg-d_R,KCg-d,R,R,,acetylcholine,dopamine,0.741521498847998,,dopamine,acetylcholine,1,True,True
47380,KCg-m,KCg-m,cb_intrinsic,Kenyon_Cell,,KCg-m_R,KCg-m,R,R,,acetylcholine,dopamine,0.7749251272836178,,dopamine,acetylcholine,1,True,True
47391,KCa'b'-ap2,KCa'b'-ap2,cb_intrinsic,Kenyon_Cell,,KCa'b'-ap2_L,KCa'b'-ap2,L,L,,acetylcholine,dopamine,0.7077733478087251,,dopamine,acetylcholine,1,True,True
47401,KCa'b'-m,KCa'b'-m,cb_intrinsic,Kenyon_Cell,,KCa'b'-m_L,KCa'b'-m,L,L,,acetylcholine,dopamine,0.7741357870706338,,dopamine,acetylcholine,1,True,True
47413,M_lvPNm37,M_lvPNm37,cb_intrinsic,ALPN,,M_lvPNm37_R,M_lvPNm37,R,R,,acetylcholine,acetylcholine,0.7894096800216744,acetylcholine,acetylcholine,acetylcholine,1,True,True
47435,KCa'b'-ap1,KCa'b'-ap1,cb_intrinsic,Kenyon_Cell,,KCa'b'-ap1_R,KCa'b'-ap1,R,R,,acetylcholine,dopamine,0.6587926369765993,,dopamine,acetylcholine,1,True,True
47441,KCg-m,KCg-m,cb_intrinsic,Kenyon_Cell,,KCg-m_R,KCg-m,R,R,,acetylcholine,dopamine,0.669230672582637,,dopamine,acetylcholine,1,True,True
47446,KCg-m,KCg-m,cb_intrinsic,Kenyon_Cell,,KCg-m_R,KCg-m,R,R,,acetylcholine,dopamine,0.734447129534963,,dopamine,acetylcholine,1,True,True
47551,MBON19,MBON19,cb_intrinsic,MBON,,MBON19(a2p3p)_L,MBON19,L,L,,acetylcholine,acetylcholine,0.9562042111995622,acetylcholine,acetylcholine,acetylcholine,1,True,True
47567,KCg-d,KCg-d,cb_intrinsic,Kenyon_Cell,,KCg-d_L,KCg-d,L,L,,acetylcholine,dopamine,0.8003497419771004,,dopamine,acetylcholine,1,True,True
47617,M_lvPNm41,M_lvPNm41,cb_intrinsic,ALPN,,M_lvPNm41_R,M_lvPNm41,R,R,,acetylcholine,acetylcholine,0.9563007905967064,acetylcholine,acetylcholine,acetylcholine,1,True,True
47630,KCa'b'-ap2,KCa'b'-ap2,cb_intrinsic,Kenyon_Cell,,KCa'b'-ap2_R,KCa'b'-ap2,R,R,,acetylcholine,dopamine,0.7511820134644345,,dopamine,acetylcholine,1,True,True
47694,KCg-m,KCg-m,cb_intrinsic,Kenyon_Cell,,KCg-m_L,KCg-m,L,L,,acetylcholine,dopamine,0.7325538189555367,,dopamine,acetylcholine,1,True,True
47728,VP1l+_lvPN,VP1l+_lvPN,cb_intrinsic,ALPN,,VP1l+_lvPN_R,VP1l+_lvPN,R,R,,acetylcholine,serotonin,0.532488344988345,acetylcholine,unclear,acetylcholine,1,True,True
47732,KCa'b'-ap1,KCa'b'-ap1,cb_intrinsic,Kenyon_Cell,,KCa'b'-ap1_R,KCa'b'-ap1,R,R,,acetylcholine,dopamine,0.7106732042370076,,dopamine,acetylcholine,1,True,True
47737,KCa'b'-ap1,KCa'b'-ap1,cb_intrinsic,Kenyon_Cell,,KCa'b'-ap1_R,KCa'b'-ap1,R,R,,acetylcholine,dopamine,0.6939057208514756,,dopamine,acetylcholine,1,True,True
47758,KCg-m,KCg-m,cb_intrinsic,Kenyon_Cell,,KCg-m_L,KCg-m,L,L,,acetylcholine,dopamine,0.7694224113699449,,dopamine,acetylcholine,1,True,True
47771,KCa'b'-ap2,KCa'b'-ap2,cb_intrinsic,Kenyon_Cell,,KCa'b'-ap2_L,KCa'b'-ap2,L,L,,acetylcholine,dopamine,0.7105475040257649,,dopamine,acetylcholine,1,True,True
47779,KCg-m,KCg-m,cb_intrinsic,Kenyon_Cell,,KCg-m_R,KCg-m,R,R,,acetylcholine,dopamine,0.7022367497099591,,dopamine,acetylcholine,1,True,True
47793,KCa'b'-m,KCa'b'-m,cb_intrinsic,Kenyon_Cell,,KCa'b'-m_R,KCa'b'-m,R,R,,acetylcholine,dopamine,0.6732754851511789,,dopamine,acetylcholine,1,True,True
47834,KCa'b'-ap1,KCa'b'-ap1,cb_intrinsic,Kenyon_Cell,,KCa'b'-ap1_R,KCa'b'-ap1,R,R,,acetylcholine,dopamine,0.6759119812583668,,dopamine,acetylcholine,1,True,True
47839,M_vPNml68,M_vPNml68,cb_intrinsic,ALPN,,M_vPNml68_R,M_vPNml68,R,R,,gaba,gaba,0.8502653026878508,gaba,gaba,gaba,-1,True,True
47847,KCg-d,KCg-d,cb_intrinsic,Kenyon_Cell,,KCg-d_R,KCg-d,R,R,,acetylcholine,dopamine,0.7565831560611667,,dopamine,acetylcholine,1,True,True
47858,KCg-m,KCg-m,cb_intrinsic,Kenyon_Cell,,KCg-m_R,KCg-m,R,R,,acetylcholine,dopamine,0.7329202919803174,,dopamine,acetylcholine,1,True,True
47901,KCg-m,KCg-m,cb_intrinsic,Kenyon_Cell,,KCg-m_R,KCg-m,R,R,,acetylcholine,dopamine,0.7583232543138203,,dopamine,acetylcholine,1,True,True
47984,KCg-m,KCg-m,cb_intrinsic,Kenyon_Cell,,KCg-m_R,KCg-m,R,R,,acetylcholine,dopamine,0.7671000106857178,,dopamine,acetylcholine,1,True,True
47988,KCg-m,KCg-m,cb_intrinsic,Kenyon_Cell,,KCg-m_L,KCg-m,L,L,,acetylcholine,dopamine,0.7425659457379902,,dopamine,acetylcholine,1,True,True
47997,KCg-m,KCg-m,cb_intrinsic,Kenyon_Cell,,KCg-m_R,KCg-m,R,R,,acetylcholine,dopamine,0.7287316991442417,,dopamine,acetylcholine,1,True,True
48009,KCa'b'-ap2,KCa'b'-ap2,cb_intrinsic,Kenyon_Cell,,KCa'b'-ap2_R,KCa'b'-ap2,R,R,,acetylcholine,dopamine,0.7124290645557724,,dopamine,acetylcholine,1,True,True
48021,KCg-m,KCg-m,cb_intrinsic,Kenyon_Cell,,KCg-m_R,KCg-m,R,R,,acetylcholine,dopamine,0.7851825492477765,,dopamine,acetylcholine,1,True,True
48030,KCab-s,KCab-s,cb_intrinsic,Kenyon_Cell,,KCab-s_L,"KCab-m,KCab-c,KCab-s",L,L,,acetylcholine,dopamine,0.7522452065863033,,dopamine,acetylcholine,1,True,True
48032,KCa'b'-ap2,KCa'b'-ap2,cb_intrinsic,Kenyon_Cell,,KCa'b'-ap2_L,KCa'b'-ap2,L,L,,acetylcholine,dopamine,0.7333211342441986,,dopamine,acetylcholine,1,True,True
48034,KCa'b'-ap2,KCa'b'-ap2,cb_intrinsic,Kenyon_Cell,,KCa'b'-ap2_L,KCa'b'-ap2,L,L,,acetylcholine,dopamine,0.6889401246580366,,dopamine,acetylcholine,1,True,True
48042,M_lvPNm48,M_lvPNm48,cb_intrinsic,ALPN,,M_lvPNm48_L,M_lvPNm48,L,L,,acetylcholine,acetylcholine,0.9049361786705488,acetylcholine,acetylcholine,acetylcholine,1,True,True
48100,KCa'b'-ap2,KCa'b'-ap2,cb_intrinsic,Kenyon_Cell,,KCa'b'-ap2_L,KCa'b'-ap2,L,L,,acetylcholine,dopamine,0.7564771354215075,,dopamine,acetylcholine,1,True,True
48111,KCg-m,KCg-m,cb_intrinsic,Kenyon_Cell,,KCg-m_R,KCg-m,R,R,,acetylcholine,dopamine,0.7028064814135035,,dopamine,acetylcholine,1,True,True
48113,PAM10,PAM10,cb_intrinsic,DAN,,PAM10(B1)_L,PAM10,L,L,,dopamine,dopamine,0.9087854251786561,dopamine,dopamine,dopamine,0,True,True
48122,KCg-d,KCg-d,cb_intrinsic,Kenyon_Cell,,KCg-d_L,KCg-d,L,L,,acetylcholine,dopamine,0.7782352238037441,,dopamine,acetylcholine,1,True,True
48147,KCg-d,KCg-d,cb_intrinsic,Kenyon_Cell,,KCg-d_R,KCg-d,R,R,,acetylcholine,dopamine,0.7021114377297724,,dopamine,acetylcholine,1,True,True
48174,KCa'b'-ap1,KCa'b'-ap1,cb_intrinsic,Kenyon_Cell,,KCa'b'-ap1_R,KCa'b'-ap1,R,R,,acetylcholine,dopamine,0.6569111704181838,,dopamine,acetylcholine,1,True,True
48219,KCab-p,KCab-p,cb_intrinsic,Kenyon_Cell,,KCab-p_R,KCab-p,R,R,,acetylcholine,dopamine,0.6696985987791342,,dopamine,acetylcholine,1,True,True
48309,KCg-m,KCg-m,cb_intrinsic,Kenyon_Cell,,KCg-m_R,KCg-m,R,R,,acetylcholine,dopamine,0.7362972901424721,,dopamine,acetylcholine,1,True,True
48313,KCg-m,KCg-m,cb_intrinsic,Kenyon_Cell,,KCg-m_R,KCg-m,R,R,,acetylcholine,dopamine,0.708998186933887,,dopamine,acetylcholine,1,True,True
48337,KCg-m,KCg-m,cb_intrinsic,Kenyon_Cell,,KCg-m_L,KCg-m,L,L,,acetylcholine,dopamine,0.7620814835368109,,dopamine,acetylcholine,1,True,True
48347,KCg-m,KCg-m,cb_intrinsic,Kenyon_Cell,,KCg-m_R,KCg-m,R,R,,acetylcholine,dopamine,0.7297245497871011,,dopamine,acetylcholine,1,True,True
48438,KCg-d,KCg-d,cb_intrinsic,Kenyon_Cell,,KCg-d_R,KCg-d,R,R,,acetylcholine,dopamine,0.7112275120666959,,dopamine,acetylcholine,1,True,True
48443,KCa'b'-ap1,KCa'b'-ap1,cb_intrinsic,Kenyon_Cell,,KCa'b'-ap1_R,KCa'b'-ap1,R,R,,acetylcholine,dopamine,0.6822006419731618,,dopamine,acetylcholine,1,True,True
48477,M_vPNml67,M_vPNml67,cb_intrinsic,ALPN,,M_vPNml67_L,M_vPNml67,L,L,,gaba,gaba,0.8236050501095797,gaba,gaba,gaba,-1,True,True
48502,KCa'b'-ap2,KCa'b'-ap2,cb_intrinsic,Kenyon_Cell,,KCa'b'-ap2_L,KCa'b'-ap2,L,L,,acetylcholine,dopamine,0.7402822518791227,,dopamine,acetylcholine,1,True,True
48515,KCg-m,KCg-m,cb_intrinsic,Kenyon_Cell,,KCg-m_R,KCg-m,R,R,,acetylcholine,dopamine,0.6823362478907808,,dopamine,acetylcholine,1,True,True
48517,KCa'b'-ap1,KCa'b'-ap1,cb_intrinsic,Kenyon_Cell,,KCa'b'-ap1_R,KCa'b'-ap1,R,R,,acetylcholine,dopamine,0.6915751246529549,,dopamine,acetylcholine,1,True,True
48533,KCg-d,KCg-d,cb_intrinsic,Kenyon_Cell,,KCg-d_R,KCg-d,R,R,,acetylcholine,dopamine,0.7452598371230447,,dopamine,acetylcholine,1,True,True
48596,KCg-m,KCg-m,cb_intrinsic,Kenyon_Cell,,KCg-m_L,KCg-m,L,L,,acetylcholine,dopamine,0.7833940823327616,,dopamine,acetylcholine,1,True,True
48632,KCg-d,KCg-d,cb_intrinsic,Kenyon_Cell,,KCg-d_R,KCg-d,R,R,,acetylcholine,dopamine,0.8135937041744061,,dopamine,acetylcholine,1,True,True
48641,KCg-d,KCg-d,cb_intrinsic,Kenyon_Cell,,KCg-d_R,KCg-d,R,R,,acetylcholine,dopamine,0.7813148382286195,,dopamine,acetylcholine,1,True,True
48729,KCa'b'-ap1,KCa'b'-ap1,cb_intrinsic,Kenyon_Cell,,KCa'b'-ap1_R,KCa'b'-ap1,R,R,,acetylcholine,dopamine,0.6800570425625274,,dopamine,acetylcholine,1,True,True
48759,KCg-m,KCg-m,cb_intrinsic,Kenyon_Cell,,KCg-m_L,KCg-m,L,L,,acetylcholine,dopamine,0.729314999406669,,dopamine,acetylcholine,1,True,True
48779,KCa'b'-ap2,KCa'b'-ap2,cb_intrinsic,Kenyon_Cell,,KCa'b'-ap2_R,KCa'b'-ap2,R,R,,acetylcholine,dopamine,0.7340427523210543,,dopamine,acetylcholine,1,True,True
48817,M_vPNml87,M_vPNml87,cb_intrinsic,ALPN,,M_vPNml87_R,M_vPNml87,R,R,,gaba,gaba,0.6392826694400748,,gaba,gaba,-1,True,True
48829,KCa'b'-ap1,KCa'b'-ap1,cb_intrinsic,Kenyon_Cell,,KCa'b'-ap1_R,KCa'b'-ap1,R,R,,acetylcholine,dopamine,0.6908108981529818,,dopamine,acetylcholine,1,True,True
48886,KCg-m,KCg-m,cb_intrinsic,Kenyon_Cell,,KCg-m_R,KCg-m,R,R,,acetylcholine,dopamine,0.8117687082974172,,dopamine,acetylcholine,1,True,True
48904,KCg-m,KCg-m,cb_intrinsic,Kenyon_Cell,,KCg-m_R,KCg-m,R,R,,acetylcholine,dopamine,0.7952636941779979,,dopamine,acetylcholine,1,True,True
48912,KCa'b'-ap2,KCa'b'-ap2,cb_intrinsic,Kenyon_Cell,,KCa'b'-ap2_R,KCa'b'-ap2,R,R,,acetylcholine,dopamine,0.7307429049719953,,dopamine,acetylcholine,1,True,True
48963,CB2561,CB2561,cb_intrinsic,ALPN,,CB2561_R,,R,R,,gaba,gaba,0.8274315117439213,gaba,gaba,gaba,-1,True,True
48975,KCg-m,KCg-m,cb_intrinsic,Kenyon_Cell,,KCg-m_R,KCg-m,R,R,,acetylcholine,dopamine,0.683224388690089,,dopamine,acetylcholine,1,True,True
48978,KCg-d,KCg-d,cb_intrinsic,Kenyon_Cell,,KCg-d_R,KCg-d,R,R,,acetylcholine,dopamine,0.7688689589539887,,dopamine,acetylcholine,1,True,True
49019,KCg-m,KCg-m,cb_intrinsic,Kenyon_Cell,,KCg-m_R,KCg-m,R,R,,acetylcholine,dopamine,0.6994758909853249,,dopamine,acetylcholine,1,True,True
49022,KCa'b'-ap1,KCa'b'-ap1,cb_intrinsic,Kenyon_Cell,,KCa'b'-ap1_L,KCa'b'-ap1,L,L,,acetylcholine,dopamine,0.6379596298135275,,dopamine,acetylcholine,1,True,True
49043,PAM07,PAM07,cb_intrinsic,DAN,,PAM07(y4<y1y2)_R,PAM07,R,R,,dopamine,dopamine,0.9100807923405211,dopamine,dopamine,dopamine,0,True,True
49052,KCg-d,KCg-d,cb_intrinsic,Kenyon_Cell,,KCg-d_R,KCg-d,R,R,,acetylcholine,dopamine,0.7497412973526401,,dopamine,acetylcholine,1,True,True
49073,KCg-m,KCg-m,cb_intrinsic,Kenyon_Cell,,KCg-m_R,KCg-m,R,R,,acetylcholine,dopamine,0.7622362149440292,,dopamine,acetylcholine,1,True,True
49124,KCg-m,KCg-m,cb_intrinsic,Kenyon_Cell,,KCg-m_L,KCg-m,L,L,,acetylcholine,dopamine,0.798572231528831,,dopamine,acetylcholine,1,True,True
49160,KCg-m,KCg-m,cb_intrinsic,Kenyon_Cell,,KCg-m_L,KCg-m,L,L,,acetylcholine,dopamine,0.7325811977846616,,dopamine,acetylcholine,1,True,True
49254,KCg-m,KCg-m,cb_intrinsic,Kenyon_Cell,,KCg-m_R,KCg-m,R,R,,acetylcholine,dopamine,0.6809589070202278,,dopamine,acetylcholine,1,True,True
49262,MBON10,MBON10,cb_intrinsic,MBON,,MBON10(B'1)_R,MBON10,R,R,,gaba,gaba,0.790534977783895,gaba,gaba,gaba,-1,True,True
49279,KCg-m,KCg-m,cb_intrinsic,Kenyon_Cell,,KCg-m_R,KCg-m,R,R,,acetylcholine,dopamine,0.7616810796645702,,dopamine,acetylcholine,1,True,True
49345,KCg-d,KCg-d,cb_intrinsic,Kenyon_Cell,,KCg-d_R,KCg-d,R,R,,acetylcholine,dopamine,0.729275856044724,,dopamine,acetylcholine,1,True,True
49354,KCab-c,KCab-c,cb_intrinsic,Kenyon_Cell,,KCab-c_R,"KCab-m,KCab-c,KCab-s",R,R,,acetylcholine,dopamine,0.7291750658495941,,dopamine,acetylcholine,1,True,True
49363,KCa'b'-ap2,KCa'b'-ap2,cb_intrinsic,Kenyon_Cell,,KCa'b'-ap2_L,KCa'b'-ap2,L,L,,acetylcholine,dopamine,0.7171948026657434,,dopamine,acetylcholine,1,True,True
49365,KCab-s,KCab-s,cb_intrinsic,Kenyon_Cell,,KCab-s_R,"KCab-m,KCab-c,KCab-s",R,R,,acetylcholine,dopamine,0.758658454573009,,dopamine,acetylcholine,1,True,True
49367,M_vPNml68,M_vPNml68,cb_intrinsic,ALPN,,M_vPNml68_L,M_vPNml68,L,L,,gaba,gaba,0.8561910857847277,gaba,gaba,gaba,-1,True,True
49394,KCa'b'-ap2,KCa'b'-ap2,cb_intrinsic,Kenyon_Cell,,KCa'b'-ap2_L,KCa'b'-ap2,L,L,,acetylcholine,dopamine,0.7620745253901701,,dopamine,acetylcholine,1,True,True
49420,KCa'b'-m,KCa'b'-m,cb_intrinsic,Kenyon_Cell,,KCa'b'-m_L,KCa'b'-m,L,L,,acetylcholine,dopamine,0.7248872476001323,,dopamine,acetylcholine,1,True,True
49450,KCa'b'-ap2,KCa'b'-ap2,cb_intrinsic,Kenyon_Cell,,KCa'b'-ap2_L,KCa'b'-ap2,L,L,,acetylcholine,dopamine,0.7158164453761938,,dopamine,acetylcholine,1,True,True
49480,KCa'b'-ap1,KCa'b'-ap1,cb_intrinsic,Kenyon_Cell,,KCa'b'-ap1_L,KCa'b'-ap1,L,L,,acetylcholine,dopamine,0.6029866024633124,,dopamine,acetylcholine,1,True,True
49526,KCg-m,KCg-m,cb_intrinsic,Kenyon_Cell,,KCg-m_L,KCg-m,L,L,,acetylcholine,dopamine,0.7600867587601078,,dopamine,acetylcholine,1,True,True
49535,KCa'b'-ap2,KCa'b'-ap2,cb_intrinsic,Kenyon_Cell,,KCa'b'-ap2_L,KCa'b'-ap2,L,L,,acetylcholine,dopamine,0.714663197564141,,dopamine,acetylcholine,1,True,True
49544,KCg-m,KCg-m,cb_intrinsic,Kenyon_Cell,,KCg-m_L,KCg-m,L,L,,acetylcholine,dopamine,0.8177270047169811,,dopamine,acetylcholine,1,True,True
49545,KCg-m,KCg-m,cb_intrinsic,Kenyon_Cell,,KCg-m_L,KCg-m,L,L,,acetylcholine,dopamine,0.7719608068722197,,dopamine,acetylcholine,1,True,True
49569,KCg-m,KCg-m,cb_intrinsic,Kenyon_Cell,,KCg-m_R,KCg-m,R,R,,acetylcholine,dopamine,0.6812321884827045,,dopamine,acetylcholine,1,True,True
49594,KCab-s,KCab-s,cb_intrinsic,Kenyon_Cell,,KCab-s_R,"KCab-m,KCab-c,KCab-s",R,R,,acetylcholine,dopamine,0.793810418122525,,dopamine,acetylcholine,1,True,True
49632,KCg-m,KCg-m,cb_intrinsic,Kenyon_Cell,,KCg-m_R,KCg-m,R,R,,acetylcholine,dopamine,0.7818953429942294,,dopamine,acetylcholine,1,True,True
49661,KCa'b'-ap1,KCa'b'-ap1,cb_intrinsic,Kenyon_Cell,,KCa'b'-ap1_R,KCa'b'-ap1,R,R,,acetylcholine,dopamine,0.7243547382493241,,dopamine,acetylcholine,1,True,True
49687,KCg-m,KCg-m,cb_intrinsic,Kenyon_Cell,,KCg-m_R,KCg-m,R,R,,acetylcholine,dopamine,0.7727157370092202,,dopamine,acetylcholine,1,True,True
49709,KCg-d,KCg-d,cb_intrinsic,Kenyon_Cell,,KCg-d_R,KCg-d,R,R,,acetylcholine,dopamine,0.7599365325521955,,dopamine,acetylcholine,1,True,True
49710,KCg-d,KCg-d,cb_intrinsic,Kenyon_Cell,,KCg-d_R,KCg-d,R,R,,acetylcholine,dopamine,0.7567317672026521,,dopamine,acetylcholine,1,True,True
49750,KCa'b'-ap2,KCa'b'-ap2,cb_intrinsic,Kenyon_Cell,,KCa'b'-ap2_R,KCa'b'-ap2,R,R,,acetylcholine,dopamine,0.775149953412532,,dopamine,acetylcholine,1,True,True
49752,KCg-m,KCg-m,cb_intrinsic,Kenyon_Cell,,KCg-m_R,KCg-m,R,R,,acetylcholine,dopamine,0.7481683866300529,,dopamine,acetylcholine,1,True,True
49774,KCa'b'-m,KCa'b'-m,cb_intrinsic,Kenyon_Cell,,KCa'b'-m_R,KCa'b'-m,R,R,,acetylcholine,dopamine,0.6978238282608008,,dopamine,acetylcholine,1,True,True
49805,KCg-m,KCg-m,cb_intrinsic,Kenyon_Cell,,KCg-m_R,KCg-m,R,R,,acetylcholine,dopamine,0.7514644386457916,,dopamine,acetylcholine,1,True,True
49825,CB2004,CB2004,cb_intrinsic,ALPN,,CB2004_L,"M_vPNml56,M_vPNml58",L,L,,gaba,gaba,0.8120657320955357,gaba,gaba,gaba,-1,True,True
49867,KCg-m,KCg-m,cb_intrinsic,Kenyon_Cell,,KCg-m_L,KCg-m,L,L,,acetylcholine,dopamine,0.7775724177552008,,dopamine,acetylcholine,1,True,True
49899,KCa'b'-m,KCa'b'-m,cb_intrinsic,Kenyon_Cell,,KCa'b'-m_R,KCa'b'-m,R,R,,acetylcholine,dopamine,0.7310921010553246,,dopamine,acetylcholine,1,True,True
49903,KCg-m,KCg-m,cb_intrinsic,Kenyon_Cell,,KCg-m_R,KCg-m,R,R,,acetylcholine,dopamine,0.7222834257420281,,dopamine,acetylcholine,1,True,True
49950,KCa'b'-m,KCa'b'-m,cb_intrinsic,Kenyon_Cell,,KCa'b'-m_L,KCa'b'-m,L,L,,acetylcholine,dopamine,0.6650582185959544,,dopamine,acetylcholine,1,True,True
49978,KCa'b'-ap1,KCa'b'-ap1,cb_intrinsic,Kenyon_Cell,,KCa'b'-ap1_R,KCa'b'-ap1,R,R,,acetylcholine,dopamine,0.6994141685023785,,dopamine,acetylcholine,1,True,True
49987,KCg-m,KCg-m,cb_intrinsic,Kenyon_Cell,,KCg-m_R,KCg-m,R,R,,acetylcholine,dopamine,0.7564034018228333,,dopamine,acetylcholine,1,True,True
50035,KCg-m,KCg-m,cb_intrinsic,Kenyon_Cell,,KCg-m_R,KCg-m,R,R,,acetylcholine,dopamine,0.6595706147716421,,dopamine,acetylcholine,1,True,True
50057,KCa'b'-ap1,KCa'b'-ap1,cb_intrinsic,Kenyon_Cell,,KCa'b'-ap1_R,KCa'b'-ap1,R,R,,acetylcholine,dopamine,0.6646107866626734,,dopamine,acetylcholine,1,True,True
50065,KCa'b'-ap1,KCa'b'-ap1,cb_intrinsic,Kenyon_Cell,,KCa'b'-ap1_R,KCa'b'-ap1,R,R,,acetylcholine,dopamine,0.6933112807803007,,dopamine,acetylcholine,1,True,True
50122,KCa'b'-ap2,KCa'b'-ap2,cb_intrinsic,Kenyon_Cell,,KCa'b'-ap2_L,KCa'b'-ap2,L,L,,acetylcholine,dopamine,0.6885915986741459,,dopamine,acetylcholine,1,True,True
50123,KCab-s,KCab-s,cb_intrinsic,Kenyon_Cell,,KCab-s_R,"KCab-m,KCab-c,KCab-s",R,R,,acetylcholine,dopamine,0.6838192317824097,,dopamine,acetylcholine,1,True,True
50178,M_vPNml76,M_vPNml76,cb_intrinsic,ALPN,,M_vPNml76_L,M_vPNml76,L,L,,gaba,gaba,0.8028337857290135,gaba,gaba,gaba,-1,True,True
50185,KCg-m,KCg-m,cb_intrinsic,Kenyon_Cell,,KCg-m_R,KCg-m,R,R,,acetylcholine,dopamine,0.6627004716981132,,dopamine,acetylcholine,1,True,True
50256,KCg-m,KCg-m,cb_intrinsic,Kenyon_Cell,,KCg-m_R,KCg-m,R,R,,acetylcholine,dopamine,0.7754377129192872,,dopamine,acetylcholine,1,True,True
50291,KCg-m,KCg-m,cb_intrinsic,Kenyon_Cell,,KCg-m_R,KCg-m,R,R,,acetylcholine,dopamine,0.7483508433390509,,dopamine,acetylcholine,1,True,True
50304,KCg-m,KCg-m,cb_intrinsic,Kenyon_Cell,,KCg-m_R,KCg-m,R,R,,acetylcholine,dopamine,0.7093860254640282,,dopamine,acetylcholine,1,True,True
50411,KCg-m,KCg-m,cb_intrinsic,Kenyon_Cell,,KCg-m_L,KCg-m,L,L,,acetylcholine,dopamine,0.7319613821138212,,dopamine,acetylcholine,1,True,True
50427,KCab-s,KCab-s,cb_intrinsic,Kenyon_Cell,,KCab-s_R,"KCab-m,KCab-c,KCab-s",R,R,,acetylcholine,dopamine,0.7771541851075394,,dopamine,acetylcholine,1,True,True
50454,KCa'b'-m,KCa'b'-m,cb_intrinsic,Kenyon_Cell,,KCa'b'-m_R,KCa'b'-m,R,R,,acetylcholine,dopamine,0.683169400371641,,dopamine,acetylcholine,1,True,True
50471,KCa'b'-ap1,KCa'b'-ap1,cb_intrinsic,Kenyon_Cell,,KCa'b'-ap1_L,KCa'b'-ap1,L,L,,acetylcholine,dopamine,0.6306570319818011,,dopamine,acetylcholine,1,True,True
50568,KCg-m,KCg-m,cb_intrinsic,Kenyon_Cell,,KCg-m_L,KCg-m,L,L,,acetylcholine,dopamine,0.7297942995728016,,dopamine,acetylcholine,1,True,True
50582,KCg-d,KCg-d,cb_intrinsic,Kenyon_Cell,,KCg-d_R,KCg-d,R,R,,acetylcholine,dopamine,0.7145068575253751,,dopamine,acetylcholine,1,True,True
50591,KCg-m,KCg-m,cb_intrinsic,Kenyon_Cell,,KCg-m_L,KCg-m,L,L,,acetylcholine,dopamine,0.8136521039233303,,dopamine,acetylcholine,1,True,True
50659,KCab-c,KCab-c,cb_intrinsic,Kenyon_Cell,,KCab-c_R,"KCab-m,KCab-c,KCab-s",R,R,,acetylcholine,dopamine,0.717741935483871,,dopamine,acetylcholine,1,True,True
50698,KCa'b'-ap2,KCa'b'-ap2,cb_intrinsic,Kenyon_Cell,,KCa'b'-ap2_L,KCa'b'-ap2,L,L,,acetylcholine,dopamine,0.6819640985324947,,dopamine,acetylcholine,1,True,True
50705,KCa'b'-ap2,KCa'b'-ap2,cb_intrinsic,Kenyon_Cell,,KCa'b'-ap2_L,KCa'b'-ap2,L,L,,acetylcholine,dopamine,0.7802450456864839,,dopamine,acetylcholine,1,True,True
50712,KCa'b'-ap1,KCa'b'-ap1,cb_intrinsic,Kenyon_Cell,,KCa'b'-ap1_L,KCa'b'-ap1,L,L,,acetylcholine,dopamine,0.7266765394178734,,dopamine,acetylcholine,1,True,True
50744,KCg-m,KCg-m,cb_intrinsic,Kenyon_Cell,,KCg-m_R,KCg-m,R,R,,acetylcholine,dopamine,0.7718910985746341,,dopamine,acetylcholine,1,True,True
50746,KCa'b'-ap1,KCa'b'-ap1,cb_intrinsic,Kenyon_Cell,,KCa'b'-ap1_R,KCa'b'-ap1,R,R,,acetylcholine,dopamine,0.714479242583745,,dopamine,acetylcholine,1,True,True
50775,M_vPNml73,M_vPNml73,cb_intrinsic,ALPN,,M_vPNml73_R,M_vPNml73,R,R,,gaba,gaba,0.8869164353282911,,gaba,gaba,-1,True,True
50776,KCab-s,KCab-s,cb_intrinsic,Kenyon_Cell,,KCab-s_R,KCab,R,R,,acetylcholine,dopamine,0.8170554406823468,,dopamine,acetylcholine,1,True,True
50791,KCg-m,KCg-m,cb_intrinsic,Kenyon_Cell,,KCg-m_L,KCg-m,L,L,,acetylcholine,dopamine,0.7584670929088796,,dopamine,acetylcholine,1,True,True
50820,KCg-m,KCg-m,cb_intrinsic,Kenyon_Cell,,KCg-m_L,KCg-m,L,L,,acetylcholine,dopamine,0.7305273343009193,,dopamine,acetylcholine,1,True,True
50839,KCg-m,KCg-m,cb_intrinsic,Kenyon_Cell,,KCg-m_R,KCg-m,R,R,,acetylcholine,dopamine,0.7446642790589331,,dopamine,acetylcholine,1,True,True
50933,KCg-d,KCg-d,cb_intrinsic,Kenyon_Cell,,KCg-d_L,KCg-d,L,L,,acetylcholine,dopamine,0.7777160730827362,,dopamine,acetylcholine,1,True,True
50981,VP1l+_lvPN,VP1l+_lvPN,cb_intrinsic,ALPN,,VP1l+_lvPN_L,VP1l+_lvPN,L,L,,acetylcholine,serotonin,0.7314784843869002,acetylcholine,unclear,acetylcholine,1,True,True
51010,KCa'b'-ap1,KCa'b'-ap1,cb_intrinsic,Kenyon_Cell,,KCa'b'-ap1_R,KCa'b'-ap1,R,R,,acetylcholine,dopamine,0.6764103297122165,,dopamine,acetylcholine,1,True,True
51053,KCg-m,KCg-m,cb_intrinsic,Kenyon_Cell,,KCg-m_L,KCg-m,L,L,,acetylcholine,dopamine,0.7549036400688661,,dopamine,acetylcholine,1,True,True
51054,KCa'b'-ap2,KCa'b'-ap2,cb_intrinsic,Kenyon_Cell,,KCa'b'-ap2_R,KCa'b'-ap2,R,R,,acetylcholine,dopamine,0.7116007101308057,,dopamine,acetylcholine,1,True,True
51055,KCg-m,KCg-m,cb_intrinsic,Kenyon_Cell,,KCg-m_L,KCg-m,L,L,,acetylcholine,dopamine,0.7817989915940977,,dopamine,acetylcholine,1,True,True
51093,KCg-m,KCg-m,cb_intrinsic,Kenyon_Cell,,KCg-m_R,KCg-m,R,R,,acetylcholine,dopamine,0.747336824049833,,dopamine,acetylcholine,1,True,True
51095,KCg-m,KCg-m,cb_intrinsic,Kenyon_Cell,,KCg-m_R,KCg-m,R,R,,acetylcholine,dopamine,0.755500960866527,,dopamine,acetylcholine,1,True,True
51113,KCg-m,KCg-m,cb_intrinsic,Kenyon_Cell,,KCg-m_R,KCg-m,R,R,,acetylcholine,dopamine,0.7295113393438052,,dopamine,acetylcholine,1,True,True
51121,KCg-m,KCg-m,cb_intrinsic,Kenyon_Cell,,KCg-m_R,KCg-m,R,R,,acetylcholine,dopamine,0.7651347044701428,,dopamine,acetylcholine,1,True,True
51195,KCg-m,KCg-m,cb_intrinsic,Kenyon_Cell,,KCg-m_R,KCg-m,R,R,,acetylcholine,dopamine,0.6656331492560208,,dopamine,acetylcholine,1,True,True
51254,KCa'b'-ap2,KCa'b'-ap2,cb_intrinsic,Kenyon_Cell,,KCa'b'-ap2_R,KCa'b'-ap2,R,R,,acetylcholine,dopamine,0.7732855714323307,,dopamine,acetylcholine,1,True,True
51281,M_lvPNm48,M_lvPNm48,cb_intrinsic,ALPN,,M_lvPNm48_R,M_lvPNm48,R,R,,acetylcholine,acetylcholine,0.8232353460699022,acetylcholine,acetylcholine,acetylcholine,1,True,True
51318,KCa'b'-ap2,KCa'b'-ap2,cb_intrinsic,Kenyon_Cell,,KCa'b'-ap2_R,KCa'b'-ap2,R,R,,acetylcholine,dopamine,0.7310889568091388,,dopamine,acetylcholine,1,True,True
51330,KCg-m,KCg-m,cb_intrinsic,Kenyon_Cell,,KCg-m_L,KCg-m,L,L,,acetylcholine,dopamine,0.7102917937233976,,dopamine,acetylcholine,1,True,True
51334,KCa'b'-ap1,KCa'b'-ap1,cb_intrinsic,Kenyon_Cell,,KCa'b'-ap1_L,KCa'b'-ap1,L,L,,acetylcholine,dopamine,0.636253500884434,,dopamine,acetylcholine,1,True,True
51354,KCg-m,KCg-m,cb_intrinsic,Kenyon_Cell,,KCg-m_R,KCg-m,R,R,,acetylcholine,dopamine,0.7726229992346345,,dopamine,acetylcholine,1,True,True
51383,KCa'b'-ap1,KCa'b'-ap1,cb_intrinsic,Kenyon_Cell,,KCa'b'-ap1_R,KCa'b'-ap1,R,R,,acetylcholine,dopamine,0.6754388583711488,,dopamine,acetylcholine,1,True,True
51391,KCg-m,KCg-m,cb_intrinsic,Kenyon_Cell,,KCg-m_R,KCg-m,R,R,,acetylcholine,dopamine,0.6989735752791683,,dopamine,acetylcholine,1,True,True
51394,KCab-p,KCab-p,cb_intrinsic,Kenyon_Cell,,KCab-p_R,KCab-p,R,R,,acetylcholine,dopamine,0.6977012489784316,,dopamine,acetylcholine,1,True,True
51408,KCg-m,KCg-m,cb_intrinsic,Kenyon_Cell,,KCg-m_R,KCg-m,R,R,,acetylcholine,dopamine,0.7259528775955248,,dopamine,acetylcholine,1,True,True
51428,KCg-m,KCg-m,cb_intrinsic,Kenyon_Cell,,KCg-m_R,KCg-m,R,R,,acetylcholine,dopamine,0.7300400796449773,,dopamine,acetylcholine,1,True,True
51430,KCg-m,KCg-m,cb_intrinsic,Kenyon_Cell,,KCg-m_R,KCg-m,R,R,,acetylcholine,dopamine,0.692365790655885,,dopamine,acetylcholine,1,True,True
51459,KCg-m,KCg-m,cb_intrinsic,Kenyon_Cell,,KCg-m_L,KCg-m,L,L,,acetylcholine,dopamine,0.772329074024862,,dopamine,acetylcholine,1,True,True
51479,M_VPNml66,M_VPNml66,cb_intrinsic,ALPN,,M_VPNml66_R,M_VPNml66,R,R,,gaba,gaba,0.82701308319766,,gaba,gaba,-1,True,True
51516,KCg-m,KCg-m,cb_intrinsic,Kenyon_Cell,,KCg-m_R,KCg-m,R,R,,acetylcholine,dopamine,0.7039806216865884,,dopamine,acetylcholine,1,True,True
51535,KCg-m,KCg-m,cb_intrinsic,Kenyon_Cell,,KCg-m_L,KCg-m,L,L,,acetylcholine,dopamine,0.6581442128738287,,dopamine,acetylcholine,1,True,True
51538,KCa'b'-ap1,KCa'b'-ap1,cb_intrinsic,Kenyon_Cell,,KCa'b'-ap1_L,KCa'b'-ap1,L,L,,acetylcholine,dopamine,0.6526861115337796,,dopamine,acetylcholine,1,True,True
51552,KCg-m,KCg-m,cb_intrinsic,Kenyon_Cell,,KCg-m_L,KCg-m,L,L,,acetylcholine,dopamine,0.6936324936437843,,dopamine,acetylcholine,1,True,True
51553,KCg-m,KCg-m,cb_intrinsic,Kenyon_Cell,,KCg-m_L,KCg-m,L,L,,acetylcholine,dopamine,0.7010394828791056,,dopamine,acetylcholine,1,True,True
51556,KCa'b'-ap1,KCa'b'-ap1,cb_intrinsic,Kenyon_Cell,,KCa'b'-ap1_R,KCa'b'-ap1,R,R,,acetylcholine,dopamine,0.6627156169071403,,dopamine,acetylcholine,1,True,True
51583,KCg-m,KCg-m,cb_intrinsic,Kenyon_Cell,,KCg-m_L,KCg-m,L,L,,acetylcholine,dopamine,0.7939826308433557,,dopamine,acetylcholine,1,True,True
51600,KCab-p,KCab-p,cb_intrinsic,Kenyon_Cell,,KCab-p_R,KCab-p,R,R,,acetylcholine,dopamine,0.6474379282831128,,dopamine,acetylcholine,1,True,True
51603,M_lvPNm42,M_lvPNm42,cb_intrinsic,ALPN,,M_lvPNm42_L,M_lvPNm42,L,L,,acetylcholine,acetylcholine,0.969874551253704,acetylcholine,acetylcholine,acetylcholine,1,True,True
51667,KCg-m,KCg-m,cb_intrinsic,Kenyon_Cell,,KCg-m_R,KCg-m,R,R,,acetylcholine,dopamine,0.7470995330665142,,dopamine,acetylcholine,1,True,True
51679,KCg-d,KCg-d,cb_intrinsic,Kenyon_Cell,,KCg-d_R,KCg-d,R,R,,acetylcholine,dopamine,0.7637664068908943,,dopamine,acetylcholine,1,True,True
51686,KCab-p,KCab-p,cb_intrinsic,Kenyon_Cell,,KCab-p_R,KCab-p,R,R,,acetylcholine,dopamine,0.6948542195815192,,dopamine,acetylcholine,1,True,True
51688,KCa'b'-ap2,KCa'b'-ap2,cb_intrinsic,Kenyon_Cell,,KCa'b'-ap2_R,KCa'b'-ap2,R,R,,acetylcholine,dopamine,0.746482782154952,,dopamine,acetylcholine,1,True,True
51715,KCa'b'-ap1,KCa'b'-ap1,cb_intrinsic,Kenyon_Cell,,KCa'b'-ap1_L,KCa'b'-ap1,L,L,,acetylcholine,dopamine,0.7224218560207304,,dopamine,acetylcholine,1,True,True
51742,KCg-m,KCg-m,cb_intrinsic,Kenyon_Cell,,KCg-m_L,KCg-m,L,L,,acetylcholine,dopamine,0.7646412928378898,,dopamine,acetylcholine,1,True,True
51745,KCa'b'-m,KCa'b'-m,cb_intrinsic,Kenyon_Cell,,KCa'b'-m_R,KCa'b'-m,R,R,,acetylcholine,dopamine,0.7225006551362684,,dopamine,acetylcholine,1,True,True
51751,KCg-m,KCg-m,cb_intrinsic,Kenyon_Cell,,KCg-m_L,KCg-m,L,L,,acetylcholine,dopamine,0.6978981687014428,,dopamine,acetylcholine,1,True,True
51753,KCa'b'-m,KCa'b'-m,cb_intrinsic,Kenyon_Cell,,KCa'b'-m_R,KCa'b'-m,R,R,,acetylcholine,dopamine,0.6809486373165617,,dopamine,acetylcholine,1,True,True
51795,KCa'b'-m,KCa'b'-m,cb_intrinsic,Kenyon_Cell,,KCa'b'-m_L,KCa'b'-m,L,L,,acetylcholine,dopamine,0.6895874615892709,,dopamine,acetylcholine,1,True,True
51855,KCg-m,KCg-m,cb_intrinsic,Kenyon_Cell,,KCg-m_R,KCg-m,R,R,,acetylcholine,dopamine,0.673274137555265,,dopamine,acetylcholine,1,True,True
51865,KCg-m,KCg-m,cb_intrinsic,Kenyon_Cell,,KCg-m_L,KCg-m,L,L,,acetylcholine,dopamine,0.6930767161066828,,dopamine,acetylcholine,1,True,True
51866,KCg-m,KCg-m,cb_intrinsic,Kenyon_Cell,,KCg-m_R,KCg-m,R,R,,acetylcholine,dopamine,0.7298695665644267,,dopamine,acetylcholine,1,True,True
51883,KCg-m,KCg-m,cb_intrinsic,Kenyon_Cell,,KCg-m_R,KCg-m,R,R,,acetylcholine,dopamine,0.7400801960265679,,dopamine,acetylcholine,1,True,True
51894,KCa'b'-ap2,KCa'b'-ap2,cb_intrinsic,Kenyon_Cell,,KCa'b'-ap2_R,KCa'b'-ap2,R,R,,acetylcholine,dopamine,0.7077028989242877,,dopamine,acetylcholine,1,True,True
51912,M_lvPNm37,M_lvPNm37,cb_intrinsic,ALPN,,M_lvPNm37_L,M_lvPNm37,L,L,,acetylcholine,acetylcholine,0.7456663013565625,acetylcholine,acetylcholine,acetylcholine,1,True,True
51937,KCg-m,KCg-m,cb_intrinsic,Kenyon_Cell,,KCg-m_L,KCg-m,L,L,,acetylcholine,dopamine,0.7562745147764929,,dopamine,acetylcholine,1,True,True
51998,KCg-d,KCg-d,cb_intrinsic,Kenyon_Cell,,KCg-d_R,KCg-d,R,R,,acetylcholine,dopamine,0.7591588050314465,,dopamine,acetylcholine,1,True,True
52022,KCg-m,KCg-m,cb_intrinsic,Kenyon_Cell,,KCg-m_R,KCg-m,R,R,,acetylcholine,dopamine,0.7234430370654152,,dopamine,acetylcholine,1,True,True
52099,M_lPNm11D,M_lPNm11D,cb_intrinsic,ALPN,,M_lPNm11D_R,M_lPNm11D,R,R,,acetylcholine,acetylcholine,0.8561062393052148,acetylcholine,acetylcholine,acetylcholine,1,True,True
52140,KCa'b'-ap1,KCa'b'-ap1,cb_intrinsic,Kenyon_Cell,,KCa'b'-ap1_R,KCa'b'-ap1,R,R,,acetylcholine,dopamine,0.7068526623730043,,dopamine,acetylcholine,1,True,True
52141,KCa'b'-ap1,KCa'b'-ap1,cb_intrinsic,Kenyon_Cell,,KCa'b'-ap1_L,KCa'b'-ap1,L,L,,acetylcholine,dopamine,0.6364592230245619,,dopamine,acetylcholine,1,True,True
52156,KCg-m,KCg-m,cb_intrinsic,Kenyon_Cell,,KCg-m_R,KCg-m,R,R,,acetylcholine,dopamine,0.7505350851196944,,dopamine,acetylcholine,1,True,True
52189,KCa'b'-ap2,KCa'b'-ap2,cb_intrinsic,Kenyon_Cell,,KCa'b'-ap2_L,KCa'b'-ap2,L,L,,acetylcholine,dopamine,0.6842168959320879,,dopamine,acetylcholine,1,True,True
52220,KCg-m,KCg-m,cb_intrinsic,Kenyon_Cell,,KCg-m_R,KCg-m,R,R,,acetylcholine,dopamine,0.7459162142518098,,dopamine,acetylcholine,1,True,True
52223,M_adPNm4,M_adPNm4,cb_intrinsic,ALPN,,M_adPNm4_R,M_adPNm4,R,R,,acetylcholine,acetylcholine,0.948363272966583,acetylcholine,acetylcholine,acetylcholine,1,True,True
52267,KCa'b'-m,KCa'b'-m,cb_intrinsic,Kenyon_Cell,,KCa'b'-m_R,KCa'b'-m,R,R,,acetylcholine,dopamine,0.6379641869967552,,dopamine,acetylcholine,1,True,True
52318,KCg-m,KCg-m,cb_intrinsic,Kenyon_Cell,,KCg-m_L,KCg-m,L,L,,acetylcholine,dopamine,0.7012193639369773,,dopamine,acetylcholine,1,True,True
52337,KCa'b'-ap2,KCa'b'-ap2,cb_intrinsic,Kenyon_Cell,,KCa'b'-ap2_R,KCa'b'-ap2,R,R,,acetylcholine,dopamine,0.7451917677448339,,dopamine,acetylcholine,1,True,True
52402,KCg-m,KCg-m,cb_intrinsic,Kenyon_Cell,,KCg-m_R,KCg-m,R,R,,acetylcholine,dopamine,0.7296915076771723,,dopamine,acetylcholine,1,True,True
52513,KCa'b'-ap1,KCa'b'-ap1,cb_intrinsic,Kenyon_Cell,,KCa'b'-ap1_L,KCa'b'-ap1,L,L,,acetylcholine,dopamine,0.7133222524940359,,dopamine,acetylcholine,1,True,True
52518,KCg-m,KCg-m,cb_intrinsic,Kenyon_Cell,,KCg-m_R,KCg-m,R,R,,acetylcholine,dopamine,0.7077810030640219,,dopamine,acetylcholine,1,True,True
52536,M_vPNml76,M_vPNml76,cb_intrinsic,ALPN,,M_vPNml76_R,M_vPNml76,R,R,,gaba,gaba,0.8373671262386191,gaba,gaba,gaba,-1,True,True
52544,M_vPNml76,M_vPNml76,cb_intrinsic,ALPN,,M_vPNml76_R,M_vPNml76,R,R,,gaba,gaba,0.7834927278607594,gaba,gaba,gaba,-1,True,True
52564,KCg-m,KCg-m,cb_intrinsic,Kenyon_Cell,,KCg-m_L,KCg-m,L,L,,acetylcholine,dopamine,0.7368194772012578,,dopamine,acetylcholine,1,True,True
52575,KCg-m,KCg-m,cb_intrinsic,Kenyon_Cell,,KCg-m_R,KCg-m,R,R,,acetylcholine,dopamine,0.777241325616018,,dopamine,acetylcholine,1,True,True
52581,KCa'b'-ap1,KCa'b'-ap1,cb_intrinsic,Kenyon_Cell,,KCa'b'-ap1_R,KCa'b'-ap1,R,R,,acetylcholine,dopamine,0.6538794986023759,,dopamine,acetylcholine,1,True,True
52594,KCg-d,KCg-d,cb_intrinsic,Kenyon_Cell,,KCg-d_R,KCg-d,R,R,,acetylcholine,dopamine,0.731001737835154,,dopamine,acetylcholine,1,True,True
52613,KCa'b'-m,KCa'b'-m,cb_intrinsic,Kenyon_Cell,,KCa'b'-m_R,KCa'b'-m,R,R,,acetylcholine,dopamine,0.7069801493710692,,dopamine,acetylcholine,1,True,True
52616,VL2a_vPN,VL2a_vPN,cb_intrinsic,ALPN,,VL2a_vPN_R,VL2a_vPN,R,R,,gaba,gaba,0.8223331713340232,gaba,gaba,gaba,-1,True,True
52704,KCab-s,KCab-s,cb_intrinsic,Kenyon_Cell,,KCab-s_L,"KCab-m,KCab-c,KCab-s",L,L,,acetylcholine,dopamine,0.7518512882937716,,dopamine,acetylcholine,1,True,True
52706,KCa'b'-m,KCa'b'-m,cb_intrinsic,Kenyon_Cell,,KCa'b'-m_R,KCa'b'-m,R,R,,acetylcholine,dopamine,0.7200063414295146,,dopamine,acetylcholine,1,True,True
52751,KCg-d,KCg-d,cb_intrinsic,Kenyon_Cell,,KCg-d_R,KCg-d,R,R,,acetylcholine,dopamine,0.7531199630226605,,dopamine,acetylcholine,1,True,True
52773,KCg-m,KCg-m,cb_intrinsic,Kenyon_Cell,,KCg-m_R,KCg-m,R,R,,acetylcholine,dopamine,0.7254106617995638,,dopamine,acetylcholine,1,True,True
52789,KCa'b'-ap2,KCa'b'-ap2,cb_intrinsic,Kenyon_Cell,,KCa'b'-ap2_R,KCa'b'-ap2,R,R,,acetylcholine,dopamine,0.7516996203604133,,dopamine,acetylcholine,1,True,True
52824,KCab-s,KCab-s,cb_intrinsic,Kenyon_Cell,,KCab-s_L,"KCab-m,KCab-c,KCab-s",L,L,,acetylcholine,dopamine,0.7089444526336478,,dopamine,acetylcholine,1,True,True
52856,KCg-m,KCg-m,cb_intrinsic,Kenyon_Cell,,KCg-m_L,KCg-m,L,L,,acetylcholine,dopamine,0.7627873240491165,,dopamine,acetylcholine,1,True,True
52877,KCa'b'-ap2,KCa'b'-ap2,cb_intrinsic,Kenyon_Cell,,KCa'b'-ap2_R,KCa'b'-ap2,R,R,,acetylcholine,dopamine,0.6822967205750224,,dopamine,acetylcholine,1,True,True
52907,KCg-d,KCg-d,cb_intrinsic,Kenyon_Cell,,KCg-d_R,KCg-d,R,R,,acetylcholine,dopamine,0.759603289791969,,dopamine,acetylcholine,1,True,True
52923,KCa'b'-ap1,KCa'b'-ap1,cb_intrinsic,Kenyon_Cell,,KCa'b'-ap1_L,KCa'b'-ap1,L,L,,acetylcholine,dopamine,0.6146493839571089,,dopamine,acetylcholine,1,True,True
52933,KCa'b'-ap2,KCa'b'-ap2,cb_intrinsic,Kenyon_Cell,,KCa'b'-ap2_R,KCa'b'-ap2,R,R,,acetylcholine,dopamine,0.7124398299427287,,dopamine,acetylcholine,1,True,True
52938,KCg-m,KCg-m,cb_intrinsic,Kenyon_Cell,,KCg-m_L,KCg-m,L,L,,acetylcholine,dopamine,0.7332709027007029,,dopamine,acetylcholine,1,True,True
52972,KCa'b'-m,KCa'b'-m,cb_intrinsic,Kenyon_Cell,,KCa'b'-m_R,KCa'b'-m,R,R,,acetylcholine,dopamine,0.7504271358739647,,dopamine,acetylcholine,1,True,True
53014,KCab-s,KCab-s,cb_intrinsic,Kenyon_Cell,,KCab-s_R,"KCab-m,KCab-c,KCab-s",R,R,,acetylcholine,dopamine,0.6764688606954384,,dopamine,acetylcholine,1,True,True
53050,KCg-m,KCg-m,cb_intrinsic,Kenyon_Cell,,KCg-m_R,KCg-m,R,R,,acetylcholine,dopamine,0.7394055531732419,,dopamine,acetylcholine,1,True,True
53086,PEN_a(PEN1),PEN_a(PEN1),cb_intrinsic,CX,,PEN_a(PB06a)_L6,PEN_a(PEN1),L,L,,acetylcholine,acetylcholine,0.7789945284269703,acetylcholine,acetylcholine,acetylcholine,1,True,True
53099,KCg-m,KCg-m,cb_intrinsic,Kenyon_Cell,,KCg-m_R,KCg-m,R,R,,acetylcholine,dopamine,0.7530652230586242,,dopamine,acetylcholine,1,True,True
53144,KCg-m,KCg-m,cb_intrinsic,Kenyon_Cell,,KCg-m_R,KCg-m,R,R,,acetylcholine,dopamine,0.7408691604868738,,dopamine,acetylcholine,1,True,True
53154,KCg-m,KCg-m,cb_intrinsic,Kenyon_Cell,,KCg-m_R,KCg-m,R,R,,acetylcholine,dopamine,0.7689023890428925,,dopamine,acetylcholine,1,True,True
53173,KCg-m,KCg-m,cb_intrinsic,Kenyon_Cell,,KCg-m_R,KCg-m,R,R,,acetylcholine,dopamine,0.7963745906153088,,dopamine,acetylcholine,1,True,True
53178,KCg-m,KCg-m,cb_intrinsic,Kenyon_Cell,,KCg-m_R,KCg-m,R,R,,acetylcholine,dopamine,0.7453413148918027,,dopamine,acetylcholine,1,True,True
53217,KCg-d,KCg-d,cb_intrinsic,Kenyon_Cell,,KCg-d_R,KCg-d,R,R,,acetylcholine,dopamine,0.7788895825625848,,dopamine,acetylcholine,1,True,True
53221,KCa'b'-ap2,KCa'b'-ap2,cb_intrinsic,Kenyon_Cell,,KCa'b'-ap2_R,KCa'b'-ap2,R,R,,acetylcholine,dopamine,0.7513757861635221,,dopamine,acetylcholine,1,True,True
53241,KCa'b'-ap2,KCa'b'-ap2,cb_intrinsic,Kenyon_Cell,,KCa'b'-ap2_L,KCa'b'-ap2,L,L,,acetylcholine,dopamine,0.7228550618360552,,dopamine,acetylcholine,1,True,True
53250,KCa'b'-ap2,KCa'b'-ap2,cb_intrinsic,Kenyon_Cell,,KCa'b'-ap2_R,KCa'b'-ap2,R,R,,acetylcholine,dopamine,0.6984664377010695,,dopamine,acetylcholine,1,True,True
53267,KCg-m,KCg-m,cb_intrinsic,Kenyon_Cell,,KCg-m_R,KCg-m,R,R,,acetylcholine,dopamine,0.7466360176829824,,dopamine,acetylcholine,1,True,True
53271,KCg-d,KCg-d,cb_intrinsic,Kenyon_Cell,,KCg-d_L,KCg-d,L,L,,acetylcholine,dopamine,0.7780529350104821,,dopamine,acetylcholine,1,True,True
53278,KCa'b'-ap1,KCa'b'-ap1,cb_intrinsic,Kenyon_Cell,,KCa'b'-ap1_L,KCa'b'-ap1,L,L,,acetylcholine,dopamine,0.6686935486105339,,dopamine,acetylcholine,1,True,True
53285,PAM01,PAM01,cb_intrinsic,DAN,,PAM01(y5)_L,PAM01,L,L,,dopamine,dopamine,0.8735243324054025,dopamine,dopamine,dopamine,0,True,True
53331,KCa'b'-ap1,KCa'b'-ap1,cb_intrinsic,Kenyon_Cell,,KCa'b'-ap1_L,KCa'b'-ap1,L,L,,acetylcholine,dopamine,0.6898766216435749,,dopamine,acetylcholine,1,True,True
53334,M_vPNml68,M_vPNml68,cb_intrinsic,ALPN,,M_vPNml68_L,M_vPNml68,L,L,,gaba,gaba,0.8175571716858709,gaba,gaba,gaba,-1,True,True
53354,KCa'b'-ap2,KCa'b'-ap2,cb_intrinsic,Kenyon_Cell,,KCa'b'-ap2_L,KCa'b'-ap2,L,L,,acetylcholine,dopamine,0.7385159941018928,,dopamine,acetylcholine,1,True,True
53382,KCa'b'-ap2,KCa'b'-ap2,cb_intrinsic,Kenyon_Cell,,KCa'b'-ap2_R,KCa'b'-ap2,R,R,,acetylcholine,dopamine,0.68125,,dopamine,acetylcholine,1,True,True
53383,KCg-m,KCg-m,cb_intrinsic,Kenyon_Cell,,KCg-m_R,KCg-m,R,R,,acetylcholine,dopamine,0.7261954310025898,,dopamine,acetylcholine,1,True,True
53397,KCa'b'-ap2,KCa'b'-ap2,cb_intrinsic,Kenyon_Cell,,KCa'b'-ap2_L,KCa'b'-ap2,L,L,,acetylcholine,dopamine,0.7184444767355211,,dopamine,acetylcholine,1,True,True
53429,M_adPNm5,M_adPNm5,cb_intrinsic,ALPN,,M_adPNm5_L,M_adPNm5,L,L,,acetylcholine,acetylcholine,0.9625952842321027,acetylcholine,acetylcholine,acetylcholine,1,True,True
53430,KCab-p,KCab-p,cb_intrinsic,Kenyon_Cell,,KCab-p_L,KCab-p,L,L,,acetylcholine,dopamine,0.6832300953763217,,dopamine,acetylcholine,1,True,True
53448,KCa'b'-m,KCa'b'-m,cb_intrinsic,Kenyon_Cell,,KCa'b'-m_R,KCa'b'-m,R,R,,acetylcholine,dopamine,0.6961633151274412,,dopamine,acetylcholine,1,True,True
53472,KCg-m,KCg-m,cb_intrinsic,Kenyon_Cell,,KCg-m_R,KCg-m,R,R,,acetylcholine,dopamine,0.705698517965004,,dopamine,acetylcholine,1,True,True
53505,KCg-d,KCg-d,cb_intrinsic,Kenyon_Cell,,KCg-d_R,KCg-d,R,R,,acetylcholine,dopamine,0.7194328391734053,,dopamine,acetylcholine,1,True,True
53535,KCa'b'-ap1,KCa'b'-ap1,cb_intrinsic,Kenyon_Cell,,KCa'b'-ap1_R,KCa'b'-ap1,R,R,,acetylcholine,dopamine,0.6838906086215933,,dopamine,acetylcholine,1,True,True
53592,KCa'b'-ap1,KCa'b'-ap1,cb_intrinsic,Kenyon_Cell,,KCa'b'-ap1_R,KCa'b'-ap1,R,R,,acetylcholine,dopamine,0.7127808781409631,,dopamine,acetylcholine,1,True,True
53633,KCg-m,KCg-m,cb_intrinsic,Kenyon_Cell,,KCg-m_R,KCg-m,R,R,,acetylcholine,dopamine,0.7659544950055494,,dopamine,acetylcholine,1,True,True
53645,KCa'b'-ap2,KCa'b'-ap2,cb_intrinsic,Kenyon_Cell,,KCa'b'-ap2_R,KCa'b'-ap2,R,R,,acetylcholine,dopamine,0.7211740041928721,,dopamine,acetylcholine,1,True,True
53655,KCg-m,KCg-m,cb_intrinsic,Kenyon_Cell,,KCg-m_R,KCg-m,R,R,,acetylcholine,dopamine,0.7707625786163521,,dopamine,acetylcholine,1,True,True
53680,KCg-d,KCg-d,cb_intrinsic,Kenyon_Cell,,KCg-d_L,KCg-d,L,L,,acetylcholine,dopamine,0.7995102153026971,,dopamine,acetylcholine,1,True,True
53686,KCa'b'-ap2,KCa'b'-ap2,cb_intrinsic,Kenyon_Cell,,KCa'b'-ap2_R,KCa'b'-ap2,R,R,,acetylcholine,dopamine,0.6960817053486948,,dopamine,acetylcholine,1,True,True
53688,KCg-m,KCg-m,cb_intrinsic,Kenyon_Cell,,KCg-m_R,KCg-m,R,R,,acetylcholine,dopamine,0.7630247641509433,,dopamine,acetylcholine,1,True,True
53756,KCg-m,KCg-m,cb_intrinsic,Kenyon_Cell,,KCg-m_L,KCg-m,L,L,,acetylcholine,dopamine,0.8015122728860937,,dopamine,acetylcholine,1,True,True
53766,KCa'b'-ap2,KCa'b'-ap2,cb_intrinsic,Kenyon_Cell,,KCa'b'-ap2_R,KCa'b'-ap2,R,R,,acetylcholine,dopamine,0.6944290687973302,,dopamine,acetylcholine,1,True,True
53788,M_lvPNm38,M_lvPNm38,cb_intrinsic,ALPN,,M_lvPNm38_R,M_lvPNm38,R,R,,acetylcholine,acetylcholine,0.7975759756641096,acetylcholine,acetylcholine,acetylcholine,1,True,True
53833,KCa'b'-m,KCa'b'-m,cb_intrinsic,Kenyon_Cell,,KCa'b'-m_R,KCa'b'-m,R,R,,acetylcholine,dopamine,0.7014895729890765,,dopamine,acetylcholine,1,True,True
53836,KCg-m,KCg-m,cb_intrinsic,Kenyon_Cell,,KCg-m_R,KCg-m,R,R,,acetylcholine,dopamine,0.7478928549830672,,dopamine,acetylcholine,1,True,True
53851,KCa'b'-ap2,KCa'b'-ap2,cb_intrinsic,Kenyon_Cell,,KCa'b'-ap2_R,KCa'b'-ap2,R,R,,acetylcholine,dopamine,0.7200134770889488,,dopamine,acetylcholine,1,True,True
53863,KCab-c,KCab-c,cb_intrinsic,Kenyon_Cell,,KCab-c_R,"KCab-m,KCab-c,KCab-s",R,R,,acetylcholine,dopamine,0.7357023240286034,,dopamine,acetylcholine,1,True,True
53881,KCa'b'-m,KCa'b'-m,cb_intrinsic,Kenyon_Cell,,KCa'b'-m_L,KCa'b'-m,L,L,,acetylcholine,dopamine,0.692460015554203,,dopamine,acetylcholine,1,True,True
53914,KCa'b'-m,KCa'b'-m,cb_intrinsic,Kenyon_Cell,,KCa'b'-m_R,KCa'b'-m,R,R,,acetylcholine,dopamine,0.6729659011498634,,dopamine,acetylcholine,1,True,True
53947,KCg-m,KCg-m,cb_intrinsic,Kenyon_Cell,,KCg-m_R,KCg-m,R,R,,acetylcholine,dopamine,0.7415552316957399,,dopamine,acetylcholine,1,True,True
53957,KCa'b'-m,KCa'b'-m,cb_intrinsic,Kenyon_Cell,,KCa'b'-m_R,KCa'b'-m,R,R,,acetylcholine,dopamine,0.7487001774896785,,dopamine,acetylcholine,1,True,True
53987,KCg-m,KCg-m,cb_intrinsic,Kenyon_Cell,,KCg-m_L,KCg-m,L,L,,acetylcholine,dopamine,0.776135569531796,,dopamine,acetylcholine,1,True,True
53994,KCg-m,KCg-m,cb_intrinsic,Kenyon_Cell,,KCg-m_R,KCg-m,R,R,,acetylcholine,dopamine,0.7300619233646414,,dopamine,acetylcholine,1,True,True
54067,KCa'b'-ap1,KCa'b'-ap1,cb_intrinsic,Kenyon_Cell,,KCa'b'-ap1_L,KCa'b'-ap1,L,L,,acetylcholine,dopamine,0.6909209163698821,,dopamine,acetylcholine,1,True,True
54192,KCa'b'-ap1,KCa'b'-ap1,cb_intrinsic,Kenyon_Cell,,KCa'b'-ap1_R,KCa'b'-ap1,R,R,,acetylcholine,dopamine,0.7285093672125312,,dopamine,acetylcholine,1,True,True
54202,KCg-m,KCg-m,cb_intrinsic,Kenyon_Cell,,KCg-m_L,KCg-m,L,L,,acetylcholine,dopamine,0.7425199468085106,,dopamine,acetylcholine,1,True,True
54255,KCg-m,KCg-m,cb_intrinsic,Kenyon_Cell,,KCg-m_L,KCg-m,L,L,,acetylcholine,dopamine,0.7407337029419655,,dopamine,acetylcholine,1,True,True
54307,M_vPNml68,M_vPNml68,cb_intrinsic,ALPN,,M_vPNml68_R,M_vPNml68,R,R,,gaba,gaba,0.8755427530734629,gaba,gaba,gaba,-1,True,True
54345,KCg-m,KCg-m,cb_intrinsic,Kenyon_Cell,,KCg-m_R,KCg-m,R,R,,acetylcholine,dopamine,0.7944152760658638,,dopamine,acetylcholine,1,True,True
54383,M_lvPNm30,M_lvPNm30,cb_intrinsic,ALPN,,M_lvPNm30_L,M_lvPNm30,L,L,,acetylcholine,acetylcholine,0.8709537952445517,acetylcholine,acetylcholine,acetylcholine,1,True,True
54398,KCab-s,KCab-s,cb_intrinsic,Kenyon_Cell,,KCab-s_L,"KCab-m,KCab-c,KCab-s",L,L,,acetylcholine,dopamine,0.7385686339037589,,dopamine,acetylcholine,1,True,True
54429,KCa'b'-m,KCa'b'-m,cb_intrinsic,Kenyon_Cell,,KCa'b'-m_L,KCa'b'-m,L,L,,acetylcholine,dopamine,0.7061088479130933,,dopamine,acetylcholine,1,True,True
54455,KCg-m,KCg-m,cb_intrinsic,Kenyon_Cell,,KCg-m_R,KCg-m,R,R,,acetylcholine,dopamine,0.7289568331662261,,dopamine,acetylcholine,1,True,True
54549,KCa'b'-ap1,KCa'b'-ap1,cb_intrinsic,Kenyon_Cell,,KCa'b'-ap1_L,KCa'b'-ap1,L,L,,acetylcholine,dopamine,0.704547107472363,,dopamine,acetylcholine,1,True,True
54641,KCa'b'-ap1,KCa'b'-ap1,cb_intrinsic,Kenyon_Cell,,KCa'b'-ap1_L,KCa'b'-ap1,L,L,,acetylcholine,dopamine,0.6846114446350295,,dopamine,acetylcholine,1,True,True
54647,KCa'b'-ap1,KCa'b'-ap1,cb_intrinsic,Kenyon_Cell,,KCa'b'-ap1_L,KCa'b'-ap1,L,L,,acetylcholine,dopamine,0.6069509958071279,,dopamine,acetylcholine,1,True,True
54661,KCab-s,KCab-s,cb_intrinsic,Kenyon_Cell,,KCab-s_R,"KCab-m,KCab-c,KCab-s",R,R,,acetylcholine,dopamine,0.795163511460048,,dopamine,acetylcholine,1,True,True
54702,KCa'b'-ap1,KCa'b'-ap1,cb_intrinsic,Kenyon_Cell,,KCa'b'-ap1_R,KCa'b'-ap1,R,R,,acetylcholine,dopamine,0.6991225268605871,,dopamine,acetylcholine,1,True,True
54717,KCa'b'-m,KCa'b'-m,cb_intrinsic,Kenyon_Cell,,KCa'b'-m_L,KCa'b'-m,L,L,,acetylcholine,dopamine,0.6888218516893374,,dopamine,acetylcholine,1,True,True
54729,KCa'b'-ap1,KCa'b'-ap1,cb_intrinsic,Kenyon_Cell,,KCa'b'-ap1_L,KCa'b'-ap1,L,L,,acetylcholine,dopamine,0.6749546687969162,,dopamine,acetylcholine,1,True,True
54746,KCg-m,KCg-m,cb_intrinsic,Kenyon_Cell,,KCg-m_R,KCg-m,R,R,,acetylcholine,dopamine,0.6878513912712025,,dopamine,acetylcholine,1,True,True
54892,DP1m_vPN,DP1m_vPN,cb_intrinsic,ALPN,,DP1m_vPN_R,DP1m_vPN,R,R,,gaba,gaba,0.7672057314277304,gaba,gaba,gaba,-1,True,True
54936,KCg-m,KCg-m,cb_intrinsic,Kenyon_Cell,,KCg-m_R,KCg-m,R,R,,acetylcholine,dopamine,0.7570260895673335,,dopamine,acetylcholine,1,True,True
54957,KCa'b'-m,KCa'b'-m,cb_intrinsic,Kenyon_Cell,,KCa'b'-m_R,KCa'b'-m,R,R,,acetylcholine,dopamine,0.6773446558448403,,dopamine,acetylcholine,1,True,True
54996,KCa'b'-ap2,KCa'b'-ap2,cb_intrinsic,Kenyon_Cell,,KCa'b'-ap2_R,KCa'b'-ap2,R,R,,acetylcholine,dopamine,0.7701523886665396,,dopamine,acetylcholine,1,True,True
55003,KCa'b'-ap1,KCa'b'-ap1,cb_intrinsic,Kenyon_Cell,,KCa'b'-ap1_L,KCa'b'-ap1,L,L,,acetylcholine,dopamine,0.7174458346658139,,dopamine,acetylcholine,1,True,True
55062,KCg-m,KCg-m,cb_intrinsic,Kenyon_Cell,,KCg-m_R,KCg-m,R,R,,acetylcholine,dopamine,0.758335349137236,,dopamine,acetylcholine,1,True,True
55083,KCa'b'-ap1,KCa'b'-ap1,cb_intrinsic,Kenyon_Cell,,KCa'b'-ap1_R,KCa'b'-ap1,R,R,,acetylcholine,dopamine,0.6555368095771842,,dopamine,acetylcholine,1,True,True
55123,KCa'b'-ap2,KCa'b'-ap2,cb_intrinsic,Kenyon_Cell,,KCa'b'-ap2_L,KCa'b'-ap2,L,L,,acetylcholine,dopamine,0.7323881857525375,,dopamine,acetylcholine,1,True,True
55141,KCa'b'-ap2,KCa'b'-ap2,cb_intrinsic,Kenyon_Cell,,KCa'b'-ap2_R,KCa'b'-ap2,R,R,,acetylcholine,dopamine,0.7568364621851396,,dopamine,acetylcholine,1,True,True
55210,PAM08,PAM08,cb_intrinsic,DAN,,PAM08(y4)_L,PAM08,L,L,,dopamine,dopamine,0.880194411687631,dopamine,dopamine,dopamine,0,True,True
55216,KCa'b'-m,KCa'b'-m,cb_intrinsic,Kenyon_Cell,,KCa'b'-m_R,KCa'b'-m,R,R,,acetylcholine,dopamine,0.7399400550314464,,dopamine,acetylcholine,1,True,True
55227,KCab-c,KCab-c,cb_intrinsic,Kenyon_Cell,,KCab-c_R,"KCab-m,KCab-c,KCab-s",R,R,,acetylcholine,dopamine,0.7016225541579315,,dopamine,acetylcholine,1,True,True
55278,KCg-m,KCg-m,cb_intrinsic,Kenyon_Cell,,KCg-m_R,KCg-m,R,R,,acetylcholine,dopamine,0.7525590019693793,,dopamine,acetylcholine,1,True,True
55316,KCab-p,KCab-p,cb_intrinsic,Kenyon_Cell,,KCab-p_L,KCab-p,L,L,,acetylcholine,dopamine,0.6496396750524109,,dopamine,acetylcholine,1,True,True
55460,KCa'b'-ap2,KCa'b'-ap2,cb_intrinsic,Kenyon_Cell,,KCa'b'-ap2_R,KCa'b'-ap2,R,R,,acetylcholine,dopamine,0.7312604286997817,,dopamine,acetylcholine,1,True,True
55480,KCa'b'-m,KCa'b'-m,cb_intrinsic,Kenyon_Cell,,KCa'b'-m_L,KCa'b'-m,L,L,,acetylcholine,dopamine,0.6808508557839733,,dopamine,acetylcholine,1,True,True
55485,KCa'b'-ap1,KCa'b'-ap1,cb_intrinsic,Kenyon_Cell,,KCa'b'-ap1_L,KCa'b'-ap1,L,L,,acetylcholine,dopamine,0.6911488602287503,,dopamine,acetylcholine,1,True,True
55527,PEN_b(PEN2),PEN_b(PEN2),cb_intrinsic,CX,,PEN_b(PB06b)_R6,PEN_b(PEN2),R,R,,acetylcholine,acetylcholine,0.8433325851892294,acetylcholine,acetylcholine,acetylcholine,1,True,True
55528,KCab-s,KCab-s,cb_intrinsic,Kenyon_Cell,,KCab-s_R,"KCab-m,KCab-c,KCab-s",R,R,,acetylcholine,dopamine,0.8039691898772087,,dopamine,acetylcholine,1,True,True
55542,KCg-m,KCg-m,cb_intrinsic,Kenyon_Cell,,KCg-m_L,KCg-m,L,L,,acetylcholine,dopamine,0.7647221705858661,,dopamine,acetylcholine,1,True,True
55586,KCa'b'-ap1,KCa'b'-ap1,cb_intrinsic,Kenyon_Cell,,KCa'b'-ap1_L,KCa'b'-ap1,L,L,,acetylcholine,dopamine,0.6627067010446648,,dopamine,acetylcholine,1,True,True
55630,EPGt,EPGt,cb_intrinsic,CX,,EPGt(PB09)_R9,EPGt,R,R,,acetylcholine,acetylcholine,0.9329598245164759,acetylcholine,acetylcholine,acetylcholine,1,True,True
55670,KCg-m,KCg-m,cb_intrinsic,Kenyon_Cell,,KCg-m_R,KCg-m,R,R,,acetylcholine,dopamine,0.7191357637494983,,dopamine,acetylcholine,1,True,True
55755,KCab-c,KCab-c,cb_intrinsic,Kenyon_Cell,,KCab-c_R,"KCab-m,KCab-c,KCab-s",R,R,,acetylcholine,dopamine,0.710771247953821,,dopamine,acetylcholine,1,True,True
55765,KCa'b'-m,KCa'b'-m,cb_intrinsic,Kenyon_Cell,,KCa'b'-m_L,KCa'b'-m,L,L,,acetylcholine,dopamine,0.7091782454881049,,dopamine,acetylcholine,1,True,True
55850,KCg-m,KCg-m,cb_intrinsic,Kenyon_Cell,,KCg-m_R,KCg-m,R,R,,acetylcholine,dopamine,0.77437106918239,,dopamine,acetylcholine,1,True,True
55853,KCg-m,KCg-m,cb_intrinsic,Kenyon_Cell,,KCg-m_L,KCg-m,L,L,,acetylcholine,dopamine,0.7436283034750016,,dopamine,acetylcholine,1,True,True
55857,KCg-m,KCg-m,cb_intrinsic,Kenyon_Cell,,KCg-m_R,KCg-m,R,R,,acetylcholine,dopamine,0.7243075273249069,,dopamine,acetylcholine,1,True,True
55884,KCa'b'-m,KCa'b'-m,cb_intrinsic,Kenyon_Cell,,KCa'b'-m_L,KCa'b'-m,L,L,,acetylcholine,dopamine,0.6950195478497365,,dopamine,acetylcholine,1,True,True
55919,KCa'b'-ap1,KCa'b'-ap1,cb_intrinsic,Kenyon_Cell,,KCa'b'-ap1_R,KCa'b'-ap1,R,R,,acetylcholine,dopamine,0.6493346068470929,,dopamine,acetylcholine,1,True,True
55935,KCa'b'-ap2,KCa'b'-ap2,cb_intrinsic,Kenyon_Cell,,KCa'b'-ap2_L,KCa'b'-ap2,L,L,,acetylcholine,dopamine,0.7723549103847402,,dopamine,acetylcholine,1,True,True
55946,KCab-p,KCab-p,cb_intrinsic,Kenyon_Cell,,KCab-p_R,KCab-p,R,R,,acetylcholine,dopamine,0.7330033274828142,,dopamine,acetylcholine,1,True,True
55955,KCab-s,KCab-s,cb_intrinsic,Kenyon_Cell,,KCab-s_L,"KCab-m,KCab-c,KCab-s",L,L,,acetylcholine,dopamine,0.6953054806828391,,dopamine,acetylcholine,1,True,True
55998,KCg-m,KCg-m,cb_intrinsic,Kenyon_Cell,,KCg-m_R,KCg-m,R,R,,acetylcholine,dopamine,0.7488967370161447,,dopamine,acetylcholine,1,True,True
56000,KCa'b'-ap1,KCa'b'-ap1,cb_intrinsic,Kenyon_Cell,,KCa'b'-ap1_R,KCa'b'-ap1,R,R,,acetylcholine,dopamine,0.669284188034188,,dopamine,acetylcholine,1,True,True
56130,KCa'b'-ap2,KCa'b'-ap2,cb_intrinsic,Kenyon_Cell,,KCa'b'-ap2_R,KCa'b'-ap2,R,R,,acetylcholine,dopamine,0.6974680183739997,,dopamine,acetylcholine,1,True,True
56145,KCg-d,KCg-d,cb_intrinsic,Kenyon_Cell,,KCg-d_L,KCg-d,L,L,,acetylcholine,dopamine,0.7821762618932431,,dopamine,acetylcholine,1,True,True
56223,KCg-m,KCg-m,cb_intrinsic,Kenyon_Cell,,KCg-m_R,KCg-m,R,R,,acetylcholine,dopamine,0.667413708307252,,dopamine,acetylcholine,1,True,True
56234,VM6_lvPN,VM6_lvPN,cb_intrinsic,ALPN,BI,VM6_lvPN_L,,L,L,,acetylcholine,acetylcholine,0.9199134328540596,acetylcholine,acetylcholine,acetylcholine,1,True,True
56251,KCg-m,KCg-m,cb_intrinsic,Kenyon_Cell,,KCg-m_L,KCg-m,L,L,,acetylcholine,dopamine,0.7634291183687283,,dopamine,acetylcholine,1,True,True
56274,KCab-s,KCab-s,cb_intrinsic,Kenyon_Cell,,KCab-s_R,"KCab-m,KCab-c,KCab-s",R,R,,acetylcholine,dopamine,0.7268870084318197,,dopamine,acetylcholine,1,True,True
56284,KCg-d,KCg-d,cb_intrinsic,Kenyon_Cell,,KCg-d_R,KCg-d,R,R,,acetylcholine,dopamine,0.6851502933839289,,dopamine,acetylcholine,1,True,True
56297,KCg-m,KCg-m,cb_intrinsic,Kenyon_Cell,,KCg-m_R,KCg-m,R,R,,acetylcholine,dopamine,0.739866352201258,,dopamine,acetylcholine,1,True,True
56315,KCg-m,KCg-m,cb_intrinsic,Kenyon_Cell,,KCg-m_R,KCg-m,R,R,,acetylcholine,dopamine,0.7056786342364899,,dopamine,acetylcholine,1,True,True
56352,KCab-p,KCab-p,cb_intrinsic,Kenyon_Cell,,KCab-p_L,KCab-p,L,L,,acetylcholine,dopamine,0.6498744322152341,,dopamine,acetylcholine,1,True,True
56364,CB3447,CB3447,cb_intrinsic,ALPN,,CB3447_L,"M_vPNml61,M_vPNml62",L,L,,gaba,gaba,0.7528990905615761,gaba,gaba,gaba,-1,True,True
56390,VM4_lvPN,VM4_lvPN,cb_intrinsic,ALPN,,VM4_lvPN_L,VM4_lvPN,L,L,,acetylcholine,acetylcholine,0.9208652664273352,acetylcholine,acetylcholine,acetylcholine,1,True,True
56424,KCg-m,KCg-m,cb_intrinsic,Kenyon_Cell,,KCg-m_R,KCg-m,R,R,,acetylcholine,dopamine,0.7339561153859668,,dopamine,acetylcholine,1,True,True
56430,KCg-m,KCg-m,cb_intrinsic,Kenyon_Cell,,KCg-m_R,KCg-m,R,R,,acetylcholine,dopamine,0.7322422074780566,,dopamine,acetylcholine,1,True,True
56461,KCa'b'-ap2,KCa'b'-ap2,cb_intrinsic,Kenyon_Cell,,KCa'b'-ap2_R,KCa'b'-ap2,R,R,,acetylcholine,dopamine,0.7473169191919192,,dopamine,acetylcholine,1,True,True
56510,DP1m_vPN,DP1m_vPN,cb_intrinsic,ALPN,,DP1m_vPN_L,DP1m_vPN,L,L,,gaba,gaba,0.8209741586831673,gaba,gaba,gaba,-1,True,True
56650,KCg-m,KCg-m,cb_intrinsic,Kenyon_Cell,,KCg-m_L,KCg-m,L,L,,acetylcholine,dopamine,0.7256929966294868,,dopamine,acetylcholine,1,True,True
56666,KCg-m,KCg-m,cb_intrinsic,Kenyon_Cell,,KCg-m_R,KCg-m,R,R,,acetylcholine,dopamine,0.7400139365351629,,dopamine,acetylcholine,1,True,True
56692,KCa'b'-ap1,KCa'b'-ap1,cb_intrinsic,Kenyon_Cell,,KCa'b'-ap1_L,KCa'b'-ap1,L,L,,acetylcholine,dopamine,0.6952987421383647,,dopamine,acetylcholine,1,True,True
56749,KCa'b'-m,KCa'b'-m,cb_intrinsic,Kenyon_Cell,,KCa'b'-m_R,KCa'b'-m,R,R,,acetylcholine,dopamine,0.7045990566037735,,dopamine,acetylcholine,1,True,True
56866,KCg-m,KCg-m,cb_intrinsic,Kenyon_Cell,,KCg-m_L,KCg-m,L,L,,acetylcholine,dopamine,0.7345922868623341,,dopamine,acetylcholine,1,True,True
56888,M_vPNml60,M_vPNml60,cb_intrinsic,ALPN,,M_vPNml60_L,M_vPNml60,L,L,,gaba,gaba,0.8653799068633116,gaba,gaba,gaba,-1,True,True
56936,KCa'b'-ap2,KCa'b'-ap2,cb_intrinsic,Kenyon_Cell,,KCa'b'-ap2_R,KCa'b'-ap2,R,R,,acetylcholine,dopamine,0.7582305273343009,,dopamine,acetylcholine,1,True,True
56943,KCa'b'-ap2,KCa'b'-ap2,cb_intrinsic,Kenyon_Cell,,KCa'b'-ap2_R,KCa'b'-ap2,R,R,,acetylcholine,dopamine,0.7049822120576837,,dopamine,acetylcholine,1,True,True
57015,KCa'b'-ap2,KCa'b'-ap2,cb_intrinsic,Kenyon_Cell,,KCa'b'-ap2_R,KCa'b'-ap2,R,R,,acetylcholine,dopamine,0.7347388662247153,,dopamine,acetylcholine,1,True,True
57075,KCg-m,KCg-m,cb_intrinsic,Kenyon_Cell,,KCg-m_R,KCg-m,R,R,,acetylcholine,dopamine,0.7773782369268019,,dopamine,acetylcholine,1,True,True
57106,KCa'b'-ap2,KCa'b'-ap2,cb_intrinsic,Kenyon_Cell,,KCa'b'-ap2_R,KCa'b'-ap2,R,R,,acetylcholine,dopamine,0.6460779366125621,,dopamine,acetylcholine,1,True,True
57152,KCg-m,KCg-m,cb_intrinsic,Kenyon_Cell,,KCg-m_L,KCg-m,L,L,,acetylcholine,dopamine,0.7752585878669938,,dopamine,acetylcholine,1,True,True
57171,KCg-m,KCg-m,cb_intrinsic,Kenyon_Cell,,KCg-m_R,KCg-m,R,R,,acetylcholine,dopamine,0.657690644654088,,dopamine,acetylcholine,1,True,True
57179,KCg-m,KCg-m,cb_intrinsic,Kenyon_Cell,,KCg-m_R,KCg-m,R,R,,acetylcholine,dopamine,0.7755408736370877,,dopamine,acetylcholine,1,True,True
57219,KCab-s,KCab-s,cb_intrinsic,Kenyon_Cell,,KCab-s_R,"KCab-m,KCab-c,KCab-s",R,R,,acetylcholine,dopamine,0.7900173323770643,,dopamine,acetylcholine,1,True,True
57244,KCab-p,KCab-p,cb_intrinsic,Kenyon_Cell,,KCab-p_L,KCab-p,L,L,,acetylcholine,dopamine,0.6576301057433133,,dopamine,acetylcholine,1,True,True
57260,VM6_lvPN,VM6_lvPN,cb_intrinsic,ALPN,,VM6_lvPN_R,,R,R,,acetylcholine,acetylcholine,0.9498797852321142,acetylcholine,acetylcholine,acetylcholine,1,True,True
57302,KCg-d,KCg-d,cb_intrinsic,Kenyon_Cell,,KCg-d_R,KCg-d,R,R,,acetylcholine,dopamine,0.6749203757458474,,dopamine,acetylcholine,1,True,True
57314,KCg-m,KCg-m,cb_intrinsic,Kenyon_Cell,,KCg-m_R,KCg-m,R,R,,acetylcholine,dopamine,0.7544920836071216,,dopamine,acetylcholine,1,True,True
57341,KCa'b'-m,KCa'b'-m,cb_intrinsic,Kenyon_Cell,,KCa'b'-m_R,KCa'b'-m,R,R,,acetylcholine,dopamine,0.6831305259320026,,dopamine,acetylcholine,1,True,True
57355,KCg-m,KCg-m,cb_intrinsic,Kenyon_Cell,,KCg-m_R,KCg-m,R,R,,acetylcholine,dopamine,0.7040240699852803,,dopamine,acetylcholine,1,True,True
57356,KCg-m,KCg-m,cb_intrinsic,Kenyon_Cell,,KCg-m_R,KCg-m,R,R,,acetylcholine,dopamine,0.7533838308209376,,dopamine,acetylcholine,1,True,True
57387,KCa'b'-m,KCa'b'-m,cb_intrinsic,Kenyon_Cell,,KCa'b'-m_L,KCa'b'-m,L,L,,acetylcholine,dopamine,0.6904012692671163,,dopamine,acetylcholine,1,True,True
57394,M_vPNml53,M_vPNml53,cb_intrinsic,ALPN,,M_vPNml53_R,M_vPNml53,R,R,,gaba,gaba,0.6350052302340123,gaba,gaba,gaba,-1,True,True
57403,KCa'b'-ap1,KCa'b'-ap1,cb_intrinsic,Kenyon_Cell,,KCa'b'-ap1_R,KCa'b'-ap1,R,R,,acetylcholine,dopamine,0.7105425984160261,,dopamine,acetylcholine,1,True,True
57413,KCg-d,KCg-d,cb_intrinsic,Kenyon_Cell,,KCg-d_R,KCg-d,R,R,,acetylcholine,dopamine,0.7993306048834627,,dopamine,acetylcholine,1,True,True
57425,KCab-s,KCab-s,cb_intrinsic,Kenyon_Cell,,KCab-s_R,"KCab-m,KCab-c,KCab-s",R,R,,acetylcholine,dopamine,0.8258562960951994,,dopamine,acetylcholine,1,True,True
57460,KCg-d,KCg-d,cb_intrinsic,Kenyon_Cell,,KCg-d_R,KCg-d,R,R,,acetylcholine,dopamine,0.7359237421383648,,dopamine,acetylcholine,1,True,True
57498,KCg-d,KCg-d,cb_intrinsic,Kenyon_Cell,,KCg-d_R,KCg-d,R,R,,acetylcholine,dopamine,0.7525906616646437,,dopamine,acetylcholine,1,True,True
57532,KCg-m,KCg-m,cb_intrinsic,Kenyon_Cell,,KCg-m_R,KCg-m,R,R,,acetylcholine,dopamine,0.7004238099798871,,dopamine,acetylcholine,1,True,True
57545,KCg-d,KCg-d,cb_intrinsic,Kenyon_Cell,,KCg-d_R,KCg-d,R,R,,acetylcholine,dopamine,0.7778175155514314,,dopamine,acetylcholine,1,True,True
57550,KCg-d,KCg-d,cb_intrinsic,Kenyon_Cell,,KCg-d_R,KCg-d,R,R,,acetylcholine,dopamine,0.7777560316579462,,dopamine,acetylcholine,1,True,True
57568,KCg-m,KCg-m,cb_intrinsic,Kenyon_Cell,,KCg-m_R,KCg-m,R,R,,acetylcholine,dopamine,0.7861929018349217,,dopamine,acetylcholine,1,True,True
57591,EPGt,EPGt,cb_intrinsic,CX,,EPGt(PB09)_L9,EPGt,L,L,,acetylcholine,acetylcholine,0.9104549107351466,acetylcholine,acetylcholine,acetylcholine,1,True,True
57661,KCa'b'-ap1,KCa'b'-ap1,cb_intrinsic,Kenyon_Cell,,KCa'b'-ap1_L,KCa'b'-ap1,L,L,,acetylcholine,dopamine,0.6255382741231797,,dopamine,acetylcholine,1,True,True
57669,KCg-m,KCg-m,cb_intrinsic,Kenyon_Cell,,KCg-m_R,KCg-m,R,R,,acetylcholine,dopamine,0.746046395041473,,dopamine,acetylcholine,1,True,True
57673,KCa'b'-ap2,KCa'b'-ap2,cb_intrinsic,Kenyon_Cell,,KCa'b'-ap2_L,KCa'b'-ap2,L,L,,acetylcholine,dopamine,0.7273413842301422,,dopamine,acetylcholine,1,True,True
57684,KCg-m,KCg-m,cb_intrinsic,Kenyon_Cell,,KCg-m_R,KCg-m,R,R,,acetylcholine,dopamine,0.746643686502177,,dopamine,acetylcholine,1,True,True
57729,KCab-s,KCab-s,cb_intrinsic,Kenyon_Cell,,KCab-s_R,"KCab-m,KCab-c,KCab-s",R,R,,acetylcholine,dopamine,0.6823240381058083,,dopamine,acetylcholine,1,True,True
57770,KCg-m,KCg-m,cb_intrinsic,Kenyon_Cell,,KCg-m_L,KCg-m,L,L,,acetylcholine,dopamine,0.777096505754048,,dopamine,acetylcholine,1,True,True
57796,KCa'b'-ap2,KCa'b'-ap2,cb_intrinsic,Kenyon_Cell,,KCa'b'-ap2_L,KCa'b'-ap2,L,L,,acetylcholine,dopamine,0.7547325487265707,,dopamine,acetylcholine,1,True,True
57806,KCg-m,KCg-m,cb_intrinsic,Kenyon_Cell,,KCg-m_L,KCg-m,L,L,,acetylcholine,dopamine,0.7224804229868047,,dopamine,acetylcholine,1,True,True
57865,KCab-p,KCab-p,cb_intrinsic,Kenyon_Cell,,KCab-p_R,KCab-p,R,R,,acetylcholine,dopamine,0.7055206516568892,,dopamine,acetylcholine,1,True,True
57879,KCab-s,KCab-s,cb_intrinsic,Kenyon_Cell,,KCab-s_R,"KCab-m,KCab-c,KCab-s",R,R,,acetylcholine,dopamine,0.7278589138848572,,dopamine,acetylcholine,1,True,True
57902,KCab-s,KCab-s,cb_intrinsic,Kenyon_Cell,,KCab-s_L,"KCab-m,KCab-c,KCab-s",L,L,,acetylcholine,dopamine,0.7767834681042227,,dopamine,acetylcholine,1,True,True
57977,KCa'b'-ap1,KCa'b'-ap1,cb_intrinsic,Kenyon_Cell,,KCa'b'-ap1_R,KCa'b'-ap1,R,R,,acetylcholine,dopamine,0.6945272813860668,,dopamine,acetylcholine,1,True,True
57978,KCg-m,KCg-m,cb_intrinsic,Kenyon_Cell,,KCg-m_R,KCg-m,R,R,,acetylcholine,dopamine,0.7914096516690856,,dopamine,acetylcholine,1,True,True
58009,M_adPNm8,M_adPNm8,cb_intrinsic,ALPN,,M_adPNm8_L,M_adPNm8,L,L,,acetylcholine,acetylcholine,0.9392777568988624,acetylcholine,acetylcholine,acetylcholine,1,True,True
58013,KCg-m,KCg-m,cb_intrinsic,Kenyon_Cell,,KCg-m_R,KCg-m,R,R,,acetylcholine,dopamine,0.7070509040880504,,dopamine,acetylcholine,1,True,True
58014,KCg-m,KCg-m,cb_intrinsic,Kenyon_Cell,,KCg-m_R,KCg-m,R,R,,acetylcholine,dopamine,0.7075680582140795,,dopamine,acetylcholine,1,True,True
58058,KCg-m,KCg-m,cb_intrinsic,Kenyon_Cell,,KCg-m_L,KCg-m,L,L,,acetylcholine,dopamine,0.7637726949092204,,dopamine,acetylcholine,1,True,True
58097,KCa'b'-ap1,KCa'b'-ap1,cb_intrinsic,Kenyon_Cell,,KCa'b'-ap1_L,KCa'b'-ap1,L,L,,acetylcholine,dopamine,0.6779618371828238,,dopamine,acetylcholine,1,True,True
58111,KCa'b'-ap1,KCa'b'-ap1,cb_intrinsic,Kenyon_Cell,,KCa'b'-ap1_R,KCa'b'-ap1,R,R,,acetylcholine,dopamine,0.691581562557245,,dopamine,acetylcholine,1,True,True
58130,KCa'b'-ap1,KCa'b'-ap1,cb_intrinsic,Kenyon_Cell,,KCa'b'-ap1_R,KCa'b'-ap1,R,R,,acetylcholine,dopamine,0.6753704843071127,,dopamine,acetylcholine,1,True,True
58163,M_vPNml77,M_vPNml77,cb_intrinsic,ALPN,,M_vPNml77_L,M_vPNml77,L,L,,gaba,gaba,0.8265311614025458,,gaba,gaba,-1,True,True
58169,KCab-p,KCab-p,cb_intrinsic,Kenyon_Cell,,KCab-p_R,KCab-p,R,R,,acetylcholine,dopamine,0.5927653687261069,,dopamine,acetylcholine,1,True,True
58183,KCg-m,KCg-m,cb_intrinsic,Kenyon_Cell,,KCg-m_R,KCg-m,R,R,,acetylcholine,dopamine,0.7542711436610394,,dopamine,acetylcholine,1,True,True
58226,M_vPNml60,M_vPNml60,cb_intrinsic,ALPN,,M_vPNml60_R,M_vPNml60,R,R,,gaba,gaba,0.7765604743999959,gaba,gaba,gaba,-1,True,True
58275,KCab-s,KCab-s,cb_intrinsic,Kenyon_Cell,,KCab-s_L,"KCab-m,KCab-c,KCab-s",L,L,,acetylcholine,dopamine,0.8117327346395743,,dopamine,acetylcholine,1,True,True
58295,KCab-p,KCab-p,cb_intrinsic,Kenyon_Cell,,KCab-p_R,KCab-p,R,R,,acetylcholine,dopamine,0.6910641932752781,,dopamine,acetylcholine,1,True,True
58387,KCab-s,KCab-s,cb_intrinsic,Kenyon_Cell,,KCab-s_L,"KCab-m,KCab-c,KCab-s",L,L,,acetylcholine,dopamine,0.8045383498939377,,dopamine,acetylcholine,1,True,True
58401,MBON15,MBON15,cb_intrinsic,MBON,,MBON15(a'1)_R,MBON15,R,R,,acetylcholine,acetylcholine,0.935655817625531,acetylcholine,acetylcholine,acetylcholine,1,True,True
58434,M_lvPNm37,M_lvPNm37,cb_intrinsic,ALPN,,M_lvPNm37_R,M_lvPNm37,R,R,,acetylcholine,acetylcholine,0.6769645477132226,acetylcholine,acetylcholine,acetylcholine,1,True,True
58471,KCg-m,KCg-m,cb_intrinsic,Kenyon_Cell,,KCg-m_L,KCg-m,L,L,,acetylcholine,dopamine,0.7697816506410257,,dopamine,acetylcholine,1,True,True
58487,KCg-m,KCg-m,cb_intrinsic,Kenyon_Cell,,KCg-m_R,KCg-m,R,R,,acetylcholine,dopamine,0.7182218650082569,,dopamine,acetylcholine,1,True,True
58496,M_lvPNm40,M_lvPNm40,cb_intrinsic,ALPN,,M_lvPNm40_R,M_lvPNm40,R,R,,acetylcholine,acetylcholine,0.9247413781882893,acetylcholine,acetylcholine,acetylcholine,1,True,True
58500,DC4_vPN,DC4_vPN,cb_intrinsic,ALPN,,DC4_vPN_R,DC4_vPN,R,R,,gaba,gaba,0.7986661988130395,gaba,gaba,gaba,-1,True,True
58501,KCg-d,KCg-d,cb_intrinsic,Kenyon_Cell,,KCg-d_R,KCg-d,R,R,,acetylcholine,dopamine,0.7881800092385318,,dopamine,acetylcholine,1,True,True
58524,KCg-d,KCg-d,cb_intrinsic,Kenyon_Cell,,KCg-d_R,KCg-d,R,R,,acetylcholine,dopamine,0.8023153160119599,,dopamine,acetylcholine,1,True,True
58570,KCa'b'-ap2,KCa'b'-ap2,cb_intrinsic,Kenyon_Cell,,KCa'b'-ap2_R,KCa'b'-ap2,R,R,,acetylcholine,dopamine,0.7559069957784096,,dopamine,acetylcholine,1,True,True
58586,KCg-m,KCg-m,cb_intrinsic,Kenyon_Cell,,KCg-m_R,KCg-m,R,R,,acetylcholine,dopamine,0.7021912104803,,dopamine,acetylcholine,1,True,True
58622,DP1l_vPN,DP1l_vPN,cb_intrinsic,ALPN,,DP1l_vPN_R,DP1l_vPN,R,R,,gaba,gaba,0.8069020337553517,gaba,gaba,gaba,-1,True,True
58662,KCab-s,KCab-s,cb_intrinsic,Kenyon_Cell,,KCab-s_L,"KCab-m,KCab-c,KCab-s",L,L,,acetylcholine,dopamine,0.81508061664992,,dopamine,acetylcholine,1,True,True
58782,KCg-d,KCg-d,cb_intrinsic,Kenyon_Cell,,KCg-d_R,KCg-d,R,R,,acetylcholine,dopamine,0.7819877842283502,,dopamine,acetylcholine,1,True,True
58802,KCg-d,KCg-d,cb_intrinsic,Kenyon_Cell,,KCg-d_L,KCg-d,L,L,,acetylcholine,dopamine,0.6596626643796456,,dopamine,acetylcholine,1,True,True
58805,KCa'b'-m,KCa'b'-m,cb_intrinsic,Kenyon_Cell,,KCa'b'-m_R,KCa'b'-m,R,R,,acetylcholine,dopamine,0.6700129798873166,,dopamine,acetylcholine,1,True,True
58884,KCa'b'-m,KCa'b'-m,cb_intrinsic,Kenyon_Cell,,KCa'b'-m_L,KCa'b'-m,L,L,,acetylcholine,dopamine,0.7329297934337314,,dopamine,acetylcholine,1,True,True
58941,PAM08,PAM08,cb_intrinsic,DAN,,PAM08(y4)_L,PAM08,L,L,,dopamine,dopamine,0.9067508984725966,dopamine,dopamine,dopamine,0,True,True
58950,KCg-m,KCg-m,cb_intrinsic,Kenyon_Cell,,KCg-m_R,KCg-m,R,R,,acetylcholine,dopamine,0.7551664954231272,,dopamine,acetylcholine,1,True,True
58961,KCg-m,KCg-m,cb_intrinsic,Kenyon_Cell,,KCg-m_R,KCg-m,R,R,,acetylcholine,dopamine,0.738362616121401,,dopamine,acetylcholine,1,True,True
58980,KCa'b'-ap2,KCa'b'-ap2,cb_intrinsic,Kenyon_Cell,,KCa'b'-ap2_L,KCa'b'-ap2,L,L,,acetylcholine,dopamine,0.7172687528762081,,dopamine,acetylcholine,1,True,True
59001,KCa'b'-ap2,KCa'b'-ap2,cb_intrinsic,Kenyon_Cell,,KCa'b'-ap2_L,KCa'b'-ap2,L,L,,acetylcholine,dopamine,0.7074238500431619,,dopamine,acetylcholine,1,True,True
59078,KCa'b'-m,KCa'b'-m,cb_intrinsic,Kenyon_Cell,,KCa'b'-m_L,KCa'b'-m,L,L,,acetylcholine,dopamine,0.7083363416121164,,dopamine,acetylcholine,1,True,True
59090,KCa'b'-ap2,KCa'b'-ap2,cb_intrinsic,Kenyon_Cell,,KCa'b'-ap2_R,KCa'b'-ap2,R,R,,acetylcholine,dopamine,0.661328745939595,,dopamine,acetylcholine,1,True,True
59174,KCg-m,KCg-m,cb_intrinsic,Kenyon_Cell,,KCg-m_R,KCg-m,R,R,,acetylcholine,dopamine,0.7027445451670706,,dopamine,acetylcholine,1,True,True
59261,KCg-m,KCg-m,cb_intrinsic,Kenyon_Cell,,KCg-m_R,KCg-m,R,R,,acetylcholine,dopamine,0.7213079943743876,,dopamine,acetylcholine,1,True,True
59286,KCg-m,KCg-m,cb_intrinsic,Kenyon_Cell,,KCg-m_R,KCg-m,R,R,,acetylcholine,dopamine,0.7780642094485886,,dopamine,acetylcholine,1,True,True
59320,KCa'b'-ap2,KCa'b'-ap2,cb_intrinsic,Kenyon_Cell,,KCa'b'-ap2_R,KCa'b'-ap2,R,R,,acetylcholine,dopamine,0.7491422754394452,,dopamine,acetylcholine,1,True,True
59384,KCg-m,KCg-m,cb_intrinsic,Kenyon_Cell,,KCg-m_R,KCg-m,R,R,,acetylcholine,dopamine,0.7243941916389197,,dopamine,acetylcholine,1,True,True
59442,KCg-m,KCg-m,cb_intrinsic,Kenyon_Cell,,KCg-m_R,KCg-m,R,R,,acetylcholine,dopamine,0.7563418592136684,,dopamine,acetylcholine,1,True,True
59463,KCa'b'-ap2,KCa'b'-ap2,cb_intrinsic,Kenyon_Cell,,KCa'b'-ap2_L,KCa'b'-ap2,L,L,,acetylcholine,dopamine,0.7426255879710374,,dopamine,acetylcholine,1,True,True
59494,KCg-m,KCg-m,cb_intrinsic,Kenyon_Cell,,KCg-m_R,KCg-m,R,R,,acetylcholine,dopamine,0.7294687393500016,,dopamine,acetylcholine,1,True,True
59518,M_vPNml75,M_vPNml75,cb_intrinsic,ALPN,,M_vPNml75_L,M_vPNml75,L,L,,gaba,gaba,0.8458647030958497,,gaba,gaba,-1,True,True
59616,KCa'b'-ap2,KCa'b'-ap2,cb_intrinsic,Kenyon_Cell,,KCa'b'-ap2_L,KCa'b'-ap2,L,L,,acetylcholine,dopamine,0.6893151684204161,,dopamine,acetylcholine,1,True,True
59658,M_lPNm13,M_lPNm13,cb_intrinsic,ALPN,,M_lPNm13_R,M_lPNm13,R,R,,acetylcholine,acetylcholine,0.8357182432487472,acetylcholine,acetylcholine,acetylcholine,1,True,True
59715,KCa'b'-ap2,KCa'b'-ap2,cb_intrinsic,Kenyon_Cell,,KCa'b'-ap2_R,KCa'b'-ap2,R,R,,acetylcholine,dopamine,0.7197820769908546,,dopamine,acetylcholine,1,True,True
59765,KCa'b'-m,KCa'b'-m,cb_intrinsic,Kenyon_Cell,,KCa'b'-m_R,KCa'b'-m,R,R,,acetylcholine,dopamine,0.6624198909322506,,dopamine,acetylcholine,1,True,True
59787,KCab-p,KCab-p,cb_intrinsic,Kenyon_Cell,,KCab-p_R,KCab-p,R,R,,acetylcholine,dopamine,0.6711841879942712,,dopamine,acetylcholine,1,True,True
59796,M_lPNm13,M_lPNm13,cb_intrinsic,ALPN,,M_lPNm13_R,M_lPNm13,R,R,,acetylcholine,acetylcholine,0.8451980894265044,acetylcholine,acetylcholine,acetylcholine,1,True,True
59818,KCab-s,KCab-s,cb_intrinsic,Kenyon_Cell,,KCab-s_R,"KCab-m,KCab-c,KCab-s",R,R,,acetylcholine,dopamine,0.7459792617256547,,dopamine,acetylcholine,1,True,True
59901,KCa'b'-ap2,KCa'b'-ap2,cb_intrinsic,Kenyon_Cell,,KCa'b'-ap2_R,KCa'b'-ap2,R,R,,acetylcholine,dopamine,0.6985592782710569,,dopamine,acetylcholine,1,True,True
59923,KCg-m,KCg-m,cb_intrinsic,Kenyon_Cell,,KCg-m_R,KCg-m,R,R,,acetylcholine,dopamine,0.7529750894068319,,dopamine,acetylcholine,1,True,True
59932,KCg-m,KCg-m,cb_intrinsic,Kenyon_Cell,,KCg-m_R,KCg-m,R,R,,acetylcholine,dopamine,0.6499626474545512,,dopamine,acetylcholine,1,True,True
59978,KCg-m,KCg-m,cb_intrinsic,Kenyon_Cell,,KCg-m_R,KCg-m,R,R,,acetylcholine,dopamine,0.7539046121593291,,dopamine,acetylcholine,1,True,True
60011,KCg-m,KCg-m,cb_intrinsic,Kenyon_Cell,,KCg-m_L,KCg-m,L,L,,acetylcholine,dopamine,0.7176727687930519,,dopamine,acetylcholine,1,True,True
60017,DL2d_vPN,DL2d_vPN,cb_intrinsic,ALPN,,DL2d_vPN_L,DL2d_vPN,L,L,,gaba,gaba,0.8204681429854116,gaba,gaba,gaba,-1,True,True
60083,KCa'b'-m,KCa'b'-m,cb_intrinsic,Kenyon_Cell,,KCa'b'-m_L,KCa'b'-m,L,L,,acetylcholine,dopamine,0.7150692260656883,,dopamine,acetylcholine,1,True,True
60098,KCa'b'-m,KCa'b'-m,cb_intrinsic,Kenyon_Cell,,KCa'b'-m_R,KCa'b'-m,R,R,,acetylcholine,dopamine,0.7192915793151642,,dopamine,acetylcholine,1,True,True
60166,KCab-p,KCab-p,cb_intrinsic,Kenyon_Cell,,KCab-p_L,KCab-p,L,L,,acetylcholine,dopamine,0.7300772363843169,,dopamine,acetylcholine,1,True,True
60172,KCg-m,KCg-m,cb_intrinsic,Kenyon_Cell,,KCg-m_R,KCg-m,R,R,,acetylcholine,dopamine,0.7559511733279232,,dopamine,acetylcholine,1,True,True
60200,KCg-m,KCg-m,cb_intrinsic,Kenyon_Cell,,KCg-m_R,KCg-m,R,R,,acetylcholine,dopamine,0.7459857452236858,,dopamine,acetylcholine,1,True,True
60227,KCg-m,KCg-m,cb_intrinsic,Kenyon_Cell,,KCg-m_R,KCg-m,R,R,,acetylcholine,dopamine,0.7652042796776729,,dopamine,acetylcholine,1,True,True
60236,CB2772,CB2772,cb_intrinsic,ALPN,,CB2772_L,,L,L,,gaba,gaba,0.80914357510942,gaba,gaba,gaba,-1,True,True
60273,PAM07,PAM07,cb_intrinsic,DAN,,PAM07(y4<y1y2)_L,PAM07,L,L,,dopamine,dopamine,0.8736452483119833,dopamine,dopamine,dopamine,0,True,True
60314,KCa'b'-m,KCa'b'-m,cb_intrinsic,Kenyon_Cell,,KCa'b'-m_R,KCa'b'-m,R,R,,acetylcholine,dopamine,0.6571950255808648,,dopamine,acetylcholine,1,True,True
60329,KCg-m,KCg-m,cb_intrinsic,Kenyon_Cell,,KCg-m_R,KCg-m,R,R,,acetylcholine,dopamine,0.6876695435068076,,dopamine,acetylcholine,1,True,True
60344,KCg-d,KCg-d,cb_intrinsic,Kenyon_Cell,,KCg-d_R,KCg-d,R,R,,acetylcholine,dopamine,0.747558947651446,,dopamine,acetylcholine,1,True,True
60349,KCa'b'-ap1,KCa'b'-ap1,cb_intrinsic,Kenyon_Cell,,KCa'b'-ap1_L,KCa'b'-ap1,L,L,,acetylcholine,dopamine,0.6970753044292787,,dopamine,acetylcholine,1,True,True
60354,KCa'b'-ap1,KCa'b'-ap1,cb_intrinsic,Kenyon_Cell,,KCa'b'-ap1_R,KCa'b'-ap1,R,R,,acetylcholine,dopamine,0.7261524676608717,,dopamine,acetylcholine,1,True,True
60388,KCg-m,KCg-m,cb_intrinsic,Kenyon_Cell,,KCg-m_L,KCg-m,L,L,,acetylcholine,dopamine,0.7709136870634837,,dopamine,acetylcholine,1,True,True
60391,KCa'b'-ap2,KCa'b'-ap2,cb_intrinsic,Kenyon_Cell,,KCa'b'-ap2_L,KCa'b'-ap2,L,L,,acetylcholine,dopamine,0.7320962382817136,,dopamine,acetylcholine,1,True,True
60443,KCa'b'-ap2,KCa'b'-ap2,cb_intrinsic,Kenyon_Cell,,KCa'b'-ap2_R,KCa'b'-ap2,R,R,,acetylcholine,dopamine,0.7723008385744234,,dopamine,acetylcholine,1,True,True
60471,KCg-m,KCg-m,cb_intrinsic,Kenyon_Cell,,KCg-m_L,KCg-m,L,L,,acetylcholine,dopamine,0.7915532776971457,,dopamine,acetylcholine,1,True,True
60494,KCa'b'-ap2,KCa'b'-ap2,cb_intrinsic,Kenyon_Cell,,KCa'b'-ap2_L,KCa'b'-ap2,L,L,,acetylcholine,dopamine,0.7369653324784758,,dopamine,acetylcholine,1,True,True
60505,KCa'b'-m,KCa'b'-m,cb_intrinsic,Kenyon_Cell,,KCa'b'-m_R,KCa'b'-m,R,R,,acetylcholine,dopamine,0.6990232772764561,,dopamine,acetylcholine,1,True,True
60516,KCg-m,KCg-m,cb_intrinsic,Kenyon_Cell,,KCg-m_R,KCg-m,R,R,,acetylcholine,dopamine,0.7176420007861635,,dopamine,acetylcholine,1,True,True
60539,KCa'b'-ap1,KCa'b'-ap1,cb_intrinsic,Kenyon_Cell,,KCa'b'-ap1_L,KCa'b'-ap1,L,L,,acetylcholine,dopamine,0.7090475712565235,,dopamine,acetylcholine,1,True,True
60545,KCg-m,KCg-m,cb_intrinsic,Kenyon_Cell,,KCg-m_L,KCg-m,L,L,,acetylcholine,dopamine,0.7026734754661569,,dopamine,acetylcholine,1,True,True
60697,KCa'b'-ap1,KCa'b'-ap1,cb_intrinsic,Kenyon_Cell,,KCa'b'-ap1_L,KCa'b'-ap1,L,L,,acetylcholine,dopamine,0.6973520280353906,,dopamine,acetylcholine,1,True,True
60708,KCg-d,KCg-d,cb_intrinsic,Kenyon_Cell,,KCg-d_R,KCg-d,R,R,,acetylcholine,dopamine,0.7375159755154206,,dopamine,acetylcholine,1,True,True
60729,KCa'b'-ap2,KCa'b'-ap2,cb_intrinsic,Kenyon_Cell,,KCa'b'-ap2_R,KCa'b'-ap2,R,R,,acetylcholine,dopamine,0.6725325001620956,,dopamine,acetylcholine,1,True,True
60732,KCab-s,KCab-s,cb_intrinsic,Kenyon_Cell,,KCab-s_L,"KCab-m,KCab-c,KCab-s",L,L,,acetylcholine,dopamine,0.7409151868294488,,dopamine,acetylcholine,1,True,True
60739,KCg-m,KCg-m,cb_intrinsic,Kenyon_Cell,,KCg-m_R,KCg-m,R,R,,acetylcholine,dopamine,0.7395640646195585,,dopamine,acetylcholine,1,True,True
60763,KCg-m,KCg-m,cb_intrinsic,Kenyon_Cell,,KCg-m_R,KCg-m,R,R,,acetylcholine,dopamine,0.7119406144170295,,dopamine,acetylcholine,1,True,True
60768,KCg-m,KCg-m,cb_intrinsic,Kenyon_Cell,,KCg-m_R,KCg-m,R,R,,acetylcholine,dopamine,0.7629815251572327,,dopamine,acetylcholine,1,True,True
60787,KCab-s,KCab-s,cb_intrinsic,Kenyon_Cell,,KCab-s_L,"KCab-m,KCab-c,KCab-s",L,L,,acetylcholine,dopamine,0.7828958713735038,,dopamine,acetylcholine,1,True,True
60829,KCg-d,KCg-d,cb_intrinsic,Kenyon_Cell,,KCg-d_R,KCg-d,R,R,,acetylcholine,dopamine,0.7844356796116505,,dopamine,acetylcholine,1,True,True
60834,KCg-m,KCg-m,cb_intrinsic,Kenyon_Cell,,KCg-m_L,KCg-m,L,L,,acetylcholine,dopamine,0.7630604585108541,,dopamine,acetylcholine,1,True,True
60890,KCab-s,KCab-s,cb_intrinsic,Kenyon_Cell,,KCab-s_R,"KCab-m,KCab-c,KCab-s",R,R,,acetylcholine,dopamine,0.7577961215932913,,dopamine,acetylcholine,1,True,True
60930,PAM10,PAM10,cb_intrinsic,DAN,,PAM10(B1)_L,PAM10,L,L,,dopamine,dopamine,0.9091204217536071,dopamine,dopamine,dopamine,0,True,True
60948,KCab-s,KCab-s,cb_intrinsic,Kenyon_Cell,,KCab-s_L,"KCab-m,KCab-c,KCab-s",L,L,,acetylcholine,dopamine,0.783996074680037,,dopamine,acetylcholine,1,True,True
60957,KCg-m,KCg-m,cb_intrinsic,Kenyon_Cell,,KCg-m_R,KCg-m,R,R,,acetylcholine,dopamine,0.7808922955974843,,dopamine,acetylcholine,1,True,True
60960,KCa'b'-ap2,KCa'b'-ap2,cb_intrinsic,Kenyon_Cell,,KCa'b'-ap2_R,KCa'b'-ap2,R,R,,acetylcholine,dopamine,0.753344416950201,,dopamine,acetylcholine,1,True,True
60983,KCa'b'-m,KCa'b'-m,cb_intrinsic,Kenyon_Cell,,KCa'b'-m_R,KCa'b'-m,R,R,,acetylcholine,dopamine,0.7387180882736035,,dopamine,acetylcholine,1,True,True
60986,KCab-s,KCab-s,cb_intrinsic,Kenyon_Cell,,KCab-s_L,"KCab-m,KCab-c,KCab-s",L,L,,acetylcholine,dopamine,0.8019779590058347,,dopamine,acetylcholine,1,True,True
61033,KCa'b'-m,KCa'b'-m,cb_intrinsic,Kenyon_Cell,,KCa'b'-m_R,KCa'b'-m,R,R,,acetylcholine,dopamine,0.7809868159473723,,dopamine,acetylcholine,1,True,True
61056,KCg-d,KCg-d,cb_intrinsic,Kenyon_Cell,,KCg-d_R,KCg-d,R,R,,acetylcholine,dopamine,0.7713484381054577,,dopamine,acetylcholine,1,True,True
61071,KCa'b'-ap1,KCa'b'-ap1,cb_intrinsic,Kenyon_Cell,,KCa'b'-ap1_L,KCa'b'-ap1,L,L,,acetylcholine,dopamine,0.727491796554553,,dopamine,acetylcholine,1,True,True
61113,KCg-m,KCg-m,cb_intrinsic,Kenyon_Cell,,KCg-m_R,KCg-m,R,R,,acetylcholine,dopamine,0.7115871767994411,,dopamine,acetylcholine,1,True,True
61115,KCa'b'-ap2,KCa'b'-ap2,cb_intrinsic,Kenyon_Cell,,KCa'b'-ap2_R,KCa'b'-ap2,R,R,,acetylcholine,dopamine,0.6950136140512349,,dopamine,acetylcholine,1,True,True
61116,KCab-s,KCab-s,cb_intrinsic,Kenyon_Cell,,KCab-s_L,"KCab-m,KCab-c,KCab-s",L,L,,acetylcholine,dopamine,0.7447247288305533,,dopamine,acetylcholine,1,True,True
61120,KCab-s,KCab-s,cb_intrinsic,Kenyon_Cell,,KCab-s_L,"KCab-m,KCab-c,KCab-s",L,L,,acetylcholine,dopamine,0.7594933487172526,,dopamine,acetylcholine,1,True,True
61126,KCg-m,KCg-m,cb_intrinsic,Kenyon_Cell,,KCg-m_R,KCg-m,R,R,,acetylcholine,dopamine,0.714759535655058,,dopamine,acetylcholine,1,True,True
61178,KCg-m,KCg-m,cb_intrinsic,Kenyon_Cell,,KCg-m_R,KCg-m,R,R,,acetylcholine,dopamine,0.7678076856499912,,dopamine,acetylcholine,1,True,True
61237,KCg-m,KCg-m,cb_intrinsic,Kenyon_Cell,,KCg-m_R,KCg-m,R,R,,acetylcholine,dopamine,0.639615400529626,,dopamine,acetylcholine,1,True,True
61253,KCa'b'-ap1,KCa'b'-ap1,cb_intrinsic,Kenyon_Cell,,KCa'b'-ap1_L,KCa'b'-ap1,L,L,,acetylcholine,dopamine,0.7233042346111158,,dopamine,acetylcholine,1,True,True
61259,KCab-s,KCab-s,cb_intrinsic,Kenyon_Cell,,KCab-s_L,"KCab-m,KCab-c,KCab-s",L,L,,acetylcholine,dopamine,0.7551486894245101,,dopamine,acetylcholine,1,True,True
61279,KCg-m,KCg-m,cb_intrinsic,Kenyon_Cell,,KCg-m_R,KCg-m,R,R,,acetylcholine,dopamine,0.7674301230384075,,dopamine,acetylcholine,1,True,True
61312,KCg-m,KCg-m,cb_intrinsic,Kenyon_Cell,,KCg-m_L,KCg-m,L,L,,acetylcholine,dopamine,0.7575720510504482,,dopamine,acetylcholine,1,True,True
61333,KCab-s,KCab-s,cb_intrinsic,Kenyon_Cell,,KCab-s_L,"KCab-m,KCab-c,KCab-s",L,L,,acetylcholine,dopamine,0.780187266975483,,dopamine,acetylcholine,1,True,True
61334,KCa'b'-m,KCa'b'-m,cb_intrinsic,Kenyon_Cell,,KCa'b'-m_L,KCa'b'-m,L,L,,acetylcholine,dopamine,0.657062235271467,,dopamine,acetylcholine,1,True,True
61339,KCa'b'-ap2,KCa'b'-ap2,cb_intrinsic,Kenyon_Cell,,KCa'b'-ap2_R,KCa'b'-ap2,R,R,,acetylcholine,dopamine,0.727631253392076,,dopamine,acetylcholine,1,True,True
61360,PAM12,PAM12,cb_intrinsic,DAN,,PAM12(y3)_L,PAM12,L,L,,dopamine,dopamine,0.9032383000369959,dopamine,dopamine,dopamine,0,True,True
61382,KCg-m,KCg-m,cb_intrinsic,Kenyon_Cell,,KCg-m_R,KCg-m,R,R,,acetylcholine,dopamine,0.7943466025980134,,dopamine,acetylcholine,1,True,True
61456,KCg-m,KCg-m,cb_intrinsic,Kenyon_Cell,,KCg-m_R,KCg-m,R,R,,acetylcholine,dopamine,0.7502653301886792,,dopamine,acetylcholine,1,True,True
61464,KCab-s,KCab-s,cb_intrinsic,Kenyon_Cell,,KCab-s_R,"KCab-m,KCab-c,KCab-s",R,R,,acetylcholine,dopamine,0.6967516047461584,,dopamine,acetylcholine,1,True,True
61475,KCa'b'-ap1,KCa'b'-ap1,cb_intrinsic,Kenyon_Cell,,KCa'b'-ap1_R,KCa'b'-ap1,R,R,,acetylcholine,dopamine,0.7069916880739362,,dopamine,acetylcholine,1,True,True
61517,KCab-s,KCab-s,cb_intrinsic,Kenyon_Cell,,KCab-s_L,"KCab-m,KCab-c,KCab-s",L,L,,acetylcholine,dopamine,0.8294747385769493,,dopamine,acetylcholine,1,True,True
61555,KCa'b'-ap1,KCa'b'-ap1,cb_intrinsic,Kenyon_Cell,,KCa'b'-ap1_R,KCa'b'-ap1,R,R,,acetylcholine,dopamine,0.7042889187005943,,dopamine,acetylcholine,1,True,True
61570,KCa'b'-ap2,KCa'b'-ap2,cb_intrinsic,Kenyon_Cell,,KCa'b'-ap2_L,KCa'b'-ap2,L,L,,acetylcholine,dopamine,0.7291899679050768,,dopamine,acetylcholine,1,True,True
61579,KCg-m,KCg-m,cb_intrinsic,Kenyon_Cell,,KCg-m_L,KCg-m,L,L,,acetylcholine,dopamine,0.7820380003526715,,dopamine,acetylcholine,1,True,True
61605,KCg-m,KCg-m,cb_intrinsic,Kenyon_Cell,,KCg-m_R,KCg-m,R,R,,acetylcholine,dopamine,0.7179233998375012,,dopamine,acetylcholine,1,True,True
61639,KCa'b'-m,KCa'b'-m,cb_intrinsic,Kenyon_Cell,,KCa'b'-m_L,KCa'b'-m,L,L,,acetylcholine,dopamine,0.6617019621331237,,dopamine,acetylcholine,1,True,True
61802,KCg-m,KCg-m,cb_intrinsic,Kenyon_Cell,,KCg-m_L,KCg-m,L,L,,acetylcholine,dopamine,0.8028226576735438,,dopamine,acetylcholine,1,True,True
61806,KCab-s,KCab-s,cb_intrinsic,Kenyon_Cell,,KCab-s_R,"KCab-m,KCab-c,KCab-s",R,R,,acetylcholine,dopamine,0.7478934849217868,,dopamine,acetylcholine,1,True,True
61936,KCa'b'-ap2,KCa'b'-ap2,cb_intrinsic,Kenyon_Cell,,KCa'b'-ap2_R,KCa'b'-ap2,R,R,,acetylcholine,dopamine,0.7070542740952945,,dopamine,acetylcholine,1,True,True
61938,KCa'b'-m,KCa'b'-m,cb_intrinsic,Kenyon_Cell,,KCa'b'-m_R,KCa'b'-m,R,R,,acetylcholine,dopamine,0.7505803128103277,,dopamine,acetylcholine,1,True,True
61941,DP1l_vPN,DP1l_vPN,cb_intrinsic,ALPN,,DP1l_vPN_R,DP1l_vPN,R,R,,gaba,gaba,0.8136277565811646,gaba,gaba,gaba,-1,True,True
61947,KCab-p,KCab-p,cb_intrinsic,Kenyon_Cell,,KCab-p_R,KCab-p,R,R,,acetylcholine,dopamine,0.6503072888123386,,dopamine,acetylcholine,1,True,True
61962,KCg-m,KCg-m,cb_intrinsic,Kenyon_Cell,,KCg-m_R,KCg-m,R,R,,acetylcholine,dopamine,0.7804827693151002,,dopamine,acetylcholine,1,True,True
61967,KCg-m,KCg-m,cb_intrinsic,Kenyon_Cell,,KCg-m_R,KCg-m,R,R,,acetylcholine,dopamine,0.7405952380952381,,dopamine,acetylcholine,1,True,True
61981,KCg-m,KCg-m,cb_intrinsic,Kenyon_Cell,,KCg-m_R,KCg-m,R,R,,acetylcholine,dopamine,0.7485340481748038,,dopamine,acetylcholine,1,True,True
62003,KCg-m,KCg-m,cb_intrinsic,Kenyon_Cell,,KCg-m_R,KCg-m,R,R,,acetylcholine,dopamine,0.7316372273517998,,dopamine,acetylcholine,1,True,True
62057,KCa'b'-m,KCa'b'-m,cb_intrinsic,Kenyon_Cell,,KCa'b'-m_R,KCa'b'-m,R,R,,acetylcholine,dopamine,0.6560788548512473,,dopamine,acetylcholine,1,True,True
62062,KCg-m,KCg-m,cb_intrinsic,Kenyon_Cell,,KCg-m_R,KCg-m,R,R,,acetylcholine,dopamine,0.6556450908455626,,dopamine,acetylcholine,1,True,True
62076,KCg-d,KCg-d,cb_intrinsic,Kenyon_Cell,,KCg-d_R,KCg-d,R,R,,acetylcholine,dopamine,0.7716273979962707,,dopamine,acetylcholine,1,True,True
62087,KCab-p,KCab-p,cb_intrinsic,Kenyon_Cell,,KCab-p_R,KCab-p,R,R,,acetylcholine,dopamine,0.6728647237196766,,dopamine,acetylcholine,1,True,True
62159,KCg-m,KCg-m,cb_intrinsic,Kenyon_Cell,,KCg-m_R,KCg-m,R,R,,acetylcholine,dopamine,0.787523817269263,,dopamine,acetylcholine,1,True,True
62174,KCg-m,KCg-m,cb_intrinsic,Kenyon_Cell,,KCg-m_R,KCg-m,R,R,,acetylcholine,dopamine,0.7690084420737083,,dopamine,acetylcholine,1,True,True
62188,KCa'b'-m,KCa'b'-m,cb_intrinsic,Kenyon_Cell,,KCa'b'-m_L,KCa'b'-m,L,L,,acetylcholine,dopamine,0.7087493874050477,,dopamine,acetylcholine,1,True,True
62241,KCg-m,KCg-m,cb_intrinsic,Kenyon_Cell,,KCg-m_R,KCg-m,R,R,,acetylcholine,dopamine,0.7234915487421384,,dopamine,acetylcholine,1,True,True
62274,KCg-d,KCg-d,cb_intrinsic,Kenyon_Cell,,KCg-d_R,KCg-d,R,R,,acetylcholine,dopamine,0.7566508593145663,,dopamine,acetylcholine,1,True,True
62286,M_lPNm11A,M_lPNm11A,cb_intrinsic,ALPN,BI,M_lPNm11A_L,M_lPNm11A,L,L,,acetylcholine,acetylcholine,0.8953698289948746,acetylcholine,acetylcholine,acetylcholine,1,True,True
62344,KCg-m,KCg-m,cb_intrinsic,Kenyon_Cell,,KCg-m_R,KCg-m,R,R,,acetylcholine,dopamine,0.7249497728860936,,dopamine,acetylcholine,1,True,True
62417,KCa'b'-m,KCa'b'-m,cb_intrinsic,Kenyon_Cell,,KCa'b'-m_L,KCa'b'-m,L,L,,acetylcholine,dopamine,0.6974908280922432,,dopamine,acetylcholine,1,True,True
62436,KCab-s,KCab-s,cb_intrinsic,Kenyon_Cell,,KCab-s_L,"KCab-m,KCab-c,KCab-s",L,L,,acetylcholine,dopamine,0.8343965649021663,,dopamine,acetylcholine,1,True,True
62457,KCab-p,KCab-p,cb_intrinsic,Kenyon_Cell,,KCab-p_R,KCab-p,R,R,,acetylcholine,dopamine,0.6703903672053474,,dopamine,acetylcholine,1,True,True
62471,KCab-c,KCab-c,cb_intrinsic,Kenyon_Cell,,KCab-c_R,"KCab-m,KCab-c,KCab-s",R,R,,acetylcholine,dopamine,0.7881378644939966,,dopamine,acetylcholine,1,True,True
62517,KCab-m,KCab-m,cb_intrinsic,Kenyon_Cell,,KCab-m_R,"KCab-m,KCab-c,KCab-s",R,R,,acetylcholine,dopamine,0.6903780288625615,,dopamine,acetylcholine,1,True,True
62559,KCg-m,KCg-m,cb_intrinsic,Kenyon_Cell,,KCg-m_R,KCg-m,R,R,,acetylcholine,dopamine,0.738437319600158,,dopamine,acetylcholine,1,True,True
62624,KCab-s,KCab-s,cb_intrinsic,Kenyon_Cell,,KCab-s_R,"KCab-m,KCab-c,KCab-s",R,R,,acetylcholine,dopamine,0.7626184383606692,,dopamine,acetylcholine,1,True,True
62638,KCa'b'-ap1,KCa'b'-ap1,cb_intrinsic,Kenyon_Cell,,KCa'b'-ap1_L,KCa'b'-ap1,L,L,,acetylcholine,dopamine,0.6635725990499696,,dopamine,acetylcholine,1,True,True
62641,KCab-p,KCab-p,cb_intrinsic,Kenyon_Cell,,KCab-p_L,KCab-p,L,L,,acetylcholine,dopamine,0.6712341512779338,,dopamine,acetylcholine,1,True,True
62643,KCg-m,KCg-m,cb_intrinsic,Kenyon_Cell,,KCg-m_R,KCg-m,R,R,,acetylcholine,dopamine,0.7560801809337919,,dopamine,acetylcholine,1,True,True
62645,KCg-m,KCg-m,cb_intrinsic,Kenyon_Cell,,KCg-m_R,KCg-m,R,R,,acetylcholine,dopamine,0.7129793680012272,,dopamine,acetylcholine,1,True,True
62660,KCg-m,KCg-m,cb_intrinsic,Kenyon_Cell,,KCg-m_R,KCg-m,R,R,,acetylcholine,dopamine,0.7531423687289748,,dopamine,acetylcholine,1,True,True
62703,KCa'b'-ap1,KCa'b'-ap1,cb_intrinsic,Kenyon_Cell,,KCa'b'-ap1_L,KCa'b'-ap1,L,L,,acetylcholine,dopamine,0.7435773247978437,,dopamine,acetylcholine,1,True,True
62731,PAM01,PAM01,cb_intrinsic,DAN,,PAM01(y5)_R,PAM01,R,R,,dopamine,dopamine,0.8987176752977386,dopamine,dopamine,dopamine,0,True,True
62733,KCa'b'-ap2,KCa'b'-ap2,cb_intrinsic,Kenyon_Cell,,KCa'b'-ap2_R,KCa'b'-ap2,R,R,,acetylcholine,dopamine,0.766555219053745,,dopamine,acetylcholine,1,True,True
62753,KCab-s,KCab-s,cb_intrinsic,Kenyon_Cell,,KCab-s_L,"KCab-m,KCab-c,KCab-s",L,L,,acetylcholine,dopamine,0.7392225937425364,,dopamine,acetylcholine,1,True,True
62837,M_vPNml76,M_vPNml76,cb_intrinsic,ALPN,,M_vPNml76_L,M_vPNml76,L,L,,gaba,gaba,0.7862228182265165,gaba,gaba,gaba,-1,True,True
62840,KCab-s,KCab-s,cb_intrinsic,Kenyon_Cell,,KCab-s_R,"KCab-m,KCab-c,KCab-s",R,R,,acetylcholine,dopamine,0.7339286012980061,,dopamine,acetylcholine,1,True,True
62891,KCg-m,KCg-m,cb_intrinsic,Kenyon_Cell,,KCg-m_R,KCg-m,R,R,,acetylcholine,dopamine,0.6813369018991244,,dopamine,acetylcholine,1,True,True
62905,KCa'b'-m,KCa'b'-m,cb_intrinsic,Kenyon_Cell,,KCa'b'-m_R,KCa'b'-m,R,R,,acetylcholine,dopamine,0.7001561703212645,,dopamine,acetylcholine,1,True,True
62917,KCg-m,KCg-m,cb_intrinsic,Kenyon_Cell,,KCg-m_R,KCg-m,R,R,,acetylcholine,dopamine,0.7802347033911697,,dopamine,acetylcholine,1,True,True
63035,KCa'b'-ap2,KCa'b'-ap2,cb_intrinsic,Kenyon_Cell,,KCa'b'-ap2_L,KCa'b'-ap2,L,L,,acetylcholine,dopamine,0.739771718990579,,dopamine,acetylcholine,1,True,True
63046,VL2p_vPN,VL2p_vPN,cb_intrinsic,ALPN,,VL2p_vPN_R,VL2p_vPN,R,R,,gaba,gaba,0.7681962726150317,gaba,gaba,gaba,-1,True,True
63097,KCg-m,KCg-m,cb_intrinsic,Kenyon_Cell,,KCg-m_R,KCg-m,R,R,,acetylcholine,dopamine,0.7653087273187306,,dopamine,acetylcholine,1,True,True
63100,KCg-m,KCg-m,cb_intrinsic,Kenyon_Cell,,KCg-m_R,KCg-m,R,R,,acetylcholine,dopamine,0.7611344262547786,,dopamine,acetylcholine,1,True,True
63153,KCg-m,KCg-m,cb_intrinsic,Kenyon_Cell,,KCg-m_R,KCg-m,R,R,,acetylcholine,dopamine,0.72783763051841,,dopamine,acetylcholine,1,True,True
63156,KCab-s,KCab-s,cb_intrinsic,Kenyon_Cell,,KCab-s_R,"KCab-m,KCab-c,KCab-s",R,R,,acetylcholine,dopamine,0.7908837788259959,,dopamine,acetylcholine,1,True,True
63189,KCg-m,KCg-m,cb_intrinsic,Kenyon_Cell,,KCg-m_R,KCg-m,R,R,,acetylcholine,dopamine,0.7599953686406377,,dopamine,acetylcholine,1,True,True
63199,KCg-m,KCg-m,cb_intrinsic,Kenyon_Cell,,KCg-m_L,KCg-m,L,L,,acetylcholine,dopamine,0.7782158474370394,,dopamine,acetylcholine,1,True,True
63209,KCa'b'-ap1,KCa'b'-ap1,cb_intrinsic,Kenyon_Cell,,KCa'b'-ap1_L,KCa'b'-ap1,L,L,,acetylcholine,dopamine,0.7391830719967836,,dopamine,acetylcholine,1,True,True
63212,KCa'b'-ap2,KCa'b'-ap2,cb_intrinsic,Kenyon_Cell,,KCa'b'-ap2_L,KCa'b'-ap2,L,L,,acetylcholine,dopamine,0.7061549245592836,,dopamine,acetylcholine,1,True,True
63218,KCa'b'-ap1,KCa'b'-ap1,cb_intrinsic,Kenyon_Cell,,KCa'b'-ap1_L,KCa'b'-ap1,L,L,,acetylcholine,dopamine,0.7395629773135669,,dopamine,acetylcholine,1,True,True
63253,KCab-s,KCab-s,cb_intrinsic,Kenyon_Cell,,KCab-s_L,"KCab-m,KCab-c,KCab-s",L,L,,acetylcholine,dopamine,0.8045150906181385,,dopamine,acetylcholine,1,True,True
63269,KCg-m,KCg-m,cb_intrinsic,Kenyon_Cell,,KCg-m_R,KCg-m,R,R,,acetylcholine,dopamine,0.6953987373251187,,dopamine,acetylcholine,1,True,True
63283,KCa'b'-m,KCa'b'-m,cb_intrinsic,Kenyon_Cell,,KCa'b'-m_L,KCa'b'-m,L,L,,acetylcholine,dopamine,0.6891891122049039,,dopamine,acetylcholine,1,True,True
63327,KCg-m,KCg-m,cb_intrinsic,Kenyon_Cell,,KCg-m_L,KCg-m,L,L,,acetylcholine,dopamine,0.7406990941726499,,dopamine,acetylcholine,1,True,True
63336,M_VPNml66,M_VPNml66,cb_intrinsic,ALPN,,M_VPNml66_L,M_VPNml66,L,L,,gaba,gaba,0.7534769287245382,,gaba,gaba,-1,True,True
63345,KCab-m,KCab-m,cb_intrinsic,Kenyon_Cell,,KCab-m_L,"KCab-m,KCab-c,KCab-s",L,L,,acetylcholine,dopamine,0.6837829385300463,,dopamine,acetylcholine,1,True,True
63370,KCa'b'-ap2,KCa'b'-ap2,cb_intrinsic,Kenyon_Cell,,KCa'b'-ap2_R,KCa'b'-ap2,R,R,,acetylcholine,dopamine,0.7339504152748939,,dopamine,acetylcholine,1,True,True
63380,KCa'b'-ap2,KCa'b'-ap2,cb_intrinsic,Kenyon_Cell,,KCa'b'-ap2_R,KCa'b'-ap2,R,R,,acetylcholine,dopamine,0.7027812718378756,,dopamine,acetylcholine,1,True,True
63391,PAM01,PAM01,cb_intrinsic,DAN,,PAM01(y5)_R,PAM01,R,R,,dopamine,dopamine,0.8629269246292,dopamine,dopamine,dopamine,0,True,True
63394,KCg-m,KCg-m,cb_intrinsic,Kenyon_Cell,,KCg-m_R,KCg-m,R,R,,acetylcholine,dopamine,0.7492399259753993,,dopamine,acetylcholine,1,True,True
63398,KCg-m,KCg-m,cb_intrinsic,Kenyon_Cell,,KCg-m_R,KCg-m,R,R,,acetylcholine,dopamine,0.6914135949555859,,dopamine,acetylcholine,1,True,True
63482,KCg-m,KCg-m,cb_intrinsic,Kenyon_Cell,,KCg-m_R,KCg-m,R,R,,acetylcholine,dopamine,0.6620940202437107,,dopamine,acetylcholine,1,True,True
63483,KCab-s,KCab-s,cb_intrinsic,Kenyon_Cell,,KCab-s_L,"KCab-m,KCab-c,KCab-s",L,L,,acetylcholine,dopamine,0.8026523397985662,,dopamine,acetylcholine,1,True,True
63499,KCa'b'-m,KCa'b'-m,cb_intrinsic,Kenyon_Cell,,KCa'b'-m_R,KCa'b'-m,R,R,,acetylcholine,dopamine,0.6606975655430712,,dopamine,acetylcholine,1,True,True
63506,KCg-m,KCg-m,cb_intrinsic,Kenyon_Cell,,KCg-m_R,KCg-m,R,R,,acetylcholine,dopamine,0.7595192535896523,,dopamine,acetylcholine,1,True,True
63508,KCg-m,KCg-m,cb_intrinsic,Kenyon_Cell,,KCg-m_R,KCg-m,R,R,,acetylcholine,dopamine,0.7288933377212228,,dopamine,acetylcholine,1,True,True
63543,KCg-d,KCg-d,cb_intrinsic,Kenyon_Cell,,KCg-d_R,KCg-d,R,R,,acetylcholine,dopamine,0.7829711921663864,,dopamine,acetylcholine,1,True,True
63578,KCg-m,KCg-m,cb_intrinsic,Kenyon_Cell,,KCg-m_R,KCg-m,R,R,,acetylcholine,dopamine,0.7715317553908356,,dopamine,acetylcholine,1,True,True
63590,KCa'b'-ap1,KCa'b'-ap1,cb_intrinsic,Kenyon_Cell,,KCa'b'-ap1_L,KCa'b'-ap1,L,L,,acetylcholine,dopamine,0.7220041694045496,,dopamine,acetylcholine,1,True,True
63629,KCg-m,KCg-m,cb_intrinsic,Kenyon_Cell,,KCg-m_R,KCg-m,R,R,,acetylcholine,dopamine,0.7184367317945279,,dopamine,acetylcholine,1,True,True
63634,KCg-m,KCg-m,cb_intrinsic,Kenyon_Cell,,KCg-m_L,KCg-m,L,L,,acetylcholine,dopamine,0.7499122244611345,,dopamine,acetylcholine,1,True,True
63740,KCg-m,KCg-m,cb_intrinsic,Kenyon_Cell,,KCg-m_L,KCg-m,L,L,,acetylcholine,dopamine,0.7464100303133322,,dopamine,acetylcholine,1,True,True
63794,KCab-p,KCab-p,cb_intrinsic,Kenyon_Cell,,KCab-p_R,KCab-p,R,R,,acetylcholine,dopamine,0.6866381682389937,,dopamine,acetylcholine,1,True,True
63814,KCab-s,KCab-s,cb_intrinsic,Kenyon_Cell,,KCab-s_L,"KCab-m,KCab-c,KCab-s",L,L,,acetylcholine,dopamine,0.7962757207256335,,dopamine,acetylcholine,1,True,True
63823,KCa'b'-m,KCa'b'-m,cb_intrinsic,Kenyon_Cell,,KCa'b'-m_R,KCa'b'-m,R,R,,acetylcholine,dopamine,0.7026424810967423,,dopamine,acetylcholine,1,True,True
63883,M_adPNm8,M_adPNm8,cb_intrinsic,ALPN,,M_adPNm8_L,M_adPNm8,L,L,,acetylcholine,acetylcholine,0.9541352717041898,acetylcholine,acetylcholine,acetylcholine,1,True,True
63930,KCg-m,KCg-m,cb_intrinsic,Kenyon_Cell,,KCg-m_R,KCg-m,R,R,,acetylcholine,dopamine,0.7092249042549453,,dopamine,acetylcholine,1,True,True
63942,KCg-m,KCg-m,cb_intrinsic,Kenyon_Cell,,KCg-m_L,KCg-m,L,L,,acetylcholine,dopamine,0.7497080195149728,,dopamine,acetylcholine,1,True,True
64005,KCa'b'-ap1,KCa'b'-ap1,cb_intrinsic,Kenyon_Cell,,KCa'b'-ap1_R,KCa'b'-ap1,R,R,,acetylcholine,dopamine,0.6424653753512646,,dopamine,acetylcholine,1,True,True
64023,KCa'b'-ap2,KCa'b'-ap2,cb_intrinsic,Kenyon_Cell,,KCa'b'-ap2_L,KCa'b'-ap2,L,L,,acetylcholine,dopamine,0.743932783018868,,dopamine,acetylcholine,1,True,True
64115,KCg-m,KCg-m,cb_intrinsic,Kenyon_Cell,,KCg-m_R,KCg-m,R,R,,acetylcholine,dopamine,0.7230866109703057,,dopamine,acetylcholine,1,True,True
64133,KCg-m,KCg-m,cb_intrinsic,Kenyon_Cell,,KCg-m_R,KCg-m,R,R,,acetylcholine,dopamine,0.7688820981494919,,dopamine,acetylcholine,1,True,True
64141,KCa'b'-m,KCa'b'-m,cb_intrinsic,Kenyon_Cell,,KCa'b'-m_R,KCa'b'-m,R,R,,acetylcholine,dopamine,0.7364575095092833,,dopamine,acetylcholine,1,True,True
64196,KCab-c,KCab-c,cb_intrinsic,Kenyon_Cell,,KCab-c_R,"KCab-m,KCab-c,KCab-s",R,R,,acetylcholine,dopamine,0.7195401745603902,,dopamine,acetylcholine,1,True,True
64253,KCab-s,KCab-s,cb_intrinsic,Kenyon_Cell,,KCab-s_R,"KCab-m,KCab-c,KCab-s",R,R,,acetylcholine,dopamine,0.7404597994220635,,dopamine,acetylcholine,1,True,True
64302,KCg-d,KCg-d,cb_intrinsic,Kenyon_Cell,,KCg-d_R,KCg-d,R,R,,acetylcholine,dopamine,0.7341079823391143,,dopamine,acetylcholine,1,True,True
64310,KCg-d,KCg-d,cb_intrinsic,Kenyon_Cell,,KCg-d_R,KCg-d,R,R,,acetylcholine,dopamine,0.7339968076996378,,dopamine,acetylcholine,1,True,True
64376,KCg-m,KCg-m,cb_intrinsic,Kenyon_Cell,,KCg-m_R,KCg-m,R,R,,acetylcholine,dopamine,0.763565956152842,,dopamine,acetylcholine,1,True,True
64378,KCab-s,KCab-s,cb_intrinsic,Kenyon_Cell,,KCab-s_L,"KCab-m,KCab-c,KCab-s",L,L,,acetylcholine,dopamine,0.806364140853597,,dopamine,acetylcholine,1,True,True
64404,KCg-m,KCg-m,cb_intrinsic,Kenyon_Cell,,KCg-m_R,KCg-m,R,R,,acetylcholine,dopamine,0.772062164618314,,dopamine,acetylcholine,1,True,True
64434,KCg-m,KCg-m,cb_intrinsic,Kenyon_Cell,,KCg-m_L,KCg-m,L,L,,acetylcholine,dopamine,0.7840808060851526,,dopamine,acetylcholine,1,True,True
64437,KCg-m,KCg-m,cb_intrinsic,Kenyon_Cell,,KCg-m_R,KCg-m,R,R,,acetylcholine,dopamine,0.7348866141477015,,dopamine,acetylcholine,1,True,True
64440,KCg-m,KCg-m,cb_intrinsic,Kenyon_Cell,,KCg-m_R,KCg-m,R,R,,acetylcholine,dopamine,0.7400596441406752,,dopamine,acetylcholine,1,True,True
64471,KCg-m,KCg-m,cb_intrinsic,Kenyon_Cell,,KCg-m_R,KCg-m,R,R,,acetylcholine,dopamine,0.747006382253617,,dopamine,acetylcholine,1,True,True
64472,KCa'b'-ap2,KCa'b'-ap2,cb_intrinsic,Kenyon_Cell,,KCa'b'-ap2_L,KCa'b'-ap2,L,L,,acetylcholine,dopamine,0.6737392194408119,,dopamine,acetylcholine,1,True,True
64525,KCg-m,KCg-m,cb_intrinsic,Kenyon_Cell,,KCg-m_R,KCg-m,R,R,,acetylcholine,dopamine,0.7644099443023132,,dopamine,acetylcholine,1,True,True
64569,CB1296_a,CB1296_a,cb_intrinsic,ALPN,,CB1296_a_L,M_vPNml85,L,L,,gaba,gaba,0.8588849071859135,gaba,gaba,gaba,-1,True,True
64596,KCg-m,KCg-m,cb_intrinsic,Kenyon_Cell,,KCg-m_R,KCg-m,R,R,,acetylcholine,dopamine,0.7416553240088863,,dopamine,acetylcholine,1,True,True
64645,KCa'b'-m,KCa'b'-m,cb_intrinsic,Kenyon_Cell,,KCa'b'-m_R,KCa'b'-m,R,R,,acetylcholine,dopamine,0.7301428559018728,,dopamine,acetylcholine,1,True,True
64653,KCa'b'-ap2,KCa'b'-ap2,cb_intrinsic,Kenyon_Cell,,KCa'b'-ap2_R,KCa'b'-ap2,R,R,,acetylcholine,dopamine,0.7148784566237396,,dopamine,acetylcholine,1,True,True
64674,KCa'b'-ap2,KCa'b'-ap2,cb_intrinsic,Kenyon_Cell,,KCa'b'-ap2_L,KCa'b'-ap2,L,L,,acetylcholine,dopamine,0.7190972561671066,,dopamine,acetylcholine,1,True,True
64697,KCg-m,KCg-m,cb_intrinsic,Kenyon_Cell,,KCg-m_L,KCg-m,L,L,,acetylcholine,dopamine,0.7668066421230251,,dopamine,acetylcholine,1,True,True
64701,KCg-m,KCg-m,cb_intrinsic,Kenyon_Cell,,KCg-m_R,KCg-m,R,R,,acetylcholine,dopamine,0.7124636399371069,,dopamine,acetylcholine,1,True,True
64782,KCa'b'-ap2,KCa'b'-ap2,cb_intrinsic,Kenyon_Cell,,KCa'b'-ap2_R,KCa'b'-ap2,R,R,,acetylcholine,dopamine,0.6991826483007058,,dopamine,acetylcholine,1,True,True
64794,KCab-s,KCab-s,cb_intrinsic,Kenyon_Cell,,KCab-s_R,"KCab-m,KCab-c,KCab-s",R,R,,acetylcholine,dopamine,0.7732396660873883,,dopamine,acetylcholine,1,True,True
64799,KCa'b'-m,KCa'b'-m,cb_intrinsic,Kenyon_Cell,,KCa'b'-m_L,KCa'b'-m,L,L,,acetylcholine,dopamine,0.7284583778331554,,dopamine,acetylcholine,1,True,True
64809,KCg-m,KCg-m,cb_intrinsic,Kenyon_Cell,,KCg-m_R,KCg-m,R,R,,acetylcholine,dopamine,0.6596859735657503,,dopamine,acetylcholine,1,True,True
64860,KCg-m,KCg-m,cb_intrinsic,Kenyon_Cell,,KCg-m_L,KCg-m,L,L,,acetylcholine,dopamine,0.7526083782569631,,dopamine,acetylcholine,1,True,True
64868,KCa'b'-m,KCa'b'-m,cb_intrinsic,Kenyon_Cell,,KCa'b'-m_L,KCa'b'-m,L,L,,acetylcholine,dopamine,0.7257347605224964,,dopamine,acetylcholine,1,True,True
65109,KCa'b'-m,KCa'b'-m,cb_intrinsic,Kenyon_Cell,,KCa'b'-m_L,KCa'b'-m,L,L,,acetylcholine,dopamine,0.7224433307127883,,dopamine,acetylcholine,1,True,True
65121,KCg-m,KCg-m,cb_intrinsic,Kenyon_Cell,,KCg-m_R,KCg-m,R,R,,acetylcholine,dopamine,0.7496286411784178,,dopamine,acetylcholine,1,True,True
65122,KCg-m,KCg-m,cb_intrinsic,Kenyon_Cell,,KCg-m_R,KCg-m,R,R,,acetylcholine,dopamine,0.7188783532280837,,dopamine,acetylcholine,1,True,True
65161,KCg-m,KCg-m,cb_intrinsic,Kenyon_Cell,,KCg-m_R,KCg-m,R,R,,acetylcholine,dopamine,0.6963132484099065,,dopamine,acetylcholine,1,True,True
65179,M_vPNml57,M_vPNml57,cb_intrinsic,ALPN,,M_vPNml57_L,M_vPNml57,L,L,,gaba,gaba,0.8836947547272129,gaba,gaba,gaba,-1,True,True
65205,KCab-s,KCab-s,cb_intrinsic,Kenyon_Cell,,KCab-s_R,"KCab-m,KCab-c,KCab-s",R,R,,acetylcholine,dopamine,0.7536440612434272,,dopamine,acetylcholine,1,True,True
65206,KCab-s,KCab-s,cb_intrinsic,Kenyon_Cell,,KCab-s_R,"KCab-m,KCab-c,KCab-s",R,R,,acetylcholine,dopamine,0.7403066968106881,,dopamine,acetylcholine,1,True,True
65273,VM6_lvPN,VM6_lvPN,cb_intrinsic,ALPN,BI,VM6_lvPN_R,,R,R,,acetylcholine,acetylcholine,0.9411234223958975,acetylcholine,acetylcholine,acetylcholine,1,True,True
65347,KCab-m,KCab-m,cb_intrinsic,Kenyon_Cell,,KCab-m_L,"KCab-m,KCab-c,KCab-s",L,L,,acetylcholine,dopamine,0.7508393625573367,,dopamine,acetylcholine,1,True,True
65370,KCg-m,KCg-m,cb_intrinsic,Kenyon_Cell,,KCg-m_L,KCg-m,L,L,,acetylcholine,dopamine,0.7521679357021998,,dopamine,acetylcholine,1,True,True
65379,KCg-m,KCg-m,cb_intrinsic,Kenyon_Cell,,KCg-m_R,KCg-m,R,R,,acetylcholine,dopamine,0.7485693652186631,,dopamine,acetylcholine,1,True,True
65404,KCab-p,KCab-p,cb_intrinsic,Kenyon_Cell,,KCab-p_R,KCab-p,R,R,,acetylcholine,dopamine,0.7022283585296301,,dopamine,acetylcholine,1,True,True
65420,KCab-c,KCab-c,cb_intrinsic,Kenyon_Cell,,KCab-c_R,"KCab-m,KCab-c,KCab-s",R,R,,acetylcholine,dopamine,0.6599595271372001,,dopamine,acetylcholine,1,True,True
65427,KCg-m,KCg-m,cb_intrinsic,Kenyon_Cell,,KCg-m_R,KCg-m,R,R,,acetylcholine,dopamine,0.7387094434097228,,dopamine,acetylcholine,1,True,True
65446,KCa'b'-ap2,KCa'b'-ap2,cb_intrinsic,Kenyon_Cell,,KCa'b'-ap2_R,KCa'b'-ap2,R,R,,acetylcholine,dopamine,0.7139338125187181,,dopamine,acetylcholine,1,True,True
65483,KCab-c,KCab-c,cb_intrinsic,Kenyon_Cell,,KCab-c_R,"KCab-m,KCab-c,KCab-s",R,R,,acetylcholine,dopamine,0.7787562430632631,,dopamine,acetylcholine,1,True,True
65500,KCa'b'-ap1,KCa'b'-ap1,cb_intrinsic,Kenyon_Cell,,KCa'b'-ap1_R,KCa'b'-ap1,R,R,,acetylcholine,dopamine,0.7034493385891871,,dopamine,acetylcholine,1,True,True
65524,PAM08,PAM08,cb_intrinsic,DAN,,PAM08(y4)_L,PAM08,L,L,,dopamine,dopamine,0.9087590741262241,dopamine,dopamine,dopamine,0,True,True
65559,PAM07,PAM07,cb_intrinsic,DAN,,PAM07(y4<y1y2)_R,PAM07,R,R,,dopamine,dopamine,0.9184014881394542,dopamine,dopamine,dopamine,0,True,True
65606,KCg-m,KCg-m,cb_intrinsic,Kenyon_Cell,,KCg-m_R,KCg-m,R,R,,acetylcholine,dopamine,0.7607293850454229,,dopamine,acetylcholine,1,True,True
65633,KCab-p,KCab-p,cb_intrinsic,Kenyon_Cell,,KCab-p_L,KCab-p,L,L,,acetylcholine,dopamine,0.6292415169660678,,dopamine,acetylcholine,1,True,True
65708,KCab-s,KCab-s,cb_intrinsic,Kenyon_Cell,,KCab-s_L,"KCab-m,KCab-c,KCab-s",L,L,,acetylcholine,dopamine,0.8241973524041388,,dopamine,acetylcholine,1,True,True
65712,KCab-s,KCab-s,cb_intrinsic,Kenyon_Cell,,KCab-s_R,"KCab-m,KCab-c,KCab-s",R,R,,acetylcholine,dopamine,0.7889054481614385,,dopamine,acetylcholine,1,True,True
65714,KCa'b'-m,KCa'b'-m,cb_intrinsic,Kenyon_Cell,,KCa'b'-m_L,KCa'b'-m,L,L,,acetylcholine,dopamine,0.7637780667724681,,dopamine,acetylcholine,1,True,True
65729,KCa'b'-ap2,KCa'b'-ap2,cb_intrinsic,Kenyon_Cell,,KCa'b'-ap2_R,KCa'b'-ap2,R,R,,acetylcholine,dopamine,0.7513347963542192,,dopamine,acetylcholine,1,True,True
65737,KCg-m,KCg-m,cb_intrinsic,Kenyon_Cell,,KCg-m_R,KCg-m,R,R,,acetylcholine,dopamine,0.7279529568690571,,dopamine,acetylcholine,1,True,True
65750,KCa'b'-ap1,KCa'b'-ap1,cb_intrinsic,Kenyon_Cell,,KCa'b'-ap1_L,KCa'b'-ap1,L,L,,acetylcholine,dopamine,0.601754891684137,,dopamine,acetylcholine,1,True,True
65752,KCa'b'-m,KCa'b'-m,cb_intrinsic,Kenyon_Cell,,KCa'b'-m_L,KCa'b'-m,L,L,,acetylcholine,dopamine,0.7588795935922386,,dopamine,acetylcholine,1,True,True
65768,KCa'b'-ap1,KCa'b'-ap1,cb_intrinsic,Kenyon_Cell,,KCa'b'-ap1_R,KCa'b'-ap1,R,R,,acetylcholine,dopamine,0.6939072327044025,,dopamine,acetylcholine,1,True,True
65814,KCa'b'-m,KCa'b'-m,cb_intrinsic,Kenyon_Cell,,KCa'b'-m_L,KCa'b'-m,L,L,,acetylcholine,dopamine,0.7077739477503627,,dopamine,acetylcholine,1,True,True
65854,KCa'b'-m,KCa'b'-m,cb_intrinsic,Kenyon_Cell,,KCa'b'-m_R,KCa'b'-m,R,R,,acetylcholine,dopamine,0.6476267688679246,,dopamine,acetylcholine,1,True,True
65864,KCg-m,KCg-m,cb_intrinsic,Kenyon_Cell,,KCg-m_R,KCg-m,R,R,,acetylcholine,dopamine,0.7182632783430472,,dopamine,acetylcholine,1,True,True
65886,PAM08,PAM08,cb_intrinsic,DAN,,PAM08(y4)_L,PAM08,L,L,,dopamine,dopamine,0.9075898335634299,dopamine,dopamine,dopamine,0,True,True
65940,KCab-s,KCab-s,cb_intrinsic,Kenyon_Cell,,KCab-s_R,"KCab-m,KCab-c,KCab-s",R,R,,acetylcholine,dopamine,0.7871218113988827,,dopamine,acetylcholine,1,True,True
65965,KCg-m,KCg-m,cb_intrinsic,Kenyon_Cell,,KCg-m_R,KCg-m,R,R,,acetylcholine,dopamine,0.728432419603655,,dopamine,acetylcholine,1,True,True
65974,KCa'b'-ap1,KCa'b'-ap1,cb_intrinsic,Kenyon_Cell,,KCa'b'-ap1_L,KCa'b'-ap1,L,L,,acetylcholine,dopamine,0.6753579621610475,,dopamine,acetylcholine,1,True,True
65977,KCab-s,KCab-s,cb_intrinsic,Kenyon_Cell,,KCab-s_R,"KCab-m,KCab-c,KCab-s",R,R,,acetylcholine,dopamine,0.7715280824923213,,dopamine,acetylcholine,1,True,True
65997,KCg-m,KCg-m,cb_intrinsic,Kenyon_Cell,,KCg-m_R,KCg-m,R,R,,acetylcholine,dopamine,0.7609096124426313,,dopamine,acetylcholine,1,True,True
66007,M_lvPNm41,M_lvPNm41,cb_intrinsic,ALPN,,M_lvPNm41_L,M_lvPNm41,L,L,,acetylcholine,acetylcholine,0.9655623194885906,acetylcholine,acetylcholine,acetylcholine,1,True,True
66015,KCab-s,KCab-s,cb_intrinsic,Kenyon_Cell,,KCab-s_R,"KCab-m,KCab-c,KCab-s",R,R,,acetylcholine,dopamine,0.7784496054160157,,dopamine,acetylcholine,1,True,True
66028,KCab-s,KCab-s,cb_intrinsic,Kenyon_Cell,,KCab-s_L,"KCab-m,KCab-c,KCab-s",L,L,,acetylcholine,dopamine,0.764571282651609,,dopamine,acetylcholine,1,True,True
66038,KCg-m,KCg-m,cb_intrinsic,Kenyon_Cell,,KCg-m_R,KCg-m,R,R,,acetylcholine,dopamine,0.7608252888693872,,dopamine,acetylcholine,1,True,True
66047,KCg-m,KCg-m,cb_intrinsic,Kenyon_Cell,,KCg-m_L,KCg-m,L,L,,acetylcholine,dopamine,0.7952646042268684,,dopamine,acetylcholine,1,True,True
66073,KCab-c,KCab-c,cb_intrinsic,Kenyon_Cell,,KCab-c_R,"KCab-m,KCab-c,KCab-s",R,R,,acetylcholine,dopamine,0.6761551439195703,,dopamine,acetylcholine,1,True,True
66087,CB2589,CB2589,cb_intrinsic,ALPN,,CB2589_R,"M_vPNml78,M_vPNml89",R,R,,gaba,gaba,0.8313266098627963,gaba,gaba,gaba,-1,True,True
66099,KCg-m,KCg-m,cb_intrinsic,Kenyon_Cell,,KCg-m_R,KCg-m,R,R,,acetylcholine,dopamine,0.7147076991173829,,dopamine,acetylcholine,1,True,True
66105,KCg-m,KCg-m,cb_intrinsic,Kenyon_Cell,,KCg-m_L,KCg-m,L,L,,acetylcholine,dopamine,0.7426605055740007,,dopamine,acetylcholine,1,True,True
66113,KCg-m,KCg-m,cb_intrinsic,Kenyon_Cell,,KCg-m_L,KCg-m,L,L,,acetylcholine,dopamine,0.776588426669343,,dopamine,acetylcholine,1,True,True
66137,KCab-c,KCab-c,cb_intrinsic,Kenyon_Cell,,KCab-c_R,"KCab-m,KCab-c,KCab-s",R,R,,acetylcholine,dopamine,0.7314808247032676,,dopamine,acetylcholine,1,True,True
66171,KCa'b'-ap2,KCa'b'-ap2,cb_intrinsic,Kenyon_Cell,,KCa'b'-ap2_R,KCa'b'-ap2,R,R,,acetylcholine,dopamine,0.7433955286368203,,dopamine,acetylcholine,1,True,True
66179,KCab-m,KCab-m,cb_intrinsic,Kenyon_Cell,,KCab-m_L,"KCab-m,KCab-c,KCab-s",L,L,,acetylcholine,dopamine,0.7173678738080747,,dopamine,acetylcholine,1,True,True
66219,KCg-m,KCg-m,cb_intrinsic,Kenyon_Cell,,KCg-m_R,KCg-m,R,R,,acetylcholine,dopamine,0.7271392476373053,,dopamine,acetylcholine,1,True,True
66238,KCab-s,KCab-s,cb_intrinsic,Kenyon_Cell,,KCab-s_L,"KCab-m,KCab-c,KCab-s",L,L,,acetylcholine,dopamine,0.7876503410111901,,dopamine,acetylcholine,1,True,True
66244,M_vPNml87,M_vPNml87,cb_intrinsic,ALPN,,M_vPNml87_L,M_vPNml87,L,L,,gaba,gaba,0.6627875533749102,,gaba,gaba,-1,True,True
66371,M_vPNml53,M_vPNml53,cb_intrinsic,ALPN,,M_vPNml53_L,M_vPNml53,L,L,,gaba,gaba,0.7106471454037017,gaba,gaba,gaba,-1,True,True
66387,KCab-s,KCab-s,cb_intrinsic,Kenyon_Cell,,KCab-s_R,"KCab-m,KCab-c,KCab-s",R,R,,acetylcholine,dopamine,0.7698899371069182,,dopamine,acetylcholine,1,True,True
66440,KCab-s,KCab-s,cb_intrinsic,Kenyon_Cell,,KCab-s_L,"KCab-m,KCab-c,KCab-s",L,L,,acetylcholine,dopamine,0.815023793160898,,dopamine,acetylcholine,1,True,True
66458,KCab-s,KCab-s,cb_intrinsic,Kenyon_Cell,,KCab-s_L,"KCab-m,KCab-c,KCab-s",L,L,,acetylcholine,dopamine,0.7783206645835837,,dopamine,acetylcholine,1,True,True
66519,KCg-m,KCg-m,cb_intrinsic,Kenyon_Cell,,KCg-m_R,KCg-m,R,R,,acetylcholine,dopamine,0.7642681119980649,,dopamine,acetylcholine,1,True,True
66531,KCab-s,KCab-s,cb_intrinsic,Kenyon_Cell,,KCab-s_L,"KCab-m,KCab-c,KCab-s",L,L,,acetylcholine,dopamine,0.7620549560609976,,dopamine,acetylcholine,1,True,True
66583,KCg-m,KCg-m,cb_intrinsic,Kenyon_Cell,,KCg-m_R,KCg-m,R,R,,acetylcholine,dopamine,0.7587178619263918,,dopamine,acetylcholine,1,True,True
66594,KCg-m,KCg-m,cb_intrinsic,Kenyon_Cell,,KCg-m_R,KCg-m,R,R,,acetylcholine,dopamine,0.746688735114772,,dopamine,acetylcholine,1,True,True
66595,KCg-m,KCg-m,cb_intrinsic,Kenyon_Cell,,KCg-m_R,KCg-m,R,R,,acetylcholine,dopamine,0.7415165500975928,,dopamine,acetylcholine,1,True,True
66599,KCab-s,KCab-s,cb_intrinsic,Kenyon_Cell,,KCab-s_L,"KCab-m,KCab-c,KCab-s",L,L,,acetylcholine,dopamine,0.7869627158692102,,dopamine,acetylcholine,1,True,True
66601,KCg-m,KCg-m,cb_intrinsic,Kenyon_Cell,,KCg-m_R,KCg-m,R,R,,acetylcholine,dopamine,0.7643595363118547,,dopamine,acetylcholine,1,True,True
66611,KCg-m,KCg-m,cb_intrinsic,Kenyon_Cell,,KCg-m_R,KCg-m,R,R,,acetylcholine,dopamine,0.7660137249434582,,dopamine,acetylcholine,1,True,True
66617,KCg-m,KCg-m,cb_intrinsic,Kenyon_Cell,,KCg-m_L,KCg-m,L,L,,acetylcholine,dopamine,0.781323838562841,,dopamine,acetylcholine,1,True,True
66659,KCg-d,KCg-d,cb_intrinsic,Kenyon_Cell,,KCg-d_L,KCg-d,L,L,,acetylcholine,dopamine,0.7695522160756034,,dopamine,acetylcholine,1,True,True
66711,KCab-s,KCab-s,cb_intrinsic,Kenyon_Cell,,KCab-s_L,"KCab-m,KCab-c,KCab-s",L,L,,acetylcholine,dopamine,0.832168126684636,,dopamine,acetylcholine,1,True,True
66720,KCa'b'-m,KCa'b'-m,cb_intrinsic,Kenyon_Cell,,KCa'b'-m_L,KCa'b'-m,L,L,,acetylcholine,dopamine,0.721687314258069,,dopamine,acetylcholine,1,True,True
66812,KCg-m,KCg-m,cb_intrinsic,Kenyon_Cell,,KCg-m_R,KCg-m,R,R,,acetylcholine,dopamine,0.6659557101142344,,dopamine,acetylcholine,1,True,True
66865,KCab-m,KCab-m,cb_intrinsic,Kenyon_Cell,,KCab-m_L,"KCab-m,KCab-c,KCab-s",L,L,,acetylcholine,dopamine,0.7658915213455308,,dopamine,acetylcholine,1,True,True
66891,KCab-s,KCab-s,cb_intrinsic,Kenyon_Cell,,KCab-s_R,"KCab-m,KCab-c,KCab-s",R,R,,acetylcholine,dopamine,0.7737698092519034,,dopamine,acetylcholine,1,True,True
66911,KCg-m,KCg-m,cb_intrinsic,Kenyon_Cell,,KCg-m_R,KCg-m,R,R,,acetylcholine,dopamine,0.743647321166167,,dopamine,acetylcholine,1,True,True
66934,PAM10,PAM10,cb_intrinsic,DAN,,PAM10(B1)_L,PAM10,L,L,,dopamine,dopamine,0.9105813441013912,dopamine,dopamine,dopamine,0,True,True
66945,KCg-m,KCg-m,cb_intrinsic,Kenyon_Cell,,KCg-m_R,KCg-m,R,R,,acetylcholine,dopamine,0.7136839248277927,,dopamine,acetylcholine,1,True,True
66970,VP1m+VP2_lvPN2,VP1m+VP2_lvPN2,cb_intrinsic,ALPN,,VP1m+VP2_lvPN2_L,VP1m+VP2_lvPN2,L,L,,acetylcholine,acetylcholine,0.7212086822680853,acetylcholine,acetylcholine,acetylcholine,1,True,True
66973,KCg-d,KCg-d,cb_intrinsic,Kenyon_Cell,,KCg-d_R,KCg-d,R,R,,acetylcholine,dopamine,0.7697389579759862,,dopamine,acetylcholine,1,True,True
67000,KCg-m,KCg-m,cb_intrinsic,Kenyon_Cell,,KCg-m_L,KCg-m,L,L,,acetylcholine,dopamine,0.7362020669231238,,dopamine,acetylcholine,1,True,True
67011,KCa'b'-ap2,KCa'b'-ap2,cb_intrinsic,Kenyon_Cell,,KCa'b'-ap2_L,KCa'b'-ap2,L,L,,acetylcholine,dopamine,0.6393192770207314,,dopamine,acetylcholine,1,True,True
67022,KCa'b'-ap1,KCa'b'-ap1,cb_intrinsic,Kenyon_Cell,,KCa'b'-ap1_L,KCa'b'-ap1,L,L,,acetylcholine,dopamine,0.6632976508428822,,dopamine,acetylcholine,1,True,True
67058,KCg-m,KCg-m,cb_intrinsic,Kenyon_Cell,,KCg-m_L,KCg-m,L,L,,acetylcholine,dopamine,0.7627497971190912,,dopamine,acetylcholine,1,True,True
67102,KCa'b'-ap1,KCa'b'-ap1,cb_intrinsic,Kenyon_Cell,,KCa'b'-ap1_L,KCa'b'-ap1,L,L,,acetylcholine,dopamine,0.7748637799611627,,dopamine,acetylcholine,1,True,True
67106,KCg-m,KCg-m,cb_intrinsic,Kenyon_Cell,,KCg-m_L,KCg-m,L,L,,acetylcholine,dopamine,0.756571261682243,,dopamine,acetylcholine,1,True,True
67120,KCg-m,KCg-m,cb_intrinsic,Kenyon_Cell,,KCg-m_R,KCg-m,R,R,,acetylcholine,dopamine,0.7336929447661747,,dopamine,acetylcholine,1,True,True
67249,KCg-m,KCg-m,cb_intrinsic,Kenyon_Cell,,KCg-m_R,KCg-m,R,R,,acetylcholine,dopamine,0.7887741782366204,,dopamine,acetylcholine,1,True,True
67257,KCg-m,KCg-m,cb_intrinsic,Kenyon_Cell,,KCg-m_L,KCg-m,L,L,,acetylcholine,dopamine,0.7402559179545527,,dopamine,acetylcholine,1,True,True
67274,KCab-s,KCab-s,cb_intrinsic,Kenyon_Cell,,KCab-s_R,"KCab-m,KCab-c,KCab-s",R,R,,acetylcholine,dopamine,0.7788560676358387,,dopamine,acetylcholine,1,True,True
67282,KCab-m,KCab-m,cb_intrinsic,Kenyon_Cell,,KCab-m_L,"KCab-m,KCab-c,KCab-s",L,L,,acetylcholine,dopamine,0.741544560417503,,dopamine,acetylcholine,1,True,True
67287,KCab-s,KCab-s,cb_intrinsic,Kenyon_Cell,,KCab-s_L,"KCab-m,KCab-c,KCab-s",L,L,,acetylcholine,dopamine,0.8094582958969752,,dopamine,acetylcholine,1,True,True
67320,KCg-m,KCg-m,cb_intrinsic,Kenyon_Cell,,KCg-m_R,KCg-m,R,R,,acetylcholine,dopamine,0.7754745643343816,,dopamine,acetylcholine,1,True,True
67337,KCg-m,KCg-m,cb_intrinsic,Kenyon_Cell,,KCg-m_R,KCg-m,R,R,,acetylcholine,dopamine,0.7452661121255156,,dopamine,acetylcholine,1,True,True
67344,KCab-c,KCab-c,cb_intrinsic,Kenyon_Cell,,KCab-c_R,"KCab-m,KCab-c,KCab-s",R,R,,acetylcholine,dopamine,0.7281143022052384,,dopamine,acetylcholine,1,True,True
67355,KCg-d,KCg-d,cb_intrinsic,Kenyon_Cell,,KCg-d_R,KCg-d,R,R,,acetylcholine,dopamine,0.7846840333744193,,dopamine,acetylcholine,1,True,True
67356,KCg-m,KCg-m,cb_intrinsic,Kenyon_Cell,,KCg-m_L,KCg-m,L,L,,acetylcholine,dopamine,0.7792895543485167,,dopamine,acetylcholine,1,True,True
67359,KCa'b'-m,KCa'b'-m,cb_intrinsic,Kenyon_Cell,,KCa'b'-m_R,KCa'b'-m,R,R,,acetylcholine,dopamine,0.7098759136494985,,dopamine,acetylcholine,1,True,True
67378,KCa'b'-m,KCa'b'-m,cb_intrinsic,Kenyon_Cell,,KCa'b'-m_L,KCa'b'-m,L,L,,acetylcholine,dopamine,0.7019656073311733,,dopamine,acetylcholine,1,True,True
67406,KCab-s,KCab-s,cb_intrinsic,Kenyon_Cell,,KCab-s_L,"KCab-m,KCab-c,KCab-s",L,L,,acetylcholine,dopamine,0.76232485470902,,dopamine,acetylcholine,1,True,True
67425,KCg-m,KCg-m,cb_intrinsic,Kenyon_Cell,,KCg-m_R,KCg-m,R,R,,acetylcholine,dopamine,0.7187206655402234,,dopamine,acetylcholine,1,True,True
67432,KCg-m,KCg-m,cb_intrinsic,Kenyon_Cell,,KCg-m_R,KCg-m,R,R,,acetylcholine,dopamine,0.7614129256126653,,dopamine,acetylcholine,1,True,True
67439,KCa'b'-ap2,KCa'b'-ap2,cb_intrinsic,Kenyon_Cell,,KCa'b'-ap2_L,KCa'b'-ap2,L,L,,acetylcholine,dopamine,0.7039304414552677,,dopamine,acetylcholine,1,True,True
67451,KCg-m,KCg-m,cb_intrinsic,Kenyon_Cell,,KCg-m_R,KCg-m,R,R,,acetylcholine,dopamine,0.7417084316037736,,dopamine,acetylcholine,1,True,True
67468,KCg-m,KCg-m,cb_intrinsic,Kenyon_Cell,,KCg-m_L,KCg-m,L,L,,acetylcholine,dopamine,0.6972900799146039,,dopamine,acetylcholine,1,True,True
67474,KCa'b'-ap1,KCa'b'-ap1,cb_intrinsic,Kenyon_Cell,,KCa'b'-ap1_R,KCa'b'-ap1,R,R,,acetylcholine,dopamine,0.7141909535040432,,dopamine,acetylcholine,1,True,True
67479,KCg-m,KCg-m,cb_intrinsic,Kenyon_Cell,,KCg-m_L,KCg-m,L,L,,acetylcholine,dopamine,0.771211432157261,,dopamine,acetylcholine,1,True,True
67535,KCab-s,KCab-s,cb_intrinsic,Kenyon_Cell,,KCab-s_R,"KCab-m,KCab-c,KCab-s",R,R,,acetylcholine,dopamine,0.8177792071659996,,dopamine,acetylcholine,1,True,True
67543,KCa'b'-ap2,KCa'b'-ap2,cb_intrinsic,Kenyon_Cell,,KCa'b'-ap2_R,KCa'b'-ap2,R,R,,acetylcholine,dopamine,0.6766152279028878,,dopamine,acetylcholine,1,True,True
67544,KCa'b'-ap1,KCa'b'-ap1,cb_intrinsic,Kenyon_Cell,,KCa'b'-ap1_R,KCa'b'-ap1,R,R,,acetylcholine,dopamine,0.7220159566627359,,dopamine,acetylcholine,1,True,True
67581,KCab-c,KCab-c,cb_intrinsic,Kenyon_Cell,,KCab-c_R,"KCab-m,KCab-c,KCab-s",R,R,,acetylcholine,dopamine,0.7106869103773584,,dopamine,acetylcholine,1,True,True
67654,KCab-s,KCab-s,cb_intrinsic,Kenyon_Cell,,KCab-s_R,"KCab-m,KCab-c,KCab-s",R,R,,acetylcholine,dopamine,0.7484102378778658,,dopamine,acetylcholine,1,True,True
67665,KCab-s,KCab-s,cb_intrinsic,Kenyon_Cell,,KCab-s_R,"KCab-m,KCab-c,KCab-s",R,R,,acetylcholine,dopamine,0.7327082562584782,,dopamine,acetylcholine,1,True,True
67671,KCa'b'-ap2,KCa'b'-ap2,cb_intrinsic,Kenyon_Cell,,KCa'b'-ap2_R,KCa'b'-ap2,R,R,,acetylcholine,dopamine,0.6859575050539083,,dopamine,acetylcholine,1,True,True
67686,KCab-s,KCab-s,cb_intrinsic,Kenyon_Cell,,KCab-s_R,"KCab-m,KCab-c,KCab-s",R,R,,acetylcholine,dopamine,0.7591397256243334,,dopamine,acetylcholine,1,True,True
67696,KCab-s,KCab-s,cb_intrinsic,Kenyon_Cell,,KCab-s_R,"KCab-m,KCab-c,KCab-s",R,R,,acetylcholine,dopamine,0.816786463012878,,dopamine,acetylcholine,1,True,True
67712,KCg-m,KCg-m,cb_intrinsic,Kenyon_Cell,,KCg-m_R,KCg-m,R,R,,acetylcholine,dopamine,0.7314538967964985,,dopamine,acetylcholine,1,True,True
67721,KCg-m,KCg-m,cb_intrinsic,Kenyon_Cell,,KCg-m_R,KCg-m,R,R,,acetylcholine,dopamine,0.7570427148846961,,dopamine,acetylcholine,1,True,True
67722,KCg-m,KCg-m,cb_intrinsic,Kenyon_Cell,,KCg-m_R,KCg-m,R,R,,acetylcholine,dopamine,0.7181628971133688,,dopamine,acetylcholine,1,True,True
67747,DL2d_vPN,DL2d_vPN,cb_intrinsic,ALPN,,DL2d_vPN_L,DL2d_vPN,L,L,,gaba,gaba,0.8730836698512964,gaba,gaba,gaba,-1,True,True
67774,KCg-m,KCg-m,cb_intrinsic,Kenyon_Cell,,KCg-m_R,KCg-m,R,R,,acetylcholine,dopamine,0.7219157462801042,,dopamine,acetylcholine,1,True,True
67809,KCa'b'-m,KCa'b'-m,cb_intrinsic,Kenyon_Cell,,KCa'b'-m_L,KCa'b'-m,L,L,,acetylcholine,dopamine,0.6643813562157098,,dopamine,acetylcholine,1,True,True
67828,KCg-m,KCg-m,cb_intrinsic,Kenyon_Cell,,KCg-m_R,KCg-m,R,R,,acetylcholine,dopamine,0.7240527874458081,,dopamine,acetylcholine,1,True,True
67853,KCg-d,KCg-d,cb_intrinsic,Kenyon_Cell,,KCg-d_R,KCg-d,R,R,,acetylcholine,dopamine,0.7999610991625119,,dopamine,acetylcholine,1,True,True
67900,DL2d_vPN,DL2d_vPN,cb_intrinsic,ALPN,,DL2d_vPN_R,DL2d_vPN,R,R,,gaba,gaba,0.8787653037886398,gaba,gaba,gaba,-1,True,True
67912,KCa'b'-m,KCa'b'-m,cb_intrinsic,Kenyon_Cell,,KCa'b'-m_L,KCa'b'-m,L,L,,acetylcholine,dopamine,0.776565457654027,,dopamine,acetylcholine,1,True,True
67919,KCab-s,KCab-s,cb_intrinsic,Kenyon_Cell,,KCab-s_R,"KCab-m,KCab-c,KCab-s",R,R,,acetylcholine,dopamine,0.7597556809673555,,dopamine,acetylcholine,1,True,True
67977,KCab-s,KCab-s,cb_intrinsic,Kenyon_Cell,,KCab-s_R,"KCab-m,KCab-c,KCab-s",R,R,,acetylcholine,dopamine,0.7825914904394073,,dopamine,acetylcholine,1,True,True
67984,KCg-d,KCg-d,cb_intrinsic,Kenyon_Cell,,KCg-d_R,KCg-d,R,R,,acetylcholine,dopamine,0.8255808874912648,,dopamine,acetylcholine,1,True,True
68010,KCab-c,KCab-c,cb_intrinsic,Kenyon_Cell,,KCab-c_R,"KCab-m,KCab-c,KCab-s",R,R,,acetylcholine,dopamine,0.6508396663172606,,dopamine,acetylcholine,1,True,True
68086,M_lvPNm25,M_lvPNm25,cb_intrinsic,ALPN,,M_lvPNm25_L,M_lvPNm25,L,L,,acetylcholine,acetylcholine,0.9676087073816204,acetylcholine,acetylcholine,acetylcholine,1,True,True
68098,KCab-c,KCab-c,cb_intrinsic,Kenyon_Cell,,KCab-c_R,"KCab-m,KCab-c,KCab-s",R,R,,acetylcholine,dopamine,0.6800243767250351,,dopamine,acetylcholine,1,True,True
68137,KCg-m,KCg-m,cb_intrinsic,Kenyon_Cell,,KCg-m_R,KCg-m,R,R,,acetylcholine,dopamine,0.7499800741964467,,dopamine,acetylcholine,1,True,True
68162,KCab-s,KCab-s,cb_intrinsic,Kenyon_Cell,,KCab-s_L,"KCab-m,KCab-c,KCab-s",L,L,,acetylcholine,dopamine,0.7398453878406709,,dopamine,acetylcholine,1,True,True
68176,KCg-m,KCg-m,cb_intrinsic,Kenyon_Cell,,KCg-m_R,KCg-m,R,R,,acetylcholine,dopamine,0.7345466206253197,,dopamine,acetylcholine,1,True,True
68226,KCg-m,KCg-m,cb_intrinsic,Kenyon_Cell,,KCg-m_R,KCg-m,R,R,,acetylcholine,dopamine,0.7507324012183771,,dopamine,acetylcholine,1,True,True
68227,DP1m_vPN,DP1m_vPN,cb_intrinsic,ALPN,,DP1m_vPN_R,DP1m_vPN,R,R,,gaba,gaba,0.815193890418583,gaba,gaba,gaba,-1,True,True
68239,KCg-m,KCg-m,cb_intrinsic,Kenyon_Cell,,KCg-m_L,KCg-m,L,L,,acetylcholine,dopamine,0.7767769607843138,,dopamine,acetylcholine,1,True,True
68254,KCg-m,KCg-m,cb_intrinsic,Kenyon_Cell,,KCg-m_L,KCg-m,L,L,,acetylcholine,dopamine,0.7618666373782217,,dopamine,acetylcholine,1,True,True
68265,KCab-c,KCab-c,cb_intrinsic,Kenyon_Cell,,KCab-c_R,"KCab-m,KCab-c,KCab-s",R,R,,acetylcholine,dopamine,0.6623590103435729,,dopamine,acetylcholine,1,True,True
68283,KCa'b'-ap1,KCa'b'-ap1,cb_intrinsic,Kenyon_Cell,,KCa'b'-ap1_L,KCa'b'-ap1,L,L,,acetylcholine,dopamine,0.6856662365017206,,dopamine,acetylcholine,1,True,True
68287,KCab-s,KCab-s,cb_intrinsic,Kenyon_Cell,,KCab-s_R,"KCab-m,KCab-c,KCab-s",R,R,,acetylcholine,dopamine,0.7544250772207957,,dopamine,acetylcholine,1,True,True
68334,KCa'b'-ap2,KCa'b'-ap2,cb_intrinsic,Kenyon_Cell,,KCa'b'-ap2_R,KCa'b'-ap2,R,R,,acetylcholine,dopamine,0.7314206332189822,,dopamine,acetylcholine,1,True,True
68339,KCa'b'-ap2,KCa'b'-ap2,cb_intrinsic,Kenyon_Cell,,KCa'b'-ap2_L,KCa'b'-ap2,L,L,,acetylcholine,dopamine,0.7118325317548403,,dopamine,acetylcholine,1,True,True
68428,KCa'b'-ap1,KCa'b'-ap1,cb_intrinsic,Kenyon_Cell,,KCa'b'-ap1_R,KCa'b'-ap1,R,R,,acetylcholine,dopamine,0.7317482833530824,,dopamine,acetylcholine,1,True,True
68484,KCab-p,KCab-p,cb_intrinsic,Kenyon_Cell,,KCab-p_L,KCab-p,L,L,,acetylcholine,dopamine,0.6371845986822401,,dopamine,acetylcholine,1,True,True
68487,KCg-m,KCg-m,cb_intrinsic,Kenyon_Cell,,KCg-m_R,KCg-m,R,R,,acetylcholine,dopamine,0.7531336124655501,,dopamine,acetylcholine,1,True,True
68495,KCab-s,KCab-s,cb_intrinsic,Kenyon_Cell,,KCab-s_R,"KCab-m,KCab-c,KCab-s",R,R,,acetylcholine,dopamine,0.7698769266542652,,dopamine,acetylcholine,1,True,True
68501,KCab-m,KCab-m,cb_intrinsic,Kenyon_Cell,,KCab-m_L,"KCab-m,KCab-c,KCab-s",L,L,,acetylcholine,dopamine,0.7549302488960258,,dopamine,acetylcholine,1,True,True
68507,KCa'b'-ap2,KCa'b'-ap2,cb_intrinsic,Kenyon_Cell,,KCa'b'-ap2_L,KCa'b'-ap2,L,L,,acetylcholine,dopamine,0.7370944193258557,,dopamine,acetylcholine,1,True,True
68531,KCg-m,KCg-m,cb_intrinsic,Kenyon_Cell,,KCg-m_R,KCg-m,R,R,,acetylcholine,dopamine,0.7766215702536458,,dopamine,acetylcholine,1,True,True
68585,KCab-s,KCab-s,cb_intrinsic,Kenyon_Cell,,KCab-s_R,"KCab-m,KCab-c,KCab-s",R,R,,acetylcholine,dopamine,0.7849972070506455,,dopamine,acetylcholine,1,True,True
68606,M_vPNml53,M_vPNml53,cb_intrinsic,ALPN,,M_vPNml53_L,M_vPNml53,L,L,,gaba,gaba,0.6500155508643043,gaba,gaba,gaba,-1,True,True
68614,KCab-m,KCab-m,cb_intrinsic,Kenyon_Cell,,KCab-m_L,"KCab-m,KCab-c,KCab-s",L,L,,acetylcholine,dopamine,0.7832406063538139,,dopamine,acetylcholine,1,True,True
68635,KCg-m,KCg-m,cb_intrinsic,Kenyon_Cell,,KCg-m_R,KCg-m,R,R,,acetylcholine,dopamine,0.7489183992308617,,dopamine,acetylcholine,1,True,True
68701,M_lvPNm40,M_lvPNm40,cb_intrinsic,ALPN,,M_lvPNm40_R,M_lvPNm40,R,R,,acetylcholine,acetylcholine,0.9393357009425066,acetylcholine,acetylcholine,acetylcholine,1,True,True
68708,KCg-m,KCg-m,cb_intrinsic,Kenyon_Cell,,KCg-m_L,KCg-m,L,L,,acetylcholine,dopamine,0.7733175186485302,,dopamine,acetylcholine,1,True,True
68729,KCa'b'-ap2,KCa'b'-ap2,cb_intrinsic,Kenyon_Cell,,KCa'b'-ap2_L,KCa'b'-ap2,L,L,,acetylcholine,dopamine,0.7324908451087696,,dopamine,acetylcholine,1,True,True
68737,KCab-s,KCab-s,cb_intrinsic,Kenyon_Cell,,KCab-s_R,"KCab-m,KCab-c,KCab-s",R,R,,acetylcholine,dopamine,0.728082263785286,,dopamine,acetylcholine,1,True,True
68759,KCg-m,KCg-m,cb_intrinsic,Kenyon_Cell,,KCg-m_L,KCg-m,L,L,,acetylcholine,dopamine,0.7460553414828593,,dopamine,acetylcholine,1,True,True
68790,KCg-m,KCg-m,cb_intrinsic,Kenyon_Cell,,KCg-m_R,KCg-m,R,R,,acetylcholine,dopamine,0.6768550923108135,,dopamine,acetylcholine,1,True,True
68803,KCg-m,KCg-m,cb_intrinsic,Kenyon_Cell,,KCg-m_R,KCg-m,R,R,,acetylcholine,dopamine,0.7333528876544393,,dopamine,acetylcholine,1,True,True
68869,M_vPNml53,M_vPNml53,cb_intrinsic,ALPN,,M_vPNml53_R,M_vPNml53,R,R,,gaba,gaba,0.6781645725804943,gaba,gaba,gaba,-1,True,True
68941,KCa'b'-ap1,KCa'b'-ap1,cb_intrinsic,Kenyon_Cell,,KCa'b'-ap1_R,KCa'b'-ap1,R,R,,acetylcholine,dopamine,0.7092730138615101,,dopamine,acetylcholine,1,True,True
68979,KCg-m,KCg-m,cb_intrinsic,Kenyon_Cell,,KCg-m_L,KCg-m,L,L,,acetylcholine,dopamine,0.7398749451513822,,dopamine,acetylcholine,1,True,True
69002,KCa'b'-ap2,KCa'b'-ap2,cb_intrinsic,Kenyon_Cell,,KCa'b'-ap2_R,KCa'b'-ap2,R,R,,acetylcholine,dopamine,0.6936118754367575,,dopamine,acetylcholine,1,True,True
69022,KCab-s,KCab-s,cb_intrinsic,Kenyon_Cell,,KCab-s_R,"KCab-m,KCab-c,KCab-s",R,R,,acetylcholine,dopamine,0.7964348675433581,,dopamine,acetylcholine,1,True,True
69037,KCa'b'-ap2,KCa'b'-ap2,cb_intrinsic,Kenyon_Cell,,KCa'b'-ap2_R,KCa'b'-ap2,R,R,,acetylcholine,dopamine,0.6808571262187615,,dopamine,acetylcholine,1,True,True
69042,KCg-m,KCg-m,cb_intrinsic,Kenyon_Cell,,KCg-m_R,KCg-m,R,R,,acetylcholine,dopamine,0.7856711871069183,,dopamine,acetylcholine,1,True,True
69047,KCab-p,KCab-p,cb_intrinsic,Kenyon_Cell,,KCab-p_R,KCab-p,R,R,,acetylcholine,dopamine,0.683618317610063,,dopamine,acetylcholine,1,True,True
69077,KCg-m,KCg-m,cb_intrinsic,Kenyon_Cell,,KCg-m_R,KCg-m,R,R,,acetylcholine,dopamine,0.7696664361684612,,dopamine,acetylcholine,1,True,True
69101,KCg-m,KCg-m,cb_intrinsic,Kenyon_Cell,,KCg-m_R,KCg-m,R,R,,acetylcholine,dopamine,0.7271896344762292,,dopamine,acetylcholine,1,True,True
69114,KCg-m,KCg-m,cb_intrinsic,Kenyon_Cell,,KCg-m_L,KCg-m,L,L,,acetylcholine,dopamine,0.7015970531547981,,dopamine,acetylcholine,1,True,True
69175,KCg-m,KCg-m,cb_intrinsic,Kenyon_Cell,,KCg-m_R,KCg-m,R,R,,acetylcholine,dopamine,0.6222939232471466,,dopamine,acetylcholine,1,True,True
69210,KCa'b'-ap2,KCa'b'-ap2,cb_intrinsic,Kenyon_Cell,,KCa'b'-ap2_L,KCa'b'-ap2,L,L,,acetylcholine,dopamine,0.7091652666494357,,dopamine,acetylcholine,1,True,True
69223,KCa'b'-m,KCa'b'-m,cb_intrinsic,Kenyon_Cell,,KCa'b'-m_L,KCa'b'-m,L,L,,acetylcholine,dopamine,0.707617362982929,,dopamine,acetylcholine,1,True,True
69224,KCab-m,KCab-m,cb_intrinsic,Kenyon_Cell,,KCab-m_L,"KCab-m,KCab-c,KCab-s",L,L,,acetylcholine,dopamine,0.8400157232704403,,dopamine,acetylcholine,1,True,True
69237,KCg-m,KCg-m,cb_intrinsic,Kenyon_Cell,,KCg-m_L,KCg-m,L,L,,acetylcholine,dopamine,0.7944389794886381,,dopamine,acetylcholine,1,True,True
69264,KCg-m,KCg-m,cb_intrinsic,Kenyon_Cell,,KCg-m_L,KCg-m,L,L,,acetylcholine,dopamine,0.7413219641993227,,dopamine,acetylcholine,1,True,True
69308,KCab-s,KCab-s,cb_intrinsic,Kenyon_Cell,,KCab-s_R,"KCab-m,KCab-c,KCab-s",R,R,,acetylcholine,dopamine,0.7207166606577735,,dopamine,acetylcholine,1,True,True
69337,KCab-p,KCab-p,cb_intrinsic,Kenyon_Cell,,KCab-p_R,KCab-p,R,R,,acetylcholine,dopamine,0.6276599162433478,,dopamine,acetylcholine,1,True,True
69347,KCg-m,KCg-m,cb_intrinsic,Kenyon_Cell,,KCg-m_R,KCg-m,R,R,,acetylcholine,dopamine,0.7328778209396967,,dopamine,acetylcholine,1,True,True
69382,M_vPNml88,M_vPNml88,cb_intrinsic,ALPN,,M_vPNml88_L,M_vPNml88,L,L,,gaba,gaba,0.8200448655618234,gaba,gaba,gaba,-1,True,True
69389,KCab-s,KCab-s,cb_intrinsic,Kenyon_Cell,,KCab-s_L,"KCab-m,KCab-c,KCab-s",L,L,,acetylcholine,dopamine,0.7443979426152012,,dopamine,acetylcholine,1,True,True
69417,KCg-m,KCg-m,cb_intrinsic,Kenyon_Cell,,KCg-m_L,KCg-m,L,L,,acetylcholine,dopamine,0.7272227545204403,,dopamine,acetylcholine,1,True,True
69426,KCg-m,KCg-m,cb_intrinsic,Kenyon_Cell,,KCg-m_L,KCg-m,L,L,,acetylcholine,dopamine,0.7560561068204776,,dopamine,acetylcholine,1,True,True
69431,KCg-m,KCg-m,cb_intrinsic,Kenyon_Cell,,KCg-m_R,KCg-m,R,R,,acetylcholine,dopamine,0.7557768612730086,,dopamine,acetylcholine,1,True,True
69446,KCab-s,KCab-s,cb_intrinsic,Kenyon_Cell,,KCab-s_R,"KCab-m,KCab-c,KCab-s",R,R,,acetylcholine,dopamine,0.7775157232704403,,dopamine,acetylcholine,1,True,True
69472,KCab-s,KCab-s,cb_intrinsic,Kenyon_Cell,,KCab-s_R,"KCab-m,KCab-c,KCab-s",R,R,,acetylcholine,dopamine,0.7475874606918239,,dopamine,acetylcholine,1,True,True
69501,KCa'b'-m,KCa'b'-m,cb_intrinsic,Kenyon_Cell,,KCa'b'-m_L,KCa'b'-m,L,L,,acetylcholine,dopamine,0.6489365596867678,,dopamine,acetylcholine,1,True,True
69507,KCab-s,KCab-s,cb_intrinsic,Kenyon_Cell,,KCab-s_R,"KCab-m,KCab-c,KCab-s",R,R,,acetylcholine,dopamine,0.7910339009050468,,dopamine,acetylcholine,1,True,True
69508,KCa'b'-m,KCa'b'-m,cb_intrinsic,Kenyon_Cell,,KCa'b'-m_R,KCa'b'-m,R,R,,acetylcholine,dopamine,0.66870406428258,,dopamine,acetylcholine,1,True,True
69513,KCab-s,KCab-s,cb_intrinsic,Kenyon_Cell,,KCab-s_R,"KCab-m,KCab-c,KCab-s",R,R,,acetylcholine,dopamine,0.8039909359970404,,dopamine,acetylcholine,1,True,True
69518,KCab-c,KCab-c,cb_intrinsic,Kenyon_Cell,,KCab-c_R,"KCab-m,KCab-c,KCab-s",R,R,,acetylcholine,dopamine,0.7398816543126684,,dopamine,acetylcholine,1,True,True
69538,KCab-m,KCab-m,cb_intrinsic,Kenyon_Cell,,KCab-m_L,"KCab-m,KCab-c,KCab-s",L,L,,acetylcholine,dopamine,0.7644240438057628,,dopamine,acetylcholine,1,True,True
69539,KCg-m,KCg-m,cb_intrinsic,Kenyon_Cell,,KCg-m_L,KCg-m,L,L,,acetylcholine,dopamine,0.7262213087051078,,dopamine,acetylcholine,1,True,True
69584,KCab-c,KCab-c,cb_intrinsic,Kenyon_Cell,,KCab-c_R,"KCab-m,KCab-c,KCab-s",R,R,,acetylcholine,dopamine,0.69441697098803,,dopamine,acetylcholine,1,True,True
69603,KCab-s,KCab-s,cb_intrinsic,Kenyon_Cell,,KCab-s_L,"KCab-m,KCab-c,KCab-s",L,L,,acetylcholine,dopamine,0.714809355345912,,dopamine,acetylcholine,1,True,True
69611,KCab-m,KCab-m,cb_intrinsic,Kenyon_Cell,,KCab-m_L,"KCab-m,KCab-c,KCab-s",L,L,,acetylcholine,dopamine,0.7625841527150323,,dopamine,acetylcholine,1,True,True
69620,KCg-m,KCg-m,cb_intrinsic,Kenyon_Cell,,KCg-m_R,KCg-m,R,R,,acetylcholine,dopamine,0.7719232418524872,,dopamine,acetylcholine,1,True,True
69631,M_lvPNm41,M_lvPNm41,cb_intrinsic,ALPN,,M_lvPNm41_R,M_lvPNm41,R,R,,acetylcholine,acetylcholine,0.9590833966931297,acetylcholine,acetylcholine,acetylcholine,1,True,True
69646,M_lPNm13,M_lPNm13,cb_intrinsic,ALPN,,M_lPNm13_L,M_lPNm13,L,L,,acetylcholine,acetylcholine,0.9015447047840349,acetylcholine,acetylcholine,acetylcholine,1,True,True
69649,KCab-c,KCab-c,cb_intrinsic,Kenyon_Cell,,KCab-c_R,"KCab-m,KCab-c,KCab-s",R,R,,acetylcholine,dopamine,0.705808773341134,,dopamine,acetylcholine,1,True,True
69650,KCg-m,KCg-m,cb_intrinsic,Kenyon_Cell,,KCg-m_R,KCg-m,R,R,,acetylcholine,dopamine,0.7578140196459832,,dopamine,acetylcholine,1,True,True
69651,KCab-s,KCab-s,cb_intrinsic,Kenyon_Cell,,KCab-s_L,"KCab-m,KCab-c,KCab-s",L,L,,acetylcholine,dopamine,0.7803094115004492,,dopamine,acetylcholine,1,True,True
69664,KCab-s,KCab-s,cb_intrinsic,Kenyon_Cell,,KCab-s_R,"KCab-m,KCab-c,KCab-s",R,R,,acetylcholine,dopamine,0.7666915938027304,,dopamine,acetylcholine,1,True,True
69694,KCab-s,KCab-s,cb_intrinsic,Kenyon_Cell,,KCab-s_R,"KCab-m,KCab-c,KCab-s",R,R,,acetylcholine,dopamine,0.7731731057202755,,dopamine,acetylcholine,1,True,True
69709,KCab-m,KCab-m,cb_intrinsic,Kenyon_Cell,,KCab-m_L,"KCab-m,KCab-c,KCab-s",L,L,,acetylcholine,dopamine,0.7971229538922904,,dopamine,acetylcholine,1,True,True
69713,KCab-m,KCab-m,cb_intrinsic,Kenyon_Cell,,KCab-m_L,"KCab-m,KCab-c,KCab-s",L,L,,acetylcholine,dopamine,0.755188079120457,,dopamine,acetylcholine,1,True,True
69716,KCg-m,KCg-m,cb_intrinsic,Kenyon_Cell,,KCg-m_R,KCg-m,R,R,,acetylcholine,dopamine,0.7324879735699311,,dopamine,acetylcholine,1,True,True
69721,KCa'b'-ap2,KCa'b'-ap2,cb_intrinsic,Kenyon_Cell,,KCa'b'-ap2_R,KCa'b'-ap2,R,R,,acetylcholine,dopamine,0.7124357781911596,,dopamine,acetylcholine,1,True,True
69722,PAM08,PAM08,cb_intrinsic,DAN,,PAM08(y4)_L,PAM08,L,L,,dopamine,dopamine,0.8916010041452258,dopamine,dopamine,dopamine,0,True,True
69742,KCa'b'-m,KCa'b'-m,cb_intrinsic,Kenyon_Cell,,KCa'b'-m_L,KCa'b'-m,L,L,,acetylcholine,dopamine,0.7276912997903563,,dopamine,acetylcholine,1,True,True
69747,KCa'b'-ap1,KCa'b'-ap1,cb_intrinsic,Kenyon_Cell,,KCa'b'-ap1_L,KCa'b'-ap1,L,L,,acetylcholine,dopamine,0.6833765142361434,,dopamine,acetylcholine,1,True,True
69758,KCab-m,KCab-m,cb_intrinsic,Kenyon_Cell,,KCab-m_L,"KCab-m,KCab-c,KCab-s",L,L,,acetylcholine,dopamine,0.6753549297077321,,dopamine,acetylcholine,1,True,True
69775,KCab-s,KCab-s,cb_intrinsic,Kenyon_Cell,,KCab-s_R,"KCab-m,KCab-c,KCab-s",R,R,,acetylcholine,dopamine,0.7900741815836155,,dopamine,acetylcholine,1,True,True
69842,KCa'b'-ap1,KCa'b'-ap1,cb_intrinsic,Kenyon_Cell,,KCa'b'-ap1_R,KCa'b'-ap1,R,R,,acetylcholine,dopamine,0.7280011107982102,,dopamine,acetylcholine,1,True,True
69854,KCg-m,KCg-m,cb_intrinsic,Kenyon_Cell,,KCg-m_L,KCg-m,L,L,,acetylcholine,dopamine,0.7670885617023875,,dopamine,acetylcholine,1,True,True
69855,KCg-m,KCg-m,cb_intrinsic,Kenyon_Cell,,KCg-m_L,KCg-m,L,L,,acetylcholine,dopamine,0.7447995841902889,,dopamine,acetylcholine,1,True,True
69859,KCg-m,KCg-m,cb_intrinsic,Kenyon_Cell,,KCg-m_R,KCg-m,R,R,,acetylcholine,dopamine,0.7634464878807151,,dopamine,acetylcholine,1,True,True
69885,KCg-d,KCg-d,cb_intrinsic,Kenyon_Cell,,KCg-d_L,KCg-d,L,L,,acetylcholine,dopamine,0.7347295083171693,,dopamine,acetylcholine,1,True,True
69905,KCab-s,KCab-s,cb_intrinsic,Kenyon_Cell,,KCab-s_L,"KCab-m,KCab-c,KCab-s",L,L,,acetylcholine,dopamine,0.7360172672672673,,dopamine,acetylcholine,1,True,True
69956,KCa'b'-ap1,KCa'b'-ap1,cb_intrinsic,Kenyon_Cell,,KCa'b'-ap1_R,KCa'b'-ap1,R,R,,acetylcholine,dopamine,0.6690728329908463,,dopamine,acetylcholine,1,True,True
69967,KCg-m,KCg-m,cb_intrinsic,Kenyon_Cell,,KCg-m_R,KCg-m,R,R,,acetylcholine,dopamine,0.7657001479837219,,dopamine,acetylcholine,1,True,True
69973,KCab-c,KCab-c,cb_intrinsic,Kenyon_Cell,,KCab-c_R,"KCab-m,KCab-c,KCab-s",R,R,,acetylcholine,dopamine,0.7085337279565914,,dopamine,acetylcholine,1,True,True
69987,KCab-s,KCab-s,cb_intrinsic,Kenyon_Cell,,KCab-s_R,"KCab-m,KCab-c,KCab-s",R,R,,acetylcholine,dopamine,0.7004027135657462,,dopamine,acetylcholine,1,True,True
70008,M_lvPNm38,M_lvPNm38,cb_intrinsic,ALPN,,M_lvPNm38_L,M_lvPNm38,L,L,,acetylcholine,acetylcholine,0.7368431152661404,acetylcholine,acetylcholine,acetylcholine,1,True,True
70022,KCg-m,KCg-m,cb_intrinsic,Kenyon_Cell,,KCg-m_R,KCg-m,R,R,,acetylcholine,dopamine,0.72475870462984,,dopamine,acetylcholine,1,True,True
70029,KCg-m,KCg-m,cb_intrinsic,Kenyon_Cell,,KCg-m_R,KCg-m,R,R,,acetylcholine,dopamine,0.6826748743642984,,dopamine,acetylcholine,1,True,True
70030,KCg-m,KCg-m,cb_intrinsic,Kenyon_Cell,,KCg-m_R,KCg-m,R,R,,acetylcholine,dopamine,0.724431199016128,,dopamine,acetylcholine,1,True,True
70052,M_vPNml77,M_vPNml77,cb_intrinsic,ALPN,,M_vPNml77_L,M_vPNml77,L,L,,gaba,gaba,0.7845939350994168,,gaba,gaba,-1,True,True
70111,KCab-s,KCab-s,cb_intrinsic,Kenyon_Cell,,KCab-s_L,"KCab-m,KCab-c,KCab-s",L,L,,acetylcholine,dopamine,0.7850611840306262,,dopamine,acetylcholine,1,True,True
70124,KCab-s,KCab-s,cb_intrinsic,Kenyon_Cell,,KCab-s_R,"KCab-m,KCab-c,KCab-s",R,R,,acetylcholine,dopamine,0.7979431569592562,,dopamine,acetylcholine,1,True,True
70143,KCg-m,KCg-m,cb_intrinsic,Kenyon_Cell,,KCg-m_L,KCg-m,L,L,,acetylcholine,dopamine,0.7603796223122262,,dopamine,acetylcholine,1,True,True
70175,KCa'b'-ap1,KCa'b'-ap1,cb_intrinsic,Kenyon_Cell,,KCa'b'-ap1_R,KCa'b'-ap1,R,R,,acetylcholine,dopamine,0.6359714003944773,,dopamine,acetylcholine,1,True,True
70185,KCa'b'-ap2,KCa'b'-ap2,cb_intrinsic,Kenyon_Cell,,KCa'b'-ap2_R,KCa'b'-ap2,R,R,,acetylcholine,dopamine,0.6720639032815199,,dopamine,acetylcholine,1,True,True
70193,KCa'b'-ap2,KCa'b'-ap2,cb_intrinsic,Kenyon_Cell,,KCa'b'-ap2_R,KCa'b'-ap2,R,R,,acetylcholine,dopamine,0.727360277301315,,dopamine,acetylcholine,1,True,True
70211,KCab-m,KCab-m,cb_intrinsic,Kenyon_Cell,,KCab-m_L,"KCab-m,KCab-c,KCab-s",L,L,,acetylcholine,dopamine,0.7228188143985013,,dopamine,acetylcholine,1,True,True
70223,KCg-m,KCg-m,cb_intrinsic,Kenyon_Cell,,KCg-m_L,KCg-m,L,L,,acetylcholine,dopamine,0.7702764675052411,,dopamine,acetylcholine,1,True,True
70235,KCg-m,KCg-m,cb_intrinsic,Kenyon_Cell,,KCg-m_R,KCg-m,R,R,,acetylcholine,dopamine,0.729666123646502,,dopamine,acetylcholine,1,True,True
70248,CB3228,CB3228,cb_intrinsic,ALPN,,CB3228_L,,L,L,,gaba,gaba,0.7198574057446638,gaba,gaba,gaba,-1,True,True
70261,KCab-c,KCab-c,cb_intrinsic,Kenyon_Cell,,KCab-c_L,"KCab-m,KCab-c,KCab-s",L,L,,acetylcholine,dopamine,0.6786061122562232,,dopamine,acetylcholine,1,True,True
70271,KCg-m,KCg-m,cb_intrinsic,Kenyon_Cell,,KCg-m_L,KCg-m,L,L,,acetylcholine,dopamine,0.7680755216132575,,dopamine,acetylcholine,1,True,True
70282,KCa'b'-m,KCa'b'-m,cb_intrinsic,Kenyon_Cell,,KCa'b'-m_L,KCa'b'-m,L,L,,acetylcholine,dopamine,0.6971000235428649,,dopamine,acetylcholine,1,True,True
70283,KCg-m,KCg-m,cb_intrinsic,Kenyon_Cell,,KCg-m_R,KCg-m,R,R,,acetylcholine,dopamine,0.7349405367492909,,dopamine,acetylcholine,1,True,True
70312,KCg-m,KCg-m,cb_intrinsic,Kenyon_Cell,,KCg-m_R,KCg-m,R,R,,acetylcholine,dopamine,0.768386674895668,,dopamine,acetylcholine,1,True,True
70322,KCg-m,KCg-m,cb_intrinsic,Kenyon_Cell,,KCg-m_L,KCg-m,L,L,,acetylcholine,dopamine,0.8036122041022723,,dopamine,acetylcholine,1,True,True
70324,KCg-m,KCg-m,cb_intrinsic,Kenyon_Cell,,KCg-m_R,KCg-m,R,R,,acetylcholine,dopamine,0.7037731025967512,,dopamine,acetylcholine,1,True,True
70336,KCab-c,KCab-c,cb_intrinsic,Kenyon_Cell,,KCab-c_R,"KCab-m,KCab-c,KCab-s",R,R,,acetylcholine,dopamine,0.7506971889342172,,dopamine,acetylcholine,1,True,True
70378,KCab-s,KCab-s,cb_intrinsic,Kenyon_Cell,,KCab-s_R,"KCab-m,KCab-c,KCab-s",R,R,,acetylcholine,dopamine,0.7483127367685461,,dopamine,acetylcholine,1,True,True
70380,KCab-c,KCab-c,cb_intrinsic,Kenyon_Cell,,KCab-c_R,"KCab-m,KCab-c,KCab-s",R,R,,acetylcholine,dopamine,0.6528387339349193,,dopamine,acetylcholine,1,True,True
70396,KCab-s,KCab-s,cb_intrinsic,Kenyon_Cell,,KCab-s_R,"KCab-m,KCab-c,KCab-s",R,R,,acetylcholine,dopamine,0.7404595780922432,,dopamine,acetylcholine,1,True,True
70445,KCg-m,KCg-m,cb_intrinsic,Kenyon_Cell,,KCg-m_R,KCg-m,R,R,,acetylcholine,dopamine,0.6990544842150698,,dopamine,acetylcholine,1,True,True
70457,KCa'b'-ap1,KCa'b'-ap1,cb_intrinsic,Kenyon_Cell,,KCa'b'-ap1_L,KCa'b'-ap1,L,L,,acetylcholine,dopamine,0.6931642437364677,,dopamine,acetylcholine,1,True,True
70477,KCab-m,KCab-m,cb_intrinsic,Kenyon_Cell,,KCab-m_R,"KCab-m,KCab-c,KCab-s",R,R,,acetylcholine,dopamine,0.6640045644419412,,dopamine,acetylcholine,1,True,True
70489,KCg-m,KCg-m,cb_intrinsic,Kenyon_Cell,,KCg-m_R,KCg-m,R,R,,acetylcholine,dopamine,0.7450706429401771,,dopamine,acetylcholine,1,True,True
70501,KCab-c,KCab-c,cb_intrinsic,Kenyon_Cell,,KCab-c_R,"KCab-m,KCab-c,KCab-s",R,R,,acetylcholine,dopamine,0.76409093091363,,dopamine,acetylcholine,1,True,True
70509,KCg-m,KCg-m,cb_intrinsic,Kenyon_Cell,,KCg-m_R,KCg-m,R,R,,acetylcholine,dopamine,0.768694061441703,,dopamine,acetylcholine,1,True,True
70513,KCa'b'-ap2,KCa'b'-ap2,cb_intrinsic,Kenyon_Cell,,KCa'b'-ap2_R,KCa'b'-ap2,R,R,,acetylcholine,dopamine,0.7350552231937413,,dopamine,acetylcholine,1,True,True
70526,KCg-m,KCg-m,cb_intrinsic,Kenyon_Cell,,KCg-m_R,KCg-m,R,R,,acetylcholine,dopamine,0.6958715290138839,,dopamine,acetylcholine,1,True,True
70553,KCg-m,KCg-m,cb_intrinsic,Kenyon_Cell,,KCg-m_R,KCg-m,R,R,,acetylcholine,dopamine,0.7776322563588801,,dopamine,acetylcholine,1,True,True
70614,KCg-m,KCg-m,cb_intrinsic,Kenyon_Cell,,KCg-m_L,KCg-m,L,L,,acetylcholine,dopamine,0.768551707765116,,dopamine,acetylcholine,1,True,True
70684,M_vPNml83,M_vPNml83,cb_intrinsic,ALPN,,M_vPNml83_R,M_vPNml83,R,R,,gaba,gaba,0.5626957036182246,,gaba,gaba,-1,True,True
70690,KCab-m,KCab-m,cb_intrinsic,Kenyon_Cell,,KCab-m_L,"KCab-m,KCab-c,KCab-s",L,L,,acetylcholine,dopamine,0.7837789995418385,,dopamine,acetylcholine,1,True,True
70740,KCg-m,KCg-m,cb_intrinsic,Kenyon_Cell,,KCg-m_L,KCg-m,L,L,,acetylcholine,dopamine,0.7709991355927152,,dopamine,acetylcholine,1,True,True
70747,KCab-p,KCab-p,cb_intrinsic,Kenyon_Cell,,KCab-p_R,KCab-p,R,R,,acetylcholine,dopamine,0.6629118719330983,,dopamine,acetylcholine,1,True,True
70816,KCa'b'-ap2,KCa'b'-ap2,cb_intrinsic,Kenyon_Cell,,KCa'b'-ap2_R,KCa'b'-ap2,R,R,,acetylcholine,dopamine,0.7095738760196774,,dopamine,acetylcholine,1,True,True
70902,KCab-s,KCab-s,cb_intrinsic,Kenyon_Cell,,KCab-s_R,"KCab-m,KCab-c,KCab-s",R,R,,acetylcholine,dopamine,0.7928975039308176,,dopamine,acetylcholine,1,True,True
70909,KCab-m,KCab-m,cb_intrinsic,Kenyon_Cell,,KCab-m_R,"KCab-m,KCab-c,KCab-s",R,R,,acetylcholine,dopamine,0.7607849594877897,,dopamine,acetylcholine,1,True,True
70924,MBON10,MBON10,cb_intrinsic,MBON,,MBON10(B'1)_L,MBON10,L,L,,gaba,gaba,0.7974860969184954,gaba,gaba,gaba,-1,True,True
70928,KCg-m,KCg-m,cb_intrinsic,Kenyon_Cell,,KCg-m_R,KCg-m,R,R,,acetylcholine,dopamine,0.7238875582494216,,dopamine,acetylcholine,1,True,True
70950,KCab-m,KCab-m,cb_intrinsic,Kenyon_Cell,,KCab-m_L,"KCab-m,KCab-c,KCab-s",L,L,,acetylcholine,dopamine,0.7249737945492662,,dopamine,acetylcholine,1,True,True
70952,KCg-m,KCg-m,cb_intrinsic,Kenyon_Cell,,KCg-m_R,KCg-m,R,R,,acetylcholine,dopamine,0.7200498038643584,,dopamine,acetylcholine,1,True,True
70993,KCab-c,KCab-c,cb_intrinsic,Kenyon_Cell,,KCab-c_R,"KCab-m,KCab-c,KCab-s",R,R,,acetylcholine,dopamine,0.7602063679245283,,dopamine,acetylcholine,1,True,True
71008,KCab-m,KCab-m,cb_intrinsic,Kenyon_Cell,,KCab-m_R,"KCab-m,KCab-c,KCab-s",R,R,,acetylcholine,dopamine,0.6614887335414688,,dopamine,acetylcholine,1,True,True
71028,KCg-m,KCg-m,cb_intrinsic,Kenyon_Cell,,KCg-m_R,KCg-m,R,R,,acetylcholine,dopamine,0.7199469432769978,,dopamine,acetylcholine,1,True,True
71030,KCab-s,KCab-s,cb_intrinsic,Kenyon_Cell,,KCab-s_L,"KCab-m,KCab-c,KCab-s",L,L,,acetylcholine,dopamine,0.7595925504229017,,dopamine,acetylcholine,1,True,True
71033,KCg-m,KCg-m,cb_intrinsic,Kenyon_Cell,,KCg-m_R,KCg-m,R,R,,acetylcholine,dopamine,0.7002966538915095,,dopamine,acetylcholine,1,True,True
71039,KCab-m,KCab-m,cb_intrinsic,Kenyon_Cell,,KCab-m_R,"KCab-m,KCab-c,KCab-s",R,R,,acetylcholine,dopamine,0.7354446631374146,,dopamine,acetylcholine,1,True,True
71053,KCa'b'-ap1,KCa'b'-ap1,cb_intrinsic,Kenyon_Cell,,KCa'b'-ap1_R,KCa'b'-ap1,R,R,,acetylcholine,dopamine,0.7111646978981885,,dopamine,acetylcholine,1,True,True
71088,KCab-s,KCab-s,cb_intrinsic,Kenyon_Cell,,KCab-s_R,"KCab-m,KCab-c,KCab-s",R,R,,acetylcholine,dopamine,0.6900426617407749,,dopamine,acetylcholine,1,True,True
71095,KCa'b'-ap1,KCa'b'-ap1,cb_intrinsic,Kenyon_Cell,,KCa'b'-ap1_L,KCa'b'-ap1,L,L,,acetylcholine,dopamine,0.6413120037565098,,dopamine,acetylcholine,1,True,True
71120,KCab-s,KCab-s,cb_intrinsic,Kenyon_Cell,,KCab-s_R,"KCab-m,KCab-c,KCab-s",R,R,,acetylcholine,dopamine,0.8255026146562081,,dopamine,acetylcholine,1,True,True
71121,KCg-m,KCg-m,cb_intrinsic,Kenyon_Cell,,KCg-m_R,KCg-m,R,R,,acetylcholine,dopamine,0.7578545435388705,,dopamine,acetylcholine,1,True,True
71127,KCab-c,KCab-c,cb_intrinsic,Kenyon_Cell,,KCab-c_R,"KCab-m,KCab-c,KCab-s",R,R,,acetylcholine,dopamine,0.7171571643423572,,dopamine,acetylcholine,1,True,True
71128,KCab-c,KCab-c,cb_intrinsic,Kenyon_Cell,,KCab-c_L,"KCab-m,KCab-c,KCab-s",L,L,,acetylcholine,dopamine,0.6884246355060034,,dopamine,acetylcholine,1,True,True
71166,KCg-m,KCg-m,cb_intrinsic,Kenyon_Cell,,KCg-m_L,KCg-m,L,L,,acetylcholine,dopamine,0.6986782625786163,,dopamine,acetylcholine,1,True,True
71189,KCab-c,KCab-c,cb_intrinsic,Kenyon_Cell,,KCab-c_R,"KCab-m,KCab-c,KCab-s",R,R,,acetylcholine,dopamine,0.7328184786911203,,dopamine,acetylcholine,1,True,True
71224,CB0650,CB0650,cb_intrinsic,ALPN,,CB0650_R,,R,R,,glutamate,glutamate,0.7048904272492027,,glutamate,glutamate,-1,True,True
71317,KCg-m,KCg-m,cb_intrinsic,Kenyon_Cell,,KCg-m_L,KCg-m,L,L,,acetylcholine,dopamine,0.6947970437284917,,dopamine,acetylcholine,1,True,True
71326,KCab-s,KCab-s,cb_intrinsic,Kenyon_Cell,,KCab-s_L,"KCab-m,KCab-c,KCab-s",L,L,,acetylcholine,dopamine,0.8063738803125595,,dopamine,acetylcholine,1,True,True
71366,KCab-s,KCab-s,cb_intrinsic,Kenyon_Cell,,KCab-s_R,"KCab-m,KCab-c,KCab-s",R,R,,acetylcholine,dopamine,0.7009571931359073,,dopamine,acetylcholine,1,True,True
71406,KCg-m,KCg-m,cb_intrinsic,Kenyon_Cell,,KCg-m_L,KCg-m,L,L,,acetylcholine,dopamine,0.799522132442113,,dopamine,acetylcholine,1,True,True
71418,M_lPNm11A,M_lPNm11A,cb_intrinsic,ALPN,BI,M_lPNm11A_R,M_lPNm11A,R,R,,acetylcholine,acetylcholine,0.8976939039083545,acetylcholine,acetylcholine,acetylcholine,1,True,True
71469,KCab-m,KCab-m,cb_intrinsic,Kenyon_Cell,,KCab-m_L,"KCab-m,KCab-c,KCab-s",L,L,,acetylcholine,dopamine,0.7254991634413804,,dopamine,acetylcholine,1,True,True
71474,KCg-m,KCg-m,cb_intrinsic,Kenyon_Cell,,KCg-m_L,KCg-m,L,L,,acetylcholine,dopamine,0.789010755830133,,dopamine,acetylcholine,1,True,True
71476,DM4_vPN,DM4_vPN,cb_intrinsic,ALPN,,DM4_vPN_L,DM4_vPN,L,L,,gaba,gaba,0.8748236304131652,gaba,gaba,gaba,-1,True,True
71486,KCg-d,KCg-d,cb_intrinsic,Kenyon_Cell,,KCg-d_R,KCg-d,R,R,,acetylcholine,dopamine,0.7492839678053916,,dopamine,acetylcholine,1,True,True
71494,KCab-s,KCab-s,cb_intrinsic,Kenyon_Cell,,KCab-s_R,"KCab-m,KCab-c,KCab-s",R,R,,acetylcholine,dopamine,0.8291396718951277,,dopamine,acetylcholine,1,True,True
71501,KCab-s,KCab-s,cb_intrinsic,Kenyon_Cell,,KCab-s_L,"KCab-m,KCab-c,KCab-s",L,L,,acetylcholine,dopamine,0.7708640073435853,,dopamine,acetylcholine,1,True,True
71512,KCab-c,KCab-c,cb_intrinsic,Kenyon_Cell,,KCab-c_R,"KCab-m,KCab-c,KCab-s",R,R,,acetylcholine,dopamine,0.7593105150995374,,dopamine,acetylcholine,1,True,True
71530,KCa'b'-ap2,KCa'b'-ap2,cb_intrinsic,Kenyon_Cell,,KCa'b'-ap2_L,KCa'b'-ap2,L,L,,acetylcholine,dopamine,0.7513075801958587,,dopamine,acetylcholine,1,True,True
71610,KCab-m,KCab-m,cb_intrinsic,Kenyon_Cell,,KCab-m_L,"KCab-m,KCab-c,KCab-s",L,L,,acetylcholine,dopamine,0.6655226227353797,,dopamine,acetylcholine,1,True,True
71618,KCg-m,KCg-m,cb_intrinsic,Kenyon_Cell,,KCg-m_L,KCg-m,L,L,,acetylcholine,dopamine,0.7464808426421352,,dopamine,acetylcholine,1,True,True
71627,KCab-s,KCab-s,cb_intrinsic,Kenyon_Cell,,KCab-s_R,"KCab-m,KCab-c,KCab-s",R,R,,acetylcholine,dopamine,0.6809100310721773,,dopamine,acetylcholine,1,True,True
71676,KCab-s,KCab-s,cb_intrinsic,Kenyon_Cell,,KCab-s_R,"KCab-m,KCab-c,KCab-s",R,R,,acetylcholine,dopamine,0.7828798776885924,,dopamine,acetylcholine,1,True,True
71688,KCg-d,KCg-d,cb_intrinsic,Kenyon_Cell,,KCg-d_R,KCg-d,R,R,,acetylcholine,dopamine,0.7440516673979815,,dopamine,acetylcholine,1,True,True
71691,KCab-c,KCab-c,cb_intrinsic,Kenyon_Cell,,KCab-c_R,"KCab-m,KCab-c,KCab-s",R,R,,acetylcholine,dopamine,0.7138986923668612,,dopamine,acetylcholine,1,True,True
71719,M_vPNml53,M_vPNml53,cb_intrinsic,ALPN,,M_vPNml53_R,M_vPNml53,R,R,,gaba,gaba,0.7717546949458192,gaba,gaba,gaba,-1,True,True
71770,KCg-m,KCg-m,cb_intrinsic,Kenyon_Cell,,KCg-m_R,KCg-m,R,R,,acetylcholine,dopamine,0.7676274919900321,,dopamine,acetylcholine,1,True,True
71800,KCa'b'-ap2,KCa'b'-ap2,cb_intrinsic,Kenyon_Cell,,KCa'b'-ap2_R,KCa'b'-ap2,R,R,,acetylcholine,dopamine,0.7275561492145817,,dopamine,acetylcholine,1,True,True
71814,KCa'b'-ap2,KCa'b'-ap2,cb_intrinsic,Kenyon_Cell,,KCa'b'-ap2_R,KCa'b'-ap2,R,R,,acetylcholine,dopamine,0.7790592882343917,,dopamine,acetylcholine,1,True,True
71840,KCa'b'-ap2,KCa'b'-ap2,cb_intrinsic,Kenyon_Cell,,KCa'b'-ap2_R,KCa'b'-ap2,R,R,,acetylcholine,dopamine,0.7177579365079365,,dopamine,acetylcholine,1,True,True
71862,M_vPNml84,M_vPNml84,cb_intrinsic,ALPN,,M_vPNml84_R,M_vPNml84,R,R,,gaba,gaba,0.7031754975222116,gaba,gaba,gaba,-1,True,True
71902,KCg-m,KCg-m,cb_intrinsic,Kenyon_Cell,,KCg-m_R,KCg-m,R,R,,acetylcholine,dopamine,0.7126726476754224,,dopamine,acetylcholine,1,True,True
71907,KCab-m,KCab-m,cb_intrinsic,Kenyon_Cell,,KCab-m_L,"KCab-m,KCab-c,KCab-s",L,L,,acetylcholine,dopamine,0.7453581198547834,,dopamine,acetylcholine,1,True,True
71908,KCa'b'-m,KCa'b'-m,cb_intrinsic,Kenyon_Cell,,KCa'b'-m_R,KCa'b'-m,R,R,,acetylcholine,dopamine,0.7370094419033099,,dopamine,acetylcholine,1,True,True
71970,KCab-s,KCab-s,cb_intrinsic,Kenyon_Cell,,KCab-s_L,"KCab-m,KCab-c,KCab-s",L,L,,acetylcholine,dopamine,0.7164844838624638,,dopamine,acetylcholine,1,True,True
72002,KCg-m,KCg-m,cb_intrinsic,Kenyon_Cell,,KCg-m_L,KCg-m,L,L,,acetylcholine,dopamine,0.7578924067721237,,dopamine,acetylcholine,1,True,True
72032,KCg-m,KCg-m,cb_intrinsic,Kenyon_Cell,,KCg-m_R,KCg-m,R,R,,acetylcholine,dopamine,0.7446694785531264,,dopamine,acetylcholine,1,True,True
72049,KCg-m,KCg-m,cb_intrinsic,Kenyon_Cell,,KCg-m_R,KCg-m,R,R,,acetylcholine,dopamine,0.7388272621949385,,dopamine,acetylcholine,1,True,True
72097,KCg-m,KCg-m,cb_intrinsic,Kenyon_Cell,,KCg-m_L,KCg-m,L,L,,acetylcholine,dopamine,0.7332274375365158,,dopamine,acetylcholine,1,True,True
72111,KCg-m,KCg-m,cb_intrinsic,Kenyon_Cell,,KCg-m_R,KCg-m,R,R,,acetylcholine,dopamine,0.7477652923923561,,dopamine,acetylcholine,1,True,True
72116,KCg-m,KCg-m,cb_intrinsic,Kenyon_Cell,,KCg-m_L,KCg-m,L,L,,acetylcholine,dopamine,0.7638384433962264,,dopamine,acetylcholine,1,True,True
72141,KCg-m,KCg-m,cb_intrinsic,Kenyon_Cell,,KCg-m_R,KCg-m,R,R,,acetylcholine,dopamine,0.7495045100959946,,dopamine,acetylcholine,1,True,True
72166,KCab-m,KCab-m,cb_intrinsic,Kenyon_Cell,,KCab-m_R,"KCab-m,KCab-c,KCab-s",R,R,,acetylcholine,dopamine,0.7358274587048171,,dopamine,acetylcholine,1,True,True
72195,KCa'b'-ap1,KCa'b'-ap1,cb_intrinsic,Kenyon_Cell,,KCa'b'-ap1_R,KCa'b'-ap1,R,R,,acetylcholine,dopamine,0.704060014335923,,dopamine,acetylcholine,1,True,True
72196,KCa'b'-ap2,KCa'b'-ap2,cb_intrinsic,Kenyon_Cell,,KCa'b'-ap2_L,KCa'b'-ap2,L,L,,acetylcholine,dopamine,0.7108082925692989,,dopamine,acetylcholine,1,True,True
72201,KCab-c,KCab-c,cb_intrinsic,Kenyon_Cell,,KCab-c_L,"KCab-m,KCab-c,KCab-s",L,L,,acetylcholine,dopamine,0.7888722834547605,,dopamine,acetylcholine,1,True,True
72230,KCg-d,KCg-d,cb_intrinsic,Kenyon_Cell,,KCg-d_R,KCg-d,R,R,,acetylcholine,dopamine,0.8038822283368274,,dopamine,acetylcholine,1,True,True
72234,KCab-s,KCab-s,cb_intrinsic,Kenyon_Cell,,KCab-s_R,"KCab-m,KCab-c,KCab-s",R,R,,acetylcholine,dopamine,0.7814388834436005,,dopamine,acetylcholine,1,True,True
72239,KCab-s,KCab-s,cb_intrinsic,Kenyon_Cell,,KCab-s_R,"KCab-m,KCab-c,KCab-s",R,R,,acetylcholine,dopamine,0.7260680379746836,,dopamine,acetylcholine,1,True,True
72242,KCa'b'-ap2,KCa'b'-ap2,cb_intrinsic,Kenyon_Cell,,KCa'b'-ap2_L,KCa'b'-ap2,L,L,,acetylcholine,dopamine,0.7026004542278127,,dopamine,acetylcholine,1,True,True
72299,KCab-c,KCab-c,cb_intrinsic,Kenyon_Cell,,KCab-c_R,"KCab-m,KCab-c,KCab-s",R,R,,acetylcholine,dopamine,0.7013872909955515,,dopamine,acetylcholine,1,True,True
72344,KCa'b'-ap2,KCa'b'-ap2,cb_intrinsic,Kenyon_Cell,,KCa'b'-ap2_R,KCa'b'-ap2,R,R,,acetylcholine,dopamine,0.7183997660138901,,dopamine,acetylcholine,1,True,True
72350,KCg-m,KCg-m,cb_intrinsic,Kenyon_Cell,,KCg-m_L,KCg-m,L,L,,acetylcholine,dopamine,0.7367587879070926,,dopamine,acetylcholine,1,True,True
72359,KCab-s,KCab-s,cb_intrinsic,Kenyon_Cell,,KCab-s_R,"KCab-m,KCab-c,KCab-s",R,R,,acetylcholine,dopamine,0.791521546365365,,dopamine,acetylcholine,1,True,True
72362,KCa'b'-m,KCa'b'-m,cb_intrinsic,Kenyon_Cell,,KCa'b'-m_R,KCa'b'-m,R,R,,acetylcholine,dopamine,0.6783063934623242,,dopamine,acetylcholine,1,True,True
72375,KCab-m,KCab-m,cb_intrinsic,Kenyon_Cell,,KCab-m_R,"KCab-m,KCab-c,KCab-s",R,R,,acetylcholine,dopamine,0.6917405660377358,,dopamine,acetylcholine,1,True,True
72387,KCg-m,KCg-m,cb_intrinsic,Kenyon_Cell,,KCg-m_R,KCg-m,R,R,,acetylcholine,dopamine,0.7455506888289908,,dopamine,acetylcholine,1,True,True
72405,DM3_vPN,DM3_vPN,cb_intrinsic,ALPN,,DM3_vPN_R,DM3_vPN,R,R,,gaba,gaba,0.8193993226322889,gaba,gaba,gaba,-1,True,True
72433,KCab-c,KCab-c,cb_intrinsic,Kenyon_Cell,,KCab-c_R,"KCab-m,KCab-c,KCab-s",R,R,,acetylcholine,dopamine,0.7447783868774435,,dopamine,acetylcholine,1,True,True
72438,KCab-p,KCab-p,cb_intrinsic,Kenyon_Cell,,KCab-p_R,KCab-p,R,R,,acetylcholine,dopamine,0.7256271521671077,,dopamine,acetylcholine,1,True,True
72495,KCab-s,KCab-s,cb_intrinsic,Kenyon_Cell,,KCab-s_R,"KCab-m,KCab-c,KCab-s",R,R,,acetylcholine,dopamine,0.7373448920618733,,dopamine,acetylcholine,1,True,True
72512,KCg-d,KCg-d,cb_intrinsic,Kenyon_Cell,,KCg-d_R,KCg-d,R,R,,acetylcholine,dopamine,0.6859865241800803,,dopamine,acetylcholine,1,True,True
72516,KCab-m,KCab-m,cb_intrinsic,Kenyon_Cell,,KCab-m_L,"KCab-m,KCab-c,KCab-s",L,L,,acetylcholine,dopamine,0.7084113716241214,,dopamine,acetylcholine,1,True,True
72523,KCg-m,KCg-m,cb_intrinsic,Kenyon_Cell,,KCg-m_R,KCg-m,R,R,,acetylcholine,dopamine,0.7402843291404613,,dopamine,acetylcholine,1,True,True
72538,KCab-s,KCab-s,cb_intrinsic,Kenyon_Cell,,KCab-s_R,"KCab-m,KCab-c,KCab-s",R,R,,acetylcholine,dopamine,0.7948466539467176,,dopamine,acetylcholine,1,True,True
72559,KCab-s,KCab-s,cb_intrinsic,Kenyon_Cell,,KCab-s_L,"KCab-m,KCab-c,KCab-s",L,L,,acetylcholine,dopamine,0.8081935156436589,,dopamine,acetylcholine,1,True,True
72572,M_lPNm13,M_lPNm13,cb_intrinsic,ALPN,BI,M_lPNm13_L,M_lPNm13,L,L,,acetylcholine,acetylcholine,0.8775665195649384,acetylcholine,acetylcholine,acetylcholine,1,True,True
72601,PAM06,PAM06,cb_intrinsic,DAN,,PAM06(B'2m)_L,PAM06,L,L,,dopamine,dopamine,0.9114740866100149,dopamine,dopamine,dopamine,0,True,True
72604,KCg-m,KCg-m,cb_intrinsic,Kenyon_Cell,,KCg-m_L,KCg-m,L,L,,acetylcholine,dopamine,0.7368249501836975,,dopamine,acetylcholine,1,True,True
72606,KCg-m,KCg-m,cb_intrinsic,Kenyon_Cell,,KCg-m_L,KCg-m,L,L,,acetylcholine,dopamine,0.7229698483166851,,dopamine,acetylcholine,1,True,True
72610,KCab-m,KCab-m,cb_intrinsic,Kenyon_Cell,,KCab-m_L,"KCab-m,KCab-c,KCab-s",L,L,,acetylcholine,dopamine,0.7239237310656391,,dopamine,acetylcholine,1,True,True
72643,KCg-m,KCg-m,cb_intrinsic,Kenyon_Cell,,KCg-m_R,KCg-m,R,R,,acetylcholine,dopamine,0.7637928887228345,,dopamine,acetylcholine,1,True,True
72645,KCab-s,KCab-s,cb_intrinsic,Kenyon_Cell,,KCab-s_R,"KCab-m,KCab-c,KCab-s",R,R,,acetylcholine,dopamine,0.7358551985062892,,dopamine,acetylcholine,1,True,True
72678,KCg-m,KCg-m,cb_intrinsic,Kenyon_Cell,,KCg-m_L,KCg-m,L,L,,acetylcholine,dopamine,0.7607335199553282,,dopamine,acetylcholine,1,True,True
72681,KCab-m,KCab-m,cb_intrinsic,Kenyon_Cell,,KCab-m_L,"KCab-m,KCab-c,KCab-s",L,L,,acetylcholine,dopamine,0.6812017581475128,,dopamine,acetylcholine,1,True,True
72684,KCg-m,KCg-m,cb_intrinsic,Kenyon_Cell,,KCg-m_L,KCg-m,L,L,,acetylcholine,dopamine,0.7351530587434351,,dopamine,acetylcholine,1,True,True
72693,KCa'b'-ap2,KCa'b'-ap2,cb_intrinsic,Kenyon_Cell,,KCa'b'-ap2_R,KCa'b'-ap2,R,R,,acetylcholine,dopamine,0.6980313155136267,,dopamine,acetylcholine,1,True,True
72694,KCa'b'-m,KCa'b'-m,cb_intrinsic,Kenyon_Cell,,KCa'b'-m_R,KCa'b'-m,R,R,,acetylcholine,dopamine,0.6489057887305866,,dopamine,acetylcholine,1,True,True
72695,KCg-m,KCg-m,cb_intrinsic,Kenyon_Cell,,KCg-m_R,KCg-m,R,R,,acetylcholine,dopamine,0.7168424513607241,,dopamine,acetylcholine,1,True,True
72723,KCa'b'-ap2,KCa'b'-ap2,cb_intrinsic,Kenyon_Cell,,KCa'b'-ap2_L,KCa'b'-ap2,L,L,,acetylcholine,dopamine,0.7216889290542526,,dopamine,acetylcholine,1,True,True
72755,KCa'b'-ap2,KCa'b'-ap2,cb_intrinsic,Kenyon_Cell,,KCa'b'-ap2_R,KCa'b'-ap2,R,R,,acetylcholine,dopamine,0.6769183611952945,,dopamine,acetylcholine,1,True,True
72854,KCg-m,KCg-m,cb_intrinsic,Kenyon_Cell,,KCg-m_L,KCg-m,L,L,,acetylcholine,dopamine,0.7404569575471698,,dopamine,acetylcholine,1,True,True
72855,KCab-s,KCab-s,cb_intrinsic,Kenyon_Cell,,KCab-s_L,"KCab-m,KCab-c,KCab-s",L,L,,acetylcholine,dopamine,0.7749940909277757,,dopamine,acetylcholine,1,True,True
72865,KCa'b'-ap2,KCa'b'-ap2,cb_intrinsic,Kenyon_Cell,,KCa'b'-ap2_R,KCa'b'-ap2,R,R,,acetylcholine,dopamine,0.7243581744367907,,dopamine,acetylcholine,1,True,True
72913,KCab-s,KCab-s,cb_intrinsic,Kenyon_Cell,,KCab-s_R,"KCab-m,KCab-c,KCab-s",R,R,,acetylcholine,dopamine,0.7485318005747844,,dopamine,acetylcholine,1,True,True
72916,KCg-m,KCg-m,cb_intrinsic,Kenyon_Cell,,KCg-m_R,KCg-m,R,R,,acetylcholine,dopamine,0.729301254443533,,dopamine,acetylcholine,1,True,True
72939,KCg-m,KCg-m,cb_intrinsic,Kenyon_Cell,,KCg-m_R,KCg-m,R,R,,acetylcholine,dopamine,0.7555845083519308,,dopamine,acetylcholine,1,True,True
72978,KCab-s,KCab-s,cb_intrinsic,Kenyon_Cell,,KCab-s_R,"KCab-m,KCab-c,KCab-s",R,R,,acetylcholine,dopamine,0.7796600063599745,,dopamine,acetylcholine,1,True,True
73006,KCab-s,KCab-s,cb_intrinsic,Kenyon_Cell,,KCab-s_R,"KCab-m,KCab-c,KCab-s",R,R,,acetylcholine,dopamine,0.6817775929763332,,dopamine,acetylcholine,1,True,True
73013,KCg-m,KCg-m,cb_intrinsic,Kenyon_Cell,,KCg-m_L,KCg-m,L,L,,acetylcholine,dopamine,0.7341680651306242,,dopamine,acetylcholine,1,True,True
73039,KCa'b'-ap2,KCa'b'-ap2,cb_intrinsic,Kenyon_Cell,,KCa'b'-ap2_R,KCa'b'-ap2,R,R,,acetylcholine,dopamine,0.7448408018867925,,dopamine,acetylcholine,1,True,True
73125,KCg-m,KCg-m,cb_intrinsic,Kenyon_Cell,,KCg-m_L,KCg-m,L,L,,acetylcholine,dopamine,0.814125129071623,,dopamine,acetylcholine,1,True,True
73146,KCa'b'-ap2,KCa'b'-ap2,cb_intrinsic,Kenyon_Cell,,KCa'b'-ap2_L,KCa'b'-ap2,L,L,,acetylcholine,dopamine,0.687584913293033,,dopamine,acetylcholine,1,True,True
73161,KCg-m,KCg-m,cb_intrinsic,Kenyon_Cell,,KCg-m_R,KCg-m,R,R,,acetylcholine,dopamine,0.7583942610062893,,dopamine,acetylcholine,1,True,True
73191,KCab-s,KCab-s,cb_intrinsic,Kenyon_Cell,,KCab-s_R,"KCab-m,KCab-c,KCab-s",R,R,,acetylcholine,dopamine,0.8059327805151625,,dopamine,acetylcholine,1,True,True
73195,KCg-m,KCg-m,cb_intrinsic,Kenyon_Cell,,KCg-m_R,KCg-m,R,R,,acetylcholine,dopamine,0.7412280701754386,,dopamine,acetylcholine,1,True,True
73196,KCg-m,KCg-m,cb_intrinsic,Kenyon_Cell,,KCg-m_L,KCg-m,L,L,,acetylcholine,dopamine,0.7388214841470532,,dopamine,acetylcholine,1,True,True
73197,KCg-m,KCg-m,cb_intrinsic,Kenyon_Cell,,KCg-m_L,KCg-m,L,L,,acetylcholine,dopamine,0.7275943396226415,,dopamine,acetylcholine,1,True,True
73227,KCg-d,KCg-d,cb_intrinsic,Kenyon_Cell,,KCg-d_R,KCg-d,R,R,,acetylcholine,dopamine,0.716285679729076,,dopamine,acetylcholine,1,True,True
73248,KCab-c,KCab-c,cb_intrinsic,Kenyon_Cell,,KCab-c_R,"KCab-m,KCab-c,KCab-s",R,R,,acetylcholine,dopamine,0.7121255194294699,,dopamine,acetylcholine,1,True,True
73296,KCg-m,KCg-m,cb_intrinsic,Kenyon_Cell,,KCg-m_R,KCg-m,R,R,,acetylcholine,dopamine,0.7636876684636118,,dopamine,acetylcholine,1,True,True
73306,KCab-s,KCab-s,cb_intrinsic,Kenyon_Cell,,KCab-s_R,"KCab-m,KCab-c,KCab-s",R,R,,acetylcholine,dopamine,0.8021434222649522,,dopamine,acetylcholine,1,True,True
73335,KCg-m,KCg-m,cb_intrinsic,Kenyon_Cell,,KCg-m_L,KCg-m,L,L,,acetylcholine,dopamine,0.780876572327044,,dopamine,acetylcholine,1,True,True
73337,KCab-m,KCab-m,cb_intrinsic,Kenyon_Cell,,KCab-m_L,"KCab-m,KCab-c,KCab-s",L,L,,acetylcholine,dopamine,0.7118166805110557,,dopamine,acetylcholine,1,True,True
73354,KCg-m,KCg-m,cb_intrinsic,Kenyon_Cell,,KCg-m_L,KCg-m,L,L,,acetylcholine,dopamine,0.7333016578127861,,dopamine,acetylcholine,1,True,True
73442,KCab-m,KCab-m,cb_intrinsic,Kenyon_Cell,,KCab-m_R,"KCab-m,KCab-c,KCab-s",R,R,,acetylcholine,dopamine,0.7335400448607995,,dopamine,acetylcholine,1,True,True
73453,KCa'b'-ap2,KCa'b'-ap2,cb_intrinsic,Kenyon_Cell,,KCa'b'-ap2_L,KCa'b'-ap2,L,L,,acetylcholine,dopamine,0.7379111248582328,,dopamine,acetylcholine,1,True,True
73457,KCg-m,KCg-m,cb_intrinsic,Kenyon_Cell,,KCg-m_R,KCg-m,R,R,,acetylcholine,dopamine,0.6685824337029113,,dopamine,acetylcholine,1,True,True
73487,KCab-m,KCab-m,cb_intrinsic,Kenyon_Cell,,KCab-m_R,"KCab-m,KCab-c,KCab-s",R,R,,acetylcholine,dopamine,0.7059854257377842,,dopamine,acetylcholine,1,True,True
73492,DM4_vPN,DM4_vPN,cb_intrinsic,ALPN,,DM4_vPN_R,DM4_vPN,R,R,,gaba,gaba,0.8565007803451824,gaba,gaba,gaba,-1,True,True
73508,KCab-c,KCab-c,cb_intrinsic,Kenyon_Cell,,KCab-c_R,"KCab-m,KCab-c,KCab-s",R,R,,acetylcholine,dopamine,0.7571826758147513,,dopamine,acetylcholine,1,True,True
73570,KCab-c,KCab-c,cb_intrinsic,Kenyon_Cell,,KCab-c_R,"KCab-m,KCab-c,KCab-s",R,R,,acetylcholine,dopamine,0.7590814989517819,,dopamine,acetylcholine,1,True,True
73583,KCa'b'-m,KCa'b'-m,cb_intrinsic,Kenyon_Cell,,KCa'b'-m_R,KCa'b'-m,R,R,,acetylcholine,dopamine,0.7157562612309074,,dopamine,acetylcholine,1,True,True
73588,KCab-s,KCab-s,cb_intrinsic,Kenyon_Cell,,KCab-s_R,"KCab-m,KCab-c,KCab-s",R,R,,acetylcholine,dopamine,0.7670979398942254,,dopamine,acetylcholine,1,True,True
73645,KCab-m,KCab-m,cb_intrinsic,Kenyon_Cell,,KCab-m_R,"KCab-m,KCab-c,KCab-s",R,R,,acetylcholine,dopamine,0.730236080281169,,dopamine,acetylcholine,1,True,True
73650,KCa'b'-m,KCa'b'-m,cb_intrinsic,Kenyon_Cell,,KCa'b'-m_L,KCa'b'-m,L,L,,acetylcholine,dopamine,0.745632098939266,,dopamine,acetylcholine,1,True,True
73721,KCab-s,KCab-s,cb_intrinsic,Kenyon_Cell,,KCab-s_R,"KCab-m,KCab-c,KCab-s",R,R,,acetylcholine,dopamine,0.807920001905851,,dopamine,acetylcholine,1,True,True
73742,KCab-c,KCab-c,cb_intrinsic,Kenyon_Cell,,KCab-c_R,"KCab-m,KCab-c,KCab-s",R,R,,acetylcholine,dopamine,0.7346251429388222,,dopamine,acetylcholine,1,True,True
73744,KCg-m,KCg-m,cb_intrinsic,Kenyon_Cell,,KCg-m_L,KCg-m,L,L,,acetylcholine,dopamine,0.7822022248007264,,dopamine,acetylcholine,1,True,True
73750,KCg-m,KCg-m,cb_intrinsic,Kenyon_Cell,,KCg-m_R,KCg-m,R,R,,acetylcholine,dopamine,0.7693994562691701,,dopamine,acetylcholine,1,True,True
73783,KCg-m,KCg-m,cb_intrinsic,Kenyon_Cell,,KCg-m_L,KCg-m,L,L,,acetylcholine,dopamine,0.7565786323149124,,dopamine,acetylcholine,1,True,True
73814,KCg-m,KCg-m,cb_intrinsic,Kenyon_Cell,,KCg-m_R,KCg-m,R,R,,acetylcholine,dopamine,0.7457056771692008,,dopamine,acetylcholine,1,True,True
73850,KCg-m,KCg-m,cb_intrinsic,Kenyon_Cell,,KCg-m_R,KCg-m,R,R,,acetylcholine,dopamine,0.7182559628140358,,dopamine,acetylcholine,1,True,True
73863,CB1296_a,CB1296_a,cb_intrinsic,ALPN,,CB1296_a_L,M_vPNml85,L,L,,gaba,gaba,0.8873396867889276,gaba,gaba,gaba,-1,True,True
73970,KCg-m,KCg-m,cb_intrinsic,Kenyon_Cell,,KCg-m_L,KCg-m,L,L,,acetylcholine,dopamine,0.7344262510908489,,dopamine,acetylcholine,1,True,True
74016,KCab-m,KCab-m,cb_intrinsic,Kenyon_Cell,,KCab-m_L,"KCab-m,KCab-c,KCab-s",L,L,,acetylcholine,dopamine,0.7594367901904892,,dopamine,acetylcholine,1,True,True
74064,KCa'b'-ap2,KCa'b'-ap2,cb_intrinsic,Kenyon_Cell,,KCa'b'-ap2_L,KCa'b'-ap2,L,L,,acetylcholine,dopamine,0.7853979952830188,,dopamine,acetylcholine,1,True,True
74094,KCg-d,KCg-d,cb_intrinsic,Kenyon_Cell,,KCg-d_R,KCg-d,R,R,,acetylcholine,dopamine,0.8234336546349467,,dopamine,acetylcholine,1,True,True
74103,KCab-m,KCab-m,cb_intrinsic,Kenyon_Cell,,KCab-m_R,"KCab-m,KCab-c,KCab-s",R,R,,acetylcholine,dopamine,0.7995629855715871,,dopamine,acetylcholine,1,True,True
74106,KCab-m,KCab-m,cb_intrinsic,Kenyon_Cell,,KCab-m_R,"KCab-m,KCab-c,KCab-s",R,R,,acetylcholine,dopamine,0.6859658499615402,,dopamine,acetylcholine,1,True,True
74110,KCg-m,KCg-m,cb_intrinsic,Kenyon_Cell,,KCg-m_L,KCg-m,L,L,,acetylcholine,dopamine,0.7703844764575897,,dopamine,acetylcholine,1,True,True
74116,KCa'b'-m,KCa'b'-m,cb_intrinsic,Kenyon_Cell,,KCa'b'-m_L,KCa'b'-m,L,L,,acetylcholine,dopamine,0.6894130691140279,,dopamine,acetylcholine,1,True,True
74135,KCab-s,KCab-s,cb_intrinsic,Kenyon_Cell,,KCab-s_R,"KCab-m,KCab-c,KCab-s",R,R,,acetylcholine,dopamine,0.763072280799112,,dopamine,acetylcholine,1,True,True
74141,KCa'b'-m,KCa'b'-m,cb_intrinsic,Kenyon_Cell,,KCa'b'-m_R,KCa'b'-m,R,R,,acetylcholine,dopamine,0.6125140916103002,,dopamine,acetylcholine,1,True,True
74190,KCg-m,KCg-m,cb_intrinsic,Kenyon_Cell,,KCg-m_R,KCg-m,R,R,,acetylcholine,dopamine,0.7177222778539053,,dopamine,acetylcholine,1,True,True
74203,KCg-m,KCg-m,cb_intrinsic,Kenyon_Cell,,KCg-m_L,KCg-m,L,L,,acetylcholine,dopamine,0.7548968991520386,,dopamine,acetylcholine,1,True,True
74222,KCg-m,KCg-m,cb_intrinsic,Kenyon_Cell,,KCg-m_L,KCg-m,L,L,,acetylcholine,dopamine,0.7454981972457169,,dopamine,acetylcholine,1,True,True
74239,KCa'b'-ap2,KCa'b'-ap2,cb_intrinsic,Kenyon_Cell,,KCa'b'-ap2_R,KCa'b'-ap2,R,R,,acetylcholine,dopamine,0.7377009699707681,,dopamine,acetylcholine,1,True,True
74260,KCg-m,KCg-m,cb_intrinsic,Kenyon_Cell,,KCg-m_R,KCg-m,R,R,,acetylcholine,dopamine,0.7709531753336402,,dopamine,acetylcholine,1,True,True
74269,KCg-d,KCg-d,cb_intrinsic,Kenyon_Cell,,KCg-d_R,KCg-d,R,R,,acetylcholine,dopamine,0.756554589955696,,dopamine,acetylcholine,1,True,True
74289,KCab-m,KCab-m,cb_intrinsic,Kenyon_Cell,,KCab-m_L,"KCab-m,KCab-c,KCab-s",L,L,,acetylcholine,dopamine,0.7622858958918775,,dopamine,acetylcholine,1,True,True
74301,KCab-m,KCab-m,cb_intrinsic,Kenyon_Cell,,KCab-m_R,"KCab-m,KCab-c,KCab-s",R,R,,acetylcholine,dopamine,0.6827373116864122,,dopamine,acetylcholine,1,True,True
74307,KCa'b'-ap2,KCa'b'-ap2,cb_intrinsic,Kenyon_Cell,,KCa'b'-ap2_R,KCa'b'-ap2,R,R,,acetylcholine,dopamine,0.7531504065040651,,dopamine,acetylcholine,1,True,True
74328,KCab-c,KCab-c,cb_intrinsic,Kenyon_Cell,,KCab-c_R,"KCab-m,KCab-c,KCab-s",R,R,,acetylcholine,dopamine,0.6919702290777212,,dopamine,acetylcholine,1,True,True
74362,KCg-d,KCg-d,cb_intrinsic,Kenyon_Cell,,KCg-d_L,KCg-d,L,L,,acetylcholine,dopamine,0.7806268443172673,,dopamine,acetylcholine,1,True,True
74368,KCg-m,KCg-m,cb_intrinsic,Kenyon_Cell,,KCg-m_R,KCg-m,R,R,,acetylcholine,dopamine,0.6603721863621318,,dopamine,acetylcholine,1,True,True
74380,KCa'b'-ap1,KCa'b'-ap1,cb_intrinsic,Kenyon_Cell,,KCa'b'-ap1_R,KCa'b'-ap1,R,R,,acetylcholine,dopamine,0.7015261982711583,,dopamine,acetylcholine,1,True,True
74403,KCg-m,KCg-m,cb_intrinsic,Kenyon_Cell,,KCg-m_R,KCg-m,R,R,,acetylcholine,dopamine,0.7205722006257704,,dopamine,acetylcholine,1,True,True
74421,KCab-c,KCab-c,cb_intrinsic,Kenyon_Cell,,KCab-c_R,"KCab-m,KCab-c,KCab-s",R,R,,acetylcholine,dopamine,0.7379393698936108,,dopamine,acetylcholine,1,True,True
74434,KCg-m,KCg-m,cb_intrinsic,Kenyon_Cell,,KCg-m_L,KCg-m,L,L,,acetylcholine,dopamine,0.7572550856128314,,dopamine,acetylcholine,1,True,True
74461,KCab-m,KCab-m,cb_intrinsic,Kenyon_Cell,,KCab-m_R,"KCab-m,KCab-c,KCab-s",R,R,,acetylcholine,dopamine,0.7594805777293985,,dopamine,acetylcholine,1,True,True
74518,KCab-s,KCab-s,cb_intrinsic,Kenyon_Cell,,KCab-s_L,"KCab-m,KCab-c,KCab-s",L,L,,acetylcholine,dopamine,0.8296822085147557,,dopamine,acetylcholine,1,True,True
74531,KCa'b'-m,KCa'b'-m,cb_intrinsic,Kenyon_Cell,,KCa'b'-m_L,KCa'b'-m,L,L,,acetylcholine,dopamine,0.6937465818977303,,dopamine,acetylcholine,1,True,True
74542,KCg-d,KCg-d,cb_intrinsic,Kenyon_Cell,,KCg-d_R,KCg-d,R,R,,acetylcholine,dopamine,0.7526583296767587,,dopamine,acetylcholine,1,True,True
74548,KCa'b'-ap1,KCa'b'-ap1,cb_intrinsic,Kenyon_Cell,,KCa'b'-ap1_R,KCa'b'-ap1,R,R,,acetylcholine,dopamine,0.6773149707996406,,dopamine,acetylcholine,1,True,True
74549,KCab-s,KCab-s,cb_intrinsic,Kenyon_Cell,,KCab-s_L,"KCab-m,KCab-c,KCab-s",L,L,,acetylcholine,dopamine,0.764357966457023,,dopamine,acetylcholine,1,True,True
74553,KCab-m,KCab-m,cb_intrinsic,Kenyon_Cell,,KCab-m_R,"KCab-m,KCab-c,KCab-s",R,R,,acetylcholine,dopamine,0.6435354428721174,,dopamine,acetylcholine,1,True,True
74568,KCab-c,KCab-c,cb_intrinsic,Kenyon_Cell,,KCab-c_R,"KCab-m,KCab-c,KCab-s",R,R,,acetylcholine,dopamine,0.7281818489213497,,dopamine,acetylcholine,1,True,True
74610,KCab-c,KCab-c,cb_intrinsic,Kenyon_Cell,,KCab-c_L,"KCab-m,KCab-c,KCab-s",L,L,,acetylcholine,dopamine,0.7433786055085665,,dopamine,acetylcholine,1,True,True
74620,KCab-m,KCab-m,cb_intrinsic,Kenyon_Cell,,KCab-m_L,"KCab-m,KCab-c,KCab-s",L,L,,acetylcholine,dopamine,0.76463405356056,,dopamine,acetylcholine,1,True,True
74623,KCa'b'-ap2,KCa'b'-ap2,cb_intrinsic,Kenyon_Cell,,KCa'b'-ap2_R,KCa'b'-ap2,R,R,,acetylcholine,dopamine,0.6968367484952999,,dopamine,acetylcholine,1,True,True
74663,KCa'b'-ap1,KCa'b'-ap1,cb_intrinsic,Kenyon_Cell,,KCa'b'-ap1_L,KCa'b'-ap1,L,L,,acetylcholine,dopamine,0.6370292160304227,,dopamine,acetylcholine,1,True,True
74665,KCa'b'-ap2,KCa'b'-ap2,cb_intrinsic,Kenyon_Cell,,KCa'b'-ap2_R,KCa'b'-ap2,R,R,,acetylcholine,dopamine,0.7727611523524761,,dopamine,acetylcholine,1,True,True
74668,KCa'b'-ap1,KCa'b'-ap1,cb_intrinsic,Kenyon_Cell,,KCa'b'-ap1_R,KCa'b'-ap1,R,R,,acetylcholine,dopamine,0.7072962022254474,,dopamine,acetylcholine,1,True,True
74682,KCab-s,KCab-s,cb_intrinsic,Kenyon_Cell,,KCab-s_R,"KCab-m,KCab-c,KCab-s",R,R,,acetylcholine,dopamine,0.7771278825995808,,dopamine,acetylcholine,1,True,True
74683,KCa'b'-ap2,KCa'b'-ap2,cb_intrinsic,Kenyon_Cell,,KCa'b'-ap2_R,KCa'b'-ap2,R,R,,acetylcholine,dopamine,0.7671512776106706,,dopamine,acetylcholine,1,True,True
74698,KCg-m,KCg-m,cb_intrinsic,Kenyon_Cell,,KCg-m_L,KCg-m,L,L,,acetylcholine,dopamine,0.7366686129938328,,dopamine,acetylcholine,1,True,True
74708,KCg-m,KCg-m,cb_intrinsic,Kenyon_Cell,,KCg-m_L,KCg-m,L,L,,acetylcholine,dopamine,0.7650167576961271,,dopamine,acetylcholine,1,True,True
74721,KCab-s,KCab-s,cb_intrinsic,Kenyon_Cell,,KCab-s_R,"KCab-m,KCab-c,KCab-s",R,R,,acetylcholine,dopamine,0.7775182269759243,,dopamine,acetylcholine,1,True,True
74740,KCab-s,KCab-s,cb_intrinsic,Kenyon_Cell,,KCab-s_R,"KCab-m,KCab-c,KCab-s",R,R,,acetylcholine,dopamine,0.7889564054801106,,dopamine,acetylcholine,1,True,True
74743,PAM08,PAM08,cb_intrinsic,DAN,,PAM08(y4)_L,PAM08,L,L,,dopamine,dopamine,0.8849574674665972,dopamine,dopamine,dopamine,0,True,True
74760,KCab-c,KCab-c,cb_intrinsic,Kenyon_Cell,,KCab-c_L,"KCab-m,KCab-c,KCab-s",L,L,,acetylcholine,dopamine,0.7223503506428453,,dopamine,acetylcholine,1,True,True
74803,KCab-s,KCab-s,cb_intrinsic,Kenyon_Cell,,KCab-s_R,"KCab-m,KCab-c,KCab-s",R,R,,acetylcholine,dopamine,0.7443473735494729,,dopamine,acetylcholine,1,True,True
74812,KCab-s,KCab-s,cb_intrinsic,Kenyon_Cell,,KCab-s_R,"KCab-m,KCab-c,KCab-s",R,R,,acetylcholine,dopamine,0.7629671006657104,,dopamine,acetylcholine,1,True,True
74851,KCab-m,KCab-m,cb_intrinsic,Kenyon_Cell,,KCab-m_R,"KCab-m,KCab-c,KCab-s",R,R,,acetylcholine,dopamine,0.6966624255213505,,dopamine,acetylcholine,1,True,True
74856,PAM01,PAM01,cb_intrinsic,DAN,,PAM01(y5)_L,PAM01,L,L,,dopamine,dopamine,0.9178264349254915,dopamine,dopamine,dopamine,0,True,True
74869,KCab-s,KCab-s,cb_intrinsic,Kenyon_Cell,,KCab-s_R,"KCab-m,KCab-c,KCab-s",R,R,,acetylcholine,dopamine,0.7879299177247736,,dopamine,acetylcholine,1,True,True
74899,KCab-m,KCab-m,cb_intrinsic,Kenyon_Cell,,KCab-m_R,"KCab-m,KCab-c,KCab-s",R,R,,acetylcholine,dopamine,0.6707444770360975,,dopamine,acetylcholine,1,True,True
74926,KCg-m,KCg-m,cb_intrinsic,Kenyon_Cell,,KCg-m_L,KCg-m,L,L,,acetylcholine,dopamine,0.6966446717546463,,dopamine,acetylcholine,1,True,True
74977,M_vPNml84,M_vPNml84,cb_intrinsic,ALPN,,M_vPNml84_L,M_vPNml84,L,L,,gaba,gaba,0.8467778498848756,gaba,gaba,gaba,-1,True,True
74992,KCg-m,KCg-m,cb_intrinsic,Kenyon_Cell,,KCg-m_L,KCg-m,L,L,,acetylcholine,dopamine,0.7582183569182389,,dopamine,acetylcholine,1,True,True
75029,KCg-m,KCg-m,cb_intrinsic,Kenyon_Cell,,KCg-m_R,KCg-m,R,R,,acetylcholine,dopamine,0.5300320310490754,,dopamine,acetylcholine,1,True,True
75031,KCa'b'-ap1,KCa'b'-ap1,cb_intrinsic,Kenyon_Cell,,KCa'b'-ap1_R,KCa'b'-ap1,R,R,,acetylcholine,dopamine,0.6400037599124966,,dopamine,acetylcholine,1,True,True
75042,KCab-c,KCab-c,cb_intrinsic,Kenyon_Cell,,KCab-c_L,"KCab-m,KCab-c,KCab-s",L,L,,acetylcholine,dopamine,0.7078256027253668,,dopamine,acetylcholine,1,True,True
75045,KCg-m,KCg-m,cb_intrinsic,Kenyon_Cell,,KCg-m_R,KCg-m,R,R,,acetylcholine,dopamine,0.7238236309249885,,dopamine,acetylcholine,1,True,True
75050,KCab-s,KCab-s,cb_intrinsic,Kenyon_Cell,,KCab-s_R,"KCab-m,KCab-c,KCab-s",R,R,,acetylcholine,dopamine,0.7606043742491696,,dopamine,acetylcholine,1,True,True
75053,KCa'b'-ap2,KCa'b'-ap2,cb_intrinsic,Kenyon_Cell,,KCa'b'-ap2_L,KCa'b'-ap2,L,L,,acetylcholine,dopamine,0.6807224243449812,,dopamine,acetylcholine,1,True,True
75058,KCab-c,KCab-c,cb_intrinsic,Kenyon_Cell,,KCab-c_L,"KCab-m,KCab-c,KCab-s",L,L,,acetylcholine,dopamine,0.7505930112773801,,dopamine,acetylcholine,1,True,True
75066,KCab-c,KCab-c,cb_intrinsic,Kenyon_Cell,,KCab-c_R,"KCab-m,KCab-c,KCab-s",R,R,,acetylcholine,dopamine,0.7876249299458248,,dopamine,acetylcholine,1,True,True
75070,KCg-m,KCg-m,cb_intrinsic,Kenyon_Cell,,KCg-m_L,KCg-m,L,L,,acetylcholine,dopamine,0.7354258824591495,,dopamine,acetylcholine,1,True,True
75072,KCg-m,KCg-m,cb_intrinsic,Kenyon_Cell,,KCg-m_R,KCg-m,R,R,,acetylcholine,dopamine,0.7697333060582723,,dopamine,acetylcholine,1,True,True
75075,KCa'b'-ap2,KCa'b'-ap2,cb_intrinsic,Kenyon_Cell,,KCa'b'-ap2_R,KCa'b'-ap2,R,R,,acetylcholine,dopamine,0.7136731828279984,,dopamine,acetylcholine,1,True,True
75106,KCab-c,KCab-c,cb_intrinsic,Kenyon_Cell,,KCab-c_R,"KCab-m,KCab-c,KCab-s",R,R,,acetylcholine,dopamine,0.7386919789175304,,dopamine,acetylcholine,1,True,True
75122,KCa'b'-ap2,KCa'b'-ap2,cb_intrinsic,Kenyon_Cell,,KCa'b'-ap2_R,KCa'b'-ap2,R,R,,acetylcholine,dopamine,0.687953225418428,,dopamine,acetylcholine,1,True,True
75149,KCab-s,KCab-s,cb_intrinsic,Kenyon_Cell,,KCab-s_R,"KCab-m,KCab-c,KCab-s",R,R,,acetylcholine,dopamine,0.769133973768983,,dopamine,acetylcholine,1,True,True
75155,KCab-m,KCab-m,cb_intrinsic,Kenyon_Cell,,KCab-m_L,"KCab-m,KCab-c,KCab-s",L,L,,acetylcholine,dopamine,0.831162730904632,,dopamine,acetylcholine,1,True,True
75181,KCab-s,KCab-s,cb_intrinsic,Kenyon_Cell,,KCab-s_L,"KCab-m,KCab-c,KCab-s",L,L,,acetylcholine,dopamine,0.7355202285921626,,dopamine,acetylcholine,1,True,True
75185,KCa'b'-ap2,KCa'b'-ap2,cb_intrinsic,Kenyon_Cell,,KCa'b'-ap2_L,KCa'b'-ap2,L,L,,acetylcholine,dopamine,0.71480427881606,,dopamine,acetylcholine,1,True,True
75216,KCa'b'-m,KCa'b'-m,cb_intrinsic,Kenyon_Cell,,KCa'b'-m_R,KCa'b'-m,R,R,,acetylcholine,dopamine,0.6973710962914769,,dopamine,acetylcholine,1,True,True
75225,KCa'b'-ap1,KCa'b'-ap1,cb_intrinsic,Kenyon_Cell,,KCa'b'-ap1_L,KCa'b'-ap1,L,L,,acetylcholine,dopamine,0.7648916023794033,,dopamine,acetylcholine,1,True,True
75260,KCa'b'-ap1,KCa'b'-ap1,cb_intrinsic,Kenyon_Cell,,KCa'b'-ap1_R,KCa'b'-ap1,R,R,,acetylcholine,dopamine,0.5960802833100396,,dopamine,acetylcholine,1,True,True
75265,KCa'b'-ap1,KCa'b'-ap1,cb_intrinsic,Kenyon_Cell,,KCa'b'-ap1_R,KCa'b'-ap1,R,R,,acetylcholine,dopamine,0.6929757203451806,,dopamine,acetylcholine,1,True,True
75288,KCg-m,KCg-m,cb_intrinsic,Kenyon_Cell,,KCg-m_R,KCg-m,R,R,,acetylcholine,dopamine,0.7508904505198306,,dopamine,acetylcholine,1,True,True
75300,KCab-s,KCab-s,cb_intrinsic,Kenyon_Cell,,KCab-s_R,"KCab-m,KCab-c,KCab-s",R,R,,acetylcholine,dopamine,0.7941227936701156,,dopamine,acetylcholine,1,True,True
75310,KCg-m,KCg-m,cb_intrinsic,Kenyon_Cell,,KCg-m_L,KCg-m,L,L,,acetylcholine,dopamine,0.7418296618262044,,dopamine,acetylcholine,1,True,True
75312,KCg-m,KCg-m,cb_intrinsic,Kenyon_Cell,,KCg-m_L,KCg-m,L,L,,acetylcholine,dopamine,0.7446953616352201,,dopamine,acetylcholine,1,True,True
75347,KCg-m,KCg-m,cb_intrinsic,Kenyon_Cell,,KCg-m_L,KCg-m,L,L,,acetylcholine,dopamine,0.8010719491456798,,dopamine,acetylcholine,1,True,True
75368,KCg-m,KCg-m,cb_intrinsic,Kenyon_Cell,,KCg-m_L,KCg-m,L,L,,acetylcholine,dopamine,0.7519324952604495,,dopamine,acetylcholine,1,True,True
75384,KCab-s,KCab-s,cb_intrinsic,Kenyon_Cell,,KCab-s_R,"KCab-m,KCab-c,KCab-s",R,R,,acetylcholine,dopamine,0.7321449065785246,,dopamine,acetylcholine,1,True,True
75428,KCab-m,KCab-m,cb_intrinsic,Kenyon_Cell,,KCab-m_L,"KCab-m,KCab-c,KCab-s",L,L,,acetylcholine,dopamine,0.7347680817610063,,dopamine,acetylcholine,1,True,True
75446,KCab-s,KCab-s,cb_intrinsic,Kenyon_Cell,,KCab-s_L,"KCab-m,KCab-c,KCab-s",L,L,,acetylcholine,dopamine,0.7301728705222861,,dopamine,acetylcholine,1,True,True
75507,KCab-c,KCab-c,cb_intrinsic,Kenyon_Cell,,KCab-c_R,"KCab-m,KCab-c,KCab-s",R,R,,acetylcholine,dopamine,0.7528925395792669,,dopamine,acetylcholine,1,True,True
75513,KCg-m,KCg-m,cb_intrinsic,Kenyon_Cell,,KCg-m_L,KCg-m,L,L,,acetylcholine,dopamine,0.7427515313810272,,dopamine,acetylcholine,1,True,True
75578,KCa'b'-ap2,KCa'b'-ap2,cb_intrinsic,Kenyon_Cell,,KCa'b'-ap2_R,KCa'b'-ap2,R,R,,acetylcholine,dopamine,0.7837597607942902,,dopamine,acetylcholine,1,True,True
75597,KCg-m,KCg-m,cb_intrinsic,Kenyon_Cell,,KCg-m_L,KCg-m,L,L,,acetylcholine,dopamine,0.7662623539982031,,dopamine,acetylcholine,1,True,True
75611,KCa'b'-ap2,KCa'b'-ap2,cb_intrinsic,Kenyon_Cell,,KCa'b'-ap2_L,KCa'b'-ap2,L,L,,acetylcholine,dopamine,0.7520595846436059,,dopamine,acetylcholine,1,True,True
75621,M_vPNml57,M_vPNml57,cb_intrinsic,ALPN,,M_vPNml57_R,M_vPNml57,R,R,,gaba,gaba,0.8415652141586075,gaba,gaba,gaba,-1,True,True
75650,KCa'b'-ap1,KCa'b'-ap1,cb_intrinsic,Kenyon_Cell,,KCa'b'-ap1_L,KCa'b'-ap1,L,L,,acetylcholine,dopamine,0.6614100601346133,,dopamine,acetylcholine,1,True,True
75652,KCg-m,KCg-m,cb_intrinsic,Kenyon_Cell,,KCg-m_R,KCg-m,R,R,,acetylcholine,dopamine,0.770887928022362,,dopamine,acetylcholine,1,True,True
75718,KCa'b'-ap1,KCa'b'-ap1,cb_intrinsic,Kenyon_Cell,,KCa'b'-ap1_R,KCa'b'-ap1,R,R,,acetylcholine,dopamine,0.7449369151710384,,dopamine,acetylcholine,1,True,True
75756,KCa'b'-ap1,KCa'b'-ap1,cb_intrinsic,Kenyon_Cell,,KCa'b'-ap1_L,KCa'b'-ap1,L,L,,acetylcholine,dopamine,0.6968449459909185,,dopamine,acetylcholine,1,True,True
75758,KCg-m,KCg-m,cb_intrinsic,Kenyon_Cell,,KCg-m_L,KCg-m,L,L,,acetylcholine,dopamine,0.7827278362360909,,dopamine,acetylcholine,1,True,True
75774,KCg-m,KCg-m,cb_intrinsic,Kenyon_Cell,,KCg-m_R,KCg-m,R,R,,acetylcholine,dopamine,0.6931433732598403,,dopamine,acetylcholine,1,True,True
75780,KCa'b'-ap1,KCa'b'-ap1,cb_intrinsic,Kenyon_Cell,,KCa'b'-ap1_L,KCa'b'-ap1,L,L,,acetylcholine,dopamine,0.6943284976860092,,dopamine,acetylcholine,1,True,True
75782,KCa'b'-ap1,KCa'b'-ap1,cb_intrinsic,Kenyon_Cell,,KCa'b'-ap1_L,KCa'b'-ap1,L,L,,acetylcholine,dopamine,0.693228613629557,,dopamine,acetylcholine,1,True,True
75802,KCab-c,KCab-c,cb_intrinsic,Kenyon_Cell,,KCab-c_R,"KCab-m,KCab-c,KCab-s",R,R,,acetylcholine,dopamine,0.6719579374637584,,dopamine,acetylcholine,1,True,True
75830,KCg-m,KCg-m,cb_intrinsic,Kenyon_Cell,,KCg-m_L,KCg-m,L,L,,acetylcholine,dopamine,0.7884002531063047,,dopamine,acetylcholine,1,True,True
75880,KCg-m,KCg-m,cb_intrinsic,Kenyon_Cell,,KCg-m_R,KCg-m,R,R,,acetylcholine,dopamine,0.741865391334731,,dopamine,acetylcholine,1,True,True
75882,KCab-s,KCab-s,cb_intrinsic,Kenyon_Cell,,KCab-s_R,"KCab-m,KCab-c,KCab-s",R,R,,acetylcholine,dopamine,0.7737760618592229,,dopamine,acetylcholine,1,True,True
75897,VP2+_adPN,VP2+_adPN,cb_intrinsic,ALPN,,VP2+_adPN_L,VP2+_adPN,L,L,,acetylcholine,acetylcholine,0.6510713866562708,acetylcholine,acetylcholine,acetylcholine,1,True,True
75907,KCg-m,KCg-m,cb_intrinsic,Kenyon_Cell,,KCg-m_L,KCg-m,L,L,,acetylcholine,dopamine,0.7283164717265717,,dopamine,acetylcholine,1,True,True
75908,KCab-m,KCab-m,cb_intrinsic,Kenyon_Cell,,KCab-m_L,"KCab-m,KCab-c,KCab-s",L,L,,acetylcholine,dopamine,0.7241526575873646,,dopamine,acetylcholine,1,True,True
75922,PAM08,PAM08,cb_intrinsic,DAN,,PAM08(y4)_L,PAM08,L,L,,dopamine,dopamine,0.9079033748297997,dopamine,dopamine,dopamine,0,True,True
75942,KCab-s,KCab-s,cb_intrinsic,Kenyon_Cell,,KCab-s_L,"KCab-m,KCab-c,KCab-s",L,L,,acetylcholine,dopamine,0.7841452504879636,,dopamine,acetylcholine,1,True,True
75958,KCab-m,KCab-m,cb_intrinsic,Kenyon_Cell,,KCab-m_L,"KCab-m,KCab-c,KCab-s",L,L,,acetylcholine,dopamine,0.7821701024924296,,dopamine,acetylcholine,1,True,True
75964,KCab-s,KCab-s,cb_intrinsic,Kenyon_Cell,,KCab-s_L,"KCab-m,KCab-c,KCab-s",L,L,,acetylcholine,dopamine,0.8179977966029178,,dopamine,acetylcholine,1,True,True
75968,KCab-m,KCab-m,cb_intrinsic,Kenyon_Cell,,KCab-m_L,"KCab-m,KCab-c,KCab-s",L,L,,acetylcholine,dopamine,0.815011355695318,,dopamine,acetylcholine,1,True,True
75997,KCab-s,KCab-s,cb_intrinsic,Kenyon_Cell,,KCab-s_R,"KCab-m,KCab-c,KCab-s",R,R,,acetylcholine,dopamine,0.7602807034548118,,dopamine,acetylcholine,1,True,True
76005,KCab-c,KCab-c,cb_intrinsic,Kenyon_Cell,,KCab-c_R,"KCab-m,KCab-c,KCab-s",R,R,,acetylcholine,dopamine,0.7585365045086004,,dopamine,acetylcholine,1,True,True
76009,KCab-s,KCab-s,cb_intrinsic,Kenyon_Cell,,KCab-s_L,"KCab-m,KCab-c,KCab-s",L,L,,acetylcholine,dopamine,0.7508197192820985,,dopamine,acetylcholine,1,True,True
76023,KCg-d,KCg-d,cb_intrinsic,Kenyon_Cell,,KCg-d_R,KCg-d,R,R,,acetylcholine,dopamine,0.7496700182058922,,dopamine,acetylcholine,1,True,True
76056,KCa'b'-ap2,KCa'b'-ap2,cb_intrinsic,Kenyon_Cell,,KCa'b'-ap2_L,KCa'b'-ap2,L,L,,acetylcholine,dopamine,0.6940099152868694,,dopamine,acetylcholine,1,True,True
76063,KCg-m,KCg-m,cb_intrinsic,Kenyon_Cell,,KCg-m_R,KCg-m,R,R,,acetylcholine,dopamine,0.6911436438882914,,dopamine,acetylcholine,1,True,True
76069,KCa'b'-ap2,KCa'b'-ap2,cb_intrinsic,Kenyon_Cell,,KCa'b'-ap2_L,KCa'b'-ap2,L,L,,acetylcholine,dopamine,0.7487560703765623,,dopamine,acetylcholine,1,True,True
76072,KCab-s,KCab-s,cb_intrinsic,Kenyon_Cell,,KCab-s_L,"KCab-m,KCab-c,KCab-s",L,L,,acetylcholine,dopamine,0.8055504027983887,,dopamine,acetylcholine,1,True,True
76076,KCg-d,KCg-d,cb_intrinsic,Kenyon_Cell,,KCg-d_R,KCg-d,R,R,,acetylcholine,dopamine,0.759558093346574,,dopamine,acetylcholine,1,True,True
76085,KCg-m,KCg-m,cb_intrinsic,Kenyon_Cell,,KCg-m_L,KCg-m,L,L,,acetylcholine,dopamine,0.8080102692610063,,dopamine,acetylcholine,1,True,True
76091,KCab-p,KCab-p,cb_intrinsic,Kenyon_Cell,,KCab-p_L,KCab-p,L,L,,acetylcholine,dopamine,0.6357019371679795,,dopamine,acetylcholine,1,True,True
76122,KCg-m,KCg-m,cb_intrinsic,Kenyon_Cell,,KCg-m_L,KCg-m,L,L,,acetylcholine,dopamine,0.7668856993912487,,dopamine,acetylcholine,1,True,True
76172,M_vPNml53,M_vPNml53,cb_intrinsic,ALPN,,M_vPNml53_R,M_vPNml53,R,R,,gaba,gaba,0.7256130152817659,gaba,gaba,gaba,-1,True,True
76194,PEN_a(PEN1),PEN_a(PEN1),cb_intrinsic,CX,,PEN_a(PB06a)_R5,PEN_a(PEN1),R,R,,acetylcholine,acetylcholine,0.8061302999146706,acetylcholine,acetylcholine,acetylcholine,1,True,True
76203,KCa'b'-ap1,KCa'b'-ap1,cb_intrinsic,Kenyon_Cell,,KCa'b'-ap1_L,KCa'b'-ap1,L,L,,acetylcholine,dopamine,0.6720715408805031,,dopamine,acetylcholine,1,True,True
76265,KCab-m,KCab-m,cb_intrinsic,Kenyon_Cell,,KCab-m_R,"KCab-m,KCab-c,KCab-s",R,R,,acetylcholine,dopamine,0.6699890152494185,,dopamine,acetylcholine,1,True,True
76271,KCab-s,KCab-s,cb_intrinsic,Kenyon_Cell,,KCab-s_R,"KCab-m,KCab-c,KCab-s",R,R,,acetylcholine,dopamine,0.7739139973672664,,dopamine,acetylcholine,1,True,True
76272,KCab-c,KCab-c,cb_intrinsic,Kenyon_Cell,,KCab-c_R,"KCab-m,KCab-c,KCab-s",R,R,,acetylcholine,dopamine,0.7850215946182628,,dopamine,acetylcholine,1,True,True
76287,KCa'b'-m,KCa'b'-m,cb_intrinsic,Kenyon_Cell,,KCa'b'-m_L,KCa'b'-m,L,L,,acetylcholine,dopamine,0.7432067944600562,,dopamine,acetylcholine,1,True,True
76299,KCa'b'-ap2,KCa'b'-ap2,cb_intrinsic,Kenyon_Cell,,KCa'b'-ap2_L,KCa'b'-ap2,L,L,,acetylcholine,dopamine,0.7335424824967367,,dopamine,acetylcholine,1,True,True
76309,KCg-m,KCg-m,cb_intrinsic,Kenyon_Cell,,KCg-m_L,KCg-m,L,L,,acetylcholine,dopamine,0.7303469978109038,,dopamine,acetylcholine,1,True,True
76317,KCg-m,KCg-m,cb_intrinsic,Kenyon_Cell,,KCg-m_R,KCg-m,R,R,,acetylcholine,dopamine,0.7119355901785147,,dopamine,acetylcholine,1,True,True
76352,KCa'b'-ap2,KCa'b'-ap2,cb_intrinsic,Kenyon_Cell,,KCa'b'-ap2_L,KCa'b'-ap2,L,L,,acetylcholine,dopamine,0.7441114810704156,,dopamine,acetylcholine,1,True,True
76354,KCa'b'-ap2,KCa'b'-ap2,cb_intrinsic,Kenyon_Cell,,KCa'b'-ap2_R,KCa'b'-ap2,R,R,,acetylcholine,dopamine,0.7285492503652881,,dopamine,acetylcholine,1,True,True
76362,PAM08,PAM08,cb_intrinsic,DAN,,PAM08(y4)_L,PAM08,L,L,,dopamine,dopamine,0.9219732704402516,dopamine,dopamine,dopamine,0,True,True
76370,KCa'b'-ap2,KCa'b'-ap2,cb_intrinsic,Kenyon_Cell,,KCa'b'-ap2_L,KCa'b'-ap2,L,L,,acetylcholine,dopamine,0.7869178386326579,,dopamine,acetylcholine,1,True,True
76429,KCa'b'-ap1,KCa'b'-ap1,cb_intrinsic,Kenyon_Cell,,KCa'b'-ap1_R,KCa'b'-ap1,R,R,,acetylcholine,dopamine,0.7164161798373727,,dopamine,acetylcholine,1,True,True
76431,KCg-m,KCg-m,cb_intrinsic,Kenyon_Cell,,KCg-m_L,KCg-m,L,L,,acetylcholine,dopamine,0.7396287561146052,,dopamine,acetylcholine,1,True,True
76436,KCab-s,KCab-s,cb_intrinsic,Kenyon_Cell,,KCab-s_R,"KCab-m,KCab-c,KCab-s",R,R,,acetylcholine,dopamine,0.7792560034305318,,dopamine,acetylcholine,1,True,True
76443,KCg-m,KCg-m,cb_intrinsic,Kenyon_Cell,,KCg-m_R,KCg-m,R,R,,acetylcholine,dopamine,0.7311985525342212,,dopamine,acetylcholine,1,True,True
76444,KCab-c,KCab-c,cb_intrinsic,Kenyon_Cell,,KCab-c_R,"KCab-m,KCab-c,KCab-s",R,R,,acetylcholine,dopamine,0.7209853415333174,,dopamine,acetylcholine,1,True,True
76455,KCg-d,KCg-d,cb_intrinsic,Kenyon_Cell,,KCg-d_L,KCg-d,L,L,,acetylcholine,dopamine,0.7891836079369297,,dopamine,acetylcholine,1,True,True
76476,KCg-m,KCg-m,cb_intrinsic,Kenyon_Cell,,KCg-m_L,KCg-m,L,L,,acetylcholine,dopamine,0.7924679487179488,,dopamine,acetylcholine,1,True,True
76488,KCg-m,KCg-m,cb_intrinsic,Kenyon_Cell,,KCg-m_L,KCg-m,L,L,,acetylcholine,dopamine,0.7544017740595704,,dopamine,acetylcholine,1,True,True
76493,KCg-m,KCg-m,cb_intrinsic,Kenyon_Cell,,KCg-m_R,KCg-m,R,R,,acetylcholine,dopamine,0.7323966959788268,,dopamine,acetylcholine,1,True,True
76508,KCg-m,KCg-m,cb_intrinsic,Kenyon_Cell,,KCg-m_L,KCg-m,L,L,,acetylcholine,dopamine,0.7554144204851753,,dopamine,acetylcholine,1,True,True
76523,KCab-s,KCab-s,cb_intrinsic,Kenyon_Cell,,KCab-s_R,"KCab-m,KCab-c,KCab-s",R,R,,acetylcholine,dopamine,0.773276720256038,,dopamine,acetylcholine,1,True,True
76531,KCab-c,KCab-c,cb_intrinsic,Kenyon_Cell,,KCab-c_R,"KCab-m,KCab-c,KCab-s",R,R,,acetylcholine,dopamine,0.7251977597386768,,dopamine,acetylcholine,1,True,True
76564,KCg-m,KCg-m,cb_intrinsic,Kenyon_Cell,,KCg-m_L,KCg-m,L,L,,acetylcholine,dopamine,0.7129151926100629,,dopamine,acetylcholine,1,True,True
76566,KCab-m,KCab-m,cb_intrinsic,Kenyon_Cell,,KCab-m_L,"KCab-m,KCab-c,KCab-s",L,L,,acetylcholine,dopamine,0.7574280450333669,,dopamine,acetylcholine,1,True,True
76582,KCab-s,KCab-s,cb_intrinsic,Kenyon_Cell,,KCab-s_R,"KCab-m,KCab-c,KCab-s",R,R,,acetylcholine,dopamine,0.681055968152014,,dopamine,acetylcholine,1,True,True
76585,MBON25-like,MBON25-like,cb_intrinsic,MBON,,MBON25-like(y2)_R,,R,R,,glutamate,glutamate,0.816714848798167,,glutamate,glutamate,-1,True,True
76587,KCg-m,KCg-m,cb_intrinsic,Kenyon_Cell,,KCg-m_R,KCg-m,R,R,,acetylcholine,dopamine,0.7174849410930995,,dopamine,acetylcholine,1,True,True
76593,KCab-s,KCab-s,cb_intrinsic,Kenyon_Cell,,KCab-s_R,"KCab-m,KCab-c,KCab-s",R,R,,acetylcholine,dopamine,0.7569693842910236,,dopamine,acetylcholine,1,True,True
76594,KCab-m,KCab-m,cb_intrinsic,Kenyon_Cell,,KCab-m_L,"KCab-m,KCab-c,KCab-s",L,L,,acetylcholine,dopamine,0.7299030398322851,,dopamine,acetylcholine,1,True,True
76605,KCab-m,KCab-m,cb_intrinsic,Kenyon_Cell,,KCab-m_L,"KCab-m,KCab-c,KCab-s",L,L,,acetylcholine,dopamine,0.8014790434619355,,dopamine,acetylcholine,1,True,True
76608,KCab-m,KCab-m,cb_intrinsic,Kenyon_Cell,,KCab-m_L,"KCab-m,KCab-c,KCab-s",L,L,,acetylcholine,dopamine,0.7767826401322132,,dopamine,acetylcholine,1,True,True
76615,KCab-m,KCab-m,cb_intrinsic,Kenyon_Cell,,KCab-m_R,"KCab-m,KCab-c,KCab-s",R,R,,acetylcholine,dopamine,0.7064480527334301,,dopamine,acetylcholine,1,True,True
76648,KCab-s,KCab-s,cb_intrinsic,Kenyon_Cell,,KCab-s_R,"KCab-m,KCab-c,KCab-s",R,R,,acetylcholine,dopamine,0.746561733011198,,dopamine,acetylcholine,1,True,True
76660,KCab-s,KCab-s,cb_intrinsic,Kenyon_Cell,,KCab-s_R,"KCab-m,KCab-c,KCab-s",R,R,,acetylcholine,dopamine,0.6937343612632718,,dopamine,acetylcholine,1,True,True
76665,KCa'b'-m,KCa'b'-m,cb_intrinsic,Kenyon_Cell,,KCa'b'-m_L,KCa'b'-m,L,L,,acetylcholine,dopamine,0.7336372796527594,,dopamine,acetylcholine,1,True,True
76676,KCab-m,KCab-m,cb_intrinsic,Kenyon_Cell,,KCab-m_L,"KCab-m,KCab-c,KCab-s",L,L,,acetylcholine,dopamine,0.6457887400243116,,dopamine,acetylcholine,1,True,True
76688,KCab-p,KCab-p,cb_intrinsic,Kenyon_Cell,,KCab-p_L,KCab-p,L,L,,acetylcholine,dopamine,0.7341810049858246,,dopamine,acetylcholine,1,True,True
76702,KCab-p,KCab-p,cb_intrinsic,Kenyon_Cell,,KCab-p_R,KCab-p,R,R,,acetylcholine,dopamine,0.6423852939934996,,dopamine,acetylcholine,1,True,True
76727,KCab-m,KCab-m,cb_intrinsic,Kenyon_Cell,,KCab-m_L,"KCab-m,KCab-c,KCab-s",L,L,,acetylcholine,dopamine,0.6918117002819345,,dopamine,acetylcholine,1,True,True
76738,DL2d_vPN,DL2d_vPN,cb_intrinsic,ALPN,,DL2d_vPN_R,DL2d_vPN,R,R,,gaba,gaba,0.8881892878970278,gaba,gaba,gaba,-1,True,True
76750,KCab-s,KCab-s,cb_intrinsic,Kenyon_Cell,,KCab-s_R,"KCab-m,KCab-c,KCab-s",R,R,,acetylcholine,dopamine,0.7780512641931535,,dopamine,acetylcholine,1,True,True
76774,KCab-m,KCab-m,cb_intrinsic,Kenyon_Cell,,KCab-m_L,"KCab-m,KCab-c,KCab-s",L,L,,acetylcholine,dopamine,0.7394885978010045,,dopamine,acetylcholine,1,True,True
76807,KCab-c,KCab-c,cb_intrinsic,Kenyon_Cell,,KCab-c_R,"KCab-m,KCab-c,KCab-s",R,R,,acetylcholine,dopamine,0.6893843610192569,,dopamine,acetylcholine,1,True,True
76811,KCab-s,KCab-s,cb_intrinsic,Kenyon_Cell,,KCab-s_R,"KCab-m,KCab-c,KCab-s",R,R,,acetylcholine,dopamine,0.7553003043863893,,dopamine,acetylcholine,1,True,True
76837,KCg-m,KCg-m,cb_intrinsic,Kenyon_Cell,,KCg-m_R,KCg-m,R,R,,acetylcholine,dopamine,0.7407968952780274,,dopamine,acetylcholine,1,True,True
76850,KCa'b'-ap1,KCa'b'-ap1,cb_intrinsic,Kenyon_Cell,,KCa'b'-ap1_L,KCa'b'-ap1,L,L,,acetylcholine,dopamine,0.7043507078761085,,dopamine,acetylcholine,1,True,True
76862,KCab-s,KCab-s,cb_intrinsic,Kenyon_Cell,,KCab-s_R,"KCab-m,KCab-c,KCab-s",R,R,,acetylcholine,dopamine,0.6222754961774564,,dopamine,acetylcholine,1,True,True
76867,KCa'b'-ap2,KCa'b'-ap2,cb_intrinsic,Kenyon_Cell,,KCa'b'-ap2_R,KCa'b'-ap2,R,R,,acetylcholine,dopamine,0.7453929327252675,,dopamine,acetylcholine,1,True,True
76889,KCa'b'-ap1,KCa'b'-ap1,cb_intrinsic,Kenyon_Cell,,KCa'b'-ap1_L,KCa'b'-ap1,L,L,,acetylcholine,dopamine,0.6874658189773037,,dopamine,acetylcholine,1,True,True
76898,KCab-s,KCab-s,cb_intrinsic,Kenyon_Cell,,KCab-s_R,"KCab-m,KCab-c,KCab-s",R,R,,acetylcholine,dopamine,0.6962447412034676,,dopamine,acetylcholine,1,True,True
76933,KCa'b'-ap2,KCa'b'-ap2,cb_intrinsic,Kenyon_Cell,,KCa'b'-ap2_L,KCa'b'-ap2,L,L,,acetylcholine,dopamine,0.7423214092909007,,dopamine,acetylcholine,1,True,True
76949,KCg-m,KCg-m,cb_intrinsic,Kenyon_Cell,,KCg-m_L,KCg-m,L,L,,acetylcholine,dopamine,0.805086346228172,,dopamine,acetylcholine,1,True,True
76973,KCg-m,KCg-m,cb_intrinsic,Kenyon_Cell,,KCg-m_R,KCg-m,R,R,,acetylcholine,dopamine,0.7473098466981132,,dopamine,acetylcholine,1,True,True
76984,KCab-p,KCab-p,cb_intrinsic,Kenyon_Cell,,KCab-p_R,KCab-p,R,R,,acetylcholine,dopamine,0.6771546275743001,,dopamine,acetylcholine,1,True,True
77022,KCab-c,KCab-c,cb_intrinsic,Kenyon_Cell,,KCab-c_R,"KCab-m,KCab-c,KCab-s",R,R,,acetylcholine,dopamine,0.7339950209643606,,dopamine,acetylcholine,1,True,True
77054,KCg-m,KCg-m,cb_intrinsic,Kenyon_Cell,,KCg-m_R,KCg-m,R,R,,acetylcholine,dopamine,0.725078824331969,,dopamine,acetylcholine,1,True,True
77060,KCa'b'-ap2,KCa'b'-ap2,cb_intrinsic,Kenyon_Cell,,KCa'b'-ap2_R,KCa'b'-ap2,R,R,,acetylcholine,dopamine,0.7439296945193172,,dopamine,acetylcholine,1,True,True
77068,KCa'b'-m,KCa'b'-m,cb_intrinsic,Kenyon_Cell,,KCa'b'-m_L,KCa'b'-m,L,L,,acetylcholine,dopamine,0.704273927806771,,dopamine,acetylcholine,1,True,True
77076,KCab-s,KCab-s,cb_intrinsic,Kenyon_Cell,,KCab-s_L,"KCab-m,KCab-c,KCab-s",L,L,,acetylcholine,dopamine,0.7796257300089847,,dopamine,acetylcholine,1,True,True
77093,KCg-m,KCg-m,cb_intrinsic,Kenyon_Cell,,KCg-m_L,KCg-m,L,L,,acetylcholine,dopamine,0.8062327427519559,,dopamine,acetylcholine,1,True,True
77108,KCg-m,KCg-m,cb_intrinsic,Kenyon_Cell,,KCg-m_L,KCg-m,L,L,,acetylcholine,dopamine,0.7429889679348386,,dopamine,acetylcholine,1,True,True
77126,KCg-m,KCg-m,cb_intrinsic,Kenyon_Cell,,KCg-m_R,KCg-m,R,R,,acetylcholine,dopamine,0.7594551849883366,,dopamine,acetylcholine,1,True,True
77131,KCab-c,KCab-c,cb_intrinsic,Kenyon_Cell,,KCab-c_R,"KCab-m,KCab-c,KCab-s",R,R,,acetylcholine,dopamine,0.7250720649895178,,dopamine,acetylcholine,1,True,True
77132,KCg-m,KCg-m,cb_intrinsic,Kenyon_Cell,,KCg-m_R,KCg-m,R,R,,acetylcholine,dopamine,0.7201466947678308,,dopamine,acetylcholine,1,True,True
77158,KCg-m,KCg-m,cb_intrinsic,Kenyon_Cell,,KCg-m_R,KCg-m,R,R,,acetylcholine,dopamine,0.7806508365390487,,dopamine,acetylcholine,1,True,True
77164,KCab-c,KCab-c,cb_intrinsic,Kenyon_Cell,,KCab-c_R,"KCab-m,KCab-c,KCab-s",R,R,,acetylcholine,dopamine,0.678291201074678,,dopamine,acetylcholine,1,True,True
77199,KCa'b'-m,KCa'b'-m,cb_intrinsic,Kenyon_Cell,,KCa'b'-m_R,KCa'b'-m,R,R,,acetylcholine,dopamine,0.7238387241689128,,dopamine,acetylcholine,1,True,True
77219,KCab-s,KCab-s,cb_intrinsic,Kenyon_Cell,,KCab-s_R,"KCab-m,KCab-c,KCab-s",R,R,,acetylcholine,dopamine,0.7886576891864475,,dopamine,acetylcholine,1,True,True
77281,KCg-m,KCg-m,cb_intrinsic,Kenyon_Cell,,KCg-m_R,KCg-m,R,R,,acetylcholine,dopamine,0.7127467565609668,,dopamine,acetylcholine,1,True,True
77324,KCab-c,KCab-c,cb_intrinsic,Kenyon_Cell,,KCab-c_R,"KCab-m,KCab-c,KCab-s",R,R,,acetylcholine,dopamine,0.7497289091303404,,dopamine,acetylcholine,1,True,True
77367,KCg-m,KCg-m,cb_intrinsic,Kenyon_Cell,,KCg-m_L,KCg-m,L,L,,acetylcholine,dopamine,0.7903753512645524,,dopamine,acetylcholine,1,True,True
77380,M_lPNm11A,M_lPNm11A,cb_intrinsic,ALPN,BI,M_lPNm11A_L,M_lPNm11A,L,L,,acetylcholine,acetylcholine,0.8375991510072334,acetylcholine,acetylcholine,acetylcholine,1,True,True
77382,KCab-m,KCab-m,cb_intrinsic,Kenyon_Cell,,KCab-m_R,"KCab-m,KCab-c,KCab-s",R,R,,acetylcholine,dopamine,0.6757389937106918,,dopamine,acetylcholine,1,True,True
77390,KCab-s,KCab-s,cb_intrinsic,Kenyon_Cell,,KCab-s_R,"KCab-m,KCab-c,KCab-s",R,R,,acetylcholine,dopamine,0.8067100118986911,,dopamine,acetylcholine,1,True,True
77409,KCa'b'-ap1,KCa'b'-ap1,cb_intrinsic,Kenyon_Cell,,KCa'b'-ap1_L,KCa'b'-ap1,L,L,,acetylcholine,dopamine,0.6922169811320754,,dopamine,acetylcholine,1,True,True
77433,KCab-s,KCab-s,cb_intrinsic,Kenyon_Cell,,KCab-s_R,"KCab-m,KCab-c,KCab-s",R,R,,acetylcholine,dopamine,0.7633712450347566,,dopamine,acetylcholine,1,True,True
77438,M_vPNml80,M_vPNml80,cb_intrinsic,ALPN,,M_vPNml80_L,M_vPNml80,L,L,,gaba,gaba,0.791187078236287,gaba,gaba,gaba,-1,True,True
77442,KCg-m,KCg-m,cb_intrinsic,Kenyon_Cell,,KCg-m_R,KCg-m,R,R,,acetylcholine,dopamine,0.7705036806746712,,dopamine,acetylcholine,1,True,True
77449,KCg-m,KCg-m,cb_intrinsic,Kenyon_Cell,,KCg-m_R,KCg-m,R,R,,acetylcholine,dopamine,0.7399080937406408,,dopamine,acetylcholine,1,True,True
77451,KCg-m,KCg-m,cb_intrinsic,Kenyon_Cell,,KCg-m_R,KCg-m,R,R,,acetylcholine,dopamine,0.7609291775751557,,dopamine,acetylcholine,1,True,True
77454,KCg-m,KCg-m,cb_intrinsic,Kenyon_Cell,,KCg-m_L,KCg-m,L,L,,acetylcholine,dopamine,0.7655156992042099,,dopamine,acetylcholine,1,True,True
77479,KCg-m,KCg-m,cb_intrinsic,Kenyon_Cell,,KCg-m_R,KCg-m,R,R,,acetylcholine,dopamine,0.7626349119812901,,dopamine,acetylcholine,1,True,True
77505,KCab-m,KCab-m,cb_intrinsic,Kenyon_Cell,,KCab-m_L,"KCab-m,KCab-c,KCab-s",L,L,,acetylcholine,dopamine,0.6825422562893082,,dopamine,acetylcholine,1,True,True
77523,KCg-m,KCg-m,cb_intrinsic,Kenyon_Cell,,KCg-m_R,KCg-m,R,R,,acetylcholine,dopamine,0.7196662129603555,,dopamine,acetylcholine,1,True,True
77539,KCa'b'-ap2,KCa'b'-ap2,cb_intrinsic,Kenyon_Cell,,KCa'b'-ap2_L,KCa'b'-ap2,L,L,,acetylcholine,dopamine,0.7415894994638147,,dopamine,acetylcholine,1,True,True
77609,CB3447,CB3447,cb_intrinsic,ALPN,,CB3447_R,"M_vPNml61,M_vPNml62",R,R,,gaba,gaba,0.6820569132433082,gaba,gaba,gaba,-1,True,True
77628,KCg-m,KCg-m,cb_intrinsic,Kenyon_Cell,,KCg-m_L,KCg-m,L,L,,acetylcholine,dopamine,0.7581103649220055,,dopamine,acetylcholine,1,True,True
77631,KCg-m,KCg-m,cb_intrinsic,Kenyon_Cell,,KCg-m_L,KCg-m,L,L,,acetylcholine,dopamine,0.7038194444444444,,dopamine,acetylcholine,1,True,True
77637,KCg-m,KCg-m,cb_intrinsic,Kenyon_Cell,,KCg-m_R,KCg-m,R,R,,acetylcholine,dopamine,0.7973900726523531,,dopamine,acetylcholine,1,True,True
77679,KCa'b'-ap1,KCa'b'-ap1,cb_intrinsic,Kenyon_Cell,,KCa'b'-ap1_R,KCa'b'-ap1,R,R,,acetylcholine,dopamine,0.6793969613070824,,dopamine,acetylcholine,1,True,True
77710,DC4_vPN,DC4_vPN,cb_intrinsic,ALPN,,DC4_vPN_L,DC4_vPN,L,L,,gaba,gaba,0.8228121677739132,gaba,gaba,gaba,-1,True,True
77719,KCg-m,KCg-m,cb_intrinsic,Kenyon_Cell,,KCg-m_L,KCg-m,L,L,,acetylcholine,dopamine,0.6984701899627775,,dopamine,acetylcholine,1,True,True
77729,KCab-s,KCab-s,cb_intrinsic,Kenyon_Cell,,KCab-s_R,"KCab-m,KCab-c,KCab-s",R,R,,acetylcholine,dopamine,0.7887889061606632,,dopamine,acetylcholine,1,True,True
77735,KCab-c,KCab-c,cb_intrinsic,Kenyon_Cell,,KCab-c_R,"KCab-m,KCab-c,KCab-s",R,R,,acetylcholine,dopamine,0.7864072327044025,,dopamine,acetylcholine,1,True,True
77755,KCa'b'-ap1,KCa'b'-ap1,cb_intrinsic,Kenyon_Cell,,KCa'b'-ap1_R,KCa'b'-ap1,R,R,,acetylcholine,dopamine,0.7282239511013096,,dopamine,acetylcholine,1,True,True
77760,KCab-s,KCab-s,cb_intrinsic,Kenyon_Cell,,KCab-s_R,"KCab-m,KCab-c,KCab-s",R,R,,acetylcholine,dopamine,0.7800931860131256,,dopamine,acetylcholine,1,True,True
77790,KCab-c,KCab-c,cb_intrinsic,Kenyon_Cell,,KCab-c_R,"KCab-m,KCab-c,KCab-s",R,R,,acetylcholine,dopamine,0.7756238587948874,,dopamine,acetylcholine,1,True,True
77810,KCab-m,KCab-m,cb_intrinsic,Kenyon_Cell,,KCab-m_R,"KCab-m,KCab-c,KCab-s",R,R,,acetylcholine,dopamine,0.6472251339389704,,dopamine,acetylcholine,1,True,True
77858,KCa'b'-m,KCa'b'-m,cb_intrinsic,Kenyon_Cell,,KCa'b'-m_L,KCa'b'-m,L,L,,acetylcholine,dopamine,0.7165524137811873,,dopamine,acetylcholine,1,True,True
77914,KCab-s,KCab-s,cb_intrinsic,Kenyon_Cell,,KCab-s_L,"KCab-m,KCab-c,KCab-s",L,L,,acetylcholine,dopamine,0.6704640660147821,,dopamine,acetylcholine,1,True,True
77975,KCg-m,KCg-m,cb_intrinsic,Kenyon_Cell,,KCg-m_R,KCg-m,R,R,,acetylcholine,dopamine,0.6752479281315513,,dopamine,acetylcholine,1,True,True
78013,KCab-s,KCab-s,cb_intrinsic,Kenyon_Cell,,KCab-s_R,"KCab-m,KCab-c,KCab-s",R,R,,acetylcholine,dopamine,0.7955050569437362,,dopamine,acetylcholine,1,True,True
78060,KCab-s,KCab-s,cb_intrinsic,Kenyon_Cell,,KCab-s_R,"KCab-m,KCab-c,KCab-s",R,R,,acetylcholine,dopamine,0.7966147322279398,,dopamine,acetylcholine,1,True,True
78066,KCg-m,KCg-m,cb_intrinsic,Kenyon_Cell,,KCg-m_L,KCg-m,L,L,,acetylcholine,dopamine,0.7403542947982904,,dopamine,acetylcholine,1,True,True
78073,KCa'b'-ap1,KCa'b'-ap1,cb_intrinsic,Kenyon_Cell,,KCa'b'-ap1_L,KCa'b'-ap1,L,L,,acetylcholine,dopamine,0.6443727154222437,,dopamine,acetylcholine,1,True,True
78097,KCab-s,KCab-s,cb_intrinsic,Kenyon_Cell,,KCab-s_R,"KCab-m,KCab-c,KCab-s",R,R,,acetylcholine,dopamine,0.7646582645440252,,dopamine,acetylcholine,1,True,True
78118,KCab-c,KCab-c,cb_intrinsic,Kenyon_Cell,,KCab-c_L,"KCab-m,KCab-c,KCab-s",L,L,,acetylcholine,dopamine,0.7626378676470589,,dopamine,acetylcholine,1,True,True
78143,M_vPNml60,M_vPNml60,cb_intrinsic,ALPN,,M_vPNml60_R,M_vPNml60,R,R,,gaba,gaba,0.7838827267068174,gaba,gaba,gaba,-1,True,True
78147,KCa'b'-ap2,KCa'b'-ap2,cb_intrinsic,Kenyon_Cell,,KCa'b'-ap2_R,KCa'b'-ap2,R,R,,acetylcholine,dopamine,0.716103249475891,,dopamine,acetylcholine,1,True,True
78150,KCa'b'-m,KCa'b'-m,cb_intrinsic,Kenyon_Cell,,KCa'b'-m_L,KCa'b'-m,L,L,,acetylcholine,dopamine,0.6653082542826366,,dopamine,acetylcholine,1,True,True
78155,KCab-c,KCab-c,cb_intrinsic,Kenyon_Cell,,KCab-c_R,"KCab-m,KCab-c,KCab-s",R,R,,acetylcholine,dopamine,0.6898216391509434,,dopamine,acetylcholine,1,True,True
78189,KCa'b'-m,KCa'b'-m,cb_intrinsic,Kenyon_Cell,,KCa'b'-m_L,KCa'b'-m,L,L,,acetylcholine,dopamine,0.7037728026533997,,dopamine,acetylcholine,1,True,True
78194,KCa'b'-m,KCa'b'-m,cb_intrinsic,Kenyon_Cell,,KCa'b'-m_L,KCa'b'-m,L,L,,acetylcholine,dopamine,0.6854412071301991,,dopamine,acetylcholine,1,True,True
78203,KCab-s,KCab-s,cb_intrinsic,Kenyon_Cell,,KCab-s_R,"KCab-m,KCab-c,KCab-s",R,R,,acetylcholine,dopamine,0.7988353548966757,,dopamine,acetylcholine,1,True,True
78222,KCab-m,KCab-m,cb_intrinsic,Kenyon_Cell,,KCab-m_L,"KCab-m,KCab-c,KCab-s",L,L,,acetylcholine,dopamine,0.7039018385897259,,dopamine,acetylcholine,1,True,True
78234,KCab-s,KCab-s,cb_intrinsic,Kenyon_Cell,,KCab-s_R,"KCab-m,KCab-c,KCab-s",R,R,,acetylcholine,dopamine,0.7769799302968393,,dopamine,acetylcholine,1,True,True
78251,KCg-m,KCg-m,cb_intrinsic,Kenyon_Cell,,KCg-m_R,KCg-m,R,R,,acetylcholine,dopamine,0.7411290107664428,,dopamine,acetylcholine,1,True,True
78261,KCab-m,KCab-m,cb_intrinsic,Kenyon_Cell,,KCab-m_L,"KCab-m,KCab-c,KCab-s",L,L,,acetylcholine,dopamine,0.7390878288599522,,dopamine,acetylcholine,1,True,True
78356,KCab-s,KCab-s,cb_intrinsic,Kenyon_Cell,,KCab-s_R,"KCab-m,KCab-c,KCab-s",R,R,,acetylcholine,dopamine,0.812016791757879,,dopamine,acetylcholine,1,True,True
78359,KCa'b'-ap2,KCa'b'-ap2,cb_intrinsic,Kenyon_Cell,,KCa'b'-ap2_R,KCa'b'-ap2,R,R,,acetylcholine,dopamine,0.7500048890766293,,dopamine,acetylcholine,1,True,True
78361,KCg-m,KCg-m,cb_intrinsic,Kenyon_Cell,,KCg-m_R,KCg-m,R,R,,acetylcholine,dopamine,0.7377220821377851,,dopamine,acetylcholine,1,True,True
78363,KCab-m,KCab-m,cb_intrinsic,Kenyon_Cell,,KCab-m_L,"KCab-m,KCab-c,KCab-s",L,L,,acetylcholine,dopamine,0.7690198603862795,,dopamine,acetylcholine,1,True,True
78379,KCa'b'-ap2,KCa'b'-ap2,cb_intrinsic,Kenyon_Cell,,KCa'b'-ap2_R,KCa'b'-ap2,R,R,,acetylcholine,dopamine,0.744710302968824,,dopamine,acetylcholine,1,True,True
78458,KCg-m,KCg-m,cb_intrinsic,Kenyon_Cell,,KCg-m_R,KCg-m,R,R,,acetylcholine,dopamine,0.7680547236364846,,dopamine,acetylcholine,1,True,True
78460,M_vPNml87,M_vPNml87,cb_intrinsic,ALPN,,M_vPNml87_L,M_vPNml87,L,L,,gaba,gaba,0.7721802101053247,,gaba,gaba,-1,True,True
78476,KCab-c,KCab-c,cb_intrinsic,Kenyon_Cell,,KCab-c_L,"KCab-m,KCab-c,KCab-s",L,L,,acetylcholine,dopamine,0.7185372038587033,,dopamine,acetylcholine,1,True,True
78480,KCa'b'-ap2,KCa'b'-ap2,cb_intrinsic,Kenyon_Cell,,KCa'b'-ap2_R,KCa'b'-ap2,R,R,,acetylcholine,dopamine,0.7872868978067236,,dopamine,acetylcholine,1,True,True
78483,KCg-m,KCg-m,cb_intrinsic,Kenyon_Cell,,KCg-m_L,KCg-m,L,L,,acetylcholine,dopamine,0.7444219826295299,,dopamine,acetylcholine,1,True,True
78494,KCab-c,KCab-c,cb_intrinsic,Kenyon_Cell,,KCab-c_R,"KCab-m,KCab-c,KCab-s",R,R,,acetylcholine,dopamine,0.8019405340998428,,dopamine,acetylcholine,1,True,True
78512,KCa'b'-ap2,KCa'b'-ap2,cb_intrinsic,Kenyon_Cell,,KCa'b'-ap2_L,KCa'b'-ap2,L,L,,acetylcholine,dopamine,0.7184367317945279,,dopamine,acetylcholine,1,True,True
78514,KCg-m,KCg-m,cb_intrinsic,Kenyon_Cell,,KCg-m_L,KCg-m,L,L,,acetylcholine,dopamine,0.7885432081637687,,dopamine,acetylcholine,1,True,True
78531,KCab-m,KCab-m,cb_intrinsic,Kenyon_Cell,,KCab-m_R,"KCab-m,KCab-c,KCab-s",R,R,,acetylcholine,dopamine,0.7493173902752418,,dopamine,acetylcholine,1,True,True
78544,KCab-s,KCab-s,cb_intrinsic,Kenyon_Cell,,KCab-s_R,"KCab-m,KCab-c,KCab-s",R,R,,acetylcholine,dopamine,0.7625168463611859,,dopamine,acetylcholine,1,True,True
78589,KCab-s,KCab-s,cb_intrinsic,Kenyon_Cell,,KCab-s_R,"KCab-m,KCab-c,KCab-s",R,R,,acetylcholine,dopamine,0.7495168995150991,,dopamine,acetylcholine,1,True,True
78747,KCab-s,KCab-s,cb_intrinsic,Kenyon_Cell,,KCab-s_L,"KCab-m,KCab-c,KCab-s",L,L,,acetylcholine,dopamine,0.7961712102293748,,dopamine,acetylcholine,1,True,True
78768,KCg-d,KCg-d,cb_intrinsic,Kenyon_Cell,,KCg-d_R,KCg-d,R,R,,acetylcholine,dopamine,0.760482180293501,,dopamine,acetylcholine,1,True,True
78772,KCab-c,KCab-c,cb_intrinsic,Kenyon_Cell,,KCab-c_R,"KCab-m,KCab-c,KCab-s",R,R,,acetylcholine,dopamine,0.6893410666153253,,dopamine,acetylcholine,1,True,True
78803,KCab-s,KCab-s,cb_intrinsic,Kenyon_Cell,,KCab-s_R,"KCab-m,KCab-c,KCab-s",R,R,,acetylcholine,dopamine,0.7189894225271584,,dopamine,acetylcholine,1,True,True
78811,KCg-m,KCg-m,cb_intrinsic,Kenyon_Cell,,KCg-m_R,KCg-m,R,R,,acetylcholine,dopamine,0.7498955230056273,,dopamine,acetylcholine,1,True,True
78858,KCg-m,KCg-m,cb_intrinsic,Kenyon_Cell,,KCg-m_R,KCg-m,R,R,,acetylcholine,dopamine,0.7501006441223833,,dopamine,acetylcholine,1,True,True
78862,KCg-m,KCg-m,cb_intrinsic,Kenyon_Cell,,KCg-m_L,KCg-m,L,L,,acetylcholine,dopamine,0.7684807389937107,,dopamine,acetylcholine,1,True,True
78872,KCg-m,KCg-m,cb_intrinsic,Kenyon_Cell,,KCg-m_L,KCg-m,L,L,,acetylcholine,dopamine,0.7357672531021587,,dopamine,acetylcholine,1,True,True
78880,KCg-m,KCg-m,cb_intrinsic,Kenyon_Cell,,KCg-m_L,KCg-m,L,L,,acetylcholine,dopamine,0.7665923959419739,,dopamine,acetylcholine,1,True,True
78909,KCab-c,KCab-c,cb_intrinsic,Kenyon_Cell,,KCab-c_R,"KCab-m,KCab-c,KCab-s",R,R,,acetylcholine,dopamine,0.7162567385444744,,dopamine,acetylcholine,1,True,True
78920,KCg-m,KCg-m,cb_intrinsic,Kenyon_Cell,,KCg-m_R,KCg-m,R,R,,acetylcholine,dopamine,0.7584670929088796,,dopamine,acetylcholine,1,True,True
78924,KCab-s,KCab-s,cb_intrinsic,Kenyon_Cell,,KCab-s_R,"KCab-m,KCab-c,KCab-s",R,R,,acetylcholine,dopamine,0.8015765893763734,,dopamine,acetylcholine,1,True,True
78928,KCab-s,KCab-s,cb_intrinsic,Kenyon_Cell,,KCab-s_R,"KCab-m,KCab-c,KCab-s",R,R,,acetylcholine,dopamine,0.7800005615453728,,dopamine,acetylcholine,1,True,True
78946,KCab-s,KCab-s,cb_intrinsic,Kenyon_Cell,,KCab-s_R,"KCab-m,KCab-c,KCab-s",R,R,,acetylcholine,dopamine,0.7842610062893082,,dopamine,acetylcholine,1,True,True
78959,KCab-m,KCab-m,cb_intrinsic,Kenyon_Cell,,KCab-m_R,"KCab-m,KCab-c,KCab-s",R,R,,acetylcholine,dopamine,0.7234763402216232,,dopamine,acetylcholine,1,True,True
78984,KCab-s,KCab-s,cb_intrinsic,Kenyon_Cell,,KCab-s_R,"KCab-m,KCab-c,KCab-s",R,R,,acetylcholine,dopamine,0.7918620235659619,,dopamine,acetylcholine,1,True,True
78992,KCg-m,KCg-m,cb_intrinsic,Kenyon_Cell,,KCg-m_L,KCg-m,L,L,,acetylcholine,dopamine,0.7656932568082535,,dopamine,acetylcholine,1,True,True
78997,KCa'b'-m,KCa'b'-m,cb_intrinsic,Kenyon_Cell,,KCa'b'-m_R,KCa'b'-m,R,R,,acetylcholine,dopamine,0.7171492710946304,,dopamine,acetylcholine,1,True,True
79013,KCab-m,KCab-m,cb_intrinsic,Kenyon_Cell,,KCab-m_L,"KCab-m,KCab-c,KCab-s",L,L,,acetylcholine,dopamine,0.7007762713982256,,dopamine,acetylcholine,1,True,True
79038,KCab-c,KCab-c,cb_intrinsic,Kenyon_Cell,,KCab-c_R,"KCab-m,KCab-c,KCab-s",R,R,,acetylcholine,dopamine,0.7426624737945492,,dopamine,acetylcholine,1,True,True
79052,KCa'b'-ap1,KCa'b'-ap1,cb_intrinsic,Kenyon_Cell,,KCa'b'-ap1_L,KCa'b'-ap1,L,L,,acetylcholine,dopamine,0.6624233631962354,,dopamine,acetylcholine,1,True,True
79092,KCab-c,KCab-c,cb_intrinsic,Kenyon_Cell,,KCab-c_R,"KCab-m,KCab-c,KCab-s",R,R,,acetylcholine,dopamine,0.7284165550221428,,dopamine,acetylcholine,1,True,True
79184,KCab-p,KCab-p,cb_intrinsic,Kenyon_Cell,,KCab-p_R,KCab-p,R,R,,acetylcholine,dopamine,0.6700471698113207,,dopamine,acetylcholine,1,True,True
79199,KCa'b'-ap2,KCa'b'-ap2,cb_intrinsic,Kenyon_Cell,,KCa'b'-ap2_R,KCa'b'-ap2,R,R,,acetylcholine,dopamine,0.7711708709324584,,dopamine,acetylcholine,1,True,True
79203,KCab-c,KCab-c,cb_intrinsic,Kenyon_Cell,,KCab-c_R,"KCab-m,KCab-c,KCab-s",R,R,,acetylcholine,dopamine,0.7474461893042696,,dopamine,acetylcholine,1,True,True
79218,KCab-c,KCab-c,cb_intrinsic,Kenyon_Cell,,KCab-c_L,"KCab-m,KCab-c,KCab-s",L,L,,acetylcholine,dopamine,0.6751429738562091,,dopamine,acetylcholine,1,True,True
79224,KCa'b'-m,KCa'b'-m,cb_intrinsic,Kenyon_Cell,,KCa'b'-m_L,KCa'b'-m,L,L,,acetylcholine,dopamine,0.738180697322748,,dopamine,acetylcholine,1,True,True
79275,KCg-m,KCg-m,cb_intrinsic,Kenyon_Cell,,KCg-m_L,KCg-m,L,L,,acetylcholine,dopamine,0.7918912848158131,,dopamine,acetylcholine,1,True,True
79299,KCab-s,KCab-s,cb_intrinsic,Kenyon_Cell,,KCab-s_L,"KCab-m,KCab-c,KCab-s",L,L,,acetylcholine,dopamine,0.806020198355104,,dopamine,acetylcholine,1,True,True
79317,CB1296_a,CB1296_a,cb_intrinsic,ALPN,,CB1296_a_L,M_vPNml85,L,L,,gaba,gaba,0.8507396965871612,gaba,gaba,gaba,-1,True,True
79362,KCg-s3,KCg-s3,cb_intrinsic,Kenyon_Cell,,KCg-s3_R,KCg-m,R,R,,acetylcholine,unclear,0.48250677876535514,,dopamine,acetylcholine,1,True,True
79364,KCa'b'-ap1,KCa'b'-ap1,cb_intrinsic,Kenyon_Cell,,KCa'b'-ap1_R,KCa'b'-ap1,R,R,,acetylcholine,dopamine,0.6535783928351215,,dopamine,acetylcholine,1,True,True
79370,M_vPNml53,M_vPNml53,cb_intrinsic,ALPN,,M_vPNml53_L,M_vPNml53,L,L,,gaba,gaba,0.8047015249020303,gaba,gaba,gaba,-1,True,True
79372,KCg-m,KCg-m,cb_intrinsic,Kenyon_Cell,,KCg-m_R,KCg-m,R,R,,acetylcholine,dopamine,0.7825755082638584,,dopamine,acetylcholine,1,True,True
79419,KCg-d,KCg-d,cb_intrinsic,Kenyon_Cell,,KCg-d_L,KCg-d,L,L,,acetylcholine,dopamine,0.7456047201101412,,dopamine,acetylcholine,1,True,True
79444,KCg-m,KCg-m,cb_intrinsic,Kenyon_Cell,,KCg-m_R,KCg-m,R,R,,acetylcholine,dopamine,0.7193787445229366,,dopamine,acetylcholine,1,True,True
79476,KCa'b'-ap1,KCa'b'-ap1,cb_intrinsic,Kenyon_Cell,,KCa'b'-ap1_R,KCa'b'-ap1,R,R,,acetylcholine,dopamine,0.6858298553748948,,dopamine,acetylcholine,1,True,True
79504,KCab-c,KCab-c,cb_intrinsic,Kenyon_Cell,,KCab-c_R,"KCab-m,KCab-c,KCab-s",R,R,,acetylcholine,dopamine,0.6944255182855811,,dopamine,acetylcholine,1,True,True
79508,KCab-s,KCab-s,cb_intrinsic,Kenyon_Cell,,KCab-s_R,"KCab-m,KCab-c,KCab-s",R,R,,acetylcholine,dopamine,0.7783613343427285,,dopamine,acetylcholine,1,True,True
79522,KCab-p,KCab-p,cb_intrinsic,Kenyon_Cell,,KCab-p_R,KCab-p,R,R,,acetylcholine,dopamine,0.6432248055524543,,dopamine,acetylcholine,1,True,True
79536,KCab-s,KCab-s,cb_intrinsic,Kenyon_Cell,,KCab-s_R,"KCab-m,KCab-c,KCab-s",R,R,,acetylcholine,dopamine,0.7804210147219002,,dopamine,acetylcholine,1,True,True
79562,KCab-c,KCab-c,cb_intrinsic,Kenyon_Cell,,KCab-c_R,"KCab-m,KCab-c,KCab-s",R,R,,acetylcholine,dopamine,0.7239537269064465,,dopamine,acetylcholine,1,True,True
79590,KCab-c,KCab-c,cb_intrinsic,Kenyon_Cell,,KCab-c_R,"KCab-m,KCab-c,KCab-s",R,R,,acetylcholine,dopamine,0.761869999572156,,dopamine,acetylcholine,1,True,True
79622,KCg-m,KCg-m,cb_intrinsic,Kenyon_Cell,,KCg-m_L,KCg-m,L,L,,acetylcholine,dopamine,0.7390274309409298,,dopamine,acetylcholine,1,True,True
79645,M_vPNml87,M_vPNml87,cb_intrinsic,ALPN,,M_vPNml87_R,M_vPNml87,R,R,,gaba,gaba,0.6481705262907499,,gaba,gaba,-1,True,True
79653,KCg-m,KCg-m,cb_intrinsic,Kenyon_Cell,,KCg-m_R,KCg-m,R,R,,acetylcholine,dopamine,0.7097686226992095,,dopamine,acetylcholine,1,True,True
79656,KCa'b'-ap2,KCa'b'-ap2,cb_intrinsic,Kenyon_Cell,,KCa'b'-ap2_L,KCa'b'-ap2,L,L,,acetylcholine,dopamine,0.6983897474795361,,dopamine,acetylcholine,1,True,True
79684,KCa'b'-m,KCa'b'-m,cb_intrinsic,Kenyon_Cell,,KCa'b'-m_R,KCa'b'-m,R,R,,acetylcholine,dopamine,0.7158945947549543,,dopamine,acetylcholine,1,True,True
79690,KCg-m,KCg-m,cb_intrinsic,Kenyon_Cell,,KCg-m_L,KCg-m,L,L,,acetylcholine,dopamine,0.7743293454200484,,dopamine,acetylcholine,1,True,True
79735,KCab-c,KCab-c,cb_intrinsic,Kenyon_Cell,,KCab-c_R,"KCab-m,KCab-c,KCab-s",R,R,,acetylcholine,dopamine,0.8122021493872787,,dopamine,acetylcholine,1,True,True
79761,KCg-m,KCg-m,cb_intrinsic,Kenyon_Cell,,KCg-m_L,KCg-m,L,L,,acetylcholine,dopamine,0.7003365163368616,,dopamine,acetylcholine,1,True,True
79776,KCg-m,KCg-m,cb_intrinsic,Kenyon_Cell,,KCg-m_L,KCg-m,L,L,,acetylcholine,dopamine,0.7859816652208487,,dopamine,acetylcholine,1,True,True
79777,KCab-c,KCab-c,cb_intrinsic,Kenyon_Cell,,KCab-c_R,"KCab-m,KCab-c,KCab-s",R,R,,acetylcholine,dopamine,0.7222586186815746,,dopamine,acetylcholine,1,True,True
79783,KCg-m,KCg-m,cb_intrinsic,Kenyon_Cell,,KCg-m_L,KCg-m,L,L,,acetylcholine,dopamine,0.7635569336814915,,dopamine,acetylcholine,1,True,True
79793,KCa'b'-m,KCa'b'-m,cb_intrinsic,Kenyon_Cell,,KCa'b'-m_L,KCa'b'-m,L,L,,acetylcholine,dopamine,0.7234302537958198,,dopamine,acetylcholine,1,True,True
79795,KCab-m,KCab-m,cb_intrinsic,Kenyon_Cell,,KCab-m_L,"KCab-m,KCab-c,KCab-s",L,L,,acetylcholine,dopamine,0.7317839821950571,,dopamine,acetylcholine,1,True,True
79821,KCab-s,KCab-s,cb_intrinsic,Kenyon_Cell,,KCab-s_R,"KCab-m,KCab-c,KCab-s",R,R,,acetylcholine,dopamine,0.7092733602875113,,dopamine,acetylcholine,1,True,True
79831,KCab-c,KCab-c,cb_intrinsic,Kenyon_Cell,,KCab-c_L,"KCab-m,KCab-c,KCab-s",L,L,,acetylcholine,dopamine,0.7016102187092753,,dopamine,acetylcholine,1,True,True
79832,KCg-m,KCg-m,cb_intrinsic,Kenyon_Cell,,KCg-m_R,KCg-m,R,R,,acetylcholine,dopamine,0.7457848659705685,,dopamine,acetylcholine,1,True,True
79846,KCa'b'-m,KCa'b'-m,cb_intrinsic,Kenyon_Cell,,KCa'b'-m_R,KCa'b'-m,R,R,,acetylcholine,dopamine,0.6477328498200458,,dopamine,acetylcholine,1,True,True
79860,KCa'b'-m,KCa'b'-m,cb_intrinsic,Kenyon_Cell,,KCa'b'-m_R,KCa'b'-m,R,R,,acetylcholine,dopamine,0.7259191115940598,,dopamine,acetylcholine,1,True,True
79877,KCab-c,KCab-c,cb_intrinsic,Kenyon_Cell,,KCab-c_R,"KCab-m,KCab-c,KCab-s",R,R,,acetylcholine,dopamine,0.7196417875326231,,dopamine,acetylcholine,1,True,True
79893,KCa'b'-ap2,KCa'b'-ap2,cb_intrinsic,Kenyon_Cell,,KCa'b'-ap2_L,KCa'b'-ap2,L,L,,acetylcholine,dopamine,0.7222707754685056,,dopamine,acetylcholine,1,True,True
79899,KCa'b'-ap2,KCa'b'-ap2,cb_intrinsic,Kenyon_Cell,,KCa'b'-ap2_R,KCa'b'-ap2,R,R,,acetylcholine,dopamine,0.7166060815879061,,dopamine,acetylcholine,1,True,True
79911,KCab-m,KCab-m,cb_intrinsic,Kenyon_Cell,,KCab-m_L,"KCab-m,KCab-c,KCab-s",L,L,,acetylcholine,dopamine,0.7258042622505769,,dopamine,acetylcholine,1,True,True
79920,KCab-c,KCab-c,cb_intrinsic,Kenyon_Cell,,KCab-c_R,"KCab-m,KCab-c,KCab-s",R,R,,acetylcholine,dopamine,0.7010267933027368,,dopamine,acetylcholine,1,True,True
79931,KCg-m,KCg-m,cb_intrinsic,Kenyon_Cell,,KCg-m_R,KCg-m,R,R,,acetylcholine,dopamine,0.7704200194228635,,dopamine,acetylcholine,1,True,True
79945,KCab-c,KCab-c,cb_intrinsic,Kenyon_Cell,,KCab-c_R,"KCab-m,KCab-c,KCab-s",R,R,,acetylcholine,dopamine,0.6948787946318031,,dopamine,acetylcholine,1,True,True
79950,KCg-m,KCg-m,cb_intrinsic,Kenyon_Cell,,KCg-m_L,KCg-m,L,L,,acetylcholine,dopamine,0.7875151185292695,,dopamine,acetylcholine,1,True,True
79972,KCab-m,KCab-m,cb_intrinsic,Kenyon_Cell,,KCab-m_R,"KCab-m,KCab-c,KCab-s",R,R,,acetylcholine,dopamine,0.6459755118426335,,dopamine,acetylcholine,1,True,True
79973,CB1296_a,CB1296_a,cb_intrinsic,ALPN,,CB1296_a_R,M_vPNml85,R,R,,gaba,gaba,0.786772279544222,gaba,gaba,gaba,-1,True,True
80009,KCab-c,KCab-c,cb_intrinsic,Kenyon_Cell,,KCab-c_R,"KCab-m,KCab-c,KCab-s",R,R,,acetylcholine,dopamine,0.7407601064040188,,dopamine,acetylcholine,1,True,True
80013,KCab-s,KCab-s,cb_intrinsic,Kenyon_Cell,,KCab-s_R,"KCab-m,KCab-c,KCab-s",R,R,,acetylcholine,dopamine,0.7651503038055644,,dopamine,acetylcholine,1,True,True
80027,KCg-m,KCg-m,cb_intrinsic,Kenyon_Cell,,KCg-m_R,KCg-m,R,R,,acetylcholine,dopamine,0.7264317503464449,,dopamine,acetylcholine,1,True,True
80076,KCab-m,KCab-m,cb_intrinsic,Kenyon_Cell,,KCab-m_L,"KCab-m,KCab-c,KCab-s",L,L,,acetylcholine,dopamine,0.776805593811688,,dopamine,acetylcholine,1,True,True
80079,KCg-m,KCg-m,cb_intrinsic,Kenyon_Cell,,KCg-m_R,KCg-m,R,R,,acetylcholine,dopamine,0.7896414410719169,,dopamine,acetylcholine,1,True,True
80082,KCab-s,KCab-s,cb_intrinsic,Kenyon_Cell,,KCab-s_R,"KCab-m,KCab-c,KCab-s",R,R,,acetylcholine,dopamine,0.7151234655603547,,dopamine,acetylcholine,1,True,True
80083,KCg-m,KCg-m,cb_intrinsic,Kenyon_Cell,,KCg-m_R,KCg-m,R,R,,acetylcholine,dopamine,0.7553660832505793,,dopamine,acetylcholine,1,True,True
80094,KCg-m,KCg-m,cb_intrinsic,Kenyon_Cell,,KCg-m_L,KCg-m,L,L,,acetylcholine,dopamine,0.7473703208151912,,dopamine,acetylcholine,1,True,True
80123,KCg-m,KCg-m,cb_intrinsic,Kenyon_Cell,,KCg-m_R,KCg-m,R,R,,acetylcholine,dopamine,0.7459236308888098,,dopamine,acetylcholine,1,True,True
80128,KCg-s4,KCg-s4,cb_intrinsic,Kenyon_Cell,,KCg-s4_R,KCg-m,R,R,,acetylcholine,dopamine,0.7069734522121641,,dopamine,acetylcholine,1,True,True
80131,KCab-s,KCab-s,cb_intrinsic,Kenyon_Cell,,KCab-s_R,"KCab-m,KCab-c,KCab-s",R,R,,acetylcholine,dopamine,0.717604990870359,,dopamine,acetylcholine,1,True,True
80143,KCg-m,KCg-m,cb_intrinsic,Kenyon_Cell,,KCg-m_L,KCg-m,L,L,,acetylcholine,dopamine,0.7828660027952481,,dopamine,acetylcholine,1,True,True
80155,KCab-s,KCab-s,cb_intrinsic,Kenyon_Cell,,KCab-s_R,"KCab-m,KCab-c,KCab-s",R,R,,acetylcholine,dopamine,0.7260650058962265,,dopamine,acetylcholine,1,True,True
80168,KCab-c,KCab-c,cb_intrinsic,Kenyon_Cell,,KCab-c_R,"KCab-m,KCab-c,KCab-s",R,R,,acetylcholine,dopamine,0.6838081144407449,,dopamine,acetylcholine,1,True,True
80172,KCab-s,KCab-s,cb_intrinsic,Kenyon_Cell,,KCab-s_R,"KCab-m,KCab-c,KCab-s",R,R,,acetylcholine,dopamine,0.7210467565715207,,dopamine,acetylcholine,1,True,True
80201,KCab-s,KCab-s,cb_intrinsic,Kenyon_Cell,,KCab-s_R,"KCab-m,KCab-c,KCab-s",R,R,,acetylcholine,dopamine,0.7680284141958671,,dopamine,acetylcholine,1,True,True
80274,KCa'b'-m,KCa'b'-m,cb_intrinsic,Kenyon_Cell,,KCa'b'-m_L,KCa'b'-m,L,L,,acetylcholine,dopamine,0.6987332940251573,,dopamine,acetylcholine,1,True,True
80309,KCab-m,KCab-m,cb_intrinsic,Kenyon_Cell,,KCab-m_L,"KCab-m,KCab-c,KCab-s",L,L,,acetylcholine,dopamine,0.7543576993951048,,dopamine,acetylcholine,1,True,True
80325,KCg-m,KCg-m,cb_intrinsic,Kenyon_Cell,,KCg-m_L,KCg-m,L,L,,acetylcholine,dopamine,0.7851973409584238,,dopamine,acetylcholine,1,True,True
80348,KCab-m,KCab-m,cb_intrinsic,Kenyon_Cell,,KCab-m_L,"KCab-m,KCab-c,KCab-s",L,L,,acetylcholine,dopamine,0.7097619822164389,,dopamine,acetylcholine,1,True,True
80380,KCg-m,KCg-m,cb_intrinsic,Kenyon_Cell,,KCg-m_L,KCg-m,L,L,,acetylcholine,dopamine,0.7516168268660259,,dopamine,acetylcholine,1,True,True
80382,KCab-c,KCab-c,cb_intrinsic,Kenyon_Cell,,KCab-c_R,"KCab-m,KCab-c,KCab-s",R,R,,acetylcholine,dopamine,0.6933329915231063,,dopamine,acetylcholine,1,True,True
80395,KCab-c,KCab-c,cb_intrinsic,Kenyon_Cell,,KCab-c_L,"KCab-m,KCab-c,KCab-s",L,L,,acetylcholine,dopamine,0.7367459693521013,,dopamine,acetylcholine,1,True,True
80397,KCg-m,KCg-m,cb_intrinsic,Kenyon_Cell,,KCg-m_R,KCg-m,R,R,,acetylcholine,dopamine,0.758191779732881,,dopamine,acetylcholine,1,True,True
80409,KCab-m,KCab-m,cb_intrinsic,Kenyon_Cell,,KCab-m_L,"KCab-m,KCab-c,KCab-s",L,L,,acetylcholine,dopamine,0.8218391278532788,,dopamine,acetylcholine,1,True,True
80532,KCg-m,KCg-m,cb_intrinsic,Kenyon_Cell,,KCg-m_L,KCg-m,L,L,,acetylcholine,dopamine,0.7135478085691824,,dopamine,acetylcholine,1,True,True
80539,KCab-s,KCab-s,cb_intrinsic,Kenyon_Cell,,KCab-s_R,"KCab-m,KCab-c,KCab-s",R,R,,acetylcholine,dopamine,0.7540807216714636,,dopamine,acetylcholine,1,True,True
80543,KCab-p,KCab-p,cb_intrinsic,Kenyon_Cell,,KCab-p_R,KCab-p,R,R,,acetylcholine,dopamine,0.6731659928122192,,dopamine,acetylcholine,1,True,True
80562,KCab-s,KCab-s,cb_intrinsic,Kenyon_Cell,,KCab-s_R,"KCab-m,KCab-c,KCab-s",R,R,,acetylcholine,dopamine,0.7715997108606644,,dopamine,acetylcholine,1,True,True
80566,KCa'b'-ap2,KCa'b'-ap2,cb_intrinsic,Kenyon_Cell,,KCa'b'-ap2_L,KCa'b'-ap2,L,L,,acetylcholine,dopamine,0.6908176100628931,,dopamine,acetylcholine,1,True,True
80611,KCa'b'-ap1,KCa'b'-ap1,cb_intrinsic,Kenyon_Cell,,KCa'b'-ap1_L,KCa'b'-ap1,L,L,,acetylcholine,dopamine,0.6015158012370705,,dopamine,acetylcholine,1,True,True
80612,KCab-p,KCab-p,cb_intrinsic,Kenyon_Cell,,KCab-p_L,KCab-p,L,L,,acetylcholine,dopamine,0.7436012872943583,,dopamine,acetylcholine,1,True,True
80614,KCg-m,KCg-m,cb_intrinsic,Kenyon_Cell,,KCg-m_R,KCg-m,R,R,,acetylcholine,dopamine,0.7235634648370497,,dopamine,acetylcholine,1,True,True
80637,KCa'b'-ap2,KCa'b'-ap2,cb_intrinsic,Kenyon_Cell,,KCa'b'-ap2_R,KCa'b'-ap2,R,R,,acetylcholine,dopamine,0.7120984044865664,,dopamine,acetylcholine,1,True,True
80663,KCg-m,KCg-m,cb_intrinsic,Kenyon_Cell,,KCg-m_L,KCg-m,L,L,,acetylcholine,dopamine,0.7673072347732539,,dopamine,acetylcholine,1,True,True
80704,KCg-m,KCg-m,cb_intrinsic,Kenyon_Cell,,KCg-m_L,KCg-m,L,L,,acetylcholine,dopamine,0.8080496229326811,,dopamine,acetylcholine,1,True,True
80708,KCg-m,KCg-m,cb_intrinsic,Kenyon_Cell,,KCg-m_L,KCg-m,L,L,,acetylcholine,dopamine,0.706935463924811,,dopamine,acetylcholine,1,True,True
80733,KCab-c,KCab-c,cb_intrinsic,Kenyon_Cell,,KCab-c_R,"KCab-m,KCab-c,KCab-s",R,R,,acetylcholine,dopamine,0.7440752163629522,,dopamine,acetylcholine,1,True,True
80735,KCa'b'-m,KCa'b'-m,cb_intrinsic,Kenyon_Cell,,KCa'b'-m_L,KCa'b'-m,L,L,,acetylcholine,dopamine,0.7210172730281965,,dopamine,acetylcholine,1,True,True
80744,PAM01,PAM01,cb_intrinsic,DAN,,PAM01(y5)_L,PAM01,L,L,,dopamine,dopamine,0.9099072188513008,dopamine,dopamine,dopamine,0,True,True
80747,KCab-s,KCab-s,cb_intrinsic,Kenyon_Cell,,KCab-s_L,"KCab-m,KCab-c,KCab-s",L,L,,acetylcholine,dopamine,0.7761640292148508,,dopamine,acetylcholine,1,True,True
80779,KCg-m,KCg-m,cb_intrinsic,Kenyon_Cell,,KCg-m_L,KCg-m,L,L,,acetylcholine,dopamine,0.7367712868892115,,dopamine,acetylcholine,1,True,True
80814,KCab-m,KCab-m,cb_intrinsic,Kenyon_Cell,,KCab-m_L,"KCab-m,KCab-c,KCab-s",L,L,,acetylcholine,dopamine,0.7279655835080363,,dopamine,acetylcholine,1,True,True
80832,KCa'b'-ap1,KCa'b'-ap1,cb_intrinsic,Kenyon_Cell,,KCa'b'-ap1_R,KCa'b'-ap1,R,R,,acetylcholine,dopamine,0.6658544218903693,,dopamine,acetylcholine,1,True,True
80905,KCg-d,KCg-d,cb_intrinsic,Kenyon_Cell,,KCg-d_L,KCg-d,L,L,,acetylcholine,dopamine,0.7788255068994648,,dopamine,acetylcholine,1,True,True
80918,KCab-c,KCab-c,cb_intrinsic,Kenyon_Cell,,KCab-c_L,"KCab-m,KCab-c,KCab-s",L,L,,acetylcholine,dopamine,0.754120421753607,,dopamine,acetylcholine,1,True,True
80924,KCg-d,KCg-d,cb_intrinsic,Kenyon_Cell,,KCg-d_L,KCg-d,L,L,,acetylcholine,dopamine,0.7224086032354623,,dopamine,acetylcholine,1,True,True
80954,CB2589,CB2589,cb_intrinsic,ALPN,,CB2589_L,"M_vPNml78,M_vPNml89",L,L,,gaba,gaba,0.8702288735064287,gaba,gaba,gaba,-1,True,True
80970,KCg-m,KCg-m,cb_intrinsic,Kenyon_Cell,,KCg-m_L,KCg-m,L,L,,acetylcholine,dopamine,0.7329130891809766,,dopamine,acetylcholine,1,True,True
80978,KCab-m,KCab-m,cb_intrinsic,Kenyon_Cell,,KCab-m_R,"KCab-m,KCab-c,KCab-s",R,R,,acetylcholine,dopamine,0.6418518915570802,,dopamine,acetylcholine,1,True,True
81000,KCg-m,KCg-m,cb_intrinsic,Kenyon_Cell,,KCg-m_R,KCg-m,R,R,,acetylcholine,dopamine,0.7762984728447827,,dopamine,acetylcholine,1,True,True
81001,KCg-m,KCg-m,cb_intrinsic,Kenyon_Cell,,KCg-m_L,KCg-m,L,L,,acetylcholine,dopamine,0.7942798150402379,,dopamine,acetylcholine,1,True,True
81004,KCg-m,KCg-m,cb_intrinsic,Kenyon_Cell,,KCg-m_R,KCg-m,R,R,,acetylcholine,dopamine,0.7481427879423163,,dopamine,acetylcholine,1,True,True
81005,KCg-m,KCg-m,cb_intrinsic,Kenyon_Cell,,KCg-m_R,KCg-m,R,R,,acetylcholine,dopamine,0.7336143781342643,,dopamine,acetylcholine,1,True,True
81049,KCab-p,KCab-p,cb_intrinsic,Kenyon_Cell,,KCab-p_R,KCab-p,R,R,,acetylcholine,dopamine,0.6964303262578616,,dopamine,acetylcholine,1,True,True
81053,KCab-m,KCab-m,cb_intrinsic,Kenyon_Cell,,KCab-m_R,"KCab-m,KCab-c,KCab-s",R,R,,acetylcholine,dopamine,0.7146186843104977,,dopamine,acetylcholine,1,True,True
81056,KCg-d,KCg-d,cb_intrinsic,Kenyon_Cell,,KCg-d_R,KCg-d,R,R,,acetylcholine,dopamine,0.7762051003935021,,dopamine,acetylcholine,1,True,True
81093,KCg-m,KCg-m,cb_intrinsic,Kenyon_Cell,,KCg-m_L,KCg-m,L,L,,acetylcholine,dopamine,0.7179364398704021,,dopamine,acetylcholine,1,True,True
81095,KCa'b'-ap2,KCa'b'-ap2,cb_intrinsic,Kenyon_Cell,,KCa'b'-ap2_R,KCa'b'-ap2,R,R,,acetylcholine,dopamine,0.7019582618639222,,dopamine,acetylcholine,1,True,True
81129,KCa'b'-m,KCa'b'-m,cb_intrinsic,Kenyon_Cell,,KCa'b'-m_L,KCa'b'-m,L,L,,acetylcholine,dopamine,0.6833316517001311,,dopamine,acetylcholine,1,True,True
81141,KCab-s,KCab-s,cb_intrinsic,Kenyon_Cell,,KCab-s_R,"KCab-m,KCab-c,KCab-s",R,R,,acetylcholine,dopamine,0.7860238122300522,,dopamine,acetylcholine,1,True,True
81143,KCg-m,KCg-m,cb_intrinsic,Kenyon_Cell,,KCg-m_L,KCg-m,L,L,,acetylcholine,dopamine,0.7583221024258759,,dopamine,acetylcholine,1,True,True
81159,PEG,PEG,cb_intrinsic,CX,,PEG(PB07)_L5,PEG,L,L,,acetylcholine,acetylcholine,0.7228929438082387,acetylcholine,acetylcholine,acetylcholine,1,True,True
81177,KCg-d,KCg-d,cb_intrinsic,Kenyon_Cell,,KCg-d_R,KCg-d,R,R,,acetylcholine,dopamine,0.7232865501598102,,dopamine,acetylcholine,1,True,True
81187,KCa'b'-m,KCa'b'-m,cb_intrinsic,Kenyon_Cell,,KCa'b'-m_R,KCa'b'-m,R,R,,acetylcholine,dopamine,0.6598798990868067,,dopamine,acetylcholine,1,True,True
81197,KCab-m,KCab-m,cb_intrinsic,Kenyon_Cell,,KCab-m_R,"KCab-m,KCab-c,KCab-s",R,R,,acetylcholine,dopamine,0.7513599040721681,,dopamine,acetylcholine,1,True,True
81202,KCab-s,KCab-s,cb_intrinsic,Kenyon_Cell,,KCab-s_R,"KCab-m,KCab-c,KCab-s",R,R,,acetylcholine,dopamine,0.7526402449751506,,dopamine,acetylcholine,1,True,True
81203,KCab-p,KCab-p,cb_intrinsic,Kenyon_Cell,,KCab-p_R,KCab-p,R,R,,acetylcholine,dopamine,0.7056626896041436,,dopamine,acetylcholine,1,True,True
81207,KCab-s,KCab-s,cb_intrinsic,Kenyon_Cell,,KCab-s_R,"KCab-m,KCab-c,KCab-s",R,R,,acetylcholine,dopamine,0.759343146822815,,dopamine,acetylcholine,1,True,True
81233,KCg-m,KCg-m,cb_intrinsic,Kenyon_Cell,,KCg-m_R,KCg-m,R,R,,acetylcholine,dopamine,0.7197148370497427,,dopamine,acetylcholine,1,True,True
81239,KCa'b'-m,KCa'b'-m,cb_intrinsic,Kenyon_Cell,,KCa'b'-m_R,KCa'b'-m,R,R,,acetylcholine,dopamine,0.7301808610445117,,dopamine,acetylcholine,1,True,True
81251,KCg-m,KCg-m,cb_intrinsic,Kenyon_Cell,,KCg-m_L,KCg-m,L,L,,acetylcholine,dopamine,0.7458857442348008,,dopamine,acetylcholine,1,True,True
81273,KCa'b'-ap2,KCa'b'-ap2,cb_intrinsic,Kenyon_Cell,,KCa'b'-ap2_R,KCa'b'-ap2,R,R,,acetylcholine,dopamine,0.6925303234501348,,dopamine,acetylcholine,1,True,True
81278,KCab-c,KCab-c,cb_intrinsic,Kenyon_Cell,,KCab-c_L,"KCab-m,KCab-c,KCab-s",L,L,,acetylcholine,dopamine,0.6982388648314259,,dopamine,acetylcholine,1,True,True
81338,KCg-m,KCg-m,cb_intrinsic,Kenyon_Cell,,KCg-m_L,KCg-m,L,L,,acetylcholine,dopamine,0.7937720040333608,,dopamine,acetylcholine,1,True,True
81348,KCa'b'-m,KCa'b'-m,cb_intrinsic,Kenyon_Cell,,KCa'b'-m_R,KCa'b'-m,R,R,,acetylcholine,dopamine,0.6917462535911173,,dopamine,acetylcholine,1,True,True
81349,KCg-m,KCg-m,cb_intrinsic,Kenyon_Cell,,KCg-m_L,KCg-m,L,L,,acetylcholine,dopamine,0.7367352559032877,,dopamine,acetylcholine,1,True,True
81369,KCg-m,KCg-m,cb_intrinsic,Kenyon_Cell,,KCg-m_L,KCg-m,L,L,,acetylcholine,dopamine,0.7579406675318625,,dopamine,acetylcholine,1,True,True
81374,KCg-m,KCg-m,cb_intrinsic,Kenyon_Cell,,KCg-m_L,KCg-m,L,L,,acetylcholine,dopamine,0.6789164175851548,,dopamine,acetylcholine,1,True,True
81377,KCab-m,KCab-m,cb_intrinsic,Kenyon_Cell,,KCab-m_R,"KCab-m,KCab-c,KCab-s",R,R,,acetylcholine,dopamine,0.7276502781809385,,dopamine,acetylcholine,1,True,True
81385,KCg-m,KCg-m,cb_intrinsic,Kenyon_Cell,,KCg-m_L,KCg-m,L,L,,acetylcholine,dopamine,0.7587076155318566,,dopamine,acetylcholine,1,True,True
81427,KCg-m,KCg-m,cb_intrinsic,Kenyon_Cell,,KCg-m_R,KCg-m,R,R,,acetylcholine,dopamine,0.7325612902240948,,dopamine,acetylcholine,1,True,True
81453,KCab-c,KCab-c,cb_intrinsic,Kenyon_Cell,,KCab-c_R,"KCab-m,KCab-c,KCab-s",R,R,,acetylcholine,dopamine,0.6785698687231706,,dopamine,acetylcholine,1,True,True
81492,KCa'b'-ap2,KCa'b'-ap2,cb_intrinsic,Kenyon_Cell,,KCa'b'-ap2_L,KCa'b'-ap2,L,L,,acetylcholine,dopamine,0.7705087430912902,,dopamine,acetylcholine,1,True,True
81502,KCg-m,KCg-m,cb_intrinsic,Kenyon_Cell,,KCg-m_L,KCg-m,L,L,,acetylcholine,dopamine,0.7002292644382722,,dopamine,acetylcholine,1,True,True
81506,KCg-m,KCg-m,cb_intrinsic,Kenyon_Cell,,KCg-m_R,KCg-m,R,R,,acetylcholine,dopamine,0.7906664919636618,,dopamine,acetylcholine,1,True,True
81563,KCg-m,KCg-m,cb_intrinsic,Kenyon_Cell,,KCg-m_R,KCg-m,R,R,,acetylcholine,dopamine,0.702534873407515,,dopamine,acetylcholine,1,True,True
81577,KCg-d,KCg-d,cb_intrinsic,Kenyon_Cell,,KCg-d_L,KCg-d,L,L,,acetylcholine,dopamine,0.797502865817765,,dopamine,acetylcholine,1,True,True
81589,KCab-m,KCab-m,cb_intrinsic,Kenyon_Cell,,KCab-m_L,"KCab-m,KCab-c,KCab-s",L,L,,acetylcholine,dopamine,0.690985324947589,,dopamine,acetylcholine,1,True,True
81601,KCg-m,KCg-m,cb_intrinsic,Kenyon_Cell,,KCg-m_R,KCg-m,R,R,,acetylcholine,dopamine,0.710599272902732,,dopamine,acetylcholine,1,True,True
81606,KCg-m,KCg-m,cb_intrinsic,Kenyon_Cell,,KCg-m_R,KCg-m,R,R,,acetylcholine,dopamine,0.7354451107739957,,dopamine,acetylcholine,1,True,True
81628,KCg-m,KCg-m,cb_intrinsic,Kenyon_Cell,,KCg-m_R,KCg-m,R,R,,acetylcholine,dopamine,0.6843074329609812,,dopamine,acetylcholine,1,True,True
81630,KCg-m,KCg-m,cb_intrinsic,Kenyon_Cell,,KCg-m_L,KCg-m,L,L,,acetylcholine,dopamine,0.7882320055904961,,dopamine,acetylcholine,1,True,True
81631,KCab-p,KCab-p,cb_intrinsic,Kenyon_Cell,,KCab-p_L,KCab-p,L,L,,acetylcholine,dopamine,0.7007771207960551,,dopamine,acetylcholine,1,True,True
81645,KCab-c,KCab-c,cb_intrinsic,Kenyon_Cell,,KCab-c_L,"KCab-m,KCab-c,KCab-s",L,L,,acetylcholine,dopamine,0.6600368721764549,,dopamine,acetylcholine,1,True,True
81651,KCg-m,KCg-m,cb_intrinsic,Kenyon_Cell,,KCg-m_R,KCg-m,R,R,,acetylcholine,dopamine,0.7486364339948512,,dopamine,acetylcholine,1,True,True
81656,KCg-d,KCg-d,cb_intrinsic,Kenyon_Cell,,KCg-d_R,KCg-d,R,R,,acetylcholine,dopamine,0.7781416632485644,,dopamine,acetylcholine,1,True,True
81657,KCab-m,KCab-m,cb_intrinsic,Kenyon_Cell,,KCab-m_R,"KCab-m,KCab-c,KCab-s",R,R,,acetylcholine,dopamine,0.7496401567702553,,dopamine,acetylcholine,1,True,True
81671,KCg-m,KCg-m,cb_intrinsic,Kenyon_Cell,,KCg-m_L,KCg-m,L,L,,acetylcholine,dopamine,0.7585687771510082,,dopamine,acetylcholine,1,True,True
81700,KCab-m,KCab-m,cb_intrinsic,Kenyon_Cell,,KCab-m_R,"KCab-m,KCab-c,KCab-s",R,R,,acetylcholine,dopamine,0.7087300547402748,,dopamine,acetylcholine,1,True,True
81740,KCg-m,KCg-m,cb_intrinsic,Kenyon_Cell,,KCg-m_L,KCg-m,L,L,,acetylcholine,dopamine,0.7845423253442122,,dopamine,acetylcholine,1,True,True
81781,KCg-d,KCg-d,cb_intrinsic,Kenyon_Cell,,KCg-d_L,KCg-d,L,L,,acetylcholine,dopamine,0.7873971296668004,,dopamine,acetylcholine,1,True,True
81783,M_vPNml53,M_vPNml53,cb_intrinsic,ALPN,,M_vPNml53_L,M_vPNml53,L,L,,gaba,gaba,0.8060442273861693,gaba,gaba,gaba,-1,True,True
81820,KCg-m,KCg-m,cb_intrinsic,Kenyon_Cell,,KCg-m_R,KCg-m,R,R,,acetylcholine,dopamine,0.7527162391350435,,dopamine,acetylcholine,1,True,True
81851,KCab-s,KCab-s,cb_intrinsic,Kenyon_Cell,,KCab-s_R,"KCab-m,KCab-c,KCab-s",R,R,,acetylcholine,dopamine,0.7059180642907058,,dopamine,acetylcholine,1,True,True
81885,KCab-p,KCab-p,cb_intrinsic,Kenyon_Cell,,KCab-p_R,KCab-p,R,R,,acetylcholine,dopamine,0.651381763904588,,dopamine,acetylcholine,1,True,True
81925,KCab-s,KCab-s,cb_intrinsic,Kenyon_Cell,,KCab-s_L,"KCab-m,KCab-c,KCab-s",L,L,,acetylcholine,dopamine,0.7976911906009784,,dopamine,acetylcholine,1,True,True
81934,KCab-c,KCab-c,cb_intrinsic,Kenyon_Cell,,KCab-c_R,"KCab-m,KCab-c,KCab-s",R,R,,acetylcholine,dopamine,0.7390956755095285,,dopamine,acetylcholine,1,True,True
81956,KCa'b'-m,KCa'b'-m,cb_intrinsic,Kenyon_Cell,,KCa'b'-m_L,KCa'b'-m,L,L,,acetylcholine,dopamine,0.6973343571741991,,dopamine,acetylcholine,1,True,True
81967,KCg-m,KCg-m,cb_intrinsic,Kenyon_Cell,,KCg-m_R,KCg-m,R,R,,acetylcholine,dopamine,0.7022143605870022,,dopamine,acetylcholine,1,True,True
81968,KCab-c,KCab-c,cb_intrinsic,Kenyon_Cell,,KCab-c_L,"KCab-m,KCab-c,KCab-s",L,L,,acetylcholine,dopamine,0.6867361389892502,,dopamine,acetylcholine,1,True,True
81976,KCa'b'-ap2,KCa'b'-ap2,cb_intrinsic,Kenyon_Cell,,KCa'b'-ap2_L,KCa'b'-ap2,L,L,,acetylcholine,dopamine,0.7661803422553752,,dopamine,acetylcholine,1,True,True
81979,KCa'b'-ap2,KCa'b'-ap2,cb_intrinsic,Kenyon_Cell,,KCa'b'-ap2_R,KCa'b'-ap2,R,R,,acetylcholine,dopamine,0.7071271118510297,,dopamine,acetylcholine,1,True,True
82025,KCa'b'-m,KCa'b'-m,cb_intrinsic,Kenyon_Cell,,KCa'b'-m_R,KCa'b'-m,R,R,,acetylcholine,dopamine,0.6438637868255545,,dopamine,acetylcholine,1,True,True
82028,KCa'b'-ap2,KCa'b'-ap2,cb_intrinsic,Kenyon_Cell,,KCa'b'-ap2_L,KCa'b'-ap2,L,L,,acetylcholine,dopamine,0.7361753526286866,,dopamine,acetylcholine,1,True,True
82062,KCab-m,KCab-m,cb_intrinsic,Kenyon_Cell,,KCab-m_R,"KCab-m,KCab-c,KCab-s",R,R,,acetylcholine,dopamine,0.688526888011311,,dopamine,acetylcholine,1,True,True
82068,KCab-s,KCab-s,cb_intrinsic,Kenyon_Cell,,KCab-s_R,"KCab-m,KCab-c,KCab-s",R,R,,acetylcholine,dopamine,0.7458583994166439,,dopamine,acetylcholine,1,True,True
82118,KCg-m,KCg-m,cb_intrinsic,Kenyon_Cell,,KCg-m_R,KCg-m,R,R,,acetylcholine,dopamine,0.7415645074496351,,dopamine,acetylcholine,1,True,True
82132,KCg-m,KCg-m,cb_intrinsic,Kenyon_Cell,,KCg-m_R,KCg-m,R,R,,acetylcholine,dopamine,0.7270881940217759,,dopamine,acetylcholine,1,True,True
82161,KCg-m,KCg-m,cb_intrinsic,Kenyon_Cell,,KCg-m_R,KCg-m,R,R,,acetylcholine,dopamine,0.7783286878216124,,dopamine,acetylcholine,1,True,True
82188,KCg-m,KCg-m,cb_intrinsic,Kenyon_Cell,,KCg-m_R,KCg-m,R,R,,acetylcholine,dopamine,0.7484134161045394,,dopamine,acetylcholine,1,True,True
82192,KCg-m,KCg-m,cb_intrinsic,Kenyon_Cell,,KCg-m_L,KCg-m,L,L,,acetylcholine,dopamine,0.7434286098347834,,dopamine,acetylcholine,1,True,True
82210,KCab-c,KCab-c,cb_intrinsic,Kenyon_Cell,,KCab-c_R,"KCab-m,KCab-c,KCab-s",R,R,,acetylcholine,dopamine,0.7439019207887132,,dopamine,acetylcholine,1,True,True
82225,KCa'b'-ap1,KCa'b'-ap1,cb_intrinsic,Kenyon_Cell,,KCa'b'-ap1_R,KCa'b'-ap1,R,R,,acetylcholine,dopamine,0.7124775128902487,,dopamine,acetylcholine,1,True,True
82284,KCg-m,KCg-m,cb_intrinsic,Kenyon_Cell,,KCg-m_R,KCg-m,R,R,,acetylcholine,dopamine,0.7236686137452341,,dopamine,acetylcholine,1,True,True
82292,KCg-m,KCg-m,cb_intrinsic,Kenyon_Cell,,KCg-m_L,KCg-m,L,L,,acetylcholine,dopamine,0.7685173636308661,,dopamine,acetylcholine,1,True,True
82296,KCa'b'-ap2,KCa'b'-ap2,cb_intrinsic,Kenyon_Cell,,KCa'b'-ap2_R,KCa'b'-ap2,R,R,,acetylcholine,dopamine,0.7143023526671326,,dopamine,acetylcholine,1,True,True
82315,KCab-c,KCab-c,cb_intrinsic,Kenyon_Cell,,KCab-c_R,"KCab-m,KCab-c,KCab-s",R,R,,acetylcholine,dopamine,0.8014208359833227,,dopamine,acetylcholine,1,True,True
82319,KCab-c,KCab-c,cb_intrinsic,Kenyon_Cell,,KCab-c_L,"KCab-m,KCab-c,KCab-s",L,L,,acetylcholine,dopamine,0.697125420190848,,dopamine,acetylcholine,1,True,True
82358,KCab-s,KCab-s,cb_intrinsic,Kenyon_Cell,,KCab-s_R,"KCab-m,KCab-c,KCab-s",R,R,,acetylcholine,dopamine,0.7976911906009784,,dopamine,acetylcholine,1,True,True
82386,KCg-m,KCg-m,cb_intrinsic,Kenyon_Cell,,KCg-m_R,KCg-m,R,R,,acetylcholine,dopamine,0.7255130220932108,,dopamine,acetylcholine,1,True,True
82399,KCg-m,KCg-m,cb_intrinsic,Kenyon_Cell,,KCg-m_L,KCg-m,L,L,,acetylcholine,dopamine,0.707520964360587,,dopamine,acetylcholine,1,True,True
82440,KCg-m,KCg-m,cb_intrinsic,Kenyon_Cell,,KCg-m_R,KCg-m,R,R,,acetylcholine,dopamine,0.7227093896323387,,dopamine,acetylcholine,1,True,True
82460,KCa'b'-ap1,KCa'b'-ap1,cb_intrinsic,Kenyon_Cell,,KCa'b'-ap1_L,KCa'b'-ap1,L,L,,acetylcholine,dopamine,0.6676682527258246,,dopamine,acetylcholine,1,True,True
82472,KCab-c,KCab-c,cb_intrinsic,Kenyon_Cell,,KCab-c_R,"KCab-m,KCab-c,KCab-s",R,R,,acetylcholine,dopamine,0.7211943579410148,,dopamine,acetylcholine,1,True,True
82474,KCa'b'-m,KCa'b'-m,cb_intrinsic,Kenyon_Cell,,KCa'b'-m_R,KCa'b'-m,R,R,,acetylcholine,dopamine,0.6965126418708885,,dopamine,acetylcholine,1,True,True
82480,KCa'b'-m,KCa'b'-m,cb_intrinsic,Kenyon_Cell,,KCa'b'-m_L,KCa'b'-m,L,L,,acetylcholine,dopamine,0.7414025233190532,,dopamine,acetylcholine,1,True,True
82538,KCab-m,KCab-m,cb_intrinsic,Kenyon_Cell,,KCab-m_R,"KCab-m,KCab-c,KCab-s",R,R,,acetylcholine,dopamine,0.7889897070812951,,dopamine,acetylcholine,1,True,True
82543,KCg-m,KCg-m,cb_intrinsic,Kenyon_Cell,,KCg-m_L,KCg-m,L,L,,acetylcholine,dopamine,0.7834549094408358,,dopamine,acetylcholine,1,True,True
82570,KCa'b'-ap2,KCa'b'-ap2,cb_intrinsic,Kenyon_Cell,,KCa'b'-ap2_R,KCa'b'-ap2,R,R,,acetylcholine,dopamine,0.6973039861564948,,dopamine,acetylcholine,1,True,True
82582,KCg-m,KCg-m,cb_intrinsic,Kenyon_Cell,,KCg-m_R,KCg-m,R,R,,acetylcholine,dopamine,0.6812834497460087,,dopamine,acetylcholine,1,True,True
82594,KCab-s,KCab-s,cb_intrinsic,Kenyon_Cell,,KCab-s_L,"KCab-m,KCab-c,KCab-s",L,L,,acetylcholine,dopamine,0.7981445906877662,,dopamine,acetylcholine,1,True,True
82635,KCab-s,KCab-s,cb_intrinsic,Kenyon_Cell,,KCab-s_R,"KCab-m,KCab-c,KCab-s",R,R,,acetylcholine,dopamine,0.8144284749482926,,dopamine,acetylcholine,1,True,True
82646,KCg-m,KCg-m,cb_intrinsic,Kenyon_Cell,,KCg-m_L,KCg-m,L,L,,acetylcholine,dopamine,0.7852460020226921,,dopamine,acetylcholine,1,True,True
82648,KCa'b'-m,KCa'b'-m,cb_intrinsic,Kenyon_Cell,,KCa'b'-m_R,KCa'b'-m,R,R,,acetylcholine,dopamine,0.6763375124131082,,dopamine,acetylcholine,1,True,True
82652,KCab-m,KCab-m,cb_intrinsic,Kenyon_Cell,,KCab-m_R,"KCab-m,KCab-c,KCab-s",R,R,,acetylcholine,dopamine,0.7039602987421383,,dopamine,acetylcholine,1,True,True
82672,KCg-m,KCg-m,cb_intrinsic,Kenyon_Cell,,KCg-m_L,KCg-m,L,L,,acetylcholine,dopamine,0.7571392429412552,,dopamine,acetylcholine,1,True,True
82673,KCab-s,KCab-s,cb_intrinsic,Kenyon_Cell,,KCab-s_R,"KCab-m,KCab-c,KCab-s",R,R,,acetylcholine,dopamine,0.7567543264685329,,dopamine,acetylcholine,1,True,True
82693,KCg-m,KCg-m,cb_intrinsic,Kenyon_Cell,,KCg-m_L,KCg-m,L,L,,acetylcholine,dopamine,0.763314717574463,,dopamine,acetylcholine,1,True,True
82728,KCg-d,KCg-d,cb_intrinsic,Kenyon_Cell,,KCg-d_L,KCg-d,L,L,,acetylcholine,dopamine,0.7318306967674604,,dopamine,acetylcholine,1,True,True
82744,KCa'b'-m,KCa'b'-m,cb_intrinsic,Kenyon_Cell,,KCa'b'-m_R,KCa'b'-m,R,R,,acetylcholine,dopamine,0.6884455800139763,,dopamine,acetylcholine,1,True,True
82761,KCg-m,KCg-m,cb_intrinsic,Kenyon_Cell,,KCg-m_L,KCg-m,L,L,,acetylcholine,dopamine,0.7346147798742139,,dopamine,acetylcholine,1,True,True
82789,KCab-s,KCab-s,cb_intrinsic,Kenyon_Cell,,KCab-s_R,"KCab-m,KCab-c,KCab-s",R,R,,acetylcholine,dopamine,0.8157243699696529,,dopamine,acetylcholine,1,True,True
82798,KCab-s,KCab-s,cb_intrinsic,Kenyon_Cell,,KCab-s_R,"KCab-m,KCab-c,KCab-s",R,R,,acetylcholine,dopamine,0.7788171126034893,,dopamine,acetylcholine,1,True,True
82804,KCa'b'-m,KCa'b'-m,cb_intrinsic,Kenyon_Cell,,KCa'b'-m_L,KCa'b'-m,L,L,,acetylcholine,dopamine,0.7182689684385859,,dopamine,acetylcholine,1,True,True
82895,KCg-m,KCg-m,cb_intrinsic,Kenyon_Cell,,KCg-m_R,KCg-m,R,R,,acetylcholine,dopamine,0.7771507187780773,,dopamine,acetylcholine,1,True,True
82904,KCg-m,KCg-m,cb_intrinsic,Kenyon_Cell,,KCg-m_L,KCg-m,L,L,,acetylcholine,dopamine,0.7607619411864696,,dopamine,acetylcholine,1,True,True
82906,KCa'b'-m,KCa'b'-m,cb_intrinsic,Kenyon_Cell,,KCa'b'-m_R,KCa'b'-m,R,R,,acetylcholine,dopamine,0.6684117114541643,,dopamine,acetylcholine,1,True,True
82911,KCab-c,KCab-c,cb_intrinsic,Kenyon_Cell,,KCab-c_R,"KCab-m,KCab-c,KCab-s",R,R,,acetylcholine,dopamine,0.7152653301886792,,dopamine,acetylcholine,1,True,True
82939,KCg-m,KCg-m,cb_intrinsic,Kenyon_Cell,,KCg-m_R,KCg-m,R,R,,acetylcholine,dopamine,0.772895225843339,,dopamine,acetylcholine,1,True,True
82980,M_vPNml54,M_vPNml54,cb_intrinsic,ALPN,,M_vPNml54_L,M_vPNml54,L,L,,gaba,gaba,0.8202015072358979,gaba,gaba,gaba,-1,True,True
82996,KCg-m,KCg-m,cb_intrinsic,Kenyon_Cell,,KCg-m_L,KCg-m,L,L,,acetylcholine,dopamine,0.7125909829694014,,dopamine,acetylcholine,1,True,True
83052,KCab-p,KCab-p,cb_intrinsic,Kenyon_Cell,,KCab-p_R,KCab-p,R,R,,acetylcholine,dopamine,0.681428290655885,,dopamine,acetylcholine,1,True,True
83058,KCg-m,KCg-m,cb_intrinsic,Kenyon_Cell,,KCg-m_L,KCg-m,L,L,,acetylcholine,dopamine,0.7609847926493711,,dopamine,acetylcholine,1,True,True
83072,KCa'b'-m,KCa'b'-m,cb_intrinsic,Kenyon_Cell,,KCa'b'-m_L,KCa'b'-m,L,L,,acetylcholine,dopamine,0.6974811734524993,,dopamine,acetylcholine,1,True,True
83089,KCab-m,KCab-m,cb_intrinsic,Kenyon_Cell,,KCab-m_L,"KCab-m,KCab-c,KCab-s",L,L,,acetylcholine,dopamine,0.7796318626755567,,dopamine,acetylcholine,1,True,True
83091,KCab-m,KCab-m,cb_intrinsic,Kenyon_Cell,,KCab-m_L,"KCab-m,KCab-c,KCab-s",L,L,,acetylcholine,dopamine,0.768607106127131,,dopamine,acetylcholine,1,True,True
83094,KCab-m,KCab-m,cb_intrinsic,Kenyon_Cell,,KCab-m_R,"KCab-m,KCab-c,KCab-s",R,R,,acetylcholine,dopamine,0.693697700138578,,dopamine,acetylcholine,1,True,True
83095,KCab-m,KCab-m,cb_intrinsic,Kenyon_Cell,,KCab-m_L,"KCab-m,KCab-c,KCab-s",L,L,,acetylcholine,dopamine,0.7652555031446541,,dopamine,acetylcholine,1,True,True
83108,KCab-m,KCab-m,cb_intrinsic,Kenyon_Cell,,KCab-m_L,"KCab-m,KCab-c,KCab-s",L,L,,acetylcholine,dopamine,0.7861387998892448,,dopamine,acetylcholine,1,True,True
83121,KCab-c,KCab-c,cb_intrinsic,Kenyon_Cell,,KCab-c_L,"KCab-m,KCab-c,KCab-s",L,L,,acetylcholine,dopamine,0.7515457275263631,,dopamine,acetylcholine,1,True,True
83162,KCg-m,KCg-m,cb_intrinsic,Kenyon_Cell,,KCg-m_R,KCg-m,R,R,,acetylcholine,dopamine,0.7492473480566908,,dopamine,acetylcholine,1,True,True
83166,KCa'b'-ap2,KCa'b'-ap2,cb_intrinsic,Kenyon_Cell,,KCa'b'-ap2_L,KCa'b'-ap2,L,L,,acetylcholine,dopamine,0.7606442403177757,,dopamine,acetylcholine,1,True,True
83168,KCab-s,KCab-s,cb_intrinsic,Kenyon_Cell,,KCab-s_R,"KCab-m,KCab-c,KCab-s",R,R,,acetylcholine,dopamine,0.8077486585741303,,dopamine,acetylcholine,1,True,True
83181,KCab-s,KCab-s,cb_intrinsic,Kenyon_Cell,,KCab-s_R,"KCab-m,KCab-c,KCab-s",R,R,,acetylcholine,dopamine,0.7598530414961232,,dopamine,acetylcholine,1,True,True
83192,M_vPNml83,M_vPNml83,cb_intrinsic,ALPN,,M_vPNml83_R,M_vPNml83,R,R,,gaba,gaba,0.5528583900400056,,gaba,gaba,-1,True,True
83221,KCa'b'-ap2,KCa'b'-ap2,cb_intrinsic,Kenyon_Cell,,KCa'b'-ap2_R,KCa'b'-ap2,R,R,,acetylcholine,dopamine,0.7085910425490951,,dopamine,acetylcholine,1,True,True
83270,KCg-m,KCg-m,cb_intrinsic,Kenyon_Cell,,KCg-m_L,KCg-m,L,L,,acetylcholine,dopamine,0.7161970818962602,,dopamine,acetylcholine,1,True,True
83277,PAM01,PAM01,cb_intrinsic,DAN,,PAM01(y5)_L,PAM01,L,L,,dopamine,dopamine,0.9219732704402516,dopamine,dopamine,dopamine,0,True,True
83278,KCab-m,KCab-m,cb_intrinsic,Kenyon_Cell,,KCab-m_R,"KCab-m,KCab-c,KCab-s",R,R,,acetylcholine,dopamine,0.6522116728484653,,dopamine,acetylcholine,1,True,True
83289,M_VPNml66,M_VPNml66,cb_intrinsic,ALPN,,M_VPNml66_R,M_VPNml66,R,R,,gaba,gaba,0.6817366564864873,,gaba,gaba,-1,True,True
83329,KCab-m,KCab-m,cb_intrinsic,Kenyon_Cell,,KCab-m_R,"KCab-m,KCab-c,KCab-s",R,R,,acetylcholine,dopamine,0.7520309224318659,,dopamine,acetylcholine,1,True,True
83341,KCg-m,KCg-m,cb_intrinsic,Kenyon_Cell,,KCg-m_R,KCg-m,R,R,,acetylcholine,dopamine,0.7006761800393876,,dopamine,acetylcholine,1,True,True
83352,KCab-c,KCab-c,cb_intrinsic,Kenyon_Cell,,KCab-c_L,"KCab-m,KCab-c,KCab-s",L,L,,acetylcholine,dopamine,0.691437261573358,,dopamine,acetylcholine,1,True,True
83360,KCg-m,KCg-m,cb_intrinsic,Kenyon_Cell,,KCg-m_R,KCg-m,R,R,,acetylcholine,dopamine,0.7736316084438633,,dopamine,acetylcholine,1,True,True
83371,KCg-m,KCg-m,cb_intrinsic,Kenyon_Cell,,KCg-m_L,KCg-m,L,L,,acetylcholine,dopamine,0.7503875192832562,,dopamine,acetylcholine,1,True,True
83392,KCab-m,KCab-m,cb_intrinsic,Kenyon_Cell,,KCab-m_R,"KCab-m,KCab-c,KCab-s",R,R,,acetylcholine,dopamine,0.6386581022489042,,dopamine,acetylcholine,1,True,True
83413,KCab-c,KCab-c,cb_intrinsic,Kenyon_Cell,,KCab-c_L,"KCab-m,KCab-c,KCab-s",L,L,,acetylcholine,dopamine,0.7427279874213836,,dopamine,acetylcholine,1,True,True
83418,KCab-c,KCab-c,cb_intrinsic,Kenyon_Cell,,KCab-c_R,"KCab-m,KCab-c,KCab-s",R,R,,acetylcholine,dopamine,0.7356575986770766,,dopamine,acetylcholine,1,True,True
83456,KCa'b'-m,KCa'b'-m,cb_intrinsic,Kenyon_Cell,,KCa'b'-m_L,KCa'b'-m,L,L,,acetylcholine,dopamine,0.7101113426941641,,dopamine,acetylcholine,1,True,True
83481,KCa'b'-m,KCa'b'-m,cb_intrinsic,Kenyon_Cell,,KCa'b'-m_L,KCa'b'-m,L,L,,acetylcholine,dopamine,0.7061882583698622,,dopamine,acetylcholine,1,True,True
83489,KCab-s,KCab-s,cb_intrinsic,Kenyon_Cell,,KCab-s_L,"KCab-m,KCab-c,KCab-s",L,L,,acetylcholine,dopamine,0.7796388218516893,,dopamine,acetylcholine,1,True,True
83494,KCg-m,KCg-m,cb_intrinsic,Kenyon_Cell,,KCg-m_R,KCg-m,R,R,,acetylcholine,dopamine,0.738249581924601,,dopamine,acetylcholine,1,True,True
83557,KCab-m,KCab-m,cb_intrinsic,Kenyon_Cell,,KCab-m_R,"KCab-m,KCab-c,KCab-s",R,R,,acetylcholine,dopamine,0.6798639797551264,,dopamine,acetylcholine,1,True,True
83563,KCab-c,KCab-c,cb_intrinsic,Kenyon_Cell,,KCab-c_R,"KCab-m,KCab-c,KCab-s",R,R,,acetylcholine,dopamine,0.7331848357791755,,dopamine,acetylcholine,1,True,True
83576,KCg-m,KCg-m,cb_intrinsic,Kenyon_Cell,,KCg-m_R,KCg-m,R,R,,acetylcholine,dopamine,0.769495343492985,,dopamine,acetylcholine,1,True,True
83584,KCg-d,KCg-d,cb_intrinsic,Kenyon_Cell,,KCg-d_R,KCg-d,R,R,,acetylcholine,dopamine,0.7820332445980447,,dopamine,acetylcholine,1,True,True
83604,KCab-s,KCab-s,cb_intrinsic,Kenyon_Cell,,KCab-s_R,"KCab-m,KCab-c,KCab-s",R,R,,acetylcholine,dopamine,0.7540645111159865,,dopamine,acetylcholine,1,True,True
83608,KCg-m,KCg-m,cb_intrinsic,Kenyon_Cell,,KCg-m_R,KCg-m,R,R,,acetylcholine,dopamine,0.7762346978885893,,dopamine,acetylcholine,1,True,True
83611,KCa'b'-ap2,KCa'b'-ap2,cb_intrinsic,Kenyon_Cell,,KCa'b'-ap2_L,KCa'b'-ap2,L,L,,acetylcholine,dopamine,0.7469743777128177,,dopamine,acetylcholine,1,True,True
83612,KCab-c,KCab-c,cb_intrinsic,Kenyon_Cell,,KCab-c_R,"KCab-m,KCab-c,KCab-s",R,R,,acetylcholine,dopamine,0.7477761763335663,,dopamine,acetylcholine,1,True,True
83624,KCab-s,KCab-s,cb_intrinsic,Kenyon_Cell,,KCab-s_R,"KCab-m,KCab-c,KCab-s",R,R,,acetylcholine,dopamine,0.7702117431992119,,dopamine,acetylcholine,1,True,True
83632,KCab-c,KCab-c,cb_intrinsic,Kenyon_Cell,,KCab-c_R,"KCab-m,KCab-c,KCab-s",R,R,,acetylcholine,dopamine,0.6982436550342294,,dopamine,acetylcholine,1,True,True
83656,KCab-m,KCab-m,cb_intrinsic,Kenyon_Cell,,KCab-m_L,"KCab-m,KCab-c,KCab-s",L,L,,acetylcholine,dopamine,0.7312708824685534,,dopamine,acetylcholine,1,True,True
83678,KCa'b'-ap2,KCa'b'-ap2,cb_intrinsic,Kenyon_Cell,,KCa'b'-ap2_L,KCa'b'-ap2,L,L,,acetylcholine,dopamine,0.7225007313149042,,dopamine,acetylcholine,1,True,True
83684,KCab-s,KCab-s,cb_intrinsic,Kenyon_Cell,,KCab-s_R,"KCab-m,KCab-c,KCab-s",R,R,,acetylcholine,dopamine,0.8057156999767062,,dopamine,acetylcholine,1,True,True
83691,KCg-m,KCg-m,cb_intrinsic,Kenyon_Cell,,KCg-m_L,KCg-m,L,L,,acetylcholine,dopamine,0.7904361023759608,,dopamine,acetylcholine,1,True,True
83715,KCa'b'-ap2,KCa'b'-ap2,cb_intrinsic,Kenyon_Cell,,KCa'b'-ap2_R,KCa'b'-ap2,R,R,,acetylcholine,dopamine,0.744109765684921,,dopamine,acetylcholine,1,True,True
83737,KCa'b'-ap2,KCa'b'-ap2,cb_intrinsic,Kenyon_Cell,,KCa'b'-ap2_R,KCa'b'-ap2,R,R,,acetylcholine,dopamine,0.6694575471698113,,dopamine,acetylcholine,1,True,True
83743,KCab-s,KCab-s,cb_intrinsic,Kenyon_Cell,,KCab-s_R,"KCab-m,KCab-c,KCab-s",R,R,,acetylcholine,dopamine,0.7242284143446207,,dopamine,acetylcholine,1,True,True
83777,KCa'b'-ap1,KCa'b'-ap1,cb_intrinsic,Kenyon_Cell,,KCa'b'-ap1_L,KCa'b'-ap1,L,L,,acetylcholine,dopamine,0.6256745359345423,,dopamine,acetylcholine,1,True,True
83783,KCg-m,KCg-m,cb_intrinsic,Kenyon_Cell,,KCg-m_L,KCg-m,L,L,,acetylcholine,dopamine,0.7363544474393531,,dopamine,acetylcholine,1,True,True
83807,KCab-c,KCab-c,cb_intrinsic,Kenyon_Cell,,KCab-c_R,"KCab-m,KCab-c,KCab-s",R,R,,acetylcholine,dopamine,0.7664424804754993,,dopamine,acetylcholine,1,True,True
83820,KCg-m,KCg-m,cb_intrinsic,Kenyon_Cell,,KCg-m_R,KCg-m,R,R,,acetylcholine,dopamine,0.7275141188550893,,dopamine,acetylcholine,1,True,True
83833,KCg-m,KCg-m,cb_intrinsic,Kenyon_Cell,,KCg-m_R,KCg-m,R,R,,acetylcholine,dopamine,0.7567921055290343,,dopamine,acetylcholine,1,True,True
83835,KCab-m,KCab-m,cb_intrinsic,Kenyon_Cell,,KCab-m_R,"KCab-m,KCab-c,KCab-s",R,R,,acetylcholine,dopamine,0.7108715184186882,,dopamine,acetylcholine,1,True,True
83852,PAM06,PAM06,cb_intrinsic,DAN,,PAM06(B'2m)_R,PAM06,R,R,,dopamine,dopamine,0.9083121673923561,dopamine,dopamine,dopamine,0,True,True
83894,KCa'b'-m,KCa'b'-m,cb_intrinsic,Kenyon_Cell,,KCa'b'-m_R,KCa'b'-m,R,R,,acetylcholine,dopamine,0.6533813623397601,,dopamine,acetylcholine,1,True,True
83914,KCab-c,KCab-c,cb_intrinsic,Kenyon_Cell,,KCab-c_L,"KCab-m,KCab-c,KCab-s",L,L,,acetylcholine,dopamine,0.750943396226415,,dopamine,acetylcholine,1,True,True
83921,KCg-m,KCg-m,cb_intrinsic,Kenyon_Cell,,KCg-m_R,KCg-m,R,R,,acetylcholine,dopamine,0.7484419298074102,,dopamine,acetylcholine,1,True,True
83924,KCab-p,KCab-p,cb_intrinsic,Kenyon_Cell,,KCab-p_R,KCab-p,R,R,,acetylcholine,dopamine,0.6785964867789275,,dopamine,acetylcholine,1,True,True
83961,KCab-s,KCab-s,cb_intrinsic,Kenyon_Cell,,KCab-s_R,"KCab-m,KCab-c,KCab-s",R,R,,acetylcholine,dopamine,0.7671882967873535,,dopamine,acetylcholine,1,True,True
83965,KCg-m,KCg-m,cb_intrinsic,Kenyon_Cell,,KCg-m_L,KCg-m,L,L,,acetylcholine,dopamine,0.7618262022743155,,dopamine,acetylcholine,1,True,True
83978,KCab-s,KCab-s,cb_intrinsic,Kenyon_Cell,,KCab-s_L,"KCab-m,KCab-c,KCab-s",L,L,,acetylcholine,dopamine,0.78341607292079,,dopamine,acetylcholine,1,True,True
83989,KCab-s,KCab-s,cb_intrinsic,Kenyon_Cell,,KCab-s_L,"KCab-m,KCab-c,KCab-s",L,L,,acetylcholine,dopamine,0.7919079375406637,,dopamine,acetylcholine,1,True,True
84007,KCg-m,KCg-m,cb_intrinsic,Kenyon_Cell,,KCg-m_R,KCg-m,R,R,,acetylcholine,dopamine,0.6940613672274375,,dopamine,acetylcholine,1,True,True
84011,KCg-d,KCg-d,cb_intrinsic,Kenyon_Cell,,KCg-d_R,KCg-d,R,R,,acetylcholine,dopamine,0.8060956435036047,,dopamine,acetylcholine,1,True,True
84037,KCa'b'-ap2,KCa'b'-ap2,cb_intrinsic,Kenyon_Cell,,KCa'b'-ap2_L,KCa'b'-ap2,L,L,,acetylcholine,dopamine,0.7713080146563343,,dopamine,acetylcholine,1,True,True
84131,KCa'b'-ap2,KCa'b'-ap2,cb_intrinsic,Kenyon_Cell,,KCa'b'-ap2_L,KCa'b'-ap2,L,L,,acetylcholine,dopamine,0.7538715012181993,,dopamine,acetylcholine,1,True,True
84137,KCa'b'-ap2,KCa'b'-ap2,cb_intrinsic,Kenyon_Cell,,KCa'b'-ap2_R,KCa'b'-ap2,R,R,,acetylcholine,dopamine,0.7660651211660556,,dopamine,acetylcholine,1,True,True
84241,KCab-c,KCab-c,cb_intrinsic,Kenyon_Cell,,KCab-c_L,"KCab-m,KCab-c,KCab-s",L,L,,acetylcholine,dopamine,0.7273050314465409,,dopamine,acetylcholine,1,True,True
84244,KCa'b'-ap1,KCa'b'-ap1,cb_intrinsic,Kenyon_Cell,,KCa'b'-ap1_L,KCa'b'-ap1,L,L,,acetylcholine,dopamine,0.6821217821404019,,dopamine,acetylcholine,1,True,True
84247,KCa'b'-ap2,KCa'b'-ap2,cb_intrinsic,Kenyon_Cell,,KCa'b'-ap2_L,KCa'b'-ap2,L,L,,acetylcholine,dopamine,0.6895260437575271,,dopamine,acetylcholine,1,True,True
84278,KCab-s,KCab-s,cb_intrinsic,Kenyon_Cell,,KCab-s_R,"KCab-m,KCab-c,KCab-s",R,R,,acetylcholine,dopamine,0.811411026400468,,dopamine,acetylcholine,1,True,True
84295,KCab-s,KCab-s,cb_intrinsic,Kenyon_Cell,,KCab-s_R,"KCab-m,KCab-c,KCab-s",R,R,,acetylcholine,dopamine,0.7018660916973689,,dopamine,acetylcholine,1,True,True
84299,KCab-m,KCab-m,cb_intrinsic,Kenyon_Cell,,KCab-m_L,"KCab-m,KCab-c,KCab-s",L,L,,acetylcholine,dopamine,0.7635552170006641,,dopamine,acetylcholine,1,True,True
84319,KCg-m,KCg-m,cb_intrinsic,Kenyon_Cell,,KCg-m_L,KCg-m,L,L,,acetylcholine,dopamine,0.8004458430027243,,dopamine,acetylcholine,1,True,True
84334,KCab-s,KCab-s,cb_intrinsic,Kenyon_Cell,,KCab-s_R,"KCab-m,KCab-c,KCab-s",R,R,,acetylcholine,dopamine,0.7344497264806079,,dopamine,acetylcholine,1,True,True
84335,KCab-m,KCab-m,cb_intrinsic,Kenyon_Cell,,KCab-m_L,"KCab-m,KCab-c,KCab-s",L,L,,acetylcholine,dopamine,0.7821734531076582,,dopamine,acetylcholine,1,True,True
84353,KCab-c,KCab-c,cb_intrinsic,Kenyon_Cell,,KCab-c_L,"KCab-m,KCab-c,KCab-s",L,L,,acetylcholine,dopamine,0.6873034591194969,,dopamine,acetylcholine,1,True,True
84400,KCg-m,KCg-m,cb_intrinsic,Kenyon_Cell,,KCg-m_L,KCg-m,L,L,,acetylcholine,dopamine,0.7975561545372866,,dopamine,acetylcholine,1,True,True
84446,KCg-m,KCg-m,cb_intrinsic,Kenyon_Cell,,KCg-m_L,KCg-m,L,L,,acetylcholine,dopamine,0.7410271170526692,,dopamine,acetylcholine,1,True,True
84472,KCab-p,KCab-p,cb_intrinsic,Kenyon_Cell,,KCab-p_L,KCab-p,L,L,,acetylcholine,dopamine,0.7034618521508089,,dopamine,acetylcholine,1,True,True
84485,KCab-m,KCab-m,cb_intrinsic,Kenyon_Cell,,KCab-m_R,"KCab-m,KCab-c,KCab-s",R,R,,acetylcholine,dopamine,0.6641965408805031,,dopamine,acetylcholine,1,True,True
84498,KCa'b'-ap2,KCa'b'-ap2,cb_intrinsic,Kenyon_Cell,,KCa'b'-ap2_R,KCa'b'-ap2,R,R,,acetylcholine,dopamine,0.6906563878719609,,dopamine,acetylcholine,1,True,True
84536,KCa'b'-ap2,KCa'b'-ap2,cb_intrinsic,Kenyon_Cell,,KCa'b'-ap2_L,KCa'b'-ap2,L,L,,acetylcholine,dopamine,0.7479621813968884,,dopamine,acetylcholine,1,True,True
84598,KCab-m,KCab-m,cb_intrinsic,Kenyon_Cell,,KCab-m_L,"KCab-m,KCab-c,KCab-s",L,L,,acetylcholine,dopamine,0.7478099730458221,,dopamine,acetylcholine,1,True,True
84602,KCa'b'-m,KCa'b'-m,cb_intrinsic,Kenyon_Cell,,KCa'b'-m_L,KCa'b'-m,L,L,,acetylcholine,dopamine,0.7070069343654249,,dopamine,acetylcholine,1,True,True
84628,KCg-d,KCg-d,cb_intrinsic,Kenyon_Cell,,KCg-d_R,KCg-d,R,R,,acetylcholine,dopamine,0.7768764588601439,,dopamine,acetylcholine,1,True,True
84636,CB2589,CB2589,cb_intrinsic,ALPN,,CB2589_L,"M_vPNml78,M_vPNml89",L,L,,gaba,gaba,0.8506868686435183,gaba,gaba,gaba,-1,True,True
84638,KCab-m,KCab-m,cb_intrinsic,Kenyon_Cell,,KCab-m_R,"KCab-m,KCab-c,KCab-s",R,R,,acetylcholine,dopamine,0.7260969526265779,,dopamine,acetylcholine,1,True,True
84641,KCab-s,KCab-s,cb_intrinsic,Kenyon_Cell,,KCab-s_R,"KCab-m,KCab-c,KCab-s",R,R,,acetylcholine,dopamine,0.7346583251654006,,dopamine,acetylcholine,1,True,True
84657,KCa'b'-ap2,KCa'b'-ap2,cb_intrinsic,Kenyon_Cell,,KCa'b'-ap2_L,KCa'b'-ap2,L,L,,acetylcholine,dopamine,0.7017944844887287,,dopamine,acetylcholine,1,True,True
84664,KCg-m,KCg-m,cb_intrinsic,Kenyon_Cell,,KCg-m_R,KCg-m,R,R,,acetylcholine,dopamine,0.6793271750524109,,dopamine,acetylcholine,1,True,True
84701,CB1296_a,CB1296_a,cb_intrinsic,ALPN,,CB1296_a_R,M_vPNml85,R,R,,gaba,gaba,0.8625560959130888,gaba,gaba,gaba,-1,True,True
84758,EPG,EPG,cb_intrinsic,CX,,EPG(PB08)_L7,EPG,L,L,,acetylcholine,acetylcholine,0.9008745558190856,acetylcholine,acetylcholine,acetylcholine,1,True,True
84765,KCab-s,KCab-s,cb_intrinsic,Kenyon_Cell,,KCab-s_R,"KCab-m,KCab-c,KCab-s",R,R,,acetylcholine,dopamine,0.7810182408114298,,dopamine,acetylcholine,1,True,True
84777,KCab-s,KCab-s,cb_intrinsic,Kenyon_Cell,,KCab-s_R,"KCab-m,KCab-c,KCab-s",R,R,,acetylcholine,dopamine,0.7677177533400321,,dopamine,acetylcholine,1,True,True
84811,KCab-s,KCab-s,cb_intrinsic,Kenyon_Cell,,KCab-s_R,"KCab-m,KCab-c,KCab-s",R,R,,acetylcholine,dopamine,0.7958325869755593,,dopamine,acetylcholine,1,True,True
84822,KCab-s,KCab-s,cb_intrinsic,Kenyon_Cell,,KCab-s_L,"KCab-m,KCab-c,KCab-s",L,L,,acetylcholine,dopamine,0.8258895019975476,,dopamine,acetylcholine,1,True,True
84884,KCg-m,KCg-m,cb_intrinsic,Kenyon_Cell,,KCg-m_L,KCg-m,L,L,,acetylcholine,dopamine,0.6698357661378642,,dopamine,acetylcholine,1,True,True
84902,KCab-c,KCab-c,cb_intrinsic,Kenyon_Cell,,KCab-c_R,"KCab-m,KCab-c,KCab-s",R,R,,acetylcholine,dopamine,0.6825864779874213,,dopamine,acetylcholine,1,True,True
84926,KCg-m,KCg-m,cb_intrinsic,Kenyon_Cell,,KCg-m_L,KCg-m,L,L,,acetylcholine,dopamine,0.7475737367165474,,dopamine,acetylcholine,1,True,True
84929,KCab-m,KCab-m,cb_intrinsic,Kenyon_Cell,,KCab-m_R,"KCab-m,KCab-c,KCab-s",R,R,,acetylcholine,dopamine,0.6916757816060523,,dopamine,acetylcholine,1,True,True
84932,KCg-m,KCg-m,cb_intrinsic,Kenyon_Cell,,KCg-m_L,KCg-m,L,L,,acetylcholine,dopamine,0.7802471103178651,,dopamine,acetylcholine,1,True,True
84941,KCab-m,KCab-m,cb_intrinsic,Kenyon_Cell,,KCab-m_R,"KCab-m,KCab-c,KCab-s",R,R,,acetylcholine,dopamine,0.720706555612216,,dopamine,acetylcholine,1,True,True
84972,KCg-m,KCg-m,cb_intrinsic,Kenyon_Cell,,KCg-m_R,KCg-m,R,R,,acetylcholine,dopamine,0.7545368186582809,,dopamine,acetylcholine,1,True,True
84974,KCab-m,KCab-m,cb_intrinsic,Kenyon_Cell,,KCab-m_R,"KCab-m,KCab-c,KCab-s",R,R,,acetylcholine,dopamine,0.7085898866964329,,dopamine,acetylcholine,1,True,True
84987,KCg-m,KCg-m,cb_intrinsic,Kenyon_Cell,,KCg-m_L,KCg-m,L,L,,acetylcholine,dopamine,0.7423084482341558,,dopamine,acetylcholine,1,True,True
84989,KCg-m,KCg-m,cb_intrinsic,Kenyon_Cell,,KCg-m_L,KCg-m,L,L,,acetylcholine,dopamine,0.8032465562619634,,dopamine,acetylcholine,1,True,True
84991,KCab-s,KCab-s,cb_intrinsic,Kenyon_Cell,,KCab-s_R,"KCab-m,KCab-c,KCab-s",R,R,,acetylcholine,dopamine,0.8178936433063791,,dopamine,acetylcholine,1,True,True
85012,KCab-c,KCab-c,cb_intrinsic,Kenyon_Cell,,KCab-c_R,"KCab-m,KCab-c,KCab-s",R,R,,acetylcholine,dopamine,0.6707712378087686,,dopamine,acetylcholine,1,True,True
85017,KCab-c,KCab-c,cb_intrinsic,Kenyon_Cell,,KCab-c_R,"KCab-m,KCab-c,KCab-s",R,R,,acetylcholine,dopamine,0.7347795679163603,,dopamine,acetylcholine,1,True,True
85033,KCab-p,KCab-p,cb_intrinsic,Kenyon_Cell,,KCab-p_R,KCab-p,R,R,,acetylcholine,dopamine,0.6604937926614802,,dopamine,acetylcholine,1,True,True
85054,KCab-m,KCab-m,cb_intrinsic,Kenyon_Cell,,KCab-m_R,"KCab-m,KCab-c,KCab-s",R,R,,acetylcholine,dopamine,0.6865371984714592,,dopamine,acetylcholine,1,True,True
85091,KCg-m,KCg-m,cb_intrinsic,Kenyon_Cell,,KCg-m_L,KCg-m,L,L,,acetylcholine,dopamine,0.7580403985335482,,dopamine,acetylcholine,1,True,True
85110,KCab-s,KCab-s,cb_intrinsic,Kenyon_Cell,,KCab-s_R,"KCab-m,KCab-c,KCab-s",R,R,,acetylcholine,dopamine,0.785429079774909,,dopamine,acetylcholine,1,True,True
85121,KCg-m,KCg-m,cb_intrinsic,Kenyon_Cell,,KCg-m_L,KCg-m,L,L,,acetylcholine,dopamine,0.7621646259868861,,dopamine,acetylcholine,1,True,True
85137,KCg-m,KCg-m,cb_intrinsic,Kenyon_Cell,,KCg-m_R,KCg-m,R,R,,acetylcholine,dopamine,0.7868176183820837,,dopamine,acetylcholine,1,True,True
85141,KCg-m,KCg-m,cb_intrinsic,Kenyon_Cell,,KCg-m_R,KCg-m,R,R,,acetylcholine,dopamine,0.716260192296989,,dopamine,acetylcholine,1,True,True
85213,KCg-d,KCg-d,cb_intrinsic,Kenyon_Cell,,KCg-d_L,KCg-d,L,L,,acetylcholine,dopamine,0.7438004170084769,,dopamine,acetylcholine,1,True,True
85216,KCg-m,KCg-m,cb_intrinsic,Kenyon_Cell,,KCg-m_L,KCg-m,L,L,,acetylcholine,dopamine,0.7627123451987291,,dopamine,acetylcholine,1,True,True
85242,KCa'b'-m,KCa'b'-m,cb_intrinsic,Kenyon_Cell,,KCa'b'-m_R,KCa'b'-m,R,R,,acetylcholine,dopamine,0.6828916335650447,,dopamine,acetylcholine,1,True,True
85257,KCab-s,KCab-s,cb_intrinsic,Kenyon_Cell,,KCab-s_R,"KCab-m,KCab-c,KCab-s",R,R,,acetylcholine,dopamine,0.7599323337825696,,dopamine,acetylcholine,1,True,True
85321,KCab-s,KCab-s,cb_intrinsic,Kenyon_Cell,,KCab-s_R,"KCab-m,KCab-c,KCab-s",R,R,,acetylcholine,dopamine,0.7401388342941998,,dopamine,acetylcholine,1,True,True
85325,KCg-m,KCg-m,cb_intrinsic,Kenyon_Cell,,KCg-m_L,KCg-m,L,L,,acetylcholine,dopamine,0.7356065412482989,,dopamine,acetylcholine,1,True,True
85340,KCg-m,KCg-m,cb_intrinsic,Kenyon_Cell,,KCg-m_L,KCg-m,L,L,,acetylcholine,dopamine,0.7400157232704402,,dopamine,acetylcholine,1,True,True
85342,KCab-s,KCab-s,cb_intrinsic,Kenyon_Cell,,KCab-s_R,"KCab-m,KCab-c,KCab-s",R,R,,acetylcholine,dopamine,0.7265252573809238,,dopamine,acetylcholine,1,True,True
85349,KCg-d,KCg-d,cb_intrinsic,Kenyon_Cell,,KCg-d_R,KCg-d,R,R,,acetylcholine,dopamine,0.811184829248222,,dopamine,acetylcholine,1,True,True
85368,KCg-d,KCg-d,cb_intrinsic,Kenyon_Cell,,KCg-d_L,KCg-d,L,L,,acetylcholine,dopamine,0.7707627523541472,,dopamine,acetylcholine,1,True,True
85377,KCab-m,KCab-m,cb_intrinsic,Kenyon_Cell,,KCab-m_R,"KCab-m,KCab-c,KCab-s",R,R,,acetylcholine,dopamine,0.7971923651922879,,dopamine,acetylcholine,1,True,True
85389,KCab-c,KCab-c,cb_intrinsic,Kenyon_Cell,,KCab-c_R,"KCab-m,KCab-c,KCab-s",R,R,,acetylcholine,dopamine,0.7436832339067703,,dopamine,acetylcholine,1,True,True
85391,KCab-s,KCab-s,cb_intrinsic,Kenyon_Cell,,KCab-s_R,"KCab-m,KCab-c,KCab-s",R,R,,acetylcholine,dopamine,0.7973687345149609,,dopamine,acetylcholine,1,True,True
85403,KCab-m,KCab-m,cb_intrinsic,Kenyon_Cell,,KCab-m_L,"KCab-m,KCab-c,KCab-s",L,L,,acetylcholine,dopamine,0.772620287841957,,dopamine,acetylcholine,1,True,True
85428,KCab-p,KCab-p,cb_intrinsic,Kenyon_Cell,,KCab-p_L,KCab-p,L,L,,acetylcholine,dopamine,0.6598765284295885,,dopamine,acetylcholine,1,True,True
85442,KCab-m,KCab-m,cb_intrinsic,Kenyon_Cell,,KCab-m_R,"KCab-m,KCab-c,KCab-s",R,R,,acetylcholine,dopamine,0.7158683430614,,dopamine,acetylcholine,1,True,True
85452,KCa'b'-ap2,KCa'b'-ap2,cb_intrinsic,Kenyon_Cell,,KCa'b'-ap2_R,KCa'b'-ap2,R,R,,acetylcholine,dopamine,0.7707951429252735,,dopamine,acetylcholine,1,True,True
85482,KCa'b'-ap2,KCa'b'-ap2,cb_intrinsic,Kenyon_Cell,,KCa'b'-ap2_L,KCa'b'-ap2,L,L,,acetylcholine,dopamine,0.7033618453467815,,dopamine,acetylcholine,1,True,True
85512,KCg-m,KCg-m,cb_intrinsic,Kenyon_Cell,,KCg-m_L,KCg-m,L,L,,acetylcholine,dopamine,0.7485536848123739,,dopamine,acetylcholine,1,True,True
85516,KCg-m,KCg-m,cb_intrinsic,Kenyon_Cell,,KCg-m_R,KCg-m,R,R,,acetylcholine,dopamine,0.7489033018867924,,dopamine,acetylcholine,1,True,True
85522,KCab-s,KCab-s,cb_intrinsic,Kenyon_Cell,,KCab-s_R,"KCab-m,KCab-c,KCab-s",R,R,,acetylcholine,dopamine,0.7788302349241583,,dopamine,acetylcholine,1,True,True
85531,KCab-s,KCab-s,cb_intrinsic,Kenyon_Cell,,KCab-s_R,"KCab-m,KCab-c,KCab-s",R,R,,acetylcholine,dopamine,0.8229886554775487,,dopamine,acetylcholine,1,True,True
85547,KCg-m,KCg-m,cb_intrinsic,Kenyon_Cell,,KCg-m_L,KCg-m,L,L,,acetylcholine,dopamine,0.7550835033146354,,dopamine,acetylcholine,1,True,True
85590,KCab-m,KCab-m,cb_intrinsic,Kenyon_Cell,,KCab-m_R,"KCab-m,KCab-c,KCab-s",R,R,,acetylcholine,dopamine,0.68202939522679,,dopamine,acetylcholine,1,True,True
85665,KCg-m,KCg-m,cb_intrinsic,Kenyon_Cell,,KCg-m_L,KCg-m,L,L,,acetylcholine,dopamine,0.7813659591194968,,dopamine,acetylcholine,1,True,True
85711,KCab-s,KCab-s,cb_intrinsic,Kenyon_Cell,,KCab-s_R,"KCab-m,KCab-c,KCab-s",R,R,,acetylcholine,dopamine,0.7428556764010736,,dopamine,acetylcholine,1,True,True
85750,KCa'b'-m,KCa'b'-m,cb_intrinsic,Kenyon_Cell,,KCa'b'-m_L,KCa'b'-m,L,L,,acetylcholine,dopamine,0.6818588350646597,,dopamine,acetylcholine,1,True,True
85752,KCab-m,KCab-m,cb_intrinsic,Kenyon_Cell,,KCab-m_R,"KCab-m,KCab-c,KCab-s",R,R,,acetylcholine,dopamine,0.7248152036355269,,dopamine,acetylcholine,1,True,True
85805,KCg-m,KCg-m,cb_intrinsic,Kenyon_Cell,,KCg-m_L,KCg-m,L,L,,acetylcholine,dopamine,0.785790184084317,,dopamine,acetylcholine,1,True,True
85819,KCab-c,KCab-c,cb_intrinsic,Kenyon_Cell,,KCab-c_R,"KCab-m,KCab-c,KCab-s",R,R,,acetylcholine,dopamine,0.6749136761622887,,dopamine,acetylcholine,1,True,True
85846,KCab-m,KCab-m,cb_intrinsic,Kenyon_Cell,,KCab-m_L,"KCab-m,KCab-c,KCab-s",L,L,,acetylcholine,dopamine,0.7179254149524755,,dopamine,acetylcholine,1,True,True
85851,KCg-d,KCg-d,cb_intrinsic,Kenyon_Cell,,KCg-d_R,KCg-d,R,R,,acetylcholine,dopamine,0.7861723663522012,,dopamine,acetylcholine,1,True,True
85900,KCa'b'-ap2,KCa'b'-ap2,cb_intrinsic,Kenyon_Cell,,KCa'b'-ap2_L,KCa'b'-ap2,L,L,,acetylcholine,dopamine,0.7646476558033161,,dopamine,acetylcholine,1,True,True
85920,KCab-s,KCab-s,cb_intrinsic,Kenyon_Cell,,KCab-s_R,"KCab-m,KCab-c,KCab-s",R,R,,acetylcholine,dopamine,0.7459466476434506,,dopamine,acetylcholine,1,True,True
85923,KCg-d,KCg-d,cb_intrinsic,Kenyon_Cell,,KCg-d_R,KCg-d,R,R,,acetylcholine,dopamine,0.7572144884184691,,dopamine,acetylcholine,1,True,True
85986,KCab-s,KCab-s,cb_intrinsic,Kenyon_Cell,,KCab-s_R,"KCab-m,KCab-c,KCab-s",R,R,,acetylcholine,dopamine,0.7756836404428261,,dopamine,acetylcholine,1,True,True
86020,KCg-m,KCg-m,cb_intrinsic,Kenyon_Cell,,KCg-m_L,KCg-m,L,L,,acetylcholine,dopamine,0.7553598537658395,,dopamine,acetylcholine,1,True,True
86024,KCg-m,KCg-m,cb_intrinsic,Kenyon_Cell,,KCg-m_L,KCg-m,L,L,,acetylcholine,dopamine,0.7447097746331236,,dopamine,acetylcholine,1,True,True
86028,KCg-m,KCg-m,cb_intrinsic,Kenyon_Cell,,KCg-m_L,KCg-m,L,L,,acetylcholine,dopamine,0.758058176100629,,dopamine,acetylcholine,1,True,True
86041,KCab-m,KCab-m,cb_intrinsic,Kenyon_Cell,,KCab-m_L,"KCab-m,KCab-c,KCab-s",L,L,,acetylcholine,dopamine,0.6680843622826489,,dopamine,acetylcholine,1,True,True
86066,PAM07,PAM07,cb_intrinsic,DAN,,PAM07(y4<y1y2)_L,PAM07,L,L,,dopamine,dopamine,0.9077550289993392,dopamine,dopamine,dopamine,0,True,True
86072,KCab-s,KCab-s,cb_intrinsic,Kenyon_Cell,,KCab-s_R,"KCab-m,KCab-c,KCab-s",R,R,,acetylcholine,dopamine,0.7375158744557329,,dopamine,acetylcholine,1,True,True
86079,KCab-s,KCab-s,cb_intrinsic,Kenyon_Cell,,KCab-s_R,"KCab-m,KCab-c,KCab-s",R,R,,acetylcholine,dopamine,0.7585434210993853,,dopamine,acetylcholine,1,True,True
86137,KCg-m,KCg-m,cb_intrinsic,Kenyon_Cell,,KCg-m_R,KCg-m,R,R,,acetylcholine,dopamine,0.7451516573610576,,dopamine,acetylcholine,1,True,True
86142,KCa'b'-ap2,KCa'b'-ap2,cb_intrinsic,Kenyon_Cell,,KCa'b'-ap2_L,KCa'b'-ap2,L,L,,acetylcholine,dopamine,0.7385312085280711,,dopamine,acetylcholine,1,True,True
86153,KCab-c,KCab-c,cb_intrinsic,Kenyon_Cell,,KCab-c_R,"KCab-m,KCab-c,KCab-s",R,R,,acetylcholine,dopamine,0.7323280800546049,,dopamine,acetylcholine,1,True,True
86156,PAM08,PAM08,cb_intrinsic,DAN,,PAM08(y4)_R,PAM08,R,R,,dopamine,dopamine,0.8933871432508959,dopamine,dopamine,dopamine,0,True,True
86168,KCab-s,KCab-s,cb_intrinsic,Kenyon_Cell,,KCab-s_R,"KCab-m,KCab-c,KCab-s",R,R,,acetylcholine,dopamine,0.739453795025729,,dopamine,acetylcholine,1,True,True
86170,KCab-c,KCab-c,cb_intrinsic,Kenyon_Cell,,KCab-c_L,"KCab-m,KCab-c,KCab-s",L,L,,acetylcholine,dopamine,0.7091892371677825,,dopamine,acetylcholine,1,True,True
86180,KCab-m,KCab-m,cb_intrinsic,Kenyon_Cell,,KCab-m_R,"KCab-m,KCab-c,KCab-s",R,R,,acetylcholine,dopamine,0.6972680817610063,,dopamine,acetylcholine,1,True,True
86183,KCg-d,KCg-d,cb_intrinsic,Kenyon_Cell,,KCg-d_R,KCg-d,R,R,,acetylcholine,dopamine,0.7521525499042931,,dopamine,acetylcholine,1,True,True
86209,KCg-m,KCg-m,cb_intrinsic,Kenyon_Cell,,KCg-m_L,KCg-m,L,L,,acetylcholine,dopamine,0.7655425796307567,,dopamine,acetylcholine,1,True,True
86231,KCab-c,KCab-c,cb_intrinsic,Kenyon_Cell,,KCab-c_R,"KCab-m,KCab-c,KCab-s",R,R,,acetylcholine,dopamine,0.7435621942697414,,dopamine,acetylcholine,1,True,True
86306,KCa'b'-ap1,KCa'b'-ap1,cb_intrinsic,Kenyon_Cell,,KCa'b'-ap1_R,KCa'b'-ap1,R,R,,acetylcholine,dopamine,0.7219024464577618,,dopamine,acetylcholine,1,True,True
86324,KCab-s,KCab-s,cb_intrinsic,Kenyon_Cell,,KCab-s_L,"KCab-m,KCab-c,KCab-s",L,L,,acetylcholine,dopamine,0.7607579469552923,,dopamine,acetylcholine,1,True,True
86349,KCab-m,KCab-m,cb_intrinsic,Kenyon_Cell,,KCab-m_L,"KCab-m,KCab-c,KCab-s",L,L,,acetylcholine,dopamine,0.7462101791085589,,dopamine,acetylcholine,1,True,True
86372,KCg-d,KCg-d,cb_intrinsic,Kenyon_Cell,,KCg-d_L,KCg-d,L,L,,acetylcholine,dopamine,0.7609157890887817,,dopamine,acetylcholine,1,True,True
86395,KCg-m,KCg-m,cb_intrinsic,Kenyon_Cell,,KCg-m_L,KCg-m,L,L,,acetylcholine,dopamine,0.8305112842259068,,dopamine,acetylcholine,1,True,True
86431,PAM07,PAM07,cb_intrinsic,DAN,,PAM07(y4<y1y2)_L,PAM07,L,L,,dopamine,dopamine,0.9095262742252198,dopamine,dopamine,dopamine,0,True,True
86432,KCab-s,KCab-s,cb_intrinsic,Kenyon_Cell,,KCab-s_R,"KCab-m,KCab-c,KCab-s",R,R,,acetylcholine,dopamine,0.7737862696299725,,dopamine,acetylcholine,1,True,True
86437,KCa'b'-m,KCa'b'-m,cb_intrinsic,Kenyon_Cell,,KCa'b'-m_R,KCa'b'-m,R,R,,acetylcholine,dopamine,0.7186390002281096,,dopamine,acetylcholine,1,True,True
86468,KCab-s,KCab-s,cb_intrinsic,Kenyon_Cell,,KCab-s_R,"KCab-m,KCab-c,KCab-s",R,R,,acetylcholine,dopamine,0.7536386268343815,,dopamine,acetylcholine,1,True,True
86528,KCab-m,KCab-m,cb_intrinsic,Kenyon_Cell,,KCab-m_R,"KCab-m,KCab-c,KCab-s",R,R,,acetylcholine,dopamine,0.6865773845291031,,dopamine,acetylcholine,1,True,True
86553,KCg-m,KCg-m,cb_intrinsic,Kenyon_Cell,,KCg-m_R,KCg-m,R,R,,acetylcholine,dopamine,0.7388672136357554,,dopamine,acetylcholine,1,True,True
86554,KCab-c,KCab-c,cb_intrinsic,Kenyon_Cell,,KCab-c_R,"KCab-m,KCab-c,KCab-s",R,R,,acetylcholine,dopamine,0.849670049552125,,dopamine,acetylcholine,1,True,True
86555,KCg-m,KCg-m,cb_intrinsic,Kenyon_Cell,,KCg-m_L,KCg-m,L,L,,acetylcholine,dopamine,0.749919893290411,,dopamine,acetylcholine,1,True,True
86583,KCg-m,KCg-m,cb_intrinsic,Kenyon_Cell,,KCg-m_L,KCg-m,L,L,,acetylcholine,dopamine,0.767000786163522,,dopamine,acetylcholine,1,True,True
86608,KCg-m,KCg-m,cb_intrinsic,Kenyon_Cell,,KCg-m_L,KCg-m,L,L,,acetylcholine,dopamine,0.6795720893666813,,dopamine,acetylcholine,1,True,True
86610,KCg-m,KCg-m,cb_intrinsic,Kenyon_Cell,,KCg-m_L,KCg-m,L,L,,acetylcholine,dopamine,0.7800615418632075,,dopamine,acetylcholine,1,True,True
86639,KCab-s,KCab-s,cb_intrinsic,Kenyon_Cell,,KCab-s_R,"KCab-m,KCab-c,KCab-s",R,R,,acetylcholine,dopamine,0.7564983058729737,,dopamine,acetylcholine,1,True,True
86670,KCab-m,KCab-m,cb_intrinsic,Kenyon_Cell,,KCab-m_R,"KCab-m,KCab-c,KCab-s",R,R,,acetylcholine,dopamine,0.6893947106465771,,dopamine,acetylcholine,1,True,True
86717,KCab-s,KCab-s,cb_intrinsic,Kenyon_Cell,,KCab-s_L,"KCab-m,KCab-c,KCab-s",L,L,,acetylcholine,dopamine,0.7340246150509651,,dopamine,acetylcholine,1,True,True
86751,KCg-m,KCg-m,cb_intrinsic,Kenyon_Cell,,KCg-m_R,KCg-m,R,R,,acetylcholine,dopamine,0.7447193936973812,,dopamine,acetylcholine,1,True,True
86758,KCab-s,KCab-s,cb_intrinsic,Kenyon_Cell,,KCab-s_R,"KCab-m,KCab-c,KCab-s",R,R,,acetylcholine,dopamine,0.7690974256806906,,dopamine,acetylcholine,1,True,True
86768,KCab-s,KCab-s,cb_intrinsic,Kenyon_Cell,,KCab-s_R,"KCab-m,KCab-c,KCab-s",R,R,,acetylcholine,dopamine,0.7752604166666667,,dopamine,acetylcholine,1,True,True
86811,KCab-s,KCab-s,cb_intrinsic,Kenyon_Cell,,KCab-s_R,"KCab-m,KCab-c,KCab-s",R,R,,acetylcholine,dopamine,0.7955613111085388,,dopamine,acetylcholine,1,True,True
86814,KCg-m,KCg-m,cb_intrinsic,Kenyon_Cell,,KCg-m_R,KCg-m,R,R,,acetylcholine,dopamine,0.7681767082915565,,dopamine,acetylcholine,1,True,True
86850,KCab-s,KCab-s,cb_intrinsic,Kenyon_Cell,,KCab-s_L,"KCab-m,KCab-c,KCab-s",L,L,,acetylcholine,dopamine,0.7893397875709197,,dopamine,acetylcholine,1,True,True
86876,KCg-m,KCg-m,cb_intrinsic,Kenyon_Cell,,KCg-m_R,KCg-m,R,R,,acetylcholine,dopamine,0.7019457547169811,,dopamine,acetylcholine,1,True,True
86878,KCab-s,KCab-s,cb_intrinsic,Kenyon_Cell,,KCab-s_L,"KCab-m,KCab-c,KCab-s",L,L,,acetylcholine,dopamine,0.7674985612693714,,dopamine,acetylcholine,1,True,True
86899,KCab-s,KCab-s,cb_intrinsic,Kenyon_Cell,,KCab-s_L,"KCab-m,KCab-c,KCab-s",L,L,,acetylcholine,dopamine,0.7122377857033287,,dopamine,acetylcholine,1,True,True
86909,KCg-d,KCg-d,cb_intrinsic,Kenyon_Cell,,KCg-d_R,KCg-d,R,R,,acetylcholine,dopamine,0.7411634773441967,,dopamine,acetylcholine,1,True,True
86940,KCg-d,KCg-d,cb_intrinsic,Kenyon_Cell,,KCg-d_L,KCg-d,L,L,,acetylcholine,dopamine,0.7651346454681863,,dopamine,acetylcholine,1,True,True
86967,KCg-m,KCg-m,cb_intrinsic,Kenyon_Cell,,KCg-m_L,KCg-m,L,L,,acetylcholine,dopamine,0.734333424044509,,dopamine,acetylcholine,1,True,True
86970,KCa'b'-ap2,KCa'b'-ap2,cb_intrinsic,Kenyon_Cell,,KCa'b'-ap2_R,KCa'b'-ap2,R,R,,acetylcholine,dopamine,0.7167366314585779,,dopamine,acetylcholine,1,True,True
86985,KCg-m,KCg-m,cb_intrinsic,Kenyon_Cell,,KCg-m_R,KCg-m,R,R,,acetylcholine,dopamine,0.7691286817360982,,dopamine,acetylcholine,1,True,True
87052,KCg-m,KCg-m,cb_intrinsic,Kenyon_Cell,,KCg-m_L,KCg-m,L,L,,acetylcholine,dopamine,0.7739801237353021,,dopamine,acetylcholine,1,True,True
87077,MBON25,MBON25,cb_intrinsic,MBON,,MBON25(y1y2)_L,MBON25,L,L,,glutamate,glutamate,0.8307228637880417,,glutamate,glutamate,-1,True,True
87103,KCg-m,KCg-m,cb_intrinsic,Kenyon_Cell,,KCg-m_L,KCg-m,L,L,,acetylcholine,dopamine,0.7249054479007309,,dopamine,acetylcholine,1,True,True
87138,KCab-c,KCab-c,cb_intrinsic,Kenyon_Cell,,KCab-c_L,"KCab-m,KCab-c,KCab-s",L,L,,acetylcholine,dopamine,0.7217158341066089,,dopamine,acetylcholine,1,True,True
87155,KCg-m,KCg-m,cb_intrinsic,Kenyon_Cell,,KCg-m_R,KCg-m,R,R,,acetylcholine,dopamine,0.7076064283682564,,dopamine,acetylcholine,1,True,True
87163,KCab-c,KCab-c,cb_intrinsic,Kenyon_Cell,,KCab-c_R,"KCab-m,KCab-c,KCab-s",R,R,,acetylcholine,dopamine,0.7353543157666449,,dopamine,acetylcholine,1,True,True
87177,PAM08,PAM08,cb_intrinsic,DAN,,PAM08(y4)_L,PAM08,L,L,,dopamine,dopamine,0.8552653301886793,dopamine,dopamine,dopamine,0,True,True
87219,KCa'b'-ap2,KCa'b'-ap2,cb_intrinsic,Kenyon_Cell,,KCa'b'-ap2_R,KCa'b'-ap2,R,R,,acetylcholine,dopamine,0.7110364965765096,,dopamine,acetylcholine,1,True,True
87232,KCa'b'-ap2,KCa'b'-ap2,cb_intrinsic,Kenyon_Cell,,KCa'b'-ap2_R,KCa'b'-ap2,R,R,,acetylcholine,dopamine,0.7618833159508233,,dopamine,acetylcholine,1,True,True
87254,KCab-s,KCab-s,cb_intrinsic,Kenyon_Cell,,KCab-s_R,"KCab-m,KCab-c,KCab-s",R,R,,acetylcholine,dopamine,0.756062912984635,,dopamine,acetylcholine,1,True,True
87261,KCab-s,KCab-s,cb_intrinsic,Kenyon_Cell,,KCab-s_R,"KCab-m,KCab-c,KCab-s",R,R,,acetylcholine,dopamine,0.7746182904157273,,dopamine,acetylcholine,1,True,True
87276,KCg-m,KCg-m,cb_intrinsic,Kenyon_Cell,,KCg-m_L,KCg-m,L,L,,acetylcholine,dopamine,0.780167714884696,,dopamine,acetylcholine,1,True,True
87281,KCa'b'-ap1,KCa'b'-ap1,cb_intrinsic,Kenyon_Cell,,KCa'b'-ap1_L,KCa'b'-ap1,L,L,,acetylcholine,dopamine,0.6385622306662008,,dopamine,acetylcholine,1,True,True
87304,KCg-m,KCg-m,cb_intrinsic,Kenyon_Cell,,KCg-m_L,KCg-m,L,L,,acetylcholine,dopamine,0.7446823093049508,,dopamine,acetylcholine,1,True,True
87308,KCg-m,KCg-m,cb_intrinsic,Kenyon_Cell,,KCg-m_L,KCg-m,L,L,,acetylcholine,dopamine,0.7694783268223756,,dopamine,acetylcholine,1,True,True
87324,KCab-p,KCab-p,cb_intrinsic,Kenyon_Cell,,KCab-p_R,KCab-p,R,R,,acetylcholine,dopamine,0.6382589501693275,,dopamine,acetylcholine,1,True,True
87334,KCa'b'-ap2,KCa'b'-ap2,cb_intrinsic,Kenyon_Cell,,KCa'b'-ap2_L,KCa'b'-ap2,L,L,,acetylcholine,dopamine,0.7365648174223224,,dopamine,acetylcholine,1,True,True
87364,KCa'b'-m,KCa'b'-m,cb_intrinsic,Kenyon_Cell,,KCa'b'-m_R,KCa'b'-m,R,R,,acetylcholine,dopamine,0.6835971001286449,,dopamine,acetylcholine,1,True,True
87382,KCg-m,KCg-m,cb_intrinsic,Kenyon_Cell,,KCg-m_R,KCg-m,R,R,,acetylcholine,dopamine,0.7622524421249833,,dopamine,acetylcholine,1,True,True
87387,KCg-d,KCg-d,cb_intrinsic,Kenyon_Cell,,KCg-d_R,KCg-d,R,R,,acetylcholine,dopamine,0.7555770907279407,,dopamine,acetylcholine,1,True,True
87437,KCg-m,KCg-m,cb_intrinsic,Kenyon_Cell,,KCg-m_R,KCg-m,R,R,,acetylcholine,dopamine,0.6779690893194573,,dopamine,acetylcholine,1,True,True
87533,KCa'b'-m,KCa'b'-m,cb_intrinsic,Kenyon_Cell,,KCa'b'-m_L,KCa'b'-m,L,L,,acetylcholine,dopamine,0.7253966552315609,,dopamine,acetylcholine,1,True,True
87576,KCab-s,KCab-s,cb_intrinsic,Kenyon_Cell,,KCab-s_R,"KCab-m,KCab-c,KCab-s",R,R,,acetylcholine,dopamine,0.7735226352823961,,dopamine,acetylcholine,1,True,True
87642,KCg-m,KCg-m,cb_intrinsic,Kenyon_Cell,,KCg-m_R,KCg-m,R,R,,acetylcholine,dopamine,0.730135847614102,,dopamine,acetylcholine,1,True,True
87660,KCg-m,KCg-m,cb_intrinsic,Kenyon_Cell,,KCg-m_R,KCg-m,R,R,,acetylcholine,dopamine,0.7303580067731011,,dopamine,acetylcholine,1,True,True
87667,KCa'b'-m,KCa'b'-m,cb_intrinsic,Kenyon_Cell,,KCa'b'-m_L,KCa'b'-m,L,L,,acetylcholine,dopamine,0.7042517599342482,,dopamine,acetylcholine,1,True,True
87697,KCg-m,KCg-m,cb_intrinsic,Kenyon_Cell,,KCg-m_L,KCg-m,L,L,,acetylcholine,dopamine,0.7718879857367476,,dopamine,acetylcholine,1,True,True
87719,KCab-s,KCab-s,cb_intrinsic,Kenyon_Cell,,KCab-s_R,"KCab-m,KCab-c,KCab-s",R,R,,acetylcholine,dopamine,0.7957635930208967,,dopamine,acetylcholine,1,True,True
87728,KCab-s,KCab-s,cb_intrinsic,Kenyon_Cell,,KCab-s_R,"KCab-m,KCab-c,KCab-s",R,R,,acetylcholine,dopamine,0.8519779159519725,,dopamine,acetylcholine,1,True,True
87731,KCab-s,KCab-s,cb_intrinsic,Kenyon_Cell,,KCab-s_L,"KCab-m,KCab-c,KCab-s",L,L,,acetylcholine,dopamine,0.8075247976047103,,dopamine,acetylcholine,1,True,True
87732,KCab-c,KCab-c,cb_intrinsic,Kenyon_Cell,,KCab-c_L,"KCab-m,KCab-c,KCab-s",L,L,,acetylcholine,dopamine,0.7266132868241637,,dopamine,acetylcholine,1,True,True
87758,KCab-s,KCab-s,cb_intrinsic,Kenyon_Cell,,KCab-s_R,"KCab-m,KCab-c,KCab-s",R,R,,acetylcholine,dopamine,0.7543351948239716,,dopamine,acetylcholine,1,True,True
87759,KCg-m,KCg-m,cb_intrinsic,Kenyon_Cell,,KCg-m_R,KCg-m,R,R,,acetylcholine,dopamine,0.7837966933485803,,dopamine,acetylcholine,1,True,True
87776,KCab-p,KCab-p,cb_intrinsic,Kenyon_Cell,,KCab-p_R,KCab-p,R,R,,acetylcholine,dopamine,0.6705338641073182,,dopamine,acetylcholine,1,True,True
87784,KCab-s,KCab-s,cb_intrinsic,Kenyon_Cell,,KCab-s_R,"KCab-m,KCab-c,KCab-s",R,R,,acetylcholine,dopamine,0.810269688269073,,dopamine,acetylcholine,1,True,True
87788,KCab-m,KCab-m,cb_intrinsic,Kenyon_Cell,,KCab-m_R,"KCab-m,KCab-c,KCab-s",R,R,,acetylcholine,dopamine,0.6888719070671963,,dopamine,acetylcholine,1,True,True
87844,KCg-m,KCg-m,cb_intrinsic,Kenyon_Cell,,KCg-m_R,KCg-m,R,R,,acetylcholine,dopamine,0.7395371462264151,,dopamine,acetylcholine,1,True,True
87868,KCg-d,KCg-d,cb_intrinsic,Kenyon_Cell,,KCg-d_L,KCg-d,L,L,,acetylcholine,dopamine,0.7980982083747103,,dopamine,acetylcholine,1,True,True
87946,KCab-s,KCab-s,cb_intrinsic,Kenyon_Cell,,KCab-s_R,"KCab-m,KCab-c,KCab-s",R,R,,acetylcholine,dopamine,0.7624089988799863,,dopamine,acetylcholine,1,True,True
87970,M_adPNm5,M_adPNm5,cb_intrinsic,ALPN,,M_adPNm5_L,M_adPNm5,L,L,,acetylcholine,acetylcholine,0.9586466682508687,acetylcholine,acetylcholine,acetylcholine,1,True,True
88000,KCg-m,KCg-m,cb_intrinsic,Kenyon_Cell,,KCg-m_L,KCg-m,L,L,,acetylcholine,dopamine,0.7403474459272894,,dopamine,acetylcholine,1,True,True
88023,KCab-m,KCab-m,cb_intrinsic,Kenyon_Cell,,KCab-m_R,"KCab-m,KCab-c,KCab-s",R,R,,acetylcholine,dopamine,0.7144726497848395,,dopamine,acetylcholine,1,True,True
88028,KCg-m,KCg-m,cb_intrinsic,Kenyon_Cell,,KCg-m_L,KCg-m,L,L,,acetylcholine,dopamine,0.7923559183259427,,dopamine,acetylcholine,1,True,True
88046,KCab-c,KCab-c,cb_intrinsic,Kenyon_Cell,,KCab-c_L,"KCab-m,KCab-c,KCab-s",L,L,,acetylcholine,dopamine,0.7299908703590993,,dopamine,acetylcholine,1,True,True
88068,KCab-s,KCab-s,cb_intrinsic,Kenyon_Cell,,KCab-s_R,"KCab-m,KCab-c,KCab-s",R,R,,acetylcholine,dopamine,0.625263958973234,,dopamine,acetylcholine,1,True,True
88108,KCg-m,KCg-m,cb_intrinsic,Kenyon_Cell,,KCg-m_L,KCg-m,L,L,,acetylcholine,dopamine,0.7839243965886266,,dopamine,acetylcholine,1,True,True
88109,KCa'b'-ap2,KCa'b'-ap2,cb_intrinsic,Kenyon_Cell,,KCa'b'-ap2_R,KCa'b'-ap2,R,R,,acetylcholine,dopamine,0.6796015133647799,,dopamine,acetylcholine,1,True,True
88132,KCg-m,KCg-m,cb_intrinsic,Kenyon_Cell,,KCg-m_L,KCg-m,L,L,,acetylcholine,dopamine,0.7482630820708245,,dopamine,acetylcholine,1,True,True
88185,KCa'b'-ap2,KCa'b'-ap2,cb_intrinsic,Kenyon_Cell,,KCa'b'-ap2_L,KCa'b'-ap2,L,L,,acetylcholine,dopamine,0.7069790035978138,,dopamine,acetylcholine,1,True,True
88192,KCab-c,KCab-c,cb_intrinsic,Kenyon_Cell,,KCab-c_R,"KCab-m,KCab-c,KCab-s",R,R,,acetylcholine,dopamine,0.7394758909853248,,dopamine,acetylcholine,1,True,True
88262,M_vPNml69,M_vPNml69,cb_intrinsic,ALPN,,M_vPNml69_R,M_vPNml69,R,R,,gaba,gaba,0.8700175131348512,gaba,gaba,gaba,-1,True,True
88283,KCa'b'-m,KCa'b'-m,cb_intrinsic,Kenyon_Cell,,KCa'b'-m_R,KCa'b'-m,R,R,,acetylcholine,dopamine,0.707067869645188,,dopamine,acetylcholine,1,True,True
88290,KCg-m,KCg-m,cb_intrinsic,Kenyon_Cell,,KCg-m_R,KCg-m,R,R,,acetylcholine,dopamine,0.6935714922518317,,dopamine,acetylcholine,1,True,True
88342,EPG,EPG,cb_intrinsic,CX,,EPG(PB08)_L3,EPG,L,L,,acetylcholine,acetylcholine,0.9036670307418451,acetylcholine,acetylcholine,acetylcholine,1,True,True
88404,KCab-s,KCab-s,cb_intrinsic,Kenyon_Cell,,KCab-s_L,"KCab-m,KCab-c,KCab-s",L,L,,acetylcholine,dopamine,0.7947229877747155,,dopamine,acetylcholine,1,True,True
88407,KCab-s,KCab-s,cb_intrinsic,Kenyon_Cell,,KCab-s_R,"KCab-m,KCab-c,KCab-s",R,R,,acetylcholine,dopamine,0.7264553497006896,,dopamine,acetylcholine,1,True,True
88428,KCg-m,KCg-m,cb_intrinsic,Kenyon_Cell,,KCg-m_L,KCg-m,L,L,,acetylcholine,dopamine,0.7315917275309394,,dopamine,acetylcholine,1,True,True
88470,CB2772,CB2772,cb_intrinsic,ALPN,,CB2772_R,,R,R,,gaba,gaba,0.7866647096241287,gaba,gaba,gaba,-1,True,True
88476,KCa'b'-ap1,KCa'b'-ap1,cb_intrinsic,Kenyon_Cell,,KCa'b'-ap1_L,KCa'b'-ap1,L,L,,acetylcholine,dopamine,0.6616186190999572,,dopamine,acetylcholine,1,True,True
88477,PAM01,PAM01,cb_intrinsic,DAN,,PAM01(y5)_L,PAM01,L,L,,dopamine,dopamine,0.903320863153329,dopamine,dopamine,dopamine,0,True,True
88554,KCab-m,KCab-m,cb_intrinsic,Kenyon_Cell,,KCab-m_L,"KCab-m,KCab-c,KCab-s",L,L,,acetylcholine,dopamine,0.7343471124426313,,dopamine,acetylcholine,1,True,True
88584,KCg-m,KCg-m,cb_intrinsic,Kenyon_Cell,,KCg-m_R,KCg-m,R,R,,acetylcholine,dopamine,0.7951174709724238,,dopamine,acetylcholine,1,True,True
88588,KCab-m,KCab-m,cb_intrinsic,Kenyon_Cell,,KCab-m_R,"KCab-m,KCab-c,KCab-s",R,R,,acetylcholine,dopamine,0.7127133872416891,,dopamine,acetylcholine,1,True,True
88631,KCab-m,KCab-m,cb_intrinsic,Kenyon_Cell,,KCab-m_L,"KCab-m,KCab-c,KCab-s",L,L,,acetylcholine,dopamine,0.7492278751123091,,dopamine,acetylcholine,1,True,True
88653,KCab-s,KCab-s,cb_intrinsic,Kenyon_Cell,,KCab-s_R,"KCab-m,KCab-c,KCab-s",R,R,,acetylcholine,dopamine,0.7631885009401543,,dopamine,acetylcholine,1,True,True
88655,KCg-m,KCg-m,cb_intrinsic,Kenyon_Cell,,KCg-m_R,KCg-m,R,R,,acetylcholine,dopamine,0.7060521234047751,,dopamine,acetylcholine,1,True,True
88703,KCg-m,KCg-m,cb_intrinsic,Kenyon_Cell,,KCg-m_R,KCg-m,R,R,,acetylcholine,dopamine,0.7639142398140553,,dopamine,acetylcholine,1,True,True
88711,KCa'b'-m,KCa'b'-m,cb_intrinsic,Kenyon_Cell,,KCa'b'-m_L,KCa'b'-m,L,L,,acetylcholine,dopamine,0.7291648212123896,,dopamine,acetylcholine,1,True,True
88775,KCab-s,KCab-s,cb_intrinsic,Kenyon_Cell,,KCab-s_R,"KCab-m,KCab-c,KCab-s",R,R,,acetylcholine,dopamine,0.6962637074665377,,dopamine,acetylcholine,1,True,True
88808,KCa'b'-m,KCa'b'-m,cb_intrinsic,Kenyon_Cell,,KCa'b'-m_L,KCa'b'-m,L,L,,acetylcholine,dopamine,0.7309214959568734,,dopamine,acetylcholine,1,True,True
88822,KCa'b'-ap1,KCa'b'-ap1,cb_intrinsic,Kenyon_Cell,,KCa'b'-ap1_R,KCa'b'-ap1,R,R,,acetylcholine,dopamine,0.7161678311097077,,dopamine,acetylcholine,1,True,True
88824,KCab-p,KCab-p,cb_intrinsic,Kenyon_Cell,,KCab-p_R,KCab-p,R,R,,acetylcholine,dopamine,0.6829460321864596,,dopamine,acetylcholine,1,True,True
88834,KCa'b'-m,KCa'b'-m,cb_intrinsic,Kenyon_Cell,,KCa'b'-m_L,KCa'b'-m,L,L,,acetylcholine,dopamine,0.7160881309466215,,dopamine,acetylcholine,1,True,True
88845,KCg-m,KCg-m,cb_intrinsic,Kenyon_Cell,,KCg-m_L,KCg-m,L,L,,acetylcholine,dopamine,0.7699077246056005,,dopamine,acetylcholine,1,True,True
88869,KCg-m,KCg-m,cb_intrinsic,Kenyon_Cell,,KCg-m_L,KCg-m,L,L,,acetylcholine,dopamine,0.7562290779062689,,dopamine,acetylcholine,1,True,True
88884,KCg-m,KCg-m,cb_intrinsic,Kenyon_Cell,,KCg-m_R,KCg-m,R,R,,acetylcholine,dopamine,0.8083890199161425,,dopamine,acetylcholine,1,True,True
88899,KCab-p,KCab-p,cb_intrinsic,Kenyon_Cell,,KCab-p_R,KCab-p,R,R,,acetylcholine,dopamine,0.709017074142971,,dopamine,acetylcholine,1,True,True
88924,M_vPNml87,M_vPNml87,cb_intrinsic,ALPN,,M_vPNml87_R,M_vPNml87,R,R,,gaba,gaba,0.6800753658748071,,gaba,gaba,-1,True,True
88938,KCab-s,KCab-s,cb_intrinsic,Kenyon_Cell,,KCab-s_R,"KCab-m,KCab-c,KCab-s",R,R,,acetylcholine,dopamine,0.7194728706960879,,dopamine,acetylcholine,1,True,True
88980,KCab-m,KCab-m,cb_intrinsic,Kenyon_Cell,,KCab-m_L,"KCab-m,KCab-c,KCab-s",L,L,,acetylcholine,dopamine,0.838562832607644,,dopamine,acetylcholine,1,True,True
89003,KCab-m,KCab-m,cb_intrinsic,Kenyon_Cell,,KCab-m_R,"KCab-m,KCab-c,KCab-s",R,R,,acetylcholine,dopamine,0.7304368730183481,,dopamine,acetylcholine,1,True,True
89041,KCg-m,KCg-m,cb_intrinsic,Kenyon_Cell,,KCg-m_L,KCg-m,L,L,,acetylcholine,dopamine,0.7462578616352201,,dopamine,acetylcholine,1,True,True
89067,KCab-m,KCab-m,cb_intrinsic,Kenyon_Cell,,KCab-m_L,"KCab-m,KCab-c,KCab-s",L,L,,acetylcholine,dopamine,0.7511852010672766,,dopamine,acetylcholine,1,True,True
89071,KCab-s,KCab-s,cb_intrinsic,Kenyon_Cell,,KCab-s_L,"KCab-m,KCab-c,KCab-s",L,L,,acetylcholine,dopamine,0.7449739654543798,,dopamine,acetylcholine,1,True,True
89158,KCg-m,KCg-m,cb_intrinsic,Kenyon_Cell,,KCg-m_L,KCg-m,L,L,,acetylcholine,dopamine,0.7521322400175516,,dopamine,acetylcholine,1,True,True
89170,KCab-s,KCab-s,cb_intrinsic,Kenyon_Cell,,KCab-s_R,"KCab-m,KCab-c,KCab-s",R,R,,acetylcholine,dopamine,0.7597823221481564,,dopamine,acetylcholine,1,True,True
89269,KCg-m,KCg-m,cb_intrinsic,Kenyon_Cell,,KCg-m_L,KCg-m,L,L,,acetylcholine,dopamine,0.7385541562103046,,dopamine,acetylcholine,1,True,True
89323,KCab-s,KCab-s,cb_intrinsic,Kenyon_Cell,,KCab-s_L,"KCab-m,KCab-c,KCab-s",L,L,,acetylcholine,dopamine,0.7944805230755603,,dopamine,acetylcholine,1,True,True
89327,KCg-d,KCg-d,cb_intrinsic,Kenyon_Cell,,KCg-d_R,KCg-d,R,R,,acetylcholine,dopamine,0.7851166617786033,,dopamine,acetylcholine,1,True,True
89338,KCab-m,KCab-m,cb_intrinsic,Kenyon_Cell,,KCab-m_L,"KCab-m,KCab-c,KCab-s",L,L,,acetylcholine,dopamine,0.7055675189134992,,dopamine,acetylcholine,1,True,True
89384,KCab-m,KCab-m,cb_intrinsic,Kenyon_Cell,,KCab-m_R,"KCab-m,KCab-c,KCab-s",R,R,,acetylcholine,dopamine,0.7507195670253132,,dopamine,acetylcholine,1,True,True
89419,KCa'b'-m,KCa'b'-m,cb_intrinsic,Kenyon_Cell,,KCa'b'-m_L,KCa'b'-m,L,L,,acetylcholine,dopamine,0.785542566766931,,dopamine,acetylcholine,1,True,True
89435,KCab-s,KCab-s,cb_intrinsic,Kenyon_Cell,,KCab-s_R,"KCab-m,KCab-c,KCab-s",R,R,,acetylcholine,dopamine,0.8020779040272421,,dopamine,acetylcholine,1,True,True
89442,KCg-m,KCg-m,cb_intrinsic,Kenyon_Cell,,KCg-m_L,KCg-m,L,L,,acetylcholine,dopamine,0.7794811320754718,,dopamine,acetylcholine,1,True,True
89461,KCa'b'-ap2,KCa'b'-ap2,cb_intrinsic,Kenyon_Cell,,KCa'b'-ap2_R,KCa'b'-ap2,R,R,,acetylcholine,dopamine,0.7256355135265264,,dopamine,acetylcholine,1,True,True
89471,KCg-m,KCg-m,cb_intrinsic,Kenyon_Cell,,KCg-m_R,KCg-m,R,R,,acetylcholine,dopamine,0.7128840106434445,,dopamine,acetylcholine,1,True,True
89505,KCab-s,KCab-s,cb_intrinsic,Kenyon_Cell,,KCab-s_R,"KCab-m,KCab-c,KCab-s",R,R,,acetylcholine,dopamine,0.7292629847140655,,dopamine,acetylcholine,1,True,True
89530,KCa'b'-ap2,KCa'b'-ap2,cb_intrinsic,Kenyon_Cell,,KCa'b'-ap2_R,KCa'b'-ap2,R,R,,acetylcholine,dopamine,0.7261907701932893,,dopamine,acetylcholine,1,True,True
89536,KCg-m,KCg-m,cb_intrinsic,Kenyon_Cell,,KCg-m_L,KCg-m,L,L,,acetylcholine,dopamine,0.7338770598362672,,dopamine,acetylcholine,1,True,True
89552,KCab-c,KCab-c,cb_intrinsic,Kenyon_Cell,,KCab-c_R,"KCab-m,KCab-c,KCab-s",R,R,,acetylcholine,dopamine,0.6728416602490053,,dopamine,acetylcholine,1,True,True
89574,KCab-s,KCab-s,cb_intrinsic,Kenyon_Cell,,KCab-s_R,"KCab-m,KCab-c,KCab-s",R,R,,acetylcholine,dopamine,0.7410753134765239,,dopamine,acetylcholine,1,True,True
89617,KCab-c,KCab-c,cb_intrinsic,Kenyon_Cell,,KCab-c_L,"KCab-m,KCab-c,KCab-s",L,L,,acetylcholine,dopamine,0.6920878256963162,,dopamine,acetylcholine,1,True,True
89623,KCab-m,KCab-m,cb_intrinsic,Kenyon_Cell,,KCab-m_R,"KCab-m,KCab-c,KCab-s",R,R,,acetylcholine,dopamine,0.7253725063875787,,dopamine,acetylcholine,1,True,True
89658,KCab-s,KCab-s,cb_intrinsic,Kenyon_Cell,,KCab-s_R,"KCab-m,KCab-c,KCab-s",R,R,,acetylcholine,dopamine,0.7739078763470522,,dopamine,acetylcholine,1,True,True
89659,KCab-c,KCab-c,cb_intrinsic,Kenyon_Cell,,KCab-c_R,"KCab-m,KCab-c,KCab-s",R,R,,acetylcholine,dopamine,0.7448387545859538,,dopamine,acetylcholine,1,True,True
89707,KCa'b'-m,KCa'b'-m,cb_intrinsic,Kenyon_Cell,,KCa'b'-m_L,KCa'b'-m,L,L,,acetylcholine,dopamine,0.7841264576781971,,dopamine,acetylcholine,1,True,True
89718,KCab-s,KCab-s,cb_intrinsic,Kenyon_Cell,,KCab-s_R,"KCab-m,KCab-c,KCab-s",R,R,,acetylcholine,dopamine,0.7754241564677886,,dopamine,acetylcholine,1,True,True
89719,KCab-m,KCab-m,cb_intrinsic,Kenyon_Cell,,KCab-m_R,"KCab-m,KCab-c,KCab-s",R,R,,acetylcholine,dopamine,0.7517889523940687,,dopamine,acetylcholine,1,True,True
89758,M_vPNml83,M_vPNml83,cb_intrinsic,ALPN,,M_vPNml83_R,M_vPNml83,R,R,,gaba,gaba,0.6059636537515719,,gaba,gaba,-1,True,True
89761,KCg-m,KCg-m,cb_intrinsic,Kenyon_Cell,,KCg-m_R,KCg-m,R,R,,acetylcholine,dopamine,0.7387597334531297,,dopamine,acetylcholine,1,True,True
89782,KCg-m,KCg-m,cb_intrinsic,Kenyon_Cell,,KCg-m_L,KCg-m,L,L,,acetylcholine,dopamine,0.775066369583768,,dopamine,acetylcholine,1,True,True
89804,KCab-c,KCab-c,cb_intrinsic,Kenyon_Cell,,KCab-c_R,"KCab-m,KCab-c,KCab-s",R,R,,acetylcholine,dopamine,0.7078500360861945,,dopamine,acetylcholine,1,True,True
89834,KCab-m,KCab-m,cb_intrinsic,Kenyon_Cell,,KCab-m_R,"KCab-m,KCab-c,KCab-s",R,R,,acetylcholine,dopamine,0.7022508426850824,,dopamine,acetylcholine,1,True,True
89839,KCg-m,KCg-m,cb_intrinsic,Kenyon_Cell,,KCg-m_R,KCg-m,R,R,,acetylcholine,dopamine,0.7424087331992466,,dopamine,acetylcholine,1,True,True
89841,KCg-m,KCg-m,cb_intrinsic,Kenyon_Cell,,KCg-m_R,KCg-m,R,R,,acetylcholine,dopamine,0.7548483426389424,,dopamine,acetylcholine,1,True,True
89858,KCg-m,KCg-m,cb_intrinsic,Kenyon_Cell,,KCg-m_L,KCg-m,L,L,,acetylcholine,dopamine,0.7802855115815309,,dopamine,acetylcholine,1,True,True
89862,KCab-s,KCab-s,cb_intrinsic,Kenyon_Cell,,KCab-s_R,"KCab-m,KCab-c,KCab-s",R,R,,acetylcholine,dopamine,0.751869535204786,,dopamine,acetylcholine,1,True,True
89871,M_adPNm5,M_adPNm5,cb_intrinsic,ALPN,,M_adPNm5_L,M_adPNm5,L,L,,acetylcholine,acetylcholine,0.9668749436020796,acetylcholine,acetylcholine,acetylcholine,1,True,True
90091,KCa'b'-m,KCa'b'-m,cb_intrinsic,Kenyon_Cell,,KCa'b'-m_L,KCa'b'-m,L,L,,acetylcholine,dopamine,0.7245457721872817,,dopamine,acetylcholine,1,True,True
90098,KCab-s,KCab-s,cb_intrinsic,Kenyon_Cell,,KCab-s_R,"KCab-m,KCab-c,KCab-s",R,R,,acetylcholine,dopamine,0.7082901902132229,,dopamine,acetylcholine,1,True,True
90138,KCab-m,KCab-m,cb_intrinsic,Kenyon_Cell,,KCab-m_R,"KCab-m,KCab-c,KCab-s",R,R,,acetylcholine,dopamine,0.708799636206684,,dopamine,acetylcholine,1,True,True
90139,KCab-c,KCab-c,cb_intrinsic,Kenyon_Cell,,KCab-c_L,"KCab-m,KCab-c,KCab-s",L,L,,acetylcholine,dopamine,0.712799504834319,,dopamine,acetylcholine,1,True,True
90153,KCa'b'-ap1,KCa'b'-ap1,cb_intrinsic,Kenyon_Cell,,KCa'b'-ap1_L,KCa'b'-ap1,L,L,,acetylcholine,dopamine,0.6219245504473382,,dopamine,acetylcholine,1,True,True
90181,KCab-s,KCab-s,cb_intrinsic,Kenyon_Cell,,KCab-s_R,"KCab-m,KCab-c,KCab-s",R,R,,acetylcholine,dopamine,0.757842257950217,,dopamine,acetylcholine,1,True,True
90189,KCg-m,KCg-m,cb_intrinsic,Kenyon_Cell,,KCg-m_L,KCg-m,L,L,,acetylcholine,dopamine,0.7117279471053055,,dopamine,acetylcholine,1,True,True
90266,KCab-m,KCab-m,cb_intrinsic,Kenyon_Cell,,KCab-m_R,"KCab-m,KCab-c,KCab-s",R,R,,acetylcholine,dopamine,0.835826797757066,,dopamine,acetylcholine,1,True,True
90291,KCa'b'-m,KCa'b'-m,cb_intrinsic,Kenyon_Cell,,KCa'b'-m_R,KCa'b'-m,R,R,,acetylcholine,dopamine,0.7625776084502499,,dopamine,acetylcholine,1,True,True
90296,KCg-m,KCg-m,cb_intrinsic,Kenyon_Cell,,KCg-m_L,KCg-m,L,L,,acetylcholine,dopamine,0.740307325760493,,dopamine,acetylcholine,1,True,True
90323,KCa'b'-ap1,KCa'b'-ap1,cb_intrinsic,Kenyon_Cell,,KCa'b'-ap1_R,KCa'b'-ap1,R,R,,acetylcholine,dopamine,0.7322909009229763,,dopamine,acetylcholine,1,True,True
90352,KCab-s,KCab-s,cb_intrinsic,Kenyon_Cell,,KCab-s_R,"KCab-m,KCab-c,KCab-s",R,R,,acetylcholine,dopamine,0.7592703895313451,,dopamine,acetylcholine,1,True,True
90363,KCg-m,KCg-m,cb_intrinsic,Kenyon_Cell,,KCg-m_L,KCg-m,L,L,,acetylcholine,dopamine,0.7721700068838199,,dopamine,acetylcholine,1,True,True
90367,KCg-m,KCg-m,cb_intrinsic,Kenyon_Cell,,KCg-m_R,KCg-m,R,R,,acetylcholine,dopamine,0.7304123890122086,,dopamine,acetylcholine,1,True,True
90393,KCg-m,KCg-m,cb_intrinsic,Kenyon_Cell,,KCg-m_L,KCg-m,L,L,,acetylcholine,dopamine,0.7664509510661144,,dopamine,acetylcholine,1,True,True
90403,KCab-s,KCab-s,cb_intrinsic,Kenyon_Cell,,KCab-s_R,"KCab-m,KCab-c,KCab-s",R,R,,acetylcholine,dopamine,0.8111206185764688,,dopamine,acetylcholine,1,True,True
90439,KCab-m,KCab-m,cb_intrinsic,Kenyon_Cell,,KCab-m_R,"KCab-m,KCab-c,KCab-s",R,R,,acetylcholine,dopamine,0.7615607582962621,,dopamine,acetylcholine,1,True,True
90459,KCab-c,KCab-c,cb_intrinsic,Kenyon_Cell,,KCab-c_R,"KCab-m,KCab-c,KCab-s",R,R,,acetylcholine,dopamine,0.7535404467577531,,dopamine,acetylcholine,1,True,True
90473,KCab-s,KCab-s,cb_intrinsic,Kenyon_Cell,,KCab-s_R,"KCab-m,KCab-c,KCab-s",R,R,,acetylcholine,dopamine,0.773025856044724,,dopamine,acetylcholine,1,True,True
90525,KCa'b'-m,KCa'b'-m,cb_intrinsic,Kenyon_Cell,,KCa'b'-m_L,KCa'b'-m,L,L,,acetylcholine,dopamine,0.7742493535102002,,dopamine,acetylcholine,1,True,True
90549,M_vPNml68,M_vPNml68,cb_intrinsic,ALPN,,M_vPNml68_L,M_vPNml68,L,L,,gaba,gaba,0.8541124199134287,gaba,gaba,gaba,-1,True,True
90554,CB2703,CB2703,cb_intrinsic,ALPN,,CB2703_R,,R,R,,gaba,gaba,0.7283554199954863,gaba,gaba,gaba,-1,True,True
90569,KCg-m,KCg-m,cb_intrinsic,Kenyon_Cell,,KCg-m_L,KCg-m,L,L,,acetylcholine,dopamine,0.7383487244220037,,dopamine,acetylcholine,1,True,True
90614,KCa'b'-m,KCa'b'-m,cb_intrinsic,Kenyon_Cell,,KCa'b'-m_L,KCa'b'-m,L,L,,acetylcholine,dopamine,0.6993867924528301,,dopamine,acetylcholine,1,True,True
90640,KCg-m,KCg-m,cb_intrinsic,Kenyon_Cell,,KCg-m_L,KCg-m,L,L,,acetylcholine,dopamine,0.7756846174004193,,dopamine,acetylcholine,1,True,True
90649,KCa'b'-ap2,KCa'b'-ap2,cb_intrinsic,Kenyon_Cell,,KCa'b'-ap2_L,KCa'b'-ap2,L,L,,acetylcholine,dopamine,0.7651475009004516,,dopamine,acetylcholine,1,True,True
90650,KCab-s,KCab-s,cb_intrinsic,Kenyon_Cell,,KCab-s_R,"KCab-m,KCab-c,KCab-s",R,R,,acetylcholine,dopamine,0.7622760625119116,,dopamine,acetylcholine,1,True,True
90672,KCab-s,KCab-s,cb_intrinsic,Kenyon_Cell,,KCab-s_R,"KCab-m,KCab-c,KCab-s",R,R,,acetylcholine,dopamine,0.8097795188856909,,dopamine,acetylcholine,1,True,True
90678,PAM08,PAM08,cb_intrinsic,DAN,,PAM08(y4)_L,PAM08,L,L,,dopamine,dopamine,0.9128171408344035,dopamine,dopamine,dopamine,0,True,True
90790,KCg-d,KCg-d,cb_intrinsic,Kenyon_Cell,,KCg-d_L,KCg-d,L,L,,acetylcholine,dopamine,0.717443300933867,,dopamine,acetylcholine,1,True,True
90805,KCab-s,KCab-s,cb_intrinsic,Kenyon_Cell,,KCab-s_R,"KCab-m,KCab-c,KCab-s",R,R,,acetylcholine,dopamine,0.7041414176192444,,dopamine,acetylcholine,1,True,True
90809,KCab-m,KCab-m,cb_intrinsic,Kenyon_Cell,,KCab-m_R,"KCab-m,KCab-c,KCab-s",R,R,,acetylcholine,dopamine,0.7071452877123815,,dopamine,acetylcholine,1,True,True
90812,KCab-s,KCab-s,cb_intrinsic,Kenyon_Cell,,KCab-s_R,"KCab-m,KCab-c,KCab-s",R,R,,acetylcholine,dopamine,0.7100914154778339,,dopamine,acetylcholine,1,True,True
90867,PAM01,PAM01,cb_intrinsic,DAN,,PAM01(y5)_R,PAM01,R,R,,dopamine,dopamine,0.8939341170528237,dopamine,dopamine,dopamine,0,True,True
90870,KCg-m,KCg-m,cb_intrinsic,Kenyon_Cell,,KCg-m_L,KCg-m,L,L,,acetylcholine,dopamine,0.6815369297321457,,dopamine,acetylcholine,1,True,True
90902,PAM08,PAM08,cb_intrinsic,DAN,,PAM08(y4)_R,PAM08,R,R,,dopamine,dopamine,0.9067873242097876,dopamine,dopamine,dopamine,0,True,True
90905,KCab-s,KCab-s,cb_intrinsic,Kenyon_Cell,,KCab-s_R,"KCab-m,KCab-c,KCab-s",R,R,,acetylcholine,dopamine,0.7181051843715,,dopamine,acetylcholine,1,True,True
90919,KCab-m,KCab-m,cb_intrinsic,Kenyon_Cell,,KCab-m_L,"KCab-m,KCab-c,KCab-s",L,L,,acetylcholine,dopamine,0.8079795597484277,,dopamine,acetylcholine,1,True,True
90928,KCab-s,KCab-s,cb_intrinsic,Kenyon_Cell,,KCab-s_R,"KCab-m,KCab-c,KCab-s",R,R,,acetylcholine,dopamine,0.7907672643591986,,dopamine,acetylcholine,1,True,True
90935,KCab-s,KCab-s,cb_intrinsic,Kenyon_Cell,,KCab-s_R,"KCab-m,KCab-c,KCab-s",R,R,,acetylcholine,dopamine,0.743114589812703,,dopamine,acetylcholine,1,True,True
90944,KCab-s,KCab-s,cb_intrinsic,Kenyon_Cell,,KCab-s_R,"KCab-m,KCab-c,KCab-s",R,R,,acetylcholine,dopamine,0.6982280870759147,,dopamine,acetylcholine,1,True,True
91027,M_adPNm5,M_adPNm5,cb_intrinsic,ALPN,,M_adPNm5_R,M_adPNm5,R,R,,acetylcholine,acetylcholine,0.9506689651117821,acetylcholine,acetylcholine,acetylcholine,1,True,True
91041,KCg-m,KCg-m,cb_intrinsic,Kenyon_Cell,,KCg-m_R,KCg-m,R,R,,acetylcholine,dopamine,0.7164573830257793,,dopamine,acetylcholine,1,True,True
91091,KCa'b'-ap2,KCa'b'-ap2,cb_intrinsic,Kenyon_Cell,,KCa'b'-ap2_L,KCa'b'-ap2,L,L,,acetylcholine,dopamine,0.7049975230464376,,dopamine,acetylcholine,1,True,True
91244,KCg-d,KCg-d,cb_intrinsic,Kenyon_Cell,,KCg-d_R,KCg-d,R,R,,acetylcholine,dopamine,0.7619386239372965,,dopamine,acetylcholine,1,True,True
91287,KCab-c,KCab-c,cb_intrinsic,Kenyon_Cell,,KCab-c_L,"KCab-m,KCab-c,KCab-s",L,L,,acetylcholine,dopamine,0.7215174690159083,,dopamine,acetylcholine,1,True,True
91344,KCg-m,KCg-m,cb_intrinsic,Kenyon_Cell,,KCg-m_L,KCg-m,L,L,,acetylcholine,dopamine,0.7435871518418689,,dopamine,acetylcholine,1,True,True
91382,KCab-p,KCab-p,cb_intrinsic,Kenyon_Cell,,KCab-p_R,KCab-p,R,R,,acetylcholine,dopamine,0.6715458532242176,,dopamine,acetylcholine,1,True,True
91386,KCa'b'-m,KCa'b'-m,cb_intrinsic,Kenyon_Cell,,KCa'b'-m_R,KCa'b'-m,R,R,,acetylcholine,dopamine,0.722430127711462,,dopamine,acetylcholine,1,True,True
91391,PAM12,PAM12,cb_intrinsic,DAN,,PAM12(y3)_L,PAM12,L,L,,dopamine,dopamine,0.9126756834809395,dopamine,dopamine,dopamine,0,True,True
91435,KCab-m,KCab-m,cb_intrinsic,Kenyon_Cell,,KCab-m_L,"KCab-m,KCab-c,KCab-s",L,L,,acetylcholine,dopamine,0.7875869079205975,,dopamine,acetylcholine,1,True,True
91487,KCg-d,KCg-d,cb_intrinsic,Kenyon_Cell,,KCg-d_L,KCg-d,L,L,,acetylcholine,dopamine,0.8082652421211808,,dopamine,acetylcholine,1,True,True
91493,KCab-s,KCab-s,cb_intrinsic,Kenyon_Cell,,KCab-s_R,"KCab-m,KCab-c,KCab-s",R,R,,acetylcholine,dopamine,0.7617843599704033,,dopamine,acetylcholine,1,True,True
91497,KCa'b'-ap2,KCa'b'-ap2,cb_intrinsic,Kenyon_Cell,,KCa'b'-ap2_R,KCa'b'-ap2,R,R,,acetylcholine,dopamine,0.7646183157292888,,dopamine,acetylcholine,1,True,True
91544,KCab-s,KCab-s,cb_intrinsic,Kenyon_Cell,,KCab-s_R,"KCab-m,KCab-c,KCab-s",R,R,,acetylcholine,dopamine,0.7876009680601801,,dopamine,acetylcholine,1,True,True
91595,KCab-s,KCab-s,cb_intrinsic,Kenyon_Cell,,KCab-s_R,"KCab-m,KCab-c,KCab-s",R,R,,acetylcholine,dopamine,0.7707773837396135,,dopamine,acetylcholine,1,True,True
91608,KCg-m,KCg-m,cb_intrinsic,Kenyon_Cell,,KCg-m_L,KCg-m,L,L,,acetylcholine,dopamine,0.7863692280118616,,dopamine,acetylcholine,1,True,True
91751,KCab-p,KCab-p,cb_intrinsic,Kenyon_Cell,,KCab-p_R,KCab-p,R,R,,acetylcholine,dopamine,0.6866769850628931,,dopamine,acetylcholine,1,True,True
91797,KCab-m,KCab-m,cb_intrinsic,Kenyon_Cell,,KCab-m_R,"KCab-m,KCab-c,KCab-s",R,R,,acetylcholine,dopamine,0.7565182681709135,,dopamine,acetylcholine,1,True,True
91799,M_adPNm8,M_adPNm8,cb_intrinsic,ALPN,,M_adPNm8_R,M_adPNm8,R,R,,acetylcholine,acetylcholine,0.9660960165218336,acetylcholine,acetylcholine,acetylcholine,1,True,True
91800,KCab-m,KCab-m,cb_intrinsic,Kenyon_Cell,,KCab-m_L,"KCab-m,KCab-c,KCab-s",L,L,,acetylcholine,dopamine,0.7429478028798411,,dopamine,acetylcholine,1,True,True
91875,PAM12,PAM12,cb_intrinsic,DAN,,PAM12(y3)_L,PAM12,L,L,,dopamine,dopamine,0.8954046964381657,dopamine,dopamine,dopamine,0,True,True
91910,KCg-m,KCg-m,cb_intrinsic,Kenyon_Cell,,KCg-m_L,KCg-m,L,L,,acetylcholine,dopamine,0.7453463487071977,,dopamine,acetylcholine,1,True,True
91926,KCg-d,KCg-d,cb_intrinsic,Kenyon_Cell,,KCg-d_L,KCg-d,L,L,,acetylcholine,dopamine,0.7555559782241158,,dopamine,acetylcholine,1,True,True
91928,KCg-m,KCg-m,cb_intrinsic,Kenyon_Cell,,KCg-m_L,KCg-m,L,L,,acetylcholine,dopamine,0.7984049358737205,,dopamine,acetylcholine,1,True,True
91960,KCab-p,KCab-p,cb_intrinsic,Kenyon_Cell,,KCab-p_R,KCab-p,R,R,,acetylcholine,dopamine,0.626411087195457,,dopamine,acetylcholine,1,True,True
91981,KCab-m,KCab-m,cb_intrinsic,Kenyon_Cell,,KCab-m_L,"KCab-m,KCab-c,KCab-s",L,L,,acetylcholine,dopamine,0.7561857866436219,,dopamine,acetylcholine,1,True,True
92008,KCg-d,KCg-d,cb_intrinsic,Kenyon_Cell,,KCg-d_L,KCg-d,L,L,,acetylcholine,dopamine,0.7479089671270182,,dopamine,acetylcholine,1,True,True
92013,KCg-d,KCg-d,cb_intrinsic,Kenyon_Cell,,KCg-d_L,KCg-d,L,L,,acetylcholine,dopamine,0.7706548529661738,,dopamine,acetylcholine,1,True,True
92030,KCg-m,KCg-m,cb_intrinsic,Kenyon_Cell,,KCg-m_L,KCg-m,L,L,,acetylcholine,dopamine,0.7730086835334476,,dopamine,acetylcholine,1,True,True
92031,KCab-s,KCab-s,cb_intrinsic,Kenyon_Cell,,KCab-s_R,"KCab-m,KCab-c,KCab-s",R,R,,acetylcholine,dopamine,0.7816405125991697,,dopamine,acetylcholine,1,True,True
92040,KCab-s,KCab-s,cb_intrinsic,Kenyon_Cell,,KCab-s_R,"KCab-m,KCab-c,KCab-s",R,R,,acetylcholine,dopamine,0.7602680011288502,,dopamine,acetylcholine,1,True,True
92106,KCab-s,KCab-s,cb_intrinsic,Kenyon_Cell,,KCab-s_R,"KCab-m,KCab-c,KCab-s",R,R,,acetylcholine,dopamine,0.789457691862484,,dopamine,acetylcholine,1,True,True
92112,MBON34,MBON34,cb_intrinsic,MBON,,MBON34(y2)_R,MBON34,R,R,,glutamate,glutamate,0.8214601081139855,,glutamate,glutamate,-1,True,True
92130,KCg-m,KCg-m,cb_intrinsic,Kenyon_Cell,,KCg-m_L,KCg-m,L,L,,acetylcholine,dopamine,0.7692421760253079,,dopamine,acetylcholine,1,True,True
92149,KCa'b'-ap2,KCa'b'-ap2,cb_intrinsic,Kenyon_Cell,,KCa'b'-ap2_R,KCa'b'-ap2,R,R,,acetylcholine,dopamine,0.7194467322218895,,dopamine,acetylcholine,1,True,True
92168,KCg-d,KCg-d,cb_intrinsic,Kenyon_Cell,,KCg-d_L,KCg-d,L,L,,acetylcholine,dopamine,0.7699951130375658,,dopamine,acetylcholine,1,True,True
92188,EPG,EPG,cb_intrinsic,CX,,EPG(PB08)_R7,EPG,R,R,,acetylcholine,acetylcholine,0.8768095396973506,acetylcholine,acetylcholine,acetylcholine,1,True,True
92190,KCa'b'-ap1,KCa'b'-ap1,cb_intrinsic,Kenyon_Cell,,KCa'b'-ap1_R,KCa'b'-ap1,R,R,,acetylcholine,dopamine,0.6826336122257322,,dopamine,acetylcholine,1,True,True
92252,KCab-m,KCab-m,cb_intrinsic,Kenyon_Cell,,KCab-m_R,"KCab-m,KCab-c,KCab-s",R,R,,acetylcholine,dopamine,0.7561425576519917,,dopamine,acetylcholine,1,True,True
92274,KCab-c,KCab-c,cb_intrinsic,Kenyon_Cell,,KCab-c_R,"KCab-m,KCab-c,KCab-s",R,R,,acetylcholine,dopamine,0.6785492623067101,,dopamine,acetylcholine,1,True,True
92275,KCab-s,KCab-s,cb_intrinsic,Kenyon_Cell,,KCab-s_L,"KCab-m,KCab-c,KCab-s",L,L,,acetylcholine,dopamine,0.7988033978600017,,dopamine,acetylcholine,1,True,True
92278,KCg-m,KCg-m,cb_intrinsic,Kenyon_Cell,,KCg-m_R,KCg-m,R,R,,acetylcholine,dopamine,0.7556635645079041,,dopamine,acetylcholine,1,True,True
92294,KCa'b'-m,KCa'b'-m,cb_intrinsic,Kenyon_Cell,,KCa'b'-m_R,KCa'b'-m,R,R,,acetylcholine,dopamine,0.7120995093681056,,dopamine,acetylcholine,1,True,True
92324,PAM06,PAM06,cb_intrinsic,DAN,,PAM06(B'2m)_R,PAM06,R,R,,dopamine,dopamine,0.9152736652435385,dopamine,dopamine,dopamine,0,True,True
92335,KCab-s,KCab-s,cb_intrinsic,Kenyon_Cell,,KCab-s_R,"KCab-m,KCab-c,KCab-s",R,R,,acetylcholine,dopamine,0.7320456266014442,,dopamine,acetylcholine,1,True,True
92358,KCab-c,KCab-c,cb_intrinsic,Kenyon_Cell,,KCab-c_L,"KCab-m,KCab-c,KCab-s",L,L,,acetylcholine,dopamine,0.7471352030352748,,dopamine,acetylcholine,1,True,True
92402,KCa'b'-m,KCa'b'-m,cb_intrinsic,Kenyon_Cell,,KCa'b'-m_L,KCa'b'-m,L,L,,acetylcholine,dopamine,0.7102689954105048,,dopamine,acetylcholine,1,True,True
92424,KCg-m,KCg-m,cb_intrinsic,Kenyon_Cell,,KCg-m_L,KCg-m,L,L,,acetylcholine,dopamine,0.7948057843918859,,dopamine,acetylcholine,1,True,True
92430,KCab-c,KCab-c,cb_intrinsic,Kenyon_Cell,,KCab-c_R,"KCab-m,KCab-c,KCab-s",R,R,,acetylcholine,dopamine,0.7277908805031447,,dopamine,acetylcholine,1,True,True
92484,KCab-m,KCab-m,cb_intrinsic,Kenyon_Cell,,KCab-m_R,"KCab-m,KCab-c,KCab-s",R,R,,acetylcholine,dopamine,0.7159639971537437,,dopamine,acetylcholine,1,True,True
92494,KCab-s,KCab-s,cb_intrinsic,Kenyon_Cell,,KCab-s_R,"KCab-m,KCab-c,KCab-s",R,R,,acetylcholine,dopamine,0.8011657406335609,,dopamine,acetylcholine,1,True,True
92504,KCab-s,KCab-s,cb_intrinsic,Kenyon_Cell,,KCab-s_R,"KCab-m,KCab-c,KCab-s",R,R,,acetylcholine,dopamine,0.7793380801687764,,dopamine,acetylcholine,1,True,True
92532,KCab-m,KCab-m,cb_intrinsic,Kenyon_Cell,,KCab-m_R,"KCab-m,KCab-c,KCab-s",R,R,,acetylcholine,dopamine,0.824016816229483,,dopamine,acetylcholine,1,True,True
92563,KCab-m,KCab-m,cb_intrinsic,Kenyon_Cell,,KCab-m_R,"KCab-m,KCab-c,KCab-s",R,R,,acetylcholine,dopamine,0.7754340508459563,,dopamine,acetylcholine,1,True,True
92574,KCab-m,KCab-m,cb_intrinsic,Kenyon_Cell,,KCab-m_R,"KCab-m,KCab-c,KCab-s",R,R,,acetylcholine,dopamine,0.7666337761519703,,dopamine,acetylcholine,1,True,True
92628,KCab-s,KCab-s,cb_intrinsic,Kenyon_Cell,,KCab-s_R,"KCab-m,KCab-c,KCab-s",R,R,,acetylcholine,dopamine,0.7619876566978993,,dopamine,acetylcholine,1,True,True
92633,KCa'b'-ap2,KCa'b'-ap2,cb_intrinsic,Kenyon_Cell,,KCa'b'-ap2_L,KCa'b'-ap2,L,L,,acetylcholine,dopamine,0.6940619604760142,,dopamine,acetylcholine,1,True,True
92635,KCab-m,KCab-m,cb_intrinsic,Kenyon_Cell,,KCab-m_R,"KCab-m,KCab-c,KCab-s",R,R,,acetylcholine,dopamine,0.720627041587441,,dopamine,acetylcholine,1,True,True
92662,KCa'b'-ap1,KCa'b'-ap1,cb_intrinsic,Kenyon_Cell,,KCa'b'-ap1_R,KCa'b'-ap1,R,R,,acetylcholine,dopamine,0.7174499639675053,,dopamine,acetylcholine,1,True,True
92679,KCg-m,KCg-m,cb_intrinsic,Kenyon_Cell,,KCg-m_L,KCg-m,L,L,,acetylcholine,dopamine,0.7369423152515724,,dopamine,acetylcholine,1,True,True
92687,KCab-c,KCab-c,cb_intrinsic,Kenyon_Cell,,KCab-c_R,"KCab-m,KCab-c,KCab-s",R,R,,acetylcholine,dopamine,0.7365677936923288,,dopamine,acetylcholine,1,True,True
92716,KCab-s,KCab-s,cb_intrinsic,Kenyon_Cell,,KCab-s_R,"KCab-m,KCab-c,KCab-s",R,R,,acetylcholine,dopamine,0.7973819713440793,,dopamine,acetylcholine,1,True,True
92739,M_adPNm5,M_adPNm5,cb_intrinsic,ALPN,,M_adPNm5_L,M_adPNm5,L,L,,acetylcholine,acetylcholine,0.9556261477075729,acetylcholine,acetylcholine,acetylcholine,1,True,True
92784,KCg-m,KCg-m,cb_intrinsic,Kenyon_Cell,,KCg-m_R,KCg-m,R,R,,acetylcholine,dopamine,0.6781860410619255,,dopamine,acetylcholine,1,True,True
92794,KCab-c,KCab-c,cb_intrinsic,Kenyon_Cell,,KCab-c_R,"KCab-m,KCab-c,KCab-s",R,R,,acetylcholine,dopamine,0.8136555875844397,,dopamine,acetylcholine,1,True,True
92809,KCab-m,KCab-m,cb_intrinsic,Kenyon_Cell,,KCab-m_R,"KCab-m,KCab-c,KCab-s",R,R,,acetylcholine,dopamine,0.7034451234038498,,dopamine,acetylcholine,1,True,True
92847,KCa'b'-ap1,KCa'b'-ap1,cb_intrinsic,Kenyon_Cell,,KCa'b'-ap1_L,KCa'b'-ap1,L,L,,acetylcholine,dopamine,0.6678844678161957,,dopamine,acetylcholine,1,True,True
92877,KCab-s,KCab-s,cb_intrinsic,Kenyon_Cell,,KCab-s_R,"KCab-m,KCab-c,KCab-s",R,R,,acetylcholine,dopamine,0.6901671605386228,,dopamine,acetylcholine,1,True,True
92909,M_vPNml67,M_vPNml67,cb_intrinsic,ALPN,,M_vPNml67_R,M_vPNml67,R,R,,gaba,gaba,0.8683244474580363,gaba,gaba,gaba,-1,True,True
92924,KCg-m,KCg-m,cb_intrinsic,Kenyon_Cell,,KCg-m_R,KCg-m,R,R,,acetylcholine,dopamine,0.7713323841405095,,dopamine,acetylcholine,1,True,True
92927,KCg-m,KCg-m,cb_intrinsic,Kenyon_Cell,,KCg-m_R,KCg-m,R,R,,acetylcholine,dopamine,0.8206684053775248,,dopamine,acetylcholine,1,True,True
92952,KCab-m,KCab-m,cb_intrinsic,Kenyon_Cell,,KCab-m_R,"KCab-m,KCab-c,KCab-s",R,R,,acetylcholine,dopamine,0.7001216938054622,,dopamine,acetylcholine,1,True,True
92960,KCab-s,KCab-s,cb_intrinsic,Kenyon_Cell,,KCab-s_R,"KCab-m,KCab-c,KCab-s",R,R,,acetylcholine,dopamine,0.8017281038900536,,dopamine,acetylcholine,1,True,True
92967,KCg-d,KCg-d,cb_intrinsic,Kenyon_Cell,,KCg-d_L,KCg-d,L,L,,acetylcholine,dopamine,0.7585554245283019,,dopamine,acetylcholine,1,True,True
92973,M_lvPNm45,M_lvPNm45,cb_intrinsic,ALPN,,M_lvPNm45_R,M_lvPNm45,R,R,,acetylcholine,acetylcholine,0.9229264816317245,acetylcholine,acetylcholine,acetylcholine,1,True,True
92985,KCab-m,KCab-m,cb_intrinsic,Kenyon_Cell,,KCab-m_R,"KCab-m,KCab-c,KCab-s",R,R,,acetylcholine,dopamine,0.7448527536970933,,dopamine,acetylcholine,1,True,True
93017,KCa'b'-m,KCa'b'-m,cb_intrinsic,Kenyon_Cell,,KCa'b'-m_L,KCa'b'-m,L,L,,acetylcholine,dopamine,0.7372710344028055,,dopamine,acetylcholine,1,True,True
93044,KCg-m,KCg-m,cb_intrinsic,Kenyon_Cell,,KCg-m_L,KCg-m,L,L,,acetylcholine,dopamine,0.8060853744734868,,dopamine,acetylcholine,1,True,True
93050,KCab-s,KCab-s,cb_intrinsic,Kenyon_Cell,,KCab-s_L,"KCab-m,KCab-c,KCab-s",L,L,,acetylcholine,dopamine,0.8187442988141533,,dopamine,acetylcholine,1,True,True
93065,KCg-m,KCg-m,cb_intrinsic,Kenyon_Cell,,KCg-m_L,KCg-m,L,L,,acetylcholine,dopamine,0.7268586250966939,,dopamine,acetylcholine,1,True,True
93108,KCab-p,KCab-p,cb_intrinsic,Kenyon_Cell,,KCab-p_R,KCab-p,R,R,,acetylcholine,dopamine,0.7038268550022339,,dopamine,acetylcholine,1,True,True
93113,KCab-m,KCab-m,cb_intrinsic,Kenyon_Cell,,KCab-m_R,"KCab-m,KCab-c,KCab-s",R,R,,acetylcholine,dopamine,0.780945251218995,,dopamine,acetylcholine,1,True,True
93128,KCab-m,KCab-m,cb_intrinsic,Kenyon_Cell,,KCab-m_R,"KCab-m,KCab-c,KCab-s",R,R,,acetylcholine,dopamine,0.7482933031703248,,dopamine,acetylcholine,1,True,True
93150,KCab-c,KCab-c,cb_intrinsic,Kenyon_Cell,,KCab-c_R,"KCab-m,KCab-c,KCab-s",R,R,,acetylcholine,dopamine,0.7108800602356276,,dopamine,acetylcholine,1,True,True
93216,KCg-m,KCg-m,cb_intrinsic,Kenyon_Cell,,KCg-m_L,KCg-m,L,L,,acetylcholine,dopamine,0.766292526151139,,dopamine,acetylcholine,1,True,True
93263,KCa'b'-ap1,KCa'b'-ap1,cb_intrinsic,Kenyon_Cell,,KCa'b'-ap1_R,KCa'b'-ap1,R,R,,acetylcholine,dopamine,0.6796241996713694,,dopamine,acetylcholine,1,True,True
93288,KCab-s,KCab-s,cb_intrinsic,Kenyon_Cell,,KCab-s_R,"KCab-m,KCab-c,KCab-s",R,R,,acetylcholine,dopamine,0.763292034223638,,dopamine,acetylcholine,1,True,True
93301,KCab-m,KCab-m,cb_intrinsic,Kenyon_Cell,,KCab-m_R,"KCab-m,KCab-c,KCab-s",R,R,,acetylcholine,dopamine,0.7149135220125786,,dopamine,acetylcholine,1,True,True
93314,KCab-c,KCab-c,cb_intrinsic,Kenyon_Cell,,KCab-c_R,"KCab-m,KCab-c,KCab-s",R,R,,acetylcholine,dopamine,0.7004384373488147,,dopamine,acetylcholine,1,True,True
93325,KCab-m,KCab-m,cb_intrinsic,Kenyon_Cell,,KCab-m_R,"KCab-m,KCab-c,KCab-s",R,R,,acetylcholine,dopamine,0.743826159591195,,dopamine,acetylcholine,1,True,True
93326,KCab-s,KCab-s,cb_intrinsic,Kenyon_Cell,,KCab-s_R,"KCab-m,KCab-c,KCab-s",R,R,,acetylcholine,dopamine,0.786639559340031,,dopamine,acetylcholine,1,True,True
93327,KCg-m,KCg-m,cb_intrinsic,Kenyon_Cell,,KCg-m_L,KCg-m,L,L,,acetylcholine,dopamine,0.7490616432833415,,dopamine,acetylcholine,1,True,True
93380,KCa'b'-ap2,KCa'b'-ap2,cb_intrinsic,Kenyon_Cell,,KCa'b'-ap2_R,KCa'b'-ap2,R,R,,acetylcholine,dopamine,0.724664621866964,,dopamine,acetylcholine,1,True,True
93409,KCab-s,KCab-s,cb_intrinsic,Kenyon_Cell,,KCab-s_L,"KCab-m,KCab-c,KCab-s",L,L,,acetylcholine,dopamine,0.7822748203054806,,dopamine,acetylcholine,1,True,True
93462,KCg-m,KCg-m,cb_intrinsic,Kenyon_Cell,,KCg-m_R,KCg-m,R,R,,acetylcholine,dopamine,0.6833511616317833,,dopamine,acetylcholine,1,True,True
93464,KCab-s,KCab-s,cb_intrinsic,Kenyon_Cell,,KCab-s_R,"KCab-m,KCab-c,KCab-s",R,R,,acetylcholine,dopamine,0.7947836389405616,,dopamine,acetylcholine,1,True,True
93485,KCg-m,KCg-m,cb_intrinsic,Kenyon_Cell,,KCg-m_R,KCg-m,R,R,,acetylcholine,dopamine,0.7714353590401173,,dopamine,acetylcholine,1,True,True
93582,KCa'b'-m,KCa'b'-m,cb_intrinsic,Kenyon_Cell,,KCa'b'-m_R,KCa'b'-m,R,R,,acetylcholine,dopamine,0.7307722544750846,,dopamine,acetylcholine,1,True,True
93593,KCab-m,KCab-m,cb_intrinsic,Kenyon_Cell,,KCab-m_R,"KCab-m,KCab-c,KCab-s",R,R,,acetylcholine,dopamine,0.7219579839273236,,dopamine,acetylcholine,1,True,True
93616,KCg-m,KCg-m,cb_intrinsic,Kenyon_Cell,,KCg-m_L,KCg-m,L,L,,acetylcholine,dopamine,0.769434869375907,,dopamine,acetylcholine,1,True,True
93644,KCa'b'-ap2,KCa'b'-ap2,cb_intrinsic,Kenyon_Cell,,KCa'b'-ap2_L,KCa'b'-ap2,L,L,,acetylcholine,dopamine,0.7419850100121274,,dopamine,acetylcholine,1,True,True
93704,PAM01,PAM01,cb_intrinsic,DAN,,PAM01(y5)_L,PAM01,L,L,,dopamine,dopamine,0.904746462264151,dopamine,dopamine,dopamine,0,True,True
93772,KCg-m,KCg-m,cb_intrinsic,Kenyon_Cell,,KCg-m_R,KCg-m,R,R,,acetylcholine,dopamine,0.79585240363659,,dopamine,acetylcholine,1,True,True
93786,KCab-m,KCab-m,cb_intrinsic,Kenyon_Cell,,KCab-m_L,"KCab-m,KCab-c,KCab-s",L,L,,acetylcholine,dopamine,0.6995710147080672,,dopamine,acetylcholine,1,True,True
93797,KCab-c,KCab-c,cb_intrinsic,Kenyon_Cell,,KCab-c_R,"KCab-m,KCab-c,KCab-s",R,R,,acetylcholine,dopamine,0.6985491440866316,,dopamine,acetylcholine,1,True,True
93803,KCg-m,KCg-m,cb_intrinsic,Kenyon_Cell,,KCg-m_L,KCg-m,L,L,,acetylcholine,dopamine,0.7710979444700107,,dopamine,acetylcholine,1,True,True
93837,KCab-s,KCab-s,cb_intrinsic,Kenyon_Cell,,KCab-s_R,"KCab-m,KCab-c,KCab-s",R,R,,acetylcholine,dopamine,0.8140034822158264,,dopamine,acetylcholine,1,True,True
93841,KCab-s,KCab-s,cb_intrinsic,Kenyon_Cell,,KCab-s_L,"KCab-m,KCab-c,KCab-s",L,L,,acetylcholine,dopamine,0.7085773606010721,,dopamine,acetylcholine,1,True,True
93859,KCg-m,KCg-m,cb_intrinsic,Kenyon_Cell,,KCg-m_R,KCg-m,R,R,,acetylcholine,dopamine,0.755704550407871,,dopamine,acetylcholine,1,True,True
93889,KCab-m,KCab-m,cb_intrinsic,Kenyon_Cell,,KCab-m_R,"KCab-m,KCab-c,KCab-s",R,R,,acetylcholine,dopamine,0.7260146789636722,,dopamine,acetylcholine,1,True,True
93893,KCab-s,KCab-s,cb_intrinsic,Kenyon_Cell,,KCab-s_R,"KCab-m,KCab-c,KCab-s",R,R,,acetylcholine,dopamine,0.7951795073375262,,dopamine,acetylcholine,1,True,True
93902,KCa'b'-ap2,KCa'b'-ap2,cb_intrinsic,Kenyon_Cell,,KCa'b'-ap2_L,KCa'b'-ap2,L,L,,acetylcholine,dopamine,0.7378720379899625,,dopamine,acetylcholine,1,True,True
93976,KCab-p,KCab-p,cb_intrinsic,Kenyon_Cell,,KCab-p_R,KCab-p,R,R,,acetylcholine,dopamine,0.7187220761590541,,dopamine,acetylcholine,1,True,True
94001,KCg-m,KCg-m,cb_intrinsic,Kenyon_Cell,,KCg-m_R,KCg-m,R,R,,acetylcholine,dopamine,0.7715549191374663,,dopamine,acetylcholine,1,True,True
94018,KCab-m,KCab-m,cb_intrinsic,Kenyon_Cell,,KCab-m_R,"KCab-m,KCab-c,KCab-s",R,R,,acetylcholine,dopamine,0.7806577033329055,,dopamine,acetylcholine,1,True,True
94050,KCab-m,KCab-m,cb_intrinsic,Kenyon_Cell,,KCab-m_R,"KCab-m,KCab-c,KCab-s",R,R,,acetylcholine,dopamine,0.7092626562621321,,dopamine,acetylcholine,1,True,True
94078,KCa'b'-ap2,KCa'b'-ap2,cb_intrinsic,Kenyon_Cell,,KCa'b'-ap2_L,KCa'b'-ap2,L,L,,acetylcholine,dopamine,0.6438342823956031,,dopamine,acetylcholine,1,True,True
94101,KCab-s,KCab-s,cb_intrinsic,Kenyon_Cell,,KCab-s_R,"KCab-m,KCab-c,KCab-s",R,R,,acetylcholine,dopamine,0.7218605242345497,,dopamine,acetylcholine,1,True,True
94119,M_vPNml54,M_vPNml54,cb_intrinsic,ALPN,,M_vPNml54_R,M_vPNml54,R,R,,gaba,gaba,0.7862081439519394,gaba,gaba,gaba,-1,True,True
94171,KCab-m,KCab-m,cb_intrinsic,Kenyon_Cell,,KCab-m_L,"KCab-m,KCab-c,KCab-s",L,L,,acetylcholine,dopamine,0.7662337111442921,,dopamine,acetylcholine,1,True,True
94240,KCab-p,KCab-p,cb_intrinsic,Kenyon_Cell,,KCab-p_R,KCab-p,R,R,,acetylcholine,dopamine,0.6773771812183993,,dopamine,acetylcholine,1,True,True
94250,PAM05,PAM05,cb_intrinsic,DAN,,PAM05(B'2p)_L,PAM05,L,L,,dopamine,dopamine,0.9074368779385724,dopamine,dopamine,dopamine,0,True,True
94310,KCg-m,KCg-m,cb_intrinsic,Kenyon_Cell,,KCg-m_L,KCg-m,L,L,,acetylcholine,dopamine,0.7344031478145444,,dopamine,acetylcholine,1,True,True
94336,KCab-s,KCab-s,cb_intrinsic,Kenyon_Cell,,KCab-s_R,"KCab-m,KCab-c,KCab-s",R,R,,acetylcholine,dopamine,0.7683926731336389,,dopamine,acetylcholine,1,True,True
94430,KCab-m,KCab-m,cb_intrinsic,Kenyon_Cell,,KCab-m_L,"KCab-m,KCab-c,KCab-s",L,L,,acetylcholine,dopamine,0.725211782826338,,dopamine,acetylcholine,1,True,True
94489,KCab-c,KCab-c,cb_intrinsic,Kenyon_Cell,,KCab-c_R,"KCab-m,KCab-c,KCab-s",R,R,,acetylcholine,dopamine,0.8248767152658661,,dopamine,acetylcholine,1,True,True
94490,KCab-s,KCab-s,cb_intrinsic,Kenyon_Cell,,KCab-s_R,"KCab-m,KCab-c,KCab-s",R,R,,acetylcholine,dopamine,0.7672248993258224,,dopamine,acetylcholine,1,True,True
94491,KCab-m,KCab-m,cb_intrinsic,Kenyon_Cell,,KCab-m_R,"KCab-m,KCab-c,KCab-s",R,R,,acetylcholine,dopamine,0.7275729764834564,,dopamine,acetylcholine,1,True,True
94509,KCab-c,KCab-c,cb_intrinsic,Kenyon_Cell,,KCab-c_R,"KCab-m,KCab-c,KCab-s",R,R,,acetylcholine,dopamine,0.6953640031825414,,dopamine,acetylcholine,1,True,True
94518,KCab-m,KCab-m,cb_intrinsic,Kenyon_Cell,,KCab-m_R,"KCab-m,KCab-c,KCab-s",R,R,,acetylcholine,dopamine,0.6531166848089018,,dopamine,acetylcholine,1,True,True
94530,KCg-m,KCg-m,cb_intrinsic,Kenyon_Cell,,KCg-m_L,KCg-m,L,L,,acetylcholine,dopamine,0.7316958065002072,,dopamine,acetylcholine,1,True,True
94606,KCg-m,KCg-m,cb_intrinsic,Kenyon_Cell,,KCg-m_L,KCg-m,L,L,,acetylcholine,dopamine,0.768369812984593,,dopamine,acetylcholine,1,True,True
94614,KCab-s,KCab-s,cb_intrinsic,Kenyon_Cell,,KCab-s_L,"KCab-m,KCab-c,KCab-s",L,L,,acetylcholine,dopamine,0.7561232172911684,,dopamine,acetylcholine,1,True,True
94622,KCab-c,KCab-c,cb_intrinsic,Kenyon_Cell,,KCab-c_R,"KCab-m,KCab-c,KCab-s",R,R,,acetylcholine,dopamine,0.7216307277628032,,dopamine,acetylcholine,1,True,True
94663,KCg-m,KCg-m,cb_intrinsic,Kenyon_Cell,,KCg-m_L,KCg-m,L,L,,acetylcholine,dopamine,0.7434572091929701,,dopamine,acetylcholine,1,True,True
94674,KCg-m,KCg-m,cb_intrinsic,Kenyon_Cell,,KCg-m_R,KCg-m,R,R,,acetylcholine,dopamine,0.7406960570875665,,dopamine,acetylcholine,1,True,True
94721,KCab-m,KCab-m,cb_intrinsic,Kenyon_Cell,,KCab-m_R,"KCab-m,KCab-c,KCab-s",R,R,,acetylcholine,dopamine,0.6966674981857766,,dopamine,acetylcholine,1,True,True
94754,KCab-s,KCab-s,cb_intrinsic,Kenyon_Cell,,KCab-s_R,"KCab-m,KCab-c,KCab-s",R,R,,acetylcholine,dopamine,0.7389034952056913,,dopamine,acetylcholine,1,True,True
94785,KCab-c,KCab-c,cb_intrinsic,Kenyon_Cell,,KCab-c_R,"KCab-m,KCab-c,KCab-s",R,R,,acetylcholine,dopamine,0.7641523178079782,,dopamine,acetylcholine,1,True,True
94790,KCab-s,KCab-s,cb_intrinsic,Kenyon_Cell,,KCab-s_R,"KCab-m,KCab-c,KCab-s",R,R,,acetylcholine,dopamine,0.734228639769838,,dopamine,acetylcholine,1,True,True
94802,KCa'b'-m,KCa'b'-m,cb_intrinsic,Kenyon_Cell,,KCa'b'-m_R,KCa'b'-m,R,R,,acetylcholine,dopamine,0.6653441103249476,,dopamine,acetylcholine,1,True,True
94839,KCab-c,KCab-c,cb_intrinsic,Kenyon_Cell,,KCab-c_R,"KCab-m,KCab-c,KCab-s",R,R,,acetylcholine,dopamine,0.7031275635767023,,dopamine,acetylcholine,1,True,True
94845,KCab-p,KCab-p,cb_intrinsic,Kenyon_Cell,,KCab-p_L,KCab-p,L,L,,acetylcholine,dopamine,0.6138430293501048,,dopamine,acetylcholine,1,True,True
94914,KCg-m,KCg-m,cb_intrinsic,Kenyon_Cell,,KCg-m_L,KCg-m,L,L,,acetylcholine,dopamine,0.7183852748834444,,dopamine,acetylcholine,1,True,True
94922,PAM05,PAM05,cb_intrinsic,DAN,,PAM05(B'2p)_L,PAM05,L,L,,dopamine,dopamine,0.900456723569931,dopamine,dopamine,dopamine,0,True,True
94974,KCg-m,KCg-m,cb_intrinsic,Kenyon_Cell,,KCg-m_R,KCg-m,R,R,,acetylcholine,dopamine,0.7534328404353049,,dopamine,acetylcholine,1,True,True
94993,KCab-s,KCab-s,cb_intrinsic,Kenyon_Cell,,KCab-s_L,"KCab-m,KCab-c,KCab-s",L,L,,acetylcholine,dopamine,0.8260873526594193,,dopamine,acetylcholine,1,True,True
95042,KCg-m,KCg-m,cb_intrinsic,Kenyon_Cell,,KCg-m_L,KCg-m,L,L,,acetylcholine,dopamine,0.7455153995560488,,dopamine,acetylcholine,1,True,True
95072,KCg-m,KCg-m,cb_intrinsic,Kenyon_Cell,,KCg-m_L,KCg-m,L,L,,acetylcholine,dopamine,0.7412491948927786,,dopamine,acetylcholine,1,True,True
95078,KCab-s,KCab-s,cb_intrinsic,Kenyon_Cell,,KCab-s_L,"KCab-m,KCab-c,KCab-s",L,L,,acetylcholine,dopamine,0.7720125786163522,,dopamine,acetylcholine,1,True,True
95081,KCg-m,KCg-m,cb_intrinsic,Kenyon_Cell,,KCg-m_L,KCg-m,L,L,,acetylcholine,dopamine,0.74909429099397,,dopamine,acetylcholine,1,True,True
95092,KCab-m,KCab-m,cb_intrinsic,Kenyon_Cell,,KCab-m_L,"KCab-m,KCab-c,KCab-s",L,L,,acetylcholine,dopamine,0.678134973716324,,dopamine,acetylcholine,1,True,True
95158,KCg-m,KCg-m,cb_intrinsic,Kenyon_Cell,,KCg-m_R,KCg-m,R,R,,acetylcholine,dopamine,0.7198607672386806,,dopamine,acetylcholine,1,True,True
95167,KCg-m,KCg-m,cb_intrinsic,Kenyon_Cell,,KCg-m_R,KCg-m,R,R,,acetylcholine,dopamine,0.7315691449535789,,dopamine,acetylcholine,1,True,True
95186,KCab-c,KCab-c,cb_intrinsic,Kenyon_Cell,,KCab-c_L,"KCab-m,KCab-c,KCab-s",L,L,,acetylcholine,dopamine,0.74056462377268,,dopamine,acetylcholine,1,True,True
95189,KCg-m,KCg-m,cb_intrinsic,Kenyon_Cell,,KCg-m_L,KCg-m,L,L,,acetylcholine,dopamine,0.7219054398680779,,dopamine,acetylcholine,1,True,True
95213,KCg-m,KCg-m,cb_intrinsic,Kenyon_Cell,,KCg-m_R,KCg-m,R,R,,acetylcholine,dopamine,0.7946764845692554,,dopamine,acetylcholine,1,True,True
95265,KCab-s,KCab-s,cb_intrinsic,Kenyon_Cell,,KCab-s_L,"KCab-m,KCab-c,KCab-s",L,L,,acetylcholine,dopamine,0.8171165587843732,,dopamine,acetylcholine,1,True,True
95291,KCg-d,KCg-d,cb_intrinsic,Kenyon_Cell,,KCg-d_L,KCg-d,L,L,,acetylcholine,dopamine,0.7127393174250832,,dopamine,acetylcholine,1,True,True
95307,KCab-s,KCab-s,cb_intrinsic,Kenyon_Cell,,KCab-s_L,"KCab-m,KCab-c,KCab-s",L,L,,acetylcholine,dopamine,0.7995295781262762,,dopamine,acetylcholine,1,True,True
95349,KCab-p,KCab-p,cb_intrinsic,Kenyon_Cell,,KCab-p_L,KCab-p,L,L,,acetylcholine,dopamine,0.7265756027253668,,dopamine,acetylcholine,1,True,True
95358,KCa'b'-ap1,KCa'b'-ap1,cb_intrinsic,Kenyon_Cell,,KCa'b'-ap1_R,KCa'b'-ap1,R,R,,acetylcholine,dopamine,0.7078227124183007,,dopamine,acetylcholine,1,True,True
95367,KCab-m,KCab-m,cb_intrinsic,Kenyon_Cell,,KCab-m_R,"KCab-m,KCab-c,KCab-s",R,R,,acetylcholine,dopamine,0.7349154874213837,,dopamine,acetylcholine,1,True,True
95368,KCg-m,KCg-m,cb_intrinsic,Kenyon_Cell,,KCg-m_L,KCg-m,L,L,,acetylcholine,dopamine,0.7814532794249774,,dopamine,acetylcholine,1,True,True
95369,M_vPNml69,M_vPNml69,cb_intrinsic,ALPN,,M_vPNml69_R,M_vPNml69,R,R,,gaba,gaba,0.8400040955637044,gaba,gaba,gaba,-1,True,True
95397,KCab-m,KCab-m,cb_intrinsic,Kenyon_Cell,,KCab-m_R,"KCab-m,KCab-c,KCab-s",R,R,,acetylcholine,dopamine,0.7296975529530833,,dopamine,acetylcholine,1,True,True
95404,KCg-m,KCg-m,cb_intrinsic,Kenyon_Cell,,KCg-m_L,KCg-m,L,L,,acetylcholine,dopamine,0.7636419529108208,,dopamine,acetylcholine,1,True,True
95484,KCg-d,KCg-d,cb_intrinsic,Kenyon_Cell,,KCg-d_L,KCg-d,L,L,,acetylcholine,dopamine,0.7314996180222436,,dopamine,acetylcholine,1,True,True
95517,KCa'b'-ap1,KCa'b'-ap1,cb_intrinsic,Kenyon_Cell,,KCa'b'-ap1_L,KCa'b'-ap1,L,L,,acetylcholine,dopamine,0.6909067085953878,,dopamine,acetylcholine,1,True,True
95518,KCa'b'-ap2,KCa'b'-ap2,cb_intrinsic,Kenyon_Cell,,KCa'b'-ap2_L,KCa'b'-ap2,L,L,,acetylcholine,dopamine,0.6995670458307002,,dopamine,acetylcholine,1,True,True
95523,PAM08,PAM08,cb_intrinsic,DAN,,PAM08(y4)_L,PAM08,L,L,,dopamine,dopamine,0.8555774950026815,dopamine,dopamine,dopamine,0,True,True
95533,KCab-m,KCab-m,cb_intrinsic,Kenyon_Cell,,KCab-m_L,"KCab-m,KCab-c,KCab-s",L,L,,acetylcholine,dopamine,0.7413169594448059,,dopamine,acetylcholine,1,True,True
95548,KCab-c,KCab-c,cb_intrinsic,Kenyon_Cell,,KCab-c_R,"KCab-m,KCab-c,KCab-s",R,R,,acetylcholine,dopamine,0.7187017918594992,,dopamine,acetylcholine,1,True,True
95581,KCab-c,KCab-c,cb_intrinsic,Kenyon_Cell,,KCab-c_R,"KCab-m,KCab-c,KCab-s",R,R,,acetylcholine,dopamine,0.7895220588235294,,dopamine,acetylcholine,1,True,True
95583,KCab-s,KCab-s,cb_intrinsic,Kenyon_Cell,,KCab-s_L,"KCab-m,KCab-c,KCab-s",L,L,,acetylcholine,dopamine,0.7192633185349612,,dopamine,acetylcholine,1,True,True
95585,KCab-s,KCab-s,cb_intrinsic,Kenyon_Cell,,KCab-s_R,"KCab-m,KCab-c,KCab-s",R,R,,acetylcholine,dopamine,0.8237114221397395,,dopamine,acetylcholine,1,True,True
95590,KCab-s,KCab-s,cb_intrinsic,Kenyon_Cell,,KCab-s_R,"KCab-m,KCab-c,KCab-s",R,R,,acetylcholine,dopamine,0.8142902310637135,,dopamine,acetylcholine,1,True,True
95591,KCab-p,KCab-p,cb_intrinsic,Kenyon_Cell,,KCab-p_R,KCab-p,R,R,,acetylcholine,dopamine,0.7022708737436079,,dopamine,acetylcholine,1,True,True
95639,KCa'b'-ap2,KCa'b'-ap2,cb_intrinsic,Kenyon_Cell,,KCa'b'-ap2_L,KCa'b'-ap2,L,L,,acetylcholine,dopamine,0.712573293370021,,dopamine,acetylcholine,1,True,True
95653,KCab-c,KCab-c,cb_intrinsic,Kenyon_Cell,,KCab-c_R,"KCab-m,KCab-c,KCab-s",R,R,,acetylcholine,dopamine,0.7379163223614745,,dopamine,acetylcholine,1,True,True
95665,M_vPNml72,M_vPNml72,cb_intrinsic,ALPN,,M_vPNml72_L,M_vPNml72,L,L,,gaba,gaba,0.771456937630214,gaba,gaba,gaba,-1,True,True
95699,KCab-s,KCab-s,cb_intrinsic,Kenyon_Cell,,KCab-s_R,"KCab-m,KCab-c,KCab-s",R,R,,acetylcholine,dopamine,0.7704917265648397,,dopamine,acetylcholine,1,True,True
95707,KCab-s,KCab-s,cb_intrinsic,Kenyon_Cell,,KCab-s_R,"KCab-m,KCab-c,KCab-s",R,R,,acetylcholine,dopamine,0.7351953761938038,,dopamine,acetylcholine,1,True,True
95720,M_adPNm5,M_adPNm5,cb_intrinsic,ALPN,,M_adPNm5_R,M_adPNm5,R,R,,acetylcholine,acetylcholine,0.8959250702499052,acetylcholine,acetylcholine,acetylcholine,1,True,True
95735,KCa'b'-m,KCa'b'-m,cb_intrinsic,Kenyon_Cell,,KCa'b'-m_L,KCa'b'-m,L,L,,acetylcholine,dopamine,0.7199640998234037,,dopamine,acetylcholine,1,True,True
95778,KCa'b'-ap2,KCa'b'-ap2,cb_intrinsic,Kenyon_Cell,,KCa'b'-ap2_L,KCa'b'-ap2,L,L,,acetylcholine,dopamine,0.7416744574763442,,dopamine,acetylcholine,1,True,True
95783,KCab-m,KCab-m,cb_intrinsic,Kenyon_Cell,,KCab-m_R,"KCab-m,KCab-c,KCab-s",R,R,,acetylcholine,dopamine,0.7625109005866497,,dopamine,acetylcholine,1,True,True
95835,M_vPNml75,M_vPNml75,cb_intrinsic,ALPN,,M_vPNml75_R,M_vPNml75,R,R,,gaba,gaba,0.8059875456953388,,gaba,gaba,-1,True,True
95861,KCg-m,KCg-m,cb_intrinsic,Kenyon_Cell,,KCg-m_L,KCg-m,L,L,,acetylcholine,dopamine,0.785298945807671,,dopamine,acetylcholine,1,True,True
95941,KCg-m,KCg-m,cb_intrinsic,Kenyon_Cell,,KCg-m_L,KCg-m,L,L,,acetylcholine,dopamine,0.7761788248747183,,dopamine,acetylcholine,1,True,True
95970,KCab-p,KCab-p,cb_intrinsic,Kenyon_Cell,,KCab-p_L,KCab-p,L,L,,acetylcholine,dopamine,0.6296373568779229,,dopamine,acetylcholine,1,True,True
96041,KCab-s,KCab-s,cb_intrinsic,Kenyon_Cell,,KCab-s_L,"KCab-m,KCab-c,KCab-s",L,L,,acetylcholine,dopamine,0.8153703157756813,,dopamine,acetylcholine,1,True,True
96065,KCa'b'-m,KCa'b'-m,cb_intrinsic,Kenyon_Cell,,KCa'b'-m_R,KCa'b'-m,R,R,,acetylcholine,dopamine,0.6762656491040703,,dopamine,acetylcholine,1,True,True
96131,KCab-s,KCab-s,cb_intrinsic,Kenyon_Cell,,KCab-s_R,"KCab-m,KCab-c,KCab-s",R,R,,acetylcholine,dopamine,0.7587673808441313,,dopamine,acetylcholine,1,True,True
96191,KCab-m,KCab-m,cb_intrinsic,Kenyon_Cell,,KCab-m_R,"KCab-m,KCab-c,KCab-s",R,R,,acetylcholine,dopamine,0.7135263801537387,,dopamine,acetylcholine,1,True,True
96231,KCg-m,KCg-m,cb_intrinsic,Kenyon_Cell,,KCg-m_L,KCg-m,L,L,,acetylcholine,dopamine,0.7454439041019647,,dopamine,acetylcholine,1,True,True
96263,KCab-s,KCab-s,cb_intrinsic,Kenyon_Cell,,KCab-s_L,"KCab-m,KCab-c,KCab-s",L,L,,acetylcholine,dopamine,0.8347305603201829,,dopamine,acetylcholine,1,True,True
96273,KCab-c,KCab-c,cb_intrinsic,Kenyon_Cell,,KCab-c_R,"KCab-m,KCab-c,KCab-s",R,R,,acetylcholine,dopamine,0.7035201726214372,,dopamine,acetylcholine,1,True,True
96274,KCab-c,KCab-c,cb_intrinsic,Kenyon_Cell,,KCab-c_R,"KCab-m,KCab-c,KCab-s",R,R,,acetylcholine,dopamine,0.7407670118692959,,dopamine,acetylcholine,1,True,True
96304,KCg-d,KCg-d,cb_intrinsic,Kenyon_Cell,,KCg-d_R,KCg-d,R,R,,acetylcholine,dopamine,0.7758865977150771,,dopamine,acetylcholine,1,True,True
96324,KCg-m,KCg-m,cb_intrinsic,Kenyon_Cell,,KCg-m_R,KCg-m,R,R,,acetylcholine,dopamine,0.7572469632507091,,dopamine,acetylcholine,1,True,True
96383,KCab-s,KCab-s,cb_intrinsic,Kenyon_Cell,,KCab-s_R,"KCab-m,KCab-c,KCab-s",R,R,,acetylcholine,dopamine,0.8048092698933551,,dopamine,acetylcholine,1,True,True
96497,PAM07,PAM07,cb_intrinsic,DAN,,PAM07(y4<y1y2)_R,PAM07,R,R,,dopamine,dopamine,0.913324517616169,dopamine,dopamine,dopamine,0,True,True
96571,PAM12,PAM12,cb_intrinsic,DAN,,PAM12(y3)_L,PAM12,L,L,,dopamine,dopamine,0.8962137721137226,dopamine,dopamine,dopamine,0,True,True
96624,KCg-m,KCg-m,cb_intrinsic,Kenyon_Cell,,KCg-m_L,KCg-m,L,L,,acetylcholine,dopamine,0.7838020384382084,,dopamine,acetylcholine,1,True,True
96688,KCg-m,KCg-m,cb_intrinsic,Kenyon_Cell,,KCg-m_L,KCg-m,L,L,,acetylcholine,dopamine,0.7783857761926676,,dopamine,acetylcholine,1,True,True
96710,CB2703,CB2703,cb_intrinsic,ALPN,,CB2703_L,,L,L,,gaba,gaba,0.8297954097956407,gaba,gaba,gaba,-1,True,True
96711,KCab-s,KCab-s,cb_intrinsic,Kenyon_Cell,,KCab-s_R,"KCab-m,KCab-c,KCab-s",R,R,,acetylcholine,dopamine,0.7696349133302653,,dopamine,acetylcholine,1,True,True
96721,KCg-m,KCg-m,cb_intrinsic,Kenyon_Cell,,KCg-m_L,KCg-m,L,L,,acetylcholine,dopamine,0.7280046052857683,,dopamine,acetylcholine,1,True,True
96723,KCab-p,KCab-p,cb_intrinsic,Kenyon_Cell,,KCab-p_L,KCab-p,L,L,,acetylcholine,dopamine,0.7198881770393317,,dopamine,acetylcholine,1,True,True
96746,KCab-m,KCab-m,cb_intrinsic,Kenyon_Cell,,KCab-m_L,"KCab-m,KCab-c,KCab-s",L,L,,acetylcholine,dopamine,0.7714724165937773,,dopamine,acetylcholine,1,True,True
96781,KCab-m,KCab-m,cb_intrinsic,Kenyon_Cell,,KCab-m_R,"KCab-m,KCab-c,KCab-s",R,R,,acetylcholine,dopamine,0.8013485384505432,,dopamine,acetylcholine,1,True,True
96825,KCab-p,KCab-p,cb_intrinsic,Kenyon_Cell,,KCab-p_L,KCab-p,L,L,,acetylcholine,dopamine,0.7185446258214967,,dopamine,acetylcholine,1,True,True
96847,KCab-m,KCab-m,cb_intrinsic,Kenyon_Cell,,KCab-m_L,"KCab-m,KCab-c,KCab-s",L,L,,acetylcholine,dopamine,0.753675045231326,,dopamine,acetylcholine,1,True,True
96850,KCab-c,KCab-c,cb_intrinsic,Kenyon_Cell,,KCab-c_R,"KCab-m,KCab-c,KCab-s",R,R,,acetylcholine,dopamine,0.6752422324356286,,dopamine,acetylcholine,1,True,True
96902,KCab-s,KCab-s,cb_intrinsic,Kenyon_Cell,,KCab-s_R,"KCab-m,KCab-c,KCab-s",R,R,,acetylcholine,dopamine,0.7953254361652986,,dopamine,acetylcholine,1,True,True
96961,KCa'b'-ap2,KCa'b'-ap2,cb_intrinsic,Kenyon_Cell,,KCa'b'-ap2_R,KCa'b'-ap2,R,R,,acetylcholine,dopamine,0.7136761709005305,,dopamine,acetylcholine,1,True,True
96963,KCab-s,KCab-s,cb_intrinsic,Kenyon_Cell,,KCab-s_R,"KCab-m,KCab-c,KCab-s",R,R,,acetylcholine,dopamine,0.7982521323339364,,dopamine,acetylcholine,1,True,True
96977,KCab-s,KCab-s,cb_intrinsic,Kenyon_Cell,,KCab-s_R,"KCab-m,KCab-c,KCab-s",R,R,,acetylcholine,dopamine,0.7745737905937266,,dopamine,acetylcholine,1,True,True
97024,KCab-s,KCab-s,cb_intrinsic,Kenyon_Cell,,KCab-s_L,"KCab-m,KCab-c,KCab-s",L,L,,acetylcholine,dopamine,0.8421484574196838,,dopamine,acetylcholine,1,True,True
97057,M_adPNm5,M_adPNm5,cb_intrinsic,ALPN,,M_adPNm5_L,M_adPNm5,L,L,,acetylcholine,acetylcholine,0.953804341767664,acetylcholine,acetylcholine,acetylcholine,1,True,True
97075,KCab-m,KCab-m,cb_intrinsic,Kenyon_Cell,,KCab-m_L,"KCab-m,KCab-c,KCab-s",L,L,,acetylcholine,dopamine,0.7412171731720198,,dopamine,acetylcholine,1,True,True
97181,KCg-m,KCg-m,cb_intrinsic,Kenyon_Cell,,KCg-m_L,KCg-m,L,L,,acetylcholine,dopamine,0.7329525110529921,,dopamine,acetylcholine,1,True,True
97239,KCg-m,KCg-m,cb_intrinsic,Kenyon_Cell,,KCg-m_L,KCg-m,L,L,,acetylcholine,dopamine,0.742464642005143,,dopamine,acetylcholine,1,True,True
97258,KCab-m,KCab-m,cb_intrinsic,Kenyon_Cell,,KCab-m_R,"KCab-m,KCab-c,KCab-s",R,R,,acetylcholine,dopamine,0.6731976473328675,,dopamine,acetylcholine,1,True,True
97305,KCg-m,KCg-m,cb_intrinsic,Kenyon_Cell,,KCg-m_R,KCg-m,R,R,,acetylcholine,dopamine,0.6961375622379454,,dopamine,acetylcholine,1,True,True
97348,KCg-m,KCg-m,cb_intrinsic,Kenyon_Cell,,KCg-m_L,KCg-m,L,L,,acetylcholine,dopamine,0.7339129198447745,,dopamine,acetylcholine,1,True,True
97356,KCab-c,KCab-c,cb_intrinsic,Kenyon_Cell,,KCab-c_L,"KCab-m,KCab-c,KCab-s",L,L,,acetylcholine,dopamine,0.7971241041392424,,dopamine,acetylcholine,1,True,True
97373,KCab-s,KCab-s,cb_intrinsic,Kenyon_Cell,,KCab-s_R,"KCab-m,KCab-c,KCab-s",R,R,,acetylcholine,dopamine,0.7330224884144323,,dopamine,acetylcholine,1,True,True
97410,KCab-m,KCab-m,cb_intrinsic,Kenyon_Cell,,KCab-m_R,"KCab-m,KCab-c,KCab-s",R,R,,acetylcholine,dopamine,0.7565963230155793,,dopamine,acetylcholine,1,True,True
97497,KCab-s,KCab-s,cb_intrinsic,Kenyon_Cell,,KCab-s_L,"KCab-m,KCab-c,KCab-s",L,L,,acetylcholine,dopamine,0.7987814465408806,,dopamine,acetylcholine,1,True,True
97522,KCab-m,KCab-m,cb_intrinsic,Kenyon_Cell,,KCab-m_R,"KCab-m,KCab-c,KCab-s",R,R,,acetylcholine,dopamine,0.7050080204561336,,dopamine,acetylcholine,1,True,True
97573,KCab-m,KCab-m,cb_intrinsic,Kenyon_Cell,,KCab-m_R,"KCab-m,KCab-c,KCab-s",R,R,,acetylcholine,dopamine,0.7192568685865608,,dopamine,acetylcholine,1,True,True
97591,KCg-d,KCg-d,cb_intrinsic,Kenyon_Cell,,KCg-d_L,KCg-d,L,L,,acetylcholine,dopamine,0.76451275728988,,dopamine,acetylcholine,1,True,True
97601,KCab-s,KCab-s,cb_intrinsic,Kenyon_Cell,,KCab-s_R,"KCab-m,KCab-c,KCab-s",R,R,,acetylcholine,dopamine,0.7839197902156937,,dopamine,acetylcholine,1,True,True
97624,KCg-m,KCg-m,cb_intrinsic,Kenyon_Cell,,KCg-m_L,KCg-m,L,L,,acetylcholine,dopamine,0.793625161973389,,dopamine,acetylcholine,1,True,True
97665,M_lvPNm33,M_lvPNm33,cb_intrinsic,ALPN,,M_lvPNm33_R,M_lvPNm33,R,R,,acetylcholine,acetylcholine,0.9562120885947942,acetylcholine,acetylcholine,acetylcholine,1,True,True
97689,KCab-m,KCab-m,cb_intrinsic,Kenyon_Cell,,KCab-m_R,"KCab-m,KCab-c,KCab-s",R,R,,acetylcholine,dopamine,0.7717177672955974,,dopamine,acetylcholine,1,True,True
97719,KCab-s,KCab-s,cb_intrinsic,Kenyon_Cell,,KCab-s_R,"KCab-m,KCab-c,KCab-s",R,R,,acetylcholine,dopamine,0.8179390552365327,,dopamine,acetylcholine,1,True,True
97738,KCab-s,KCab-s,cb_intrinsic,Kenyon_Cell,,KCab-s_R,"KCab-m,KCab-c,KCab-s",R,R,,acetylcholine,dopamine,0.6806504226905171,,dopamine,acetylcholine,1,True,True
97772,KCg-m,KCg-m,cb_intrinsic,Kenyon_Cell,,KCg-m_R,KCg-m,R,R,,acetylcholine,dopamine,0.7427903513546202,,dopamine,acetylcholine,1,True,True
97823,KCab-m,KCab-m,cb_intrinsic,Kenyon_Cell,,KCab-m_R,"KCab-m,KCab-c,KCab-s",R,R,,acetylcholine,dopamine,0.7474427351343624,,dopamine,acetylcholine,1,True,True
97927,KCa'b'-ap2,KCa'b'-ap2,cb_intrinsic,Kenyon_Cell,,KCa'b'-ap2_L,KCa'b'-ap2,L,L,,acetylcholine,dopamine,0.7268189750501072,,dopamine,acetylcholine,1,True,True
97949,KCa'b'-m,KCa'b'-m,cb_intrinsic,Kenyon_Cell,,KCa'b'-m_L,KCa'b'-m,L,L,,acetylcholine,dopamine,0.6760775064742879,,dopamine,acetylcholine,1,True,True
97990,PAM06,PAM06,cb_intrinsic,DAN,,PAM06(B'2m)_L,PAM06,L,L,,dopamine,dopamine,0.9095851372016887,dopamine,dopamine,dopamine,0,True,True
97999,KCg-m,KCg-m,cb_intrinsic,Kenyon_Cell,,KCg-m_R,KCg-m,R,R,,acetylcholine,dopamine,0.6899076257861636,,dopamine,acetylcholine,1,True,True
98006,KCab-s,KCab-s,cb_intrinsic,Kenyon_Cell,,KCab-s_L,"KCab-m,KCab-c,KCab-s",L,L,,acetylcholine,dopamine,0.8004350104821802,,dopamine,acetylcholine,1,True,True
98017,KCg-m,KCg-m,cb_intrinsic,Kenyon_Cell,,KCg-m_R,KCg-m,R,R,,acetylcholine,dopamine,0.7540615071646243,,dopamine,acetylcholine,1,True,True
98070,KCab-m,KCab-m,cb_intrinsic,Kenyon_Cell,,KCab-m_L,"KCab-m,KCab-c,KCab-s",L,L,,acetylcholine,dopamine,0.7655833095101964,,dopamine,acetylcholine,1,True,True
98104,KCg-m,KCg-m,cb_intrinsic,Kenyon_Cell,,KCg-m_L,KCg-m,L,L,,acetylcholine,dopamine,0.7793887047424783,,dopamine,acetylcholine,1,True,True
98107,KCab-s,KCab-s,cb_intrinsic,Kenyon_Cell,,KCab-s_L,"KCab-m,KCab-c,KCab-s",L,L,,acetylcholine,dopamine,0.7496156812081881,,dopamine,acetylcholine,1,True,True
98120,KCab-c,KCab-c,cb_intrinsic,Kenyon_Cell,,KCab-c_R,"KCab-m,KCab-c,KCab-s",R,R,,acetylcholine,dopamine,0.758084775618291,,dopamine,acetylcholine,1,True,True
98265,PAM06,PAM06,cb_intrinsic,DAN,,PAM06(B'2m)_L,PAM06,L,L,,dopamine,dopamine,0.8833047327607584,dopamine,dopamine,dopamine,0,True,True
98275,KCg-m,KCg-m,cb_intrinsic,Kenyon_Cell,,KCg-m_L,KCg-m,L,L,,acetylcholine,dopamine,0.7974515778928035,,dopamine,acetylcholine,1,True,True
98318,KCab-s,KCab-s,cb_intrinsic,Kenyon_Cell,,KCab-s_L,"KCab-m,KCab-c,KCab-s",L,L,,acetylcholine,dopamine,0.7832165255145797,,dopamine,acetylcholine,1,True,True
98359,KCab-s,KCab-s,cb_intrinsic,Kenyon_Cell,,KCab-s_R,"KCab-m,KCab-c,KCab-s",R,R,,acetylcholine,dopamine,0.7681152147731835,,dopamine,acetylcholine,1,True,True
98445,KCab-m,KCab-m,cb_intrinsic,Kenyon_Cell,,KCab-m_L,"KCab-m,KCab-c,KCab-s",L,L,,acetylcholine,dopamine,0.7773123103311782,,dopamine,acetylcholine,1,True,True
98462,KCg-d,KCg-d,cb_intrinsic,Kenyon_Cell,,KCg-d_L,KCg-d,L,L,,acetylcholine,dopamine,0.7945911949685535,,dopamine,acetylcholine,1,True,True
98490,KCab-s,KCab-s,cb_intrinsic,Kenyon_Cell,,KCab-s_R,"KCab-m,KCab-c,KCab-s",R,R,,acetylcholine,dopamine,0.7815224205875329,,dopamine,acetylcholine,1,True,True
98509,KCab-m,KCab-m,cb_intrinsic,Kenyon_Cell,,KCab-m_R,"KCab-m,KCab-c,KCab-s",R,R,,acetylcholine,dopamine,0.6804678601495568,,dopamine,acetylcholine,1,True,True
98554,PAM07,PAM07,cb_intrinsic,DAN,,PAM07(y4<y1y2)_L,PAM07,L,L,,dopamine,dopamine,0.8948168880071261,dopamine,dopamine,dopamine,0,True,True
98582,KCab-m,KCab-m,cb_intrinsic,Kenyon_Cell,,KCab-m_L,"KCab-m,KCab-c,KCab-s",L,L,,acetylcholine,dopamine,0.7261438125609,,dopamine,acetylcholine,1,True,True
98590,KCab-m,KCab-m,cb_intrinsic,Kenyon_Cell,,KCab-m_L,"KCab-m,KCab-c,KCab-s",L,L,,acetylcholine,dopamine,0.7444789879931389,,dopamine,acetylcholine,1,True,True
98614,KCab-m,KCab-m,cb_intrinsic,Kenyon_Cell,,KCab-m_R,"KCab-m,KCab-c,KCab-s",R,R,,acetylcholine,dopamine,0.7566070492662473,,dopamine,acetylcholine,1,True,True
98662,KCab-m,KCab-m,cb_intrinsic,Kenyon_Cell,,KCab-m_L,"KCab-m,KCab-c,KCab-s",L,L,,acetylcholine,dopamine,0.7681035988819007,,dopamine,acetylcholine,1,True,True
98665,KCg-m,KCg-m,cb_intrinsic,Kenyon_Cell,,KCg-m_L,KCg-m,L,L,,acetylcholine,dopamine,0.790449742561997,,dopamine,acetylcholine,1,True,True
98714,KCab-s,KCab-s,cb_intrinsic,Kenyon_Cell,,KCab-s_L,"KCab-m,KCab-c,KCab-s",L,L,,acetylcholine,dopamine,0.8029195254431103,,dopamine,acetylcholine,1,True,True
98782,KCg-m,KCg-m,cb_intrinsic,Kenyon_Cell,,KCg-m_L,KCg-m,L,L,,acetylcholine,dopamine,0.7952523154666917,,dopamine,acetylcholine,1,True,True
98813,KCab-m,KCab-m,cb_intrinsic,Kenyon_Cell,,KCab-m_L,"KCab-m,KCab-c,KCab-s",L,L,,acetylcholine,dopamine,0.7417298912631658,,dopamine,acetylcholine,1,True,True
98901,KCg-d,KCg-d,cb_intrinsic,Kenyon_Cell,,KCg-d_L,KCg-d,L,L,,acetylcholine,dopamine,0.7594520349887949,,dopamine,acetylcholine,1,True,True
98924,KCab-s,KCab-s,cb_intrinsic,Kenyon_Cell,,KCab-s_R,"KCab-m,KCab-c,KCab-s",R,R,,acetylcholine,dopamine,0.7565500781025198,,dopamine,acetylcholine,1,True,True
98946,KCg-m,KCg-m,cb_intrinsic,Kenyon_Cell,,KCg-m_L,KCg-m,L,L,,acetylcholine,dopamine,0.7495402188451578,,dopamine,acetylcholine,1,True,True
98969,KCab-s,KCab-s,cb_intrinsic,Kenyon_Cell,,KCab-s_R,"KCab-m,KCab-c,KCab-s",R,R,,acetylcholine,dopamine,0.7656435415925004,,dopamine,acetylcholine,1,True,True
98979,KCab-s,KCab-s,cb_intrinsic,Kenyon_Cell,,KCab-s_R,"KCab-m,KCab-c,KCab-s",R,R,,acetylcholine,dopamine,0.7952132216577972,,dopamine,acetylcholine,1,True,True
99089,PAM01,PAM01,cb_intrinsic,DAN,,PAM01(y5)_L,PAM01,L,L,,dopamine,dopamine,0.9065076129055182,dopamine,dopamine,dopamine,0,True,True
99108,KCab-s,KCab-s,cb_intrinsic,Kenyon_Cell,,KCab-s_R,"KCab-m,KCab-c,KCab-s",R,R,,acetylcholine,dopamine,0.7282114357205652,,dopamine,acetylcholine,1,True,True
99139,KCg-m,KCg-m,cb_intrinsic,Kenyon_Cell,,KCg-m_R,KCg-m,R,R,,acetylcholine,dopamine,0.7467343976777939,,dopamine,acetylcholine,1,True,True
99140,KCa'b'-m,KCa'b'-m,cb_intrinsic,Kenyon_Cell,,KCa'b'-m_R,KCa'b'-m,R,R,,acetylcholine,dopamine,0.6585694191861786,,dopamine,acetylcholine,1,True,True
99150,KCab-m,KCab-m,cb_intrinsic,Kenyon_Cell,,KCab-m_L,"KCab-m,KCab-c,KCab-s",L,L,,acetylcholine,dopamine,0.7443794252600767,,dopamine,acetylcholine,1,True,True
99154,KCab-m,KCab-m,cb_intrinsic,Kenyon_Cell,,KCab-m_R,"KCab-m,KCab-c,KCab-s",R,R,,acetylcholine,dopamine,0.6856231956902774,,dopamine,acetylcholine,1,True,True
99195,KCg-m,KCg-m,cb_intrinsic,Kenyon_Cell,,KCg-m_L,KCg-m,L,L,,acetylcholine,dopamine,0.7272727272727273,,dopamine,acetylcholine,1,True,True
99225,KCg-m,KCg-m,cb_intrinsic,Kenyon_Cell,,KCg-m_L,KCg-m,L,L,,acetylcholine,dopamine,0.7202406723786953,,dopamine,acetylcholine,1,True,True
99248,KCab-s,KCab-s,cb_intrinsic,Kenyon_Cell,,KCab-s_L,"KCab-m,KCab-c,KCab-s",L,L,,acetylcholine,dopamine,0.7934120670233737,,dopamine,acetylcholine,1,True,True
99281,KCab-p,KCab-p,cb_intrinsic,Kenyon_Cell,,KCab-p_L,KCab-p,L,L,,acetylcholine,dopamine,0.6406718199479733,,dopamine,acetylcholine,1,True,True
99324,KCab-c,KCab-c,cb_intrinsic,Kenyon_Cell,,KCab-c_R,"KCab-m,KCab-c,KCab-s",R,R,,acetylcholine,dopamine,0.6654657554598128,,dopamine,acetylcholine,1,True,True
99391,KCg-d,KCg-d,cb_intrinsic,Kenyon_Cell,,KCg-d_R,KCg-d,R,R,,acetylcholine,dopamine,0.7496348057963624,,dopamine,acetylcholine,1,True,True
99436,KCg-m,KCg-m,cb_intrinsic,Kenyon_Cell,,KCg-m_L,KCg-m,L,L,,acetylcholine,dopamine,0.7634862377217159,,dopamine,acetylcholine,1,True,True
99583,KCa'b'-ap2,KCa'b'-ap2,cb_intrinsic,Kenyon_Cell,,KCa'b'-ap2_R,KCa'b'-ap2,R,R,,acetylcholine,dopamine,0.7229785478547854,,dopamine,acetylcholine,1,True,True
99608,KCg-m,KCg-m,cb_intrinsic,Kenyon_Cell,,KCg-m_R,KCg-m,R,R,,acetylcholine,dopamine,0.7336673430308142,,dopamine,acetylcholine,1,True,True
99659,KCab-s,KCab-s,cb_intrinsic,Kenyon_Cell,,KCab-s_R,"KCab-m,KCab-c,KCab-s",R,R,,acetylcholine,dopamine,0.7651770936775902,,dopamine,acetylcholine,1,True,True
99785,KCab-c,KCab-c,cb_intrinsic,Kenyon_Cell,,KCab-c_R,"KCab-m,KCab-c,KCab-s",R,R,,acetylcholine,dopamine,0.7684671853303929,,dopamine,acetylcholine,1,True,True
99796,KCa'b'-m,KCa'b'-m,cb_intrinsic,Kenyon_Cell,,KCa'b'-m_R,KCa'b'-m,R,R,,acetylcholine,dopamine,0.6889763963761605,,dopamine,acetylcholine,1,True,True
99819,KCab-m,KCab-m,cb_intrinsic,Kenyon_Cell,,KCab-m_R,"KCab-m,KCab-c,KCab-s",R,R,,acetylcholine,dopamine,0.7008480292309891,,dopamine,acetylcholine,1,True,True
99838,KCab-c,KCab-c,cb_intrinsic,Kenyon_Cell,,KCab-c_L,"KCab-m,KCab-c,KCab-s",L,L,,acetylcholine,dopamine,0.6843572177298591,,dopamine,acetylcholine,1,True,True
99847,KCg-m,KCg-m,cb_intrinsic,Kenyon_Cell,,KCg-m_L,KCg-m,L,L,,acetylcholine,dopamine,0.7771702570835765,,dopamine,acetylcholine,1,True,True
99858,KCg-m,KCg-m,cb_intrinsic,Kenyon_Cell,,KCg-m_L,KCg-m,L,L,,acetylcholine,dopamine,0.7711517467248908,,dopamine,acetylcholine,1,True,True
99875,KCg-m,KCg-m,cb_intrinsic,Kenyon_Cell,,KCg-m_L,KCg-m,L,L,,acetylcholine,dopamine,0.7454547335319431,,dopamine,acetylcholine,1,True,True
99925,M_lvPNm41,M_lvPNm41,cb_intrinsic,ALPN,,M_lvPNm41_R,M_lvPNm41,R,R,,acetylcholine,acetylcholine,0.9635985041369888,acetylcholine,acetylcholine,acetylcholine,1,True,True
99958,KCab-c,KCab-c,cb_intrinsic,Kenyon_Cell,,KCab-c_R,"KCab-m,KCab-c,KCab-s",R,R,,acetylcholine,dopamine,0.7193592767295597,,dopamine,acetylcholine,1,True,True
99960,M_vPNml80,M_vPNml80,cb_intrinsic,ALPN,,M_vPNml80_R,M_vPNml80,R,R,,gaba,gaba,0.8386515162058574,gaba,gaba,gaba,-1,True,True
100076,KCab-c,KCab-c,cb_intrinsic,Kenyon_Cell,,KCab-c_R,"KCab-m,KCab-c,KCab-s",R,R,,acetylcholine,dopamine,0.7412267894579215,,dopamine,acetylcholine,1,True,True
100136,KCa'b'-ap2,KCa'b'-ap2,cb_intrinsic,Kenyon_Cell,,KCa'b'-ap2_L,KCa'b'-ap2,L,L,,acetylcholine,dopamine,0.6980006162889921,,dopamine,acetylcholine,1,True,True
100204,KCab-s,KCab-s,cb_intrinsic,Kenyon_Cell,,KCab-s_R,"KCab-m,KCab-c,KCab-s",R,R,,acetylcholine,dopamine,0.7487421383647799,,dopamine,acetylcholine,1,True,True
100237,KCab-c,KCab-c,cb_intrinsic,Kenyon_Cell,,KCab-c_L,"KCab-m,KCab-c,KCab-s",L,L,,acetylcholine,dopamine,0.7068006078100065,,dopamine,acetylcholine,1,True,True
100246,KCa'b'-ap2,KCa'b'-ap2,cb_intrinsic,Kenyon_Cell,,KCa'b'-ap2_L,KCa'b'-ap2,L,L,,acetylcholine,dopamine,0.6949016459253311,,dopamine,acetylcholine,1,True,True
100251,KCg-m,KCg-m,cb_intrinsic,Kenyon_Cell,,KCg-m_L,KCg-m,L,L,,acetylcholine,dopamine,0.8003519500097257,,dopamine,acetylcholine,1,True,True
100258,PAM01,PAM01,cb_intrinsic,DAN,,PAM01(y5)_R,PAM01,R,R,,dopamine,dopamine,0.9124334001368658,dopamine,dopamine,dopamine,0,True,True
100272,KCg-m,KCg-m,cb_intrinsic,Kenyon_Cell,,KCg-m_L,KCg-m,L,L,,acetylcholine,dopamine,0.7604096829805574,,dopamine,acetylcholine,1,True,True
100335,KCab-m,KCab-m,cb_intrinsic,Kenyon_Cell,,KCab-m_R,"KCab-m,KCab-c,KCab-s",R,R,,acetylcholine,dopamine,0.7088050314465408,,dopamine,acetylcholine,1,True,True
100341,KCab-c,KCab-c,cb_intrinsic,Kenyon_Cell,,KCab-c_L,"KCab-m,KCab-c,KCab-s",L,L,,acetylcholine,dopamine,0.7513501503964998,,dopamine,acetylcholine,1,True,True
100423,KCa'b'-m,KCa'b'-m,cb_intrinsic,Kenyon_Cell,,KCa'b'-m_R,KCa'b'-m,R,R,,acetylcholine,dopamine,0.7205140448354361,,dopamine,acetylcholine,1,True,True
100484,KCab-s,KCab-s,cb_intrinsic,Kenyon_Cell,,KCab-s_L,"KCab-m,KCab-c,KCab-s",L,L,,acetylcholine,dopamine,0.7825115799762027,,dopamine,acetylcholine,1,True,True
100497,KCab-s,KCab-s,cb_intrinsic,Kenyon_Cell,,KCab-s_R,"KCab-m,KCab-c,KCab-s",R,R,,acetylcholine,dopamine,0.7985165630360206,,dopamine,acetylcholine,1,True,True
100537,KCab-m,KCab-m,cb_intrinsic,Kenyon_Cell,,KCab-m_R,"KCab-m,KCab-c,KCab-s",R,R,,acetylcholine,dopamine,0.7014729441082235,,dopamine,acetylcholine,1,True,True
100544,KCab-s,KCab-s,cb_intrinsic,Kenyon_Cell,,KCab-s_R,"KCab-m,KCab-c,KCab-s",R,R,,acetylcholine,dopamine,0.7223737888832229,,dopamine,acetylcholine,1,True,True
100592,KCg-d,KCg-d,cb_intrinsic,Kenyon_Cell,,KCg-d_L,KCg-d,L,L,,acetylcholine,dopamine,0.7803284939554852,,dopamine,acetylcholine,1,True,True
100615,KCg-m,KCg-m,cb_intrinsic,Kenyon_Cell,,KCg-m_L,KCg-m,L,L,,acetylcholine,dopamine,0.7619795345239295,,dopamine,acetylcholine,1,True,True
100619,KCab-c,KCab-c,cb_intrinsic,Kenyon_Cell,,KCab-c_L,"KCab-m,KCab-c,KCab-s",L,L,,acetylcholine,dopamine,0.7209738236664337,,dopamine,acetylcholine,1,True,True
100672,KCab-c,KCab-c,cb_intrinsic,Kenyon_Cell,,KCab-c_R,"KCab-m,KCab-c,KCab-s",R,R,,acetylcholine,dopamine,0.7723678640541848,,dopamine,acetylcholine,1,True,True
100728,KCa'b'-ap2,KCa'b'-ap2,cb_intrinsic,Kenyon_Cell,,KCa'b'-ap2_L,KCa'b'-ap2,L,L,,acetylcholine,dopamine,0.7458382945594432,,dopamine,acetylcholine,1,True,True
100773,KCg-m,KCg-m,cb_intrinsic,Kenyon_Cell,,KCg-m_L,KCg-m,L,L,,acetylcholine,dopamine,0.7311554731955676,,dopamine,acetylcholine,1,True,True
100795,KCab-s,KCab-s,cb_intrinsic,Kenyon_Cell,,KCab-s_R,"KCab-m,KCab-c,KCab-s",R,R,,acetylcholine,dopamine,0.7877746864761044,,dopamine,acetylcholine,1,True,True
100809,PEG,PEG,cb_intrinsic,CX,,PEG(PB07)_L7,PEG,L,L,,acetylcholine,acetylcholine,0.829750012751046,acetylcholine,acetylcholine,acetylcholine,1,True,True
100815,KCab-s,KCab-s,cb_intrinsic,Kenyon_Cell,,KCab-s_R,"KCab-m,KCab-c,KCab-s",R,R,,acetylcholine,dopamine,0.7634035532451975,,dopamine,acetylcholine,1,True,True
100823,KCab-m,KCab-m,cb_intrinsic,Kenyon_Cell,,KCab-m_R,"KCab-m,KCab-c,KCab-s",R,R,,acetylcholine,dopamine,0.7024817119407646,,dopamine,acetylcholine,1,True,True
100878,KCab-m,KCab-m,cb_intrinsic,Kenyon_Cell,,KCab-m_L,"KCab-m,KCab-c,KCab-s",L,L,,acetylcholine,dopamine,0.7871030152995228,,dopamine,acetylcholine,1,True,True
100885,KCab-c,KCab-c,cb_intrinsic,Kenyon_Cell,,KCab-c_L,"KCab-m,KCab-c,KCab-s",L,L,,acetylcholine,dopamine,0.7317274365330763,,dopamine,acetylcholine,1,True,True
100914,KCab-c,KCab-c,cb_intrinsic,Kenyon_Cell,,KCab-c_R,"KCab-m,KCab-c,KCab-s",R,R,,acetylcholine,dopamine,0.658257740686986,,dopamine,acetylcholine,1,True,True
100950,KCab-s,KCab-s,cb_intrinsic,Kenyon_Cell,,KCab-s_R,"KCab-m,KCab-c,KCab-s",R,R,,acetylcholine,dopamine,0.7748346493027071,,dopamine,acetylcholine,1,True,True
100973,M_lPNm11A,M_lPNm11A,cb_intrinsic,ALPN,BI,M_lPNm11A_R,M_lPNm11A,R,R,,acetylcholine,acetylcholine,0.8281716617520395,acetylcholine,acetylcholine,acetylcholine,1,True,True
101010,KCg-m,KCg-m,cb_intrinsic,Kenyon_Cell,,KCg-m_L,KCg-m,L,L,,acetylcholine,dopamine,0.7401844049581731,,dopamine,acetylcholine,1,True,True
101133,KCg-m,KCg-m,cb_intrinsic,Kenyon_Cell,,KCg-m_L,KCg-m,L,L,,acetylcholine,dopamine,0.7752194706498952,,dopamine,acetylcholine,1,True,True
101257,KCab-m,KCab-m,cb_intrinsic,Kenyon_Cell,,KCab-m_R,"KCab-m,KCab-c,KCab-s",R,R,,acetylcholine,dopamine,0.6789455581761006,,dopamine,acetylcholine,1,True,True
101312,KCg-m,KCg-m,cb_intrinsic,Kenyon_Cell,,KCg-m_L,KCg-m,L,L,,acetylcholine,dopamine,0.7947285666997683,,dopamine,acetylcholine,1,True,True
101313,KCab-m,KCab-m,cb_intrinsic,Kenyon_Cell,,KCab-m_L,"KCab-m,KCab-c,KCab-s",L,L,,acetylcholine,dopamine,0.7033041990381058,,dopamine,acetylcholine,1,True,True
101320,KCab-m,KCab-m,cb_intrinsic,Kenyon_Cell,,KCab-m_R,"KCab-m,KCab-c,KCab-s",R,R,,acetylcholine,dopamine,0.7536534765897973,,dopamine,acetylcholine,1,True,True
101490,KCab-s,KCab-s,cb_intrinsic,Kenyon_Cell,,KCab-s_R,"KCab-m,KCab-c,KCab-s",R,R,,acetylcholine,dopamine,0.7933160685657911,,dopamine,acetylcholine,1,True,True
101524,KCab-m,KCab-m,cb_intrinsic,Kenyon_Cell,,KCab-m_L,"KCab-m,KCab-c,KCab-s",L,L,,acetylcholine,dopamine,0.7633063488016318,,dopamine,acetylcholine,1,True,True
101538,KCab-s,KCab-s,cb_intrinsic,Kenyon_Cell,,KCab-s_L,"KCab-m,KCab-c,KCab-s",L,L,,acetylcholine,dopamine,0.77395448796828,,dopamine,acetylcholine,1,True,True
101596,KCab-m,KCab-m,cb_intrinsic,Kenyon_Cell,,KCab-m_L,"KCab-m,KCab-c,KCab-s",L,L,,acetylcholine,dopamine,0.7685143906273968,,dopamine,acetylcholine,1,True,True
101647,KCg-d,KCg-d,cb_intrinsic,Kenyon_Cell,,KCg-d_L,KCg-d,L,L,,acetylcholine,dopamine,0.7505620879287819,,dopamine,acetylcholine,1,True,True
101648,KCa'b'-m,KCa'b'-m,cb_intrinsic,Kenyon_Cell,,KCa'b'-m_L,KCa'b'-m,L,L,,acetylcholine,dopamine,0.7273167017768822,,dopamine,acetylcholine,1,True,True
101669,CB2703,CB2703,cb_intrinsic,ALPN,,CB2703_R,,R,R,,gaba,gaba,0.7119581177103599,gaba,gaba,gaba,-1,True,True
101691,KCab-s,KCab-s,cb_intrinsic,Kenyon_Cell,,KCab-s_R,"KCab-m,KCab-c,KCab-s",R,R,,acetylcholine,dopamine,0.8117806346857401,,dopamine,acetylcholine,1,True,True
101786,KCab-s,KCab-s,cb_intrinsic,Kenyon_Cell,,KCab-s_L,"KCab-m,KCab-c,KCab-s",L,L,,acetylcholine,dopamine,0.7662360989628889,,dopamine,acetylcholine,1,True,True
101792,KCg-m,KCg-m,cb_intrinsic,Kenyon_Cell,,KCg-m_L,KCg-m,L,L,,acetylcholine,dopamine,0.7290611642026736,,dopamine,acetylcholine,1,True,True
101802,KCab-s,KCab-s,cb_intrinsic,Kenyon_Cell,,KCab-s_R,"KCab-m,KCab-c,KCab-s",R,R,,acetylcholine,dopamine,0.8254155435759208,,dopamine,acetylcholine,1,True,True
101816,KCab-m,KCab-m,cb_intrinsic,Kenyon_Cell,,KCab-m_R,"KCab-m,KCab-c,KCab-s",R,R,,acetylcholine,dopamine,0.6930345075605514,,dopamine,acetylcholine,1,True,True
101981,KCab-m,KCab-m,cb_intrinsic,Kenyon_Cell,,KCab-m_L,"KCab-m,KCab-c,KCab-s",L,L,,acetylcholine,dopamine,0.7582771411084378,,dopamine,acetylcholine,1,True,True
102042,KCab-s,KCab-s,cb_intrinsic,Kenyon_Cell,,KCab-s_R,"KCab-m,KCab-c,KCab-s",R,R,,acetylcholine,dopamine,0.7998288938216795,,dopamine,acetylcholine,1,True,True
102084,KCab-m,KCab-m,cb_intrinsic,Kenyon_Cell,,KCab-m_R,"KCab-m,KCab-c,KCab-s",R,R,,acetylcholine,dopamine,0.7029892217581257,,dopamine,acetylcholine,1,True,True
102095,KCg-m,KCg-m,cb_intrinsic,Kenyon_Cell,,KCg-m_L,KCg-m,L,L,,acetylcholine,dopamine,0.7462236824403861,,dopamine,acetylcholine,1,True,True
102109,KCab-m,KCab-m,cb_intrinsic,Kenyon_Cell,,KCab-m_L,"KCab-m,KCab-c,KCab-s",L,L,,acetylcholine,dopamine,0.7841942084218418,,dopamine,acetylcholine,1,True,True
102136,KCg-m,KCg-m,cb_intrinsic,Kenyon_Cell,,KCg-m_L,KCg-m,L,L,,acetylcholine,dopamine,0.79204771531254,,dopamine,acetylcholine,1,True,True
102199,KCg-m,KCg-m,cb_intrinsic,Kenyon_Cell,,KCg-m_L,KCg-m,L,L,,acetylcholine,dopamine,0.8031401109320185,,dopamine,acetylcholine,1,True,True
102210,KCab-s,KCab-s,cb_intrinsic,Kenyon_Cell,,KCab-s_R,"KCab-m,KCab-c,KCab-s",R,R,,acetylcholine,dopamine,0.7359780365566038,,dopamine,acetylcholine,1,True,True
102283,KCg-d,KCg-d,cb_intrinsic,Kenyon_Cell,,KCg-d_R,KCg-d,R,R,,acetylcholine,dopamine,0.7358741701607268,,dopamine,acetylcholine,1,True,True
102310,KCab-s,KCab-s,cb_intrinsic,Kenyon_Cell,,KCab-s_R,"KCab-m,KCab-c,KCab-s",R,R,,acetylcholine,dopamine,0.7485595140435173,,dopamine,acetylcholine,1,True,True
102317,KCa'b'-m,KCa'b'-m,cb_intrinsic,Kenyon_Cell,,KCa'b'-m_L,KCa'b'-m,L,L,,acetylcholine,dopamine,0.7052119976548342,,dopamine,acetylcholine,1,True,True
102357,KCab-c,KCab-c,cb_intrinsic,Kenyon_Cell,,KCab-c_R,"KCab-m,KCab-c,KCab-s",R,R,,acetylcholine,dopamine,0.701274015680193,,dopamine,acetylcholine,1,True,True
102440,KCab-m,KCab-m,cb_intrinsic,Kenyon_Cell,,KCab-m_L,"KCab-m,KCab-c,KCab-s",L,L,,acetylcholine,dopamine,0.6544910416996987,,dopamine,acetylcholine,1,True,True
102457,KCab-s,KCab-s,cb_intrinsic,Kenyon_Cell,,KCab-s_R,"KCab-m,KCab-c,KCab-s",R,R,,acetylcholine,dopamine,0.7170659144160808,,dopamine,acetylcholine,1,True,True
102459,KCab-c,KCab-c,cb_intrinsic,Kenyon_Cell,,KCab-c_L,"KCab-m,KCab-c,KCab-s",L,L,,acetylcholine,dopamine,0.7678558058443503,,dopamine,acetylcholine,1,True,True
102468,KCab-m,KCab-m,cb_intrinsic,Kenyon_Cell,,KCab-m_R,"KCab-m,KCab-c,KCab-s",R,R,,acetylcholine,dopamine,0.7313317114841776,,dopamine,acetylcholine,1,True,True
102512,KCab-s,KCab-s,cb_intrinsic,Kenyon_Cell,,KCab-s_L,"KCab-m,KCab-c,KCab-s",L,L,,acetylcholine,dopamine,0.7816707430701141,,dopamine,acetylcholine,1,True,True
102548,KCab-m,KCab-m,cb_intrinsic,Kenyon_Cell,,KCab-m_L,"KCab-m,KCab-c,KCab-s",L,L,,acetylcholine,dopamine,0.7524102118503807,,dopamine,acetylcholine,1,True,True
102587,KCab-s,KCab-s,cb_intrinsic,Kenyon_Cell,,KCab-s_R,"KCab-m,KCab-c,KCab-s",R,R,,acetylcholine,dopamine,0.7463303575197332,,dopamine,acetylcholine,1,True,True
102621,KCg-m,KCg-m,cb_intrinsic,Kenyon_Cell,,KCg-m_L,KCg-m,L,L,,acetylcholine,dopamine,0.794924308024185,,dopamine,acetylcholine,1,True,True
102671,KCab-c,KCab-c,cb_intrinsic,Kenyon_Cell,,KCab-c_R,"KCab-m,KCab-c,KCab-s",R,R,,acetylcholine,dopamine,0.7922075740471967,,dopamine,acetylcholine,1,True,True
102719,KCab-s,KCab-s,cb_intrinsic,Kenyon_Cell,,KCab-s_L,"KCab-m,KCab-c,KCab-s",L,L,,acetylcholine,dopamine,0.7996678905803317,,dopamine,acetylcholine,1,True,True
102744,KCab-m,KCab-m,cb_intrinsic,Kenyon_Cell,,KCab-m_L,"KCab-m,KCab-c,KCab-s",L,L,,acetylcholine,dopamine,0.7998868561958185,,dopamine,acetylcholine,1,True,True
102748,KCab-s,KCab-s,cb_intrinsic,Kenyon_Cell,,KCab-s_R,"KCab-m,KCab-c,KCab-s",R,R,,acetylcholine,dopamine,0.7633377555031446,,dopamine,acetylcholine,1,True,True
102887,KCg-m,KCg-m,cb_intrinsic,Kenyon_Cell,,KCg-m_R,KCg-m,R,R,,acetylcholine,dopamine,0.7163221420643728,,dopamine,acetylcholine,1,True,True
102904,KCab-m,KCab-m,cb_intrinsic,Kenyon_Cell,,KCab-m_L,"KCab-m,KCab-c,KCab-s",L,L,,acetylcholine,dopamine,0.7626048218029351,,dopamine,acetylcholine,1,True,True
102923,KCab-m,KCab-m,cb_intrinsic,Kenyon_Cell,,KCab-m_R,"KCab-m,KCab-c,KCab-s",R,R,,acetylcholine,dopamine,0.7175615828092243,,dopamine,acetylcholine,1,True,True
102936,PAM08,PAM08,cb_intrinsic,DAN,,PAM08(y4)_R,PAM08,R,R,,dopamine,dopamine,0.911905165224643,dopamine,dopamine,dopamine,0,True,True
102954,KCg-m,KCg-m,cb_intrinsic,Kenyon_Cell,,KCg-m_L,KCg-m,L,L,,acetylcholine,dopamine,0.7052864405122691,,dopamine,acetylcholine,1,True,True
102990,KCab-m,KCab-m,cb_intrinsic,Kenyon_Cell,,KCab-m_R,"KCab-m,KCab-c,KCab-s",R,R,,acetylcholine,dopamine,0.762156570671963,,dopamine,acetylcholine,1,True,True
102997,KCab-s,KCab-s,cb_intrinsic,Kenyon_Cell,,KCab-s_R,"KCab-m,KCab-c,KCab-s",R,R,,acetylcholine,dopamine,0.7761067708333333,,dopamine,acetylcholine,1,True,True
103011,KCab-c,KCab-c,cb_intrinsic,Kenyon_Cell,,KCab-c_R,"KCab-m,KCab-c,KCab-s",R,R,,acetylcholine,dopamine,0.7096983711674528,,dopamine,acetylcholine,1,True,True
103144,KCg-m,KCg-m,cb_intrinsic,Kenyon_Cell,,KCg-m_R,KCg-m,R,R,,acetylcholine,dopamine,0.6991032299611937,,dopamine,acetylcholine,1,True,True
103255,PAM08,PAM08,cb_intrinsic,DAN,,PAM08(y4)_R,PAM08,R,R,,dopamine,dopamine,0.9171569844422376,dopamine,dopamine,dopamine,0,True,True
103274,KCab-m,KCab-m,cb_intrinsic,Kenyon_Cell,,KCab-m_R,"KCab-m,KCab-c,KCab-s",R,R,,acetylcholine,dopamine,0.7929958503533683,,dopamine,acetylcholine,1,True,True
103278,KCab-p,KCab-p,cb_intrinsic,Kenyon_Cell,,KCab-p_R,KCab-p,R,R,,acetylcholine,dopamine,0.6444463453579692,,dopamine,acetylcholine,1,True,True
103401,KCab-s,KCab-s,cb_intrinsic,Kenyon_Cell,,KCab-s_R,"KCab-m,KCab-c,KCab-s",R,R,,acetylcholine,dopamine,0.7699046084684206,,dopamine,acetylcholine,1,True,True
103414,M_adPNm8,M_adPNm8,cb_intrinsic,ALPN,,M_adPNm8_R,M_adPNm8,R,R,,acetylcholine,acetylcholine,0.9465352229694647,acetylcholine,acetylcholine,acetylcholine,1,True,True
103416,KCg-m,KCg-m,cb_intrinsic,Kenyon_Cell,,KCg-m_L,KCg-m,L,L,,acetylcholine,dopamine,0.7874095347717492,,dopamine,acetylcholine,1,True,True
103419,KCab-m,KCab-m,cb_intrinsic,Kenyon_Cell,,KCab-m_R,"KCab-m,KCab-c,KCab-s",R,R,,acetylcholine,dopamine,0.7840261399371069,,dopamine,acetylcholine,1,True,True
103421,KCab-m,KCab-m,cb_intrinsic,Kenyon_Cell,,KCab-m_L,"KCab-m,KCab-c,KCab-s",L,L,,acetylcholine,dopamine,0.7393408478314138,,dopamine,acetylcholine,1,True,True
103423,KCab-s,KCab-s,cb_intrinsic,Kenyon_Cell,,KCab-s_L,"KCab-m,KCab-c,KCab-s",L,L,,acetylcholine,dopamine,0.7585415934216181,,dopamine,acetylcholine,1,True,True
103433,PAM14,PAM14,cb_intrinsic,DAN,,PAM14(B'1m)_R,PAM14,R,R,,dopamine,dopamine,0.9055778787172918,dopamine,dopamine,dopamine,0,True,True
103436,KCab-m,KCab-m,cb_intrinsic,Kenyon_Cell,,KCab-m_L,"KCab-m,KCab-c,KCab-s",L,L,,acetylcholine,dopamine,0.7551881407771173,,dopamine,acetylcholine,1,True,True
103502,KCab-s,KCab-s,cb_intrinsic,Kenyon_Cell,,KCab-s_L,"KCab-m,KCab-c,KCab-s",L,L,,acetylcholine,dopamine,0.7727198671797418,,dopamine,acetylcholine,1,True,True
103609,KCg-m,KCg-m,cb_intrinsic,Kenyon_Cell,,KCg-m_L,KCg-m,L,L,,acetylcholine,dopamine,0.7902010634340976,,dopamine,acetylcholine,1,True,True
103621,M_adPNm5,M_adPNm5,cb_intrinsic,ALPN,,M_adPNm5_R,M_adPNm5,R,R,,acetylcholine,acetylcholine,0.942388945568559,acetylcholine,acetylcholine,acetylcholine,1,True,True
103640,KCab-p,KCab-p,cb_intrinsic,Kenyon_Cell,,KCab-p_R,KCab-p,R,R,,acetylcholine,dopamine,0.7042815674891146,,dopamine,acetylcholine,1,True,True
103663,KCg-d,KCg-d,cb_intrinsic,Kenyon_Cell,,KCg-d_R,KCg-d,R,R,,acetylcholine,dopamine,0.7923366483873966,,dopamine,acetylcholine,1,True,True
103704,KCab-s,KCab-s,cb_intrinsic,Kenyon_Cell,,KCab-s_R,"KCab-m,KCab-c,KCab-s",R,R,,acetylcholine,dopamine,0.7771936498275512,,dopamine,acetylcholine,1,True,True
103715,KCg-d,KCg-d,cb_intrinsic,Kenyon_Cell,,KCg-d_L,KCg-d,L,L,,acetylcholine,dopamine,0.7396206257055314,,dopamine,acetylcholine,1,True,True
103720,KCg-m,KCg-m,cb_intrinsic,Kenyon_Cell,,KCg-m_L,KCg-m,L,L,,acetylcholine,dopamine,0.753819482313593,,dopamine,acetylcholine,1,True,True
103728,KCab-s,KCab-s,cb_intrinsic,Kenyon_Cell,,KCab-s_L,"KCab-m,KCab-c,KCab-s",L,L,,acetylcholine,dopamine,0.7919489905834116,,dopamine,acetylcholine,1,True,True
103750,KCg-m,KCg-m,cb_intrinsic,Kenyon_Cell,,KCg-m_L,KCg-m,L,L,,acetylcholine,dopamine,0.7196638652108674,,dopamine,acetylcholine,1,True,True
103762,M_vPNml53,M_vPNml53,cb_intrinsic,ALPN,,M_vPNml53_R,M_vPNml53,R,R,,gaba,gaba,0.8168435891269799,gaba,gaba,gaba,-1,True,True
103770,KCg-d,KCg-d,cb_intrinsic,Kenyon_Cell,,KCg-d_L,KCg-d,L,L,,acetylcholine,dopamine,0.7617537556620066,,dopamine,acetylcholine,1,True,True
103794,KCa'b'-m,KCa'b'-m,cb_intrinsic,Kenyon_Cell,,KCa'b'-m_L,KCa'b'-m,L,L,,acetylcholine,dopamine,0.6802269846617893,,dopamine,acetylcholine,1,True,True
103832,KCab-p,KCab-p,cb_intrinsic,Kenyon_Cell,,KCab-p_R,KCab-p,R,R,,acetylcholine,dopamine,0.6528228183962265,,dopamine,acetylcholine,1,True,True
103845,KCa'b'-m,KCa'b'-m,cb_intrinsic,Kenyon_Cell,,KCa'b'-m_L,KCa'b'-m,L,L,,acetylcholine,dopamine,0.6943625524109015,,dopamine,acetylcholine,1,True,True
103941,KCab-m,KCab-m,cb_intrinsic,Kenyon_Cell,,KCab-m_L,"KCab-m,KCab-c,KCab-s",L,L,,acetylcholine,dopamine,0.7455521944216571,,dopamine,acetylcholine,1,True,True
103945,KCab-s,KCab-s,cb_intrinsic,Kenyon_Cell,,KCab-s_R,"KCab-m,KCab-c,KCab-s",R,R,,acetylcholine,dopamine,0.7831745177493563,,dopamine,acetylcholine,1,True,True
103957,KCa'b'-ap2,KCa'b'-ap2,cb_intrinsic,Kenyon_Cell,,KCa'b'-ap2_L,KCa'b'-ap2,L,L,,acetylcholine,dopamine,0.7403480729678977,,dopamine,acetylcholine,1,True,True
104068,KCg-m,KCg-m,cb_intrinsic,Kenyon_Cell,,KCg-m_L,KCg-m,L,L,,acetylcholine,dopamine,0.7871059103370425,,dopamine,acetylcholine,1,True,True
104082,KCab-m,KCab-m,cb_intrinsic,Kenyon_Cell,,KCab-m_R,"KCab-m,KCab-c,KCab-s",R,R,,acetylcholine,dopamine,0.7452228532922603,,dopamine,acetylcholine,1,True,True
104086,KCab-s,KCab-s,cb_intrinsic,Kenyon_Cell,,KCab-s_R,"KCab-m,KCab-c,KCab-s",R,R,,acetylcholine,dopamine,0.7626319631626235,,dopamine,acetylcholine,1,True,True
104117,KCab-m,KCab-m,cb_intrinsic,Kenyon_Cell,,KCab-m_R,"KCab-m,KCab-c,KCab-s",R,R,,acetylcholine,dopamine,0.8184849094953214,,dopamine,acetylcholine,1,True,True
104127,KCab-c,KCab-c,cb_intrinsic,Kenyon_Cell,,KCab-c_L,"KCab-m,KCab-c,KCab-s",L,L,,acetylcholine,dopamine,0.7149288796255667,,dopamine,acetylcholine,1,True,True
104149,KCab-s,KCab-s,cb_intrinsic,Kenyon_Cell,,KCab-s_R,"KCab-m,KCab-c,KCab-s",R,R,,acetylcholine,dopamine,0.7552922862259986,,dopamine,acetylcholine,1,True,True
104166,KCg-m,KCg-m,cb_intrinsic,Kenyon_Cell,,KCg-m_R,KCg-m,R,R,,acetylcholine,dopamine,0.7412270408961481,,dopamine,acetylcholine,1,True,True
104232,KCab-m,KCab-m,cb_intrinsic,Kenyon_Cell,,KCab-m_R,"KCab-m,KCab-c,KCab-s",R,R,,acetylcholine,dopamine,0.7879909340291716,,dopamine,acetylcholine,1,True,True
104240,KCab-c,KCab-c,cb_intrinsic,Kenyon_Cell,,KCab-c_R,"KCab-m,KCab-c,KCab-s",R,R,,acetylcholine,dopamine,0.7095145245656641,,dopamine,acetylcholine,1,True,True
104284,KCab-c,KCab-c,cb_intrinsic,Kenyon_Cell,,KCab-c_L,"KCab-m,KCab-c,KCab-s",L,L,,acetylcholine,dopamine,0.7090699487342107,,dopamine,acetylcholine,1,True,True
104293,KCab-c,KCab-c,cb_intrinsic,Kenyon_Cell,,KCab-c_R,"KCab-m,KCab-c,KCab-s",R,R,,acetylcholine,dopamine,0.7433741155660377,,dopamine,acetylcholine,1,True,True
104359,KCab-m,KCab-m,cb_intrinsic,Kenyon_Cell,,KCab-m_L,"KCab-m,KCab-c,KCab-s",L,L,,acetylcholine,dopamine,0.7260270199895845,,dopamine,acetylcholine,1,True,True
104385,KCg-m,KCg-m,cb_intrinsic,Kenyon_Cell,,KCg-m_L,KCg-m,L,L,,acetylcholine,dopamine,0.6985280174457191,,dopamine,acetylcholine,1,True,True
104393,KCab-s,KCab-s,cb_intrinsic,Kenyon_Cell,,KCab-s_R,"KCab-m,KCab-c,KCab-s",R,R,,acetylcholine,dopamine,0.7432258047831845,,dopamine,acetylcholine,1,True,True
104448,KCa'b'-m,KCa'b'-m,cb_intrinsic,Kenyon_Cell,,KCa'b'-m_L,KCa'b'-m,L,L,,acetylcholine,dopamine,0.7210689897027993,,dopamine,acetylcholine,1,True,True
104460,PAM12,PAM12,cb_intrinsic,DAN,,PAM12(y3)_L,PAM12,L,L,,dopamine,dopamine,0.9117462484828422,dopamine,dopamine,dopamine,0,True,True
104462,KCab-s,KCab-s,cb_intrinsic,Kenyon_Cell,,KCab-s_L,"KCab-m,KCab-c,KCab-s",L,L,,acetylcholine,dopamine,0.7609364655743132,,dopamine,acetylcholine,1,True,True
104490,KCab-m,KCab-m,cb_intrinsic,Kenyon_Cell,,KCab-m_R,"KCab-m,KCab-c,KCab-s",R,R,,acetylcholine,dopamine,0.7071223391388486,,dopamine,acetylcholine,1,True,True
104513,KCg-d,KCg-d,cb_intrinsic,Kenyon_Cell,,KCg-d_R,KCg-d,R,R,,acetylcholine,gaba,0.6483442137002717,,dopamine,acetylcholine,1,True,True
104526,KCg-m,KCg-m,cb_intrinsic,Kenyon_Cell,,KCg-m_R,KCg-m,R,R,,acetylcholine,dopamine,0.7390821070687009,,dopamine,acetylcholine,1,True,True
104535,KCa'b'-ap2,KCa'b'-ap2,cb_intrinsic,Kenyon_Cell,,KCa'b'-ap2_L,KCa'b'-ap2,L,L,,acetylcholine,dopamine,0.6634142930575713,,dopamine,acetylcholine,1,True,True
104545,KCab-m,KCab-m,cb_intrinsic,Kenyon_Cell,,KCab-m_L,"KCab-m,KCab-c,KCab-s",L,L,,acetylcholine,dopamine,0.8137221000614744,,dopamine,acetylcholine,1,True,True
104713,PAM08,PAM08,cb_intrinsic,DAN,,PAM08(y4)_R,PAM08,R,R,,dopamine,dopamine,0.8727886907326039,dopamine,dopamine,dopamine,0,True,True
104717,KCab-s,KCab-s,cb_intrinsic,Kenyon_Cell,,KCab-s_L,"KCab-m,KCab-c,KCab-s",L,L,,acetylcholine,dopamine,0.7769457547169811,,dopamine,acetylcholine,1,True,True
104723,KCab-s,KCab-s,cb_intrinsic,Kenyon_Cell,,KCab-s_R,"KCab-m,KCab-c,KCab-s",R,R,,acetylcholine,dopamine,0.7490651377855015,,dopamine,acetylcholine,1,True,True
104743,KCab-m,KCab-m,cb_intrinsic,Kenyon_Cell,,KCab-m_L,"KCab-m,KCab-c,KCab-s",L,L,,acetylcholine,dopamine,0.7404104428721174,,dopamine,acetylcholine,1,True,True
104745,KCab-s,KCab-s,cb_intrinsic,Kenyon_Cell,,KCab-s_R,"KCab-m,KCab-c,KCab-s",R,R,,acetylcholine,dopamine,0.8150660868710691,,dopamine,acetylcholine,1,True,True
104755,KCa'b'-ap1,KCa'b'-ap1,cb_intrinsic,Kenyon_Cell,,KCa'b'-ap1_R,KCa'b'-ap1,R,R,,acetylcholine,dopamine,0.6581923766705975,,dopamine,acetylcholine,1,True,True
104845,KCa'b'-ap2,KCa'b'-ap2,cb_intrinsic,Kenyon_Cell,,KCa'b'-ap2_L,KCa'b'-ap2,L,L,,acetylcholine,dopamine,0.7617936889363554,,dopamine,acetylcholine,1,True,True
104846,KCab-s,KCab-s,cb_intrinsic,Kenyon_Cell,,KCab-s_R,"KCab-m,KCab-c,KCab-s",R,R,,acetylcholine,dopamine,0.7884231606564698,,dopamine,acetylcholine,1,True,True
104866,KCab-c,KCab-c,cb_intrinsic,Kenyon_Cell,,KCab-c_L,"KCab-m,KCab-c,KCab-s",L,L,,acetylcholine,dopamine,0.7625299159570323,,dopamine,acetylcholine,1,True,True
104887,KCab-m,KCab-m,cb_intrinsic,Kenyon_Cell,,KCab-m_R,"KCab-m,KCab-c,KCab-s",R,R,,acetylcholine,dopamine,0.7689343234744178,,dopamine,acetylcholine,1,True,True
104940,KCab-c,KCab-c,cb_intrinsic,Kenyon_Cell,,KCab-c_R,"KCab-m,KCab-c,KCab-s",R,R,,acetylcholine,dopamine,0.76995048437817,,dopamine,acetylcholine,1,True,True
104970,KCab-m,KCab-m,cb_intrinsic,Kenyon_Cell,,KCab-m_L,"KCab-m,KCab-c,KCab-s",L,L,,acetylcholine,dopamine,0.7356706579583938,,dopamine,acetylcholine,1,True,True
104980,KCab-m,KCab-m,cb_intrinsic,Kenyon_Cell,,KCab-m_R,"KCab-m,KCab-c,KCab-s",R,R,,acetylcholine,dopamine,0.7539914330218068,,dopamine,acetylcholine,1,True,True
104983,KCg-m,KCg-m,cb_intrinsic,Kenyon_Cell,,KCg-m_L,KCg-m,L,L,,acetylcholine,dopamine,0.787418563330231,,dopamine,acetylcholine,1,True,True
105128,KCg-m,KCg-m,cb_intrinsic,Kenyon_Cell,,KCg-m_R,KCg-m,R,R,,acetylcholine,dopamine,0.7308806187569368,,dopamine,acetylcholine,1,True,True
105134,KCab-s,KCab-s,cb_intrinsic,Kenyon_Cell,,KCab-s_R,"KCab-m,KCab-c,KCab-s",R,R,,acetylcholine,dopamine,0.7818375092987083,,dopamine,acetylcholine,1,True,True
105264,KCab-s,KCab-s,cb_intrinsic,Kenyon_Cell,,KCab-s_R,"KCab-m,KCab-c,KCab-s",R,R,,acetylcholine,dopamine,0.7716607595816394,,dopamine,acetylcholine,1,True,True
105330,KCab-s,KCab-s,cb_intrinsic,Kenyon_Cell,,KCab-s_R,"KCab-m,KCab-c,KCab-s",R,R,,acetylcholine,dopamine,0.7772606880802635,,dopamine,acetylcholine,1,True,True
105338,KCab-m,KCab-m,cb_intrinsic,Kenyon_Cell,,KCab-m_L,"KCab-m,KCab-c,KCab-s",L,L,,acetylcholine,dopamine,0.7416136860814876,,dopamine,acetylcholine,1,True,True
105345,KCab-c,KCab-c,cb_intrinsic,Kenyon_Cell,,KCab-c_R,"KCab-m,KCab-c,KCab-s",R,R,,acetylcholine,dopamine,0.7382326689364921,,dopamine,acetylcholine,1,True,True
105349,KCab-s,KCab-s,cb_intrinsic,Kenyon_Cell,,KCab-s_R,"KCab-m,KCab-c,KCab-s",R,R,,acetylcholine,dopamine,0.7754780381416109,,dopamine,acetylcholine,1,True,True
105362,PAM05,PAM05,cb_intrinsic,DAN,,PAM05(B'2p)_R,PAM05,R,R,,dopamine,dopamine,0.9068623253834819,dopamine,dopamine,dopamine,0,True,True
105365,PAM08,PAM08,cb_intrinsic,DAN,,PAM08(y4)_R,PAM08,R,R,,dopamine,dopamine,0.8652899716435816,dopamine,dopamine,dopamine,0,True,True
105400,KCab-c,KCab-c,cb_intrinsic,Kenyon_Cell,,KCab-c_L,"KCab-m,KCab-c,KCab-s",L,L,,acetylcholine,dopamine,0.7515488093318281,,dopamine,acetylcholine,1,True,True
105407,KCg-m,KCg-m,cb_intrinsic,Kenyon_Cell,,KCg-m_L,KCg-m,L,L,,acetylcholine,dopamine,0.7763534211667751,,dopamine,acetylcholine,1,True,True
105426,DM3_vPN,DM3_vPN,cb_intrinsic,ALPN,,DM3_vPN_L,DM3_vPN,L,L,,gaba,gaba,0.8432773232794568,gaba,gaba,gaba,-1,True,True
105447,PAM12,PAM12,cb_intrinsic,DAN,,PAM12(y3)_L,PAM12,L,L,,dopamine,dopamine,0.9118502983847914,dopamine,dopamine,dopamine,0,True,True
105509,KCab-m,KCab-m,cb_intrinsic,Kenyon_Cell,,KCab-m_L,"KCab-m,KCab-c,KCab-s",L,L,,acetylcholine,dopamine,0.8021158732142114,,dopamine,acetylcholine,1,True,True
105550,M_vPNml76,M_vPNml76,cb_intrinsic,ALPN,,M_vPNml76_R,M_vPNml76,R,R,,gaba,gaba,0.7948195495183147,gaba,gaba,gaba,-1,True,True
105653,KCab-m,KCab-m,cb_intrinsic,Kenyon_Cell,,KCab-m_L,"KCab-m,KCab-c,KCab-s",L,L,,acetylcholine,dopamine,0.7374317279046674,,dopamine,acetylcholine,1,True,True
105662,KCg-d,KCg-d,cb_intrinsic,Kenyon_Cell,,KCg-d_L,KCg-d,L,L,,acetylcholine,dopamine,0.7468162610777587,,dopamine,acetylcholine,1,True,True
105676,KCab-s,KCab-s,cb_intrinsic,Kenyon_Cell,,KCab-s_R,"KCab-m,KCab-c,KCab-s",R,R,,acetylcholine,dopamine,0.8066195453839584,,dopamine,acetylcholine,1,True,True
105684,KCab-p,KCab-p,cb_intrinsic,Kenyon_Cell,,KCab-p_R,KCab-p,R,R,,acetylcholine,dopamine,0.6720590534764933,,dopamine,acetylcholine,1,True,True
105807,KCab-s,KCab-s,cb_intrinsic,Kenyon_Cell,,KCab-s_R,"KCab-m,KCab-c,KCab-s",R,R,,acetylcholine,dopamine,0.7783669665542088,,dopamine,acetylcholine,1,True,True
105929,KCab-m,KCab-m,cb_intrinsic,Kenyon_Cell,,KCab-m_L,"KCab-m,KCab-c,KCab-s",L,L,,acetylcholine,dopamine,0.7047635376243365,,dopamine,acetylcholine,1,True,True
105935,KCab-s,KCab-s,cb_intrinsic,Kenyon_Cell,,KCab-s_L,"KCab-m,KCab-c,KCab-s",L,L,,acetylcholine,dopamine,0.7729382977931598,,dopamine,acetylcholine,1,True,True
105960,KCab-s,KCab-s,cb_intrinsic,Kenyon_Cell,,KCab-s_L,"KCab-m,KCab-c,KCab-s",L,L,,acetylcholine,dopamine,0.733990107442348,,dopamine,acetylcholine,1,True,True
106034,KCab-m,KCab-m,cb_intrinsic,Kenyon_Cell,,KCab-m_R,"KCab-m,KCab-c,KCab-s",R,R,,acetylcholine,dopamine,0.7480918613853139,,dopamine,acetylcholine,1,True,True
106115,KCg-m,KCg-m,cb_intrinsic,Kenyon_Cell,,KCg-m_R,KCg-m,R,R,,acetylcholine,dopamine,0.7304575829045169,,dopamine,acetylcholine,1,True,True
106124,KCab-m,KCab-m,cb_intrinsic,Kenyon_Cell,,KCab-m_R,"KCab-m,KCab-c,KCab-s",R,R,,acetylcholine,dopamine,0.7093352124558981,,dopamine,acetylcholine,1,True,True
106206,KCab-s,KCab-s,cb_intrinsic,Kenyon_Cell,,KCab-s_L,"KCab-m,KCab-c,KCab-s",L,L,,acetylcholine,dopamine,0.7798684670271065,,dopamine,acetylcholine,1,True,True
106209,KCab-m,KCab-m,cb_intrinsic,Kenyon_Cell,,KCab-m_L,"KCab-m,KCab-c,KCab-s",L,L,,acetylcholine,dopamine,0.7246661653450005,,dopamine,acetylcholine,1,True,True
106236,KCa'b'-ap2,KCa'b'-ap2,cb_intrinsic,Kenyon_Cell,,KCa'b'-ap2_R,KCa'b'-ap2,R,R,,acetylcholine,dopamine,0.7864477503628448,,dopamine,acetylcholine,1,True,True
106301,KCg-d,KCg-d,cb_intrinsic,Kenyon_Cell,,KCg-d_R,KCg-d,R,R,,acetylcholine,dopamine,0.7581371976917591,,dopamine,acetylcholine,1,True,True
106446,KCab-m,KCab-m,cb_intrinsic,Kenyon_Cell,,KCab-m_R,"KCab-m,KCab-c,KCab-s",R,R,,acetylcholine,dopamine,0.7616498021911139,,dopamine,acetylcholine,1,True,True
106448,KCa'b'-m,KCa'b'-m,cb_intrinsic,Kenyon_Cell,,KCa'b'-m_L,KCa'b'-m,L,L,,acetylcholine,dopamine,0.6896206257055314,,dopamine,acetylcholine,1,True,True
106506,KCab-s,KCab-s,cb_intrinsic,Kenyon_Cell,,KCab-s_L,"KCab-m,KCab-c,KCab-s",L,L,,acetylcholine,dopamine,0.8160202655485674,,dopamine,acetylcholine,1,True,True
106511,KCab-m,KCab-m,cb_intrinsic,Kenyon_Cell,,KCab-m_L,"KCab-m,KCab-c,KCab-s",L,L,,acetylcholine,dopamine,0.6764419195138535,,dopamine,acetylcholine,1,True,True
106559,KCa'b'-ap2,KCa'b'-ap2,cb_intrinsic,Kenyon_Cell,,KCa'b'-ap2_L,KCa'b'-ap2,L,L,,acetylcholine,dopamine,0.7302436029981907,,dopamine,acetylcholine,1,True,True
106691,KCg-m,KCg-m,cb_intrinsic,Kenyon_Cell,,KCg-m_R,KCg-m,R,R,,acetylcholine,dopamine,0.6969694206704272,,dopamine,acetylcholine,1,True,True
106711,KCa'b'-ap2,KCa'b'-ap2,cb_intrinsic,Kenyon_Cell,,KCa'b'-ap2_R,KCa'b'-ap2,R,R,,acetylcholine,dopamine,0.690295248078267,,dopamine,acetylcholine,1,True,True
106762,KCab-m,KCab-m,cb_intrinsic,Kenyon_Cell,,KCab-m_L,"KCab-m,KCab-c,KCab-s",L,L,,acetylcholine,dopamine,0.7949940912550575,,dopamine,acetylcholine,1,True,True
106828,KCab-m,KCab-m,cb_intrinsic,Kenyon_Cell,,KCab-m_R,"KCab-m,KCab-c,KCab-s",R,R,,acetylcholine,dopamine,0.7612744179266109,,dopamine,acetylcholine,1,True,True
106846,KCab-c,KCab-c,cb_intrinsic,Kenyon_Cell,,KCab-c_R,"KCab-m,KCab-c,KCab-s",R,R,,acetylcholine,dopamine,0.7504681647940076,,dopamine,acetylcholine,1,True,True
106882,KCab-m,KCab-m,cb_intrinsic,Kenyon_Cell,,KCab-m_R,"KCab-m,KCab-c,KCab-s",R,R,,acetylcholine,dopamine,0.6706802383316782,,dopamine,acetylcholine,1,True,True
106885,KCg-m,KCg-m,cb_intrinsic,Kenyon_Cell,,KCg-m_L,KCg-m,L,L,,acetylcholine,dopamine,0.7657962713387242,,dopamine,acetylcholine,1,True,True
106893,KCab-s,KCab-s,cb_intrinsic,Kenyon_Cell,,KCab-s_R,"KCab-m,KCab-c,KCab-s",R,R,,acetylcholine,dopamine,0.7846425209309779,,dopamine,acetylcholine,1,True,True
106905,KCg-m,KCg-m,cb_intrinsic,Kenyon_Cell,,KCg-m_L,KCg-m,L,L,,acetylcholine,dopamine,0.7446678459119497,,dopamine,acetylcholine,1,True,True
106931,KCa'b'-ap2,KCa'b'-ap2,cb_intrinsic,Kenyon_Cell,,KCa'b'-ap2_R,KCa'b'-ap2,R,R,,acetylcholine,dopamine,0.7320347406016108,,dopamine,acetylcholine,1,True,True
106942,KCab-m,KCab-m,cb_intrinsic,Kenyon_Cell,,KCab-m_L,"KCab-m,KCab-c,KCab-s",L,L,,acetylcholine,dopamine,0.8020544302626711,,dopamine,acetylcholine,1,True,True
106981,KCab-s,KCab-s,cb_intrinsic,Kenyon_Cell,,KCab-s_R,"KCab-m,KCab-c,KCab-s",R,R,,acetylcholine,dopamine,0.7514857391036636,,dopamine,acetylcholine,1,True,True
106984,M_vPNml84,M_vPNml84,cb_intrinsic,ALPN,,M_vPNml84_R,M_vPNml84,R,R,,gaba,gaba,0.7817529053357277,gaba,gaba,gaba,-1,True,True
107009,KCab-s,KCab-s,cb_intrinsic,Kenyon_Cell,,KCab-s_L,"KCab-m,KCab-c,KCab-s",L,L,,acetylcholine,dopamine,0.7797925058299766,,dopamine,acetylcholine,1,True,True
107019,KCg-m,KCg-m,cb_intrinsic,Kenyon_Cell,,KCg-m_L,KCg-m,L,L,,acetylcholine,dopamine,0.7620965131335553,,dopamine,acetylcholine,1,True,True
107027,KCab-m,KCab-m,cb_intrinsic,Kenyon_Cell,,KCab-m_R,"KCab-m,KCab-c,KCab-s",R,R,,acetylcholine,dopamine,0.7985591520277596,,dopamine,acetylcholine,1,True,True
107041,KCab-s,KCab-s,cb_intrinsic,Kenyon_Cell,,KCab-s_R,"KCab-m,KCab-c,KCab-s",R,R,,acetylcholine,dopamine,0.8184110342896528,,dopamine,acetylcholine,1,True,True
107164,KCg-m,KCg-m,cb_intrinsic,Kenyon_Cell,,KCg-m_L,KCg-m,L,L,,acetylcholine,dopamine,0.7121498363496342,,dopamine,acetylcholine,1,True,True
107195,EPG,EPG,cb_intrinsic,CX,,EPG(PB08)_L5,EPG,L,L,,acetylcholine,acetylcholine,0.9237758629486081,acetylcholine,acetylcholine,acetylcholine,1,True,True
107197,KCg-m,KCg-m,cb_intrinsic,Kenyon_Cell,,KCg-m_R,KCg-m,R,R,,acetylcholine,dopamine,0.7469903327804271,,dopamine,acetylcholine,1,True,True
107232,KCg-m,KCg-m,cb_intrinsic,Kenyon_Cell,,KCg-m_L,KCg-m,L,L,,acetylcholine,dopamine,0.759104500672556,,dopamine,acetylcholine,1,True,True
107285,PAM08,PAM08,cb_intrinsic,DAN,,PAM08(y4)_L,PAM08,L,L,,dopamine,dopamine,0.9175905037523167,dopamine,dopamine,dopamine,0,True,True
107312,KCa'b'-m,KCa'b'-m,cb_intrinsic,Kenyon_Cell,,KCa'b'-m_L,KCa'b'-m,L,L,,acetylcholine,dopamine,0.7125855771750524,,dopamine,acetylcholine,1,True,True
107336,KCab-m,KCab-m,cb_intrinsic,Kenyon_Cell,,KCab-m_R,"KCab-m,KCab-c,KCab-s",R,R,,acetylcholine,dopamine,0.7147202247438096,,dopamine,acetylcholine,1,True,True
107452,KCg-m,KCg-m,cb_intrinsic,Kenyon_Cell,,KCg-m_R,KCg-m,R,R,,acetylcholine,dopamine,0.7384239311199807,,dopamine,acetylcholine,1,True,True
107453,KCab-s,KCab-s,cb_intrinsic,Kenyon_Cell,,KCab-s_R,"KCab-m,KCab-c,KCab-s",R,R,,acetylcholine,dopamine,0.7697200085940857,,dopamine,acetylcholine,1,True,True
107516,KCg-m,KCg-m,cb_intrinsic,Kenyon_Cell,,KCg-m_L,KCg-m,L,L,,acetylcholine,dopamine,0.7266266097634022,,dopamine,acetylcholine,1,True,True
107550,KCa'b'-ap2,KCa'b'-ap2,cb_intrinsic,Kenyon_Cell,,KCa'b'-ap2_L,KCa'b'-ap2,L,L,,acetylcholine,dopamine,0.7780724277349196,,dopamine,acetylcholine,1,True,True
107575,KCab-c,KCab-c,cb_intrinsic,Kenyon_Cell,,KCab-c_L,"KCab-m,KCab-c,KCab-s",L,L,,acetylcholine,dopamine,0.7319806696263411,,dopamine,acetylcholine,1,True,True
107629,M_vPNml84,M_vPNml84,cb_intrinsic,ALPN,,M_vPNml84_R,M_vPNml84,R,R,,gaba,gaba,0.6708482582804864,gaba,gaba,gaba,-1,True,True
107653,KCab-s,KCab-s,cb_intrinsic,Kenyon_Cell,,KCab-s_R,"KCab-m,KCab-c,KCab-s",R,R,,acetylcholine,dopamine,0.8093058852930151,,dopamine,acetylcholine,1,True,True
107657,KCab-s,KCab-s,cb_intrinsic,Kenyon_Cell,,KCab-s_R,"KCab-m,KCab-c,KCab-s",R,R,,acetylcholine,dopamine,0.8285612248811167,,dopamine,acetylcholine,1,True,True
107679,KCab-s,KCab-s,cb_intrinsic,Kenyon_Cell,,KCab-s_L,"KCab-m,KCab-c,KCab-s",L,L,,acetylcholine,dopamine,0.7727561791451348,,dopamine,acetylcholine,1,True,True
107737,KCab-p,KCab-p,cb_intrinsic,Kenyon_Cell,,KCab-p_L,KCab-p,L,L,,acetylcholine,dopamine,0.7222803540319486,,dopamine,acetylcholine,1,True,True
107761,KCab-m,KCab-m,cb_intrinsic,Kenyon_Cell,,KCab-m_R,"KCab-m,KCab-c,KCab-s",R,R,,acetylcholine,dopamine,0.7496501293545653,,dopamine,acetylcholine,1,True,True
107780,KCab-m,KCab-m,cb_intrinsic,Kenyon_Cell,,KCab-m_R,"KCab-m,KCab-c,KCab-s",R,R,,acetylcholine,dopamine,0.7230825702922679,,dopamine,acetylcholine,1,True,True
107825,KCab-m,KCab-m,cb_intrinsic,Kenyon_Cell,,KCab-m_L,"KCab-m,KCab-c,KCab-s",L,L,,acetylcholine,dopamine,0.7002361491190168,,dopamine,acetylcholine,1,True,True
107840,KCab-m,KCab-m,cb_intrinsic,Kenyon_Cell,,KCab-m_R,"KCab-m,KCab-c,KCab-s",R,R,,acetylcholine,dopamine,0.7705570367332057,,dopamine,acetylcholine,1,True,True
107852,KCg-m,KCg-m,cb_intrinsic,Kenyon_Cell,,KCg-m_R,KCg-m,R,R,,acetylcholine,dopamine,0.8013093366277328,,dopamine,acetylcholine,1,True,True
107986,PAM02,PAM02,cb_intrinsic,DAN,,PAM02(B'2a)_L,PAM02,L,L,,dopamine,dopamine,0.8964430404443833,dopamine,dopamine,dopamine,0,True,True
108002,KCg-m,KCg-m,cb_intrinsic,Kenyon_Cell,,KCg-m_R,KCg-m,R,R,,acetylcholine,dopamine,0.7571909533454145,,dopamine,acetylcholine,1,True,True
108059,KCab-s,KCab-s,cb_intrinsic,Kenyon_Cell,,KCab-s_L,"KCab-m,KCab-c,KCab-s",L,L,,acetylcholine,dopamine,0.7343378489799048,,dopamine,acetylcholine,1,True,True
108072,KCab-p,KCab-p,cb_intrinsic,Kenyon_Cell,,KCab-p_L,KCab-p,L,L,,acetylcholine,dopamine,0.6434948979591837,,dopamine,acetylcholine,1,True,True
108124,KCab-m,KCab-m,cb_intrinsic,Kenyon_Cell,,KCab-m_R,"KCab-m,KCab-c,KCab-s",R,R,,acetylcholine,dopamine,0.7118558441846045,,dopamine,acetylcholine,1,True,True
108126,KCab-m,KCab-m,cb_intrinsic,Kenyon_Cell,,KCab-m_R,"KCab-m,KCab-c,KCab-s",R,R,,acetylcholine,dopamine,0.7251008340169538,,dopamine,acetylcholine,1,True,True
108277,KCab-c,KCab-c,cb_intrinsic,Kenyon_Cell,,KCab-c_L,"KCab-m,KCab-c,KCab-s",L,L,,acetylcholine,dopamine,0.7380257837991204,,dopamine,acetylcholine,1,True,True
108345,KCab-s,KCab-s,cb_intrinsic,Kenyon_Cell,,KCab-s_L,"KCab-m,KCab-c,KCab-s",L,L,,acetylcholine,dopamine,0.787164537677253,,dopamine,acetylcholine,1,True,True
108379,KCg-m,KCg-m,cb_intrinsic,Kenyon_Cell,,KCg-m_L,KCg-m,L,L,,acetylcholine,dopamine,0.7203441649196366,,dopamine,acetylcholine,1,True,True
108389,KCg-m,KCg-m,cb_intrinsic,Kenyon_Cell,,KCg-m_L,KCg-m,L,L,,acetylcholine,dopamine,0.8037186816379547,,dopamine,acetylcholine,1,True,True
108403,M_vPNml77,M_vPNml77,cb_intrinsic,ALPN,,M_vPNml77_R,M_vPNml77,R,R,,gaba,gaba,0.7161499740430229,,gaba,gaba,-1,True,True
108406,KCa'b'-m,KCa'b'-m,cb_intrinsic,Kenyon_Cell,,KCa'b'-m_R,KCa'b'-m,R,R,,acetylcholine,dopamine,0.6843371872436423,,dopamine,acetylcholine,1,True,True
108429,PAM04,PAM04,cb_intrinsic,DAN,,PAM04(B2)_L,PAM04,L,L,,dopamine,dopamine,0.9084907655716247,dopamine,dopamine,dopamine,0,True,True
108481,KCab-c,KCab-c,cb_intrinsic,Kenyon_Cell,,KCab-c_R,"KCab-m,KCab-c,KCab-s",R,R,,acetylcholine,dopamine,0.7284633310871518,,dopamine,acetylcholine,1,True,True
108536,KCg-m,KCg-m,cb_intrinsic,Kenyon_Cell,,KCg-m_L,KCg-m,L,L,,acetylcholine,dopamine,0.7335424824967367,,dopamine,acetylcholine,1,True,True
108539,KCab-c,KCab-c,cb_intrinsic,Kenyon_Cell,,KCab-c_L,"KCab-m,KCab-c,KCab-s",L,L,,acetylcholine,dopamine,0.6891836543959186,,dopamine,acetylcholine,1,True,True
108576,PAM13,PAM13,cb_intrinsic,DAN,,PAM13(B'1ap)_R,PAM13,R,R,,dopamine,dopamine,0.9095939058772501,dopamine,dopamine,dopamine,0,True,True
108602,KCab-m,KCab-m,cb_intrinsic,Kenyon_Cell,,KCab-m_R,"KCab-m,KCab-c,KCab-s",R,R,,acetylcholine,dopamine,0.7061325074296773,,dopamine,acetylcholine,1,True,True
108610,KCab-m,KCab-m,cb_intrinsic,Kenyon_Cell,,KCab-m_L,"KCab-m,KCab-c,KCab-s",L,L,,acetylcholine,dopamine,0.7974760494368875,,dopamine,acetylcholine,1,True,True
108622,KCab-m,KCab-m,cb_intrinsic,Kenyon_Cell,,KCab-m_R,"KCab-m,KCab-c,KCab-s",R,R,,acetylcholine,dopamine,0.7666348457622042,,dopamine,acetylcholine,1,True,True
108640,KCab-m,KCab-m,cb_intrinsic,Kenyon_Cell,,KCab-m_L,"KCab-m,KCab-c,KCab-s",L,L,,acetylcholine,dopamine,0.7084621014964215,,dopamine,acetylcholine,1,True,True
108661,KCab-s,KCab-s,cb_intrinsic,Kenyon_Cell,,KCab-s_L,"KCab-m,KCab-c,KCab-s",L,L,,acetylcholine,dopamine,0.7795227831229955,,dopamine,acetylcholine,1,True,True
108808,KCab-c,KCab-c,cb_intrinsic,Kenyon_Cell,,KCab-c_L,"KCab-m,KCab-c,KCab-s",L,L,,acetylcholine,dopamine,0.6807244351269508,,dopamine,acetylcholine,1,True,True
108833,KCg-m,KCg-m,cb_intrinsic,Kenyon_Cell,,KCg-m_R,KCg-m,R,R,,acetylcholine,dopamine,0.7575398377162968,,dopamine,acetylcholine,1,True,True
108966,M_vPNml53,M_vPNml53,cb_intrinsic,ALPN,,M_vPNml53_L,M_vPNml53,L,L,,gaba,gaba,0.6298331909807013,gaba,gaba,gaba,-1,True,True
109056,KCab-m,KCab-m,cb_intrinsic,Kenyon_Cell,,KCab-m_R,"KCab-m,KCab-c,KCab-s",R,R,,acetylcholine,dopamine,0.7268609781282268,,dopamine,acetylcholine,1,True,True
109108,KCab-m,KCab-m,cb_intrinsic,Kenyon_Cell,,KCab-m_L,"KCab-m,KCab-c,KCab-s",L,L,,acetylcholine,dopamine,0.7647214578965759,,dopamine,acetylcholine,1,True,True
109117,KCa'b'-ap2,KCa'b'-ap2,cb_intrinsic,Kenyon_Cell,,KCa'b'-ap2_L,KCa'b'-ap2,L,L,,acetylcholine,dopamine,0.7037958847363328,,dopamine,acetylcholine,1,True,True
109161,KCg-m,KCg-m,cb_intrinsic,Kenyon_Cell,,KCg-m_L,KCg-m,L,L,,acetylcholine,dopamine,0.7142754904976757,,dopamine,acetylcholine,1,True,True
109220,KCa'b'-ap2,KCa'b'-ap2,cb_intrinsic,Kenyon_Cell,,KCa'b'-ap2_L,KCa'b'-ap2,L,L,,acetylcholine,dopamine,0.6938377703110192,,dopamine,acetylcholine,1,True,True
109263,KCab-c,KCab-c,cb_intrinsic,Kenyon_Cell,,KCab-c_L,"KCab-m,KCab-c,KCab-s",L,L,,acetylcholine,dopamine,0.7405815541211519,,dopamine,acetylcholine,1,True,True
109268,KCg-m,KCg-m,cb_intrinsic,Kenyon_Cell,,KCg-m_R,KCg-m,R,R,,acetylcholine,dopamine,0.7320881001166795,,dopamine,acetylcholine,1,True,True
109271,M_lPNm13,M_lPNm13,cb_intrinsic,ALPN,,M_lPNm13_R,M_lPNm13,R,R,,acetylcholine,acetylcholine,0.8857745595191782,acetylcholine,acetylcholine,acetylcholine,1,True,True
109275,KCg-m,KCg-m,cb_intrinsic,Kenyon_Cell,,KCg-m_L,KCg-m,L,L,,acetylcholine,dopamine,0.7176501092508932,,dopamine,acetylcholine,1,True,True
109321,KC,KC,cb_intrinsic,Kenyon_Cell,,KC_R,,R,R,,acetylcholine,unclear,0.3903846153846154,,unclear,acetylcholine,1,True,True
109332,KCab-m,KCab-m,cb_intrinsic,Kenyon_Cell,,KCab-m_R,"KCab-m,KCab-c,KCab-s",R,R,,acetylcholine,dopamine,0.7145489386792453,,dopamine,acetylcholine,1,True,True
109333,KCab-m,KCab-m,cb_intrinsic,Kenyon_Cell,,KCab-m_L,"KCab-m,KCab-c,KCab-s",L,L,,acetylcholine,dopamine,0.7815653795524353,,dopamine,acetylcholine,1,True,True
109382,KCab-m,KCab-m,cb_intrinsic,Kenyon_Cell,,KCab-m_L,"KCab-m,KCab-c,KCab-s",L,L,,acetylcholine,dopamine,0.7651450414729742,,dopamine,acetylcholine,1,True,True
109413,KCab-p,KCab-p,cb_intrinsic,Kenyon_Cell,,KCab-p_L,KCab-p,L,L,,acetylcholine,dopamine,0.6332593743479686,,dopamine,acetylcholine,1,True,True
109449,KCg-m,KCg-m,cb_intrinsic,Kenyon_Cell,,KCg-m_L,KCg-m,L,L,,acetylcholine,dopamine,0.7737991131368809,,dopamine,acetylcholine,1,True,True
109478,KCab-p,KCab-p,cb_intrinsic,Kenyon_Cell,,KCab-p_L,KCab-p,L,L,,acetylcholine,dopamine,0.6257068259188737,,dopamine,acetylcholine,1,True,True
109492,KCg-m,KCg-m,cb_intrinsic,Kenyon_Cell,,KCg-m_L,KCg-m,L,L,,acetylcholine,dopamine,0.7822043571601355,,dopamine,acetylcholine,1,True,True
109512,KCg-m,KCg-m,cb_intrinsic,Kenyon_Cell,,KCg-m_L,KCg-m,L,L,,acetylcholine,dopamine,0.7527778539564136,,dopamine,acetylcholine,1,True,True
109550,KCab-c,KCab-c,cb_intrinsic,Kenyon_Cell,,KCab-c_L,"KCab-m,KCab-c,KCab-s",L,L,,acetylcholine,dopamine,0.7405377358490566,,dopamine,acetylcholine,1,True,True
109583,KCg-m,KCg-m,cb_intrinsic,Kenyon_Cell,,KCg-m_R,KCg-m,R,R,,acetylcholine,dopamine,0.7613552871333686,,dopamine,acetylcholine,1,True,True
109607,KCa'b'-m,KCa'b'-m,cb_intrinsic,Kenyon_Cell,,KCa'b'-m_L,KCa'b'-m,L,L,,acetylcholine,dopamine,0.6764686613639166,,dopamine,acetylcholine,1,True,True
109619,KCab-m,KCab-m,cb_intrinsic,Kenyon_Cell,,KCab-m_L,"KCab-m,KCab-c,KCab-s",L,L,,acetylcholine,dopamine,0.7252492191845292,,dopamine,acetylcholine,1,True,True
109624,PAM08,PAM08,cb_intrinsic,DAN,,PAM08(y4)_L,PAM08,L,L,,dopamine,dopamine,0.9063699232491205,dopamine,dopamine,dopamine,0,True,True
109655,KCa'b'-ap1,KCa'b'-ap1,cb_intrinsic,Kenyon_Cell,,KCa'b'-ap1_L,KCa'b'-ap1,L,L,,acetylcholine,dopamine,0.6680787001237241,,dopamine,acetylcholine,1,True,True
109676,KCg-m,KCg-m,cb_intrinsic,Kenyon_Cell,,KCg-m_L,KCg-m,L,L,,acetylcholine,dopamine,0.732799602004717,,dopamine,acetylcholine,1,True,True
109697,KCg-m,KCg-m,cb_intrinsic,Kenyon_Cell,,KCg-m_R,KCg-m,R,R,,acetylcholine,dopamine,0.7603338601027999,,dopamine,acetylcholine,1,True,True
109708,KCg-m,KCg-m,cb_intrinsic,Kenyon_Cell,,KCg-m_L,KCg-m,L,L,,acetylcholine,dopamine,0.7430970782767886,,dopamine,acetylcholine,1,True,True
109755,KCab-s,KCab-s,cb_intrinsic,Kenyon_Cell,,KCab-s_R,"KCab-m,KCab-c,KCab-s",R,R,,acetylcholine,dopamine,0.8037136560470152,,dopamine,acetylcholine,1,True,True
109758,KCab-c,KCab-c,cb_intrinsic,Kenyon_Cell,,KCab-c_L,"KCab-m,KCab-c,KCab-s",L,L,,acetylcholine,dopamine,0.7092233827493261,,dopamine,acetylcholine,1,True,True
109793,PAM04,PAM04,cb_intrinsic,DAN,,PAM04(B2)_L,PAM04,L,L,,dopamine,dopamine,0.9092391387311473,dopamine,dopamine,dopamine,0,True,True
109802,KCab-s,KCab-s,cb_intrinsic,Kenyon_Cell,,KCab-s_L,"KCab-m,KCab-c,KCab-s",L,L,,acetylcholine,dopamine,0.7623185592115356,,dopamine,acetylcholine,1,True,True
109851,KCab-m,KCab-m,cb_intrinsic,Kenyon_Cell,,KCab-m_L,"KCab-m,KCab-c,KCab-s",L,L,,acetylcholine,dopamine,0.783164453761938,,dopamine,acetylcholine,1,True,True
109853,KCg-m,KCg-m,cb_intrinsic,Kenyon_Cell,,KCg-m_L,KCg-m,L,L,,acetylcholine,dopamine,0.7400349406009784,,dopamine,acetylcholine,1,True,True
109862,KCab-s,KCab-s,cb_intrinsic,Kenyon_Cell,,KCab-s_R,"KCab-m,KCab-c,KCab-s",R,R,,acetylcholine,dopamine,0.785427166795899,,dopamine,acetylcholine,1,True,True
109870,KCab-m,KCab-m,cb_intrinsic,Kenyon_Cell,,KCab-m_L,"KCab-m,KCab-c,KCab-s",L,L,,acetylcholine,dopamine,0.7225067814105334,,dopamine,acetylcholine,1,True,True
109871,KCab-m,KCab-m,cb_intrinsic,Kenyon_Cell,,KCab-m_R,"KCab-m,KCab-c,KCab-s",R,R,,acetylcholine,dopamine,0.6551406652315225,,dopamine,acetylcholine,1,True,True
109873,KCg-m,KCg-m,cb_intrinsic,Kenyon_Cell,,KCg-m_R,KCg-m,R,R,,acetylcholine,dopamine,0.792820821624515,,dopamine,acetylcholine,1,True,True
109910,KCab-m,KCab-m,cb_intrinsic,Kenyon_Cell,,KCab-m_R,"KCab-m,KCab-c,KCab-s",R,R,,acetylcholine,dopamine,0.7398945230607966,,dopamine,acetylcholine,1,True,True
109917,KCab-s,KCab-s,cb_intrinsic,Kenyon_Cell,,KCab-s_L,"KCab-m,KCab-c,KCab-s",L,L,,acetylcholine,dopamine,0.7873251139230971,,dopamine,acetylcholine,1,True,True
109919,KCab-s,KCab-s,cb_intrinsic,Kenyon_Cell,,KCab-s_L,"KCab-m,KCab-c,KCab-s",L,L,,acetylcholine,dopamine,0.7566730308475592,,dopamine,acetylcholine,1,True,True
109988,KCab-s,KCab-s,cb_intrinsic,Kenyon_Cell,,KCab-s_R,"KCab-m,KCab-c,KCab-s",R,R,,acetylcholine,dopamine,0.7483872086570478,,dopamine,acetylcholine,1,True,True
110009,KCab-m,KCab-m,cb_intrinsic,Kenyon_Cell,,KCab-m_R,"KCab-m,KCab-c,KCab-s",R,R,,acetylcholine,dopamine,0.7687094885123861,,dopamine,acetylcholine,1,True,True
110050,KCab-m,KCab-m,cb_intrinsic,Kenyon_Cell,,KCab-m_L,"KCab-m,KCab-c,KCab-s",L,L,,acetylcholine,dopamine,0.7675748924197286,,dopamine,acetylcholine,1,True,True
110079,KCab-m,KCab-m,cb_intrinsic,Kenyon_Cell,,KCab-m_R,"KCab-m,KCab-c,KCab-s",R,R,,acetylcholine,dopamine,0.6980579811840533,,dopamine,acetylcholine,1,True,True
110090,KCg-m,KCg-m,cb_intrinsic,Kenyon_Cell,,KCg-m_L,KCg-m,L,L,,acetylcholine,dopamine,0.7461407301666115,,dopamine,acetylcholine,1,True,True
110112,KCab-s,KCab-s,cb_intrinsic,Kenyon_Cell,,KCab-s_L,"KCab-m,KCab-c,KCab-s",L,L,,acetylcholine,dopamine,0.7574220983419097,,dopamine,acetylcholine,1,True,True
110210,KCab-s,KCab-s,cb_intrinsic,Kenyon_Cell,,KCab-s_L,"KCab-m,KCab-c,KCab-s",L,L,,acetylcholine,dopamine,0.7764813461481679,,dopamine,acetylcholine,1,True,True
110269,KCab-p,KCab-p,cb_intrinsic,Kenyon_Cell,,KCab-p_R,KCab-p,R,R,,acetylcholine,dopamine,0.7238560722153051,,dopamine,acetylcholine,1,True,True
110274,KCab-m,KCab-m,cb_intrinsic,Kenyon_Cell,,KCab-m_L,"KCab-m,KCab-c,KCab-s",L,L,,acetylcholine,dopamine,0.8123911248359802,,dopamine,acetylcholine,1,True,True
110282,KCg-m,KCg-m,cb_intrinsic,Kenyon_Cell,,KCg-m_L,KCg-m,L,L,,acetylcholine,dopamine,0.7423710050057759,,dopamine,acetylcholine,1,True,True
110328,KCab-c,KCab-c,cb_intrinsic,Kenyon_Cell,,KCab-c_L,"KCab-m,KCab-c,KCab-s",L,L,,acetylcholine,dopamine,0.7234540932054851,,dopamine,acetylcholine,1,True,True
110338,KCab-c,KCab-c,cb_intrinsic,Kenyon_Cell,,KCab-c_R,"KCab-m,KCab-c,KCab-s",R,R,,acetylcholine,dopamine,0.789295806394863,,dopamine,acetylcholine,1,True,True
110375,KCg-m,KCg-m,cb_intrinsic,Kenyon_Cell,,KCg-m_R,KCg-m,R,R,,acetylcholine,dopamine,0.6769955384222457,,dopamine,acetylcholine,1,True,True
110380,KCab-s,KCab-s,cb_intrinsic,Kenyon_Cell,,KCab-s_R,"KCab-m,KCab-c,KCab-s",R,R,,acetylcholine,dopamine,0.7861454195630586,,dopamine,acetylcholine,1,True,True
110448,MBON25-like,MBON25-like,cb_intrinsic,MBON,,MBON25-like(y1y2)_L,,L,L,,glutamate,glutamate,0.8135735470645339,,glutamate,glutamate,-1,True,True
110528,M_vPNml86,M_vPNml86,cb_intrinsic,ALPN,,M_vPNml86_R,M_vPNml86,R,R,,gaba,gaba,0.7030587257853549,,gaba,gaba,-1,True,True
110544,KCab-s,KCab-s,cb_intrinsic,Kenyon_Cell,,KCab-s_L,"KCab-m,KCab-c,KCab-s",L,L,,acetylcholine,dopamine,0.78172858980642,,dopamine,acetylcholine,1,True,True
110574,KCg-m,KCg-m,cb_intrinsic,Kenyon_Cell,,KCg-m_L,KCg-m,L,L,,acetylcholine,dopamine,0.7697075965622839,,dopamine,acetylcholine,1,True,True
110599,KCab-s,KCab-s,cb_intrinsic,Kenyon_Cell,,KCab-s_R,"KCab-m,KCab-c,KCab-s",R,R,,acetylcholine,dopamine,0.7963453285075749,,dopamine,acetylcholine,1,True,True
110653,PAM05,PAM05,cb_intrinsic,DAN,,PAM05(B'2p)_R,PAM05,R,R,,dopamine,dopamine,0.9016799818686612,dopamine,dopamine,dopamine,0,True,True
110674,KCab-s,KCab-s,cb_intrinsic,Kenyon_Cell,,KCab-s_R,"KCab-m,KCab-c,KCab-s",R,R,,acetylcholine,dopamine,0.7276134832148983,,dopamine,acetylcholine,1,True,True
110689,KCab-m,KCab-m,cb_intrinsic,Kenyon_Cell,,KCab-m_L,"KCab-m,KCab-c,KCab-s",L,L,,acetylcholine,dopamine,0.767393199418132,,dopamine,acetylcholine,1,True,True
110701,KCab-m,KCab-m,cb_intrinsic,Kenyon_Cell,,KCab-m_L,"KCab-m,KCab-c,KCab-s",L,L,,acetylcholine,dopamine,0.7861196891543369,,dopamine,acetylcholine,1,True,True
110746,KCg-d,KCg-d,cb_intrinsic,Kenyon_Cell,,KCg-d_L,KCg-d,L,L,,acetylcholine,dopamine,0.756688696061615,,dopamine,acetylcholine,1,True,True
110815,KCab-m,KCab-m,cb_intrinsic,Kenyon_Cell,,KCab-m_R,"KCab-m,KCab-c,KCab-s",R,R,,acetylcholine,dopamine,0.7077664399092971,,dopamine,acetylcholine,1,True,True
110897,KCab-s,KCab-s,cb_intrinsic,Kenyon_Cell,,KCab-s_R,"KCab-m,KCab-c,KCab-s",R,R,,acetylcholine,dopamine,0.733422256097561,,dopamine,acetylcholine,1,True,True
110950,KCg-m,KCg-m,cb_intrinsic,Kenyon_Cell,,KCg-m_L,KCg-m,L,L,,acetylcholine,dopamine,0.8081418814577718,,dopamine,acetylcholine,1,True,True
111033,KCab-c,KCab-c,cb_intrinsic,Kenyon_Cell,,KCab-c_L,"KCab-m,KCab-c,KCab-s",L,L,,acetylcholine,dopamine,0.7213545306312602,,dopamine,acetylcholine,1,True,True
111060,KCab-s,KCab-s,cb_intrinsic,Kenyon_Cell,,KCab-s_R,"KCab-m,KCab-c,KCab-s",R,R,,acetylcholine,dopamine,0.7410754716981133,,dopamine,acetylcholine,1,True,True
111109,KCg-m,KCg-m,cb_intrinsic,Kenyon_Cell,,KCg-m_L,KCg-m,L,L,,acetylcholine,dopamine,0.7735376602564104,,dopamine,acetylcholine,1,True,True
111127,KCg-m,KCg-m,cb_intrinsic,Kenyon_Cell,,KCg-m_L,KCg-m,L,L,,acetylcholine,dopamine,0.768559306616768,,dopamine,acetylcholine,1,True,True
111165,KCg-m,KCg-m,cb_intrinsic,Kenyon_Cell,,KCg-m_R,KCg-m,R,R,,acetylcholine,dopamine,0.775563063063063,,dopamine,acetylcholine,1,True,True
111185,KCa'b'-ap1,KCa'b'-ap1,cb_intrinsic,Kenyon_Cell,,KCa'b'-ap1_R,KCa'b'-ap1,R,R,,acetylcholine,dopamine,0.6285779581687875,,dopamine,acetylcholine,1,True,True
111197,KCg-d,KCg-d,cb_intrinsic,Kenyon_Cell,,KCg-d_L,KCg-d,L,L,,acetylcholine,dopamine,0.7330238859895625,,dopamine,acetylcholine,1,True,True
111220,M_vPNml75,M_vPNml75,cb_intrinsic,ALPN,,M_vPNml75_R,M_vPNml75,R,R,,gaba,gaba,0.8370256118484802,,gaba,gaba,-1,True,True
111260,KCab-m,KCab-m,cb_intrinsic,Kenyon_Cell,,KCab-m_L,"KCab-m,KCab-c,KCab-s",L,L,,acetylcholine,dopamine,0.8076268274397101,,dopamine,acetylcholine,1,True,True
111360,KCab-m,KCab-m,cb_intrinsic,Kenyon_Cell,,KCab-m_R,"KCab-m,KCab-c,KCab-s",R,R,,acetylcholine,dopamine,0.7200620431752508,,dopamine,acetylcholine,1,True,True
111576,KCg-m,KCg-m,cb_intrinsic,Kenyon_Cell,,KCg-m_L,KCg-m,L,L,,acetylcholine,dopamine,0.7624266517538741,,dopamine,acetylcholine,1,True,True
111636,KCab-m,KCab-m,cb_intrinsic,Kenyon_Cell,,KCab-m_L,"KCab-m,KCab-c,KCab-s",L,L,,acetylcholine,dopamine,0.7401190892150011,,dopamine,acetylcholine,1,True,True
111640,KCab-c,KCab-c,cb_intrinsic,Kenyon_Cell,,KCab-c_L,"KCab-m,KCab-c,KCab-s",L,L,,acetylcholine,dopamine,0.7644134980075856,,dopamine,acetylcholine,1,True,True
111652,KCab-s,KCab-s,cb_intrinsic,Kenyon_Cell,,KCab-s_L,"KCab-m,KCab-c,KCab-s",L,L,,acetylcholine,dopamine,0.8306116694011485,,dopamine,acetylcholine,1,True,True
111655,KCg-m,KCg-m,cb_intrinsic,Kenyon_Cell,,KCg-m_L,KCg-m,L,L,,acetylcholine,dopamine,0.7543166200791988,,dopamine,acetylcholine,1,True,True
111665,PAM12,PAM12,cb_intrinsic,DAN,,PAM12(y3)_R,PAM12,R,R,,dopamine,dopamine,0.916508205581761,dopamine,dopamine,dopamine,0,True,True
111695,KCg-m,KCg-m,cb_intrinsic,Kenyon_Cell,,KCg-m_L,KCg-m,L,L,,acetylcholine,dopamine,0.7122798742138364,,dopamine,acetylcholine,1,True,True
111702,KCab-c,KCab-c,cb_intrinsic,Kenyon_Cell,,KCab-c_L,"KCab-m,KCab-c,KCab-s",L,L,,acetylcholine,dopamine,0.7382544823054538,,dopamine,acetylcholine,1,True,True
111744,KCg-d,KCg-d,cb_intrinsic,Kenyon_Cell,,KCg-d_R,KCg-d,R,R,,acetylcholine,dopamine,0.7558870422617997,,dopamine,acetylcholine,1,True,True
111754,KCab-c,KCab-c,cb_intrinsic,Kenyon_Cell,,KCab-c_L,"KCab-m,KCab-c,KCab-s",L,L,,acetylcholine,dopamine,0.745321502396974,,dopamine,acetylcholine,1,True,True
111795,KCg-m,KCg-m,cb_intrinsic,Kenyon_Cell,,KCg-m_L,KCg-m,L,L,,acetylcholine,dopamine,0.7718275425678786,,dopamine,acetylcholine,1,True,True
111803,KCg-m,KCg-m,cb_intrinsic,Kenyon_Cell,,KCg-m_L,KCg-m,L,L,,acetylcholine,dopamine,0.735769335202445,,dopamine,acetylcholine,1,True,True
111812,KCab-c,KCab-c,cb_intrinsic,Kenyon_Cell,,KCab-c_R,"KCab-m,KCab-c,KCab-s",R,R,,acetylcholine,dopamine,0.7577852026554857,,dopamine,acetylcholine,1,True,True
111878,KCab-m,KCab-m,cb_intrinsic,Kenyon_Cell,,KCab-m_L,"KCab-m,KCab-c,KCab-s",L,L,,acetylcholine,dopamine,0.7662700383033055,,dopamine,acetylcholine,1,True,True
111958,KCab-c,KCab-c,cb_intrinsic,Kenyon_Cell,,KCab-c_L,"KCab-m,KCab-c,KCab-s",L,L,,acetylcholine,dopamine,0.7448331245086478,,dopamine,acetylcholine,1,True,True
111985,KCab-c,KCab-c,cb_intrinsic,Kenyon_Cell,,KCab-c_R,"KCab-m,KCab-c,KCab-s",R,R,,acetylcholine,dopamine,0.7705570367332057,,dopamine,acetylcholine,1,True,True
112009,KCg-m,KCg-m,cb_intrinsic,Kenyon_Cell,,KCg-m_L,KCg-m,L,L,,acetylcholine,dopamine,0.8030724816991441,,dopamine,acetylcholine,1,True,True
112023,KCab-c,KCab-c,cb_intrinsic,Kenyon_Cell,,KCab-c_R,"KCab-m,KCab-c,KCab-s",R,R,,acetylcholine,dopamine,0.7320898455834037,,dopamine,acetylcholine,1,True,True
112026,KCab-m,KCab-m,cb_intrinsic,Kenyon_Cell,,KCab-m_L,"KCab-m,KCab-c,KCab-s",L,L,,acetylcholine,dopamine,0.7420450432107145,,dopamine,acetylcholine,1,True,True
112040,KCg-m,KCg-m,cb_intrinsic,Kenyon_Cell,,KCg-m_R,KCg-m,R,R,,acetylcholine,dopamine,0.7234214064351472,,dopamine,acetylcholine,1,True,True
112144,KCa'b'-m,KCa'b'-m,cb_intrinsic,Kenyon_Cell,,KCa'b'-m_L,KCa'b'-m,L,L,,acetylcholine,dopamine,0.7525078230977925,,dopamine,acetylcholine,1,True,True
112189,KCg-m,KCg-m,cb_intrinsic,Kenyon_Cell,,KCg-m_L,KCg-m,L,L,,acetylcholine,dopamine,0.7473623795664391,,dopamine,acetylcholine,1,True,True
112293,KCa'b'-m,KCa'b'-m,cb_intrinsic,Kenyon_Cell,,KCa'b'-m_L,KCa'b'-m,L,L,,acetylcholine,dopamine,0.729188916577667,,dopamine,acetylcholine,1,True,True
112329,KCab-m,KCab-m,cb_intrinsic,Kenyon_Cell,,KCab-m_L,"KCab-m,KCab-c,KCab-s",L,L,,acetylcholine,dopamine,0.7741878984298122,,dopamine,acetylcholine,1,True,True
112359,KCg-m,KCg-m,cb_intrinsic,Kenyon_Cell,,KCg-m_L,KCg-m,L,L,,acetylcholine,dopamine,0.7470320341782606,,dopamine,acetylcholine,1,True,True
112378,KCab-m,KCab-m,cb_intrinsic,Kenyon_Cell,,KCab-m_L,"KCab-m,KCab-c,KCab-s",L,L,,acetylcholine,dopamine,0.7558618317610063,,dopamine,acetylcholine,1,True,True
112442,KCg-m,KCg-m,cb_intrinsic,Kenyon_Cell,,KCg-m_L,KCg-m,L,L,,acetylcholine,dopamine,0.7228245249205384,,dopamine,acetylcholine,1,True,True
112569,M_vPNml80,M_vPNml80,cb_intrinsic,ALPN,,M_vPNml80_R,M_vPNml80,R,R,,gaba,gaba,0.7327209857700516,gaba,gaba,gaba,-1,True,True
112593,KCg-m,KCg-m,cb_intrinsic,Kenyon_Cell,,KCg-m_L,KCg-m,L,L,,acetylcholine,dopamine,0.7474041967750569,,dopamine,acetylcholine,1,True,True
112605,KCab-c,KCab-c,cb_intrinsic,Kenyon_Cell,,KCab-c_L,"KCab-m,KCab-c,KCab-s",L,L,,acetylcholine,dopamine,0.7008027143330023,,dopamine,acetylcholine,1,True,True
112610,KCab-m,KCab-m,cb_intrinsic,Kenyon_Cell,,KCab-m_L,"KCab-m,KCab-c,KCab-s",L,L,,acetylcholine,dopamine,0.7105781987028302,,dopamine,acetylcholine,1,True,True
112621,KCab-s,KCab-s,cb_intrinsic,Kenyon_Cell,,KCab-s_L,"KCab-m,KCab-c,KCab-s",L,L,,acetylcholine,dopamine,0.766730949650787,,dopamine,acetylcholine,1,True,True
112683,KCab-m,KCab-m,cb_intrinsic,Kenyon_Cell,,KCab-m_L,"KCab-m,KCab-c,KCab-s",L,L,,acetylcholine,dopamine,0.7256045536541368,,dopamine,acetylcholine,1,True,True
112697,KCg-m,KCg-m,cb_intrinsic,Kenyon_Cell,,KCg-m_L,KCg-m,L,L,,acetylcholine,dopamine,0.6924567178104915,,dopamine,acetylcholine,1,True,True
112729,KCab-s,KCab-s,cb_intrinsic,Kenyon_Cell,,KCab-s_L,"KCab-m,KCab-c,KCab-s",L,L,,acetylcholine,dopamine,0.7664013364779875,,dopamine,acetylcholine,1,True,True
112749,KCg-m,KCg-m,cb_intrinsic,Kenyon_Cell,,KCg-m_R,KCg-m,R,R,,acetylcholine,dopamine,0.7676644895984518,,dopamine,acetylcholine,1,True,True
112834,KCab-c,KCab-c,cb_intrinsic,Kenyon_Cell,,KCab-c_L,"KCab-m,KCab-c,KCab-s",L,L,,acetylcholine,dopamine,0.7117207732149463,,dopamine,acetylcholine,1,True,True
112835,KCg-m,KCg-m,cb_intrinsic,Kenyon_Cell,,KCg-m_L,KCg-m,L,L,,acetylcholine,dopamine,0.8068520357497517,,dopamine,acetylcholine,1,True,True
112879,KCg-m,KCg-m,cb_intrinsic,Kenyon_Cell,,KCg-m_L,KCg-m,L,L,,acetylcholine,dopamine,0.7166828110961366,,dopamine,acetylcholine,1,True,True
112896,KCab-m,KCab-m,cb_intrinsic,Kenyon_Cell,,KCab-m_R,"KCab-m,KCab-c,KCab-s",R,R,,acetylcholine,dopamine,0.6764837170877305,,dopamine,acetylcholine,1,True,True
113001,PAM12,PAM12,cb_intrinsic,DAN,,PAM12(y3)_R,PAM12,R,R,,dopamine,dopamine,0.9025722817972037,dopamine,dopamine,dopamine,0,True,True
113055,KCab-m,KCab-m,cb_intrinsic,Kenyon_Cell,,KCab-m_R,"KCab-m,KCab-c,KCab-s",R,R,,acetylcholine,dopamine,0.7739023947750363,,dopamine,acetylcholine,1,True,True
113057,KCab-s,KCab-s,cb_intrinsic,Kenyon_Cell,,KCab-s_R,"KCab-m,KCab-c,KCab-s",R,R,,acetylcholine,dopamine,0.7710780584297018,,dopamine,acetylcholine,1,True,True
113067,PAM01,PAM01,cb_intrinsic,DAN,,PAM01(y5)_R,PAM01,R,R,,dopamine,dopamine,0.9174660004538676,dopamine,dopamine,dopamine,0,True,True
113074,KCab-c,KCab-c,cb_intrinsic,Kenyon_Cell,,KCab-c_L,"KCab-m,KCab-c,KCab-s",L,L,,acetylcholine,dopamine,0.7117040094339623,,dopamine,acetylcholine,1,True,True
113090,KCab-c,KCab-c,cb_intrinsic,Kenyon_Cell,,KCab-c_R,"KCab-m,KCab-c,KCab-s",R,R,,acetylcholine,dopamine,0.6910715666563564,,dopamine,acetylcholine,1,True,True
113244,KCab-m,KCab-m,cb_intrinsic,Kenyon_Cell,,KCab-m_L,"KCab-m,KCab-c,KCab-s",L,L,,acetylcholine,dopamine,0.7244467300326288,,dopamine,acetylcholine,1,True,True
113252,KCab-m,KCab-m,cb_intrinsic,Kenyon_Cell,,KCab-m_L,"KCab-m,KCab-c,KCab-s",L,L,,acetylcholine,dopamine,0.7819546354530631,,dopamine,acetylcholine,1,True,True
113280,KCab-c,KCab-c,cb_intrinsic,Kenyon_Cell,,KCab-c_R,"KCab-m,KCab-c,KCab-s",R,R,,acetylcholine,dopamine,0.6741800995394444,,dopamine,acetylcholine,1,True,True
113286,KCg-m,KCg-m,cb_intrinsic,Kenyon_Cell,,KCg-m_L,KCg-m,L,L,,acetylcholine,dopamine,0.7092819439096393,,dopamine,acetylcholine,1,True,True
113299,KCab-m,KCab-m,cb_intrinsic,Kenyon_Cell,,KCab-m_L,"KCab-m,KCab-c,KCab-s",L,L,,acetylcholine,dopamine,0.7872518671383648,,dopamine,acetylcholine,1,True,True
113394,KCab-s,KCab-s,cb_intrinsic,Kenyon_Cell,,KCab-s_R,"KCab-m,KCab-c,KCab-s",R,R,,acetylcholine,dopamine,0.7944917833231893,,dopamine,acetylcholine,1,True,True
113429,KCab-c,KCab-c,cb_intrinsic,Kenyon_Cell,,KCab-c_L,"KCab-m,KCab-c,KCab-s",L,L,,acetylcholine,dopamine,0.7660324947589099,,dopamine,acetylcholine,1,True,True
113450,KCab-s,KCab-s,cb_intrinsic,Kenyon_Cell,,KCab-s_L,"KCab-m,KCab-c,KCab-s",L,L,,acetylcholine,dopamine,0.7984995120364345,,dopamine,acetylcholine,1,True,True
113528,KCg-m,KCg-m,cb_intrinsic,Kenyon_Cell,,KCg-m_L,KCg-m,L,L,,acetylcholine,dopamine,0.7583306992802956,,dopamine,acetylcholine,1,True,True
113606,KCab-s,KCab-s,cb_intrinsic,Kenyon_Cell,,KCab-s_R,"KCab-m,KCab-c,KCab-s",R,R,,acetylcholine,dopamine,0.7983452028610186,,dopamine,acetylcholine,1,True,True
113611,KCab-s,KCab-s,cb_intrinsic,Kenyon_Cell,,KCab-s_R,"KCab-m,KCab-c,KCab-s",R,R,,acetylcholine,dopamine,0.7879358995956872,,dopamine,acetylcholine,1,True,True
113661,KCab-m,KCab-m,cb_intrinsic,Kenyon_Cell,,KCab-m_R,"KCab-m,KCab-c,KCab-s",R,R,,acetylcholine,dopamine,0.6820367777122641,,dopamine,acetylcholine,1,True,True
113741,KCab-s,KCab-s,cb_intrinsic,Kenyon_Cell,,KCab-s_L,"KCab-m,KCab-c,KCab-s",L,L,,acetylcholine,dopamine,0.7630941150044923,,dopamine,acetylcholine,1,True,True
113835,KCab-m,KCab-m,cb_intrinsic,Kenyon_Cell,,KCab-m_R,"KCab-m,KCab-c,KCab-s",R,R,,acetylcholine,dopamine,0.7558251693275277,,dopamine,acetylcholine,1,True,True
113903,KCab-m,KCab-m,cb_intrinsic,Kenyon_Cell,,KCab-m_R,"KCab-m,KCab-c,KCab-s",R,R,,acetylcholine,dopamine,0.7409707663638481,,dopamine,acetylcholine,1,True,True
113958,M_vPNml53,M_vPNml53,cb_intrinsic,ALPN,,M_vPNml53_L,M_vPNml53,L,L,,gaba,gaba,0.7356022738845923,gaba,gaba,gaba,-1,True,True
113972,KCg-m,KCg-m,cb_intrinsic,Kenyon_Cell,,KCg-m_L,KCg-m,L,L,,acetylcholine,dopamine,0.7975565821360568,,dopamine,acetylcholine,1,True,True
114029,KCg-m,KCg-m,cb_intrinsic,Kenyon_Cell,,KCg-m_L,KCg-m,L,L,,acetylcholine,dopamine,0.7611598368710691,,dopamine,acetylcholine,1,True,True
114089,KCab-s,KCab-s,cb_intrinsic,Kenyon_Cell,,KCab-s_R,"KCab-m,KCab-c,KCab-s",R,R,,acetylcholine,dopamine,0.7683215656026264,,dopamine,acetylcholine,1,True,True
114090,KCg-m,KCg-m,cb_intrinsic,Kenyon_Cell,,KCg-m_L,KCg-m,L,L,,acetylcholine,dopamine,0.7336278152559643,,dopamine,acetylcholine,1,True,True
114103,KCab-m,KCab-m,cb_intrinsic,Kenyon_Cell,,KCab-m_R,"KCab-m,KCab-c,KCab-s",R,R,,acetylcholine,dopamine,0.7309166364296081,,dopamine,acetylcholine,1,True,True
114179,KCg-d,KCg-d,cb_intrinsic,Kenyon_Cell,,KCg-d_L,KCg-d,L,L,,acetylcholine,dopamine,0.7841747407785143,,dopamine,acetylcholine,1,True,True
114209,KCab-m,KCab-m,cb_intrinsic,Kenyon_Cell,,KCab-m_R,"KCab-m,KCab-c,KCab-s",R,R,,acetylcholine,dopamine,0.6710439128481581,,dopamine,acetylcholine,1,True,True
114216,PAM01,PAM01,cb_intrinsic,DAN,,PAM01(y5)_L,PAM01,L,L,,dopamine,dopamine,0.9219732704402515,dopamine,dopamine,dopamine,0,True,True
114235,KCg-m,KCg-m,cb_intrinsic,Kenyon_Cell,,KCg-m_R,KCg-m,R,R,,acetylcholine,dopamine,0.7427361341936324,,dopamine,acetylcholine,1,True,True
114290,KCab-c,KCab-c,cb_intrinsic,Kenyon_Cell,,KCab-c_L,"KCab-m,KCab-c,KCab-s",L,L,,acetylcholine,dopamine,0.6897846312542563,,dopamine,acetylcholine,1,True,True
114316,KCab-s,KCab-s,cb_intrinsic,Kenyon_Cell,,KCab-s_R,"KCab-m,KCab-c,KCab-s",R,R,,acetylcholine,dopamine,0.768376572327044,,dopamine,acetylcholine,1,True,True
114354,KCa'b'-ap2,KCa'b'-ap2,cb_intrinsic,Kenyon_Cell,,KCa'b'-ap2_L,KCa'b'-ap2,L,L,,acetylcholine,dopamine,0.7571946182422524,,dopamine,acetylcholine,1,True,True
114364,KCab-m,KCab-m,cb_intrinsic,Kenyon_Cell,,KCab-m_L,"KCab-m,KCab-c,KCab-s",L,L,,acetylcholine,dopamine,0.7704000826332461,,dopamine,acetylcholine,1,True,True
114370,KCa'b'-ap1,KCa'b'-ap1,cb_intrinsic,Kenyon_Cell,,KCa'b'-ap1_R,KCa'b'-ap1,R,R,,acetylcholine,dopamine,0.696667946467749,,dopamine,acetylcholine,1,True,True
114440,KCab-m,KCab-m,cb_intrinsic,Kenyon_Cell,,KCab-m_L,"KCab-m,KCab-c,KCab-s",L,L,,acetylcholine,dopamine,0.7839871371211313,,dopamine,acetylcholine,1,True,True
114510,M_lvPNm43,M_lvPNm43,cb_intrinsic,ALPN,,M_lvPNm43_R,M_lvPNm43,R,R,,acetylcholine,acetylcholine,0.9610310120190343,acetylcholine,acetylcholine,acetylcholine,1,True,True
114513,M_lvPNm42,M_lvPNm42,cb_intrinsic,ALPN,,M_lvPNm42_R,M_lvPNm42,R,R,,acetylcholine,acetylcholine,0.9574173839228821,acetylcholine,acetylcholine,acetylcholine,1,True,True
114522,PAM07,PAM07,cb_intrinsic,DAN,,PAM07(y4<y1y2)_R,PAM07,R,R,,dopamine,dopamine,0.8573454145809266,dopamine,dopamine,dopamine,0,True,True
114580,KCab-m,KCab-m,cb_intrinsic,Kenyon_Cell,,KCab-m_L,"KCab-m,KCab-c,KCab-s",L,L,,acetylcholine,dopamine,0.7074574199294724,,dopamine,acetylcholine,1,True,True
114594,KCg-m,KCg-m,cb_intrinsic,Kenyon_Cell,,KCg-m_R,KCg-m,R,R,,acetylcholine,dopamine,0.766796686018384,,dopamine,acetylcholine,1,True,True
114597,KCab-c,KCab-c,cb_intrinsic,Kenyon_Cell,,KCab-c_L,"KCab-m,KCab-c,KCab-s",L,L,,acetylcholine,dopamine,0.716554269850629,,dopamine,acetylcholine,1,True,True
114649,KCab-m,KCab-m,cb_intrinsic,Kenyon_Cell,,KCab-m_L,"KCab-m,KCab-c,KCab-s",L,L,,acetylcholine,dopamine,0.7526314640111811,,dopamine,acetylcholine,1,True,True
114661,PAM11,PAM11,cb_intrinsic,DAN,,PAM11(a1)_R,PAM11,R,R,,dopamine,dopamine,0.866646688253731,dopamine,dopamine,dopamine,0,True,True
114700,PAM01,PAM01,cb_intrinsic,DAN,,PAM01(y5)_R,PAM01,R,R,,dopamine,dopamine,0.9219732704402517,dopamine,dopamine,dopamine,0,True,True
114745,KCab-s,KCab-s,cb_intrinsic,Kenyon_Cell,,KCab-s_L,"KCab-m,KCab-c,KCab-s",L,L,,acetylcholine,dopamine,0.7847193197197676,,dopamine,acetylcholine,1,True,True
114847,KCab-c,KCab-c,cb_intrinsic,Kenyon_Cell,,KCab-c_L,"KCab-m,KCab-c,KCab-s",L,L,,acetylcholine,dopamine,0.7263527004093041,,dopamine,acetylcholine,1,True,True
114865,KCab-m,KCab-m,cb_intrinsic,Kenyon_Cell,,KCab-m_L,"KCab-m,KCab-c,KCab-s",L,L,,acetylcholine,dopamine,0.7847955454204673,,dopamine,acetylcholine,1,True,True
114889,KCab-m,KCab-m,cb_intrinsic,Kenyon_Cell,,KCab-m_L,"KCab-m,KCab-c,KCab-s",L,L,,acetylcholine,dopamine,0.8006490030777466,,dopamine,acetylcholine,1,True,True
114902,KCab-c,KCab-c,cb_intrinsic,Kenyon_Cell,,KCab-c_L,"KCab-m,KCab-c,KCab-s",L,L,,acetylcholine,dopamine,0.6724797411707789,,dopamine,acetylcholine,1,True,True
114930,KCab-c,KCab-c,cb_intrinsic,Kenyon_Cell,,KCab-c_L,"KCab-m,KCab-c,KCab-s",L,L,,acetylcholine,dopamine,0.6214667997097243,,dopamine,acetylcholine,1,True,True
114956,KCg-m,KCg-m,cb_intrinsic,Kenyon_Cell,,KCg-m_L,KCg-m,L,L,,acetylcholine,dopamine,0.7846280463836478,,dopamine,acetylcholine,1,True,True
115000,M_vPNml84,M_vPNml84,cb_intrinsic,ALPN,,M_vPNml84_L,M_vPNml84,L,L,,gaba,gaba,0.8381564784571354,gaba,gaba,gaba,-1,True,True
115071,KCab-c,KCab-c,cb_intrinsic,Kenyon_Cell,,KCab-c_R,"KCab-m,KCab-c,KCab-s",R,R,,acetylcholine,dopamine,0.7330562349561301,,dopamine,acetylcholine,1,True,True
115174,KCab-m,KCab-m,cb_intrinsic,Kenyon_Cell,,KCab-m_L,"KCab-m,KCab-c,KCab-s",L,L,,acetylcholine,dopamine,0.7665317681532304,,dopamine,acetylcholine,1,True,True
115234,KCg-m,KCg-m,cb_intrinsic,Kenyon_Cell,,KCg-m_L,KCg-m,L,L,,acetylcholine,dopamine,0.7700215737896737,,dopamine,acetylcholine,1,True,True
115240,KCg-m,KCg-m,cb_intrinsic,Kenyon_Cell,,KCg-m_R,KCg-m,R,R,,acetylcholine,dopamine,0.735281071490393,,dopamine,acetylcholine,1,True,True
115267,KCab-s,KCab-s,cb_intrinsic,Kenyon_Cell,,KCab-s_R,"KCab-m,KCab-c,KCab-s",R,R,,acetylcholine,dopamine,0.7376519412191582,,dopamine,acetylcholine,1,True,True
115287,KCg-m,KCg-m,cb_intrinsic,Kenyon_Cell,,KCg-m_L,KCg-m,L,L,,acetylcholine,dopamine,0.7575122292103423,,dopamine,acetylcholine,1,True,True
115470,KCg-d,KCg-d,cb_intrinsic,Kenyon_Cell,,KCg-d_L,KCg-d,L,L,,acetylcholine,dopamine,0.81999631347049,,dopamine,acetylcholine,1,True,True
115485,KCab-s,KCab-s,cb_intrinsic,Kenyon_Cell,,KCab-s_R,"KCab-m,KCab-c,KCab-s",R,R,,acetylcholine,dopamine,0.7783583293017255,,dopamine,acetylcholine,1,True,True
115501,KCab-c,KCab-c,cb_intrinsic,Kenyon_Cell,,KCab-c_R,"KCab-m,KCab-c,KCab-s",R,R,,acetylcholine,dopamine,0.7622754552554775,,dopamine,acetylcholine,1,True,True
115540,KCab-s,KCab-s,cb_intrinsic,Kenyon_Cell,,KCab-s_L,"KCab-m,KCab-c,KCab-s",L,L,,acetylcholine,dopamine,0.8226303669588472,,dopamine,acetylcholine,1,True,True
115611,KCab-c,KCab-c,cb_intrinsic,Kenyon_Cell,,KCab-c_L,"KCab-m,KCab-c,KCab-s",L,L,,acetylcholine,dopamine,0.6333121138754383,,dopamine,acetylcholine,1,True,True
115617,PAM04,PAM04,cb_intrinsic,DAN,,PAM04(B2)_L,PAM04,L,L,,dopamine,dopamine,0.7992674172656484,dopamine,dopamine,dopamine,0,True,True
115664,KCg-m,KCg-m,cb_intrinsic,Kenyon_Cell,,KCg-m_L,KCg-m,L,L,,acetylcholine,dopamine,0.7680302092999278,,dopamine,acetylcholine,1,True,True
115711,KCg-m,KCg-m,cb_intrinsic,Kenyon_Cell,,KCg-m_L,KCg-m,L,L,,acetylcholine,dopamine,0.7760736995726051,,dopamine,acetylcholine,1,True,True
115752,KCab-c,KCab-c,cb_intrinsic,Kenyon_Cell,,KCab-c_L,"KCab-m,KCab-c,KCab-s",L,L,,acetylcholine,dopamine,0.7574846340766153,,dopamine,acetylcholine,1,True,True
115819,KCab-c,KCab-c,cb_intrinsic,Kenyon_Cell,,KCab-c_L,"KCab-m,KCab-c,KCab-s",L,L,,acetylcholine,dopamine,0.7202860425737785,,dopamine,acetylcholine,1,True,True
115868,PAM14,PAM14,cb_intrinsic,DAN,,PAM14(B'1m)_R,PAM14,R,R,,dopamine,dopamine,0.8660938550690243,dopamine,dopamine,dopamine,0,True,True
116057,KCab-p,KCab-p,cb_intrinsic,Kenyon_Cell,,KCab-p_L,KCab-p,L,L,,acetylcholine,dopamine,0.6553406317469258,,dopamine,acetylcholine,1,True,True
116084,KCg-m,KCg-m,cb_intrinsic,Kenyon_Cell,,KCg-m_L,KCg-m,L,L,,acetylcholine,dopamine,0.769091574495771,,dopamine,acetylcholine,1,True,True
116133,M_vPNml86,M_vPNml86,cb_intrinsic,ALPN,,M_vPNml86_R,M_vPNml86,R,R,,gaba,gaba,0.7033349176680055,,gaba,gaba,-1,True,True
116218,KCg-m,KCg-m,cb_intrinsic,Kenyon_Cell,,KCg-m_L,KCg-m,L,L,,acetylcholine,dopamine,0.7709276332507464,,dopamine,acetylcholine,1,True,True
116246,KCab-c,KCab-c,cb_intrinsic,Kenyon_Cell,,KCab-c_L,"KCab-m,KCab-c,KCab-s",L,L,,acetylcholine,dopamine,0.7441200166328811,,dopamine,acetylcholine,1,True,True
116289,M_lvPNm32,M_lvPNm32,cb_intrinsic,ALPN,,M_lvPNm32_R,M_lvPNm32,R,R,,acetylcholine,acetylcholine,0.9583599916261942,acetylcholine,acetylcholine,acetylcholine,1,True,True
116304,KCab-m,KCab-m,cb_intrinsic,Kenyon_Cell,,KCab-m_L,"KCab-m,KCab-c,KCab-s",L,L,,acetylcholine,dopamine,0.7297746109156806,,dopamine,acetylcholine,1,True,True
116436,KCg-m,KCg-m,cb_intrinsic,Kenyon_Cell,,KCg-m_L,KCg-m,L,L,,acetylcholine,dopamine,0.7429746084300919,,dopamine,acetylcholine,1,True,True
116458,KCab-c,KCab-c,cb_intrinsic,Kenyon_Cell,,KCab-c_L,"KCab-m,KCab-c,KCab-s",L,L,,acetylcholine,dopamine,0.6610616119263918,,dopamine,acetylcholine,1,True,True
116467,KCab-m,KCab-m,cb_intrinsic,Kenyon_Cell,,KCab-m_R,"KCab-m,KCab-c,KCab-s",R,R,,acetylcholine,dopamine,0.7925743281875357,,dopamine,acetylcholine,1,True,True
116518,KCg-m,KCg-m,cb_intrinsic,Kenyon_Cell,,KCg-m_L,KCg-m,L,L,,acetylcholine,dopamine,0.7865690543271009,,dopamine,acetylcholine,1,True,True
116550,KCg-m,KCg-m,cb_intrinsic,Kenyon_Cell,,KCg-m_L,KCg-m,L,L,,acetylcholine,dopamine,0.8216298411122145,,dopamine,acetylcholine,1,True,True
116553,KCg-m,KCg-m,cb_intrinsic,Kenyon_Cell,,KCg-m_L,KCg-m,L,L,,acetylcholine,dopamine,0.7217567497133326,,dopamine,acetylcholine,1,True,True
116594,M_lvPNm46,M_lvPNm46,cb_intrinsic,ALPN,,M_lvPNm46_R,M_lvPNm46,R,R,,acetylcholine,acetylcholine,0.8563282983874365,acetylcholine,acetylcholine,acetylcholine,1,True,True
116737,M_lvPNm47,M_lvPNm47,cb_intrinsic,ALPN,,M_lvPNm47_R,M_lvPNm47,R,R,,acetylcholine,acetylcholine,0.8001040612485214,acetylcholine,acetylcholine,acetylcholine,1,True,True
116827,M_vPNml78,M_vPNml78,cb_intrinsic,ALPN,,M_vPNml78_R,M_vPNml78,R,R,,gaba,gaba,0.8219434457399734,gaba,gaba,gaba,-1,True,True
116859,VP1l+_lvPN,VP1l+_lvPN,cb_intrinsic,ALPN,,VP1l+_lvPN_L,VP1l+_lvPN,L,L,,acetylcholine,unclear,0.46694905397022335,acetylcholine,unclear,acetylcholine,1,True,True
116895,KCab-c,KCab-c,cb_intrinsic,Kenyon_Cell,,KCab-c_L,"KCab-m,KCab-c,KCab-s",L,L,,acetylcholine,dopamine,0.71348551212938,,dopamine,acetylcholine,1,True,True
116917,KCg-d,KCg-d,cb_intrinsic,Kenyon_Cell,,KCg-d_L,KCg-d,L,L,,acetylcholine,dopamine,0.7780827920404165,,dopamine,acetylcholine,1,True,True
116973,KCg-m,KCg-m,cb_intrinsic,Kenyon_Cell,,KCg-m_L,KCg-m,L,L,,acetylcholine,dopamine,0.7686950632719557,,dopamine,acetylcholine,1,True,True
117016,KCab-c,KCab-c,cb_intrinsic,Kenyon_Cell,,KCab-c_L,"KCab-m,KCab-c,KCab-s",L,L,,acetylcholine,dopamine,0.611558212880209,,dopamine,acetylcholine,1,True,True
117038,KCab-s,KCab-s,cb_intrinsic,Kenyon_Cell,,KCab-s_L,"KCab-m,KCab-c,KCab-s",L,L,,acetylcholine,dopamine,0.7954637434408842,,dopamine,acetylcholine,1,True,True
117041,KCab-m,KCab-m,cb_intrinsic,Kenyon_Cell,,KCab-m_R,"KCab-m,KCab-c,KCab-s",R,R,,acetylcholine,dopamine,0.7677098126732942,,dopamine,acetylcholine,1,True,True
117051,KCg-m,KCg-m,cb_intrinsic,Kenyon_Cell,,KCg-m_L,KCg-m,L,L,,acetylcholine,dopamine,0.7518665954341707,,dopamine,acetylcholine,1,True,True
117077,KCab-m,KCab-m,cb_intrinsic,Kenyon_Cell,,KCab-m_L,"KCab-m,KCab-c,KCab-s",L,L,,acetylcholine,dopamine,0.7872400588354636,,dopamine,acetylcholine,1,True,True
117106,KCa'b'-m,KCa'b'-m,cb_intrinsic,Kenyon_Cell,,KCa'b'-m_L,KCa'b'-m,L,L,,acetylcholine,dopamine,0.7214738123156735,,dopamine,acetylcholine,1,True,True
117108,KCab-c,KCab-c,cb_intrinsic,Kenyon_Cell,,KCab-c_L,"KCab-m,KCab-c,KCab-s",L,L,,acetylcholine,dopamine,0.7256741869414101,,dopamine,acetylcholine,1,True,True
117135,KCg-m,KCg-m,cb_intrinsic,Kenyon_Cell,,KCg-m_L,KCg-m,L,L,,acetylcholine,dopamine,0.6775962834335475,,dopamine,acetylcholine,1,True,True
117171,KCab-p,KCab-p,cb_intrinsic,Kenyon_Cell,,KCab-p_L,KCab-p,L,L,,acetylcholine,dopamine,0.6772995283018868,,dopamine,acetylcholine,1,True,True
117192,KCab-p,KCab-p,cb_intrinsic,Kenyon_Cell,,KCab-p_R,KCab-p,R,R,,acetylcholine,dopamine,0.6183753439465408,,dopamine,acetylcholine,1,True,True
117195,KCab-s,KCab-s,cb_intrinsic,Kenyon_Cell,,KCab-s_L,"KCab-m,KCab-c,KCab-s",L,L,,acetylcholine,dopamine,0.7366591577971295,,dopamine,acetylcholine,1,True,True
117228,KCab-m,KCab-m,cb_intrinsic,Kenyon_Cell,,KCab-m_R,"KCab-m,KCab-c,KCab-s",R,R,,acetylcholine,dopamine,0.6793596633673574,,dopamine,acetylcholine,1,True,True
117243,KCab-s,KCab-s,cb_intrinsic,Kenyon_Cell,,KCab-s_R,"KCab-m,KCab-c,KCab-s",R,R,,acetylcholine,dopamine,0.5739341570657316,,dopamine,acetylcholine,1,True,True
117286,KCg-m,KCg-m,cb_intrinsic,Kenyon_Cell,,KCg-m_L,KCg-m,L,L,,acetylcholine,dopamine,0.7483922145496985,,dopamine,acetylcholine,1,True,True
117318,M_vPNml77,M_vPNml77,cb_intrinsic,ALPN,,M_vPNml77_R,M_vPNml77,R,R,,gaba,gaba,0.7843100112240361,,gaba,gaba,-1,True,True
117342,KCab-s,KCab-s,cb_intrinsic,Kenyon_Cell,,KCab-s_R,"KCab-m,KCab-c,KCab-s",R,R,,acetylcholine,dopamine,0.7913519164160058,,dopamine,acetylcholine,1,True,True
117370,KCab-s,KCab-s,cb_intrinsic,Kenyon_Cell,,KCab-s_R,"KCab-m,KCab-c,KCab-s",R,R,,acetylcholine,dopamine,0.7588210003930818,,dopamine,acetylcholine,1,True,True
117375,KCab-c,KCab-c,cb_intrinsic,Kenyon_Cell,,KCab-c_R,"KCab-m,KCab-c,KCab-s",R,R,,acetylcholine,dopamine,0.7787129722982381,,dopamine,acetylcholine,1,True,True
117446,KCab-s,KCab-s,cb_intrinsic,Kenyon_Cell,,KCab-s_R,"KCab-m,KCab-c,KCab-s",R,R,,acetylcholine,unclear,0.7809326494631293,,dopamine,acetylcholine,1,True,True
117495,KCab-c,KCab-c,cb_intrinsic,Kenyon_Cell,,KCab-c_R,"KCab-m,KCab-c,KCab-s",R,R,,acetylcholine,dopamine,0.7500431431201104,,dopamine,acetylcholine,1,True,True
117513,KCg-m,KCg-m,cb_intrinsic,Kenyon_Cell,,KCg-m_L,KCg-m,L,L,,acetylcholine,dopamine,0.8138389908388617,,dopamine,acetylcholine,1,True,True
117560,KCab-c,KCab-c,cb_intrinsic,Kenyon_Cell,,KCab-c_L,"KCab-m,KCab-c,KCab-s",L,L,,acetylcholine,dopamine,0.7178373666940114,,dopamine,acetylcholine,1,True,True
117583,CB2589,CB2589,cb_intrinsic,ALPN,,CB2589_L,"M_vPNml78,M_vPNml89",L,L,,gaba,gaba,0.8931805092672572,gaba,gaba,gaba,-1,True,True
117635,M_vPNml69,M_vPNml69,cb_intrinsic,ALPN,,M_vPNml69_L,M_vPNml69,L,L,,gaba,gaba,0.8605823223965611,gaba,gaba,gaba,-1,True,True
117660,KCab-m,KCab-m,cb_intrinsic,Kenyon_Cell,,KCab-m_R,"KCab-m,KCab-c,KCab-s",R,R,,acetylcholine,dopamine,0.6457781069702168,,dopamine,acetylcholine,1,True,True
117723,KCab-c,KCab-c,cb_intrinsic,Kenyon_Cell,,KCab-c_L,"KCab-m,KCab-c,KCab-s",L,L,,acetylcholine,dopamine,0.7112801003704661,,dopamine,acetylcholine,1,True,True
117777,KCab-s,KCab-s,cb_intrinsic,Kenyon_Cell,,KCab-s_R,"KCab-m,KCab-c,KCab-s",R,R,,acetylcholine,dopamine,0.7799063021434989,,dopamine,acetylcholine,1,True,True
117782,PAM08,PAM08,cb_intrinsic,DAN,,PAM08(y4)_L,PAM08,L,L,,dopamine,dopamine,0.9111251725724804,dopamine,dopamine,dopamine,0,True,True
117811,KCab-p,KCab-p,cb_intrinsic,Kenyon_Cell,,KCab-p_L,KCab-p,L,L,,acetylcholine,dopamine,0.6933292729283295,,dopamine,acetylcholine,1,True,True
117883,KCab-s,KCab-s,cb_intrinsic,Kenyon_Cell,,KCab-s_R,"KCab-m,KCab-c,KCab-s",R,R,,acetylcholine,dopamine,0.7652378540373982,,dopamine,acetylcholine,1,True,True
117886,KCab-c,KCab-c,cb_intrinsic,Kenyon_Cell,,KCab-c_R,"KCab-m,KCab-c,KCab-s",R,R,,acetylcholine,dopamine,0.7921702223866486,,dopamine,acetylcholine,1,True,True
117936,KCg-d,KCg-d,cb_intrinsic,Kenyon_Cell,,KCg-d_L,KCg-d,L,L,,acetylcholine,dopamine,0.7683441245401685,,dopamine,acetylcholine,1,True,True
117952,KCg-m,KCg-m,cb_intrinsic,Kenyon_Cell,,KCg-m_R,KCg-m,R,R,,acetylcholine,dopamine,0.6970254218818108,,dopamine,acetylcholine,1,True,True
118000,KCg-m,KCg-m,cb_intrinsic,Kenyon_Cell,,KCg-m_L,KCg-m,L,L,,acetylcholine,dopamine,0.7373488632159554,,dopamine,acetylcholine,1,True,True
118007,KCab-m,KCab-m,cb_intrinsic,Kenyon_Cell,,KCab-m_L,"KCab-m,KCab-c,KCab-s",L,L,,acetylcholine,dopamine,0.7173757027825424,,dopamine,acetylcholine,1,True,True
118021,KCab-m,KCab-m,cb_intrinsic,Kenyon_Cell,,KCab-m_R,"KCab-m,KCab-c,KCab-s",R,R,,acetylcholine,dopamine,0.7289159076122317,,dopamine,acetylcholine,1,True,True
118041,KCab-c,KCab-c,cb_intrinsic,Kenyon_Cell,,KCab-c_R,"KCab-m,KCab-c,KCab-s",R,R,,acetylcholine,dopamine,0.7561801187980433,,dopamine,acetylcholine,1,True,True
118080,KCab-s,KCab-s,cb_intrinsic,Kenyon_Cell,,KCab-s_L,"KCab-m,KCab-c,KCab-s",L,L,,acetylcholine,dopamine,0.7471389451690515,,dopamine,acetylcholine,1,True,True
118083,KCab-s,KCab-s,cb_intrinsic,Kenyon_Cell,,KCab-s_L,"KCab-m,KCab-c,KCab-s",L,L,,acetylcholine,dopamine,0.7742637475173784,,dopamine,acetylcholine,1,True,True
118100,KCg-m,KCg-m,cb_intrinsic,Kenyon_Cell,,KCg-m_L,KCg-m,L,L,,acetylcholine,dopamine,0.7770854266681553,,dopamine,acetylcholine,1,True,True
118184,KCab-p,KCab-p,cb_intrinsic,Kenyon_Cell,,KCab-p_L,KCab-p,L,L,,acetylcholine,dopamine,0.7379976988338575,,dopamine,acetylcholine,1,True,True
118204,KCab-c,KCab-c,cb_intrinsic,Kenyon_Cell,,KCab-c_R,"KCab-m,KCab-c,KCab-s",R,R,,acetylcholine,dopamine,0.832344120954642,,dopamine,acetylcholine,1,True,True
118280,KCg-d,KCg-d,cb_intrinsic,Kenyon_Cell,,KCg-d_L,KCg-d,L,L,,acetylcholine,dopamine,0.7930542667628966,,dopamine,acetylcholine,1,True,True
118341,KCab-p,KCab-p,cb_intrinsic,Kenyon_Cell,,KCab-p_R,KCab-p,R,R,,acetylcholine,dopamine,0.669587842799221,,dopamine,acetylcholine,1,True,True
118351,KCab-s,KCab-s,cb_intrinsic,Kenyon_Cell,,KCab-s_R,"KCab-m,KCab-c,KCab-s",R,R,,acetylcholine,dopamine,0.7996863313785484,,dopamine,acetylcholine,1,True,True
118504,KCab-s,KCab-s,cb_intrinsic,Kenyon_Cell,,KCab-s_R,"KCab-m,KCab-c,KCab-s",R,R,,acetylcholine,dopamine,0.790211299533125,,dopamine,acetylcholine,1,True,True
118507,KCab-c,KCab-c,cb_intrinsic,Kenyon_Cell,,KCab-c_L,"KCab-m,KCab-c,KCab-s",L,L,,acetylcholine,dopamine,0.7271823317027719,,dopamine,acetylcholine,1,True,True
118508,KCg-m,KCg-m,cb_intrinsic,Kenyon_Cell,,KCg-m_L,KCg-m,L,L,,acetylcholine,dopamine,0.7305109628548594,,dopamine,acetylcholine,1,True,True
118532,KCab-c,KCab-c,cb_intrinsic,Kenyon_Cell,,KCab-c_R,"KCab-m,KCab-c,KCab-s",R,R,,acetylcholine,dopamine,0.7052473862615372,,dopamine,acetylcholine,1,True,True
118569,KCab-p,KCab-p,cb_intrinsic,Kenyon_Cell,,KCab-p_R,KCab-p,R,R,,acetylcholine,dopamine,0.6737483777578117,,dopamine,acetylcholine,1,True,True
118580,KCa'b'-ap1,KCa'b'-ap1,cb_intrinsic,Kenyon_Cell,,KCa'b'-ap1_L,KCa'b'-ap1,L,L,,acetylcholine,dopamine,0.7310677863986363,,dopamine,acetylcholine,1,True,True
118595,KCab-c,KCab-c,cb_intrinsic,Kenyon_Cell,,KCab-c_R,"KCab-m,KCab-c,KCab-s",R,R,,acetylcholine,dopamine,0.7471384234487938,,dopamine,acetylcholine,1,True,True
118629,KCg-m,KCg-m,cb_intrinsic,Kenyon_Cell,,KCg-m_R,KCg-m,R,R,,acetylcholine,dopamine,0.8013168238993711,,dopamine,acetylcholine,1,True,True
118636,KCa'b'-m,KCa'b'-m,cb_intrinsic,Kenyon_Cell,,KCa'b'-m_R,KCa'b'-m,R,R,,acetylcholine,dopamine,0.7418715629082733,,dopamine,acetylcholine,1,True,True
118732,KCg-m,KCg-m,cb_intrinsic,Kenyon_Cell,,KCg-m_L,KCg-m,L,L,,acetylcholine,dopamine,0.6807092469828319,,dopamine,acetylcholine,1,True,True
118769,KCg-m,KCg-m,cb_intrinsic,Kenyon_Cell,,KCg-m_R,KCg-m,R,R,,acetylcholine,dopamine,0.7493815016841039,,dopamine,acetylcholine,1,True,True
118825,KCab-c,KCab-c,cb_intrinsic,Kenyon_Cell,,KCab-c_L,"KCab-m,KCab-c,KCab-s",L,L,,acetylcholine,dopamine,0.7329649334503436,,dopamine,acetylcholine,1,True,True
118841,KCab-s,KCab-s,cb_intrinsic,Kenyon_Cell,,KCab-s_L,"KCab-m,KCab-c,KCab-s",L,L,,acetylcholine,dopamine,0.76666395575797,,dopamine,acetylcholine,1,True,True
119055,KCab-s,KCab-s,cb_intrinsic,Kenyon_Cell,,KCab-s_L,"KCab-m,KCab-c,KCab-s",L,L,,acetylcholine,dopamine,0.7753056411243743,,dopamine,acetylcholine,1,True,True
119101,KCg-m,KCg-m,cb_intrinsic,Kenyon_Cell,,KCg-m_R,KCg-m,R,R,,acetylcholine,dopamine,0.7320316279632317,,dopamine,acetylcholine,1,True,True
119144,KCg-m,KCg-m,cb_intrinsic,Kenyon_Cell,,KCg-m_L,KCg-m,L,L,,acetylcholine,dopamine,0.7216210904300526,,dopamine,acetylcholine,1,True,True
119152,KCg-m,KCg-m,cb_intrinsic,Kenyon_Cell,,KCg-m_L,KCg-m,L,L,,acetylcholine,dopamine,0.7579406369466025,,dopamine,acetylcholine,1,True,True
119160,KCab-c,KCab-c,cb_intrinsic,Kenyon_Cell,,KCab-c_R,"KCab-m,KCab-c,KCab-s",R,R,,acetylcholine,dopamine,0.7101501380579843,,dopamine,acetylcholine,1,True,True
119167,KCg-d,KCg-d,cb_intrinsic,Kenyon_Cell,,KCg-d_L,KCg-d,L,L,,acetylcholine,dopamine,0.7443003144654088,,dopamine,acetylcholine,1,True,True
119240,KCab-m,KCab-m,cb_intrinsic,Kenyon_Cell,,KCab-m_L,"KCab-m,KCab-c,KCab-s",L,L,,acetylcholine,dopamine,0.7624240842095156,,dopamine,acetylcholine,1,True,True
119278,KCg-m,KCg-m,cb_intrinsic,Kenyon_Cell,,KCg-m_R,KCg-m,R,R,,acetylcholine,dopamine,0.7178647922547418,,dopamine,acetylcholine,1,True,True
119280,KCg-m,KCg-m,cb_intrinsic,Kenyon_Cell,,KCg-m_R,KCg-m,R,R,,acetylcholine,dopamine,0.7364800562727574,,dopamine,acetylcholine,1,True,True
119348,KCab-s,KCab-s,cb_intrinsic,Kenyon_Cell,,KCab-s_L,"KCab-m,KCab-c,KCab-s",L,L,,acetylcholine,dopamine,0.7694905330518538,,dopamine,acetylcholine,1,True,True
119411,KCab-m,KCab-m,cb_intrinsic,Kenyon_Cell,,KCab-m_L,"KCab-m,KCab-c,KCab-s",L,L,,acetylcholine,dopamine,0.7100663361336823,,dopamine,acetylcholine,1,True,True
119413,KCab-s,KCab-s,cb_intrinsic,Kenyon_Cell,,KCab-s_L,"KCab-m,KCab-c,KCab-s",L,L,,acetylcholine,dopamine,0.7500317933777285,,dopamine,acetylcholine,1,True,True
119465,KCab-c,KCab-c,cb_intrinsic,Kenyon_Cell,,KCab-c_L,"KCab-m,KCab-c,KCab-s",L,L,,acetylcholine,dopamine,0.7872179794349606,,dopamine,acetylcholine,1,True,True
119468,KCab-m,KCab-m,cb_intrinsic,Kenyon_Cell,,KCab-m_R,"KCab-m,KCab-c,KCab-s",R,R,,acetylcholine,dopamine,0.7247999564107355,,dopamine,acetylcholine,1,True,True
119475,KCg-m,KCg-m,cb_intrinsic,Kenyon_Cell,,KCg-m_L,KCg-m,L,L,,acetylcholine,dopamine,0.7691178732567678,,dopamine,acetylcholine,1,True,True
119499,PAM08,PAM08,cb_intrinsic,DAN,,PAM08(y4)_L,PAM08,L,L,,dopamine,dopamine,0.8411746062099835,dopamine,dopamine,dopamine,0,True,True
119532,KCab-s,KCab-s,cb_intrinsic,Kenyon_Cell,,KCab-s_L,"KCab-m,KCab-c,KCab-s",L,L,,acetylcholine,dopamine,0.7744986483504359,,dopamine,acetylcholine,1,True,True
119536,KCg-m,KCg-m,cb_intrinsic,Kenyon_Cell,,KCg-m_L,KCg-m,L,L,,acetylcholine,dopamine,0.7383725333217933,,dopamine,acetylcholine,1,True,True
119591,KCg-m,KCg-m,cb_intrinsic,Kenyon_Cell,,KCg-m_R,KCg-m,R,R,,acetylcholine,dopamine,0.6964475013517745,,dopamine,acetylcholine,1,True,True
119612,KCg-m,KCg-m,cb_intrinsic,Kenyon_Cell,,KCg-m_L,KCg-m,L,L,,acetylcholine,dopamine,0.7799298011562162,,dopamine,acetylcholine,1,True,True
119632,KCg-m,KCg-m,cb_intrinsic,Kenyon_Cell,,KCg-m_R,KCg-m,R,R,,acetylcholine,dopamine,0.7846440462977644,,dopamine,acetylcholine,1,True,True
119635,KCab-s,KCab-s,cb_intrinsic,Kenyon_Cell,,KCab-s_L,"KCab-m,KCab-c,KCab-s",L,L,,acetylcholine,dopamine,0.7214606918238993,,dopamine,acetylcholine,1,True,True
119763,PAM11,PAM11,cb_intrinsic,DAN,,PAM11(a1)_L,PAM11,L,L,,dopamine,dopamine,0.887595047422597,dopamine,dopamine,dopamine,0,True,True
119852,KCab-s,KCab-s,cb_intrinsic,Kenyon_Cell,,KCab-s_R,"KCab-m,KCab-c,KCab-s",R,R,,acetylcholine,dopamine,0.742471573160065,,dopamine,acetylcholine,1,True,True
119901,KCab-p,KCab-p,cb_intrinsic,Kenyon_Cell,,KCab-p_L,KCab-p,L,L,,acetylcholine,dopamine,0.65064261266896,,dopamine,acetylcholine,1,True,True
119936,KCg-m,KCg-m,cb_intrinsic,Kenyon_Cell,,KCg-m_R,KCg-m,R,R,,acetylcholine,dopamine,0.7492958973610842,,dopamine,acetylcholine,1,True,True
120070,KCab-s,KCab-s,cb_intrinsic,Kenyon_Cell,,KCab-s_L,"KCab-m,KCab-c,KCab-s",L,L,,acetylcholine,dopamine,0.7941964285714286,,dopamine,acetylcholine,1,True,True
120094,KCab-m,KCab-m,cb_intrinsic,Kenyon_Cell,,KCab-m_R,"KCab-m,KCab-c,KCab-s",R,R,,acetylcholine,dopamine,0.7709228470016812,,dopamine,acetylcholine,1,True,True
120202,KCab-m,KCab-m,cb_intrinsic,Kenyon_Cell,,KCab-m_L,"KCab-m,KCab-c,KCab-s",L,L,,acetylcholine,dopamine,0.8021917198483167,,dopamine,acetylcholine,1,True,True
120259,PAM04,PAM04,cb_intrinsic,DAN,,PAM04(B2)_R,PAM04,R,R,,dopamine,dopamine,0.8795289037344648,dopamine,dopamine,dopamine,0,True,True
120275,KCa'b'-ap2,KCa'b'-ap2,cb_intrinsic,Kenyon_Cell,,KCa'b'-ap2_L,KCa'b'-ap2,L,L,,acetylcholine,dopamine,0.7214594564240792,,dopamine,acetylcholine,1,True,True
120291,KCab-s,KCab-s,cb_intrinsic,Kenyon_Cell,,KCab-s_L,"KCab-m,KCab-c,KCab-s",L,L,,acetylcholine,dopamine,0.7954841416830651,,dopamine,acetylcholine,1,True,True
120313,KCg-m,KCg-m,cb_intrinsic,Kenyon_Cell,,KCg-m_L,KCg-m,L,L,,acetylcholine,dopamine,0.7060970168281488,,dopamine,acetylcholine,1,True,True
120513,KCab-c,KCab-c,cb_intrinsic,Kenyon_Cell,,KCab-c_L,"KCab-m,KCab-c,KCab-s",L,L,,acetylcholine,dopamine,0.683370695560122,,dopamine,acetylcholine,1,True,True
120567,KCab-s,KCab-s,cb_intrinsic,Kenyon_Cell,,KCab-s_R,"KCab-m,KCab-c,KCab-s",R,R,,acetylcholine,dopamine,0.779361549973479,,dopamine,acetylcholine,1,True,True
120642,KCg-m,KCg-m,cb_intrinsic,Kenyon_Cell,,KCg-m_L,KCg-m,L,L,,acetylcholine,dopamine,0.7553924492156437,,dopamine,acetylcholine,1,True,True
120660,KCab-m,KCab-m,cb_intrinsic,Kenyon_Cell,,KCab-m_L,"KCab-m,KCab-c,KCab-s",L,L,,acetylcholine,dopamine,0.6529088050314465,,dopamine,acetylcholine,1,True,True
120689,KCab-m,KCab-m,cb_intrinsic,Kenyon_Cell,,KCab-m_R,"KCab-m,KCab-c,KCab-s",R,R,,acetylcholine,dopamine,0.7741655126651665,,dopamine,acetylcholine,1,True,True
120699,KCab-m,KCab-m,cb_intrinsic,Kenyon_Cell,,KCab-m_R,"KCab-m,KCab-c,KCab-s",R,R,,acetylcholine,dopamine,0.7634143743020044,,dopamine,acetylcholine,1,True,True
120726,KCab-m,KCab-m,cb_intrinsic,Kenyon_Cell,,KCab-m_R,"KCab-m,KCab-c,KCab-s",R,R,,acetylcholine,dopamine,0.7201625227767002,,dopamine,acetylcholine,1,True,True
120768,PAM07,PAM07,cb_intrinsic,DAN,,PAM07(y4<y1y2)_R,PAM07,R,R,,dopamine,dopamine,0.9005079970509463,dopamine,dopamine,dopamine,0,True,True
120781,KCab-c,KCab-c,cb_intrinsic,Kenyon_Cell,,KCab-c_R,"KCab-m,KCab-c,KCab-s",R,R,,acetylcholine,dopamine,0.7255290225366876,,dopamine,acetylcholine,1,True,True
120818,KCg-m,KCg-m,cb_intrinsic,Kenyon_Cell,,KCg-m_L,KCg-m,L,L,,acetylcholine,dopamine,0.707998399761825,,dopamine,acetylcholine,1,True,True
120853,KCg-m,KCg-m,cb_intrinsic,Kenyon_Cell,,KCg-m_L,KCg-m,L,L,,acetylcholine,dopamine,0.7722920814765653,,dopamine,acetylcholine,1,True,True
120894,KCab-s,KCab-s,cb_intrinsic,Kenyon_Cell,,KCab-s_L,"KCab-m,KCab-c,KCab-s",L,L,,acetylcholine,dopamine,0.7647608541286265,,dopamine,acetylcholine,1,True,True
120914,KCab-s,KCab-s,cb_intrinsic,Kenyon_Cell,,KCab-s_R,"KCab-m,KCab-c,KCab-s",R,R,,acetylcholine,dopamine,0.785913966815624,,dopamine,acetylcholine,1,True,True
120949,KCg-d,KCg-d,cb_intrinsic,Kenyon_Cell,,KCg-d_R,KCg-d,R,R,,acetylcholine,dopamine,0.795855020602906,,dopamine,acetylcholine,1,True,True
121079,KCab-c,KCab-c,cb_intrinsic,Kenyon_Cell,,KCab-c_L,"KCab-m,KCab-c,KCab-s",L,L,,acetylcholine,dopamine,0.6776225608772779,,dopamine,acetylcholine,1,True,True
121103,KCg-m,KCg-m,cb_intrinsic,Kenyon_Cell,,KCg-m_R,KCg-m,R,R,,acetylcholine,dopamine,0.6228445744930713,,dopamine,acetylcholine,1,True,True
121106,KCab-c,KCab-c,cb_intrinsic,Kenyon_Cell,,KCab-c_L,"KCab-m,KCab-c,KCab-s",L,L,,acetylcholine,dopamine,0.7582438982170676,,dopamine,acetylcholine,1,True,True
121122,KCab-m,KCab-m,cb_intrinsic,Kenyon_Cell,,KCab-m_L,"KCab-m,KCab-c,KCab-s",L,L,,acetylcholine,dopamine,0.8045028193450444,,dopamine,acetylcholine,1,True,True
121138,KCab-m,KCab-m,cb_intrinsic,Kenyon_Cell,,KCab-m_R,"KCab-m,KCab-c,KCab-s",R,R,,acetylcholine,dopamine,0.684362492853059,,dopamine,acetylcholine,1,True,True
121150,KCab-m,KCab-m,cb_intrinsic,Kenyon_Cell,,KCab-m_R,"KCab-m,KCab-c,KCab-s",R,R,,acetylcholine,dopamine,0.794570324198862,,dopamine,acetylcholine,1,True,True
121241,KCab-m,KCab-m,cb_intrinsic,Kenyon_Cell,,KCab-m_R,"KCab-m,KCab-c,KCab-s",R,R,,acetylcholine,dopamine,0.7254668707933355,,dopamine,acetylcholine,1,True,True
121323,CB2589,CB2589,cb_intrinsic,ALPN,,CB2589_R,"M_vPNml78,M_vPNml89",R,R,,gaba,gaba,0.8757092934323306,gaba,gaba,gaba,-1,True,True
121369,M_vPNml83,M_vPNml83,cb_intrinsic,ALPN,,M_vPNml83_R,M_vPNml83,R,R,,gaba,gaba,0.5244693574847282,,gaba,gaba,-1,True,True
121446,KCab-c,KCab-c,cb_intrinsic,Kenyon_Cell,,KCab-c_L,"KCab-m,KCab-c,KCab-s",L,L,,acetylcholine,dopamine,0.6729801644895984,,dopamine,acetylcholine,1,True,True
121501,KCg-m,KCg-m,cb_intrinsic,Kenyon_Cell,,KCg-m_L,KCg-m,L,L,,acetylcholine,dopamine,0.7495258704532193,,dopamine,acetylcholine,1,True,True
121597,KCab-c,KCab-c,cb_intrinsic,Kenyon_Cell,,KCab-c_L,"KCab-m,KCab-c,KCab-s",L,L,,acetylcholine,dopamine,0.7444705148155353,,dopamine,acetylcholine,1,True,True
121665,KCab-m,KCab-m,cb_intrinsic,Kenyon_Cell,,KCab-m_L,"KCab-m,KCab-c,KCab-s",L,L,,acetylcholine,dopamine,0.7496401364159802,,dopamine,acetylcholine,1,True,True
121704,KCab-c,KCab-c,cb_intrinsic,Kenyon_Cell,,KCab-c_L,"KCab-m,KCab-c,KCab-s",L,L,,acetylcholine,dopamine,0.7143489961296565,,dopamine,acetylcholine,1,True,True
121712,KCg-m,KCg-m,cb_intrinsic,Kenyon_Cell,,KCg-m_L,KCg-m,L,L,,acetylcholine,dopamine,0.6254405607377571,,dopamine,acetylcholine,1,True,True
121769,KCab-s,KCab-s,cb_intrinsic,Kenyon_Cell,,KCab-s_R,"KCab-m,KCab-c,KCab-s",R,R,,acetylcholine,dopamine,0.7622652133265341,,dopamine,acetylcholine,1,True,True
121910,KCab-c,KCab-c,cb_intrinsic,Kenyon_Cell,,KCab-c_L,"KCab-m,KCab-c,KCab-s",L,L,,acetylcholine,dopamine,0.7249882384984895,,dopamine,acetylcholine,1,True,True
121966,KCab-c,KCab-c,cb_intrinsic,Kenyon_Cell,,KCab-c_R,"KCab-m,KCab-c,KCab-s",R,R,,acetylcholine,dopamine,0.6666559183372641,,dopamine,acetylcholine,1,True,True
122000,KCab-s,KCab-s,cb_intrinsic,Kenyon_Cell,,KCab-s_R,"KCab-m,KCab-c,KCab-s",R,R,,acetylcholine,dopamine,0.7925347222222223,,dopamine,acetylcholine,1,True,True
122062,PAM08,PAM08,cb_intrinsic,DAN,,PAM08(y4)_R,PAM08,R,R,,dopamine,dopamine,0.9054770999729908,dopamine,dopamine,dopamine,0,True,True
122077,KCg-m,KCg-m,cb_intrinsic,Kenyon_Cell,,KCg-m_L,KCg-m,L,L,,acetylcholine,dopamine,0.8033628144654088,,dopamine,acetylcholine,1,True,True
122089,KCab-s,KCab-s,cb_intrinsic,Kenyon_Cell,,KCab-s_R,"KCab-m,KCab-c,KCab-s",R,R,,acetylcholine,dopamine,0.7777437106918239,,dopamine,acetylcholine,1,True,True
122110,KCab-p,KCab-p,cb_intrinsic,Kenyon_Cell,,KCab-p_R,KCab-p,R,R,,acetylcholine,dopamine,0.6613549974064709,,dopamine,acetylcholine,1,True,True
122137,KCab-m,KCab-m,cb_intrinsic,Kenyon_Cell,,KCab-m_R,"KCab-m,KCab-c,KCab-s",R,R,,acetylcholine,dopamine,0.753453019952288,,dopamine,acetylcholine,1,True,True
122226,KCab-m,KCab-m,cb_intrinsic,Kenyon_Cell,,KCab-m_L,"KCab-m,KCab-c,KCab-s",L,L,,acetylcholine,dopamine,0.7466448569689592,,dopamine,acetylcholine,1,True,True
122240,KCab-m,KCab-m,cb_intrinsic,Kenyon_Cell,,KCab-m_L,"KCab-m,KCab-c,KCab-s",L,L,,acetylcholine,dopamine,0.7307515388732772,,dopamine,acetylcholine,1,True,True
122249,KCab-s,KCab-s,cb_intrinsic,Kenyon_Cell,,KCab-s_R,"KCab-m,KCab-c,KCab-s",R,R,,acetylcholine,dopamine,0.7469178816466552,,dopamine,acetylcholine,1,True,True
122275,KCab-m,KCab-m,cb_intrinsic,Kenyon_Cell,,KCab-m_L,"KCab-m,KCab-c,KCab-s",L,L,,acetylcholine,dopamine,0.7154966528492472,,dopamine,acetylcholine,1,True,True
122285,KCg-m,KCg-m,cb_intrinsic,Kenyon_Cell,,KCg-m_L,KCg-m,L,L,,acetylcholine,dopamine,0.7377077147782779,,dopamine,acetylcholine,1,True,True
122293,KCg-m,KCg-m,cb_intrinsic,Kenyon_Cell,,KCg-m_R,KCg-m,R,R,,acetylcholine,dopamine,0.7377999481846769,,dopamine,acetylcholine,1,True,True
122326,KCg-m,KCg-m,cb_intrinsic,Kenyon_Cell,,KCg-m_L,KCg-m,L,L,,acetylcholine,dopamine,0.756745918302522,,dopamine,acetylcholine,1,True,True
122354,KCg-m,KCg-m,cb_intrinsic,Kenyon_Cell,,KCg-m_R,KCg-m,R,R,,acetylcholine,dopamine,0.6742590522412477,,dopamine,acetylcholine,1,True,True
122378,KCg-m,KCg-m,cb_intrinsic,Kenyon_Cell,,KCg-m_L,KCg-m,L,L,,acetylcholine,dopamine,0.7865123820754717,,dopamine,acetylcholine,1,True,True
122463,KCab-s,KCab-s,cb_intrinsic,Kenyon_Cell,,KCab-s_L,"KCab-m,KCab-c,KCab-s",L,L,,acetylcholine,dopamine,0.7612528174646455,,dopamine,acetylcholine,1,True,True
122481,KCg-m,KCg-m,cb_intrinsic,Kenyon_Cell,,KCg-m_L,KCg-m,L,L,,acetylcholine,dopamine,0.7253807219736756,,dopamine,acetylcholine,1,True,True
122573,KCab-c,KCab-c,cb_intrinsic,Kenyon_Cell,,KCab-c_R,"KCab-m,KCab-c,KCab-s",R,R,,acetylcholine,dopamine,0.6724159003223931,,dopamine,acetylcholine,1,True,True
122595,KCg-m,KCg-m,cb_intrinsic,Kenyon_Cell,,KCg-m_L,KCg-m,L,L,,acetylcholine,dopamine,0.7580353225098727,,dopamine,acetylcholine,1,True,True
122600,KCa'b'-ap2,KCa'b'-ap2,cb_intrinsic,Kenyon_Cell,,KCa'b'-ap2_L,KCa'b'-ap2,L,L,,acetylcholine,dopamine,0.6895359071643423,,dopamine,acetylcholine,1,True,True
122631,KCab-s,KCab-s,cb_intrinsic,Kenyon_Cell,,KCab-s_R,"KCab-m,KCab-c,KCab-s",R,R,,acetylcholine,dopamine,0.7914361906701054,,dopamine,acetylcholine,1,True,True
122647,KCg-d,KCg-d,cb_intrinsic,Kenyon_Cell,,KCg-d_L,KCg-d,L,L,,acetylcholine,dopamine,0.7810046290870737,,dopamine,acetylcholine,1,True,True
122691,KCa'b'-m,KCa'b'-m,cb_intrinsic,Kenyon_Cell,,KCa'b'-m_L,KCa'b'-m,L,L,,acetylcholine,dopamine,0.6846157625786163,,dopamine,acetylcholine,1,True,True
122703,KCg-m,KCg-m,cb_intrinsic,Kenyon_Cell,,KCg-m_L,KCg-m,L,L,,acetylcholine,dopamine,0.7825587835906233,,dopamine,acetylcholine,1,True,True
122865,KCa'b'-ap2,KCa'b'-ap2,cb_intrinsic,Kenyon_Cell,,KCa'b'-ap2_L,KCa'b'-ap2,L,L,,acetylcholine,dopamine,0.693297471884004,,dopamine,acetylcholine,1,True,True
122874,KCa'b'-ap2,KCa'b'-ap2,cb_intrinsic,Kenyon_Cell,,KCa'b'-ap2_L,KCa'b'-ap2,L,L,,acetylcholine,dopamine,0.7458146316460255,,dopamine,acetylcholine,1,True,True
122892,KCg-m,KCg-m,cb_intrinsic,Kenyon_Cell,,KCg-m_R,KCg-m,R,R,,acetylcholine,dopamine,0.7294261006289308,,dopamine,acetylcholine,1,True,True
122979,KCg-m,KCg-m,cb_intrinsic,Kenyon_Cell,,KCg-m_L,KCg-m,L,L,,acetylcholine,dopamine,0.7122313941299789,,dopamine,acetylcholine,1,True,True
123035,KCab-m,KCab-m,cb_intrinsic,Kenyon_Cell,,KCab-m_R,"KCab-m,KCab-c,KCab-s",R,R,,acetylcholine,dopamine,0.8450421517462867,,dopamine,acetylcholine,1,True,True
123071,KCab-m,KCab-m,cb_intrinsic,Kenyon_Cell,,KCab-m_L,"KCab-m,KCab-c,KCab-s",L,L,,acetylcholine,dopamine,0.6803516179752485,,dopamine,acetylcholine,1,True,True
123107,KCab-m,KCab-m,cb_intrinsic,Kenyon_Cell,,KCab-m_L,"KCab-m,KCab-c,KCab-s",L,L,,acetylcholine,dopamine,0.7000866384289565,,dopamine,acetylcholine,1,True,True
123140,KCab-m,KCab-m,cb_intrinsic,Kenyon_Cell,,KCab-m_L,"KCab-m,KCab-c,KCab-s",L,L,,acetylcholine,dopamine,0.7519526831365096,,dopamine,acetylcholine,1,True,True
123169,KCab-c,KCab-c,cb_intrinsic,Kenyon_Cell,,KCab-c_R,"KCab-m,KCab-c,KCab-s",R,R,,acetylcholine,dopamine,0.7258093377452361,,dopamine,acetylcholine,1,True,True
123241,KCab-m,KCab-m,cb_intrinsic,Kenyon_Cell,,KCab-m_L,"KCab-m,KCab-c,KCab-s",L,L,,acetylcholine,dopamine,0.7523052607442348,,dopamine,acetylcholine,1,True,True
123263,KCg-m,KCg-m,cb_intrinsic,Kenyon_Cell,,KCg-m_L,KCg-m,L,L,,acetylcholine,dopamine,0.7567783481317055,,dopamine,acetylcholine,1,True,True
123274,KCab-m,KCab-m,cb_intrinsic,Kenyon_Cell,,KCab-m_L,"KCab-m,KCab-c,KCab-s",L,L,,acetylcholine,dopamine,0.7837628213245535,,dopamine,acetylcholine,1,True,True
123280,KCg-m,KCg-m,cb_intrinsic,Kenyon_Cell,,KCg-m_R,KCg-m,R,R,,acetylcholine,dopamine,0.7278959871479355,,dopamine,acetylcholine,1,True,True
123380,KCab-c,KCab-c,cb_intrinsic,Kenyon_Cell,,KCab-c_L,"KCab-m,KCab-c,KCab-s",L,L,,acetylcholine,dopamine,0.7284527018354511,,dopamine,acetylcholine,1,True,True
123401,KCab-m,KCab-m,cb_intrinsic,Kenyon_Cell,,KCab-m_R,"KCab-m,KCab-c,KCab-s",R,R,,acetylcholine,dopamine,0.717384123460705,,dopamine,acetylcholine,1,True,True
123404,KCg-m,KCg-m,cb_intrinsic,Kenyon_Cell,,KCg-m_L,KCg-m,L,L,,acetylcholine,dopamine,0.7867813562637297,,dopamine,acetylcholine,1,True,True
123421,KCg-m,KCg-m,cb_intrinsic,Kenyon_Cell,,KCg-m_R,KCg-m,R,R,,acetylcholine,dopamine,0.750124131082423,,dopamine,acetylcholine,1,True,True
123472,KCab-m,KCab-m,cb_intrinsic,Kenyon_Cell,,KCab-m_L,"KCab-m,KCab-c,KCab-s",L,L,,acetylcholine,dopamine,0.6595943649827551,,dopamine,acetylcholine,1,True,True
123477,KCg-m,KCg-m,cb_intrinsic,Kenyon_Cell,,KCg-m_L,KCg-m,L,L,,acetylcholine,dopamine,0.7588219786841411,,dopamine,acetylcholine,1,True,True
123494,KCg-m,KCg-m,cb_intrinsic,Kenyon_Cell,,KCg-m_L,KCg-m,L,L,,acetylcholine,dopamine,0.7574536639984752,,dopamine,acetylcholine,1,True,True
123523,KCa'b'-m,KCa'b'-m,cb_intrinsic,Kenyon_Cell,,KCa'b'-m_L,KCa'b'-m,L,L,,acetylcholine,dopamine,0.6895111553892865,,dopamine,acetylcholine,1,True,True
123544,KCab-s,KCab-s,cb_intrinsic,Kenyon_Cell,,KCab-s_R,"KCab-m,KCab-c,KCab-s",R,R,,acetylcholine,dopamine,0.8215007965077789,,dopamine,acetylcholine,1,True,True
123585,KCg-m,KCg-m,cb_intrinsic,Kenyon_Cell,,KCg-m_R,KCg-m,R,R,,acetylcholine,dopamine,0.7752523331304524,,dopamine,acetylcholine,1,True,True
123605,KCa'b'-ap1,KCa'b'-ap1,cb_intrinsic,Kenyon_Cell,,KCa'b'-ap1_R,KCa'b'-ap1,R,R,,acetylcholine,dopamine,0.6616300106084716,,dopamine,acetylcholine,1,True,True
123648,KCab-m,KCab-m,cb_intrinsic,Kenyon_Cell,,KCab-m_R,"KCab-m,KCab-c,KCab-s",R,R,,acetylcholine,dopamine,0.7111609261896286,,dopamine,acetylcholine,1,True,True
123653,KCab-c,KCab-c,cb_intrinsic,Kenyon_Cell,,KCab-c_L,"KCab-m,KCab-c,KCab-s",L,L,,acetylcholine,dopamine,0.7890415508751402,,dopamine,acetylcholine,1,True,True
123684,KCg-m,KCg-m,cb_intrinsic,Kenyon_Cell,,KCg-m_L,KCg-m,L,L,,acetylcholine,dopamine,0.71190995695019,,dopamine,acetylcholine,1,True,True
123749,KCab-c,KCab-c,cb_intrinsic,Kenyon_Cell,,KCab-c_R,"KCab-m,KCab-c,KCab-s",R,R,,acetylcholine,dopamine,0.7828401943967982,,dopamine,acetylcholine,1,True,True
123775,KCab-m,KCab-m,cb_intrinsic,Kenyon_Cell,,KCab-m_L,"KCab-m,KCab-c,KCab-s",L,L,,acetylcholine,dopamine,0.8204187854052366,,dopamine,acetylcholine,1,True,True
123841,KCg-m,KCg-m,cb_intrinsic,Kenyon_Cell,,KCg-m_L,KCg-m,L,L,,acetylcholine,dopamine,0.7317926997925516,,dopamine,acetylcholine,1,True,True
123894,KCg-m,KCg-m,cb_intrinsic,Kenyon_Cell,,KCg-m_R,KCg-m,R,R,,acetylcholine,dopamine,0.7030813826388188,,dopamine,acetylcholine,1,True,True
123939,KCab-m,KCab-m,cb_intrinsic,Kenyon_Cell,,KCab-m_L,"KCab-m,KCab-c,KCab-s",L,L,,acetylcholine,dopamine,0.7987598904443092,,dopamine,acetylcholine,1,True,True
123978,KCab-c,KCab-c,cb_intrinsic,Kenyon_Cell,,KCab-c_L,"KCab-m,KCab-c,KCab-s",L,L,,acetylcholine,dopamine,0.6912893081761006,,dopamine,acetylcholine,1,True,True
123997,KCab-c,KCab-c,cb_intrinsic,Kenyon_Cell,,KCab-c_L,"KCab-m,KCab-c,KCab-s",L,L,,acetylcholine,dopamine,0.6962861052876776,,dopamine,acetylcholine,1,True,True
124021,KCg-m,KCg-m,cb_intrinsic,Kenyon_Cell,,KCg-m_L,KCg-m,L,L,,acetylcholine,dopamine,0.7461518852356934,,dopamine,acetylcholine,1,True,True
124046,KCg-m,KCg-m,cb_intrinsic,Kenyon_Cell,,KCg-m_L,KCg-m,L,L,,acetylcholine,dopamine,0.7731408688562776,,dopamine,acetylcholine,1,True,True
124055,KCg-m,KCg-m,cb_intrinsic,Kenyon_Cell,,KCg-m_R,KCg-m,R,R,,acetylcholine,dopamine,0.6985442182500275,,dopamine,acetylcholine,1,True,True
124097,KCg-d,KCg-d,cb_intrinsic,Kenyon_Cell,,KCg-d_L,KCg-d,L,L,,acetylcholine,dopamine,0.7723073899371069,,dopamine,acetylcholine,1,True,True
124128,KCab-m,KCab-m,cb_intrinsic,Kenyon_Cell,,KCab-m_L,"KCab-m,KCab-c,KCab-s",L,L,,acetylcholine,dopamine,0.7643175758818704,,dopamine,acetylcholine,1,True,True
124211,KCab-m,KCab-m,cb_intrinsic,Kenyon_Cell,,KCab-m_R,"KCab-m,KCab-c,KCab-s",R,R,,acetylcholine,dopamine,0.7517358912667257,,dopamine,acetylcholine,1,True,True
124242,KCg-m,KCg-m,cb_intrinsic,Kenyon_Cell,,KCg-m_R,KCg-m,R,R,,acetylcholine,dopamine,0.7546147446202442,,dopamine,acetylcholine,1,True,True
124364,M_adPNm7,M_adPNm7,cb_intrinsic,ALPN,,M_adPNm7_R,M_adPNm7,R,R,,acetylcholine,acetylcholine,0.926725584868964,acetylcholine,acetylcholine,acetylcholine,1,True,True
124370,KCg-m,KCg-m,cb_intrinsic,Kenyon_Cell,,KCg-m_L,KCg-m,L,L,,acetylcholine,dopamine,0.7524260514937108,,dopamine,acetylcholine,1,True,True
124376,KCab-p,KCab-p,cb_intrinsic,Kenyon_Cell,,KCab-p_R,KCab-p,R,R,,acetylcholine,dopamine,0.6881454305458499,,dopamine,acetylcholine,1,True,True
124435,KCab-c,KCab-c,cb_intrinsic,Kenyon_Cell,,KCab-c_L,"KCab-m,KCab-c,KCab-s",L,L,,acetylcholine,dopamine,0.7259744623655914,,dopamine,acetylcholine,1,True,True
124454,KCab-c,KCab-c,cb_intrinsic,Kenyon_Cell,,KCab-c_L,"KCab-m,KCab-c,KCab-s",L,L,,acetylcholine,dopamine,0.6971338628178251,,dopamine,acetylcholine,1,True,True
124605,KCab-m,KCab-m,cb_intrinsic,Kenyon_Cell,,KCab-m_R,"KCab-m,KCab-c,KCab-s",R,R,,acetylcholine,dopamine,0.7295800802428974,,dopamine,acetylcholine,1,True,True
124624,KCab-m,KCab-m,cb_intrinsic,Kenyon_Cell,,KCab-m_L,"KCab-m,KCab-c,KCab-s",L,L,,acetylcholine,dopamine,0.7710682957393483,,dopamine,acetylcholine,1,True,True
124632,KCg-m,KCg-m,cb_intrinsic,Kenyon_Cell,,KCg-m_R,KCg-m,R,R,,acetylcholine,dopamine,0.7650715822575307,,dopamine,acetylcholine,1,True,True
124685,KCab-m,KCab-m,cb_intrinsic,Kenyon_Cell,,KCab-m_R,"KCab-m,KCab-c,KCab-s",R,R,,acetylcholine,dopamine,0.7892444331123576,,dopamine,acetylcholine,1,True,True
124690,KCg-m,KCg-m,cb_intrinsic,Kenyon_Cell,,KCg-m_L,KCg-m,L,L,,acetylcholine,dopamine,0.7512364797152533,,dopamine,acetylcholine,1,True,True
124807,KCab-m,KCab-m,cb_intrinsic,Kenyon_Cell,,KCab-m_L,"KCab-m,KCab-c,KCab-s",L,L,,acetylcholine,dopamine,0.7402894766397126,,dopamine,acetylcholine,1,True,True
124918,PAM04,PAM04,cb_intrinsic,DAN,,PAM04(B2)_L,PAM04,L,L,,dopamine,dopamine,0.8981289308176101,dopamine,dopamine,dopamine,0,True,True
124937,KCa'b'-ap1,KCa'b'-ap1,cb_intrinsic,Kenyon_Cell,,KCa'b'-ap1_R,KCa'b'-ap1,R,R,,acetylcholine,dopamine,0.68709978570704,,dopamine,acetylcholine,1,True,True
125002,KCab-m,KCab-m,cb_intrinsic,Kenyon_Cell,,KCab-m_L,"KCab-m,KCab-c,KCab-s",L,L,,acetylcholine,dopamine,0.7093096977074458,,dopamine,acetylcholine,1,True,True
125080,PAM04,PAM04,cb_intrinsic,DAN,,PAM04(B2)_L,PAM04,L,L,,dopamine,dopamine,0.9086742532941148,dopamine,dopamine,dopamine,0,True,True
125081,KCab-m,KCab-m,cb_intrinsic,Kenyon_Cell,,KCab-m_R,"KCab-m,KCab-c,KCab-s",R,R,,acetylcholine,dopamine,0.7637983855281073,,dopamine,acetylcholine,1,True,True
125185,KCab-s,KCab-s,cb_intrinsic,Kenyon_Cell,,KCab-s_L,"KCab-m,KCab-c,KCab-s",L,L,,acetylcholine,dopamine,0.811112801785352,,dopamine,acetylcholine,1,True,True
125291,CB2711,CB2711,cb_intrinsic,ALPN,,CB2711_R,,R,R,,gaba,gaba,0.768489562972481,gaba,gaba,gaba,-1,True,True
125552,KCg-m,KCg-m,cb_intrinsic,Kenyon_Cell,,KCg-m_L,KCg-m,L,L,,acetylcholine,dopamine,0.7843752047300838,,dopamine,acetylcholine,1,True,True
125574,KCab-m,KCab-m,cb_intrinsic,Kenyon_Cell,,KCab-m_L,"KCab-m,KCab-c,KCab-s",L,L,,acetylcholine,dopamine,0.7317276091171324,,dopamine,acetylcholine,1,True,True
125644,KCg-d,KCg-d,cb_intrinsic,Kenyon_Cell,,KCg-d_L,KCg-d,L,L,,acetylcholine,dopamine,0.5404039507084943,,dopamine,acetylcholine,1,True,True
125813,KCg-d,KCg-d,cb_intrinsic,Kenyon_Cell,,KCg-d_L,KCg-d,L,L,,acetylcholine,dopamine,0.7864522672567746,,dopamine,acetylcholine,1,True,True
125860,KCg-m,KCg-m,cb_intrinsic,Kenyon_Cell,,KCg-m_R,KCg-m,R,R,,acetylcholine,dopamine,0.791867239154975,,dopamine,acetylcholine,1,True,True
125908,KCa'b'-ap1,KCa'b'-ap1,cb_intrinsic,Kenyon_Cell,,KCa'b'-ap1_R,KCa'b'-ap1,R,R,,acetylcholine,dopamine,0.6950127516475579,,dopamine,acetylcholine,1,True,True
126002,KCg-m,KCg-m,cb_intrinsic,Kenyon_Cell,,KCg-m_R,KCg-m,R,R,,acetylcholine,dopamine,0.7452628335883053,,dopamine,acetylcholine,1,True,True
126057,KCab-m,KCab-m,cb_intrinsic,Kenyon_Cell,,KCab-m_L,"KCab-m,KCab-c,KCab-s",L,L,,acetylcholine,dopamine,0.7908013923499861,,dopamine,acetylcholine,1,True,True
126084,KCab-m,KCab-m,cb_intrinsic,Kenyon_Cell,,KCab-m_R,"KCab-m,KCab-c,KCab-s",R,R,,acetylcholine,dopamine,0.7522995283018868,,dopamine,acetylcholine,1,True,True
126174,KCab-m,KCab-m,cb_intrinsic,Kenyon_Cell,,KCab-m_L,"KCab-m,KCab-c,KCab-s",L,L,,acetylcholine,dopamine,0.7482010876096623,,dopamine,acetylcholine,1,True,True
126319,KCab-s,KCab-s,cb_intrinsic,Kenyon_Cell,,KCab-s_L,"KCab-m,KCab-c,KCab-s",L,L,,acetylcholine,dopamine,0.8076169279829923,,dopamine,acetylcholine,1,True,True
126390,KCab-c,KCab-c,cb_intrinsic,Kenyon_Cell,,KCab-c_L,"KCab-m,KCab-c,KCab-s",L,L,,acetylcholine,dopamine,0.7120071359458151,,dopamine,acetylcholine,1,True,True
126446,KCab-m,KCab-m,cb_intrinsic,Kenyon_Cell,,KCab-m_R,"KCab-m,KCab-c,KCab-s",R,R,,acetylcholine,dopamine,0.6775225724223366,,dopamine,acetylcholine,1,True,True
126501,PAM06,PAM06,cb_intrinsic,DAN,,PAM06(B'2m)_L,PAM06,L,L,,dopamine,dopamine,0.9079687692687137,dopamine,dopamine,dopamine,0,True,True
126602,KCg-m,KCg-m,cb_intrinsic,Kenyon_Cell,,KCg-m_R,KCg-m,R,R,,acetylcholine,dopamine,0.6819324910809519,,dopamine,acetylcholine,1,True,True
126673,KCa'b'-ap2,KCa'b'-ap2,cb_intrinsic,Kenyon_Cell,,KCa'b'-ap2_R,KCa'b'-ap2,R,R,,acetylcholine,dopamine,0.7318229829841416,,dopamine,acetylcholine,1,True,True
126683,KCab-m,KCab-m,cb_intrinsic,Kenyon_Cell,,KCab-m_L,"KCab-m,KCab-c,KCab-s",L,L,,acetylcholine,dopamine,0.7197505717552887,,dopamine,acetylcholine,1,True,True
126766,KCg-m,KCg-m,cb_intrinsic,Kenyon_Cell,,KCg-m_L,KCg-m,L,L,,acetylcholine,dopamine,0.773270867514356,,dopamine,acetylcholine,1,True,True
126779,KCg-m,KCg-m,cb_intrinsic,Kenyon_Cell,,KCg-m_L,KCg-m,L,L,,acetylcholine,dopamine,0.7891864166283172,,dopamine,acetylcholine,1,True,True
126787,KCab-m,KCab-m,cb_intrinsic,Kenyon_Cell,,KCab-m_L,"KCab-m,KCab-c,KCab-s",L,L,,acetylcholine,dopamine,0.7333709922153318,,dopamine,acetylcholine,1,True,True
126815,KCg-m,KCg-m,cb_intrinsic,Kenyon_Cell,,KCg-m_L,KCg-m,L,L,,acetylcholine,dopamine,0.7126065124771759,,dopamine,acetylcholine,1,True,True
126900,PAM12,PAM12,cb_intrinsic,DAN,,PAM12(y3)_L,PAM12,L,L,,dopamine,dopamine,0.9094447163878011,dopamine,dopamine,dopamine,0,True,True
126945,KCab-c,KCab-c,cb_intrinsic,Kenyon_Cell,,KCab-c_R,"KCab-m,KCab-c,KCab-s",R,R,,acetylcholine,dopamine,0.7392436801612017,,dopamine,acetylcholine,1,True,True
126973,KCg-m,KCg-m,cb_intrinsic,Kenyon_Cell,,KCg-m_L,KCg-m,L,L,,acetylcholine,dopamine,0.7348247978436658,,dopamine,acetylcholine,1,True,True
127046,KCg-d,KCg-d,cb_intrinsic,Kenyon_Cell,,KCg-d_R,KCg-d,R,R,,acetylcholine,dopamine,0.6897932557205941,,dopamine,acetylcholine,1,True,True
127047,KCab-m,KCab-m,cb_intrinsic,Kenyon_Cell,,KCab-m_L,"KCab-m,KCab-c,KCab-s",L,L,,acetylcholine,dopamine,0.6920337650570302,,dopamine,acetylcholine,1,True,True
127130,KCg-m,KCg-m,cb_intrinsic,Kenyon_Cell,,KCg-m_L,KCg-m,L,L,,acetylcholine,dopamine,0.7685853970125786,,dopamine,acetylcholine,1,True,True
127203,KCg-m,KCg-m,cb_intrinsic,Kenyon_Cell,,KCg-m_L,KCg-m,L,L,,acetylcholine,dopamine,0.7145851616205938,,dopamine,acetylcholine,1,True,True
127225,KCg-m,KCg-m,cb_intrinsic,Kenyon_Cell,,KCg-m_L,KCg-m,L,L,,acetylcholine,dopamine,0.7165164776238775,,dopamine,acetylcholine,1,True,True
127326,KCab-m,KCab-m,cb_intrinsic,Kenyon_Cell,,KCab-m_L,"KCab-m,KCab-c,KCab-s",L,L,,acetylcholine,dopamine,0.7694575471698113,,dopamine,acetylcholine,1,True,True
127366,KCa'b'-ap2,KCa'b'-ap2,cb_intrinsic,Kenyon_Cell,,KCa'b'-ap2_R,KCa'b'-ap2,R,R,,acetylcholine,dopamine,0.7307530323450134,,dopamine,acetylcholine,1,True,True
127372,KCg-m,KCg-m,cb_intrinsic,Kenyon_Cell,,KCg-m_L,KCg-m,L,L,,acetylcholine,dopamine,0.764159247940473,,dopamine,acetylcholine,1,True,True
127397,KCg-m,KCg-m,cb_intrinsic,Kenyon_Cell,,KCg-m_R,KCg-m,R,R,,acetylcholine,dopamine,0.7272092566183999,,dopamine,acetylcholine,1,True,True
127463,KCab-c,KCab-c,cb_intrinsic,Kenyon_Cell,,KCab-c_L,"KCab-m,KCab-c,KCab-s",L,L,,acetylcholine,dopamine,0.7312358053808525,,dopamine,acetylcholine,1,True,True
127471,KCa'b'-m,KCa'b'-m,cb_intrinsic,Kenyon_Cell,,KCa'b'-m_L,KCa'b'-m,L,L,,acetylcholine,dopamine,0.6867667129585289,,dopamine,acetylcholine,1,True,True
127577,KCg-d,KCg-d,cb_intrinsic,Kenyon_Cell,,KCg-d_L,KCg-d,L,L,,acetylcholine,dopamine,0.7846034787735849,,dopamine,acetylcholine,1,True,True
127593,KCg-m,KCg-m,cb_intrinsic,Kenyon_Cell,,KCg-m_L,KCg-m,L,L,,acetylcholine,dopamine,0.7960168415565197,,dopamine,acetylcholine,1,True,True
127659,PAM02,PAM02,cb_intrinsic,DAN,,PAM02(B'2a)_L,PAM02,L,L,,dopamine,dopamine,0.8731209827907942,dopamine,dopamine,dopamine,0,True,True
127739,KCa'b'-m,KCa'b'-m,cb_intrinsic,Kenyon_Cell,,KCa'b'-m_R,KCa'b'-m,R,R,,acetylcholine,dopamine,0.6613549711604263,,dopamine,acetylcholine,1,True,True
127944,KCg-m,KCg-m,cb_intrinsic,Kenyon_Cell,,KCg-m_L,KCg-m,L,L,,acetylcholine,dopamine,0.7926102491877551,,dopamine,acetylcholine,1,True,True
127980,KCg-m,KCg-m,cb_intrinsic,Kenyon_Cell,,KCg-m_L,KCg-m,L,L,,acetylcholine,dopamine,0.7464242852368365,,dopamine,acetylcholine,1,True,True
128075,KCab-s,KCab-s,cb_intrinsic,Kenyon_Cell,,KCab-s_L,"KCab-m,KCab-c,KCab-s",L,L,,acetylcholine,dopamine,0.8091777890937678,,dopamine,acetylcholine,1,True,True
128076,PAM04,PAM04,cb_intrinsic,DAN,,PAM04(B2)_R,PAM04,R,R,,dopamine,dopamine,0.8897786709023232,dopamine,dopamine,dopamine,0,True,True
128085,KCa'b'-ap1,KCa'b'-ap1,cb_intrinsic,Kenyon_Cell,,KCa'b'-ap1_R,KCa'b'-ap1,R,R,,acetylcholine,dopamine,0.6872512140753124,,dopamine,acetylcholine,1,True,True
128097,KCg-m,KCg-m,cb_intrinsic,Kenyon_Cell,,KCg-m_L,KCg-m,L,L,,acetylcholine,dopamine,0.7652505557362828,,dopamine,acetylcholine,1,True,True
128212,KCab-m,KCab-m,cb_intrinsic,Kenyon_Cell,,KCab-m_L,"KCab-m,KCab-c,KCab-s",L,L,,acetylcholine,dopamine,0.7650879995942382,,dopamine,acetylcholine,1,True,True
128352,KCg-m,KCg-m,cb_intrinsic,Kenyon_Cell,,KCg-m_L,KCg-m,L,L,,acetylcholine,dopamine,0.7450311700009481,,dopamine,acetylcholine,1,True,True
128366,KCab-m,KCab-m,cb_intrinsic,Kenyon_Cell,,KCab-m_L,"KCab-m,KCab-c,KCab-s",L,L,,acetylcholine,dopamine,0.7684706610464338,,dopamine,acetylcholine,1,True,True
128467,KCab-c,KCab-c,cb_intrinsic,Kenyon_Cell,,KCab-c_L,"KCab-m,KCab-c,KCab-s",L,L,,acetylcholine,dopamine,0.7480961582177768,,dopamine,acetylcholine,1,True,True
128471,KCg-m,KCg-m,cb_intrinsic,Kenyon_Cell,,KCg-m_L,KCg-m,L,L,,acetylcholine,dopamine,0.7467608551040155,,dopamine,acetylcholine,1,True,True
128565,KCab-s,KCab-s,cb_intrinsic,Kenyon_Cell,,KCab-s_L,"KCab-m,KCab-c,KCab-s",L,L,,acetylcholine,dopamine,0.7568572347463857,,dopamine,acetylcholine,1,True,True
128591,KCa'b'-ap2,KCa'b'-ap2,cb_intrinsic,Kenyon_Cell,,KCa'b'-ap2_L,KCa'b'-ap2,L,L,,acetylcholine,dopamine,0.7630601880831023,,dopamine,acetylcholine,1,True,True
128604,KCa'b'-ap2,KCa'b'-ap2,cb_intrinsic,Kenyon_Cell,,KCa'b'-ap2_L,KCa'b'-ap2,L,L,,acetylcholine,dopamine,0.7692815864862195,,dopamine,acetylcholine,1,True,True
128731,KCab-c,KCab-c,cb_intrinsic,Kenyon_Cell,,KCab-c_L,"KCab-m,KCab-c,KCab-s",L,L,,acetylcholine,dopamine,0.7531734161681239,,dopamine,acetylcholine,1,True,True
128743,KCab-s,KCab-s,cb_intrinsic,Kenyon_Cell,,KCab-s_L,"KCab-m,KCab-c,KCab-s",L,L,,acetylcholine,dopamine,0.7904701809555336,,dopamine,acetylcholine,1,True,True
128794,KCa'b'-ap2,KCa'b'-ap2,cb_intrinsic,Kenyon_Cell,,KCa'b'-ap2_L,KCa'b'-ap2,L,L,,acetylcholine,dopamine,0.7049013504453596,,dopamine,acetylcholine,1,True,True
128858,KCa'b'-ap2,KCa'b'-ap2,cb_intrinsic,Kenyon_Cell,,KCa'b'-ap2_R,KCa'b'-ap2,R,R,,acetylcholine,dopamine,0.683468775635767,,dopamine,acetylcholine,1,True,True
128866,KCab-c,KCab-c,cb_intrinsic,Kenyon_Cell,,KCab-c_L,"KCab-m,KCab-c,KCab-s",L,L,,acetylcholine,dopamine,0.7318889302659164,,dopamine,acetylcholine,1,True,True
128873,KCab-m,KCab-m,cb_intrinsic,Kenyon_Cell,,KCab-m_L,"KCab-m,KCab-c,KCab-s",L,L,,acetylcholine,dopamine,0.7726207159784887,,dopamine,acetylcholine,1,True,True
128901,KCg-m,KCg-m,cb_intrinsic,Kenyon_Cell,,KCg-m_L,KCg-m,L,L,,acetylcholine,dopamine,0.8006720025424863,,dopamine,acetylcholine,1,True,True
128925,KCg-d,KCg-d,cb_intrinsic,Kenyon_Cell,,KCg-d_R,KCg-d,R,R,,acetylcholine,dopamine,0.8199369151710385,,dopamine,acetylcholine,1,True,True
128929,KCg-m,KCg-m,cb_intrinsic,Kenyon_Cell,,KCg-m_L,KCg-m,L,L,,acetylcholine,dopamine,0.7569744866048159,,dopamine,acetylcholine,1,True,True
128942,KCab-c,KCab-c,cb_intrinsic,Kenyon_Cell,,KCab-c_L,"KCab-m,KCab-c,KCab-s",L,L,,acetylcholine,dopamine,0.6839805857584479,,dopamine,acetylcholine,1,True,True
129022,KCab-p,KCab-p,cb_intrinsic,Kenyon_Cell,,KCab-p_L,KCab-p,L,L,,acetylcholine,dopamine,0.6074337729263394,,dopamine,acetylcholine,1,True,True
129027,KCab-s,KCab-s,cb_intrinsic,Kenyon_Cell,,KCab-s_R,"KCab-m,KCab-c,KCab-s",R,R,,acetylcholine,dopamine,0.8277900572952682,,dopamine,acetylcholine,1,True,True
129122,KCab-s,KCab-s,cb_intrinsic,Kenyon_Cell,,KCab-s_L,"KCab-m,KCab-c,KCab-s",L,L,,acetylcholine,dopamine,0.7206816087809959,,dopamine,acetylcholine,1,True,True
129189,KCg-m,KCg-m,cb_intrinsic,Kenyon_Cell,,KCg-m_R,KCg-m,R,R,,acetylcholine,dopamine,0.7851818412604822,,dopamine,acetylcholine,1,True,True
129287,KCg-m,KCg-m,cb_intrinsic,Kenyon_Cell,,KCg-m_R,KCg-m,R,R,,acetylcholine,dopamine,0.7313618771165941,,dopamine,acetylcholine,1,True,True
129292,KCab-c,KCab-c,cb_intrinsic,Kenyon_Cell,,KCab-c_R,"KCab-m,KCab-c,KCab-s",R,R,,acetylcholine,dopamine,0.7246658805031447,,dopamine,acetylcholine,1,True,True
129301,KCa'b'-ap2,KCa'b'-ap2,cb_intrinsic,Kenyon_Cell,,KCa'b'-ap2_L,KCa'b'-ap2,L,L,,acetylcholine,dopamine,0.7044137466307278,,dopamine,acetylcholine,1,True,True
129321,KCg-m,KCg-m,cb_intrinsic,Kenyon_Cell,,KCg-m_R,KCg-m,R,R,,acetylcholine,dopamine,0.7602943745632424,,dopamine,acetylcholine,1,True,True
129330,KCab-s,KCab-s,cb_intrinsic,Kenyon_Cell,,KCab-s_R,"KCab-m,KCab-c,KCab-s",R,R,,acetylcholine,dopamine,0.7911006786880025,,dopamine,acetylcholine,1,True,True
129430,PAM08,PAM08,cb_intrinsic,DAN,,PAM08(y4)_L,PAM08,L,L,,dopamine,dopamine,0.874087713987825,dopamine,dopamine,dopamine,0,True,True
129563,PAM01,PAM01,cb_intrinsic,DAN,,PAM01(y5)_R,PAM01,R,R,,dopamine,dopamine,0.8501260788839823,dopamine,dopamine,dopamine,0,True,True
129608,KCab-c,KCab-c,cb_intrinsic,Kenyon_Cell,,KCab-c_L,"KCab-m,KCab-c,KCab-s",L,L,,acetylcholine,dopamine,0.6869696784862286,,dopamine,acetylcholine,1,True,True
129627,KCg-m,KCg-m,cb_intrinsic,Kenyon_Cell,,KCg-m_L,KCg-m,L,L,,acetylcholine,dopamine,0.736033653010876,,dopamine,acetylcholine,1,True,True
129659,KCab-p,KCab-p,cb_intrinsic,Kenyon_Cell,,KCab-p_L,KCab-p,L,L,,acetylcholine,dopamine,0.7151134948759696,,dopamine,acetylcholine,1,True,True
129798,KCab-s,KCab-s,cb_intrinsic,Kenyon_Cell,,KCab-s_L,"KCab-m,KCab-c,KCab-s",L,L,,acetylcholine,dopamine,0.8037100490486927,,dopamine,acetylcholine,1,True,True
129866,KCg-m,KCg-m,cb_intrinsic,Kenyon_Cell,,KCg-m_L,KCg-m,L,L,,acetylcholine,dopamine,0.732055617058144,,dopamine,acetylcholine,1,True,True
129892,KCab-m,KCab-m,cb_intrinsic,Kenyon_Cell,,KCab-m_R,"KCab-m,KCab-c,KCab-s",R,R,,acetylcholine,dopamine,0.7211703236520387,,dopamine,acetylcholine,1,True,True
129897,KCab-c,KCab-c,cb_intrinsic,Kenyon_Cell,,KCab-c_L,"KCab-m,KCab-c,KCab-s",L,L,,acetylcholine,dopamine,0.7861992567181245,,dopamine,acetylcholine,1,True,True
129903,KCg-m,KCg-m,cb_intrinsic,Kenyon_Cell,,KCg-m_R,KCg-m,R,R,,acetylcholine,dopamine,0.7288976637443619,,dopamine,acetylcholine,1,True,True
129965,KCg-m,KCg-m,cb_intrinsic,Kenyon_Cell,,KCg-m_R,KCg-m,R,R,,acetylcholine,dopamine,0.7426943906896738,,dopamine,acetylcholine,1,True,True
130231,KCg-d,KCg-d,cb_intrinsic,Kenyon_Cell,,KCg-d_L,KCg-d,L,L,,acetylcholine,dopamine,0.6906586927223719,,dopamine,acetylcholine,1,True,True
130317,KCg-m,KCg-m,cb_intrinsic,Kenyon_Cell,,KCg-m_R,KCg-m,R,R,,acetylcholine,dopamine,0.7440484655984325,,dopamine,acetylcholine,1,True,True
130324,KCg-m,KCg-m,cb_intrinsic,Kenyon_Cell,,KCg-m_L,KCg-m,L,L,,acetylcholine,dopamine,0.7339457669371395,,dopamine,acetylcholine,1,True,True
130392,KCab-s,KCab-s,cb_intrinsic,Kenyon_Cell,,KCab-s_R,"KCab-m,KCab-c,KCab-s",R,R,,acetylcholine,dopamine,0.7649428453381077,,dopamine,acetylcholine,1,True,True
130403,KCg-m,KCg-m,cb_intrinsic,Kenyon_Cell,,KCg-m_R,KCg-m,R,R,,acetylcholine,dopamine,0.7602590348944865,,dopamine,acetylcholine,1,True,True
130429,KCab-c,KCab-c,cb_intrinsic,Kenyon_Cell,,KCab-c_L,"KCab-m,KCab-c,KCab-s",L,L,,acetylcholine,dopamine,0.6986259228876127,,dopamine,acetylcholine,1,True,True
130439,KCg-m,KCg-m,cb_intrinsic,Kenyon_Cell,,KCg-m_L,KCg-m,L,L,,acetylcholine,dopamine,0.7403166632853182,,dopamine,acetylcholine,1,True,True
130521,KCab-c,KCab-c,cb_intrinsic,Kenyon_Cell,,KCab-c_L,"KCab-m,KCab-c,KCab-s",L,L,,acetylcholine,dopamine,0.7882460190017396,,dopamine,acetylcholine,1,True,True
130531,KCab-m,KCab-m,cb_intrinsic,Kenyon_Cell,,KCab-m_L,"KCab-m,KCab-c,KCab-s",L,L,,acetylcholine,dopamine,0.7542888474942915,,dopamine,acetylcholine,1,True,True
130556,KCg-m,KCg-m,cb_intrinsic,Kenyon_Cell,,KCg-m_L,KCg-m,L,L,,acetylcholine,dopamine,0.72079639549951,,dopamine,acetylcholine,1,True,True
130580,KCg-m,KCg-m,cb_intrinsic,Kenyon_Cell,,KCg-m_L,KCg-m,L,L,,acetylcholine,dopamine,0.7605894870960745,,dopamine,acetylcholine,1,True,True
130603,KCg-m,KCg-m,cb_intrinsic,Kenyon_Cell,,KCg-m_R,KCg-m,R,R,,acetylcholine,dopamine,0.6776240604387176,,dopamine,acetylcholine,1,True,True
130796,KCab-m,KCab-m,cb_intrinsic,Kenyon_Cell,,KCab-m_R,"KCab-m,KCab-c,KCab-s",R,R,,acetylcholine,dopamine,0.7256660140026107,,dopamine,acetylcholine,1,True,True
130806,KCg-m,KCg-m,cb_intrinsic,Kenyon_Cell,,KCg-m_R,KCg-m,R,R,,acetylcholine,dopamine,0.7398483827493262,,dopamine,acetylcholine,1,True,True
130825,KCab-c,KCab-c,cb_intrinsic,Kenyon_Cell,,KCab-c_L,"KCab-m,KCab-c,KCab-s",L,L,,acetylcholine,dopamine,0.7386649830244336,,dopamine,acetylcholine,1,True,True
130875,KCa'b'-ap2,KCa'b'-ap2,cb_intrinsic,Kenyon_Cell,,KCa'b'-ap2_R,KCa'b'-ap2,R,R,,acetylcholine,dopamine,0.6995644587745137,,dopamine,acetylcholine,1,True,True
130907,KCg-m,KCg-m,cb_intrinsic,Kenyon_Cell,,KCg-m_R,KCg-m,R,R,,acetylcholine,dopamine,0.7685947972953022,,dopamine,acetylcholine,1,True,True
130920,KCg-m,KCg-m,cb_intrinsic,Kenyon_Cell,,KCg-m_L,KCg-m,L,L,,acetylcholine,dopamine,0.7368106275782782,,dopamine,acetylcholine,1,True,True
130950,KCa'b'-m,KCa'b'-m,cb_intrinsic,Kenyon_Cell,,KCa'b'-m_L,KCa'b'-m,L,L,,acetylcholine,dopamine,0.7181623726973789,,dopamine,acetylcholine,1,True,True
130972,KCg-m,KCg-m,cb_intrinsic,Kenyon_Cell,,KCg-m_L,KCg-m,L,L,,acetylcholine,dopamine,0.7718975575328759,,dopamine,acetylcholine,1,True,True
131008,KCab-m,KCab-m,cb_intrinsic,Kenyon_Cell,,KCab-m_R,"KCab-m,KCab-c,KCab-s",R,R,,acetylcholine,dopamine,0.6900058962264152,,dopamine,acetylcholine,1,True,True
131100,KCg-m,KCg-m,cb_intrinsic,Kenyon_Cell,,KCg-m_R,KCg-m,R,R,,acetylcholine,dopamine,0.7048467519600241,,dopamine,acetylcholine,1,True,True
131101,KCab-c,KCab-c,cb_intrinsic,Kenyon_Cell,,KCab-c_R,"KCab-m,KCab-c,KCab-s",R,R,,acetylcholine,dopamine,0.7236573317486258,,dopamine,acetylcholine,1,True,True
131198,KCg-m,KCg-m,cb_intrinsic,Kenyon_Cell,,KCg-m_L,KCg-m,L,L,,acetylcholine,dopamine,0.7443464302027335,,dopamine,acetylcholine,1,True,True
131212,KCab-m,KCab-m,cb_intrinsic,Kenyon_Cell,,KCab-m_L,"KCab-m,KCab-c,KCab-s",L,L,,acetylcholine,dopamine,0.7670159661502276,,dopamine,acetylcholine,1,True,True
131268,KCg-m,KCg-m,cb_intrinsic,Kenyon_Cell,,KCg-m_L,KCg-m,L,L,,acetylcholine,dopamine,0.7602425042032506,,dopamine,acetylcholine,1,True,True
131293,KCg-m,KCg-m,cb_intrinsic,Kenyon_Cell,,KCg-m_R,KCg-m,R,R,,acetylcholine,dopamine,0.728337640505821,,dopamine,acetylcholine,1,True,True
131313,EPG,EPG,cb_intrinsic,CX,,EPG(PB08)_R6,EPG,R,R,,acetylcholine,acetylcholine,0.9245556002349047,acetylcholine,acetylcholine,acetylcholine,1,True,True
131332,KCg-m,KCg-m,cb_intrinsic,Kenyon_Cell,,KCg-m_L,KCg-m,L,L,,acetylcholine,dopamine,0.746330180225874,,dopamine,acetylcholine,1,True,True
131358,KCab-c,KCab-c,cb_intrinsic,Kenyon_Cell,,KCab-c_L,"KCab-m,KCab-c,KCab-s",L,L,,acetylcholine,dopamine,0.7049166666666666,,dopamine,acetylcholine,1,True,True
131359,KCab-c,KCab-c,cb_intrinsic,Kenyon_Cell,,KCab-c_L,"KCab-m,KCab-c,KCab-s",L,L,,acetylcholine,dopamine,0.6788334016953788,,dopamine,acetylcholine,1,True,True
131373,KCg-m,KCg-m,cb_intrinsic,Kenyon_Cell,,KCg-m_L,KCg-m,L,L,,acetylcholine,dopamine,0.7500243336328242,,dopamine,acetylcholine,1,True,True
131419,PAM06,PAM06,cb_intrinsic,DAN,,PAM06(B'2m)_R,PAM06,R,R,,dopamine,dopamine,0.9128615822798213,dopamine,dopamine,dopamine,0,True,True
131423,KCg-m,KCg-m,cb_intrinsic,Kenyon_Cell,,KCg-m_L,KCg-m,L,L,,acetylcholine,dopamine,0.7631256031413265,,dopamine,acetylcholine,1,True,True
131461,KCab-m,KCab-m,cb_intrinsic,Kenyon_Cell,,KCab-m_R,"KCab-m,KCab-c,KCab-s",R,R,,acetylcholine,dopamine,0.6630075881870385,,dopamine,acetylcholine,1,True,True
131495,KCab-m,KCab-m,cb_intrinsic,Kenyon_Cell,,KCab-m_L,"KCab-m,KCab-c,KCab-s",L,L,,acetylcholine,dopamine,0.7565828755672319,,dopamine,acetylcholine,1,True,True
131539,KCab-m,KCab-m,cb_intrinsic,Kenyon_Cell,,KCab-m_L,"KCab-m,KCab-c,KCab-s",L,L,,acetylcholine,dopamine,0.7314753299672248,,dopamine,acetylcholine,1,True,True
131568,M_vPNml83,M_vPNml83,cb_intrinsic,ALPN,,M_vPNml83_L,M_vPNml83,L,L,,gaba,gaba,0.5382158362140684,,gaba,gaba,-1,True,True
131597,KCg-m,KCg-m,cb_intrinsic,Kenyon_Cell,,KCg-m_L,KCg-m,L,L,,acetylcholine,dopamine,0.7247933447350031,,dopamine,acetylcholine,1,True,True
131607,PAM07,PAM07,cb_intrinsic,DAN,,PAM07(y4<y1y2)_L,PAM07,L,L,,dopamine,dopamine,0.9144739821932345,dopamine,dopamine,dopamine,0,True,True
131620,KCg-m,KCg-m,cb_intrinsic,Kenyon_Cell,,KCg-m_L,KCg-m,L,L,,acetylcholine,dopamine,0.7848090586804319,,dopamine,acetylcholine,1,True,True
131662,KCa'b'-ap2,KCa'b'-ap2,cb_intrinsic,Kenyon_Cell,,KCa'b'-ap2_R,KCa'b'-ap2,R,R,,acetylcholine,dopamine,0.6917404223304253,,dopamine,acetylcholine,1,True,True
131765,KCab-c,KCab-c,cb_intrinsic,Kenyon_Cell,,KCab-c_L,"KCab-m,KCab-c,KCab-s",L,L,,acetylcholine,dopamine,0.7118905608399604,,dopamine,acetylcholine,1,True,True
131797,KCab-s,KCab-s,cb_intrinsic,Kenyon_Cell,,KCab-s_L,"KCab-m,KCab-c,KCab-s",L,L,,acetylcholine,dopamine,0.7768538429522752,,dopamine,acetylcholine,1,True,True
131936,KCab-m,KCab-m,cb_intrinsic,Kenyon_Cell,,KCab-m_L,"KCab-m,KCab-c,KCab-s",L,L,,acetylcholine,dopamine,0.7687490858563697,,dopamine,acetylcholine,1,True,True
131946,KCg-m,KCg-m,cb_intrinsic,Kenyon_Cell,,KCg-m_R,KCg-m,R,R,,acetylcholine,dopamine,0.6961358267088081,,dopamine,acetylcholine,1,True,True
131954,KCg-m,KCg-m,cb_intrinsic,Kenyon_Cell,,KCg-m_L,KCg-m,L,L,,acetylcholine,dopamine,0.7779975004031607,,dopamine,acetylcholine,1,True,True
131964,KCab-s,KCab-s,cb_intrinsic,Kenyon_Cell,,KCab-s_R,"KCab-m,KCab-c,KCab-s",R,R,,acetylcholine,dopamine,0.7824743965663776,,dopamine,acetylcholine,1,True,True
132006,KCa'b'-ap2,KCa'b'-ap2,cb_intrinsic,Kenyon_Cell,,KCa'b'-ap2_L,KCa'b'-ap2,L,L,,acetylcholine,dopamine,0.6875569417504261,,dopamine,acetylcholine,1,True,True
132048,KCab-c,KCab-c,cb_intrinsic,Kenyon_Cell,,KCab-c_R,"KCab-m,KCab-c,KCab-s",R,R,,acetylcholine,dopamine,0.6745854163306994,,dopamine,acetylcholine,1,True,True
132051,KCg-m,KCg-m,cb_intrinsic,Kenyon_Cell,,KCg-m_L,KCg-m,L,L,,acetylcholine,dopamine,0.7860699761127238,,dopamine,acetylcholine,1,True,True
132066,KCab-c,KCab-c,cb_intrinsic,Kenyon_Cell,,KCab-c_L,"KCab-m,KCab-c,KCab-s",L,L,,acetylcholine,dopamine,0.700649668201852,,dopamine,acetylcholine,1,True,True
132117,KCa'b'-m,KCa'b'-m,cb_intrinsic,Kenyon_Cell,,KCa'b'-m_L,KCa'b'-m,L,L,,acetylcholine,dopamine,0.7155494409503843,,dopamine,acetylcholine,1,True,True
132230,KCg-m,KCg-m,cb_intrinsic,Kenyon_Cell,,KCg-m_R,KCg-m,R,R,,acetylcholine,dopamine,0.7789940899812424,,dopamine,acetylcholine,1,True,True
132312,KCg-m,KCg-m,cb_intrinsic,Kenyon_Cell,,KCg-m_R,KCg-m,R,R,,acetylcholine,dopamine,0.7932551036189298,,dopamine,acetylcholine,1,True,True
132410,KCab-m,KCab-m,cb_intrinsic,Kenyon_Cell,,KCab-m_L,"KCab-m,KCab-c,KCab-s",L,L,,acetylcholine,dopamine,0.7651212780929763,,dopamine,acetylcholine,1,True,True
132467,KCg-m,KCg-m,cb_intrinsic,Kenyon_Cell,,KCg-m_L,KCg-m,L,L,,acetylcholine,dopamine,0.7574135627464398,,dopamine,acetylcholine,1,True,True
132513,PAM06,PAM06,cb_intrinsic,DAN,,PAM06(B'2m)_R,PAM06,R,R,,dopamine,dopamine,0.8974500405761817,dopamine,dopamine,dopamine,0,True,True
132539,KCab-s,KCab-s,cb_intrinsic,Kenyon_Cell,,KCab-s_L,"KCab-m,KCab-c,KCab-s",L,L,,acetylcholine,dopamine,0.7628574919258881,,dopamine,acetylcholine,1,True,True
132598,KCg-m,KCg-m,cb_intrinsic,Kenyon_Cell,,KCg-m_L,KCg-m,L,L,,acetylcholine,dopamine,0.7803430357416782,,dopamine,acetylcholine,1,True,True
132622,KCab-p,KCab-p,cb_intrinsic,Kenyon_Cell,,KCab-p_L,KCab-p,L,L,,acetylcholine,dopamine,0.6644931557528672,,dopamine,acetylcholine,1,True,True
132649,KCab-p,KCab-p,cb_intrinsic,Kenyon_Cell,,KCab-p_R,KCab-p,R,R,,acetylcholine,dopamine,0.6364953978920767,,dopamine,acetylcholine,1,True,True
132661,KCa'b'-ap2,KCa'b'-ap2,cb_intrinsic,Kenyon_Cell,,KCa'b'-ap2_L,KCa'b'-ap2,L,L,,acetylcholine,dopamine,0.6788087449827755,,dopamine,acetylcholine,1,True,True
132747,KCg-m,KCg-m,cb_intrinsic,Kenyon_Cell,,KCg-m_L,KCg-m,L,L,,acetylcholine,dopamine,0.763187009751961,,dopamine,acetylcholine,1,True,True
132791,KCab-s,KCab-s,cb_intrinsic,Kenyon_Cell,,KCab-s_R,"KCab-m,KCab-c,KCab-s",R,R,,acetylcholine,dopamine,0.7700036406230214,,dopamine,acetylcholine,1,True,True
132800,KCab-m,KCab-m,cb_intrinsic,Kenyon_Cell,,KCab-m_L,"KCab-m,KCab-c,KCab-s",L,L,,acetylcholine,dopamine,0.7049699929134555,,dopamine,acetylcholine,1,True,True
132804,KCa'b'-ap1,KCa'b'-ap1,cb_intrinsic,Kenyon_Cell,,KCa'b'-ap1_R,KCa'b'-ap1,R,R,,acetylcholine,dopamine,0.6709675477364156,,dopamine,acetylcholine,1,True,True
132857,KCa'b'-ap1,KCa'b'-ap1,cb_intrinsic,Kenyon_Cell,,KCa'b'-ap1_L,KCa'b'-ap1,L,L,,acetylcholine,dopamine,0.7307826694619147,,dopamine,acetylcholine,1,True,True
132887,KCab-s,KCab-s,cb_intrinsic,Kenyon_Cell,,KCab-s_R,"KCab-m,KCab-c,KCab-s",R,R,,acetylcholine,dopamine,0.765218077331916,,dopamine,acetylcholine,1,True,True
132896,KCab-s,KCab-s,cb_intrinsic,Kenyon_Cell,,KCab-s_L,"KCab-m,KCab-c,KCab-s",L,L,,acetylcholine,dopamine,0.7469276222357476,,dopamine,acetylcholine,1,True,True
132900,CB3383,CB3383,cb_intrinsic,ALPN,,CB3383_L,,L,L,,acetylcholine,acetylcholine,0.7141338815175556,acetylcholine,acetylcholine,acetylcholine,1,True,True
132912,KCab-m,KCab-m,cb_intrinsic,Kenyon_Cell,,KCab-m_L,"KCab-m,KCab-c,KCab-s",L,L,,acetylcholine,dopamine,0.6631377049640611,,dopamine,acetylcholine,1,True,True
132978,KCg-m,KCg-m,cb_intrinsic,Kenyon_Cell,,KCg-m_L,KCg-m,L,L,,acetylcholine,dopamine,0.7904782562648679,,dopamine,acetylcholine,1,True,True
133019,PAM08,PAM08,cb_intrinsic,DAN,,PAM08(y4)_R,PAM08,R,R,,dopamine,dopamine,0.9008748354541466,dopamine,dopamine,dopamine,0,True,True
133053,KCg-m,KCg-m,cb_intrinsic,Kenyon_Cell,,KCg-m_R,KCg-m,R,R,,acetylcholine,dopamine,0.7236615266736902,,dopamine,acetylcholine,1,True,True
133066,KCg-m,KCg-m,cb_intrinsic,Kenyon_Cell,,KCg-m_L,KCg-m,L,L,,acetylcholine,dopamine,0.7779491211094984,,dopamine,acetylcholine,1,True,True
133083,KCa'b'-ap2,KCa'b'-ap2,cb_intrinsic,Kenyon_Cell,,KCa'b'-ap2_L,KCa'b'-ap2,L,L,,acetylcholine,dopamine,0.7588687850057887,,dopamine,acetylcholine,1,True,True
133100,KCab-c,KCab-c,cb_intrinsic,Kenyon_Cell,,KCab-c_R,"KCab-m,KCab-c,KCab-s",R,R,,acetylcholine,dopamine,0.708805692088156,,dopamine,acetylcholine,1,True,True
133102,KCab-p,KCab-p,cb_intrinsic,Kenyon_Cell,,KCab-p_L,KCab-p,L,L,,acetylcholine,dopamine,0.6808720509640653,,dopamine,acetylcholine,1,True,True
133165,KCab-c,KCab-c,cb_intrinsic,Kenyon_Cell,,KCab-c_L,"KCab-m,KCab-c,KCab-s",L,L,,acetylcholine,dopamine,0.7533309279076317,,dopamine,acetylcholine,1,True,True
133214,KCg-m,KCg-m,cb_intrinsic,Kenyon_Cell,,KCg-m_R,KCg-m,R,R,,acetylcholine,dopamine,0.7177873723540947,,dopamine,acetylcholine,1,True,True
133249,KCg-m,KCg-m,cb_intrinsic,Kenyon_Cell,,KCg-m_L,KCg-m,L,L,,acetylcholine,dopamine,0.7492045266468056,,dopamine,acetylcholine,1,True,True
133250,KCab-s,KCab-s,cb_intrinsic,Kenyon_Cell,,KCab-s_R,"KCab-m,KCab-c,KCab-s",R,R,,acetylcholine,dopamine,0.7193169448476052,,dopamine,acetylcholine,1,True,True
133256,KCab-s,KCab-s,cb_intrinsic,Kenyon_Cell,,KCab-s_L,"KCab-m,KCab-c,KCab-s",L,L,,acetylcholine,dopamine,0.7843609281381415,,dopamine,acetylcholine,1,True,True
133281,KCab-m,KCab-m,cb_intrinsic,Kenyon_Cell,,KCab-m_L,"KCab-m,KCab-c,KCab-s",L,L,,acetylcholine,dopamine,0.7673242325794494,,dopamine,acetylcholine,1,True,True
133308,KCab-m,KCab-m,cb_intrinsic,Kenyon_Cell,,KCab-m_L,"KCab-m,KCab-c,KCab-s",L,L,,acetylcholine,dopamine,0.7608858287685129,,dopamine,acetylcholine,1,True,True
133316,KCg-m,KCg-m,cb_intrinsic,Kenyon_Cell,,KCg-m_L,KCg-m,L,L,,acetylcholine,dopamine,0.7257703570596652,,dopamine,acetylcholine,1,True,True
133334,KCa'b'-ap2,KCa'b'-ap2,cb_intrinsic,Kenyon_Cell,,KCa'b'-ap2_R,KCa'b'-ap2,R,R,,acetylcholine,dopamine,0.7034483097484276,,dopamine,acetylcholine,1,True,True
133363,KCab-s,KCab-s,cb_intrinsic,Kenyon_Cell,,KCab-s_L,"KCab-m,KCab-c,KCab-s",L,L,,acetylcholine,dopamine,0.7765556097737295,,dopamine,acetylcholine,1,True,True
133427,MBON10,MBON10,cb_intrinsic,MBON,,MBON10(B'1)_R,MBON10,R,R,,gaba,gaba,0.7738093062948245,gaba,gaba,gaba,-1,True,True
133435,KCg-m,KCg-m,cb_intrinsic,Kenyon_Cell,,KCg-m_L,KCg-m,L,L,,acetylcholine,dopamine,0.7606441352999394,,dopamine,acetylcholine,1,True,True
133479,KCg-m,KCg-m,cb_intrinsic,Kenyon_Cell,,KCg-m_L,KCg-m,L,L,,acetylcholine,dopamine,0.7833064616423268,,dopamine,acetylcholine,1,True,True
133500,KCg-m,KCg-m,cb_intrinsic,Kenyon_Cell,,KCg-m_L,KCg-m,L,L,,acetylcholine,dopamine,0.7269059425899048,,dopamine,acetylcholine,1,True,True
133549,KCa'b'-m,KCa'b'-m,cb_intrinsic,Kenyon_Cell,,KCa'b'-m_L,KCa'b'-m,L,L,,acetylcholine,dopamine,0.7334215676435166,,dopamine,acetylcholine,1,True,True
133550,KCg-m,KCg-m,cb_intrinsic,Kenyon_Cell,,KCg-m_L,KCg-m,L,L,,acetylcholine,dopamine,0.7788432841253203,,dopamine,acetylcholine,1,True,True
133564,KCg-m,KCg-m,cb_intrinsic,Kenyon_Cell,,KCg-m_L,KCg-m,L,L,,acetylcholine,dopamine,0.7155722647736471,,dopamine,acetylcholine,1,True,True
133570,KCab-c,KCab-c,cb_intrinsic,Kenyon_Cell,,KCab-c_L,"KCab-m,KCab-c,KCab-s",L,L,,acetylcholine,dopamine,0.7506485849056603,,dopamine,acetylcholine,1,True,True
133583,KCab-m,KCab-m,cb_intrinsic,Kenyon_Cell,,KCab-m_L,"KCab-m,KCab-c,KCab-s",L,L,,acetylcholine,dopamine,0.6935141509433963,,dopamine,acetylcholine,1,True,True
133607,KCg-m,KCg-m,cb_intrinsic,Kenyon_Cell,,KCg-m_L,KCg-m,L,L,,acetylcholine,dopamine,0.7490331306447287,,dopamine,acetylcholine,1,True,True
133630,KCg-m,KCg-m,cb_intrinsic,Kenyon_Cell,,KCg-m_L,KCg-m,L,L,,acetylcholine,dopamine,0.7774259570029027,,dopamine,acetylcholine,1,True,True
133642,KCg-m,KCg-m,cb_intrinsic,Kenyon_Cell,,KCg-m_R,KCg-m,R,R,,acetylcholine,dopamine,0.7557456652818649,,dopamine,acetylcholine,1,True,True
133671,KCg-m,KCg-m,cb_intrinsic,Kenyon_Cell,,KCg-m_R,KCg-m,R,R,,acetylcholine,dopamine,0.716776359116204,,dopamine,acetylcholine,1,True,True
133709,KCab-c,KCab-c,cb_intrinsic,Kenyon_Cell,,KCab-c_L,"KCab-m,KCab-c,KCab-s",L,L,,acetylcholine,dopamine,0.7106625151715767,,dopamine,acetylcholine,1,True,True
133727,KCab-c,KCab-c,cb_intrinsic,Kenyon_Cell,,KCab-c_R,"KCab-m,KCab-c,KCab-s",R,R,,acetylcholine,dopamine,0.7274457912827264,,dopamine,acetylcholine,1,True,True
133806,KCg-m,KCg-m,cb_intrinsic,Kenyon_Cell,,KCg-m_R,KCg-m,R,R,,acetylcholine,dopamine,0.7375780021619497,,dopamine,acetylcholine,1,True,True
133864,KCab-s,KCab-s,cb_intrinsic,Kenyon_Cell,,KCab-s_L,"KCab-m,KCab-c,KCab-s",L,L,,acetylcholine,dopamine,0.8130210311932802,,dopamine,acetylcholine,1,True,True
133873,KCab-m,KCab-m,cb_intrinsic,Kenyon_Cell,,KCab-m_L,"KCab-m,KCab-c,KCab-s",L,L,,acetylcholine,dopamine,0.8003633230288172,,dopamine,acetylcholine,1,True,True
134059,KCg-m,KCg-m,cb_intrinsic,Kenyon_Cell,,KCg-m_L,KCg-m,L,L,,acetylcholine,dopamine,0.7495072505886912,,dopamine,acetylcholine,1,True,True
134161,KCg-m,KCg-m,cb_intrinsic,Kenyon_Cell,,KCg-m_L,KCg-m,L,L,,acetylcholine,dopamine,0.7538571147798743,,dopamine,acetylcholine,1,True,True
134216,KCg-m,KCg-m,cb_intrinsic,Kenyon_Cell,,KCg-m_R,KCg-m,R,R,,acetylcholine,dopamine,0.7014696777136898,,dopamine,acetylcholine,1,True,True
134256,KCg-m,KCg-m,cb_intrinsic,Kenyon_Cell,,KCg-m_L,KCg-m,L,L,,acetylcholine,dopamine,0.7735878102054093,,dopamine,acetylcholine,1,True,True
134265,PAM06,PAM06,cb_intrinsic,DAN,,PAM06(B'2m)_R,PAM06,R,R,,dopamine,dopamine,0.9077236650880753,dopamine,dopamine,dopamine,0,True,True
134271,KCab-c,KCab-c,cb_intrinsic,Kenyon_Cell,,KCab-c_L,"KCab-m,KCab-c,KCab-s",L,L,,acetylcholine,dopamine,0.743362845662374,,dopamine,acetylcholine,1,True,True
134357,KCab-c,KCab-c,cb_intrinsic,Kenyon_Cell,,KCab-c_R,"KCab-m,KCab-c,KCab-s",R,R,,acetylcholine,dopamine,0.7123023142211639,,dopamine,acetylcholine,1,True,True
134359,KCg-m,KCg-m,cb_intrinsic,Kenyon_Cell,,KCg-m_R,KCg-m,R,R,,acetylcholine,dopamine,0.719295833740672,,dopamine,acetylcholine,1,True,True
134430,KCg-m,KCg-m,cb_intrinsic,Kenyon_Cell,,KCg-m_L,KCg-m,L,L,,acetylcholine,dopamine,0.7400539690634029,,dopamine,acetylcholine,1,True,True
134438,KCab-c,KCab-c,cb_intrinsic,Kenyon_Cell,,KCab-c_L,"KCab-m,KCab-c,KCab-s",L,L,,acetylcholine,dopamine,0.6845389076777026,,dopamine,acetylcholine,1,True,True
134523,KCab-c,KCab-c,cb_intrinsic,Kenyon_Cell,,KCab-c_L,"KCab-m,KCab-c,KCab-s",L,L,,acetylcholine,dopamine,0.703624374278013,,dopamine,acetylcholine,1,True,True
134660,KCg-m,KCg-m,cb_intrinsic,Kenyon_Cell,,KCg-m_R,KCg-m,R,R,,acetylcholine,dopamine,0.7734302026900803,,dopamine,acetylcholine,1,True,True
134731,KCa'b'-m,KCa'b'-m,cb_intrinsic,Kenyon_Cell,,KCa'b'-m_L,KCa'b'-m,L,L,,acetylcholine,dopamine,0.714803895877009,,dopamine,acetylcholine,1,True,True
134742,KCg-m,KCg-m,cb_intrinsic,Kenyon_Cell,,KCg-m_L,KCg-m,L,L,,acetylcholine,dopamine,0.7152122641509434,,dopamine,acetylcholine,1,True,True
134769,PAM06,PAM06,cb_intrinsic,DAN,,PAM06(B'2m)_R,PAM06,R,R,,dopamine,dopamine,0.907397156975998,dopamine,dopamine,dopamine,0,True,True
134789,KCab-m,KCab-m,cb_intrinsic,Kenyon_Cell,,KCab-m_L,"KCab-m,KCab-c,KCab-s",L,L,,acetylcholine,dopamine,0.8218824549989157,,dopamine,acetylcholine,1,True,True
134859,KCa'b'-m,KCa'b'-m,cb_intrinsic,Kenyon_Cell,,KCa'b'-m_L,KCa'b'-m,L,L,,acetylcholine,dopamine,0.7122188745101914,,dopamine,acetylcholine,1,True,True
134865,KCg-m,KCg-m,cb_intrinsic,Kenyon_Cell,,KCg-m_L,KCg-m,L,L,,acetylcholine,dopamine,0.786767703237829,,dopamine,acetylcholine,1,True,True
134869,PAM06,PAM06,cb_intrinsic,DAN,,PAM06(B'2m)_L,PAM06,L,L,,dopamine,dopamine,0.9017523791015947,dopamine,dopamine,dopamine,0,True,True
134883,KCg-m,KCg-m,cb_intrinsic,Kenyon_Cell,,KCg-m_R,KCg-m,R,R,,acetylcholine,dopamine,0.7255541010328312,,dopamine,acetylcholine,1,True,True
134891,KCab-c,KCab-c,cb_intrinsic,Kenyon_Cell,,KCab-c_R,"KCab-m,KCab-c,KCab-s",R,R,,acetylcholine,dopamine,0.7288617527772879,,dopamine,acetylcholine,1,True,True
134965,KCg-m,KCg-m,cb_intrinsic,Kenyon_Cell,,KCg-m_L,KCg-m,L,L,,acetylcholine,dopamine,0.7254048491767816,,dopamine,acetylcholine,1,True,True
135013,KCab-m,KCab-m,cb_intrinsic,Kenyon_Cell,,KCab-m_L,"KCab-m,KCab-c,KCab-s",L,L,,acetylcholine,dopamine,0.7352734725965858,,dopamine,acetylcholine,1,True,True
135046,PAM02,PAM02,cb_intrinsic,DAN,,PAM02(B'2a)_L,PAM02,L,L,,dopamine,dopamine,0.9002253880097383,dopamine,dopamine,dopamine,0,True,True
135092,KCa'b'-m,KCa'b'-m,cb_intrinsic,Kenyon_Cell,,KCa'b'-m_R,KCa'b'-m,R,R,,acetylcholine,dopamine,0.6659460167714885,,dopamine,acetylcholine,1,True,True
135158,KCg-m,KCg-m,cb_intrinsic,Kenyon_Cell,,KCg-m_L,KCg-m,L,L,,acetylcholine,dopamine,0.7435141509433962,,dopamine,acetylcholine,1,True,True
135171,PAM12,PAM12,cb_intrinsic,DAN,,PAM12(y3)_R,PAM12,R,R,,dopamine,dopamine,0.9133157419515536,dopamine,dopamine,dopamine,0,True,True
135219,KCg-d,KCg-d,cb_intrinsic,Kenyon_Cell,,KCg-d_L,KCg-d,L,L,,acetylcholine,dopamine,0.7389113223429261,,dopamine,acetylcholine,1,True,True
135238,KCg-m,KCg-m,cb_intrinsic,Kenyon_Cell,,KCg-m_R,KCg-m,R,R,,acetylcholine,dopamine,0.761442270855282,,dopamine,acetylcholine,1,True,True
135241,KCg-d,KCg-d,cb_intrinsic,Kenyon_Cell,,KCg-d_L,KCg-d,L,L,,acetylcholine,dopamine,0.7698076356132075,,dopamine,acetylcholine,1,True,True
135247,KCab-s,KCab-s,cb_intrinsic,Kenyon_Cell,,KCab-s_R,"KCab-m,KCab-c,KCab-s",R,R,,acetylcholine,dopamine,0.748672206377066,,dopamine,acetylcholine,1,True,True
135265,KCab-m,KCab-m,cb_intrinsic,Kenyon_Cell,,KCab-m_R,"KCab-m,KCab-c,KCab-s",R,R,,acetylcholine,dopamine,0.7655651832102817,,dopamine,acetylcholine,1,True,True
135287,PAM05,PAM05,cb_intrinsic,DAN,,PAM05(B'2p)_L,PAM05,L,L,,dopamine,dopamine,0.8945414159076122,dopamine,dopamine,dopamine,0,True,True
135290,PAM15,PAM15,cb_intrinsic,DAN,,PAM15(y5B'2a)_R,PAM15,R,R,,dopamine,dopamine,0.9134062922471051,dopamine,dopamine,dopamine,0,True,True
135354,KCab-p,KCab-p,cb_intrinsic,Kenyon_Cell,,KCab-p_L,KCab-p,L,L,,acetylcholine,dopamine,0.6843937756930536,,dopamine,acetylcholine,1,True,True
135362,KCg-m,KCg-m,cb_intrinsic,Kenyon_Cell,,KCg-m_R,KCg-m,R,R,,acetylcholine,dopamine,0.7407955017080101,,dopamine,acetylcholine,1,True,True
135363,KCg-m,KCg-m,cb_intrinsic,Kenyon_Cell,,KCg-m_L,KCg-m,L,L,,acetylcholine,dopamine,0.7512735046848927,,dopamine,acetylcholine,1,True,True
135421,KCg-d,KCg-d,cb_intrinsic,Kenyon_Cell,,KCg-d_R,KCg-d,R,R,,acetylcholine,dopamine,0.8000045707181512,,dopamine,acetylcholine,1,True,True
135480,KCg-m,KCg-m,cb_intrinsic,Kenyon_Cell,,KCg-m_L,KCg-m,L,L,,acetylcholine,dopamine,0.7241861670355925,,dopamine,acetylcholine,1,True,True
135506,KCg-m,KCg-m,cb_intrinsic,Kenyon_Cell,,KCg-m_L,KCg-m,L,L,,acetylcholine,dopamine,0.7559075821104123,,dopamine,acetylcholine,1,True,True
135567,KCab-m,KCab-m,cb_intrinsic,Kenyon_Cell,,KCab-m_L,"KCab-m,KCab-c,KCab-s",L,L,,acetylcholine,dopamine,0.781828926539169,,dopamine,acetylcholine,1,True,True
135578,PAM08,PAM08,cb_intrinsic,DAN,,PAM08(y4)_L,PAM08,L,L,,dopamine,dopamine,0.9219732704402515,dopamine,dopamine,dopamine,0,True,True
135614,KCab-s,KCab-s,cb_intrinsic,Kenyon_Cell,,KCab-s_R,"KCab-m,KCab-c,KCab-s",R,R,,acetylcholine,dopamine,0.7655115134915804,,dopamine,acetylcholine,1,True,True
135662,KCg-d,KCg-d,cb_intrinsic,Kenyon_Cell,,KCg-d_L,KCg-d,L,L,,acetylcholine,dopamine,0.7607303761490082,,dopamine,acetylcholine,1,True,True
135739,KCg-m,KCg-m,cb_intrinsic,Kenyon_Cell,,KCg-m_R,KCg-m,R,R,,acetylcholine,dopamine,0.7348069105691056,,dopamine,acetylcholine,1,True,True
135773,KCg-m,KCg-m,cb_intrinsic,Kenyon_Cell,,KCg-m_L,KCg-m,L,L,,acetylcholine,dopamine,0.7616411058419937,,dopamine,acetylcholine,1,True,True
135783,KCg-m,KCg-m,cb_intrinsic,Kenyon_Cell,,KCg-m_L,KCg-m,L,L,,acetylcholine,dopamine,0.7526181073570279,,dopamine,acetylcholine,1,True,True
135825,KCg-m,KCg-m,cb_intrinsic,Kenyon_Cell,,KCg-m_L,KCg-m,L,L,,acetylcholine,dopamine,0.7506952633647799,,dopamine,acetylcholine,1,True,True
135847,KCg-m,KCg-m,cb_intrinsic,Kenyon_Cell,,KCg-m_L,KCg-m,L,L,,acetylcholine,dopamine,0.7618447978888152,,dopamine,acetylcholine,1,True,True
135866,KCab-c,KCab-c,cb_intrinsic,Kenyon_Cell,,KCab-c_R,"KCab-m,KCab-c,KCab-s",R,R,,acetylcholine,dopamine,0.737087576120595,,dopamine,acetylcholine,1,True,True
135883,KCg-m,KCg-m,cb_intrinsic,Kenyon_Cell,,KCg-m_L,KCg-m,L,L,,acetylcholine,dopamine,0.7467972289849192,,dopamine,acetylcholine,1,True,True
135897,KCg-d,KCg-d,cb_intrinsic,Kenyon_Cell,,KCg-d_L,KCg-d,L,L,,acetylcholine,dopamine,0.7494075829383886,,dopamine,acetylcholine,1,True,True
135993,KCab-m,KCab-m,cb_intrinsic,Kenyon_Cell,,KCab-m_R,"KCab-m,KCab-c,KCab-s",R,R,,acetylcholine,dopamine,0.7516390767770261,,dopamine,acetylcholine,1,True,True
136024,PAM06,PAM06,cb_intrinsic,DAN,,PAM06(B'2m)_L,PAM06,L,L,,dopamine,dopamine,0.8762745633924474,dopamine,dopamine,dopamine,0,True,True
136044,KCab-m,KCab-m,cb_intrinsic,Kenyon_Cell,,KCab-m_R,"KCab-m,KCab-c,KCab-s",R,R,,acetylcholine,dopamine,0.7468865720331511,,dopamine,acetylcholine,1,True,True
136046,KCg-d,KCg-d,cb_intrinsic,Kenyon_Cell,,KCg-d_L,KCg-d,L,L,,acetylcholine,dopamine,0.7870145022079486,,dopamine,acetylcholine,1,True,True
136048,KCab-p,KCab-p,cb_intrinsic,Kenyon_Cell,,KCab-p_L,KCab-p,L,L,,acetylcholine,dopamine,0.6656596836847947,,dopamine,acetylcholine,1,True,True
136101,KCg-m,KCg-m,cb_intrinsic,Kenyon_Cell,,KCg-m_L,KCg-m,L,L,,acetylcholine,dopamine,0.762959603289792,,dopamine,acetylcholine,1,True,True
136127,KCg-m,KCg-m,cb_intrinsic,Kenyon_Cell,,KCg-m_L,KCg-m,L,L,,acetylcholine,dopamine,0.7911185359888191,,dopamine,acetylcholine,1,True,True
136144,PAM08,PAM08,cb_intrinsic,DAN,,PAM08(y4)_R,PAM08,R,R,,dopamine,dopamine,0.9171475645657702,dopamine,dopamine,dopamine,0,True,True
136147,M_lPNm12,M_lPNm12,cb_intrinsic,ALPN,,M_lPNm12_L,M_lPNm12,L,L,,acetylcholine,acetylcholine,0.8678715830965743,acetylcholine,acetylcholine,acetylcholine,1,True,True
136153,KCab-m,KCab-m,cb_intrinsic,Kenyon_Cell,,KCab-m_L,"KCab-m,KCab-c,KCab-s",L,L,,acetylcholine,dopamine,0.8072707745258259,,dopamine,acetylcholine,1,True,True
136196,KCab-p,KCab-p,cb_intrinsic,Kenyon_Cell,,KCab-p_L,KCab-p,L,L,,acetylcholine,dopamine,0.658641247379455,,dopamine,acetylcholine,1,True,True
136208,KCg-m,KCg-m,cb_intrinsic,Kenyon_Cell,,KCg-m_R,KCg-m,R,R,,acetylcholine,dopamine,0.8120104026280324,,dopamine,acetylcholine,1,True,True
136213,CB3447,CB3447,cb_intrinsic,ALPN,,CB3447_R,"M_vPNml61,M_vPNml62",R,R,,gaba,gaba,0.717362639442972,gaba,gaba,gaba,-1,True,True
136215,PAM06,PAM06,cb_intrinsic,DAN,,PAM06(B'2m)_L,PAM06,L,L,,dopamine,dopamine,0.9117911376867504,dopamine,dopamine,dopamine,0,True,True
136233,KCab-s,KCab-s,cb_intrinsic,Kenyon_Cell,,KCab-s_L,"KCab-m,KCab-c,KCab-s",L,L,,acetylcholine,dopamine,0.7183123689727463,,dopamine,acetylcholine,1,True,True
136240,KCg-m,KCg-m,cb_intrinsic,Kenyon_Cell,,KCg-m_R,KCg-m,R,R,,acetylcholine,dopamine,0.7275491457303332,,dopamine,acetylcholine,1,True,True
136258,KCab-c,KCab-c,cb_intrinsic,Kenyon_Cell,,KCab-c_L,"KCab-m,KCab-c,KCab-s",L,L,,acetylcholine,dopamine,0.7309173363615188,,dopamine,acetylcholine,1,True,True
136310,KCg-m,KCg-m,cb_intrinsic,Kenyon_Cell,,KCg-m_R,KCg-m,R,R,,acetylcholine,dopamine,0.7490497147117942,,dopamine,acetylcholine,1,True,True
136327,KCab-m,KCab-m,cb_intrinsic,Kenyon_Cell,,KCab-m_L,"KCab-m,KCab-c,KCab-s",L,L,,acetylcholine,dopamine,0.7980144870132987,,dopamine,acetylcholine,1,True,True
136345,KCab-m,KCab-m,cb_intrinsic,Kenyon_Cell,,KCab-m_L,"KCab-m,KCab-c,KCab-s",L,L,,acetylcholine,dopamine,0.7718176755765199,,dopamine,acetylcholine,1,True,True
136428,KCab-c,KCab-c,cb_intrinsic,Kenyon_Cell,,KCab-c_L,"KCab-m,KCab-c,KCab-s",L,L,,acetylcholine,dopamine,0.7235218297498903,,dopamine,acetylcholine,1,True,True
136435,KCab-c,KCab-c,cb_intrinsic,Kenyon_Cell,,KCab-c_L,"KCab-m,KCab-c,KCab-s",L,L,,acetylcholine,dopamine,0.7291396422955975,,dopamine,acetylcholine,1,True,True
136459,KCg-m,KCg-m,cb_intrinsic,Kenyon_Cell,,KCg-m_R,KCg-m,R,R,,acetylcholine,dopamine,0.6993699772886094,,dopamine,acetylcholine,1,True,True
136461,KCab-m,KCab-m,cb_intrinsic,Kenyon_Cell,,KCab-m_L,"KCab-m,KCab-c,KCab-s",L,L,,acetylcholine,dopamine,0.7657232704402516,,dopamine,acetylcholine,1,True,True
136525,KCg-m,KCg-m,cb_intrinsic,Kenyon_Cell,,KCg-m_L,KCg-m,L,L,,acetylcholine,dopamine,0.7682551248961671,,dopamine,acetylcholine,1,True,True
136531,KCg-m,KCg-m,cb_intrinsic,Kenyon_Cell,,KCg-m_R,KCg-m,R,R,,acetylcholine,dopamine,0.6985053918612332,,dopamine,acetylcholine,1,True,True
136570,KCg-m,KCg-m,cb_intrinsic,Kenyon_Cell,,KCg-m_R,KCg-m,R,R,,acetylcholine,dopamine,0.7961805555555556,,dopamine,acetylcholine,1,True,True
136581,KCg-m,KCg-m,cb_intrinsic,Kenyon_Cell,,KCg-m_L,KCg-m,L,L,,acetylcholine,dopamine,0.7330132524707996,,dopamine,acetylcholine,1,True,True
136705,KCg-m,KCg-m,cb_intrinsic,Kenyon_Cell,,KCg-m_L,KCg-m,L,L,,acetylcholine,dopamine,0.76883595703569,,dopamine,acetylcholine,1,True,True
136825,KCab-m,KCab-m,cb_intrinsic,Kenyon_Cell,,KCab-m_R,"KCab-m,KCab-c,KCab-s",R,R,,acetylcholine,dopamine,0.7393154811599043,,dopamine,acetylcholine,1,True,True
136873,KCab-c,KCab-c,cb_intrinsic,Kenyon_Cell,,KCab-c_R,"KCab-m,KCab-c,KCab-s",R,R,,acetylcholine,dopamine,0.6783646286889211,,dopamine,acetylcholine,1,True,True
136896,KCg-m,KCg-m,cb_intrinsic,Kenyon_Cell,,KCg-m_L,KCg-m,L,L,,acetylcholine,dopamine,0.6997221451473671,,dopamine,acetylcholine,1,True,True
136912,KCg-d,KCg-d,cb_intrinsic,Kenyon_Cell,,KCg-d_L,KCg-d,L,L,,acetylcholine,dopamine,0.7154842543741989,,dopamine,acetylcholine,1,True,True
136943,KCg-m,KCg-m,cb_intrinsic,Kenyon_Cell,,KCg-m_L,KCg-m,L,L,,acetylcholine,dopamine,0.7562544380198822,,dopamine,acetylcholine,1,True,True
136988,KCg-m,KCg-m,cb_intrinsic,Kenyon_Cell,,KCg-m_L,KCg-m,L,L,,acetylcholine,dopamine,0.6560130278526505,,dopamine,acetylcholine,1,True,True
137008,KCab-c,KCab-c,cb_intrinsic,Kenyon_Cell,,KCab-c_L,"KCab-m,KCab-c,KCab-s",L,L,,acetylcholine,dopamine,0.7206676512078999,,dopamine,acetylcholine,1,True,True
137021,KCa'b'-ap2,KCa'b'-ap2,cb_intrinsic,Kenyon_Cell,,KCa'b'-ap2_L,KCa'b'-ap2,L,L,,acetylcholine,dopamine,0.7602566915313734,,dopamine,acetylcholine,1,True,True
137029,KCab-m,KCab-m,cb_intrinsic,Kenyon_Cell,,KCab-m_R,"KCab-m,KCab-c,KCab-s",R,R,,acetylcholine,dopamine,0.6678870068610634,,dopamine,acetylcholine,1,True,True
137044,KCab-s,KCab-s,cb_intrinsic,Kenyon_Cell,,KCab-s_L,"KCab-m,KCab-c,KCab-s",L,L,,acetylcholine,dopamine,0.8130933781997356,,dopamine,acetylcholine,1,True,True
137061,KCg-m,KCg-m,cb_intrinsic,Kenyon_Cell,,KCg-m_L,KCg-m,L,L,,acetylcholine,dopamine,0.7404937956824749,,dopamine,acetylcholine,1,True,True
137072,KCg-m,KCg-m,cb_intrinsic,Kenyon_Cell,,KCg-m_L,KCg-m,L,L,,acetylcholine,dopamine,0.7949731074551312,,dopamine,acetylcholine,1,True,True
137174,KCg-m,KCg-m,cb_intrinsic,Kenyon_Cell,,KCg-m_L,KCg-m,L,L,,acetylcholine,dopamine,0.7711948105306407,,dopamine,acetylcholine,1,True,True
137233,KCab-c,KCab-c,cb_intrinsic,Kenyon_Cell,,KCab-c_L,"KCab-m,KCab-c,KCab-s",L,L,,acetylcholine,dopamine,0.7075358309143686,,dopamine,acetylcholine,1,True,True
137235,KCab-s,KCab-s,cb_intrinsic,Kenyon_Cell,,KCab-s_R,"KCab-m,KCab-c,KCab-s",R,R,,acetylcholine,dopamine,0.764839553780471,,dopamine,acetylcholine,1,True,True
137257,KCab-p,KCab-p,cb_intrinsic,Kenyon_Cell,,KCab-p_L,KCab-p,L,L,,acetylcholine,dopamine,0.6854213665572874,,dopamine,acetylcholine,1,True,True
137283,KCg-d,KCg-d,cb_intrinsic,Kenyon_Cell,,KCg-d_L,KCg-d,L,L,,acetylcholine,dopamine,0.7624270289709622,,dopamine,acetylcholine,1,True,True
137302,KCg-d,KCg-d,cb_intrinsic,Kenyon_Cell,,KCg-d_L,KCg-d,L,L,,acetylcholine,dopamine,0.7728608076795762,,dopamine,acetylcholine,1,True,True
137321,PAM04,PAM04,cb_intrinsic,DAN,,PAM04(B2)_L,PAM04,L,L,,dopamine,dopamine,0.8849120593827702,dopamine,dopamine,dopamine,0,True,True
137373,PAM06,PAM06,cb_intrinsic,DAN,,PAM06(B'2m)_L,PAM06,L,L,,dopamine,dopamine,0.9140844087778051,dopamine,dopamine,dopamine,0,True,True
137438,KCg-m,KCg-m,cb_intrinsic,Kenyon_Cell,,KCg-m_L,KCg-m,L,L,,acetylcholine,dopamine,0.7593400733084966,,dopamine,acetylcholine,1,True,True
137484,KCg-m,KCg-m,cb_intrinsic,Kenyon_Cell,,KCg-m_L,KCg-m,L,L,,acetylcholine,dopamine,0.7803893186086024,,dopamine,acetylcholine,1,True,True
137539,PAM11,PAM11,cb_intrinsic,DAN,,PAM11(a1)_R,PAM11,R,R,,dopamine,dopamine,0.8199587264150944,dopamine,dopamine,dopamine,0,True,True
137541,KCa'b'-ap2,KCa'b'-ap2,cb_intrinsic,Kenyon_Cell,,KCa'b'-ap2_R,KCa'b'-ap2,R,R,,acetylcholine,dopamine,0.7130867464335021,,dopamine,acetylcholine,1,True,True
137546,KCg-m,KCg-m,cb_intrinsic,Kenyon_Cell,,KCg-m_L,KCg-m,L,L,,acetylcholine,dopamine,0.7840766553600453,,dopamine,acetylcholine,1,True,True
137595,PAM07,PAM07,cb_intrinsic,DAN,,PAM07(y4<y1y2)_R,PAM07,R,R,,dopamine,dopamine,0.9185307098994702,dopamine,dopamine,dopamine,0,True,True
137668,CB2589,CB2589,cb_intrinsic,ALPN,,CB2589_R,"M_vPNml78,M_vPNml89",R,R,,gaba,gaba,0.8578139887781576,gaba,gaba,gaba,-1,True,True
137734,KCab-c,KCab-c,cb_intrinsic,Kenyon_Cell,,KCab-c_L,"KCab-m,KCab-c,KCab-s",L,L,,acetylcholine,dopamine,0.7258561812106917,,dopamine,acetylcholine,1,True,True
137789,KCg-m,KCg-m,cb_intrinsic,Kenyon_Cell,,KCg-m_L,KCg-m,L,L,,acetylcholine,dopamine,0.7570122567950274,,dopamine,acetylcholine,1,True,True
137837,KCab-p,KCab-p,cb_intrinsic,Kenyon_Cell,,KCab-p_L,KCab-p,L,L,,acetylcholine,dopamine,0.7771986238085975,,dopamine,acetylcholine,1,True,True
137866,KCab-s,KCab-s,cb_intrinsic,Kenyon_Cell,,KCab-s_L,"KCab-m,KCab-c,KCab-s",L,L,,acetylcholine,dopamine,0.7029724222111884,,dopamine,acetylcholine,1,True,True
137890,KCg-m,KCg-m,cb_intrinsic,Kenyon_Cell,,KCg-m_L,KCg-m,L,L,,acetylcholine,dopamine,0.7949473057963624,,dopamine,acetylcholine,1,True,True
137952,KCg-d,KCg-d,cb_intrinsic,Kenyon_Cell,,KCg-d_L,KCg-d,L,L,,acetylcholine,dopamine,0.7743736552466071,,dopamine,acetylcholine,1,True,True
137977,KCab-p,KCab-p,cb_intrinsic,Kenyon_Cell,,KCab-p_L,KCab-p,L,L,,acetylcholine,dopamine,0.6689134618689212,,dopamine,acetylcholine,1,True,True
137995,KCa'b'-m,KCa'b'-m,cb_intrinsic,Kenyon_Cell,,KCa'b'-m_L,KCa'b'-m,L,L,,acetylcholine,dopamine,0.672096224924737,,dopamine,acetylcholine,1,True,True
138053,KCg-m,KCg-m,cb_intrinsic,Kenyon_Cell,,KCg-m_L,KCg-m,L,L,,acetylcholine,dopamine,0.6948375262054508,,dopamine,acetylcholine,1,True,True
138162,KCab-c,KCab-c,cb_intrinsic,Kenyon_Cell,,KCab-c_L,"KCab-m,KCab-c,KCab-s",L,L,,acetylcholine,dopamine,0.7579505465708296,,dopamine,acetylcholine,1,True,True
138186,KCg-d,KCg-d,cb_intrinsic,Kenyon_Cell,,KCg-d_L,KCg-d,L,L,,acetylcholine,dopamine,0.780445873064178,,dopamine,acetylcholine,1,True,True
138198,KCg-d,KCg-d,cb_intrinsic,Kenyon_Cell,,KCg-d_L,KCg-d,L,L,,acetylcholine,dopamine,0.7960938502759595,,dopamine,acetylcholine,1,True,True
138210,KCa'b'-ap2,KCa'b'-ap2,cb_intrinsic,Kenyon_Cell,,KCa'b'-ap2_L,KCa'b'-ap2,L,L,,acetylcholine,dopamine,0.7423949881057125,,dopamine,acetylcholine,1,True,True
138335,KCg-m,KCg-m,cb_intrinsic,Kenyon_Cell,,KCg-m_R,KCg-m,R,R,,acetylcholine,dopamine,0.7269013342058386,,dopamine,acetylcholine,1,True,True
138352,KCg-m,KCg-m,cb_intrinsic,Kenyon_Cell,,KCg-m_R,KCg-m,R,R,,acetylcholine,dopamine,0.7699848308536281,,dopamine,acetylcholine,1,True,True
138353,KCg-m,KCg-m,cb_intrinsic,Kenyon_Cell,,KCg-m_R,KCg-m,R,R,,acetylcholine,dopamine,0.7951019630264913,,dopamine,acetylcholine,1,True,True
138378,KCg-m,KCg-m,cb_intrinsic,Kenyon_Cell,,KCg-m_L,KCg-m,L,L,,acetylcholine,dopamine,0.7650619922693921,,dopamine,acetylcholine,1,True,True
138404,KCab-s,KCab-s,cb_intrinsic,Kenyon_Cell,,KCab-s_L,"KCab-m,KCab-c,KCab-s",L,L,,acetylcholine,dopamine,0.79462407572667,,dopamine,acetylcholine,1,True,True
138408,KCg-m,KCg-m,cb_intrinsic,Kenyon_Cell,,KCg-m_R,KCg-m,R,R,,acetylcholine,dopamine,0.7372595264520903,,dopamine,acetylcholine,1,True,True
138439,KCg-m,KCg-m,cb_intrinsic,Kenyon_Cell,,KCg-m_L,KCg-m,L,L,,acetylcholine,dopamine,0.7559320405310972,,dopamine,acetylcholine,1,True,True
138447,KCg-m,KCg-m,cb_intrinsic,Kenyon_Cell,,KCg-m_L,KCg-m,L,L,,acetylcholine,dopamine,0.7137239997726756,,dopamine,acetylcholine,1,True,True
138451,KCg-m,KCg-m,cb_intrinsic,Kenyon_Cell,,KCg-m_L,KCg-m,L,L,,acetylcholine,dopamine,0.7580663653039833,,dopamine,acetylcholine,1,True,True
138453,KCab-m,KCab-m,cb_intrinsic,Kenyon_Cell,,KCab-m_L,"KCab-m,KCab-c,KCab-s",L,L,,acetylcholine,dopamine,0.7815059273336048,,dopamine,acetylcholine,1,True,True
138480,KCab-c,KCab-c,cb_intrinsic,Kenyon_Cell,,KCab-c_L,"KCab-m,KCab-c,KCab-s",L,L,,acetylcholine,dopamine,0.6998125302370585,,dopamine,acetylcholine,1,True,True
138549,KCab-s,KCab-s,cb_intrinsic,Kenyon_Cell,,KCab-s_L,"KCab-m,KCab-c,KCab-s",L,L,,acetylcholine,dopamine,0.7949754770583191,,dopamine,acetylcholine,1,True,True
138563,KCab-s,KCab-s,cb_intrinsic,Kenyon_Cell,,KCab-s_L,"KCab-m,KCab-c,KCab-s",L,L,,acetylcholine,dopamine,0.7965164105127245,,dopamine,acetylcholine,1,True,True
138564,KCg-m,KCg-m,cb_intrinsic,Kenyon_Cell,,KCg-m_L,KCg-m,L,L,,acetylcholine,dopamine,0.752397978231527,,dopamine,acetylcholine,1,True,True
138573,KCg-m,KCg-m,cb_intrinsic,Kenyon_Cell,,KCg-m_R,KCg-m,R,R,,acetylcholine,dopamine,0.7216998075254825,,dopamine,acetylcholine,1,True,True
138585,PAM12,PAM12,cb_intrinsic,DAN,,PAM12(y3)_L,PAM12,L,L,,dopamine,dopamine,0.9012596899224806,dopamine,dopamine,dopamine,0,True,True
138629,PAM01,PAM01,cb_intrinsic,DAN,,PAM01(y5)_L,PAM01,L,L,,dopamine,dopamine,0.9042662473794549,dopamine,dopamine,dopamine,0,True,True
138634,KCg-m,KCg-m,cb_intrinsic,Kenyon_Cell,,KCg-m_L,KCg-m,L,L,,acetylcholine,dopamine,0.7381832049506665,,dopamine,acetylcholine,1,True,True
138810,KCg-m,KCg-m,cb_intrinsic,Kenyon_Cell,,KCg-m_L,KCg-m,L,L,,acetylcholine,dopamine,0.6905658382019603,,dopamine,acetylcholine,1,True,True
138822,PAM11,PAM11,cb_intrinsic,DAN,,PAM11(a1)_L,PAM11,L,L,,dopamine,dopamine,0.8629769392033543,dopamine,dopamine,dopamine,0,True,True
138826,KCab-s,KCab-s,cb_intrinsic,Kenyon_Cell,,KCab-s_R,"KCab-m,KCab-c,KCab-s",R,R,,acetylcholine,dopamine,0.7843179552078541,,dopamine,acetylcholine,1,True,True
138865,CB2711,CB2711,cb_intrinsic,ALPN,,CB2711_R,,R,R,,gaba,gaba,0.8006063520468062,gaba,gaba,gaba,-1,True,True
138875,KCab-m,KCab-m,cb_intrinsic,Kenyon_Cell,,KCab-m_L,"KCab-m,KCab-c,KCab-s",L,L,,acetylcholine,dopamine,0.6995611058323153,,dopamine,acetylcholine,1,True,True
138912,KCab-s,KCab-s,cb_intrinsic,Kenyon_Cell,,KCab-s_L,"KCab-m,KCab-c,KCab-s",L,L,,acetylcholine,dopamine,0.7943173125956146,,dopamine,acetylcholine,1,True,True
138929,KCab-c,KCab-c,cb_intrinsic,Kenyon_Cell,,KCab-c_R,"KCab-m,KCab-c,KCab-s",R,R,,acetylcholine,dopamine,0.670244486511089,,dopamine,acetylcholine,1,True,True
138935,KCg-m,KCg-m,cb_intrinsic,Kenyon_Cell,,KCg-m_L,KCg-m,L,L,,acetylcholine,dopamine,0.7249476520924045,,dopamine,acetylcholine,1,True,True
138968,KCg-m,KCg-m,cb_intrinsic,Kenyon_Cell,,KCg-m_L,KCg-m,L,L,,acetylcholine,dopamine,0.799054514933309,,dopamine,acetylcholine,1,True,True
139008,KCg-m,KCg-m,cb_intrinsic,Kenyon_Cell,,KCg-m_R,KCg-m,R,R,,acetylcholine,dopamine,0.7221169105977783,,dopamine,acetylcholine,1,True,True
139032,KCab-p,KCab-p,cb_intrinsic,Kenyon_Cell,,KCab-p_L,KCab-p,L,L,,acetylcholine,dopamine,0.6516993226898887,,dopamine,acetylcholine,1,True,True
139039,KCg-m,KCg-m,cb_intrinsic,Kenyon_Cell,,KCg-m_L,KCg-m,L,L,,acetylcholine,dopamine,0.7916850621185364,,dopamine,acetylcholine,1,True,True
139053,KCg-m,KCg-m,cb_intrinsic,Kenyon_Cell,,KCg-m_R,KCg-m,R,R,,acetylcholine,dopamine,0.6321232495917162,,dopamine,acetylcholine,1,True,True
139093,KCg-m,KCg-m,cb_intrinsic,Kenyon_Cell,,KCg-m_L,KCg-m,L,L,,acetylcholine,dopamine,0.7354789845068261,,dopamine,acetylcholine,1,True,True
139182,KCg-m,KCg-m,cb_intrinsic,Kenyon_Cell,,KCg-m_R,KCg-m,R,R,,acetylcholine,dopamine,0.7476635926789627,,dopamine,acetylcholine,1,True,True
139199,KCab-c,KCab-c,cb_intrinsic,Kenyon_Cell,,KCab-c_L,"KCab-m,KCab-c,KCab-s",L,L,,acetylcholine,dopamine,0.6902291597704955,,dopamine,acetylcholine,1,True,True
139212,KCab-c,KCab-c,cb_intrinsic,Kenyon_Cell,,KCab-c_L,"KCab-m,KCab-c,KCab-s",L,L,,acetylcholine,dopamine,0.7436484214459181,,dopamine,acetylcholine,1,True,True
139252,KCab-s,KCab-s,cb_intrinsic,Kenyon_Cell,,KCab-s_R,"KCab-m,KCab-c,KCab-s",R,R,,acetylcholine,dopamine,0.8019095139419057,,dopamine,acetylcholine,1,True,True
139280,PAM12,PAM12,cb_intrinsic,DAN,,PAM12(y3)_R,PAM12,R,R,,dopamine,dopamine,0.9219732704402516,dopamine,dopamine,dopamine,0,True,True
139378,PAM12,PAM12,cb_intrinsic,DAN,,PAM12(y3)_R,PAM12,R,R,,dopamine,dopamine,0.8792999816977803,dopamine,dopamine,dopamine,0,True,True
139389,KCa'b'-m,KCa'b'-m,cb_intrinsic,Kenyon_Cell,,KCa'b'-m_R,KCa'b'-m,R,R,,acetylcholine,dopamine,0.7510205411495645,,dopamine,acetylcholine,1,True,True
139498,KCa'b'-m,KCa'b'-m,cb_intrinsic,Kenyon_Cell,,KCa'b'-m_L,KCa'b'-m,L,L,,acetylcholine,dopamine,0.6941300448784804,,dopamine,acetylcholine,1,True,True
139508,KCg-m,KCg-m,cb_intrinsic,Kenyon_Cell,,KCg-m_L,KCg-m,L,L,,acetylcholine,dopamine,0.8024557265806025,,dopamine,acetylcholine,1,True,True
139510,KCg-m,KCg-m,cb_intrinsic,Kenyon_Cell,,KCg-m_R,KCg-m,R,R,,acetylcholine,dopamine,0.7178294666923373,,dopamine,acetylcholine,1,True,True
139584,KCa'b'-m,KCa'b'-m,cb_intrinsic,Kenyon_Cell,,KCa'b'-m_L,KCa'b'-m,L,L,,acetylcholine,dopamine,0.7211002584872732,,dopamine,acetylcholine,1,True,True
139589,KCg-m,KCg-m,cb_intrinsic,Kenyon_Cell,,KCg-m_L,KCg-m,L,L,,acetylcholine,dopamine,0.7893098631468135,,dopamine,acetylcholine,1,True,True
139591,KCg-d,KCg-d,cb_intrinsic,Kenyon_Cell,,KCg-d_L,KCg-d,L,L,,acetylcholine,dopamine,0.7333418874441945,,dopamine,acetylcholine,1,True,True
139636,KCab-c,KCab-c,cb_intrinsic,Kenyon_Cell,,KCab-c_L,"KCab-m,KCab-c,KCab-s",L,L,,acetylcholine,dopamine,0.7255334681042228,,dopamine,acetylcholine,1,True,True
139642,KCg-m,KCg-m,cb_intrinsic,Kenyon_Cell,,KCg-m_R,KCg-m,R,R,,acetylcholine,dopamine,0.6896080313908832,,dopamine,acetylcholine,1,True,True
139662,KCab-m,KCab-m,cb_intrinsic,Kenyon_Cell,,KCab-m_L,"KCab-m,KCab-c,KCab-s",L,L,,acetylcholine,dopamine,0.7916581214109926,,dopamine,acetylcholine,1,True,True
139663,KCa'b'-ap2,KCa'b'-ap2,cb_intrinsic,Kenyon_Cell,,KCa'b'-ap2_L,KCa'b'-ap2,L,L,,acetylcholine,dopamine,0.6993525069881202,,dopamine,acetylcholine,1,True,True
139685,KCg-m,KCg-m,cb_intrinsic,Kenyon_Cell,,KCg-m_L,KCg-m,L,L,,acetylcholine,dopamine,0.7495292845911949,,dopamine,acetylcholine,1,True,True
139706,PAM11,PAM11,cb_intrinsic,DAN,,PAM11(a1)_R,PAM11,R,R,,dopamine,dopamine,0.8063902895250488,dopamine,dopamine,dopamine,0,True,True
139742,KCg-m,KCg-m,cb_intrinsic,Kenyon_Cell,,KCg-m_R,KCg-m,R,R,,acetylcholine,dopamine,0.7432559501788137,,dopamine,acetylcholine,1,True,True
139814,VM6_lvPN,VM6_lvPN,cb_intrinsic,ALPN,BI,VM6_lvPN_L,,L,L,,acetylcholine,acetylcholine,0.9156346664578104,acetylcholine,acetylcholine,acetylcholine,1,True,True
139887,KCab-m,KCab-m,cb_intrinsic,Kenyon_Cell,,KCab-m_L,"KCab-m,KCab-c,KCab-s",L,L,,acetylcholine,dopamine,0.7781079491024199,,dopamine,acetylcholine,1,True,True
139894,KCab-m,KCab-m,cb_intrinsic,Kenyon_Cell,,KCab-m_L,"KCab-m,KCab-c,KCab-s",L,L,,acetylcholine,dopamine,0.8370534591194969,,dopamine,acetylcholine,1,True,True
139919,KCab-m,KCab-m,cb_intrinsic,Kenyon_Cell,,KCab-m_L,"KCab-m,KCab-c,KCab-s",L,L,,acetylcholine,dopamine,0.7751000825192916,,dopamine,acetylcholine,1,True,True
139943,KCg-m,KCg-m,cb_intrinsic,Kenyon_Cell,,KCg-m_L,KCg-m,L,L,,acetylcholine,dopamine,0.7541999274310596,,dopamine,acetylcholine,1,True,True
139952,KCg-m,KCg-m,cb_intrinsic,Kenyon_Cell,,KCg-m_R,KCg-m,R,R,,acetylcholine,dopamine,0.7267455421936554,,dopamine,acetylcholine,1,True,True
139970,KCg-m,KCg-m,cb_intrinsic,Kenyon_Cell,,KCg-m_L,KCg-m,L,L,,acetylcholine,dopamine,0.7731624894395944,,dopamine,acetylcholine,1,True,True
139976,KCab-p,KCab-p,cb_intrinsic,Kenyon_Cell,,KCab-p_L,KCab-p,L,L,,acetylcholine,dopamine,0.6084670800205688,,dopamine,acetylcholine,1,True,True
139988,KCg-m,KCg-m,cb_intrinsic,Kenyon_Cell,,KCg-m_L,KCg-m,L,L,,acetylcholine,dopamine,0.7658711187602697,,dopamine,acetylcholine,1,True,True
140052,KCa'b'-ap1,KCa'b'-ap1,cb_intrinsic,Kenyon_Cell,,KCa'b'-ap1_L,KCa'b'-ap1,L,L,,acetylcholine,dopamine,0.7146638378511989,,dopamine,acetylcholine,1,True,True
140108,CB2703,CB2703,cb_intrinsic,ALPN,,CB2703_R,,R,R,,gaba,gaba,0.7586211431447689,gaba,gaba,gaba,-1,True,True
140175,KCg-d,KCg-d,cb_intrinsic,Kenyon_Cell,,KCg-d_L,KCg-d,L,L,,acetylcholine,dopamine,0.7240859719511313,,dopamine,acetylcholine,1,True,True
140180,KCg-m,KCg-m,cb_intrinsic,Kenyon_Cell,,KCg-m_L,KCg-m,L,L,,acetylcholine,dopamine,0.7225047947335683,,dopamine,acetylcholine,1,True,True
140182,KCg-m,KCg-m,cb_intrinsic,Kenyon_Cell,,KCg-m_R,KCg-m,R,R,,acetylcholine,dopamine,0.7145666324502231,,dopamine,acetylcholine,1,True,True
140271,PAM06,PAM06,cb_intrinsic,DAN,,PAM06(B'2m)_R,PAM06,R,R,,dopamine,dopamine,0.9151947938504542,dopamine,dopamine,dopamine,0,True,True
140365,KCg-m,KCg-m,cb_intrinsic,Kenyon_Cell,,KCg-m_L,KCg-m,L,L,,acetylcholine,dopamine,0.7923467605071378,,dopamine,acetylcholine,1,True,True
140368,KCab-m,KCab-m,cb_intrinsic,Kenyon_Cell,,KCab-m_L,"KCab-m,KCab-c,KCab-s",L,L,,acetylcholine,dopamine,0.8127641409285743,,dopamine,acetylcholine,1,True,True
140457,KCab-s,KCab-s,cb_intrinsic,Kenyon_Cell,,KCab-s_L,"KCab-m,KCab-c,KCab-s",L,L,,acetylcholine,dopamine,0.7399255855562785,,dopamine,acetylcholine,1,True,True
140461,KCg-m,KCg-m,cb_intrinsic,Kenyon_Cell,,KCg-m_L,KCg-m,L,L,,acetylcholine,dopamine,0.8132682961692396,,dopamine,acetylcholine,1,True,True
140582,KCa'b'-m,KCa'b'-m,cb_intrinsic,Kenyon_Cell,,KCa'b'-m_L,KCa'b'-m,L,L,,acetylcholine,dopamine,0.6876564694388471,,dopamine,acetylcholine,1,True,True
140589,KCg-m,KCg-m,cb_intrinsic,Kenyon_Cell,,KCg-m_R,KCg-m,R,R,,acetylcholine,dopamine,0.7345833333333334,,dopamine,acetylcholine,1,True,True
140636,KCg-m,KCg-m,cb_intrinsic,Kenyon_Cell,,KCg-m_R,KCg-m,R,R,,acetylcholine,dopamine,0.7362671526586622,,dopamine,acetylcholine,1,True,True
140651,KCab-c,KCab-c,cb_intrinsic,Kenyon_Cell,,KCab-c_L,"KCab-m,KCab-c,KCab-s",L,L,,acetylcholine,dopamine,0.7033465902084105,,dopamine,acetylcholine,1,True,True
140661,KCg-m,KCg-m,cb_intrinsic,Kenyon_Cell,,KCg-m_L,KCg-m,L,L,,acetylcholine,dopamine,0.707322251370531,,dopamine,acetylcholine,1,True,True
140726,KCg-m,KCg-m,cb_intrinsic,Kenyon_Cell,,KCg-m_L,KCg-m,L,L,,acetylcholine,dopamine,0.7584353528192823,,dopamine,acetylcholine,1,True,True
140730,KCab-s,KCab-s,cb_intrinsic,Kenyon_Cell,,KCab-s_L,"KCab-m,KCab-c,KCab-s",L,L,,acetylcholine,dopamine,0.7583395869068039,,dopamine,acetylcholine,1,True,True
140737,KCg-m,KCg-m,cb_intrinsic,Kenyon_Cell,,KCg-m_L,KCg-m,L,L,,acetylcholine,dopamine,0.7956609820996613,,dopamine,acetylcholine,1,True,True
140776,M_vPNml84,M_vPNml84,cb_intrinsic,ALPN,,M_vPNml84_L,M_vPNml84,L,L,,gaba,gaba,0.8187543422526131,gaba,gaba,gaba,-1,True,True
140795,KCg-m,KCg-m,cb_intrinsic,Kenyon_Cell,,KCg-m_L,KCg-m,L,L,,acetylcholine,dopamine,0.7339615450989415,,dopamine,acetylcholine,1,True,True
140834,KCab-s,KCab-s,cb_intrinsic,Kenyon_Cell,,KCab-s_R,,R,R,,acetylcholine,dopamine,0.622945569737329,,dopamine,acetylcholine,1,True,True
140867,KCg-m,KCg-m,cb_intrinsic,Kenyon_Cell,,KCg-m_L,KCg-m,L,L,,acetylcholine,dopamine,0.7355813360530341,,dopamine,acetylcholine,1,True,True
140883,KCg-m,KCg-m,cb_intrinsic,Kenyon_Cell,,KCg-m_L,KCg-m,L,L,,acetylcholine,dopamine,0.7595171913104865,,dopamine,acetylcholine,1,True,True
140943,KCg-m,KCg-m,cb_intrinsic,Kenyon_Cell,,KCg-m_L,KCg-m,L,L,,acetylcholine,dopamine,0.7556647239356555,,dopamine,acetylcholine,1,True,True
140961,KCab-m,KCab-m,cb_intrinsic,Kenyon_Cell,,KCab-m_L,"KCab-m,KCab-c,KCab-s",L,L,,acetylcholine,dopamine,0.7624112647113768,,dopamine,acetylcholine,1,True,True
140995,KCg-m,KCg-m,cb_intrinsic,Kenyon_Cell,,KCg-m_L,KCg-m,L,L,,acetylcholine,dopamine,0.7647858424709407,,dopamine,acetylcholine,1,True,True
141007,KCab-p,KCab-p,cb_intrinsic,Kenyon_Cell,,KCab-p_L,KCab-p,L,L,,acetylcholine,dopamine,0.6680499639466411,,dopamine,acetylcholine,1,True,True
141046,KCg-m,KCg-m,cb_intrinsic,Kenyon_Cell,,KCg-m_L,KCg-m,L,L,,acetylcholine,dopamine,0.7805895853825747,,dopamine,acetylcholine,1,True,True
141131,KCab-c,KCab-c,cb_intrinsic,Kenyon_Cell,,KCab-c_L,"KCab-m,KCab-c,KCab-s",L,L,,acetylcholine,dopamine,0.7983544659858058,,dopamine,acetylcholine,1,True,True
141163,KCab-p,KCab-p,cb_intrinsic,Kenyon_Cell,,KCab-p_L,KCab-p,L,L,,acetylcholine,dopamine,0.7624188611979954,,dopamine,acetylcholine,1,True,True
141219,KCab-c,KCab-c,cb_intrinsic,Kenyon_Cell,,KCab-c_L,"KCab-m,KCab-c,KCab-s",L,L,,acetylcholine,dopamine,0.7308809399021663,,dopamine,acetylcholine,1,True,True
141246,PAM02,PAM02,cb_intrinsic,DAN,,PAM02(B'2a)_L,PAM02,L,L,,dopamine,dopamine,0.9074116684563073,dopamine,dopamine,dopamine,0,True,True
141249,KCg-m,KCg-m,cb_intrinsic,Kenyon_Cell,,KCg-m_L,KCg-m,L,L,,acetylcholine,dopamine,0.7147627498598916,,dopamine,acetylcholine,1,True,True
141274,KCab-s,KCab-s,cb_intrinsic,Kenyon_Cell,,KCab-s_L,"KCab-m,KCab-c,KCab-s",L,L,,acetylcholine,dopamine,0.78000340081973,,dopamine,acetylcholine,1,True,True
141289,KCab-c,KCab-c,cb_intrinsic,Kenyon_Cell,,KCab-c_R,"KCab-m,KCab-c,KCab-s",R,R,,acetylcholine,dopamine,0.7739581530205989,,dopamine,acetylcholine,1,True,True
141299,KCg-m,KCg-m,cb_intrinsic,Kenyon_Cell,,KCg-m_L,KCg-m,L,L,,acetylcholine,dopamine,0.7795986712294981,,dopamine,acetylcholine,1,True,True
141343,KCg-m,KCg-m,cb_intrinsic,Kenyon_Cell,,KCg-m_L,KCg-m,L,L,,acetylcholine,dopamine,0.7781214723431704,,dopamine,acetylcholine,1,True,True
141510,PAM15,PAM15,cb_intrinsic,DAN,,PAM15(y5B'2a)_R,PAM15,R,R,,dopamine,dopamine,0.9140845261331598,dopamine,dopamine,dopamine,0,True,True
141559,KCab-p,KCab-p,cb_intrinsic,Kenyon_Cell,,KCab-p_L,KCab-p,L,L,,acetylcholine,dopamine,0.6270293087957369,,dopamine,acetylcholine,1,True,True
141602,KCg-m,KCg-m,cb_intrinsic,Kenyon_Cell,,KCg-m_L,KCg-m,L,L,,acetylcholine,dopamine,0.7381467527449099,,dopamine,acetylcholine,1,True,True
141615,PAM01,PAM01,cb_intrinsic,DAN,,PAM01(y5)_R,PAM01,R,R,,dopamine,dopamine,0.9162952809768847,dopamine,dopamine,dopamine,0,True,True
141659,KCg-m,KCg-m,cb_intrinsic,Kenyon_Cell,,KCg-m_L,KCg-m,L,L,,acetylcholine,dopamine,0.7688767084782685,,dopamine,acetylcholine,1,True,True
141662,KCab-c,KCab-c,cb_intrinsic,Kenyon_Cell,,KCab-c_L,"KCab-m,KCab-c,KCab-s",L,L,,acetylcholine,dopamine,0.7676525337959951,,dopamine,acetylcholine,1,True,True
141709,KCg-m,KCg-m,cb_intrinsic,Kenyon_Cell,,KCg-m_L,KCg-m,L,L,,acetylcholine,dopamine,0.7712848979904894,,dopamine,acetylcholine,1,True,True
141772,KCg-m,KCg-m,cb_intrinsic,Kenyon_Cell,,KCg-m_L,KCg-m,L,L,,acetylcholine,dopamine,0.7620327729589556,,dopamine,acetylcholine,1,True,True
141809,KCab-m,KCab-m,cb_intrinsic,Kenyon_Cell,,KCab-m_L,"KCab-m,KCab-c,KCab-s",L,L,,acetylcholine,dopamine,0.7173788656916379,,dopamine,acetylcholine,1,True,True
141840,KCg-m,KCg-m,cb_intrinsic,Kenyon_Cell,,KCg-m_L,KCg-m,L,L,,acetylcholine,dopamine,0.6778529344215957,,dopamine,acetylcholine,1,True,True
141914,KCab-m,KCab-m,cb_intrinsic,Kenyon_Cell,,KCab-m_L,"KCab-m,KCab-c,KCab-s",L,L,,acetylcholine,dopamine,0.7821525761973874,,dopamine,acetylcholine,1,True,True
141950,KCab-c,KCab-c,cb_intrinsic,Kenyon_Cell,,KCab-c_R,"KCab-m,KCab-c,KCab-s",R,R,,acetylcholine,dopamine,0.7773507938602278,,dopamine,acetylcholine,1,True,True
142029,KCab-c,KCab-c,cb_intrinsic,Kenyon_Cell,,KCab-c_L,"KCab-m,KCab-c,KCab-s",L,L,,acetylcholine,dopamine,0.7303523559129806,,dopamine,acetylcholine,1,True,True
142052,M_VPNml66,M_VPNml66,cb_intrinsic,ALPN,,M_VPNml66_R,M_VPNml66,R,R,,gaba,gaba,0.8396194409916127,,gaba,gaba,-1,True,True
142069,KCg-d,KCg-d,cb_intrinsic,Kenyon_Cell,,KCg-d_L,KCg-d,L,L,,acetylcholine,dopamine,0.7556823117550993,,dopamine,acetylcholine,1,True,True
142083,KCg-m,KCg-m,cb_intrinsic,Kenyon_Cell,,KCg-m_L,KCg-m,L,L,,acetylcholine,dopamine,0.7197665622852915,,dopamine,acetylcholine,1,True,True
142189,KCg-m,KCg-m,cb_intrinsic,Kenyon_Cell,,KCg-m_R,KCg-m,R,R,,acetylcholine,dopamine,0.7355505016471997,,dopamine,acetylcholine,1,True,True
142203,KCg-d,KCg-d,cb_intrinsic,Kenyon_Cell,,KCg-d_L,KCg-d,L,L,,acetylcholine,dopamine,0.7900838954212621,,dopamine,acetylcholine,1,True,True
142209,KCg-m,KCg-m,cb_intrinsic,Kenyon_Cell,,KCg-m_L,KCg-m,L,L,,acetylcholine,dopamine,0.7870717477656405,,dopamine,acetylcholine,1,True,True
142238,PAM02,PAM02,cb_intrinsic,DAN,,PAM02(B'2a)_R,PAM02,R,R,,dopamine,dopamine,0.9073997641509434,dopamine,dopamine,dopamine,0,True,True
142270,KCab-m,KCab-m,cb_intrinsic,Kenyon_Cell,,KCab-m_L,"KCab-m,KCab-c,KCab-s",L,L,,acetylcholine,dopamine,0.7577142295597484,,dopamine,acetylcholine,1,True,True
142299,KCg-m,KCg-m,cb_intrinsic,Kenyon_Cell,,KCg-m_L,KCg-m,L,L,,acetylcholine,dopamine,0.7197785299964153,,dopamine,acetylcholine,1,True,True
142329,KCa'b'-m,KCa'b'-m,cb_intrinsic,Kenyon_Cell,,KCa'b'-m_L,KCa'b'-m,L,L,,acetylcholine,dopamine,0.7197809776012358,,dopamine,acetylcholine,1,True,True
142332,KCab-c,KCab-c,cb_intrinsic,Kenyon_Cell,,KCab-c_L,"KCab-m,KCab-c,KCab-s",L,L,,acetylcholine,dopamine,0.7341933962264151,,dopamine,acetylcholine,1,True,True
142361,KCab-s,KCab-s,cb_intrinsic,Kenyon_Cell,,KCab-s_L,"KCab-m,KCab-c,KCab-s",L,L,,acetylcholine,dopamine,0.7515685230269832,,dopamine,acetylcholine,1,True,True
142470,KCg-m,KCg-m,cb_intrinsic,Kenyon_Cell,,KCg-m_L,KCg-m,L,L,,acetylcholine,dopamine,0.7524785450940299,,dopamine,acetylcholine,1,True,True
142528,PAM09,PAM09,cb_intrinsic,DAN,,PAM09(B1ped)_R,PAM09,R,R,,dopamine,dopamine,0.9004251700680271,dopamine,dopamine,dopamine,0,True,True
142531,KCab-s,KCab-s,cb_intrinsic,Kenyon_Cell,,KCab-s_L,"KCab-m,KCab-c,KCab-s",L,L,,acetylcholine,dopamine,0.786298714872578,,dopamine,acetylcholine,1,True,True
142538,PAM08,PAM08,cb_intrinsic,DAN,,PAM08(y4)_R,PAM08,R,R,,dopamine,dopamine,0.9173207950330592,dopamine,dopamine,dopamine,0,True,True
142608,KCa'b'-m,KCa'b'-m,cb_intrinsic,Kenyon_Cell,,KCa'b'-m_R,KCa'b'-m,R,R,,acetylcholine,dopamine,0.67762593662544,,dopamine,acetylcholine,1,True,True
142660,PAM13,PAM13,cb_intrinsic,DAN,,PAM13(B'1ap)_R,PAM13,R,R,,dopamine,dopamine,0.8771564597168054,dopamine,dopamine,dopamine,0,True,True
142732,KCg-m,KCg-m,cb_intrinsic,Kenyon_Cell,,KCg-m_L,KCg-m,L,L,,acetylcholine,dopamine,0.7751793656864411,,dopamine,acetylcholine,1,True,True
142733,KCg-d,KCg-d,cb_intrinsic,Kenyon_Cell,,KCg-d_L,KCg-d,L,L,,acetylcholine,dopamine,0.7875270243710691,,dopamine,acetylcholine,1,True,True
142769,KCg-m,KCg-m,cb_intrinsic,Kenyon_Cell,,KCg-m_R,KCg-m,R,R,,acetylcholine,dopamine,0.7542806603773584,,dopamine,acetylcholine,1,True,True
142795,KCab-m,KCab-m,cb_intrinsic,Kenyon_Cell,,KCab-m_R,"KCab-m,KCab-c,KCab-s",R,R,,acetylcholine,dopamine,0.7195569162857923,,dopamine,acetylcholine,1,True,True
142848,KCa'b'-m,KCa'b'-m,cb_intrinsic,Kenyon_Cell,,KCa'b'-m_L,KCa'b'-m,L,L,,acetylcholine,dopamine,0.728030381138949,,dopamine,acetylcholine,1,True,True
142898,PAM06,PAM06,cb_intrinsic,DAN,,PAM06(B'2m)_R,PAM06,R,R,,dopamine,dopamine,0.9076791771901154,dopamine,dopamine,dopamine,0,True,True
142975,KCab-c,KCab-c,cb_intrinsic,Kenyon_Cell,,KCab-c_R,"KCab-m,KCab-c,KCab-s",R,R,,acetylcholine,dopamine,0.7058822200534952,,dopamine,acetylcholine,1,True,True
142994,KCg-m,KCg-m,cb_intrinsic,Kenyon_Cell,,KCg-m_L,KCg-m,L,L,,acetylcholine,dopamine,0.7984534689465409,,dopamine,acetylcholine,1,True,True
143029,KCg-m,KCg-m,cb_intrinsic,Kenyon_Cell,,KCg-m_L,KCg-m,L,L,,acetylcholine,dopamine,0.777788864699242,,dopamine,acetylcholine,1,True,True
143033,KCab-s,KCab-s,cb_intrinsic,Kenyon_Cell,,KCab-s_L,"KCab-m,KCab-c,KCab-s",L,L,,acetylcholine,dopamine,0.7980618045476536,,dopamine,acetylcholine,1,True,True
143083,KCab-c,KCab-c,cb_intrinsic,Kenyon_Cell,,KCab-c_L,"KCab-m,KCab-c,KCab-s",L,L,,acetylcholine,dopamine,0.6806917355663911,,dopamine,acetylcholine,1,True,True
143120,PAM10,PAM10,cb_intrinsic,DAN,,PAM10(B1)_L,PAM10,L,L,,dopamine,dopamine,0.8994580536617162,dopamine,dopamine,dopamine,0,True,True
143262,KCg-d,KCg-d,cb_intrinsic,Kenyon_Cell,,KCg-d_L,KCg-d,L,L,,acetylcholine,dopamine,0.7719722877358491,,dopamine,acetylcholine,1,True,True
143275,KCab-c,KCab-c,cb_intrinsic,Kenyon_Cell,,KCab-c_L,"KCab-m,KCab-c,KCab-s",L,L,,acetylcholine,dopamine,0.7150456723569931,,dopamine,acetylcholine,1,True,True
143426,KCg-m,KCg-m,cb_intrinsic,Kenyon_Cell,,KCg-m_L,KCg-m,L,L,,acetylcholine,dopamine,0.7444805738528525,,dopamine,acetylcholine,1,True,True
143487,KCg-m,KCg-m,cb_intrinsic,Kenyon_Cell,,KCg-m_L,KCg-m,L,L,,acetylcholine,dopamine,0.7320273083834404,,dopamine,acetylcholine,1,True,True
143569,KCg-m,KCg-m,cb_intrinsic,Kenyon_Cell,,KCg-m_R,KCg-m,R,R,,acetylcholine,dopamine,0.7366171596124427,,dopamine,acetylcholine,1,True,True
143631,M_vPNml83,M_vPNml83,cb_intrinsic,ALPN,,M_vPNml83_L,M_vPNml83,L,L,,gaba,gaba,0.5908243885260163,,gaba,gaba,-1,True,True
143645,KCab-m,KCab-m,cb_intrinsic,Kenyon_Cell,,KCab-m_L,"KCab-m,KCab-c,KCab-s",L,L,,acetylcholine,dopamine,0.7802526768543064,,dopamine,acetylcholine,1,True,True
143735,KCg-m,KCg-m,cb_intrinsic,Kenyon_Cell,,KCg-m_R,KCg-m,R,R,,acetylcholine,dopamine,0.6795849459764554,,dopamine,acetylcholine,1,True,True
143757,KCg-m,KCg-m,cb_intrinsic,Kenyon_Cell,,KCg-m_L,KCg-m,L,L,,acetylcholine,dopamine,0.7331926184263349,,dopamine,acetylcholine,1,True,True
143806,KCab-m,KCab-m,cb_intrinsic,Kenyon_Cell,,KCab-m_L,"KCab-m,KCab-c,KCab-s",L,L,,acetylcholine,dopamine,0.7723355653780182,,dopamine,acetylcholine,1,True,True
143875,KCg-m,KCg-m,cb_intrinsic,Kenyon_Cell,,KCg-m_R,KCg-m,R,R,,acetylcholine,dopamine,0.7883439938753333,,dopamine,acetylcholine,1,True,True
143895,KCab-m,KCab-m,cb_intrinsic,Kenyon_Cell,,KCab-m_L,"KCab-m,KCab-c,KCab-s",L,L,,acetylcholine,dopamine,0.7127528471868094,,dopamine,acetylcholine,1,True,True
143947,KCg-m,KCg-m,cb_intrinsic,Kenyon_Cell,,KCg-m_L,KCg-m,L,L,,acetylcholine,dopamine,0.7591544879485221,,dopamine,acetylcholine,1,True,True
143949,KCab-c,KCab-c,cb_intrinsic,Kenyon_Cell,,KCab-c_L,"KCab-m,KCab-c,KCab-s",L,L,,acetylcholine,dopamine,0.6874380468963631,,dopamine,acetylcholine,1,True,True
144012,KCg-m,KCg-m,cb_intrinsic,Kenyon_Cell,,KCg-m_R,KCg-m,R,R,,acetylcholine,dopamine,0.7441999077112387,,dopamine,acetylcholine,1,True,True
144118,KCg-m,KCg-m,cb_intrinsic,Kenyon_Cell,,KCg-m_R,KCg-m,R,R,,acetylcholine,dopamine,0.7047799990016971,,dopamine,acetylcholine,1,True,True
144122,KCg-m,KCg-m,cb_intrinsic,Kenyon_Cell,,KCg-m_L,KCg-m,L,L,,acetylcholine,dopamine,0.7666160678442392,,dopamine,acetylcholine,1,True,True
144126,PAM02,PAM02,cb_intrinsic,DAN,,PAM02(B'2a)_R,PAM02,R,R,,dopamine,dopamine,0.9105651364018748,dopamine,dopamine,dopamine,0,True,True
144134,KCab-p,KCab-p,cb_intrinsic,Kenyon_Cell,,KCab-p_L,KCab-p,L,L,,acetylcholine,dopamine,0.6563528949315575,,dopamine,acetylcholine,1,True,True
144220,KCg-d,KCg-d,cb_intrinsic,Kenyon_Cell,,KCg-d_R,KCg-d,R,R,,acetylcholine,dopamine,0.7733047089179164,,dopamine,acetylcholine,1,True,True
144230,KCg-m,KCg-m,cb_intrinsic,Kenyon_Cell,,KCg-m_L,KCg-m,L,L,,acetylcholine,dopamine,0.7670084188190754,,dopamine,acetylcholine,1,True,True
144291,KCg-m,KCg-m,cb_intrinsic,Kenyon_Cell,,KCg-m_R,KCg-m,R,R,,acetylcholine,dopamine,0.6955103407540514,,dopamine,acetylcholine,1,True,True
144308,KCab-s,KCab-s,cb_intrinsic,Kenyon_Cell,,KCab-s_R,"KCab-m,KCab-c,KCab-s",R,R,,acetylcholine,dopamine,0.8298387096774194,,dopamine,acetylcholine,1,True,True
144315,PAM01,PAM01,cb_intrinsic,DAN,,PAM01(y5)_R,PAM01,R,R,,dopamine,dopamine,0.8865678346810423,dopamine,dopamine,dopamine,0,True,True
144317,KCg-m,KCg-m,cb_intrinsic,Kenyon_Cell,,KCg-m_L,KCg-m,L,L,,acetylcholine,dopamine,0.7879158391261172,,dopamine,acetylcholine,1,True,True
144340,KCa'b'-m,KCa'b'-m,cb_intrinsic,Kenyon_Cell,,KCa'b'-m_R,KCa'b'-m,R,R,,acetylcholine,dopamine,0.7132183075085204,,dopamine,acetylcholine,1,True,True
144464,KCg-m,KCg-m,cb_intrinsic,Kenyon_Cell,,KCg-m_R,KCg-m,R,R,,acetylcholine,dopamine,0.747370346080113,,dopamine,acetylcholine,1,True,True
144486,KCa'b'-m,KCa'b'-m,cb_intrinsic,Kenyon_Cell,,KCa'b'-m_L,KCa'b'-m,L,L,,acetylcholine,dopamine,0.7529252354330971,,dopamine,acetylcholine,1,True,True
144512,KCg-m,KCg-m,cb_intrinsic,Kenyon_Cell,,KCg-m_L,KCg-m,L,L,,acetylcholine,dopamine,0.7339254857089482,,dopamine,acetylcholine,1,True,True
144515,KCab-s,KCab-s,cb_intrinsic,Kenyon_Cell,,KCab-s_R,"KCab-m,KCab-c,KCab-s",R,R,,acetylcholine,dopamine,0.8107078727996725,,dopamine,acetylcholine,1,True,True
144523,KCa'b'-ap2,KCa'b'-ap2,cb_intrinsic,Kenyon_Cell,,KCa'b'-ap2_R,KCa'b'-ap2,R,R,,acetylcholine,dopamine,0.7051474992512728,,dopamine,acetylcholine,1,True,True
144570,KCg-m,KCg-m,cb_intrinsic,Kenyon_Cell,,KCg-m_L,KCg-m,L,L,,acetylcholine,dopamine,0.7678549830672472,,dopamine,acetylcholine,1,True,True
144578,KCg-d,KCg-d,cb_intrinsic,Kenyon_Cell,,KCg-d_L,KCg-d,L,L,,acetylcholine,dopamine,0.7798808762392069,,dopamine,acetylcholine,1,True,True
144625,PAM12,PAM12,cb_intrinsic,DAN,,PAM12(y3)_L,PAM12,L,L,,dopamine,dopamine,0.9056799093714598,dopamine,dopamine,dopamine,0,True,True
144678,PAM04,PAM04,cb_intrinsic,DAN,,PAM04(B2)_R,PAM04,R,R,,dopamine,dopamine,0.8288318575526867,dopamine,dopamine,dopamine,0,True,True
144715,KCab-c,KCab-c,cb_intrinsic,Kenyon_Cell,,KCab-c_L,"KCab-m,KCab-c,KCab-s",L,L,,acetylcholine,dopamine,0.7647883236348674,,dopamine,acetylcholine,1,True,True
144725,KCab-c,KCab-c,cb_intrinsic,Kenyon_Cell,,KCab-c_L,"KCab-m,KCab-c,KCab-s",L,L,,acetylcholine,dopamine,0.7474407266639519,,dopamine,acetylcholine,1,True,True
144730,KCg-m,KCg-m,cb_intrinsic,Kenyon_Cell,,KCg-m_L,KCg-m,L,L,,acetylcholine,dopamine,0.769337002096436,,dopamine,acetylcholine,1,True,True
144746,KCab-c,KCab-c,cb_intrinsic,Kenyon_Cell,,KCab-c_L,"KCab-m,KCab-c,KCab-s",L,L,,acetylcholine,dopamine,0.7241403752964223,,dopamine,acetylcholine,1,True,True
144747,KCg-d,KCg-d,cb_intrinsic,Kenyon_Cell,,KCg-d_L,KCg-d,L,L,,acetylcholine,dopamine,0.7770249525510774,,dopamine,acetylcholine,1,True,True
144813,KCab-c,KCab-c,cb_intrinsic,Kenyon_Cell,,KCab-c_L,"KCab-m,KCab-c,KCab-s",L,L,,acetylcholine,dopamine,0.7563692204022392,,dopamine,acetylcholine,1,True,True
144819,KCg-d,KCg-d,cb_intrinsic,Kenyon_Cell,,KCg-d_L,KCg-d,L,L,,acetylcholine,dopamine,0.7497622267669437,,dopamine,acetylcholine,1,True,True
145022,PAM02,PAM02,cb_intrinsic,DAN,,PAM02(B'2a)_L,PAM02,L,L,,dopamine,dopamine,0.8632112554883113,dopamine,dopamine,dopamine,0,True,True
145026,KCa'b'-ap2,KCa'b'-ap2,cb_intrinsic,Kenyon_Cell,,KCa'b'-ap2_L,KCa'b'-ap2,L,L,,acetylcholine,dopamine,0.7447856120897791,,dopamine,acetylcholine,1,True,True
145085,KCg-d,KCg-d,cb_intrinsic,Kenyon_Cell,,KCg-d_L,KCg-d,L,L,,acetylcholine,dopamine,0.7489907957034839,,dopamine,acetylcholine,1,True,True
145094,PAM01,PAM01,cb_intrinsic,DAN,,PAM01(y5)_R,PAM01,R,R,,dopamine,dopamine,0.9102002130916915,dopamine,dopamine,dopamine,0,True,True
145143,KCg-m,KCg-m,cb_intrinsic,Kenyon_Cell,,KCg-m_L,KCg-m,L,L,,acetylcholine,dopamine,0.7643414677191632,,dopamine,acetylcholine,1,True,True
145148,PAM01,PAM01,cb_intrinsic,DAN,,PAM01(y5)_L,PAM01,L,L,,dopamine,dopamine,0.9162539308176101,dopamine,dopamine,dopamine,0,True,True
145157,KCg-m,KCg-m,cb_intrinsic,Kenyon_Cell,,KCg-m_R,KCg-m,R,R,,acetylcholine,dopamine,0.7036153494416634,,dopamine,acetylcholine,1,True,True
145174,KCab-s,KCab-s,cb_intrinsic,Kenyon_Cell,,KCab-s_R,"KCab-m,KCab-c,KCab-s",R,R,,acetylcholine,dopamine,0.6434386378682555,,dopamine,acetylcholine,1,True,True
145193,KCab-c,KCab-c,cb_intrinsic,Kenyon_Cell,,KCab-c_L,"KCab-m,KCab-c,KCab-s",L,L,,acetylcholine,dopamine,0.6954599056603774,,dopamine,acetylcholine,1,True,True
145236,KCab-c,KCab-c,cb_intrinsic,Kenyon_Cell,,KCab-c_L,"KCab-m,KCab-c,KCab-s",L,L,,acetylcholine,dopamine,0.7157423835900987,,dopamine,acetylcholine,1,True,True
145268,KCg-m,KCg-m,cb_intrinsic,Kenyon_Cell,,KCg-m_L,KCg-m,L,L,,acetylcholine,dopamine,0.7286776881475405,,dopamine,acetylcholine,1,True,True
145324,PAM02,PAM02,cb_intrinsic,DAN,,PAM02(B'2a)_L,PAM02,L,L,,dopamine,dopamine,0.8899512465499299,dopamine,dopamine,dopamine,0,True,True
145352,KCg-m,KCg-m,cb_intrinsic,Kenyon_Cell,,KCg-m_R,KCg-m,R,R,,acetylcholine,dopamine,0.7385476399679368,,dopamine,acetylcholine,1,True,True
145355,KCg-m,KCg-m,cb_intrinsic,Kenyon_Cell,,KCg-m_L,KCg-m,L,L,,acetylcholine,dopamine,0.7912453776496622,,dopamine,acetylcholine,1,True,True
145371,PAM05,PAM05,cb_intrinsic,DAN,,PAM05(B'2p)_L,PAM05,L,L,,dopamine,dopamine,0.9219732704402516,dopamine,dopamine,dopamine,0,True,True
145419,KCab-s,KCab-s,cb_intrinsic,Kenyon_Cell,,KCab-s_R,"KCab-m,KCab-c,KCab-s",R,R,,acetylcholine,dopamine,0.8030549823113207,,dopamine,acetylcholine,1,True,True
145425,KCab-c,KCab-c,cb_intrinsic,Kenyon_Cell,,KCab-c_L,"KCab-m,KCab-c,KCab-s",L,L,,acetylcholine,dopamine,0.7856140528842903,,dopamine,acetylcholine,1,True,True
145497,KCab-c,KCab-c,cb_intrinsic,Kenyon_Cell,,KCab-c_R,"KCab-m,KCab-c,KCab-s",R,R,,acetylcholine,dopamine,0.7237817420910767,,dopamine,acetylcholine,1,True,True
145513,KCab-s,KCab-s,cb_intrinsic,Kenyon_Cell,,KCab-s_L,"KCab-m,KCab-c,KCab-s",L,L,,acetylcholine,dopamine,0.7571829911209766,,dopamine,acetylcholine,1,True,True
145574,KCg-m,KCg-m,cb_intrinsic,Kenyon_Cell,,KCg-m_L,KCg-m,L,L,,acetylcholine,dopamine,0.6940967182712465,,dopamine,acetylcholine,1,True,True
145610,KCg-m,KCg-m,cb_intrinsic,Kenyon_Cell,,KCg-m_L,KCg-m,L,L,,acetylcholine,dopamine,0.727250393081761,,dopamine,acetylcholine,1,True,True
145641,KCg-m,KCg-m,cb_intrinsic,Kenyon_Cell,,KCg-m_L,KCg-m,L,L,,acetylcholine,dopamine,0.7274626154154957,,dopamine,acetylcholine,1,True,True
145642,KCab-c,KCab-c,cb_intrinsic,Kenyon_Cell,,KCab-c_L,"KCab-m,KCab-c,KCab-s",L,L,,acetylcholine,dopamine,0.6463237125599351,,dopamine,acetylcholine,1,True,True
145749,PAM11,PAM11,cb_intrinsic,DAN,,PAM11(a1)_L,PAM11,L,L,,dopamine,dopamine,0.884098993919639,dopamine,dopamine,dopamine,0,True,True
145764,KCab-s,KCab-s,cb_intrinsic,Kenyon_Cell,,KCab-s_L,"KCab-m,KCab-c,KCab-s",L,L,,acetylcholine,dopamine,0.7902956451305508,,dopamine,acetylcholine,1,True,True
145791,KCab-c,KCab-c,cb_intrinsic,Kenyon_Cell,,KCab-c_R,"KCab-m,KCab-c,KCab-s",R,R,,acetylcholine,dopamine,0.7575535951862603,,dopamine,acetylcholine,1,True,True
145792,KCg-m,KCg-m,cb_intrinsic,Kenyon_Cell,,KCg-m_L,KCg-m,L,L,,acetylcholine,dopamine,0.7526202158591699,,dopamine,acetylcholine,1,True,True
145859,KCa'b'-ap2,KCa'b'-ap2,cb_intrinsic,Kenyon_Cell,,KCa'b'-ap2_R,KCa'b'-ap2,R,R,,acetylcholine,dopamine,0.7541358575556688,,dopamine,acetylcholine,1,True,True
145869,KCg-m,KCg-m,cb_intrinsic,Kenyon_Cell,,KCg-m_L,KCg-m,L,L,,acetylcholine,dopamine,0.7677860137765798,,dopamine,acetylcholine,1,True,True
145974,KCg-m,KCg-m,cb_intrinsic,Kenyon_Cell,,KCg-m_L,KCg-m,L,L,,acetylcholine,dopamine,0.7474909674829386,,dopamine,acetylcholine,1,True,True
146058,PAM08,PAM08,cb_intrinsic,DAN,,PAM08(y4)_R,PAM08,R,R,,dopamine,dopamine,0.9138392204183121,dopamine,dopamine,dopamine,0,True,True
146084,KCg-m,KCg-m,cb_intrinsic,Kenyon_Cell,,KCg-m_L,KCg-m,L,L,,acetylcholine,dopamine,0.7448302545358754,,dopamine,acetylcholine,1,True,True
146099,KCa'b'-ap2,KCa'b'-ap2,cb_intrinsic,Kenyon_Cell,,KCa'b'-ap2_R,KCa'b'-ap2,R,R,,acetylcholine,dopamine,0.7165889356337469,,dopamine,acetylcholine,1,True,True
146122,KCg-m,KCg-m,cb_intrinsic,Kenyon_Cell,,KCg-m_R,KCg-m,R,R,,acetylcholine,dopamine,0.8207005970285298,,dopamine,acetylcholine,1,True,True
146128,KCg-m,KCg-m,cb_intrinsic,Kenyon_Cell,,KCg-m_L,KCg-m,L,L,,acetylcholine,dopamine,0.7295940650893481,,dopamine,acetylcholine,1,True,True
146166,KCab-m,KCab-m,cb_intrinsic,Kenyon_Cell,,KCab-m_L,"KCab-m,KCab-c,KCab-s",L,L,,acetylcholine,dopamine,0.6717407432013465,,dopamine,acetylcholine,1,True,True
146273,CB3447,CB3447,cb_intrinsic,ALPN,,CB3447_R,"M_vPNml61,M_vPNml62",R,R,,gaba,gaba,0.7961514501412876,gaba,gaba,gaba,-1,True,True
146275,KCab-c,KCab-c,cb_intrinsic,Kenyon_Cell,,KCab-c_R,"KCab-m,KCab-c,KCab-s",R,R,,acetylcholine,dopamine,0.7131953036395505,,dopamine,acetylcholine,1,True,True
146301,KCg-d,KCg-d,cb_intrinsic,Kenyon_Cell,,KCg-d_L,KCg-d,L,L,,acetylcholine,dopamine,0.7725125510316673,,dopamine,acetylcholine,1,True,True
146350,KCab-s,KCab-s,cb_intrinsic,Kenyon_Cell,,KCab-s_L,"KCab-m,KCab-c,KCab-s",L,L,,acetylcholine,dopamine,0.7663620283018868,,dopamine,acetylcholine,1,True,True
146387,KCab-s,KCab-s,cb_intrinsic,Kenyon_Cell,,KCab-s_R,"KCab-m,KCab-c,KCab-s",R,R,,acetylcholine,dopamine,0.7408269010863351,,dopamine,acetylcholine,1,True,True
146418,PAM12,PAM12,cb_intrinsic,DAN,,PAM12(y3)_R,PAM12,R,R,,dopamine,dopamine,0.9069673186938138,dopamine,dopamine,dopamine,0,True,True
146603,PAM01,PAM01,cb_intrinsic,DAN,,PAM01(y5)_R,PAM01,R,R,,dopamine,dopamine,0.9130186761773278,dopamine,dopamine,dopamine,0,True,True
146609,KCab-s,KCab-s,cb_intrinsic,Kenyon_Cell,,KCab-s_L,"KCab-m,KCab-c,KCab-s",L,L,,acetylcholine,dopamine,0.8213115828092243,,dopamine,acetylcholine,1,True,True
146675,KCab-c,KCab-c,cb_intrinsic,Kenyon_Cell,,KCab-c_L,"KCab-m,KCab-c,KCab-s",L,L,,acetylcholine,dopamine,0.7373694671887978,,dopamine,acetylcholine,1,True,True
146773,PAM04,PAM04,cb_intrinsic,DAN,,PAM04(B2)_R,PAM04,R,R,,dopamine,dopamine,0.8679973212205916,dopamine,dopamine,dopamine,0,True,True
146774,PAM14,PAM14,cb_intrinsic,DAN,,PAM14(B'1m)_R,PAM14,R,R,,dopamine,dopamine,0.8737871989568952,dopamine,dopamine,dopamine,0,True,True
146801,KCab-m,KCab-m,cb_intrinsic,Kenyon_Cell,,KCab-m_L,"KCab-m,KCab-c,KCab-s",L,L,,acetylcholine,dopamine,0.7809025932323501,,dopamine,acetylcholine,1,True,True
146923,KCab-s,KCab-s,cb_intrinsic,Kenyon_Cell,,KCab-s_L,"KCab-m,KCab-c,KCab-s",L,L,,acetylcholine,dopamine,0.7801872233869089,,dopamine,acetylcholine,1,True,True
146925,KCg-m,KCg-m,cb_intrinsic,Kenyon_Cell,,KCg-m_L,KCg-m,L,L,,acetylcholine,dopamine,0.7735087184651261,,dopamine,acetylcholine,1,True,True
146943,KCab-m,KCab-m,cb_intrinsic,Kenyon_Cell,,KCab-m_R,"KCab-m,KCab-c,KCab-s",R,R,,acetylcholine,dopamine,0.6551050713786563,,dopamine,acetylcholine,1,True,True
146958,KCab-s,KCab-s,cb_intrinsic,Kenyon_Cell,,KCab-s_L,"KCab-m,KCab-c,KCab-s",L,L,,acetylcholine,dopamine,0.6989920790316838,,dopamine,acetylcholine,1,True,True
147040,KCg-m,KCg-m,cb_intrinsic,Kenyon_Cell,,KCg-m_L,KCg-m,L,L,,acetylcholine,dopamine,0.7388932319270723,,dopamine,acetylcholine,1,True,True
147068,KCg-m,KCg-m,cb_intrinsic,Kenyon_Cell,,KCg-m_L,KCg-m,L,L,,acetylcholine,dopamine,0.7628012929880905,,dopamine,acetylcholine,1,True,True
147184,PAM08,PAM08,cb_intrinsic,DAN,,PAM08(y4)_L,PAM08,L,L,,dopamine,dopamine,0.9141246225029784,dopamine,dopamine,dopamine,0,True,True
147185,KCg-m,KCg-m,cb_intrinsic,Kenyon_Cell,,KCg-m_L,KCg-m,L,L,,acetylcholine,dopamine,0.7920791865367337,,dopamine,acetylcholine,1,True,True
147199,KCab-c,KCab-c,cb_intrinsic,Kenyon_Cell,,KCab-c_L,"KCab-m,KCab-c,KCab-s",L,L,,acetylcholine,dopamine,0.7384591929700818,,dopamine,acetylcholine,1,True,True
147217,KCab-c,KCab-c,cb_intrinsic,Kenyon_Cell,,KCab-c_L,"KCab-m,KCab-c,KCab-s",L,L,,acetylcholine,dopamine,0.7165839557127883,,dopamine,acetylcholine,1,True,True
147378,KCab-c,KCab-c,cb_intrinsic,Kenyon_Cell,,KCab-c_L,"KCab-m,KCab-c,KCab-s",L,L,,acetylcholine,dopamine,0.7574990840813336,,dopamine,acetylcholine,1,True,True
147444,KCab-p,KCab-p,cb_intrinsic,Kenyon_Cell,,KCab-p_L,KCab-p,L,L,,acetylcholine,dopamine,0.6718627161949685,,dopamine,acetylcholine,1,True,True
147585,KCg-d,KCg-d,cb_intrinsic,Kenyon_Cell,,KCg-d_L,KCg-d,L,L,,acetylcholine,dopamine,0.7695314932436641,,dopamine,acetylcholine,1,True,True
147589,KCg-m,KCg-m,cb_intrinsic,Kenyon_Cell,,KCg-m_L,KCg-m,L,L,,acetylcholine,dopamine,0.7455557064769995,,dopamine,acetylcholine,1,True,True
147591,PAM06,PAM06,cb_intrinsic,DAN,,PAM06(B'2m)_R,PAM06,R,R,,dopamine,dopamine,0.9157107025200016,dopamine,dopamine,dopamine,0,True,True
147646,KCg-m,KCg-m,cb_intrinsic,Kenyon_Cell,,KCg-m_L,KCg-m,L,L,,acetylcholine,dopamine,0.765914994142311,,dopamine,acetylcholine,1,True,True
147696,KCg-m,KCg-m,cb_intrinsic,Kenyon_Cell,,KCg-m_L,KCg-m,L,L,,acetylcholine,dopamine,0.7922813796333468,,dopamine,acetylcholine,1,True,True
147700,KCg-m,KCg-m,cb_intrinsic,Kenyon_Cell,,KCg-m_L,KCg-m,L,L,,acetylcholine,dopamine,0.7334242771017082,,dopamine,acetylcholine,1,True,True
147812,KCg-m,KCg-m,cb_intrinsic,Kenyon_Cell,,KCg-m_L,KCg-m,L,L,,acetylcholine,dopamine,0.7624913713759779,,dopamine,acetylcholine,1,True,True
147857,PAM11,PAM11,cb_intrinsic,DAN,,PAM11(a1)_L,PAM11,L,L,,dopamine,dopamine,0.8328052295853148,dopamine,dopamine,dopamine,0,True,True
147885,KCg-m,KCg-m,cb_intrinsic,Kenyon_Cell,,KCg-m_R,KCg-m,R,R,,acetylcholine,dopamine,0.7139454511488884,,dopamine,acetylcholine,1,True,True
147953,KCg-m,KCg-m,cb_intrinsic,Kenyon_Cell,,KCg-m_L,KCg-m,L,L,,acetylcholine,dopamine,0.7551162694472029,,dopamine,acetylcholine,1,True,True
148001,KCab-c,KCab-c,cb_intrinsic,Kenyon_Cell,,KCab-c_R,"KCab-m,KCab-c,KCab-s",R,R,,acetylcholine,dopamine,0.7441938548218029,,dopamine,acetylcholine,1,True,True
148093,KCab-c,KCab-c,cb_intrinsic,Kenyon_Cell,,KCab-c_L,"KCab-m,KCab-c,KCab-s",L,L,,acetylcholine,dopamine,0.829836121377164,,dopamine,acetylcholine,1,True,True
148122,KCg-m,KCg-m,cb_intrinsic,Kenyon_Cell,,KCg-m_L,KCg-m,L,L,,acetylcholine,dopamine,0.7103031097134871,,dopamine,acetylcholine,1,True,True
148137,KCg-d,KCg-d,cb_intrinsic,Kenyon_Cell,,KCg-d_L,KCg-d,L,L,,acetylcholine,dopamine,0.752919546219102,,dopamine,acetylcholine,1,True,True
148145,KCg-d,KCg-d,cb_intrinsic,Kenyon_Cell,,KCg-d_L,KCg-d,L,L,,acetylcholine,dopamine,0.7451683700209644,,dopamine,acetylcholine,1,True,True
148150,KCg-d,KCg-d,cb_intrinsic,Kenyon_Cell,,KCg-d_L,KCg-d,L,L,,acetylcholine,dopamine,0.7743894646342597,,dopamine,acetylcholine,1,True,True
148161,KCg-m,KCg-m,cb_intrinsic,Kenyon_Cell,,KCg-m_L,KCg-m,L,L,,acetylcholine,dopamine,0.7803826957475045,,dopamine,acetylcholine,1,True,True
148198,KCg-m,KCg-m,cb_intrinsic,Kenyon_Cell,,KCg-m_L,KCg-m,L,L,,acetylcholine,dopamine,0.7828333573995636,,dopamine,acetylcholine,1,True,True
148213,KCab-c,KCab-c,cb_intrinsic,Kenyon_Cell,,KCab-c_R,"KCab-m,KCab-c,KCab-s",R,R,,acetylcholine,dopamine,0.7898527581236897,,dopamine,acetylcholine,1,True,True
148328,PAM02,PAM02,cb_intrinsic,DAN,,PAM02(B'2a)_L,PAM02,L,L,,dopamine,dopamine,0.9219732704402516,dopamine,dopamine,dopamine,0,True,True
148337,KCab-s,KCab-s,cb_intrinsic,Kenyon_Cell,,KCab-s_R,"KCab-m,KCab-c,KCab-s",R,R,,acetylcholine,dopamine,0.7596340128032345,,dopamine,acetylcholine,1,True,True
148344,KCg-m,KCg-m,cb_intrinsic,Kenyon_Cell,,KCg-m_L,KCg-m,L,L,,acetylcholine,dopamine,0.7688530511643719,,dopamine,acetylcholine,1,True,True
148419,KCg-m,KCg-m,cb_intrinsic,Kenyon_Cell,,KCg-m_R,KCg-m,R,R,,acetylcholine,dopamine,0.7135333552363966,,dopamine,acetylcholine,1,True,True
148464,KCg-m,KCg-m,cb_intrinsic,Kenyon_Cell,,KCg-m_L,KCg-m,L,L,,acetylcholine,dopamine,0.768495900718778,,dopamine,acetylcholine,1,True,True
148469,PAM02,PAM02,cb_intrinsic,DAN,,PAM02(B'2a)_L,PAM02,L,L,,dopamine,dopamine,0.8763991045730732,dopamine,dopamine,dopamine,0,True,True
148486,KCg-m,KCg-m,cb_intrinsic,Kenyon_Cell,,KCg-m_L,KCg-m,L,L,,acetylcholine,dopamine,0.7860416036054216,,dopamine,acetylcholine,1,True,True
148493,KCg-m,KCg-m,cb_intrinsic,Kenyon_Cell,,KCg-m_R,KCg-m,R,R,,acetylcholine,dopamine,0.7593072451175108,,dopamine,acetylcholine,1,True,True
148498,KCg-m,KCg-m,cb_intrinsic,Kenyon_Cell,,KCg-m_L,KCg-m,L,L,,acetylcholine,dopamine,0.752523998675935,,dopamine,acetylcholine,1,True,True
148529,KCg-m,KCg-m,cb_intrinsic,Kenyon_Cell,,KCg-m_L,KCg-m,L,L,,acetylcholine,dopamine,0.7615714716329389,,dopamine,acetylcholine,1,True,True
148548,KCg-m,KCg-m,cb_intrinsic,Kenyon_Cell,,KCg-m_R,KCg-m,R,R,,acetylcholine,dopamine,0.7363805191888076,,dopamine,acetylcholine,1,True,True
148588,KCg-m,KCg-m,cb_intrinsic,Kenyon_Cell,,KCg-m_L,KCg-m,L,L,,acetylcholine,dopamine,0.7490021770682148,,dopamine,acetylcholine,1,True,True
148680,KCg-m,KCg-m,cb_intrinsic,Kenyon_Cell,,KCg-m_R,KCg-m,R,R,,acetylcholine,dopamine,0.7424763771154255,,dopamine,acetylcholine,1,True,True
148844,KCg-m,KCg-m,cb_intrinsic,Kenyon_Cell,,KCg-m_L,KCg-m,L,L,,acetylcholine,dopamine,0.7806059142229295,,dopamine,acetylcholine,1,True,True
148860,KCg-m,KCg-m,cb_intrinsic,Kenyon_Cell,,KCg-m_R,KCg-m,R,R,,acetylcholine,dopamine,0.7864948880381611,,dopamine,acetylcholine,1,True,True
148930,KCg-m,KCg-m,cb_intrinsic,Kenyon_Cell,,KCg-m_L,KCg-m,L,L,,acetylcholine,dopamine,0.7388595637416393,,dopamine,acetylcholine,1,True,True
148989,KCg-m,KCg-m,cb_intrinsic,Kenyon_Cell,,KCg-m_L,KCg-m,L,L,,acetylcholine,dopamine,0.7419196158902747,,dopamine,acetylcholine,1,True,True
149132,KCa'b'-m,KCa'b'-m,cb_intrinsic,Kenyon_Cell,,KCa'b'-m_L,KCa'b'-m,L,L,,acetylcholine,dopamine,0.7198503785602692,,dopamine,acetylcholine,1,True,True
149136,KCab-p,KCab-p,cb_intrinsic,Kenyon_Cell,,KCab-p_L,KCab-p,L,L,,acetylcholine,dopamine,0.6692382489241973,,dopamine,acetylcholine,1,True,True
149180,KCab-c,KCab-c,cb_intrinsic,Kenyon_Cell,,KCab-c_L,"KCab-m,KCab-c,KCab-s",L,L,,acetylcholine,dopamine,0.7636461030953262,,dopamine,acetylcholine,1,True,True
149199,KCg-m,KCg-m,cb_intrinsic,Kenyon_Cell,,KCg-m_L,KCg-m,L,L,,acetylcholine,dopamine,0.7707186844863733,,dopamine,acetylcholine,1,True,True
149279,KCa'b'-ap2,KCa'b'-ap2,cb_intrinsic,Kenyon_Cell,,KCa'b'-ap2_R,KCa'b'-ap2,R,R,,acetylcholine,dopamine,0.6652468635351153,,dopamine,acetylcholine,1,True,True
149297,KCg-m,KCg-m,cb_intrinsic,Kenyon_Cell,,KCg-m_L,KCg-m,L,L,,acetylcholine,dopamine,0.7803892456618929,,dopamine,acetylcholine,1,True,True
149401,KCab-p,KCab-p,cb_intrinsic,Kenyon_Cell,,KCab-p_L,KCab-p,L,L,,acetylcholine,dopamine,0.7347976113021656,,dopamine,acetylcholine,1,True,True
149636,KCab-s,KCab-s,cb_intrinsic,Kenyon_Cell,,KCab-s_R,"KCab-m,KCab-c,KCab-s",R,R,,acetylcholine,dopamine,0.8010501657317695,,dopamine,acetylcholine,1,True,True
149720,KCg-m,KCg-m,cb_intrinsic,Kenyon_Cell,,KCg-m_L,KCg-m,L,L,,acetylcholine,dopamine,0.7470717394066452,,dopamine,acetylcholine,1,True,True
149737,KCab-s,KCab-s,cb_intrinsic,Kenyon_Cell,,KCab-s_L,"KCab-m,KCab-c,KCab-s",L,L,,acetylcholine,dopamine,0.8071947152927272,,dopamine,acetylcholine,1,True,True
149792,KCg-m,KCg-m,cb_intrinsic,Kenyon_Cell,,KCg-m_R,KCg-m,R,R,,acetylcholine,dopamine,0.7761073554636262,,dopamine,acetylcholine,1,True,True
149820,KCg-m,KCg-m,cb_intrinsic,Kenyon_Cell,,KCg-m_L,KCg-m,L,L,,acetylcholine,dopamine,0.7704685817893365,,dopamine,acetylcholine,1,True,True
149841,KCab-s,KCab-s,cb_intrinsic,Kenyon_Cell,,KCab-s_L,"KCab-m,KCab-c,KCab-s",L,L,,acetylcholine,dopamine,0.7662862023449025,,dopamine,acetylcholine,1,True,True
149869,PAM09,PAM09,cb_intrinsic,DAN,,PAM09(B1ped)_L,PAM09,L,L,,dopamine,dopamine,0.8858954877379597,dopamine,dopamine,dopamine,0,True,True
149878,KCg-m,KCg-m,cb_intrinsic,Kenyon_Cell,,KCg-m_L,KCg-m,L,L,,acetylcholine,dopamine,0.7250899630422096,,dopamine,acetylcholine,1,True,True
150014,KCg-d,KCg-d,cb_intrinsic,Kenyon_Cell,,KCg-d_R,KCg-d,R,R,,acetylcholine,dopamine,0.7727394679045622,,dopamine,acetylcholine,1,True,True
150034,PAM09,PAM09,cb_intrinsic,DAN,,PAM09(B1ped)_R,PAM09,R,R,,dopamine,dopamine,0.8241529088050314,dopamine,dopamine,dopamine,0,True,True
150109,KCab-m,KCab-m,cb_intrinsic,Kenyon_Cell,,KCab-m_R,"KCab-m,KCab-c,KCab-s",R,R,,acetylcholine,dopamine,0.6912078954033176,,dopamine,acetylcholine,1,True,True
150177,PAM01,PAM01,cb_intrinsic,DAN,,PAM01(y5)_L,PAM01,L,L,,dopamine,dopamine,0.9219732704402516,dopamine,dopamine,dopamine,0,True,True
150259,KCg-d,KCg-d,cb_intrinsic,Kenyon_Cell,,KCg-d_L,KCg-d,L,L,,acetylcholine,dopamine,0.8035152740341419,,dopamine,acetylcholine,1,True,True
150451,KCa'b'-ap2,KCa'b'-ap2,cb_intrinsic,Kenyon_Cell,,KCa'b'-ap2_L,KCa'b'-ap2,L,L,,acetylcholine,dopamine,0.6962397291539866,,dopamine,acetylcholine,1,True,True
150633,KCg-m,KCg-m,cb_intrinsic,Kenyon_Cell,,KCg-m_L,KCg-m,L,L,,acetylcholine,dopamine,0.7836136356152656,,dopamine,acetylcholine,1,True,True
150709,KCab-m,KCab-m,cb_intrinsic,Kenyon_Cell,,KCab-m_L,"KCab-m,KCab-c,KCab-s",L,L,,acetylcholine,dopamine,0.7422028781986654,,dopamine,acetylcholine,1,True,True
150732,KCg-m,KCg-m,cb_intrinsic,Kenyon_Cell,,KCg-m_L,KCg-m,L,L,,acetylcholine,dopamine,0.7317322442092344,,dopamine,acetylcholine,1,True,True
150738,KCa'b'-m,KCa'b'-m,cb_intrinsic,Kenyon_Cell,,KCa'b'-m_R,KCa'b'-m,R,R,,acetylcholine,dopamine,0.7708623105144331,,dopamine,acetylcholine,1,True,True
150761,KCab-p,KCab-p,cb_intrinsic,Kenyon_Cell,,KCab-p_L,KCab-p,L,L,,acetylcholine,dopamine,0.7451083158630328,,dopamine,acetylcholine,1,True,True
150781,KCg-m,KCg-m,cb_intrinsic,Kenyon_Cell,,KCg-m_L,KCg-m,L,L,,acetylcholine,dopamine,0.7419575956984238,,dopamine,acetylcholine,1,True,True
150823,KCa'b'-ap1,KCa'b'-ap1,cb_intrinsic,Kenyon_Cell,,KCa'b'-ap1_R,KCa'b'-ap1,R,R,,acetylcholine,dopamine,0.6615361839418442,,dopamine,acetylcholine,1,True,True
150828,PAM02,PAM02,cb_intrinsic,DAN,,PAM02(B'2a)_L,PAM02,L,L,,dopamine,dopamine,0.9127298932723461,dopamine,dopamine,dopamine,0,True,True
150913,KCg-m,KCg-m,cb_intrinsic,Kenyon_Cell,,KCg-m_R,KCg-m,R,R,,acetylcholine,dopamine,0.7427723054630658,,dopamine,acetylcholine,1,True,True
150920,KCab-s,KCab-s,cb_intrinsic,Kenyon_Cell,,KCab-s_L,"KCab-m,KCab-c,KCab-s",L,L,,acetylcholine,dopamine,0.7085241938415676,,dopamine,acetylcholine,1,True,True
150926,KCa'b'-m,KCa'b'-m,cb_intrinsic,Kenyon_Cell,,KCa'b'-m_L,KCa'b'-m,L,L,,acetylcholine,dopamine,0.7190010040160643,,dopamine,acetylcholine,1,True,True
150974,KCab-s,KCab-s,cb_intrinsic,Kenyon_Cell,,KCab-s_L,"KCab-m,KCab-c,KCab-s",L,L,,acetylcholine,dopamine,0.7971129504370871,,dopamine,acetylcholine,1,True,True
150983,PAM14,PAM14,cb_intrinsic,DAN,,PAM14(B'1m)_L,PAM14,L,L,,dopamine,dopamine,0.876725513318535,dopamine,dopamine,dopamine,0,True,True
151013,PAM03,PAM03,cb_intrinsic,DAN,,PAM03(B2B'2a)_L,PAM03,L,L,,dopamine,dopamine,0.8856839622641509,dopamine,dopamine,dopamine,0,True,True
151133,PAM06,PAM06,cb_intrinsic,DAN,,PAM06(B'2m)_L,PAM06,L,L,,dopamine,dopamine,0.9100065513626834,dopamine,dopamine,dopamine,0,True,True
151134,KCg-m,KCg-m,cb_intrinsic,Kenyon_Cell,,KCg-m_R,KCg-m,R,R,,acetylcholine,dopamine,0.7394060413019516,,dopamine,acetylcholine,1,True,True
151187,KCg-m,KCg-m,cb_intrinsic,Kenyon_Cell,,KCg-m_L,KCg-m,L,L,,acetylcholine,dopamine,0.7415176069493742,,dopamine,acetylcholine,1,True,True
151224,KCab-c,KCab-c,cb_intrinsic,Kenyon_Cell,,KCab-c_R,"KCab-m,KCab-c,KCab-s",R,R,,acetylcholine,dopamine,0.7835603581055064,,dopamine,acetylcholine,1,True,True
151277,KCg-m,KCg-m,cb_intrinsic,Kenyon_Cell,,KCg-m_L,KCg-m,L,L,,acetylcholine,dopamine,0.7625363372093024,,dopamine,acetylcholine,1,True,True
151346,KCab-m,KCab-m,cb_intrinsic,Kenyon_Cell,,KCab-m_L,"KCab-m,KCab-c,KCab-s",L,L,,acetylcholine,dopamine,0.7600334119496855,,dopamine,acetylcholine,1,True,True
151395,KCab-c,KCab-c,cb_intrinsic,Kenyon_Cell,,KCab-c_L,"KCab-m,KCab-c,KCab-s",L,L,,acetylcholine,dopamine,0.7805783429040197,,dopamine,acetylcholine,1,True,True
151584,KCa'b'-ap2,KCa'b'-ap2,cb_intrinsic,Kenyon_Cell,,KCa'b'-ap2_R,KCa'b'-ap2,R,R,,acetylcholine,dopamine,0.7177193826465158,,dopamine,acetylcholine,1,True,True
151710,KCab-c,KCab-c,cb_intrinsic,Kenyon_Cell,,KCab-c_L,"KCab-m,KCab-c,KCab-s",L,L,,acetylcholine,dopamine,0.7409867041818382,,dopamine,acetylcholine,1,True,True
151833,KCab-m,KCab-m,cb_intrinsic,Kenyon_Cell,,KCab-m_L,"KCab-m,KCab-c,KCab-s",L,L,,acetylcholine,dopamine,0.7783341948823986,,dopamine,acetylcholine,1,True,True
151908,KCab-m,KCab-m,cb_intrinsic,Kenyon_Cell,,KCab-m_L,"KCab-m,KCab-c,KCab-s",L,L,,acetylcholine,dopamine,0.7582386259148921,,dopamine,acetylcholine,1,True,True
151944,KCg-d,KCg-d,cb_intrinsic,Kenyon_Cell,,KCg-d_L,KCg-d,L,L,,acetylcholine,dopamine,0.7443626323055683,,dopamine,acetylcholine,1,True,True
151958,KCab-s,KCab-s,cb_intrinsic,Kenyon_Cell,,KCab-s_R,"KCab-m,KCab-c,KCab-s",R,R,,acetylcholine,dopamine,0.7870095023243096,,dopamine,acetylcholine,1,True,True
151973,CB2703,CB2703,cb_intrinsic,ALPN,,CB2703_L,,L,L,,gaba,gaba,0.6619509365526683,gaba,gaba,gaba,-1,True,True
151993,PAM05,PAM05,cb_intrinsic,DAN,,PAM05(B'2p)_R,PAM05,R,R,,dopamine,dopamine,0.899798718434942,dopamine,dopamine,dopamine,0,True,True
152019,PAM08,PAM08,cb_intrinsic,DAN,,PAM08(y4)_R,PAM08,R,R,,dopamine,dopamine,0.9120151991614256,dopamine,dopamine,dopamine,0,True,True
152025,KCg-m,KCg-m,cb_intrinsic,Kenyon_Cell,,KCg-m_L,KCg-m,L,L,,acetylcholine,dopamine,0.7967767295597484,,dopamine,acetylcholine,1,True,True
152031,KCa'b'-ap2,KCa'b'-ap2,cb_intrinsic,Kenyon_Cell,,KCa'b'-ap2_R,KCa'b'-ap2,R,R,,acetylcholine,dopamine,0.7098971151216844,,dopamine,acetylcholine,1,True,True
152044,PAM08,PAM08,cb_intrinsic,DAN,,PAM08(y4)_R,PAM08,R,R,,dopamine,dopamine,0.8929338270102116,dopamine,dopamine,dopamine,0,True,True
152056,PAM06,PAM06,cb_intrinsic,DAN,,PAM06(B'2m)_L,PAM06,L,L,,dopamine,dopamine,0.9181879441313403,dopamine,dopamine,dopamine,0,True,True
152066,KCab-s,KCab-s,cb_intrinsic,Kenyon_Cell,,KCab-s_L,"KCab-m,KCab-c,KCab-s",L,L,,acetylcholine,dopamine,0.8096108490566039,,dopamine,acetylcholine,1,True,True
152118,KCg-m,KCg-m,cb_intrinsic,Kenyon_Cell,,KCg-m_L,KCg-m,L,L,,acetylcholine,dopamine,0.7734972181906145,,dopamine,acetylcholine,1,True,True
152291,PAM14,PAM14,cb_intrinsic,DAN,,PAM14(B'1m)_L,PAM14,L,L,,dopamine,dopamine,0.8983477463312368,dopamine,dopamine,dopamine,0,True,True
152326,PAM13,PAM13,cb_intrinsic,DAN,,PAM13(B'1ap)_L,PAM13,L,L,,dopamine,dopamine,0.8722731670844879,dopamine,dopamine,dopamine,0,True,True
152385,PAM08,PAM08,cb_intrinsic,DAN,,PAM08(y4)_R,PAM08,R,R,,dopamine,dopamine,0.9072926125853429,dopamine,dopamine,dopamine,0,True,True
152391,KCg-m,KCg-m,cb_intrinsic,Kenyon_Cell,,KCg-m_R,KCg-m,R,R,,acetylcholine,dopamine,0.6953543559282552,,dopamine,acetylcholine,1,True,True
152428,PAM12,PAM12,cb_intrinsic,DAN,,PAM12(y3)_L,PAM12,L,L,,dopamine,dopamine,0.9049041629230309,dopamine,dopamine,dopamine,0,True,True
152470,KCg-d,KCg-d,cb_intrinsic,Kenyon_Cell,,KCg-d_L,KCg-d,L,L,,acetylcholine,dopamine,0.7432721670847421,,dopamine,acetylcholine,1,True,True
152548,KCg-m,KCg-m,cb_intrinsic,Kenyon_Cell,,KCg-m_L,KCg-m,L,L,,acetylcholine,dopamine,0.7676691400934202,,dopamine,acetylcholine,1,True,True
152553,KCab-s,KCab-s,cb_intrinsic,Kenyon_Cell,,KCab-s_L,"KCab-m,KCab-c,KCab-s",L,L,,acetylcholine,dopamine,0.7836456415861328,,dopamine,acetylcholine,1,True,True
152556,M_vPNml84,M_vPNml84,cb_intrinsic,ALPN,,M_vPNml84_L,M_vPNml84,L,L,,gaba,gaba,0.8027501478602234,gaba,gaba,gaba,-1,True,True
152559,KCab-c,KCab-c,cb_intrinsic,Kenyon_Cell,,KCab-c_L,"KCab-m,KCab-c,KCab-s",L,L,,acetylcholine,dopamine,0.794579185856485,,dopamine,acetylcholine,1,True,True
152601,KCab-m,KCab-m,cb_intrinsic,Kenyon_Cell,,KCab-m_R,"KCab-m,KCab-c,KCab-s",R,R,,acetylcholine,dopamine,0.7514284819068453,,dopamine,acetylcholine,1,True,True
152688,KCg-d,KCg-d,cb_intrinsic,Kenyon_Cell,,KCg-d_L,KCg-d,L,L,,acetylcholine,dopamine,0.703447888589398,,dopamine,acetylcholine,1,True,True
152706,KCa'b'-m,KCa'b'-m,cb_intrinsic,Kenyon_Cell,,KCa'b'-m_L,KCa'b'-m,L,L,,acetylcholine,dopamine,0.6808650509650834,,dopamine,acetylcholine,1,True,True
152784,KCab-p,KCab-p,cb_intrinsic,Kenyon_Cell,,KCab-p_L,KCab-p,L,L,,acetylcholine,dopamine,0.646072319662208,,dopamine,acetylcholine,1,True,True
152839,KCab-s,KCab-s,cb_intrinsic,Kenyon_Cell,,KCab-s_L,"KCab-m,KCab-c,KCab-s",L,L,,acetylcholine,dopamine,0.7396865526446768,,dopamine,acetylcholine,1,True,True
152860,KCa'b'-ap1,KCa'b'-ap1,cb_intrinsic,Kenyon_Cell,,KCa'b'-ap1_R,KCa'b'-ap1,R,R,,acetylcholine,dopamine,0.6956925090877618,,dopamine,acetylcholine,1,True,True
152889,KCab-s,KCab-s,cb_intrinsic,Kenyon_Cell,,KCab-s_R,"KCab-m,KCab-c,KCab-s",R,R,,acetylcholine,dopamine,0.7777788517716603,,dopamine,acetylcholine,1,True,True
152943,KCg-m,KCg-m,cb_intrinsic,Kenyon_Cell,,KCg-m_L,KCg-m,L,L,,acetylcholine,dopamine,0.7658170226993422,,dopamine,acetylcholine,1,True,True
152964,KCg-m,KCg-m,cb_intrinsic,Kenyon_Cell,,KCg-m_L,KCg-m,L,L,,acetylcholine,dopamine,0.7250136294680952,,dopamine,acetylcholine,1,True,True
152997,PAM05,PAM05,cb_intrinsic,DAN,,PAM05(B'2p)_L,PAM05,L,L,,dopamine,dopamine,0.8947139482169653,dopamine,dopamine,dopamine,0,True,True
153035,PAM04,PAM04,cb_intrinsic,DAN,,PAM04(B2)_L,PAM04,L,L,,dopamine,dopamine,0.9132291666666668,dopamine,dopamine,dopamine,0,True,True
153080,KCab-p,KCab-p,cb_intrinsic,Kenyon_Cell,,KCab-p_R,KCab-p,R,R,,acetylcholine,dopamine,0.7500257374962563,,dopamine,acetylcholine,1,True,True
153083,KCab-s,KCab-s,cb_intrinsic,Kenyon_Cell,,KCab-s_L,"KCab-m,KCab-c,KCab-s",L,L,,acetylcholine,dopamine,0.7704446191474493,,dopamine,acetylcholine,1,True,True
153165,KCa'b'-m,KCa'b'-m,cb_intrinsic,Kenyon_Cell,,KCa'b'-m_R,KCa'b'-m,R,R,,acetylcholine,dopamine,0.6849022422750889,,dopamine,acetylcholine,1,True,True
153391,KCg-m,KCg-m,cb_intrinsic,Kenyon_Cell,,KCg-m_R,KCg-m,R,R,,acetylcholine,dopamine,0.7049245210893773,,dopamine,acetylcholine,1,True,True
153460,KCab-m,KCab-m,cb_intrinsic,Kenyon_Cell,,KCab-m_L,"KCab-m,KCab-c,KCab-s",L,L,,acetylcholine,dopamine,0.8081167675329298,,dopamine,acetylcholine,1,True,True
153492,KCab-s,KCab-s,cb_intrinsic,Kenyon_Cell,,KCab-s_L,"KCab-m,KCab-c,KCab-s",L,L,,acetylcholine,dopamine,0.7921252620545074,,dopamine,acetylcholine,1,True,True
153545,KCg-d,KCg-d,cb_intrinsic,Kenyon_Cell,,KCg-d_R,KCg-d,R,R,,acetylcholine,dopamine,0.8062054646728222,,dopamine,acetylcholine,1,True,True
153573,KCab-m,KCab-m,cb_intrinsic,Kenyon_Cell,,KCab-m_R,"KCab-m,KCab-c,KCab-s",R,R,,acetylcholine,dopamine,0.7511950259376579,,dopamine,acetylcholine,1,True,True
153584,KCab-p,KCab-p,cb_intrinsic,Kenyon_Cell,,KCab-p_L,KCab-p,L,L,,acetylcholine,dopamine,0.6389694439096394,,dopamine,acetylcholine,1,True,True
153593,KCab-c,KCab-c,cb_intrinsic,Kenyon_Cell,,KCab-c_R,"KCab-m,KCab-c,KCab-s",R,R,,acetylcholine,dopamine,0.720868041616486,,dopamine,acetylcholine,1,True,True
153635,KCg-m,KCg-m,cb_intrinsic,Kenyon_Cell,,KCg-m_L,KCg-m,L,L,,acetylcholine,dopamine,0.769955147780565,,dopamine,acetylcholine,1,True,True
153672,KCa'b'-ap2,KCa'b'-ap2,cb_intrinsic,Kenyon_Cell,,KCa'b'-ap2_R,KCa'b'-ap2,R,R,,acetylcholine,dopamine,0.7230459646266322,,dopamine,acetylcholine,1,True,True
153695,KCab-c,KCab-c,cb_intrinsic,Kenyon_Cell,,KCab-c_R,"KCab-m,KCab-c,KCab-s",R,R,,acetylcholine,dopamine,0.749694079846869,,dopamine,acetylcholine,1,True,True
153703,KCab-c,KCab-c,cb_intrinsic,Kenyon_Cell,,KCab-c_L,"KCab-m,KCab-c,KCab-s",L,L,,acetylcholine,dopamine,0.7076632372604368,,dopamine,acetylcholine,1,True,True
153771,PAM07,PAM07,cb_intrinsic,DAN,,PAM07(y4<y1y2)_L,PAM07,L,L,,dopamine,dopamine,0.9219732704402516,dopamine,dopamine,dopamine,0,True,True
153774,KCa'b'-m,KCa'b'-m,cb_intrinsic,Kenyon_Cell,,KCa'b'-m_L,KCa'b'-m,L,L,,acetylcholine,dopamine,0.7430039387586558,,dopamine,acetylcholine,1,True,True
153817,KCg-m,KCg-m,cb_intrinsic,Kenyon_Cell,,KCg-m_L,KCg-m,L,L,,acetylcholine,dopamine,0.8074099728277462,,dopamine,acetylcholine,1,True,True
153931,PAM01,PAM01,cb_intrinsic,DAN,,PAM01(y5)_L,PAM01,L,L,,dopamine,dopamine,0.9086458333333333,dopamine,dopamine,dopamine,0,True,True
154046,KCg-m,KCg-m,cb_intrinsic,Kenyon_Cell,,KCg-m_L,KCg-m,L,L,,acetylcholine,dopamine,0.7419107326866361,,dopamine,acetylcholine,1,True,True
154230,PAM05,PAM05,cb_intrinsic,DAN,,PAM05(B'2p)_R,PAM05,R,R,,dopamine,dopamine,0.8927508871386532,dopamine,dopamine,dopamine,0,True,True
154387,PAM14,PAM14,cb_intrinsic,DAN,,PAM14(B'1m)_L,PAM14,L,L,,dopamine,dopamine,0.8946479461477986,dopamine,dopamine,dopamine,0,True,True
154400,KCa'b'-m,KCa'b'-m,cb_intrinsic,Kenyon_Cell,,KCa'b'-m_L,KCa'b'-m,L,L,,acetylcholine,dopamine,0.7148876294627491,,dopamine,acetylcholine,1,True,True
154433,KCg-m,KCg-m,cb_intrinsic,Kenyon_Cell,,KCg-m_R,KCg-m,R,R,,acetylcholine,dopamine,0.7757880938342318,,dopamine,acetylcholine,1,True,True
154465,KCg-m,KCg-m,cb_intrinsic,Kenyon_Cell,,KCg-m_L,KCg-m,L,L,,acetylcholine,dopamine,0.7160031072177299,,dopamine,acetylcholine,1,True,True
154495,KCab-m,KCab-m,cb_intrinsic,Kenyon_Cell,,KCab-m_L,"KCab-m,KCab-c,KCab-s",L,L,,acetylcholine,dopamine,0.6363778744103774,,dopamine,acetylcholine,1,True,True
154509,KCab-c,KCab-c,cb_intrinsic,Kenyon_Cell,,KCab-c_L,"KCab-m,KCab-c,KCab-s",L,L,,acetylcholine,dopamine,0.7357370740090683,,dopamine,acetylcholine,1,True,True
154716,KCab-c,KCab-c,cb_intrinsic,Kenyon_Cell,,KCab-c_L,"KCab-m,KCab-c,KCab-s",L,L,,acetylcholine,dopamine,0.7233696122554959,,dopamine,acetylcholine,1,True,True
154739,KCg-m,KCg-m,cb_intrinsic,Kenyon_Cell,,KCg-m_L,KCg-m,L,L,,acetylcholine,dopamine,0.7110346277607138,,dopamine,acetylcholine,1,True,True
154837,KCab-c,KCab-c,cb_intrinsic,Kenyon_Cell,,KCab-c_R,"KCab-m,KCab-c,KCab-s",R,R,,acetylcholine,dopamine,0.7819563187893083,,dopamine,acetylcholine,1,True,True
154959,KCab-c,KCab-c,cb_intrinsic,Kenyon_Cell,,KCab-c_L,"KCab-m,KCab-c,KCab-s",L,L,,acetylcholine,dopamine,0.767964113296129,,dopamine,acetylcholine,1,True,True
155022,KCab-s,KCab-s,cb_intrinsic,Kenyon_Cell,,KCab-s_L,"KCab-m,KCab-c,KCab-s",L,L,,acetylcholine,dopamine,0.7809015232615192,,dopamine,acetylcholine,1,True,True
155118,KCab-c,KCab-c,cb_intrinsic,Kenyon_Cell,,KCab-c_R,"KCab-m,KCab-c,KCab-s",R,R,,acetylcholine,dopamine,0.7444294148477001,,dopamine,acetylcholine,1,True,True
155190,KCab-s,KCab-s,cb_intrinsic,Kenyon_Cell,,KCab-s_L,"KCab-m,KCab-c,KCab-s",L,L,,acetylcholine,dopamine,0.6939744370054778,,dopamine,acetylcholine,1,True,True
155211,KCa'b'-m,KCa'b'-m,cb_intrinsic,Kenyon_Cell,,KCa'b'-m_L,KCa'b'-m,L,L,,acetylcholine,dopamine,0.6720516659600028,,dopamine,acetylcholine,1,True,True
155294,M_adPNm7,M_adPNm7,cb_intrinsic,ALPN,,M_adPNm7_R,M_adPNm7,R,R,,acetylcholine,acetylcholine,0.9160471424417288,acetylcholine,acetylcholine,acetylcholine,1,True,True
155297,KCab-c,KCab-c,cb_intrinsic,Kenyon_Cell,,KCab-c_L,"KCab-m,KCab-c,KCab-s",L,L,,acetylcholine,dopamine,0.7990933641975309,,dopamine,acetylcholine,1,True,True
155312,KCg-m,KCg-m,cb_intrinsic,Kenyon_Cell,,KCg-m_L,KCg-m,L,L,,acetylcholine,dopamine,0.7624875364319681,,dopamine,acetylcholine,1,True,True
155329,PAM02,PAM02,cb_intrinsic,DAN,,PAM02(B'2a)_R,PAM02,R,R,,dopamine,dopamine,0.9008435903105346,dopamine,dopamine,dopamine,0,True,True
155692,KCab-s,KCab-s,cb_intrinsic,Kenyon_Cell,,KCab-s_R,"KCab-m,KCab-c,KCab-s",R,R,,acetylcholine,dopamine,0.7773153783728951,,dopamine,acetylcholine,1,True,True
155708,KCab-c,KCab-c,cb_intrinsic,Kenyon_Cell,,KCab-c_R,"KCab-m,KCab-c,KCab-s",R,R,,acetylcholine,dopamine,0.7106525157232704,,dopamine,acetylcholine,1,True,True
155716,KCab-p,KCab-p,cb_intrinsic,Kenyon_Cell,,KCab-p_L,KCab-p,L,L,,acetylcholine,dopamine,0.7198523379819525,,dopamine,acetylcholine,1,True,True
155793,KCa'b'-ap1,KCa'b'-ap1,cb_intrinsic,Kenyon_Cell,,KCa'b'-ap1_R,KCa'b'-ap1,R,R,,acetylcholine,dopamine,0.7311929095537586,,dopamine,acetylcholine,1,True,True
155871,KCab-m,KCab-m,cb_intrinsic,Kenyon_Cell,,KCab-m_L,"KCab-m,KCab-c,KCab-s",L,L,,acetylcholine,dopamine,0.764392332531341,,dopamine,acetylcholine,1,True,True
155916,PAM01,PAM01,cb_intrinsic,DAN,,PAM01(y5)_L,PAM01,L,L,,dopamine,dopamine,0.9219732704402516,dopamine,dopamine,dopamine,0,True,True
155937,KCab-s,KCab-s,cb_intrinsic,Kenyon_Cell,,KCab-s_L,"KCab-m,KCab-c,KCab-s",L,L,,acetylcholine,dopamine,0.8120977768026912,,dopamine,acetylcholine,1,True,True
155996,KCg-d,KCg-d,cb_intrinsic,Kenyon_Cell,,KCg-d_L,KCg-d,L,L,,acetylcholine,dopamine,0.7337734185218463,,dopamine,acetylcholine,1,True,True
156028,PAM01,PAM01,cb_intrinsic,DAN,,PAM01(y5)_R,PAM01,R,R,,dopamine,dopamine,0.8995883628266729,dopamine,dopamine,dopamine,0,True,True
156046,PAM01,PAM01,cb_intrinsic,DAN,,PAM01(y5)_L,PAM01,L,L,,dopamine,dopamine,0.9219732704402516,dopamine,dopamine,dopamine,0,True,True
156345,KCab-c,KCab-c,cb_intrinsic,Kenyon_Cell,,KCab-c_R,"KCab-m,KCab-c,KCab-s",R,R,,acetylcholine,dopamine,0.7416615395132622,,dopamine,acetylcholine,1,True,True
156435,KCab-m,KCab-m,cb_intrinsic,Kenyon_Cell,,KCab-m_L,"KCab-m,KCab-c,KCab-s",L,L,,acetylcholine,dopamine,0.7666116352201258,,dopamine,acetylcholine,1,True,True
156450,KCg-m,KCg-m,cb_intrinsic,Kenyon_Cell,,KCg-m_L,KCg-m,L,L,,acetylcholine,dopamine,0.7753041420494251,,dopamine,acetylcholine,1,True,True
156528,KCg-m,KCg-m,cb_intrinsic,Kenyon_Cell,,KCg-m_L,KCg-m,L,L,,acetylcholine,dopamine,0.6901259779107225,,dopamine,acetylcholine,1,True,True
156554,KCab-s,KCab-s,cb_intrinsic,Kenyon_Cell,,KCab-s_L,"KCab-m,KCab-c,KCab-s",L,L,,acetylcholine,dopamine,0.7988750509026741,,dopamine,acetylcholine,1,True,True
156598,KCab-s,KCab-s,cb_intrinsic,Kenyon_Cell,,KCab-s_R,"KCab-m,KCab-c,KCab-s",R,R,,acetylcholine,dopamine,0.739360669930738,,dopamine,acetylcholine,1,True,True
156664,KCg-m,KCg-m,cb_intrinsic,Kenyon_Cell,,KCg-m_L,KCg-m,L,L,,acetylcholine,dopamine,0.7732329370427417,,dopamine,acetylcholine,1,True,True
156785,KCg-d,KCg-d,cb_intrinsic,Kenyon_Cell,,KCg-d_L,KCg-d,L,L,,acetylcholine,dopamine,0.7837722746331237,,dopamine,acetylcholine,1,True,True
157016,PAM11,PAM11,cb_intrinsic,DAN,,PAM11(a1)_L,PAM11,L,L,,dopamine,dopamine,0.7631476707620302,dopamine,dopamine,dopamine,0,True,True
157037,KCab-m,KCab-m,cb_intrinsic,Kenyon_Cell,,KCab-m_R,"KCab-m,KCab-c,KCab-s",R,R,,acetylcholine,dopamine,0.7433631658961223,,dopamine,acetylcholine,1,True,True
157134,PAM08,PAM08,cb_intrinsic,DAN,,PAM08(y4)_R,PAM08,R,R,,dopamine,dopamine,0.9164748904135696,dopamine,dopamine,dopamine,0,True,True
157166,KCab-s,KCab-s,cb_intrinsic,Kenyon_Cell,,KCab-s_R,"KCab-m,KCab-c,KCab-s",R,R,,acetylcholine,dopamine,0.8172089355989555,,dopamine,acetylcholine,1,True,True
157213,KCab-s,KCab-s,cb_intrinsic,Kenyon_Cell,,KCab-s_L,"KCab-m,KCab-c,KCab-s",L,L,,acetylcholine,dopamine,0.8028681414009976,,dopamine,acetylcholine,1,True,True
157257,PAM12,PAM12,cb_intrinsic,DAN,,PAM12(y3)_L,PAM12,L,L,,dopamine,dopamine,0.9057171758698286,dopamine,dopamine,dopamine,0,True,True
157281,KCab-s,KCab-s,cb_intrinsic,Kenyon_Cell,,KCab-s_R,"KCab-m,KCab-c,KCab-s",R,R,,acetylcholine,dopamine,0.746771290692615,,dopamine,acetylcholine,1,True,True
157325,KCg-d,KCg-d,cb_intrinsic,Kenyon_Cell,,KCg-d_R,KCg-d,R,R,,acetylcholine,dopamine,0.8049809388285725,,dopamine,acetylcholine,1,True,True
157370,PAM13,PAM13,cb_intrinsic,DAN,,PAM13(B'1ap)_R,PAM13,R,R,,dopamine,dopamine,0.8927309111700192,dopamine,dopamine,dopamine,0,True,True
157389,KCab-s,KCab-s,cb_intrinsic,Kenyon_Cell,,KCab-s_L,"KCab-m,KCab-c,KCab-s",L,L,,acetylcholine,dopamine,0.8297847538494904,,dopamine,acetylcholine,1,True,True
157588,KCab-s,KCab-s,cb_intrinsic,Kenyon_Cell,,KCab-s_R,"KCab-m,KCab-c,KCab-s",R,R,,acetylcholine,dopamine,0.8211801701812801,,dopamine,acetylcholine,1,True,True
157610,KCab-m,KCab-m,cb_intrinsic,Kenyon_Cell,,KCab-m_R,"KCab-m,KCab-c,KCab-s",R,R,,acetylcholine,dopamine,0.6619319791489603,,dopamine,acetylcholine,1,True,True
157675,KCab-c,KCab-c,cb_intrinsic,Kenyon_Cell,,KCab-c_L,"KCab-m,KCab-c,KCab-s",L,L,,acetylcholine,dopamine,0.7384491957933808,,dopamine,acetylcholine,1,True,True
157683,PAM04,PAM04,cb_intrinsic,DAN,,PAM04(B2)_R,PAM04,R,R,,dopamine,dopamine,0.9219732704402516,dopamine,dopamine,dopamine,0,True,True
157751,KCa'b'-ap2,KCa'b'-ap2,cb_intrinsic,Kenyon_Cell,,KCa'b'-ap2_R,KCa'b'-ap2,R,R,,acetylcholine,dopamine,0.7780024833950508,,dopamine,acetylcholine,1,True,True
157767,PAM05,PAM05,cb_intrinsic,DAN,,PAM05(B'2p)_R,PAM05,R,R,,dopamine,dopamine,0.9147467383959665,dopamine,dopamine,dopamine,0,True,True
157816,PAM04,PAM04,cb_intrinsic,DAN,,PAM04(B2)_L,PAM04,L,L,,dopamine,dopamine,0.8191014613392527,dopamine,dopamine,dopamine,0,True,True
157864,KCg-m,KCg-m,cb_intrinsic,Kenyon_Cell,,KCg-m_R,KCg-m,R,R,,acetylcholine,dopamine,0.7568684206100966,,dopamine,acetylcholine,1,True,True
158007,KCab-s,KCab-s,cb_intrinsic,Kenyon_Cell,,KCab-s_L,"KCab-m,KCab-c,KCab-s",L,L,,acetylcholine,dopamine,0.7573049356702742,,dopamine,acetylcholine,1,True,True
158126,KCab-s,KCab-s,cb_intrinsic,Kenyon_Cell,,KCab-s_L,"KCab-m,KCab-c,KCab-s",L,L,,acetylcholine,dopamine,0.7346634301233358,,dopamine,acetylcholine,1,True,True
158169,KCab-c,KCab-c,cb_intrinsic,Kenyon_Cell,,KCab-c_L,"KCab-m,KCab-c,KCab-s",L,L,,acetylcholine,dopamine,0.7378761534223935,,dopamine,acetylcholine,1,True,True
158196,PAM04,PAM04,cb_intrinsic,DAN,,PAM04(B2)_L,PAM04,L,L,,dopamine,dopamine,0.8644462719298246,dopamine,dopamine,dopamine,0,True,True
158232,M_vPNml69,M_vPNml69,cb_intrinsic,ALPN,,M_vPNml69_L,M_vPNml69,L,L,,gaba,gaba,0.8009432377675195,gaba,gaba,gaba,-1,True,True
158246,KCab-c,KCab-c,cb_intrinsic,Kenyon_Cell,,KCab-c_R,"KCab-m,KCab-c,KCab-s",R,R,,acetylcholine,dopamine,0.735799478724007,,dopamine,acetylcholine,1,True,True
158263,KCab-p,KCab-p,cb_intrinsic,Kenyon_Cell,,KCab-p_L,KCab-p,L,L,,acetylcholine,dopamine,0.6793505344193559,,dopamine,acetylcholine,1,True,True
158276,KCab-c,KCab-c,cb_intrinsic,Kenyon_Cell,,KCab-c_R,"KCab-m,KCab-c,KCab-s",R,R,,acetylcholine,dopamine,0.6882493121069182,,dopamine,acetylcholine,1,True,True
158328,KCg-m,KCg-m,cb_intrinsic,Kenyon_Cell,,KCg-m_L,KCg-m,L,L,,acetylcholine,dopamine,0.7602531803887935,,dopamine,acetylcholine,1,True,True
158344,KCab-m,KCab-m,cb_intrinsic,Kenyon_Cell,,KCab-m_R,"KCab-m,KCab-c,KCab-s",R,R,,acetylcholine,dopamine,0.7924369801176709,,dopamine,acetylcholine,1,True,True
158368,KCab-m,KCab-m,cb_intrinsic,Kenyon_Cell,,KCab-m_L,"KCab-m,KCab-c,KCab-s",L,L,,acetylcholine,dopamine,0.7168936309985353,,dopamine,acetylcholine,1,True,True
158372,PAM08,PAM08,cb_intrinsic,DAN,,PAM08(y4)_L,PAM08,L,L,,dopamine,dopamine,0.9142196901630864,dopamine,dopamine,dopamine,0,True,True
158447,KCg-d,KCg-d,cb_intrinsic,Kenyon_Cell,,KCg-d_L,KCg-d,L,L,,acetylcholine,dopamine,0.7431379439044533,,dopamine,acetylcholine,1,True,True
158470,KCab-m,KCab-m,cb_intrinsic,Kenyon_Cell,,KCab-m_L,"KCab-m,KCab-c,KCab-s",L,L,,acetylcholine,dopamine,0.6753515485938056,,dopamine,acetylcholine,1,True,True
158500,KCab-c,KCab-c,cb_intrinsic,Kenyon_Cell,,KCab-c_L,"KCab-m,KCab-c,KCab-s",L,L,,acetylcholine,dopamine,0.7935137498395585,,dopamine,acetylcholine,1,True,True
158651,PAM06,PAM06,cb_intrinsic,DAN,,PAM06(B'2m)_L,PAM06,L,L,,dopamine,dopamine,0.9068972294513121,dopamine,dopamine,dopamine,0,True,True
158676,KCg-m,KCg-m,cb_intrinsic,Kenyon_Cell,,KCg-m_L,KCg-m,L,L,,acetylcholine,dopamine,0.7606141524552492,,dopamine,acetylcholine,1,True,True
158823,CB2703,CB2703,cb_intrinsic,ALPN,,CB2703_L,,L,L,,gaba,gaba,0.7957378656134149,gaba,gaba,gaba,-1,True,True
158857,KCab-c,KCab-c,cb_intrinsic,Kenyon_Cell,,KCab-c_R,"KCab-m,KCab-c,KCab-s",R,R,,acetylcholine,dopamine,0.7889760897852961,,dopamine,acetylcholine,1,True,True
158869,KCa'b'-ap2,KCa'b'-ap2,cb_intrinsic,Kenyon_Cell,,KCa'b'-ap2_R,KCa'b'-ap2,R,R,,acetylcholine,dopamine,0.6978977685050798,,dopamine,acetylcholine,1,True,True
158876,KCab-m,KCab-m,cb_intrinsic,Kenyon_Cell,,KCab-m_L,"KCab-m,KCab-c,KCab-s",L,L,,acetylcholine,dopamine,0.7868690157702056,,dopamine,acetylcholine,1,True,True
158917,PAM12,PAM12,cb_intrinsic,DAN,,PAM12(y3)_R,PAM12,R,R,,dopamine,dopamine,0.9109743977690756,dopamine,dopamine,dopamine,0,True,True
159062,PAM01,PAM01,cb_intrinsic,DAN,,PAM01(y5)_L,PAM01,L,L,,dopamine,dopamine,0.9157902005779364,dopamine,dopamine,dopamine,0,True,True
159158,PAM01,PAM01,cb_intrinsic,DAN,,PAM01(y5)_L,PAM01,L,L,,dopamine,dopamine,0.9219732704402516,dopamine,dopamine,dopamine,0,True,True
159261,KCg-m,KCg-m,cb_intrinsic,Kenyon_Cell,,KCg-m_L,KCg-m,L,L,,acetylcholine,dopamine,0.7673533440316411,,dopamine,acetylcholine,1,True,True
159286,KCab-m,KCab-m,cb_intrinsic,Kenyon_Cell,,KCab-m_L,"KCab-m,KCab-c,KCab-s",L,L,,acetylcholine,dopamine,0.7572606189043843,,dopamine,acetylcholine,1,True,True
159347,KCab-m,KCab-m,cb_intrinsic,Kenyon_Cell,,KCab-m_L,"KCab-m,KCab-c,KCab-s",L,L,,acetylcholine,dopamine,0.7958720634480206,,dopamine,acetylcholine,1,True,True
159383,KCab-m,KCab-m,cb_intrinsic,Kenyon_Cell,,KCab-m_L,"KCab-m,KCab-c,KCab-s",L,L,,acetylcholine,dopamine,0.7715592243186583,,dopamine,acetylcholine,1,True,True
159580,KCg-d,KCg-d,cb_intrinsic,Kenyon_Cell,,KCg-d_R,KCg-d,R,R,,acetylcholine,dopamine,0.7831876255392012,,dopamine,acetylcholine,1,True,True
159654,KCab-m,KCab-m,cb_intrinsic,Kenyon_Cell,,KCab-m_L,"KCab-m,KCab-c,KCab-s",L,L,,acetylcholine,dopamine,0.7613310696284402,,dopamine,acetylcholine,1,True,True
159665,KCab-m,KCab-m,cb_intrinsic,Kenyon_Cell,,KCab-m_L,"KCab-m,KCab-c,KCab-s",L,L,,acetylcholine,dopamine,0.7254360295830422,,dopamine,acetylcholine,1,True,True
159667,KCab-c,KCab-c,cb_intrinsic,Kenyon_Cell,,KCab-c_L,"KCab-m,KCab-c,KCab-s",L,L,,acetylcholine,dopamine,0.765998427672956,,dopamine,acetylcholine,1,True,True
159685,KCab-m,KCab-m,cb_intrinsic,Kenyon_Cell,,KCab-m_L,"KCab-m,KCab-c,KCab-s",L,L,,acetylcholine,dopamine,0.7554546825191695,,dopamine,acetylcholine,1,True,True
159692,KCab-c,KCab-c,cb_intrinsic,Kenyon_Cell,,KCab-c_R,"KCab-m,KCab-c,KCab-s",R,R,,acetylcholine,dopamine,0.7504853964170002,,dopamine,acetylcholine,1,True,True
159764,KCab-m,KCab-m,cb_intrinsic,Kenyon_Cell,,KCab-m_L,"KCab-m,KCab-c,KCab-s",L,L,,acetylcholine,dopamine,0.8264226629946483,,dopamine,acetylcholine,1,True,True
159831,PAM14,PAM14,cb_intrinsic,DAN,,PAM14(B'1m)_L,PAM14,L,L,,dopamine,dopamine,0.8985042067557999,dopamine,dopamine,dopamine,0,True,True
160277,PAM06,PAM06,cb_intrinsic,DAN,,PAM06(B'2m)_R,PAM06,R,R,,dopamine,dopamine,0.9108097484276729,dopamine,dopamine,dopamine,0,True,True
160320,MBON25-like,MBON25-like,cb_intrinsic,MBON,,MBON25-like(y2)_L,,L,L,,glutamate,glutamate,0.836456082943496,,glutamate,glutamate,-1,True,True
160400,KCab-s,KCab-s,cb_intrinsic,Kenyon_Cell,,KCab-s_L,"KCab-m,KCab-c,KCab-s",L,L,,acetylcholine,dopamine,0.7967707737754908,,dopamine,acetylcholine,1,True,True
160407,KCab-s,KCab-s,cb_intrinsic,Kenyon_Cell,,KCab-s_L,"KCab-m,KCab-c,KCab-s",L,L,,acetylcholine,dopamine,0.784121319088675,,dopamine,acetylcholine,1,True,True
160563,KCab-c,KCab-c,cb_intrinsic,Kenyon_Cell,,KCab-c_L,"KCab-m,KCab-c,KCab-s",L,L,,acetylcholine,dopamine,0.6698579815392969,,dopamine,acetylcholine,1,True,True
160568,KCab-c,KCab-c,cb_intrinsic,Kenyon_Cell,,KCab-c_L,"KCab-m,KCab-c,KCab-s",L,L,,acetylcholine,dopamine,0.6513394334893838,,dopamine,acetylcholine,1,True,True
160681,KCab-m,KCab-m,cb_intrinsic,Kenyon_Cell,,KCab-m_L,"KCab-m,KCab-c,KCab-s",L,L,,acetylcholine,dopamine,0.7856463091691492,,dopamine,acetylcholine,1,True,True
160745,KCab-c,KCab-c,cb_intrinsic,Kenyon_Cell,,KCab-c_L,"KCab-m,KCab-c,KCab-s",L,L,,acetylcholine,dopamine,0.700639049754032,,dopamine,acetylcholine,1,True,True
160748,KCab-c,KCab-c,cb_intrinsic,Kenyon_Cell,,KCab-c_L,"KCab-m,KCab-c,KCab-s",L,L,,acetylcholine,dopamine,0.728151742447675,,dopamine,acetylcholine,1,True,True
160750,KCab-m,KCab-m,cb_intrinsic,Kenyon_Cell,,KCab-m_L,"KCab-m,KCab-c,KCab-s",L,L,,acetylcholine,dopamine,0.6772652069839481,,dopamine,acetylcholine,1,True,True
160878,KCg-m,KCg-m,cb_intrinsic,Kenyon_Cell,,KCg-m_R,KCg-m,R,R,,acetylcholine,dopamine,0.782114974469145,,dopamine,acetylcholine,1,True,True
160885,KCab-s,KCab-s,cb_intrinsic,Kenyon_Cell,,KCab-s_R,"KCab-m,KCab-c,KCab-s",R,R,,acetylcholine,dopamine,0.7642182895720632,,dopamine,acetylcholine,1,True,True
160889,KCab-m,KCab-m,cb_intrinsic,Kenyon_Cell,,KCab-m_R,"KCab-m,KCab-c,KCab-s",R,R,,acetylcholine,dopamine,0.7156287109117297,,dopamine,acetylcholine,1,True,True
161026,KCa'b'-ap2,KCa'b'-ap2,cb_intrinsic,Kenyon_Cell,,KCa'b'-ap2_R,KCa'b'-ap2,R,R,,acetylcholine,dopamine,0.7070482583454282,,dopamine,acetylcholine,1,True,True
161034,CB3228,CB3228,cb_intrinsic,ALPN,,CB3228_R,,R,R,,gaba,gaba,0.7189405716670049,gaba,gaba,gaba,-1,True,True
161079,PAM15,PAM15,cb_intrinsic,DAN,,PAM15(y5B'2a)_L,PAM15,L,L,,dopamine,dopamine,0.9219732704402516,dopamine,dopamine,dopamine,0,True,True
161153,PAM08,PAM08,cb_intrinsic,DAN,,PAM08(y4)_L,PAM08,L,L,,dopamine,dopamine,0.8766770978635929,dopamine,dopamine,dopamine,0,True,True
161163,KCab-s,KCab-s,cb_intrinsic,Kenyon_Cell,,KCab-s_L,"KCab-m,KCab-c,KCab-s",L,L,,acetylcholine,dopamine,0.7830695881517549,,dopamine,acetylcholine,1,True,True
161200,KCab-c,KCab-c,cb_intrinsic,Kenyon_Cell,,KCab-c_L,"KCab-m,KCab-c,KCab-s",L,L,,acetylcholine,dopamine,0.7445191052569123,,dopamine,acetylcholine,1,True,True
161302,KCa'b'-m,KCa'b'-m,cb_intrinsic,Kenyon_Cell,,KCa'b'-m_R,KCa'b'-m,R,R,,acetylcholine,dopamine,0.7086756651017214,,dopamine,acetylcholine,1,True,True
161418,KCab-c,KCab-c,cb_intrinsic,Kenyon_Cell,,KCab-c_L,"KCab-m,KCab-c,KCab-s",L,L,,acetylcholine,dopamine,0.7135660242971563,,dopamine,acetylcholine,1,True,True
161432,KCab-m,KCab-m,cb_intrinsic,Kenyon_Cell,,KCab-m_R,"KCab-m,KCab-c,KCab-s",R,R,,acetylcholine,dopamine,0.767781565003877,,dopamine,acetylcholine,1,True,True
161517,KCab-c,KCab-c,cb_intrinsic,Kenyon_Cell,,KCab-c_R,"KCab-m,KCab-c,KCab-s",R,R,,acetylcholine,dopamine,0.741583001557902,,dopamine,acetylcholine,1,True,True
161529,KCab-m,KCab-m,cb_intrinsic,Kenyon_Cell,,KCab-m_R,"KCab-m,KCab-c,KCab-s",R,R,,acetylcholine,dopamine,0.7428140910452231,,dopamine,acetylcholine,1,True,True
161552,KCab-s,KCab-s,cb_intrinsic,Kenyon_Cell,,KCab-s_R,"KCab-m,KCab-c,KCab-s",R,R,,acetylcholine,dopamine,0.7317618367437329,,dopamine,acetylcholine,1,True,True
161596,PAM14,PAM14,cb_intrinsic,DAN,,PAM14(B'1m)_R,PAM14,R,R,,dopamine,dopamine,0.8885361989880362,dopamine,dopamine,dopamine,0,True,True
161627,KCab-m,KCab-m,cb_intrinsic,Kenyon_Cell,,KCab-m_L,"KCab-m,KCab-c,KCab-s",L,L,,acetylcholine,dopamine,0.7842737058538946,,dopamine,acetylcholine,1,True,True
161648,KCab-c,KCab-c,cb_intrinsic,Kenyon_Cell,,KCab-c_R,"KCab-m,KCab-c,KCab-s",R,R,,acetylcholine,dopamine,0.6902236941879656,,dopamine,acetylcholine,1,True,True
161706,KCg-m,KCg-m,cb_intrinsic,Kenyon_Cell,,KCg-m_L,KCg-m,L,L,,acetylcholine,dopamine,0.7764225373078784,,dopamine,acetylcholine,1,True,True
161786,KCab-m,KCab-m,cb_intrinsic,Kenyon_Cell,,KCab-m_R,"KCab-m,KCab-c,KCab-s",R,R,,acetylcholine,dopamine,0.7391160473623412,,dopamine,acetylcholine,1,True,True
161865,KCab-c,KCab-c,cb_intrinsic,Kenyon_Cell,,KCab-c_L,"KCab-m,KCab-c,KCab-s",L,L,,acetylcholine,dopamine,0.7358916066913052,,dopamine,acetylcholine,1,True,True
161970,KCab-c,KCab-c,cb_intrinsic,Kenyon_Cell,,KCab-c_L,"KCab-m,KCab-c,KCab-s",L,L,,acetylcholine,dopamine,0.7031181756638714,,dopamine,acetylcholine,1,True,True
162004,KCab-c,KCab-c,cb_intrinsic,Kenyon_Cell,,KCab-c_L,"KCab-m,KCab-c,KCab-s",L,L,,acetylcholine,dopamine,0.73283060244952,,dopamine,acetylcholine,1,True,True
162048,KCab-s,KCab-s,cb_intrinsic,Kenyon_Cell,,KCab-s_L,"KCab-m,KCab-c,KCab-s",L,L,,acetylcholine,dopamine,0.8009068368738179,,dopamine,acetylcholine,1,True,True
162050,PAM08,PAM08,cb_intrinsic,DAN,,PAM08(y4)_L,PAM08,L,L,,dopamine,dopamine,0.9058142306269387,dopamine,dopamine,dopamine,0,True,True
162116,PAM13,PAM13,cb_intrinsic,DAN,,PAM13(B'1ap)_L,PAM13,L,L,,dopamine,dopamine,0.8940943197197676,dopamine,dopamine,dopamine,0,True,True
162392,KCab-s,KCab-s,cb_intrinsic,Kenyon_Cell,,KCab-s_R,"KCab-m,KCab-c,KCab-s",R,R,,acetylcholine,dopamine,0.8102787990196079,,dopamine,acetylcholine,1,True,True
162399,KCab-s,KCab-s,cb_intrinsic,Kenyon_Cell,,KCab-s_L,"KCab-m,KCab-c,KCab-s",L,L,,acetylcholine,dopamine,0.6795995136755887,,dopamine,acetylcholine,1,True,True
162527,KCab-c,KCab-c,cb_intrinsic,Kenyon_Cell,,KCab-c_L,"KCab-m,KCab-c,KCab-s",L,L,,acetylcholine,dopamine,0.7065391680677502,,dopamine,acetylcholine,1,True,True
162607,KCab-m,KCab-m,cb_intrinsic,Kenyon_Cell,,KCab-m_L,"KCab-m,KCab-c,KCab-s",L,L,,acetylcholine,dopamine,0.7571174804359306,,dopamine,acetylcholine,1,True,True
162619,KCab-c,KCab-c,cb_intrinsic,Kenyon_Cell,,KCab-c_L,"KCab-m,KCab-c,KCab-s",L,L,,acetylcholine,dopamine,0.8036469252271139,,dopamine,acetylcholine,1,True,True
162631,PAM13,PAM13,cb_intrinsic,DAN,,PAM13(B'1ap)_R,PAM13,R,R,,dopamine,dopamine,0.880216010711478,dopamine,dopamine,dopamine,0,True,True
162655,KCab-m,KCab-m,cb_intrinsic,Kenyon_Cell,,KCab-m_L,"KCab-m,KCab-c,KCab-s",L,L,,acetylcholine,dopamine,0.7866711236567128,,dopamine,acetylcholine,1,True,True
162674,KCab-c,KCab-c,cb_intrinsic,Kenyon_Cell,,KCab-c_R,"KCab-m,KCab-c,KCab-s",R,R,,acetylcholine,dopamine,0.7066588669340861,,dopamine,acetylcholine,1,True,True
162822,KCab-c,KCab-c,cb_intrinsic,Kenyon_Cell,,KCab-c_L,"KCab-m,KCab-c,KCab-s",L,L,,acetylcholine,dopamine,0.6703643776510165,,dopamine,acetylcholine,1,True,True
162951,KCab-p,KCab-p,cb_intrinsic,Kenyon_Cell,,KCab-p_L,KCab-p,L,L,,acetylcholine,dopamine,0.7431248247406161,,dopamine,acetylcholine,1,True,True
162966,KCab-c,KCab-c,cb_intrinsic,Kenyon_Cell,,KCab-c_L,"KCab-m,KCab-c,KCab-s",L,L,,acetylcholine,dopamine,0.7296163283781208,,dopamine,acetylcholine,1,True,True
163102,KCa'b'-ap1,KCa'b'-ap1,cb_intrinsic,Kenyon_Cell,,KCa'b'-ap1_R,KCa'b'-ap1,R,R,,acetylcholine,dopamine,0.7199339926472823,,dopamine,acetylcholine,1,True,True
163194,PAM06,PAM06,cb_intrinsic,DAN,,PAM06(B'2m)_R,PAM06,R,R,,dopamine,dopamine,0.9219732704402516,dopamine,dopamine,dopamine,0,True,True
163235,KCab-c,KCab-c,cb_intrinsic,Kenyon_Cell,,KCab-c_L,"KCab-m,KCab-c,KCab-s",L,L,,acetylcholine,dopamine,0.7539847700086324,,dopamine,acetylcholine,1,True,True
163251,KCab-s,KCab-s,cb_intrinsic,Kenyon_Cell,,KCab-s_L,"KCab-m,KCab-c,KCab-s",L,L,,acetylcholine,dopamine,0.7528640848600857,,dopamine,acetylcholine,1,True,True
163371,KCab-c,KCab-c,cb_intrinsic,Kenyon_Cell,,KCab-c_L,"KCab-m,KCab-c,KCab-s",L,L,,acetylcholine,dopamine,0.731323304436512,,dopamine,acetylcholine,1,True,True
163450,KCab-m,KCab-m,cb_intrinsic,Kenyon_Cell,,KCab-m_L,"KCab-m,KCab-c,KCab-s",L,L,,acetylcholine,dopamine,0.7708745656858864,,dopamine,acetylcholine,1,True,True
163490,KCab-c,KCab-c,cb_intrinsic,Kenyon_Cell,,KCab-c_L,"KCab-m,KCab-c,KCab-s",L,L,,acetylcholine,dopamine,0.7145530962747945,,dopamine,acetylcholine,1,True,True
163500,KCab-m,KCab-m,cb_intrinsic,Kenyon_Cell,,KCab-m_L,"KCab-m,KCab-c,KCab-s",L,L,,acetylcholine,dopamine,0.7389656334231807,,dopamine,acetylcholine,1,True,True
163516,KCg-m,KCg-m,cb_intrinsic,Kenyon_Cell,,KCg-m_R,KCg-m,R,R,,acetylcholine,dopamine,0.792345249917246,,dopamine,acetylcholine,1,True,True
163698,KCg-m,KCg-m,cb_intrinsic,Kenyon_Cell,,KCg-m_L,KCg-m,L,L,,acetylcholine,dopamine,0.7777008252637184,,dopamine,acetylcholine,1,True,True
163735,KCg-m,KCg-m,cb_intrinsic,Kenyon_Cell,,KCg-m_L,KCg-m,L,L,,acetylcholine,dopamine,0.776727326329331,,dopamine,acetylcholine,1,True,True
163739,KCab-m,KCab-m,cb_intrinsic,Kenyon_Cell,,KCab-m_L,"KCab-m,KCab-c,KCab-s",L,L,,acetylcholine,dopamine,0.7522364553787972,,dopamine,acetylcholine,1,True,True
163808,KCab-s,KCab-s,cb_intrinsic,Kenyon_Cell,,KCab-s_L,"KCab-m,KCab-c,KCab-s",L,L,,acetylcholine,dopamine,0.7002923545597485,,dopamine,acetylcholine,1,True,True
163811,CB3228,CB3228,cb_intrinsic,ALPN,,CB3228_R,,R,R,,gaba,gaba,0.7011284038976128,gaba,gaba,gaba,-1,True,True
163883,PAM03,PAM03,cb_intrinsic,DAN,,PAM03(B2B'2a)_L,PAM03,L,L,,dopamine,unclear,0.9219732704402516,dopamine,dopamine,dopamine,0,True,True
163889,KCab-m,KCab-m,cb_intrinsic,Kenyon_Cell,,KCab-m_L,"KCab-m,KCab-c,KCab-s",L,L,,acetylcholine,dopamine,0.6295133363643253,,dopamine,acetylcholine,1,True,True
163951,PAM06,PAM06,cb_intrinsic,DAN,,PAM06(B'2m)_R,PAM06,R,R,,dopamine,dopamine,0.9219732704402516,dopamine,dopamine,dopamine,0,True,True
163971,KCg-m,KCg-m,cb_intrinsic,Kenyon_Cell,,KCg-m_R,KCg-m,R,R,,acetylcholine,dopamine,0.7300166553199766,,dopamine,acetylcholine,1,True,True
163974,KCab-c,KCab-c,cb_intrinsic,Kenyon_Cell,,KCab-c_L,"KCab-m,KCab-c,KCab-s",L,L,,acetylcholine,dopamine,0.7057783018867925,,dopamine,acetylcholine,1,True,True
164086,PAM01,PAM01,cb_intrinsic,DAN,,PAM01(y5)_R,PAM01,R,R,,dopamine,dopamine,0.9163938917476654,dopamine,dopamine,dopamine,0,True,True
164099,KCab-m,KCab-m,cb_intrinsic,Kenyon_Cell,,KCab-m_L,"KCab-m,KCab-c,KCab-s",L,L,,acetylcholine,dopamine,0.7990369496855346,,dopamine,acetylcholine,1,True,True
164103,KCg-m,KCg-m,cb_intrinsic,Kenyon_Cell,,KCg-m_R,KCg-m,R,R,,acetylcholine,dopamine,0.7633883285511406,,dopamine,acetylcholine,1,True,True
164216,KCab-c,KCab-c,cb_intrinsic,Kenyon_Cell,,KCab-c_R,"KCab-m,KCab-c,KCab-s",R,R,,acetylcholine,dopamine,0.7393942371831522,,dopamine,acetylcholine,1,True,True
164279,PAM14,PAM14,cb_intrinsic,DAN,,PAM14(B'1m)_R,PAM14,R,R,,dopamine,dopamine,0.8925527384696017,dopamine,dopamine,dopamine,0,True,True
164355,KCab-s,KCab-s,cb_intrinsic,Kenyon_Cell,,KCab-s_L,"KCab-m,KCab-c,KCab-s",L,L,,acetylcholine,dopamine,0.6504245283018868,,dopamine,acetylcholine,1,True,True
164412,KCab-m,KCab-m,cb_intrinsic,Kenyon_Cell,,KCab-m_L,"KCab-m,KCab-c,KCab-s",L,L,,acetylcholine,dopamine,0.7513638343532211,,dopamine,acetylcholine,1,True,True
164534,KCab-s,KCab-s,cb_intrinsic,Kenyon_Cell,,KCab-s_R,"KCab-m,KCab-c,KCab-s",R,R,,acetylcholine,dopamine,0.7905533837339537,,dopamine,acetylcholine,1,True,True
164590,KCab-c,KCab-c,cb_intrinsic,Kenyon_Cell,,KCab-c_L,"KCab-m,KCab-c,KCab-s",L,L,,acetylcholine,dopamine,0.741345231723092,,dopamine,acetylcholine,1,True,True
164601,PAM14,PAM14,cb_intrinsic,DAN,,PAM14(B'1m)_L,PAM14,L,L,,dopamine,dopamine,0.9219732704402516,dopamine,dopamine,dopamine,0,True,True
164607,KCab-c,KCab-c,cb_intrinsic,Kenyon_Cell,,KCab-c_L,"KCab-m,KCab-c,KCab-s",L,L,,acetylcholine,dopamine,0.6908848707197764,,dopamine,acetylcholine,1,True,True
164966,KCab-m,KCab-m,cb_intrinsic,Kenyon_Cell,,KCab-m_L,"KCab-m,KCab-c,KCab-s",L,L,,acetylcholine,dopamine,0.7819990544047147,,dopamine,acetylcholine,1,True,True
165036,KCg-m,KCg-m,cb_intrinsic,Kenyon_Cell,,KCg-m_R,KCg-m,R,R,,acetylcholine,dopamine,0.7509239176212938,,dopamine,acetylcholine,1,True,True
165105,KCab-s,KCab-s,cb_intrinsic,Kenyon_Cell,,KCab-s_L,"KCab-m,KCab-c,KCab-s",L,L,,acetylcholine,dopamine,0.8520813818635978,,dopamine,acetylcholine,1,True,True
165176,KCab-m,KCab-m,cb_intrinsic,Kenyon_Cell,,KCab-m_L,"KCab-m,KCab-c,KCab-s",L,L,,acetylcholine,dopamine,0.7543777461876454,,dopamine,acetylcholine,1,True,True
165180,KCab-c,KCab-c,cb_intrinsic,Kenyon_Cell,,KCab-c_R,"KCab-m,KCab-c,KCab-s",R,R,,acetylcholine,dopamine,0.7791464170001906,,dopamine,acetylcholine,1,True,True
165187,PAM05,PAM05,cb_intrinsic,DAN,,PAM05(B'2p)_R,PAM05,R,R,,dopamine,dopamine,0.8883887482742752,dopamine,dopamine,dopamine,0,True,True
165240,KCab-s,KCab-s,cb_intrinsic,Kenyon_Cell,,KCab-s_R,"KCab-m,KCab-c,KCab-s",R,R,,acetylcholine,dopamine,0.7420056996855345,,dopamine,acetylcholine,1,True,True
165260,KCab-m,KCab-m,cb_intrinsic,Kenyon_Cell,,KCab-m_L,"KCab-m,KCab-c,KCab-s",L,L,,acetylcholine,dopamine,0.7610206068557624,,dopamine,acetylcholine,1,True,True
165307,KCab-s,KCab-s,cb_intrinsic,Kenyon_Cell,,KCab-s_R,"KCab-m,KCab-c,KCab-s",R,R,,acetylcholine,dopamine,0.7595813679245284,,dopamine,acetylcholine,1,True,True
165355,KCab-m,KCab-m,cb_intrinsic,Kenyon_Cell,,KCab-m_L,"KCab-m,KCab-c,KCab-s",L,L,,acetylcholine,dopamine,0.7523927267194157,,dopamine,acetylcholine,1,True,True
165359,KCab-m,KCab-m,cb_intrinsic,Kenyon_Cell,,KCab-m_L,"KCab-m,KCab-c,KCab-s",L,L,,acetylcholine,dopamine,0.7400018664313832,,dopamine,acetylcholine,1,True,True
165365,PAM01,PAM01,cb_intrinsic,DAN,,PAM01(y5)_L,PAM01,L,L,,dopamine,dopamine,0.9050972817069877,dopamine,dopamine,dopamine,0,True,True
165459,KCab-c,KCab-c,cb_intrinsic,Kenyon_Cell,,KCab-c_L,"KCab-m,KCab-c,KCab-s",L,L,,acetylcholine,dopamine,0.8043887578616352,,dopamine,acetylcholine,1,True,True
165660,KCab-m,KCab-m,cb_intrinsic,Kenyon_Cell,,KCab-m_L,"KCab-m,KCab-c,KCab-s",L,L,,acetylcholine,dopamine,0.7264592779484179,,dopamine,acetylcholine,1,True,True
166005,KCab-m,KCab-m,cb_intrinsic,Kenyon_Cell,,KCab-m_R,"KCab-m,KCab-c,KCab-s",R,R,,acetylcholine,dopamine,0.7640708711856511,,dopamine,acetylcholine,1,True,True
166049,KCab-m,KCab-m,cb_intrinsic,Kenyon_Cell,,KCab-m_L,"KCab-m,KCab-c,KCab-s",L,L,,acetylcholine,dopamine,0.7753710790712393,,dopamine,acetylcholine,1,True,True
166057,KCab-s,KCab-s,cb_intrinsic,Kenyon_Cell,,KCab-s_R,"KCab-m,KCab-c,KCab-s",R,R,,acetylcholine,dopamine,0.7627710049605811,,dopamine,acetylcholine,1,True,True
166075,KCab-c,KCab-c,cb_intrinsic,Kenyon_Cell,,KCab-c_L,"KCab-m,KCab-c,KCab-s",L,L,,acetylcholine,dopamine,0.7201859517391862,,dopamine,acetylcholine,1,True,True
166081,KCab-p,KCab-p,cb_intrinsic,Kenyon_Cell,,KCab-p_L,KCab-p,L,L,,acetylcholine,dopamine,0.7426050057008349,,dopamine,acetylcholine,1,True,True
166119,KCab-s,KCab-s,cb_intrinsic,Kenyon_Cell,,KCab-s_L,"KCab-m,KCab-c,KCab-s",L,L,,acetylcholine,dopamine,0.7650277275637404,,dopamine,acetylcholine,1,True,True
166153,KCab-s,KCab-s,cb_intrinsic,Kenyon_Cell,,KCab-s_L,"KCab-m,KCab-c,KCab-s",L,L,,acetylcholine,dopamine,0.7558311741518292,,dopamine,acetylcholine,1,True,True
166283,KCab-m,KCab-m,cb_intrinsic,Kenyon_Cell,,KCab-m_L,"KCab-m,KCab-c,KCab-s",L,L,,acetylcholine,dopamine,0.7962512556778477,,dopamine,acetylcholine,1,True,True
166289,KCab-m,KCab-m,cb_intrinsic,Kenyon_Cell,,KCab-m_L,"KCab-m,KCab-c,KCab-s",L,L,,acetylcholine,dopamine,0.790868865855677,,dopamine,acetylcholine,1,True,True
166321,KCab-c,KCab-c,cb_intrinsic,Kenyon_Cell,,KCab-c_L,"KCab-m,KCab-c,KCab-s",L,L,,acetylcholine,dopamine,0.7530493025717666,,dopamine,acetylcholine,1,True,True
166385,KCab-s,KCab-s,cb_intrinsic,Kenyon_Cell,,KCab-s_L,"KCab-m,KCab-c,KCab-s",L,L,,acetylcholine,dopamine,0.7190240876224704,,dopamine,acetylcholine,1,True,True
166386,KCg-m,KCg-m,cb_intrinsic,Kenyon_Cell,,KCg-m_L,KCg-m,L,L,,acetylcholine,dopamine,0.7368808962264151,,dopamine,acetylcholine,1,True,True
166533,KCab-c,KCab-c,cb_intrinsic,Kenyon_Cell,,KCab-c_L,"KCab-m,KCab-c,KCab-s",L,L,,acetylcholine,dopamine,0.7332353562376794,,dopamine,acetylcholine,1,True,True
166544,KCab-c,KCab-c,cb_intrinsic,Kenyon_Cell,,KCab-c_L,"KCab-m,KCab-c,KCab-s",L,L,,acetylcholine,dopamine,0.718017316989689,,dopamine,acetylcholine,1,True,True
166581,KCab-s,KCab-s,cb_intrinsic,Kenyon_Cell,,KCab-s_R,"KCab-m,KCab-c,KCab-s",R,R,,acetylcholine,dopamine,0.7714229559748428,,dopamine,acetylcholine,1,True,True
166617,KCab-s,KCab-s,cb_intrinsic,Kenyon_Cell,,KCab-s_L,"KCab-m,KCab-c,KCab-s",L,L,,acetylcholine,dopamine,0.7925157232704403,,dopamine,acetylcholine,1,True,True
166687,KCg-m,KCg-m,cb_intrinsic,Kenyon_Cell,,KCg-m_L,KCg-m,L,L,,acetylcholine,dopamine,0.7328070896049749,,dopamine,acetylcholine,1,True,True
166699,KCab-m,KCab-m,cb_intrinsic,Kenyon_Cell,,KCab-m_L,"KCab-m,KCab-c,KCab-s",L,L,,acetylcholine,dopamine,0.7457126978963349,,dopamine,acetylcholine,1,True,True
166749,KCab-m,KCab-m,cb_intrinsic,Kenyon_Cell,,KCab-m_L,"KCab-m,KCab-c,KCab-s",L,L,,acetylcholine,dopamine,0.6853710462287105,,dopamine,acetylcholine,1,True,True
166876,KCab-m,KCab-m,cb_intrinsic,Kenyon_Cell,,KCab-m_L,"KCab-m,KCab-c,KCab-s",L,L,,acetylcholine,dopamine,0.7363002072612922,,dopamine,acetylcholine,1,True,True
166885,KCab-c,KCab-c,cb_intrinsic,Kenyon_Cell,,KCab-c_L,"KCab-m,KCab-c,KCab-s",L,L,,acetylcholine,dopamine,0.7511995770982434,,dopamine,acetylcholine,1,True,True
166914,KCab-m,KCab-m,cb_intrinsic,Kenyon_Cell,,KCab-m_R,"KCab-m,KCab-c,KCab-s",R,R,,acetylcholine,dopamine,0.6977811725748047,,dopamine,acetylcholine,1,True,True
166918,KCab-c,KCab-c,cb_intrinsic,Kenyon_Cell,,KCab-c_L,"KCab-m,KCab-c,KCab-s",L,L,,acetylcholine,dopamine,0.7120051435814928,,dopamine,acetylcholine,1,True,True
166957,KCab-m,KCab-m,cb_intrinsic,Kenyon_Cell,,KCab-m_L,"KCab-m,KCab-c,KCab-s",L,L,,acetylcholine,dopamine,0.800508502583824,,dopamine,acetylcholine,1,True,True
167009,PAM01,PAM01,cb_intrinsic,DAN,,PAM01(y5)_R,PAM01,R,R,,dopamine,dopamine,0.9219732704402515,dopamine,dopamine,dopamine,0,True,True
167039,KCab-c,KCab-c,cb_intrinsic,Kenyon_Cell,,KCab-c_L,"KCab-m,KCab-c,KCab-s",L,L,,acetylcholine,dopamine,0.7826419957206768,,dopamine,acetylcholine,1,True,True
167073,PAM14,PAM14,cb_intrinsic,DAN,,PAM14(B'1m)_R,PAM14,R,R,,dopamine,dopamine,0.8850263530870759,dopamine,dopamine,dopamine,0,True,True
167187,KCab-m,KCab-m,cb_intrinsic,Kenyon_Cell,,KCab-m_L,"KCab-m,KCab-c,KCab-s",L,L,,acetylcholine,dopamine,0.7690079599056603,,dopamine,acetylcholine,1,True,True
167201,KCab-m,KCab-m,cb_intrinsic,Kenyon_Cell,,KCab-m_L,"KCab-m,KCab-c,KCab-s",L,L,,acetylcholine,dopamine,0.7340722208057113,,dopamine,acetylcholine,1,True,True
167235,KCab-m,KCab-m,cb_intrinsic,Kenyon_Cell,,KCab-m_L,"KCab-m,KCab-c,KCab-s",L,L,,acetylcholine,dopamine,0.7331862006464012,,dopamine,acetylcholine,1,True,True
167289,KCab-c,KCab-c,cb_intrinsic,Kenyon_Cell,,KCab-c_L,"KCab-m,KCab-c,KCab-s",L,L,,acetylcholine,dopamine,0.6978722864678434,,dopamine,acetylcholine,1,True,True
167297,KCab-c,KCab-c,cb_intrinsic,Kenyon_Cell,,KCab-c_L,"KCab-m,KCab-c,KCab-s",L,L,,acetylcholine,dopamine,0.7383422395214848,,dopamine,acetylcholine,1,True,True
167305,KCab-m,KCab-m,cb_intrinsic,Kenyon_Cell,,KCab-m_L,"KCab-m,KCab-c,KCab-s",L,L,,acetylcholine,dopamine,0.730709057020284,,dopamine,acetylcholine,1,True,True
167406,KCab-s,KCab-s,cb_intrinsic,Kenyon_Cell,,KCab-s_L,"KCab-m,KCab-c,KCab-s",L,L,,acetylcholine,dopamine,0.8163131216176684,,dopamine,acetylcholine,1,True,True
167413,KCab-c,KCab-c,cb_intrinsic,Kenyon_Cell,,KCab-c_L,"KCab-m,KCab-c,KCab-s",L,L,,acetylcholine,dopamine,0.6694764150943396,,dopamine,acetylcholine,1,True,True
167474,KCg-m,KCg-m,cb_intrinsic,Kenyon_Cell,,KCg-m_L,KCg-m,L,L,,acetylcholine,dopamine,0.7435303605005511,,dopamine,acetylcholine,1,True,True
167484,KCab-s,KCab-s,cb_intrinsic,Kenyon_Cell,,KCab-s_L,"KCab-m,KCab-c,KCab-s",L,L,,acetylcholine,dopamine,0.7827032463928968,,dopamine,acetylcholine,1,True,True
167708,KCab-s,KCab-s,cb_intrinsic,Kenyon_Cell,,KCab-s_R,"KCab-m,KCab-c,KCab-s",R,R,,acetylcholine,dopamine,0.8144396128144654,,dopamine,acetylcholine,1,True,True
167780,KCab-s,KCab-s,cb_intrinsic,Kenyon_Cell,,KCab-s_R,"KCab-m,KCab-c,KCab-s",R,R,,acetylcholine,dopamine,0.71268980854095,,dopamine,acetylcholine,1,True,True
167793,KCab-c,KCab-c,cb_intrinsic,Kenyon_Cell,,KCab-c_R,"KCab-m,KCab-c,KCab-s",R,R,,acetylcholine,dopamine,0.7091040818843259,,dopamine,acetylcholine,1,True,True
168006,KCab-c,KCab-c,cb_intrinsic,Kenyon_Cell,,KCab-c_L,"KCab-m,KCab-c,KCab-s",L,L,,acetylcholine,dopamine,0.7315469951083159,,dopamine,acetylcholine,1,True,True
168020,PAM03,PAM03,cb_intrinsic,DAN,,PAM03(B2B'2a)_L,PAM03,L,L,,dopamine,unclear,0.8580197820681585,dopamine,dopamine,dopamine,0,True,True
168059,KCab-c,KCab-c,cb_intrinsic,Kenyon_Cell,,KCab-c_L,"KCab-m,KCab-c,KCab-s",L,L,,acetylcholine,dopamine,0.6834658464630746,,dopamine,acetylcholine,1,True,True
168080,PAM03,PAM03,cb_intrinsic,DAN,,PAM03(B2B'2a)_L,PAM03,L,L,,dopamine,unclear,0.8137367694431662,dopamine,dopamine,dopamine,0,True,True
168123,KCab-c,KCab-c,cb_intrinsic,Kenyon_Cell,,KCab-c_L,"KCab-m,KCab-c,KCab-s",L,L,,acetylcholine,dopamine,0.701209851649143,,dopamine,acetylcholine,1,True,True
168234,KCab-m,KCab-m,cb_intrinsic,Kenyon_Cell,,KCab-m_L,"KCab-m,KCab-c,KCab-s",L,L,,acetylcholine,dopamine,0.7299636631505968,,dopamine,acetylcholine,1,True,True
168306,KCg-m,KCg-m,cb_intrinsic,Kenyon_Cell,,KCg-m_R,KCg-m,R,R,,acetylcholine,dopamine,0.7687300525673519,,dopamine,acetylcholine,1,True,True
168315,KCab-m,KCab-m,cb_intrinsic,Kenyon_Cell,,KCab-m_L,"KCab-m,KCab-c,KCab-s",L,L,,acetylcholine,dopamine,0.7965476487983673,,dopamine,acetylcholine,1,True,True
168405,KCab-c,KCab-c,cb_intrinsic,Kenyon_Cell,,KCab-c_R,"KCab-m,KCab-c,KCab-s",R,R,,acetylcholine,dopamine,0.7629410321602212,,dopamine,acetylcholine,1,True,True
168433,KCab-s,KCab-s,cb_intrinsic,Kenyon_Cell,,KCab-s_R,"KCab-m,KCab-c,KCab-s",R,R,,acetylcholine,dopamine,0.7918411243021695,,dopamine,acetylcholine,1,True,True
168459,KCab-m,KCab-m,cb_intrinsic,Kenyon_Cell,,KCab-m_L,"KCab-m,KCab-c,KCab-s",L,L,,acetylcholine,dopamine,0.747226761749121,,dopamine,acetylcholine,1,True,True
168522,KCa'b'-m,KCa'b'-m,cb_intrinsic,Kenyon_Cell,,KCa'b'-m_L,KCa'b'-m,L,L,,acetylcholine,dopamine,0.7176495757992662,,dopamine,acetylcholine,1,True,True
168564,KCab-c,KCab-c,cb_intrinsic,Kenyon_Cell,,KCab-c_L,"KCab-m,KCab-c,KCab-s",L,L,,acetylcholine,dopamine,0.810582032097159,,dopamine,acetylcholine,1,True,True
168771,KCab-s,KCab-s,cb_intrinsic,Kenyon_Cell,,KCab-s_L,"KCab-m,KCab-c,KCab-s",L,L,,acetylcholine,dopamine,0.7952682470055682,,dopamine,acetylcholine,1,True,True
168795,KCab-c,KCab-c,cb_intrinsic,Kenyon_Cell,,KCab-c_L,"KCab-m,KCab-c,KCab-s",L,L,,acetylcholine,dopamine,0.7516532556418793,,dopamine,acetylcholine,1,True,True
168916,KCab-m,KCab-m,cb_intrinsic,Kenyon_Cell,,KCab-m_L,"KCab-m,KCab-c,KCab-s",L,L,,acetylcholine,dopamine,0.7806471768515911,,dopamine,acetylcholine,1,True,True
169027,PAM03,PAM03,cb_intrinsic,DAN,,PAM03(B2B'2a)_R,PAM03,R,R,,dopamine,dopamine,0.868473082699709,dopamine,dopamine,dopamine,0,True,True
169034,KCab-s,KCab-s,cb_intrinsic,Kenyon_Cell,,KCab-s_L,"KCab-m,KCab-c,KCab-s",L,L,,acetylcholine,dopamine,0.7810386657198891,,dopamine,acetylcholine,1,True,True
169141,KCab-m,KCab-m,cb_intrinsic,Kenyon_Cell,,KCab-m_R,"KCab-m,KCab-c,KCab-s",R,R,,acetylcholine,dopamine,0.771813697963462,,dopamine,acetylcholine,1,True,True
169278,PAM01,PAM01,cb_intrinsic,DAN,,PAM01(y5)_L,PAM01,L,L,,dopamine,dopamine,0.9219732704402516,dopamine,dopamine,dopamine,0,True,True
169369,KCab-c,KCab-c,cb_intrinsic,Kenyon_Cell,,KCab-c_L,"KCab-m,KCab-c,KCab-s",L,L,,acetylcholine,dopamine,0.7561181274092107,,dopamine,acetylcholine,1,True,True
169403,KCab-c,KCab-c,cb_intrinsic,Kenyon_Cell,,KCab-c_L,"KCab-m,KCab-c,KCab-s",L,L,,acetylcholine,dopamine,0.7233790056903264,,dopamine,acetylcholine,1,True,True
169420,KCab-m,KCab-m,cb_intrinsic,Kenyon_Cell,,KCab-m_L,"KCab-m,KCab-c,KCab-s",L,L,,acetylcholine,dopamine,0.7792078594813474,,dopamine,acetylcholine,1,True,True
169484,KCab-m,KCab-m,cb_intrinsic,Kenyon_Cell,,KCab-m_L,"KCab-m,KCab-c,KCab-s",L,L,,acetylcholine,dopamine,0.8171438496416558,,dopamine,acetylcholine,1,True,True
169639,KCab-c,KCab-c,cb_intrinsic,Kenyon_Cell,,KCab-c_L,"KCab-m,KCab-c,KCab-s",L,L,,acetylcholine,dopamine,0.7647585973111765,,dopamine,acetylcholine,1,True,True
169674,PAM04,PAM04,cb_intrinsic,DAN,,PAM04(B2)_L,PAM04,L,L,,dopamine,dopamine,0.8804724351415094,dopamine,dopamine,dopamine,0,True,True
169734,KCab-c,KCab-c,cb_intrinsic,Kenyon_Cell,,KCab-c_L,"KCab-m,KCab-c,KCab-s",L,L,,acetylcholine,dopamine,0.7619869464098533,,dopamine,acetylcholine,1,True,True
169933,KCab-c,KCab-c,cb_intrinsic,Kenyon_Cell,,KCab-c_L,"KCab-m,KCab-c,KCab-s",L,L,,acetylcholine,dopamine,0.7244713050314465,,dopamine,acetylcholine,1,True,True
170005,KCab-s,KCab-s,cb_intrinsic,Kenyon_Cell,,KCab-s_L,"KCab-m,KCab-c,KCab-s",L,L,,acetylcholine,dopamine,0.7821123421578664,,dopamine,acetylcholine,1,True,True
170040,KCab-s,KCab-s,cb_intrinsic,Kenyon_Cell,,KCab-s_R,"KCab-m,KCab-c,KCab-s",R,R,,acetylcholine,dopamine,0.7940310241246598,,dopamine,acetylcholine,1,True,True
170179,KCab-p,KCab-p,cb_intrinsic,Kenyon_Cell,,KCab-p_L,KCab-p,L,L,,acetylcholine,dopamine,0.7125542377237543,,dopamine,acetylcholine,1,True,True
170237,KCab-c,KCab-c,cb_intrinsic,Kenyon_Cell,,KCab-c_L,"KCab-m,KCab-c,KCab-s",L,L,,acetylcholine,dopamine,0.7336384396525906,,dopamine,acetylcholine,1,True,True
170293,KCab-p,KCab-p,cb_intrinsic,Kenyon_Cell,,KCab-p_L,KCab-p,L,L,,acetylcholine,dopamine,0.6943348970684263,,dopamine,acetylcholine,1,True,True
170365,KCab-c,KCab-c,cb_intrinsic,Kenyon_Cell,,KCab-c_L,"KCab-m,KCab-c,KCab-s",L,L,,acetylcholine,dopamine,0.7581638432406843,,dopamine,acetylcholine,1,True,True
170366,KCab-c,KCab-c,cb_intrinsic,Kenyon_Cell,,KCab-c_L,"KCab-m,KCab-c,KCab-s",L,L,,acetylcholine,dopamine,0.758058176100629,,dopamine,acetylcholine,1,True,True
170450,PAM10,PAM10,cb_intrinsic,DAN,,PAM10(B1)_L,PAM10,L,L,,dopamine,dopamine,0.9130650550314465,dopamine,dopamine,dopamine,0,True,True
170466,KCab-m,KCab-m,cb_intrinsic,Kenyon_Cell,,KCab-m_R,"KCab-m,KCab-c,KCab-s",R,R,,acetylcholine,dopamine,0.6647412051950709,,dopamine,acetylcholine,1,True,True
170467,PAM03,PAM03,cb_intrinsic,DAN,,PAM03(B2B'2a)_R,PAM03,R,R,,dopamine,dopamine,0.9042694726656991,dopamine,dopamine,dopamine,0,True,True
170474,KCab-m,KCab-m,cb_intrinsic,Kenyon_Cell,,KCab-m_L,"KCab-m,KCab-c,KCab-s",L,L,,acetylcholine,dopamine,0.7329527448686071,,dopamine,acetylcholine,1,True,True
170719,KCa'b'-ap2,KCa'b'-ap2,cb_intrinsic,Kenyon_Cell,,KCa'b'-ap2_R,KCa'b'-ap2,R,R,,acetylcholine,dopamine,0.7034997442147393,,dopamine,acetylcholine,1,True,True
170870,KCab-c,KCab-c,cb_intrinsic,Kenyon_Cell,,KCab-c_R,"KCab-m,KCab-c,KCab-s",R,R,,acetylcholine,dopamine,0.7551260604066111,,dopamine,acetylcholine,1,True,True
170919,KCab-s,KCab-s,cb_intrinsic,Kenyon_Cell,,KCab-s_L,"KCab-m,KCab-c,KCab-s",L,L,,acetylcholine,dopamine,0.7408520487186708,,dopamine,acetylcholine,1,True,True
171000,KCab-c,KCab-c,cb_intrinsic,Kenyon_Cell,,KCab-c_L,"KCab-m,KCab-c,KCab-s",L,L,,acetylcholine,dopamine,0.6778714622641508,,dopamine,acetylcholine,1,True,True
171048,KCab-p,KCab-p,cb_intrinsic,Kenyon_Cell,,KCab-p_R,KCab-p,R,R,,acetylcholine,dopamine,0.6636025007487272,,dopamine,acetylcholine,1,True,True
171163,KCg-m,KCg-m,cb_intrinsic,Kenyon_Cell,,KCg-m_R,KCg-m,R,R,,acetylcholine,dopamine,0.7010576470933992,,dopamine,acetylcholine,1,True,True
171283,KCg-m,KCg-m,cb_intrinsic,Kenyon_Cell,,KCg-m_L,KCg-m,L,L,,acetylcholine,dopamine,0.7111705773262377,,dopamine,acetylcholine,1,True,True
171292,KCab-c,KCab-c,cb_intrinsic,Kenyon_Cell,,KCab-c_L,"KCab-m,KCab-c,KCab-s",L,L,,acetylcholine,dopamine,0.801810856203545,,dopamine,acetylcholine,1,True,True
171306,KCab-s,KCab-s,cb_intrinsic,Kenyon_Cell,,KCab-s_R,"KCab-m,KCab-c,KCab-s",R,R,,acetylcholine,dopamine,0.7685627689506787,,dopamine,acetylcholine,1,True,True
171340,KCab-m,KCab-m,cb_intrinsic,Kenyon_Cell,,KCab-m_L,"KCab-m,KCab-c,KCab-s",L,L,,acetylcholine,dopamine,0.6426559224318659,,dopamine,acetylcholine,1,True,True
171464,KCab-c,KCab-c,cb_intrinsic,Kenyon_Cell,,KCab-c_L,"KCab-m,KCab-c,KCab-s",L,L,,acetylcholine,dopamine,0.7488528815916788,,dopamine,acetylcholine,1,True,True
171959,PAM02,PAM02,cb_intrinsic,DAN,,PAM02(B'2a)_R,PAM02,R,R,,dopamine,dopamine,0.8814349590071878,dopamine,dopamine,dopamine,0,True,True
171985,KCg-m,KCg-m,cb_intrinsic,Kenyon_Cell,,KCg-m_L,KCg-m,L,L,,acetylcholine,dopamine,0.7593838443396227,,dopamine,acetylcholine,1,True,True
172017,KCab-c,KCab-c,cb_intrinsic,Kenyon_Cell,,KCab-c_L,"KCab-m,KCab-c,KCab-s",L,L,,acetylcholine,dopamine,0.7512481185830242,,dopamine,acetylcholine,1,True,True
172084,KCg-m,KCg-m,cb_intrinsic,Kenyon_Cell,,KCg-m_R,KCg-m,R,R,,acetylcholine,dopamine,0.6911446454488908,,dopamine,acetylcholine,1,True,True
172186,KCab-m,KCab-m,cb_intrinsic,Kenyon_Cell,,KCab-m_R,"KCab-m,KCab-c,KCab-s",R,R,,acetylcholine,dopamine,0.7071142101905022,,dopamine,acetylcholine,1,True,True
172224,KCab-c,KCab-c,cb_intrinsic,Kenyon_Cell,,KCab-c_L,"KCab-m,KCab-c,KCab-s",L,L,,acetylcholine,dopamine,0.7121302752711695,,dopamine,acetylcholine,1,True,True
172273,KCab-c,KCab-c,cb_intrinsic,Kenyon_Cell,,KCab-c_L,"KCab-m,KCab-c,KCab-s",L,L,,acetylcholine,dopamine,0.7455675631277574,,dopamine,acetylcholine,1,True,True
172288,KCab-m,KCab-m,cb_intrinsic,Kenyon_Cell,,KCab-m_L,"KCab-m,KCab-c,KCab-s",L,L,,acetylcholine,dopamine,0.7206974050602525,,dopamine,acetylcholine,1,True,True
172298,KCg-m,KCg-m,cb_intrinsic,Kenyon_Cell,,KCg-m_L,KCg-m,L,L,,acetylcholine,dopamine,0.81437707582503,,dopamine,acetylcholine,1,True,True
172324,KCab-c,KCab-c,cb_intrinsic,Kenyon_Cell,,KCab-c_L,"KCab-m,KCab-c,KCab-s",L,L,,acetylcholine,dopamine,0.831989485062893,,dopamine,acetylcholine,1,True,True
172355,KCab-c,KCab-c,cb_intrinsic,Kenyon_Cell,,KCab-c_L,"KCab-m,KCab-c,KCab-s",L,L,,acetylcholine,dopamine,0.7059534796281105,,dopamine,acetylcholine,1,True,True
172379,KCab-m,KCab-m,cb_intrinsic,Kenyon_Cell,,KCab-m_L,"KCab-m,KCab-c,KCab-s",L,L,,acetylcholine,dopamine,0.7281102594339622,,dopamine,acetylcholine,1,True,True
172492,KCg-m,KCg-m,cb_intrinsic,Kenyon_Cell,,KCg-m_L,KCg-m,L,L,,acetylcholine,dopamine,0.7435238168883389,,dopamine,acetylcholine,1,True,True
172635,KCab-m,KCab-m,cb_intrinsic,Kenyon_Cell,,KCab-m_R,"KCab-m,KCab-c,KCab-s",R,R,,acetylcholine,dopamine,0.7391646158053049,,dopamine,acetylcholine,1,True,True
172748,KCab-c,KCab-c,cb_intrinsic,Kenyon_Cell,,KCab-c_L,"KCab-m,KCab-c,KCab-s",L,L,,acetylcholine,dopamine,0.7817976430359651,,dopamine,acetylcholine,1,True,True
172801,KCab-c,KCab-c,cb_intrinsic,Kenyon_Cell,,KCab-c_L,"KCab-m,KCab-c,KCab-s",L,L,,acetylcholine,dopamine,0.768558223746903,,dopamine,acetylcholine,1,True,True
173081,KCab-c,KCab-c,cb_intrinsic,Kenyon_Cell,,KCab-c_L,"KCab-m,KCab-c,KCab-s",L,L,,acetylcholine,dopamine,0.7832210782535074,,dopamine,acetylcholine,1,True,True
173082,KCab-c,KCab-c,cb_intrinsic,Kenyon_Cell,,KCab-c_L,"KCab-m,KCab-c,KCab-s",L,L,,acetylcholine,dopamine,0.6641721093372037,,dopamine,acetylcholine,1,True,True
173137,KCab-c,KCab-c,cb_intrinsic,Kenyon_Cell,,KCab-c_L,"KCab-m,KCab-c,KCab-s",L,L,,acetylcholine,dopamine,0.7488922241280732,,dopamine,acetylcholine,1,True,True
173157,KCab-m,KCab-m,cb_intrinsic,Kenyon_Cell,,KCab-m_R,"KCab-m,KCab-c,KCab-s",R,R,,acetylcholine,dopamine,0.7447297926857674,,dopamine,acetylcholine,1,True,True
173188,KCab-s,KCab-s,cb_intrinsic,Kenyon_Cell,,KCab-s_R,"KCab-m,KCab-c,KCab-s",R,R,,acetylcholine,dopamine,0.71027176593908,,dopamine,acetylcholine,1,True,True
173322,KCg-m,KCg-m,cb_intrinsic,Kenyon_Cell,,KCg-m_R,KCg-m,R,R,,acetylcholine,dopamine,0.697000211999152,,dopamine,acetylcholine,1,True,True
173332,KCab-c,KCab-c,cb_intrinsic,Kenyon_Cell,,KCab-c_L,"KCab-m,KCab-c,KCab-s",L,L,,acetylcholine,dopamine,0.7398584905660377,,dopamine,acetylcholine,1,True,True
173472,KCab-c,KCab-c,cb_intrinsic,Kenyon_Cell,,KCab-c_L,"KCab-m,KCab-c,KCab-s",L,L,,acetylcholine,dopamine,0.7337744584206849,,dopamine,acetylcholine,1,True,True
173570,KCab-c,KCab-c,cb_intrinsic,Kenyon_Cell,,KCab-c_L,"KCab-m,KCab-c,KCab-s",L,L,,acetylcholine,dopamine,0.7410078039351451,,dopamine,acetylcholine,1,True,True
173573,KCab-c,KCab-c,cb_intrinsic,Kenyon_Cell,,KCab-c_R,"KCab-m,KCab-c,KCab-s",R,R,,acetylcholine,dopamine,0.798858083344645,,dopamine,acetylcholine,1,True,True
173781,KCab-m,KCab-m,cb_intrinsic,Kenyon_Cell,,KCab-m_L,"KCab-m,KCab-c,KCab-s",L,L,,acetylcholine,dopamine,0.7698879993799274,,dopamine,acetylcholine,1,True,True
173807,KCab-s,KCab-s,cb_intrinsic,Kenyon_Cell,,KCab-s_R,"KCab-m,KCab-c,KCab-s",R,R,,acetylcholine,dopamine,0.7551631168730949,,dopamine,acetylcholine,1,True,True
173882,KCab-s,KCab-s,cb_intrinsic,Kenyon_Cell,,KCab-s_R,"KCab-m,KCab-c,KCab-s",R,R,,acetylcholine,dopamine,0.7217692024621972,,dopamine,acetylcholine,1,True,True
173951,KCab-s,KCab-s,cb_intrinsic,Kenyon_Cell,,KCab-s_L,"KCab-m,KCab-c,KCab-s",L,L,,acetylcholine,dopamine,0.7577049337072922,,dopamine,acetylcholine,1,True,True
173970,KCab-c,KCab-c,cb_intrinsic,Kenyon_Cell,,KCab-c_L,"KCab-m,KCab-c,KCab-s",L,L,,acetylcholine,dopamine,0.7541622286467843,,dopamine,acetylcholine,1,True,True
174029,KCab-m,KCab-m,cb_intrinsic,Kenyon_Cell,,KCab-m_L,"KCab-m,KCab-c,KCab-s",L,L,,acetylcholine,dopamine,0.7582402072516989,,dopamine,acetylcholine,1,True,True
174047,KCab-s,KCab-s,cb_intrinsic,Kenyon_Cell,,KCab-s_L,"KCab-m,KCab-c,KCab-s",L,L,,acetylcholine,dopamine,0.7569628202178248,,dopamine,acetylcholine,1,True,True
174060,KCab-c,KCab-c,cb_intrinsic,Kenyon_Cell,,KCab-c_R,"KCab-m,KCab-c,KCab-s",R,R,,acetylcholine,dopamine,0.7911673465918749,,dopamine,acetylcholine,1,True,True
174127,KCa'b'-m,KCa'b'-m,cb_intrinsic,Kenyon_Cell,,KCa'b'-m_L,KCa'b'-m,L,L,,acetylcholine,dopamine,0.700066396193828,,dopamine,acetylcholine,1,True,True
174181,KCab-s,KCab-s,cb_intrinsic,Kenyon_Cell,,KCab-s_L,"KCab-m,KCab-c,KCab-s",L,L,,acetylcholine,dopamine,0.7982521323339364,,dopamine,acetylcholine,1,True,True
174185,KCab-m,KCab-m,cb_intrinsic,Kenyon_Cell,,KCab-m_L,"KCab-m,KCab-c,KCab-s",L,L,,acetylcholine,dopamine,0.7536329353380503,,dopamine,acetylcholine,1,True,True
174194,KCab-c,KCab-c,cb_intrinsic,Kenyon_Cell,,KCab-c_L,"KCab-m,KCab-c,KCab-s",L,L,,acetylcholine,dopamine,0.8085904743186583,,dopamine,acetylcholine,1,True,True
174255,PAM14,PAM14,cb_intrinsic,DAN,,PAM14(B'1m)_L,PAM14,L,L,,dopamine,dopamine,0.8328653203616352,dopamine,dopamine,dopamine,0,True,True
174384,PAM03,PAM03,cb_intrinsic,DAN,,PAM03(B2B'2a)_R,PAM03,R,R,,dopamine,dopamine,0.9085208030962748,dopamine,dopamine,dopamine,0,True,True
174546,KCab-p,KCab-p,cb_intrinsic,Kenyon_Cell,,KCab-p_L,KCab-p,L,L,,acetylcholine,dopamine,0.7082429977733505,,dopamine,acetylcholine,1,True,True
174587,KCab-m,KCab-m,cb_intrinsic,Kenyon_Cell,,KCab-m_R,"KCab-m,KCab-c,KCab-s",R,R,,acetylcholine,dopamine,0.7972665699080793,,dopamine,acetylcholine,1,True,True
174608,KCab-c,KCab-c,cb_intrinsic,Kenyon_Cell,,KCab-c_L,"KCab-m,KCab-c,KCab-s",L,L,,acetylcholine,dopamine,0.7109467958524562,,dopamine,acetylcholine,1,True,True
174672,PAM08,PAM08,cb_intrinsic,DAN,,PAM08(y4)_L,PAM08,L,L,,dopamine,dopamine,0.9049754849008593,dopamine,dopamine,dopamine,0,True,True
174813,KCab-c,KCab-c,cb_intrinsic,Kenyon_Cell,,KCab-c_L,"KCab-m,KCab-c,KCab-s",L,L,,acetylcholine,dopamine,0.697515185722733,,dopamine,acetylcholine,1,True,True
174862,PAM08,PAM08,cb_intrinsic,DAN,,PAM08(y4)_R,PAM08,R,R,,dopamine,dopamine,0.906706374586931,dopamine,dopamine,dopamine,0,True,True
175168,KCab-s,KCab-s,cb_intrinsic,Kenyon_Cell,,KCab-s_L,"KCab-m,KCab-c,KCab-s",L,L,,acetylcholine,dopamine,0.7396229144828791,,dopamine,acetylcholine,1,True,True
175232,PAM13,PAM13,cb_intrinsic,DAN,,PAM13(B'1ap)_L,PAM13,L,L,,dopamine,dopamine,0.8400073000898473,dopamine,dopamine,dopamine,0,True,True
175308,KCab-c,KCab-c,cb_intrinsic,Kenyon_Cell,,KCab-c_L,"KCab-m,KCab-c,KCab-s",L,L,,acetylcholine,dopamine,0.764512153663097,,dopamine,acetylcholine,1,True,True
175328,KCab-c,KCab-c,cb_intrinsic,Kenyon_Cell,,KCab-c_L,"KCab-m,KCab-c,KCab-s",L,L,,acetylcholine,dopamine,0.7432499484482937,,dopamine,acetylcholine,1,True,True
175459,PAM08,PAM08,cb_intrinsic,DAN,,PAM08(y4)_L,PAM08,L,L,,dopamine,dopamine,0.8219719601677149,dopamine,dopamine,dopamine,0,True,True
175490,KCab-c,KCab-c,cb_intrinsic,Kenyon_Cell,,KCab-c_L,"KCab-m,KCab-c,KCab-s",L,L,,acetylcholine,dopamine,0.7108867797727734,,dopamine,acetylcholine,1,True,True
175745,KCab-m,KCab-m,cb_intrinsic,Kenyon_Cell,,KCab-m_L,"KCab-m,KCab-c,KCab-s",L,L,,acetylcholine,dopamine,0.7047225037683871,,dopamine,acetylcholine,1,True,True
175766,KCab-c,KCab-c,cb_intrinsic,Kenyon_Cell,,KCab-c_R,"KCab-m,KCab-c,KCab-s",R,R,,acetylcholine,dopamine,0.7016307112467629,,dopamine,acetylcholine,1,True,True
175767,KCg-m,KCg-m,cb_intrinsic,Kenyon_Cell,,KCg-m_L,KCg-m,L,L,,acetylcholine,dopamine,0.7515176082761578,,dopamine,acetylcholine,1,True,True
175807,KCab-s,KCab-s,cb_intrinsic,Kenyon_Cell,,KCab-s_L,"KCab-m,KCab-c,KCab-s",L,L,,acetylcholine,dopamine,0.8258647798742138,,dopamine,acetylcholine,1,True,True
175918,KCg-m,KCg-m,cb_intrinsic,Kenyon_Cell,,KCg-m_L,KCg-m,L,L,,acetylcholine,dopamine,0.7995006633254716,,dopamine,acetylcholine,1,True,True
175964,PAM08,PAM08,cb_intrinsic,DAN,,PAM08(y4)_R,PAM08,R,R,,dopamine,dopamine,0.9057407804459691,dopamine,dopamine,dopamine,0,True,True
175976,KCab-c,KCab-c,cb_intrinsic,Kenyon_Cell,,KCab-c_R,"KCab-m,KCab-c,KCab-s",R,R,,acetylcholine,dopamine,0.7249820482345367,,dopamine,acetylcholine,1,True,True
176077,CB2711,CB2711,cb_intrinsic,ALPN,,CB2711_L,,L,L,,gaba,gaba,0.7819086254905505,gaba,gaba,gaba,-1,True,True
176147,KCab-m,KCab-m,cb_intrinsic,Kenyon_Cell,,KCab-m_L,"KCab-m,KCab-c,KCab-s",L,L,,acetylcholine,dopamine,0.7361895605496135,,dopamine,acetylcholine,1,True,True
176169,KCab-c,KCab-c,cb_intrinsic,Kenyon_Cell,,KCab-c_L,"KCab-m,KCab-c,KCab-s",L,L,,acetylcholine,dopamine,0.7517863814683355,,dopamine,acetylcholine,1,True,True
176320,KCab-c,KCab-c,cb_intrinsic,Kenyon_Cell,,KCab-c_R,"KCab-m,KCab-c,KCab-s",R,R,,acetylcholine,dopamine,0.7627479628970373,,dopamine,acetylcholine,1,True,True
176429,PAM04,PAM04,cb_intrinsic,DAN,,PAM04(B2)_L,PAM04,L,L,,dopamine,dopamine,0.882745894479385,dopamine,dopamine,dopamine,0,True,True
176460,PAM15,PAM15,cb_intrinsic,DAN,,PAM15(y5B'2a)_R,PAM15,R,R,,dopamine,dopamine,0.8964538409703504,dopamine,dopamine,dopamine,0,True,True
176508,KCab-m,KCab-m,cb_intrinsic,Kenyon_Cell,,KCab-m_L,"KCab-m,KCab-c,KCab-s",L,L,,acetylcholine,dopamine,0.7356322660567944,,dopamine,acetylcholine,1,True,True
176770,KCg-m,KCg-m,cb_intrinsic,Kenyon_Cell,,KCg-m_R,KCg-m,R,R,,acetylcholine,dopamine,0.7221178613191745,,dopamine,acetylcholine,1,True,True
176984,KCab-m,KCab-m,cb_intrinsic,Kenyon_Cell,,KCab-m_L,"KCab-m,KCab-c,KCab-s",L,L,,acetylcholine,dopamine,0.7219416151833918,,dopamine,acetylcholine,1,True,True
177010,KCab-m,KCab-m,cb_intrinsic,Kenyon_Cell,,KCab-m_L,"KCab-m,KCab-c,KCab-s",L,L,,acetylcholine,dopamine,0.7002439983126246,,dopamine,acetylcholine,1,True,True
177085,KCab-m,KCab-m,cb_intrinsic,Kenyon_Cell,,KCab-m_L,"KCab-m,KCab-c,KCab-s",L,L,,acetylcholine,dopamine,0.7339102473164042,,dopamine,acetylcholine,1,True,True
177202,PAM03,PAM03,cb_intrinsic,DAN,,PAM03(B2B'2a)_L,PAM03,L,L,,dopamine,unclear,0.8969901168014375,dopamine,dopamine,dopamine,0,True,True
177383,KCab-c,KCab-c,cb_intrinsic,Kenyon_Cell,,KCab-c_R,"KCab-m,KCab-c,KCab-s",R,R,,acetylcholine,dopamine,0.7124168480890178,,dopamine,acetylcholine,1,True,True
177603,PAM04,PAM04,cb_intrinsic,DAN,,PAM04(B2)_L,PAM04,L,L,,dopamine,dopamine,0.8863101369912528,dopamine,dopamine,dopamine,0,True,True
177799,KCab-c,KCab-c,cb_intrinsic,Kenyon_Cell,,KCab-c_L,"KCab-m,KCab-c,KCab-s",L,L,,acetylcholine,dopamine,0.7445537970963381,,dopamine,acetylcholine,1,True,True
177800,PAM04,PAM04,cb_intrinsic,DAN,,PAM04(B2)_L,PAM04,L,L,,dopamine,dopamine,0.9093006562756357,dopamine,dopamine,dopamine,0,True,True
177835,KCab-m,KCab-m,cb_intrinsic,Kenyon_Cell,,KCab-m_L,"KCab-m,KCab-c,KCab-s",L,L,,acetylcholine,dopamine,0.793698926111325,,dopamine,acetylcholine,1,True,True
178101,PAM08,PAM08,cb_intrinsic,DAN,,PAM08(y4)_L,PAM08,L,L,,dopamine,dopamine,0.826448912546994,dopamine,dopamine,dopamine,0,True,True
178189,KCab-m,KCab-m,cb_intrinsic,Kenyon_Cell,,KCab-m_L,"KCab-m,KCab-c,KCab-s",L,L,,acetylcholine,dopamine,0.735793863616783,,dopamine,acetylcholine,1,True,True
178307,KCab-c,KCab-c,cb_intrinsic,Kenyon_Cell,,KCab-c_R,"KCab-m,KCab-c,KCab-s",R,R,,acetylcholine,dopamine,0.7566840277777778,,dopamine,acetylcholine,1,True,True
178377,KCab-c,KCab-c,cb_intrinsic,Kenyon_Cell,,KCab-c_L,"KCab-m,KCab-c,KCab-s",L,L,,acetylcholine,dopamine,0.7061143867924529,,dopamine,acetylcholine,1,True,True
178476,KCab-s,KCab-s,cb_intrinsic,Kenyon_Cell,,KCab-s_R,"KCab-m,KCab-c,KCab-s",R,R,,acetylcholine,dopamine,0.7535440352362522,,dopamine,acetylcholine,1,True,True
178487,PAM08,PAM08,cb_intrinsic,DAN,,PAM08(y4)_R,PAM08,R,R,,dopamine,dopamine,0.7927225230560961,dopamine,dopamine,dopamine,0,True,True
178539,PAM04,PAM04,cb_intrinsic,DAN,,PAM04(B2)_R,PAM04,R,R,,dopamine,dopamine,0.8033661609722931,dopamine,dopamine,dopamine,0,True,True
178768,KCab-c,KCab-c,cb_intrinsic,Kenyon_Cell,,KCab-c_L,"KCab-m,KCab-c,KCab-s",L,L,,acetylcholine,dopamine,0.7516674942072161,,dopamine,acetylcholine,1,True,True
178810,KCab-m,KCab-m,cb_intrinsic,Kenyon_Cell,,KCab-m_R,"KCab-m,KCab-c,KCab-s",R,R,,acetylcholine,dopamine,0.6650150128817155,,dopamine,acetylcholine,1,True,True
178917,KCab-m,KCab-m,cb_intrinsic,Kenyon_Cell,,KCab-m_L,"KCab-m,KCab-c,KCab-s",L,L,,acetylcholine,dopamine,0.7616815476190476,,dopamine,acetylcholine,1,True,True
178945,PAM10,PAM10,cb_intrinsic,DAN,,PAM10(B1)_R,PAM10,R,R,,dopamine,dopamine,0.9083149295053371,dopamine,dopamine,dopamine,0,True,True
179084,KCab-s,KCab-s,cb_intrinsic,Kenyon_Cell,,KCab-s_L,"KCab-m,KCab-c,KCab-s",L,L,,acetylcholine,dopamine,0.762777813190549,,dopamine,acetylcholine,1,True,True
179219,KCab-s,KCab-s,cb_intrinsic,Kenyon_Cell,,KCab-s_R,"KCab-m,KCab-c,KCab-s",R,R,,acetylcholine,dopamine,0.7220252666985112,,dopamine,acetylcholine,1,True,True
179398,KCg-m,KCg-m,cb_intrinsic,Kenyon_Cell,,KCg-m_L,KCg-m,L,L,,acetylcholine,dopamine,0.8168694740679974,,dopamine,acetylcholine,1,True,True
179489,KCab-c,KCab-c,cb_intrinsic,Kenyon_Cell,,KCab-c_R,"KCab-m,KCab-c,KCab-s",R,R,,acetylcholine,dopamine,0.6712884970550065,,dopamine,acetylcholine,1,True,True
179529,KCab-m,KCab-m,cb_intrinsic,Kenyon_Cell,,KCab-m_L,"KCab-m,KCab-c,KCab-s",L,L,,acetylcholine,dopamine,0.7785535186773395,,dopamine,acetylcholine,1,True,True
179669,KCab-m,KCab-m,cb_intrinsic,Kenyon_Cell,,KCab-m_L,"KCab-m,KCab-c,KCab-s",L,L,,acetylcholine,dopamine,0.7534387584272205,,dopamine,acetylcholine,1,True,True
179774,KCab-c,KCab-c,cb_intrinsic,Kenyon_Cell,,KCab-c_L,"KCab-m,KCab-c,KCab-s",L,L,,acetylcholine,dopamine,0.7160939934221915,,dopamine,acetylcholine,1,True,True
179899,KCab-c,KCab-c,cb_intrinsic,Kenyon_Cell,,KCab-c_L,"KCab-m,KCab-c,KCab-s",L,L,,acetylcholine,dopamine,0.7372058226820856,,dopamine,acetylcholine,1,True,True
180332,KCa'b'-m,KCa'b'-m,cb_intrinsic,Kenyon_Cell,,KCa'b'-m_R,KCa'b'-m,R,R,,acetylcholine,dopamine,0.7112856732264826,,dopamine,acetylcholine,1,True,True
180403,PAM09,PAM09,cb_intrinsic,DAN,,PAM09(B1ped)_R,PAM09,R,R,,dopamine,dopamine,0.9040996684945936,dopamine,dopamine,dopamine,0,True,True
180422,KCab-c,KCab-c,cb_intrinsic,Kenyon_Cell,,KCab-c_R,"KCab-m,KCab-c,KCab-s",R,R,,acetylcholine,dopamine,0.7396746553586176,,dopamine,acetylcholine,1,True,True
180494,KCg-m,KCg-m,cb_intrinsic,Kenyon_Cell,,KCg-m_L,KCg-m,L,L,,acetylcholine,dopamine,0.7781022262154337,,dopamine,acetylcholine,1,True,True
180588,KCg-m,KCg-m,cb_intrinsic,Kenyon_Cell,,KCg-m_R,KCg-m,R,R,,acetylcholine,dopamine,0.7288938722205037,,dopamine,acetylcholine,1,True,True
180728,KCa'b'-ap2,KCa'b'-ap2,cb_intrinsic,Kenyon_Cell,,KCa'b'-ap2_R,KCa'b'-ap2,R,R,,acetylcholine,dopamine,0.7614985514209178,,dopamine,acetylcholine,1,True,True
180757,KCg-m,KCg-m,cb_intrinsic,Kenyon_Cell,,KCg-m_L,KCg-m,L,L,,acetylcholine,dopamine,0.739517819706499,,dopamine,acetylcholine,1,True,True
180812,KCg-m,KCg-m,cb_intrinsic,Kenyon_Cell,,KCg-m_R,KCg-m,R,R,,acetylcholine,dopamine,0.7010624066159352,,dopamine,acetylcholine,1,True,True
180859,KCab-s,KCab-s,cb_intrinsic,Kenyon_Cell,,KCab-s_L,"KCab-m,KCab-c,KCab-s",L,L,,acetylcholine,dopamine,0.7786756761970908,,dopamine,acetylcholine,1,True,True
180876,KCab-s,KCab-s,cb_intrinsic,Kenyon_Cell,,KCab-s_L,"KCab-m,KCab-c,KCab-s",L,L,,acetylcholine,dopamine,0.7718172361558522,,dopamine,acetylcholine,1,True,True
180905,KCg-m,KCg-m,cb_intrinsic,Kenyon_Cell,,KCg-m_R,KCg-m,R,R,,acetylcholine,dopamine,0.748664480748581,,dopamine,acetylcholine,1,True,True
180920,KCab-s,KCab-s,cb_intrinsic,Kenyon_Cell,,KCab-s_R,"KCab-m,KCab-c,KCab-s",R,R,,acetylcholine,dopamine,0.7279728627999068,,dopamine,acetylcholine,1,True,True
180939,KCab-s,KCab-s,cb_intrinsic,Kenyon_Cell,,KCab-s_R,"KCab-m,KCab-c,KCab-s",R,R,,acetylcholine,dopamine,0.7885372286467843,,dopamine,acetylcholine,1,True,True
181180,KCab-c,KCab-c,cb_intrinsic,Kenyon_Cell,,KCab-c_R,"KCab-m,KCab-c,KCab-s",R,R,,acetylcholine,dopamine,0.703172497379455,,dopamine,acetylcholine,1,True,True
181464,KCab-m,KCab-m,cb_intrinsic,Kenyon_Cell,,KCab-m_R,"KCab-m,KCab-c,KCab-s",R,R,,acetylcholine,dopamine,0.8273936610393908,,dopamine,acetylcholine,1,True,True
181516,KCab-c,KCab-c,cb_intrinsic,Kenyon_Cell,,KCab-c_L,"KCab-m,KCab-c,KCab-s",L,L,,acetylcholine,dopamine,0.7077932328034467,,dopamine,acetylcholine,1,True,True
181795,KCab-c,KCab-c,cb_intrinsic,Kenyon_Cell,,KCab-c_L,"KCab-m,KCab-c,KCab-s",L,L,,acetylcholine,dopamine,0.7377407625786164,,dopamine,acetylcholine,1,True,True
181884,KCab-m,KCab-m,cb_intrinsic,Kenyon_Cell,,KCab-m_L,"KCab-m,KCab-c,KCab-s",L,L,,acetylcholine,dopamine,0.7785237397560512,,dopamine,acetylcholine,1,True,True
181924,PAM01,PAM01,cb_intrinsic,DAN,,PAM01(y5)_L,PAM01,L,L,,dopamine,dopamine,0.9145630130050102,dopamine,dopamine,dopamine,0,True,True
182596,KCab-s,KCab-s,cb_intrinsic,Kenyon_Cell,,KCab-s_R,"KCab-m,KCab-c,KCab-s",R,R,,acetylcholine,dopamine,0.8083986734141364,,dopamine,acetylcholine,1,True,True
182674,KCab-c,KCab-c,cb_intrinsic,Kenyon_Cell,,KCab-c_L,"KCab-m,KCab-c,KCab-s",L,L,,acetylcholine,dopamine,0.7132159935547586,,dopamine,acetylcholine,1,True,True
182702,KCa'b'-ap1,KCa'b'-ap1,cb_intrinsic,Kenyon_Cell,,KCa'b'-ap1_R,KCa'b'-ap1,R,R,,acetylcholine,dopamine,0.7286495014926239,,dopamine,acetylcholine,1,True,True
182780,KCab-c,KCab-c,cb_intrinsic,Kenyon_Cell,,KCab-c_L,"KCab-m,KCab-c,KCab-s",L,L,,acetylcholine,dopamine,0.7771076511032939,,dopamine,acetylcholine,1,True,True
182857,KCab-c,KCab-c,cb_intrinsic,Kenyon_Cell,,KCab-c_L,"KCab-m,KCab-c,KCab-s",L,L,,acetylcholine,dopamine,0.7478641398118773,,dopamine,acetylcholine,1,True,True
183527,KCab-c,KCab-c,cb_intrinsic,Kenyon_Cell,,KCab-c_L,"KCab-m,KCab-c,KCab-s",L,L,,acetylcholine,dopamine,0.7902602273382955,,dopamine,acetylcholine,1,True,True
183567,PAM13,PAM13,cb_intrinsic,DAN,,PAM13(B'1ap)_L,PAM13,L,L,,dopamine,dopamine,0.8772959049225255,dopamine,dopamine,dopamine,0,True,True
183652,KCab-c,KCab-c,cb_intrinsic,Kenyon_Cell,,KCab-c_L,"KCab-m,KCab-c,KCab-s",L,L,,acetylcholine,dopamine,0.6802657837445574,,dopamine,acetylcholine,1,True,True
183659,KCab-s,KCab-s,cb_intrinsic,Kenyon_Cell,,KCab-s_L,"KCab-m,KCab-c,KCab-s",L,L,,acetylcholine,dopamine,0.7351047102903787,,dopamine,acetylcholine,1,True,True
183749,KCab-c,KCab-c,cb_intrinsic,Kenyon_Cell,,KCab-c_L,"KCab-m,KCab-c,KCab-s",L,L,,acetylcholine,dopamine,0.7171653891509434,,dopamine,acetylcholine,1,True,True
184536,KCab-p,KCab-p,cb_intrinsic,Kenyon_Cell,,KCab-p_R,KCab-p,R,R,,acetylcholine,dopamine,0.7089815520137506,,dopamine,acetylcholine,1,True,True
184619,KCg-m,KCg-m,cb_intrinsic,Kenyon_Cell,,KCg-m_L,KCg-m,L,L,,acetylcholine,dopamine,0.750478864797248,,dopamine,acetylcholine,1,True,True
184778,PAM08,PAM08,cb_intrinsic,DAN,,PAM08(y4)_R,PAM08,R,R,,dopamine,dopamine,0.9003790431266846,dopamine,dopamine,dopamine,0,True,True
185076,KCab-c,KCab-c,cb_intrinsic,Kenyon_Cell,,KCab-c_L,"KCab-m,KCab-c,KCab-s",L,L,,acetylcholine,dopamine,0.7213398040638607,,dopamine,acetylcholine,1,True,True
185154,KCab-s,KCab-s,cb_intrinsic,Kenyon_Cell,,KCab-s_L,"KCab-m,KCab-c,KCab-s",L,L,,acetylcholine,dopamine,0.7468395171162046,,dopamine,acetylcholine,1,True,True
185386,KCg-m,KCg-m,cb_intrinsic,Kenyon_Cell,,KCg-m_L,KCg-m,L,L,,acetylcholine,dopamine,0.7478777275814215,,dopamine,acetylcholine,1,True,True
185506,KCab-c,KCab-c,cb_intrinsic,Kenyon_Cell,,KCab-c_L,"KCab-m,KCab-c,KCab-s",L,L,,acetylcholine,dopamine,0.8415460921489648,,dopamine,acetylcholine,1,True,True
185518,PAM01,PAM01,cb_intrinsic,DAN,,PAM01(y5)_L,PAM01,L,L,,dopamine,dopamine,0.9159428540446758,dopamine,dopamine,dopamine,0,True,True
185639,KCg-m,KCg-m,cb_intrinsic,Kenyon_Cell,,KCg-m_L,KCg-m,L,L,,acetylcholine,dopamine,0.7270881940217759,,dopamine,acetylcholine,1,True,True
185655,KCab-s,KCab-s,cb_intrinsic,Kenyon_Cell,,KCab-s_L,"KCab-m,KCab-c,KCab-s",L,L,,acetylcholine,dopamine,0.7598355365323395,,dopamine,acetylcholine,1,True,True
185892,KCab-m,KCab-m,cb_intrinsic,Kenyon_Cell,,KCab-m_L,"KCab-m,KCab-c,KCab-s",L,L,,acetylcholine,dopamine,0.7439502708534178,,dopamine,acetylcholine,1,True,True
186043,KCab-m,KCab-m,cb_intrinsic,Kenyon_Cell,,KCab-m_R,"KCab-m,KCab-c,KCab-s",R,R,,acetylcholine,dopamine,0.733942384153835,,dopamine,acetylcholine,1,True,True
186170,KCab-m,KCab-m,cb_intrinsic,Kenyon_Cell,,KCab-m_L,"KCab-m,KCab-c,KCab-s",L,L,,acetylcholine,dopamine,0.7231555786980315,,dopamine,acetylcholine,1,True,True
186305,KCa'b'-ap2,KCa'b'-ap2,cb_intrinsic,Kenyon_Cell,,KCa'b'-ap2_R,KCa'b'-ap2,R,R,,acetylcholine,dopamine,0.7400933317206901,,dopamine,acetylcholine,1,True,True
186566,PAM04,PAM04,cb_intrinsic,DAN,,PAM04(B2)_R,PAM04,R,R,,dopamine,dopamine,0.8484642513976239,dopamine,dopamine,dopamine,0,True,True
186613,KCab-c,KCab-c,cb_intrinsic,Kenyon_Cell,,KCab-c_R,"KCab-m,KCab-c,KCab-s",R,R,,acetylcholine,dopamine,0.7419066808280228,,dopamine,acetylcholine,1,True,True
186833,KCab-m,KCab-m,cb_intrinsic,Kenyon_Cell,,KCab-m_R,"KCab-m,KCab-c,KCab-s",R,R,,acetylcholine,dopamine,0.6889758114330639,,dopamine,acetylcholine,1,True,True
186977,KCa'b'-m,KCa'b'-m,cb_intrinsic,Kenyon_Cell,,KCa'b'-m_R,KCa'b'-m,R,R,,acetylcholine,dopamine,0.6935162693480963,,dopamine,acetylcholine,1,True,True
187266,KCab-s,KCab-s,cb_intrinsic,Kenyon_Cell,,KCab-s_R,"KCab-m,KCab-c,KCab-s",R,R,,acetylcholine,dopamine,0.7525015351122027,,dopamine,acetylcholine,1,True,True
187741,MBON15-like,MBON15-like,cb_intrinsic,MBON,,MBON15-like(a'1a'2)_R,MBON15-like,R,R,,acetylcholine,acetylcholine,0.933349807056306,acetylcholine,acetylcholine,acetylcholine,1,True,True
187909,KCab-c,KCab-c,cb_intrinsic,Kenyon_Cell,,KCab-c_L,"KCab-m,KCab-c,KCab-s",L,L,,acetylcholine,dopamine,0.733371607083747,,dopamine,acetylcholine,1,True,True
188103,KCab-c,KCab-c,cb_intrinsic,Kenyon_Cell,,KCab-c_L,"KCab-m,KCab-c,KCab-s",L,L,,acetylcholine,dopamine,0.7674509281801583,,dopamine,acetylcholine,1,True,True
188114,KCab-m,KCab-m,cb_intrinsic,Kenyon_Cell,,KCab-m_L,"KCab-m,KCab-c,KCab-s",L,L,,acetylcholine,dopamine,0.8109263967164911,,dopamine,acetylcholine,1,True,True
188198,KCg-m,KCg-m,cb_intrinsic,Kenyon_Cell,,KCg-m_L,KCg-m,L,L,,acetylcholine,dopamine,0.7934798254938435,,dopamine,acetylcholine,1,True,True
188253,KCab-s,KCab-s,cb_intrinsic,Kenyon_Cell,,KCab-s_R,"KCab-m,KCab-c,KCab-s",R,R,,acetylcholine,dopamine,0.7989053854349246,,dopamine,acetylcholine,1,True,True
188606,KCab-c,KCab-c,cb_intrinsic,Kenyon_Cell,,KCab-c_R,"KCab-m,KCab-c,KCab-s",R,R,,acetylcholine,dopamine,0.7255057260865484,,dopamine,acetylcholine,1,True,True
189047,KCg-m,KCg-m,cb_intrinsic,Kenyon_Cell,,KCg-m_R,KCg-m,R,R,,acetylcholine,dopamine,0.7352004716981132,,dopamine,acetylcholine,1,True,True
189068,KCab-m,KCab-m,cb_intrinsic,Kenyon_Cell,,KCab-m_R,"KCab-m,KCab-c,KCab-s",R,R,,acetylcholine,dopamine,0.6653054390868856,,dopamine,acetylcholine,1,True,True
189744,KCab-s,KCab-s,cb_intrinsic,Kenyon_Cell,,KCab-s_R,"KCab-m,KCab-c,KCab-s",R,R,,acetylcholine,dopamine,0.7863197781163327,,dopamine,acetylcholine,1,True,True
189868,KCab-c,KCab-c,cb_intrinsic,Kenyon_Cell,,KCab-c_L,,L,L,,acetylcholine,dopamine,0.7430227987421383,,dopamine,acetylcholine,1,True,True
190056,KCab-p,KCab-p,cb_intrinsic,Kenyon_Cell,,KCab-p_L,KCab-p,L,L,,acetylcholine,dopamine,0.6628103990457601,,dopamine,acetylcholine,1,True,True
190256,KCab-c,KCab-c,cb_intrinsic,Kenyon_Cell,,KCab-c_L,"KCab-m,KCab-c,KCab-s",L,L,,acetylcholine,dopamine,0.8068917288284335,,dopamine,acetylcholine,1,True,True
190296,PAM02,PAM02,cb_intrinsic,DAN,,PAM02(B'2a)_R,PAM02,R,R,,dopamine,dopamine,0.8790524857741839,dopamine,dopamine,dopamine,0,True,True
190297,PAM03,PAM03,cb_intrinsic,DAN,,PAM03(B2B'2a)_L,PAM03,L,L,,dopamine,unclear,0.8710691823899371,dopamine,dopamine,dopamine,0,True,True
190302,KCab-s,KCab-s,cb_intrinsic,Kenyon_Cell,,KCab-s_R,"KCab-m,KCab-c,KCab-s",R,R,,acetylcholine,dopamine,0.724945717280623,,dopamine,acetylcholine,1,True,True
190305,KCab-c,KCab-c,cb_intrinsic,Kenyon_Cell,,KCab-c_L,"KCab-m,KCab-c,KCab-s",L,L,,acetylcholine,dopamine,0.7159231566974442,,dopamine,acetylcholine,1,True,True
190635,PAM05,PAM05,cb_intrinsic,DAN,,PAM05(B'2p)_R,PAM05,R,R,,dopamine,dopamine,0.8963163976661362,dopamine,dopamine,dopamine,0,True,True
191629,KCg-m,KCg-m,cb_intrinsic,Kenyon_Cell,,KCg-m_L,KCg-m,L,L,,acetylcholine,dopamine,0.7266690856313498,,dopamine,acetylcholine,1,True,True
191728,KCab-m,KCab-m,cb_intrinsic,Kenyon_Cell,,KCab-m_L,"KCab-m,KCab-c,KCab-s",L,L,,acetylcholine,dopamine,0.7687934188350393,,dopamine,acetylcholine,1,True,True
191843,KCab-c,KCab-c,cb_intrinsic,Kenyon_Cell,,KCab-c_L,"KCab-m,KCab-c,KCab-s",L,L,,acetylcholine,dopamine,0.7589732535335092,,dopamine,acetylcholine,1,True,True
191928,KCab-s,KCab-s,cb_intrinsic,Kenyon_Cell,,KCab-s_R,"KCab-m,KCab-c,KCab-s",R,R,,acetylcholine,dopamine,0.7699277334300919,,dopamine,acetylcholine,1,True,True
191936,KCab-c,KCab-c,cb_intrinsic,Kenyon_Cell,,KCab-c_R,"KCab-m,KCab-c,KCab-s",R,R,,acetylcholine,dopamine,0.762916420990566,,dopamine,acetylcholine,1,True,True
192097,KCab-s,KCab-s,cb_intrinsic,Kenyon_Cell,,KCab-s_L,"KCab-m,KCab-c,KCab-s",L,L,,acetylcholine,dopamine,0.7492394722450095,,dopamine,acetylcholine,1,True,True
192146,KCab-m,KCab-m,cb_intrinsic,Kenyon_Cell,,KCab-m_L,"KCab-m,KCab-c,KCab-s",L,L,,acetylcholine,dopamine,0.7240327806365542,,dopamine,acetylcholine,1,True,True
192245,PAM05,PAM05,cb_intrinsic,DAN,,PAM05(B'2p)_R,PAM05,R,R,,dopamine,dopamine,0.9094915690739536,dopamine,dopamine,dopamine,0,True,True
192421,KCab-p,KCab-p,cb_intrinsic,Kenyon_Cell,,KCab-p_R,KCab-p,R,R,,acetylcholine,dopamine,0.7139267263509177,,dopamine,acetylcholine,1,True,True
192762,KCab-s,KCab-s,cb_intrinsic,Kenyon_Cell,,KCab-s_R,"KCab-m,KCab-c,KCab-s",R,R,,acetylcholine,dopamine,0.794704913271642,,dopamine,acetylcholine,1,True,True
193578,KCab-s,KCab-s,cb_intrinsic,Kenyon_Cell,,KCab-s_L,"KCab-m,KCab-c,KCab-s",L,L,,acetylcholine,dopamine,0.7979480680257356,,dopamine,acetylcholine,1,True,True
193963,KCab-m,KCab-m,cb_intrinsic,Kenyon_Cell,,KCab-m_L,"KCab-m,KCab-c,KCab-s",L,L,,acetylcholine,dopamine,0.738141602532274,,dopamine,acetylcholine,1,True,True
194148,KCab-c,KCab-c,cb_intrinsic,Kenyon_Cell,,KCab-c_L,"KCab-m,KCab-c,KCab-s",L,L,,acetylcholine,dopamine,0.7831352659217196,,dopamine,acetylcholine,1,True,True
194483,KCg-m,KCg-m,cb_intrinsic,Kenyon_Cell,,KCg-m_R,KCg-m,R,R,,acetylcholine,dopamine,0.820313377414645,,dopamine,acetylcholine,1,True,True
194600,KCab-s,KCab-s,cb_intrinsic,Kenyon_Cell,,KCab-s_L,"KCab-m,KCab-c,KCab-s",L,L,,acetylcholine,dopamine,0.788102549491368,,dopamine,acetylcholine,1,True,True
194678,KCa'b'-m,KCa'b'-m,cb_intrinsic,Kenyon_Cell,,KCa'b'-m_R,KCa'b'-m,R,R,,acetylcholine,dopamine,0.7430836328241989,,dopamine,acetylcholine,1,True,True
194889,KCab-c,KCab-c,cb_intrinsic,Kenyon_Cell,,KCab-c_L,"KCab-m,KCab-c,KCab-s",L,L,,acetylcholine,dopamine,0.6558525986592024,,dopamine,acetylcholine,1,True,True
194990,KCa'b'-m,KCa'b'-m,cb_intrinsic,Kenyon_Cell,,KCa'b'-m_L,KCa'b'-m,L,L,,acetylcholine,dopamine,0.7007365110890433,,dopamine,acetylcholine,1,True,True
195206,KCab-m,KCab-m,cb_intrinsic,Kenyon_Cell,,KCab-m_R,"KCab-m,KCab-c,KCab-s",R,R,,acetylcholine,dopamine,0.8282998179410791,,dopamine,acetylcholine,1,True,True
195279,KCg-m,KCg-m,cb_intrinsic,Kenyon_Cell,,KCg-m_R,KCg-m,R,R,,acetylcholine,dopamine,0.7657273864796339,,dopamine,acetylcholine,1,True,True
195297,KCa'b'-m,KCa'b'-m,cb_intrinsic,Kenyon_Cell,,KCa'b'-m_R,KCa'b'-m,R,R,,acetylcholine,dopamine,0.7125332122557428,,dopamine,acetylcholine,1,True,True
195397,KCab-m,KCab-m,cb_intrinsic,Kenyon_Cell,,KCab-m_L,"KCab-m,KCab-c,KCab-s",L,L,,acetylcholine,dopamine,0.8132887840670859,,dopamine,acetylcholine,1,True,True
196030,PAM06,PAM06,cb_intrinsic,DAN,,PAM06(B'2m)_L,PAM06,L,L,,dopamine,dopamine,0.9011268343815514,dopamine,dopamine,dopamine,0,True,True
196049,KCab-c,KCab-c,cb_intrinsic,Kenyon_Cell,,KCab-c_L,"KCab-m,KCab-c,KCab-s",L,L,,acetylcholine,dopamine,0.7459463443396226,,dopamine,acetylcholine,1,True,True
196065,KCab-s,KCab-s,cb_intrinsic,Kenyon_Cell,,KCab-s_L,"KCab-m,KCab-c,KCab-s",L,L,,acetylcholine,dopamine,0.7705851374778262,,dopamine,acetylcholine,1,True,True
196228,KCab-c,KCab-c,cb_intrinsic,Kenyon_Cell,,KCab-c_L,"KCab-m,KCab-c,KCab-s",L,L,,acetylcholine,dopamine,0.7696619496855345,,dopamine,acetylcholine,1,True,True
196369,KCab-s,KCab-s,cb_intrinsic,Kenyon_Cell,,KCab-s_R,"KCab-m,KCab-c,KCab-s",R,R,,acetylcholine,dopamine,0.7817495871543516,,dopamine,acetylcholine,1,True,True
196622,PAM12,PAM12,cb_intrinsic,DAN,,PAM12(y3)_R,PAM12,R,R,,dopamine,dopamine,0.8839389704169579,dopamine,dopamine,dopamine,0,True,True
196985,PAM05,PAM05,cb_intrinsic,DAN,,PAM05(B'2p)_R,PAM05,R,R,,dopamine,dopamine,0.8614395645645646,dopamine,dopamine,dopamine,0,True,True
197319,KCab-m,KCab-m,cb_intrinsic,Kenyon_Cell,,KCab-m_R,"KCab-m,KCab-c,KCab-s",R,R,,acetylcholine,dopamine,0.7221362043305007,,dopamine,acetylcholine,1,True,True
197363,KCab-p,KCab-p,cb_intrinsic,Kenyon_Cell,,KCab-p_R,KCab-p,R,R,,acetylcholine,dopamine,0.730003424870789,,dopamine,acetylcholine,1,True,True
197691,PAM01,PAM01,cb_intrinsic,DAN,,PAM01(y5)_L,PAM01,L,L,,dopamine,dopamine,0.871685495768305,dopamine,dopamine,dopamine,0,True,True
197895,KCg-m,KCg-m,cb_intrinsic,Kenyon_Cell,,KCg-m_L,KCg-m,L,L,,acetylcholine,dopamine,0.7095102248333521,,dopamine,acetylcholine,1,True,True
197920,PAM08,PAM08,cb_intrinsic,DAN,,PAM08(y4)_R,PAM08,R,R,,dopamine,dopamine,0.909935141509434,dopamine,dopamine,dopamine,0,True,True
198145,KCab-m,KCab-m,cb_intrinsic,Kenyon_Cell,,KCab-m_L,"KCab-m,KCab-c,KCab-s",L,L,,acetylcholine,dopamine,0.7565930531732419,,dopamine,acetylcholine,1,True,True
198408,KCab-c,KCab-c,cb_intrinsic,Kenyon_Cell,,KCab-c_L,"KCab-m,KCab-c,KCab-s",L,L,,acetylcholine,dopamine,0.7824979391830005,,dopamine,acetylcholine,1,True,True
198431,KCab-s,KCab-s,cb_intrinsic,Kenyon_Cell,,KCab-s_R,"KCab-m,KCab-c,KCab-s",R,R,,acetylcholine,dopamine,0.7697736701523074,,dopamine,acetylcholine,1,True,True
198507,PAM13,PAM13,cb_intrinsic,DAN,,PAM13(B'1ap)_L,PAM13,L,L,,dopamine,dopamine,0.8918028991126045,dopamine,dopamine,dopamine,0,True,True
198758,PAM01,PAM01,cb_intrinsic,DAN,,PAM01(y5)_L,PAM01,L,L,,dopamine,dopamine,0.9219732704402515,dopamine,dopamine,dopamine,0,True,True
199291,KCab-c,KCab-c,cb_intrinsic,Kenyon_Cell,,KCab-c_L,"KCab-m,KCab-c,KCab-s",L,L,,acetylcholine,dopamine,0.721501572327044,,dopamine,acetylcholine,1,True,True
200482,KCg-m,KCg-m,cb_intrinsic,Kenyon_Cell,,KCg-m_R,KCg-m,R,R,,acetylcholine,dopamine,0.753872297010812,,dopamine,acetylcholine,1,True,True
200566,KCab-s,KCab-s,cb_intrinsic,Kenyon_Cell,,KCab-s_L,"KCab-m,KCab-c,KCab-s",L,L,,acetylcholine,dopamine,0.7543604966384732,,dopamine,acetylcholine,1,True,True
200684,KCab-s,KCab-s,cb_intrinsic,Kenyon_Cell,,KCab-s_R,"KCab-m,KCab-c,KCab-s",R,R,,acetylcholine,dopamine,0.7872387834576569,,dopamine,acetylcholine,1,True,True
200908,KCa'b'-ap2,KCa'b'-ap2,cb_intrinsic,Kenyon_Cell,,KCa'b'-ap2_R,KCa'b'-ap2,R,R,,acetylcholine,dopamine,0.7339270159742521,,dopamine,acetylcholine,1,True,True
200973,PAM10,PAM10,cb_intrinsic,DAN,,PAM10(B1)_R,PAM10,R,R,,dopamine,dopamine,0.9175217661691543,dopamine,dopamine,dopamine,0,True,True
201474,M_lvPNm28,M_lvPNm28,cb_intrinsic,ALPN,,M_lvPNm28_L,M_lvPNm28,L,L,,acetylcholine,acetylcholine,0.9333866904508962,acetylcholine,acetylcholine,acetylcholine,1,True,True
201756,KCab-s,KCab-s,cb_intrinsic,Kenyon_Cell,,KCab-s_L,"KCab-m,KCab-c,KCab-s",L,L,,acetylcholine,dopamine,0.7788319515913855,,dopamine,acetylcholine,1,True,True
202242,KCg-m,KCg-m,cb_intrinsic,Kenyon_Cell,,KCg-m_L,KCg-m,L,L,,acetylcholine,dopamine,0.7063001901005578,,dopamine,acetylcholine,1,True,True
202330,PAM13,PAM13,cb_intrinsic,DAN,,PAM13(B'1ap)_R,PAM13,R,R,,dopamine,dopamine,0.874584494111688,dopamine,dopamine,dopamine,0,True,True
202642,KCab-c,KCab-c,cb_intrinsic,Kenyon_Cell,,KCab-c_L,"KCab-m,KCab-c,KCab-s",L,L,,acetylcholine,dopamine,0.726095715408805,,dopamine,acetylcholine,1,True,True
203037,KCab-c,KCab-c,cb_intrinsic,Kenyon_Cell,,KCab-c_L,"KCab-m,KCab-c,KCab-s",L,L,,acetylcholine,dopamine,0.7388641076474342,,dopamine,acetylcholine,1,True,True
203543,KCa'b'-m,KCa'b'-m,cb_intrinsic,Kenyon_Cell,,KCa'b'-m_R,KCa'b'-m,R,R,,acetylcholine,dopamine,0.6425184272723631,,dopamine,acetylcholine,1,True,True
203682,PAM14,PAM14,cb_intrinsic,DAN,,PAM14(B'1m)_R,PAM14,R,R,,dopamine,dopamine,0.8383497425182559,dopamine,dopamine,dopamine,0,True,True
203885,PAM13,PAM13,cb_intrinsic,DAN,,PAM13(B'1ap)_R,PAM13,R,R,,dopamine,dopamine,0.8991316924689565,dopamine,dopamine,dopamine,0,True,True
204930,PAM11,PAM11,cb_intrinsic,DAN,,PAM11(a1)_L,PAM11,L,L,,dopamine,dopamine,0.8777416834777106,dopamine,dopamine,dopamine,0,True,True
205250,KCab-m,KCab-m,cb_intrinsic,Kenyon_Cell,,KCab-m_L,"KCab-m,KCab-c,KCab-s",L,L,,acetylcholine,dopamine,0.7842242357296393,,dopamine,acetylcholine,1,True,True
205480,KCab-c,KCab-c,cb_intrinsic,Kenyon_Cell,,KCab-c_L,"KCab-m,KCab-c,KCab-s",L,L,,acetylcholine,dopamine,0.7112079733145241,,dopamine,acetylcholine,1,True,True
205561,KCab-c,KCab-c,cb_intrinsic,Kenyon_Cell,,KCab-c_L,"KCab-m,KCab-c,KCab-s",L,L,,acetylcholine,dopamine,0.7668578473413379,,dopamine,acetylcholine,1,True,True
205884,PAM01,PAM01,cb_intrinsic,DAN,,PAM01(y5)_R,PAM01,R,R,,dopamine,dopamine,0.9219732704402516,dopamine,dopamine,dopamine,0,True,True
205908,KCg-m,KCg-m,cb_intrinsic,Kenyon_Cell,,KCg-m_R,KCg-m,R,R,,acetylcholine,dopamine,0.7246080916173847,,dopamine,acetylcholine,1,True,True
206188,KCab-s,KCab-s,cb_intrinsic,Kenyon_Cell,,KCab-s_L,"KCab-m,KCab-c,KCab-s",L,L,,acetylcholine,dopamine,0.7284774973454219,,dopamine,acetylcholine,1,True,True
206455,KCab-c,KCab-c,cb_intrinsic,Kenyon_Cell,,KCab-c_L,"KCab-m,KCab-c,KCab-s",L,L,,acetylcholine,dopamine,0.7283185171746492,,dopamine,acetylcholine,1,True,True
206739,KCg-s4,KCg-s4,cb_intrinsic,Kenyon_Cell,,KCg-s4_L,KCg-m,L,L,,acetylcholine,dopamine,0.5867718568529346,,dopamine,acetylcholine,1,True,True
206851,PAM12,PAM12,cb_intrinsic,DAN,,PAM12(y3)_R,PAM12,R,R,,dopamine,dopamine,0.9055817610062894,dopamine,dopamine,dopamine,0,True,True
207122,PAM13,PAM13,cb_intrinsic,DAN,,PAM13(B'1ap)_L,PAM13,L,L,,dopamine,dopamine,0.8789530352748154,dopamine,dopamine,dopamine,0,True,True
207353,KCab-m,KCab-m,cb_intrinsic,Kenyon_Cell,,KCab-m_L,"KCab-m,KCab-c,KCab-s",L,L,,acetylcholine,dopamine,0.7673319939436292,,dopamine,acetylcholine,1,True,True
207463,PAM06,PAM06,cb_intrinsic,DAN,,PAM06(B'2m)_R,PAM06,R,R,,dopamine,dopamine,0.9059753577215676,dopamine,dopamine,dopamine,0,True,True
208043,KCab-c,KCab-c,cb_intrinsic,Kenyon_Cell,,KCab-c_L,"KCab-m,KCab-c,KCab-s",L,L,,acetylcholine,dopamine,0.7539179597954505,,dopamine,acetylcholine,1,True,True
208566,MBON34,MBON34,cb_intrinsic,MBON,,MBON34(y2)_L,MBON34,L,L,,glutamate,glutamate,0.8233705954362881,,glutamate,glutamate,-1,True,True
209656,PAM13,PAM13,cb_intrinsic,DAN,,PAM13(B'1ap)_L,PAM13,L,L,,dopamine,dopamine,0.8991960843984582,dopamine,dopamine,dopamine,0,True,True
209674,KCab-c,KCab-c,cb_intrinsic,Kenyon_Cell,,KCab-c_L,"KCab-m,KCab-c,KCab-s",L,L,,acetylcholine,dopamine,0.7911284126643796,,dopamine,acetylcholine,1,True,True
209949,KCab-c,KCab-c,cb_intrinsic,Kenyon_Cell,,KCab-c_R,"KCab-m,KCab-c,KCab-s",R,R,,acetylcholine,dopamine,0.7814644082332761,,dopamine,acetylcholine,1,True,True
210440,KCab-s,KCab-s,cb_intrinsic,Kenyon_Cell,,KCab-s_R,"KCab-m,KCab-c,KCab-s",R,R,,acetylcholine,dopamine,0.7541066057267861,,dopamine,acetylcholine,1,True,True
210806,KCab-m,KCab-m,cb_intrinsic,Kenyon_Cell,,KCab-m_L,"KCab-m,KCab-c,KCab-s",L,L,,acetylcholine,dopamine,0.7846389653214536,,dopamine,acetylcholine,1,True,True
211087,KCab-c,KCab-c,cb_intrinsic,Kenyon_Cell,,KCab-c_L,"KCab-m,KCab-c,KCab-s",L,L,,acetylcholine,dopamine,0.7425707547169812,,dopamine,acetylcholine,1,True,True
211474,KCab-m,KCab-m,cb_intrinsic,Kenyon_Cell,,KCab-m_R,"KCab-m,KCab-c,KCab-s",R,R,,acetylcholine,dopamine,0.7070866187928283,,dopamine,acetylcholine,1,True,True
212085,PAM01,PAM01,cb_intrinsic,DAN,,PAM01(y5)_R,PAM01,R,R,,dopamine,dopamine,0.9219732704402516,dopamine,dopamine,dopamine,0,True,True
212154,KCg-m,KCg-m,cb_intrinsic,Kenyon_Cell,,KCg-m_R,KCg-m,R,R,,acetylcholine,dopamine,0.7633906162340921,,dopamine,acetylcholine,1,True,True
212160,PAM08,PAM08,cb_intrinsic,DAN,,PAM08(y4)_R,PAM08,R,R,,dopamine,dopamine,0.7132487917092667,dopamine,dopamine,dopamine,0,True,True
212684,PAM14,PAM14,cb_intrinsic,DAN,,PAM14(B'1m)_L,PAM14,L,L,,dopamine,dopamine,0.8949211435978683,dopamine,dopamine,dopamine,0,True,True
212767,KCg-m,KCg-m,cb_intrinsic,Kenyon_Cell,,KCg-m_R,KCg-m,R,R,,acetylcholine,dopamine,0.7246990699537201,,dopamine,acetylcholine,1,True,True
213743,PAM05,PAM05,cb_intrinsic,DAN,,PAM05(B'2p)_R,PAM05,R,R,,dopamine,dopamine,0.8430357620768099,dopamine,dopamine,dopamine,0,True,True
213934,KCab-m,KCab-m,cb_intrinsic,Kenyon_Cell,,KCab-m_R,"KCab-m,KCab-c,KCab-s",R,R,,acetylcholine,dopamine,0.6992199582431178,,dopamine,acetylcholine,1,True,True
213996,KCab-p,KCab-p,cb_intrinsic,Kenyon_Cell,,KCab-p_R,KCab-p,R,R,,acetylcholine,dopamine,0.7059566840989883,,dopamine,acetylcholine,1,True,True
214044,KCab-m,KCab-m,cb_intrinsic,Kenyon_Cell,,KCab-m_R,"KCab-m,KCab-c,KCab-s",R,R,,acetylcholine,dopamine,0.7563673669655203,,dopamine,acetylcholine,1,True,True
214511,KCab-c,KCab-c,cb_intrinsic,Kenyon_Cell,,KCab-c_L,"KCab-m,KCab-c,KCab-s",L,L,,acetylcholine,dopamine,0.784319684886209,,dopamine,acetylcholine,1,True,True
215931,PAM11,PAM11,cb_intrinsic,DAN,,PAM11(a1)_R,PAM11,R,R,,dopamine,dopamine,0.8870040117846173,dopamine,dopamine,dopamine,0,True,True
215940,PAM13,PAM13,cb_intrinsic,DAN,,PAM13(B'1ap)_L,PAM13,L,L,,dopamine,dopamine,0.8740157720247672,dopamine,dopamine,dopamine,0,True,True
216580,KCg-d,KCg-d,cb_intrinsic,Kenyon_Cell,,KCg-d_L,KCg-d,L,L,,acetylcholine,dopamine,0.7138049932832631,,dopamine,acetylcholine,1,True,True
217007,PAM06,PAM06,cb_intrinsic,DAN,,PAM06(B'2m)_R,PAM06,R,R,,dopamine,dopamine,0.9050911504687315,dopamine,dopamine,dopamine,0,True,True
217737,PAM14,PAM14,cb_intrinsic,DAN,,PAM14(B'1m)_L,PAM14,L,L,,dopamine,dopamine,0.886996855345912,dopamine,dopamine,dopamine,0,True,True
218356,KCab-m,KCab-m,cb_intrinsic,Kenyon_Cell,,KCab-m_R,"KCab-m,KCab-c,KCab-s",R,R,,acetylcholine,dopamine,0.7706580401155873,,dopamine,acetylcholine,1,True,True
218518,PAM13,PAM13,cb_intrinsic,DAN,,PAM13(B'1ap)_R,PAM13,R,R,,dopamine,dopamine,0.8609043337264151,dopamine,dopamine,dopamine,0,True,True
218583,PAM04,PAM04,cb_intrinsic,DAN,,PAM04(B2)_R,PAM04,R,R,,dopamine,dopamine,0.9070260845024996,dopamine,dopamine,dopamine,0,True,True
218942,KCg-m,KCg-m,cb_intrinsic,Kenyon_Cell,,KCg-m_R,KCg-m,R,R,,acetylcholine,dopamine,0.8004071349431354,,dopamine,acetylcholine,1,True,True
221876,KCg-m,KCg-m,cb_intrinsic,Kenyon_Cell,,KCg-m_R,KCg-m,R,R,,acetylcholine,dopamine,0.7468516722506319,,dopamine,acetylcholine,1,True,True
222128,KCab-c,KCab-c,cb_intrinsic,Kenyon_Cell,,KCab-c_L,"KCab-m,KCab-c,KCab-s",L,L,,acetylcholine,dopamine,0.7609964622641509,,dopamine,acetylcholine,1,True,True
222130,KCab-s,KCab-s,cb_intrinsic,Kenyon_Cell,,KCab-s_R,"KCab-m,KCab-c,KCab-s",R,R,,acetylcholine,dopamine,0.7276126834381551,,dopamine,acetylcholine,1,True,True
223880,KCab-m,KCab-m,cb_intrinsic,Kenyon_Cell,,KCab-m_R,"KCab-m,KCab-c,KCab-s",R,R,,acetylcholine,dopamine,0.7124722530521643,,dopamine,acetylcholine,1,True,True
224160,PAM14,PAM14,cb_intrinsic,DAN,,PAM14(B'1m)_R,PAM14,R,R,,dopamine,dopamine,0.8972847121432027,dopamine,dopamine,dopamine,0,True,True
224205,PAM09,PAM09,cb_intrinsic,DAN,,PAM09(B1ped)_R,PAM09,R,R,,dopamine,dopamine,0.8959955688965123,dopamine,dopamine,dopamine,0,True,True
224500,PAM11,PAM11,cb_intrinsic,DAN,,PAM11(a1)_R,PAM11,R,R,,dopamine,dopamine,0.8331691546058447,dopamine,dopamine,dopamine,0,True,True
224662,KCab-c,KCab-c,cb_intrinsic,Kenyon_Cell,,KCab-c_L,"KCab-m,KCab-c,KCab-s",L,L,,acetylcholine,dopamine,0.7154412018798811,,dopamine,acetylcholine,1,True,True
226379,KCab-s,KCab-s,cb_intrinsic,Kenyon_Cell,,KCab-s_R,"KCab-m,KCab-c,KCab-s",R,R,,acetylcholine,dopamine,0.7823751082740181,,dopamine,acetylcholine,1,True,True
226452,PAM05,PAM05,cb_intrinsic,DAN,,PAM05(B'2p)_R,PAM05,R,R,,dopamine,dopamine,0.8882603418331096,dopamine,dopamine,dopamine,0,True,True
226708,PAM08,PAM08,cb_intrinsic,DAN,,PAM08(y4)_R,PAM08,R,R,,dopamine,dopamine,0.872487441370856,dopamine,dopamine,dopamine,0,True,True
228917,KCab-p,KCab-p,cb_intrinsic,Kenyon_Cell,,KCab-p_R,KCab-p,R,R,,acetylcholine,dopamine,0.6331464429631303,,dopamine,acetylcholine,1,True,True
230110,VP1l+_lvPN,VP1l+_lvPN,cb_intrinsic,ALPN,,VP1l+_lvPN_L,VP1l+_lvPN,L,L,,acetylcholine,serotonin,0.6616438356164384,acetylcholine,unclear,acetylcholine,1,True,True
230802,PAM05,PAM05,cb_intrinsic,DAN,,PAM05(B'2p)_L,PAM05,L,L,,dopamine,dopamine,0.864447967428881,dopamine,dopamine,dopamine,0,True,True
231413,PAM14,PAM14,cb_intrinsic,DAN,,PAM14(B'1m)_L,PAM14,L,L,,dopamine,dopamine,0.8855351296631343,dopamine,dopamine,dopamine,0,True,True
236035,KCg-m,KCg-m,cb_intrinsic,Kenyon_Cell,,KCg-m_L,KCg-m,L,L,,acetylcholine,dopamine,0.7616445508544565,,dopamine,acetylcholine,1,True,True
237109,KCab-s,KCab-s,cb_intrinsic,Kenyon_Cell,,KCab-s_R,"KCab-m,KCab-c,KCab-s",R,R,,acetylcholine,dopamine,0.7898024017065726,,dopamine,acetylcholine,1,True,True
237248,KCab-m,KCab-m,cb_intrinsic,Kenyon_Cell,,KCab-m_L,"KCab-m,KCab-c,KCab-s",L,L,,acetylcholine,dopamine,0.7377951335189195,,dopamine,acetylcholine,1,True,True
238644,PAM11,PAM11,cb_intrinsic,DAN,,PAM11(a1)_R,PAM11,R,R,,dopamine,dopamine,0.7382749652625421,dopamine,dopamine,dopamine,0,True,True
239873,PAM04,PAM04,cb_intrinsic,DAN,,PAM04(B2)_L,PAM04,L,L,,dopamine,dopamine,0.8470822612921669,dopamine,dopamine,dopamine,0,True,True
241948,KCab-s,KCab-s,cb_intrinsic,Kenyon_Cell,,KCab-s_L,"KCab-m,KCab-c,KCab-s",L,L,,acetylcholine,dopamine,0.7832817901620226,,dopamine,acetylcholine,1,True,True
242401,KCab-s,KCab-s,cb_intrinsic,Kenyon_Cell,,KCab-s_R,"KCab-m,KCab-c,KCab-s",R,R,,acetylcholine,dopamine,0.7738635458960273,,dopamine,acetylcholine,1,True,True
242429,PAM08,PAM08,cb_intrinsic,DAN,,PAM08(y4)_R,PAM08,R,R,,dopamine,dopamine,0.9096767266480318,dopamine,dopamine,dopamine,0,True,True
243477,PAM13,PAM13,cb_intrinsic,DAN,,PAM13(B'1ap)_R,PAM13,R,R,,dopamine,dopamine,0.844587188558297,dopamine,dopamine,dopamine,0,True,True
243735,KCg-m,KCg-m,cb_intrinsic,Kenyon_Cell,,KCg-m_R,KCg-m,R,R,,acetylcholine,dopamine,0.7996707388170446,,dopamine,acetylcholine,1,True,True
245271,KCab-s,KCab-s,cb_intrinsic,Kenyon_Cell,,KCab-s_R,"KCab-m,KCab-c,KCab-s",R,R,,acetylcholine,dopamine,0.7942417533050956,,dopamine,acetylcholine,1,True,True
245416,KCab-c,KCab-c,cb_intrinsic,Kenyon_Cell,,KCab-c_L,"KCab-m,KCab-c,KCab-s",L,L,,acetylcholine,dopamine,0.7968331440717448,,dopamine,acetylcholine,1,True,True
247098,KCa'b'-m,KCa'b'-m,cb_intrinsic,Kenyon_Cell,,KCa'b'-m_R,KCa'b'-m,R,R,,acetylcholine,dopamine,0.7021269871369427,,dopamine,acetylcholine,1,True,True
248072,KCab-c,KCab-c,cb_intrinsic,Kenyon_Cell,,KCab-c_L,"KCab-m,KCab-c,KCab-s",L,L,,acetylcholine,dopamine,0.718743710691824,,dopamine,acetylcholine,1,True,True
248678,KCab-s,KCab-s,cb_intrinsic,Kenyon_Cell,,KCab-s_R,"KCab-m,KCab-c,KCab-s",R,R,,acetylcholine,dopamine,0.8045262082991522,,dopamine,acetylcholine,1,True,True
252045,PAM01,PAM01,cb_intrinsic,DAN,,PAM01(y5)_R,PAM01,R,R,,dopamine,dopamine,0.8835559372436422,dopamine,dopamine,dopamine,0,True,True
252837,KCab-c,KCab-c,cb_intrinsic,Kenyon_Cell,,KCab-c_L,"KCab-m,KCab-c,KCab-s",L,L,,acetylcholine,dopamine,0.7517310716013547,,dopamine,acetylcholine,1,True,True
257083,KCab-m,KCab-m,cb_intrinsic,Kenyon_Cell,,KCab-m_L,"KCab-m,KCab-c,KCab-s",L,L,,acetylcholine,dopamine,0.7659302240826357,,dopamine,acetylcholine,1,True,True
257650,PAM02,PAM02,cb_intrinsic,DAN,,PAM02(B'2a)_R,PAM02,R,R,,dopamine,dopamine,0.9024942041959326,dopamine,dopamine,dopamine,0,True,True
259089,PAM02,PAM02,cb_intrinsic,DAN,,PAM02(B'2a)_R,PAM02,R,R,,dopamine,dopamine,0.8919874613580642,dopamine,dopamine,dopamine,0,True,True
259486,PAM04,PAM04,cb_intrinsic,DAN,,PAM04(B2)_R,PAM04,R,R,,dopamine,dopamine,0.8569894494576611,dopamine,dopamine,dopamine,0,True,True
261849,KCab-m,KCab-m,cb_intrinsic,Kenyon_Cell,,KCab-m_R,"KCab-m,KCab-c,KCab-s",R,R,,acetylcholine,dopamine,0.6499383213171753,,dopamine,acetylcholine,1,True,True
262117,KCab-m,KCab-m,cb_intrinsic,Kenyon_Cell,,KCab-m_R,"KCab-m,KCab-c,KCab-s",R,R,,acetylcholine,dopamine,0.6731659162378503,,dopamine,acetylcholine,1,True,True
263358,KCab-m,KCab-m,cb_intrinsic,Kenyon_Cell,,KCab-m_R,"KCab-m,KCab-c,KCab-s",R,R,,acetylcholine,dopamine,0.7346920289855072,,dopamine,acetylcholine,1,True,True
263886,KCab-s,KCab-s,cb_intrinsic,Kenyon_Cell,,KCab-s_R,"KCab-m,KCab-c,KCab-s",R,R,,acetylcholine,dopamine,0.7314510130682031,,dopamine,acetylcholine,1,True,True
264746,KCab-m,KCab-m,cb_intrinsic,Kenyon_Cell,,KCab-m_R,"KCab-m,KCab-c,KCab-s",R,R,,acetylcholine,dopamine,0.7805675663871419,,dopamine,acetylcholine,1,True,True
265747,KCab-c,KCab-c,cb_intrinsic,Kenyon_Cell,,KCab-c_L,"KCab-m,KCab-c,KCab-s",L,L,,acetylcholine,dopamine,0.751010317584074,,dopamine,acetylcholine,1,True,True
266449,KCab-s,KCab-s,cb_intrinsic,Kenyon_Cell,,KCab-s_R,"KCab-m,KCab-c,KCab-s",R,R,,acetylcholine,dopamine,0.773424416657363,,dopamine,acetylcholine,1,True,True
268292,KCab-m,KCab-m,cb_intrinsic,Kenyon_Cell,,KCab-m_R,"KCab-m,KCab-c,KCab-s",R,R,,acetylcholine,dopamine,0.670508952348575,,dopamine,acetylcholine,1,True,True
268907,KCab-c,KCab-c,cb_intrinsic,Kenyon_Cell,,KCab-c_L,"KCab-m,KCab-c,KCab-s",L,L,,acetylcholine,dopamine,0.7588800743281875,,dopamine,acetylcholine,1,True,True
272106,KCab-m,KCab-m,cb_intrinsic,Kenyon_Cell,,KCab-m_R,"KCab-m,KCab-c,KCab-s",R,R,,acetylcholine,dopamine,0.6458406669482776,,dopamine,acetylcholine,1,True,True
273182,PAM11,PAM11,cb_intrinsic,DAN,,PAM11(a1)_L,PAM11,L,L,,dopamine,dopamine,0.8357347836546724,dopamine,dopamine,dopamine,0,True,True
286505,KCab-c,KCab-c,cb_intrinsic,Kenyon_Cell,,KCab-c_L,"KCab-m,KCab-c,KCab-s",L,L,,acetylcholine,dopamine,0.7442763460653474,,dopamine,acetylcholine,1,True,True
287798,KCab-s,KCab-s,cb_intrinsic,Kenyon_Cell,,KCab-s_R,"KCab-m,KCab-c,KCab-s",R,R,,acetylcholine,dopamine,0.7993290686654605,,dopamine,acetylcholine,1,True,True
291665,PAM02,PAM02,cb_intrinsic,DAN,,PAM02(B'2a)_R,PAM02,R,R,,dopamine,dopamine,0.9025419287211739,dopamine,dopamine,dopamine,0,True,True
292203,PAM04,PAM04,cb_intrinsic,DAN,,PAM04(B2)_L,PAM04,L,L,,dopamine,dopamine,0.8998489091981131,dopamine,dopamine,dopamine,0,True,True
294758,KCab-c,KCab-c,cb_intrinsic,Kenyon_Cell,,KCab-c_R,"KCab-m,KCab-c,KCab-s",R,R,,acetylcholine,dopamine,0.6894608023781447,,dopamine,acetylcholine,1,True,True
297139,PAM04,PAM04,cb_intrinsic,DAN,,PAM04(B2)_R,PAM04,R,R,,dopamine,dopamine,0.8593597750022146,dopamine,dopamine,dopamine,0,True,True
303093,KCab-s,KCab-s,cb_intrinsic,Kenyon_Cell,,KCab-s_R,"KCab-m,KCab-c,KCab-s",R,R,,acetylcholine,dopamine,0.7495266640461217,,dopamine,acetylcholine,1,True,True
319321,PAM11,PAM11,cb_intrinsic,DAN,,PAM11(a1)_R,PAM11,R,R,,dopamine,dopamine,0.8396496750134437,dopamine,dopamine,dopamine,0,True,True
325731,PAM01,PAM01,cb_intrinsic,DAN,,PAM01(y5)_R,PAM01,R,R,,dopamine,dopamine,0.9149340832123851,dopamine,dopamine,dopamine,0,True,True
336850,PAM03,PAM03,cb_intrinsic,DAN,,PAM03(B2B'2a)_L,PAM03,L,L,,dopamine,dopamine,0.9219732704402516,dopamine,dopamine,dopamine,0,True,True
341512,PAM04,PAM04,cb_intrinsic,DAN,,PAM04(B2)_L,PAM04,L,L,,dopamine,dopamine,0.905852431004279,dopamine,dopamine,dopamine,0,True,True
365046,KCab-s,KCab-s,cb_intrinsic,Kenyon_Cell,,KCab-s_R,"KCab-m,KCab-c,KCab-s",R,R,,acetylcholine,dopamine,0.7144571918416658,,dopamine,acetylcholine,1,True,True
374700,KCab-p,KCab-p,cb_intrinsic,Kenyon_Cell,,KCab-p_R,KCab-p,R,R,,acetylcholine,dopamine,0.7116309705932347,,dopamine,acetylcholine,1,True,True
375168,KCab-c,KCab-c,cb_intrinsic,Kenyon_Cell,,KCab-c_R,"KCab-m,KCab-c,KCab-s",R,R,,acetylcholine,dopamine,0.6714889375561546,,dopamine,acetylcholine,1,True,True
394860,MBON25,MBON25,cb_intrinsic,MBON,,MBON25(y1y2)_R,MBON25,R,R,,glutamate,glutamate,0.8232318032446929,,glutamate,glutamate,-1,True,True
500003,KCab-s,KCab-s,cb_intrinsic,Kenyon_Cell,,KCab-s_R,"KCab-m,KCab-c,KCab-s",R,R,,acetylcholine,dopamine,0.787493063263041,,dopamine,acetylcholine,1,True,True
500140,KCab-s,KCab-s,cb_intrinsic,Kenyon_Cell,,KCab-s_R,"KCab-m,KCab-c,KCab-s",R,R,,acetylcholine,dopamine,0.766501572327044,,dopamine,acetylcholine,1,True,True
500143,KCab-s,KCab-s,cb_intrinsic,Kenyon_Cell,,KCab-s_R,"KCab-m,KCab-c,KCab-s",R,R,,acetylcholine,dopamine,0.7612478968873934,,dopamine,acetylcholine,1,True,True
500161,KCab-s,KCab-s,cb_intrinsic,Kenyon_Cell,,KCab-s_R,"KCab-m,KCab-c,KCab-s",R,R,,acetylcholine,dopamine,0.7853167892883984,,dopamine,acetylcholine,1,True,True
506819,PAM01,PAM01,cb_intrinsic,DAN,,PAM01(y5)_R,PAM01,R,R,,dopamine,dopamine,0.9219732704402516,dopamine,dopamine,dopamine,0,True,True
508595,MBON35,MBON35,cb_intrinsic,MBON,,MBON35(y2)_R,MBON35,R,R,,acetylcholine,acetylcholine,0.9292592019728656,,acetylcholine,acetylcholine,1,True,True
511807,VM7d_adPN,VM7d_adPN,cb_intrinsic,ALPN,,VM7d_adPN_R,VM7d_adPN,R,R,,acetylcholine,acetylcholine,0.9515565166838356,acetylcholine,acetylcholine,acetylcholine,1,True,True
511844,PEG,PEG,cb_intrinsic,CX,,PEG(PB07)_L1,PEG,L,L,,acetylcholine,acetylcholine,0.7710233921730634,acetylcholine,acetylcholine,acetylcholine,1,True,True
512305,EPG,EPG,cb_intrinsic,CX,,EPG(PB08)_R8,EPG,R,R,,acetylcholine,acetylcholine,0.8773804740365537,acetylcholine,acetylcholine,acetylcholine,1,True,True
512326,PPL105,PPL105,cb_intrinsic,DAN,,PPL105(a'2a2)_L,PPL105,L,L,,dopamine,dopamine,0.8754546999830018,dopamine,dopamine,dopamine,0,True,True
512513,EPG,EPG,cb_intrinsic,CX,,EPG(PB08)_R1,EPG,R,R,,acetylcholine,acetylcholine,0.8928798885504847,acetylcholine,acetylcholine,acetylcholine,1,True,True
512514,EPG,EPG,cb_intrinsic,CX,,EPG(PB08)_L1,EPG,L,L,,acetylcholine,acetylcholine,0.8880871693255262,acetylcholine,acetylcholine,acetylcholine,1,True,True
512788,MBON18,MBON18,cb_intrinsic,MBON,,MBON18(a2sc)_L,MBON18,L,L,,acetylcholine,acetylcholine,0.947181387646497,acetylcholine,acetylcholine,acetylcholine,1,True,True
512789,MBON23,MBON23,cb_intrinsic,MBON,,MBON23(a2sp)_L,MBON23,L,L,,acetylcholine,acetylcholine,0.952111278671407,,acetylcholine,acetylcholine,1,True,True
512793,PEG,PEG,cb_intrinsic,CX,,PEG(PB07)_L6,PEG,L,L,,acetylcholine,acetylcholine,0.849807084994604,acetylcholine,acetylcholine,acetylcholine,1,True,True
512883,DL2d_adPN,DL2d_adPN,cb_intrinsic,ALPN,,DL2d_adPN_R,DL2d_adPN,R,R,,acetylcholine,acetylcholine,0.9381760473635481,acetylcholine,acetylcholine,acetylcholine,1,True,True
512927,PEN_a(PEN1),PEN_a(PEN1),cb_intrinsic,CX,,PEN_a(PB06a)_R2,PEN_a(PEN1),R,R,,acetylcholine,acetylcholine,0.8009998011119266,acetylcholine,acetylcholine,acetylcholine,1,True,True
512928,EPG,EPG,cb_intrinsic,CX,,EPG(PB08)_R3,EPG,R,R,,acetylcholine,acetylcholine,0.9378676244479014,acetylcholine,acetylcholine,acetylcholine,1,True,True
513033,EPG,EPG,cb_intrinsic,CX,,EPG(PB08)_L8,EPG,L,L,,acetylcholine,acetylcholine,0.9062487212990888,acetylcholine,acetylcholine,acetylcholine,1,True,True
513174,MBON30,MBON30,cb_intrinsic,MBON,,MBON30(y1y2y3)_L,MBON30,L,L,,glutamate,glutamate,0.7531000589109824,,glutamate,glutamate,-1,True,True
513175,KCg-m,KCg-m,cb_intrinsic,Kenyon_Cell,,KCg-m_L,KCg-m,L,L,,acetylcholine,dopamine,0.7067145127476838,,dopamine,acetylcholine,1,True,True
513283,PEN_a(PEN1),PEN_a(PEN1),cb_intrinsic,CX,,PEN_a(PB06a)_L8,PEN_a(PEN1),L,L,,acetylcholine,acetylcholine,0.8513032921750854,acetylcholine,acetylcholine,acetylcholine,1,True,True
513284,EPG,EPG,cb_intrinsic,CX,,EPG(PB08)_R3,EPG,R,R,,acetylcholine,acetylcholine,0.9550497397537682,acetylcholine,acetylcholine,acetylcholine,1,True,True
513387,MBON17-like,MBON17-like,cb_intrinsic,MBON,,MBON17-like(a'2a'3)_L,MBON17-like,L,L,,acetylcholine,acetylcholine,0.9198448964718379,acetylcholine,acetylcholine,acetylcholine,1,True,True
513391,MBON17-like,MBON17-like,cb_intrinsic,MBON,,MBON17-like(a'2a'3)_R,MBON17-like,R,R,,acetylcholine,acetylcholine,0.9460937844001729,acetylcholine,acetylcholine,acetylcholine,1,True,True
513463,EPG,EPG,cb_intrinsic,CX,,EPG(PB08)_R2,EPG,R,R,,acetylcholine,acetylcholine,0.9277884802894074,acetylcholine,acetylcholine,acetylcholine,1,True,True
513464,EPG,EPG,cb_intrinsic,CX,,EPG(PB08)_R8,EPG,R,R,,acetylcholine,acetylcholine,0.904305724229697,acetylcholine,acetylcholine,acetylcholine,1,True,True
513513,VC3_adPN,VC3_adPN,cb_intrinsic,ALPN,,VC3_adPN_R,VC3l_adPN,R,R,,acetylcholine,acetylcholine,0.9612800229077202,acetylcholine,acetylcholine,acetylcholine,1,True,True
513517,EPG,EPG,cb_intrinsic,CX,,EPG(PB08)_L4,EPG,L,L,,acetylcholine,acetylcholine,0.9003533275234786,acetylcholine,acetylcholine,acetylcholine,1,True,True
513520,EPG,EPG,cb_intrinsic,CX,,EPG(PB08)_R6,EPG,R,R,,acetylcholine,acetylcholine,0.8940376212180828,acetylcholine,acetylcholine,acetylcholine,1,True,True
514004,KCg-m,KCg-m,cb_intrinsic,Kenyon_Cell,,KCg-m_L,KCg-m,L,L,,acetylcholine,dopamine,0.7113905159306102,,dopamine,acetylcholine,1,True,True
514009,M_vPNml63,M_vPNml63,cb_intrinsic,ALPN,,M_vPNml63_L,M_vPNml63,L,L,,gaba,gaba,0.82667716350253,gaba,gaba,gaba,-1,True,True
514045,PEN_a(PEN1),PEN_a(PEN1),cb_intrinsic,CX,,PEN_a(PB06a)_R3,PEN_a(PEN1),R,R,,acetylcholine,acetylcholine,0.7873313672141619,acetylcholine,acetylcholine,acetylcholine,1,True,True
514066,KCa'b'-ap2,KCa'b'-ap2,cb_intrinsic,Kenyon_Cell,,KCa'b'-ap2_R,KCa'b'-ap2,R,R,,acetylcholine,dopamine,0.7313476364374112,,dopamine,acetylcholine,1,True,True
514125,PEN_b(PEN2),PEN_b(PEN2),cb_intrinsic,CX,,PEN_b(PB06b)_L6,PEN_b(PEN2),L,L,,acetylcholine,acetylcholine,0.8490847315654324,acetylcholine,acetylcholine,acetylcholine,1,True,True
514126,EPG,EPG,cb_intrinsic,CX,,EPG(PB08)_R5,EPG,R,R,,acetylcholine,acetylcholine,0.8983420648219244,acetylcholine,acetylcholine,acetylcholine,1,True,True
514405,PEN_a(PEN1),PEN_a(PEN1),cb_intrinsic,CX,,PEN_a(PB06a)_R6,PEN_a(PEN1),R,R,,acetylcholine,acetylcholine,0.7884279962884615,acetylcholine,acetylcholine,acetylcholine,1,True,True
514853,MBON13,MBON13,cb_intrinsic,MBON,,MBON13(a'2)_R,MBON13,R,R,,acetylcholine,acetylcholine,0.9287786196546525,acetylcholine,acetylcholine,acetylcholine,1,True,True
515015,MBON30,MBON30,cb_intrinsic,MBON,,MBON30(y1y2y3)_R,MBON30,R,R,,glutamate,glutamate,0.74548288429679,,glutamate,glutamate,-1,True,True
515034,MBON27,MBON27,cb_intrinsic,MBON,,MBON27(y5d)_R,MBON27,R,R,,acetylcholine,acetylcholine,0.933409202282744,,acetylcholine,acetylcholine,1,True,True
515048,PPL104,PPL104,cb_intrinsic,DAN,,PPL104(a'3)_L,PPL104,L,L,,dopamine,dopamine,0.7630889675052411,dopamine,dopamine,dopamine,0,True,True
515338,MBON07,MBON07,cb_intrinsic,MBON,,MBON07(a1)_R,MBON07,R,R,,glutamate,glutamate,0.6608321315530402,glutamate,glutamate,glutamate,-1,True,True
515440,DP1m_vPN,DP1m_vPN,cb_intrinsic,ALPN,,DP1m_vPN_L,DP1m_vPN,L,L,,gaba,gaba,0.8373049842576666,gaba,gaba,gaba,-1,True,True
515549,DA3_adPN,DA3_adPN,cb_intrinsic,ALPN,,DA3_adPN_R,DA3_adPN,R,R,,acetylcholine,acetylcholine,0.9437021705798853,acetylcholine,acetylcholine,acetylcholine,1,True,True
515551,M_l2PNm15,M_l2PNm15,cb_intrinsic,ALPN,,M_l2PNm15_L,M_l2PNm15,L,L,,acetylcholine,acetylcholine,0.951350262776722,acetylcholine,acetylcholine,acetylcholine,1,True,True
515675,EPG,EPG,cb_intrinsic,CX,,EPG(PB08)_R1,EPG,R,R,,acetylcholine,acetylcholine,0.8779536420845647,acetylcholine,acetylcholine,acetylcholine,1,True,True
516044,PAM04,PAM04,cb_intrinsic,DAN,,PAM04(B2)_R,PAM04,R,R,,dopamine,dopamine,0.8495358404411131,dopamine,dopamine,dopamine,0,True,True
516093,M_vPNml76,M_vPNml76,cb_intrinsic,ALPN,,M_vPNml76_L,M_vPNml76,L,L,,gaba,gaba,0.791211310868489,gaba,gaba,gaba,-1,True,True
516097,M_ilPNm90,M_ilPNm90,cb_intrinsic,ALPN,BI,M_ilPNm90(M_ilPN8t91)_R,"M_ilPNm90,M_ilPN8t91",R,R,,acetylcholine,acetylcholine,0.9299357124504392,acetylcholine,acetylcholine,acetylcholine,1,True,True
516162,VC4_adPN,VC4_adPN,cb_intrinsic,ALPN,,VC4_adPN_R,VC4_adPN,R,R,,acetylcholine,acetylcholine,0.9605377317417095,acetylcholine,acetylcholine,acetylcholine,1,True,True
516322,VL1_vPN,VL1_vPN,cb_intrinsic,ALPN,,VL1_vPN_L,VL1_vPN,L,L,,gaba,gaba,0.7456319211018082,gaba,gaba,gaba,-1,True,True
516433,VP5+Z_adPN,VP5+Z_adPN,cb_intrinsic,ALPN,,VP5+Z_adPN_R,VP5+Z_adPN,R,R,,acetylcholine,acetylcholine,0.940929038673805,acetylcholine,acetylcholine,acetylcholine,1,True,True
517351,DL2d_adPN,DL2d_adPN,cb_intrinsic,ALPN,,DL2d_adPN_L,DL2d_adPN,L,L,,acetylcholine,acetylcholine,0.9545497411112543,acetylcholine,acetylcholine,acetylcholine,1,True,True
517359,M_lv2PN9t49_a,M_lv2PN9t49_a,cb_intrinsic,ALPN,,M_lv2PN9t49_a_L,M_lv2PN9t49,L,L,,gaba,gaba,0.8279271885463435,,gaba,gaba,-1,True,True
517458,M_imPNl92,M_imPNl92,cb_intrinsic,ALPN,BI,M_imPNl92_R,M_imPNl92,R,R,,acetylcholine,acetylcholine,0.9510247345765429,,acetylcholine,acetylcholine,1,True,True
518072,PAM09,PAM09,cb_intrinsic,DAN,,PAM09(B1ped)_L,PAM09,L,L,,dopamine,dopamine,0.8768649300402799,dopamine,dopamine,dopamine,0,True,True
518137,PAM06,PAM06,cb_intrinsic,DAN,,PAM06(B'2m)_L,PAM06,L,L,,dopamine,dopamine,0.8932609368290773,dopamine,dopamine,dopamine,0,True,True
518194,PEN_b(PEN2),PEN_b(PEN2),cb_intrinsic,CX,,PEN_b(PB06b)_R9,PEN_b(PEN2),R,R,,acetylcholine,acetylcholine,0.7406663958523535,acetylcholine,acetylcholine,acetylcholine,1,True,True
518294,VA5_lPN,VA5_lPN,cb_intrinsic,ALPN,,VA5_lPN_R,VA5_lPN,R,R,,acetylcholine,acetylcholine,0.9480084810109761,acetylcholine,acetylcholine,acetylcholine,1,True,True
518333,KCa'b'-ap1,KCa'b'-ap1,cb_intrinsic,Kenyon_Cell,,KCa'b'-ap1_R,KCa'b'-ap1,R,R,,acetylcholine,dopamine,0.6885620953000589,,dopamine,acetylcholine,1,True,True
518554,KCab-s,KCab-s,cb_intrinsic,Kenyon_Cell,,KCab-s_R,"KCab-m,KCab-c,KCab-s",R,R,,acetylcholine,dopamine,0.7370283018867925,,dopamine,acetylcholine,1,True,True
518555,KCg-m,KCg-m,cb_intrinsic,Kenyon_Cell,,KCg-m_R,KCg-m,R,R,,acetylcholine,dopamine,0.7735520117891634,,dopamine,acetylcholine,1,True,True
518959,KCab-s,KCab-s,cb_intrinsic,Kenyon_Cell,,KCab-s_R,"KCab-m,KCab-c,KCab-s",R,R,,acetylcholine,dopamine,0.7411645364171231,,dopamine,acetylcholine,1,True,True
519128,MBON27,MBON27,cb_intrinsic,MBON,,MBON27(y5d)_L,MBON27,L,L,,acetylcholine,acetylcholine,0.9473712550611729,,acetylcholine,acetylcholine,1,True,True
519131,MBON32,MBON32,cb_intrinsic,MBON,,MBON32(y2)_R,MBON32,R,R,,gaba,gaba,0.7012121801141866,,gaba,gaba,-1,True,True
519140,EPG,EPG,cb_intrinsic,CX,,EPG(PB08)_L1,EPG,L,L,,acetylcholine,acetylcholine,0.8866581007262593,acetylcholine,acetylcholine,acetylcholine,1,True,True
519144,EPG,EPG,cb_intrinsic,CX,,EPG(PB08)_L8,EPG,L,L,,acetylcholine,acetylcholine,0.9097035987944205,acetylcholine,acetylcholine,acetylcholine,1,True,True
519328,EPG,EPG,cb_intrinsic,CX,,EPG(PB08)_L3,EPG,L,L,,acetylcholine,acetylcholine,0.9073650481128077,acetylcholine,acetylcholine,acetylcholine,1,True,True
519368,MBON12,MBON12,cb_intrinsic,MBON,,MBON12(y2a'1)_R,MBON12,R,R,,acetylcholine,acetylcholine,0.9290197950756396,acetylcholine,acetylcholine,acetylcholine,1,True,True
519371,MBON05,MBON05,cb_intrinsic,MBON,,MBON05(y4>y1y2)_L,MBON05,L,L,,glutamate,unclear,0.4029586224441411,glutamate,unclear,glutamate,-1,True,True
519373,MBON03,MBON03,cb_intrinsic,MBON,,MBON03(B'2mp)_L,MBON03,L,L,,glutamate,glutamate,0.7605884693578099,glutamate,glutamate,glutamate,-1,True,True
519572,DM6_adPN,DM6_adPN,cb_intrinsic,ALPN,,DM6_adPN_R,DM6_adPN,R,R,,acetylcholine,acetylcholine,0.9584000746365368,acetylcholine,acetylcholine,acetylcholine,1,True,True
519616,PPL107,PPL107,cb_intrinsic,DAN,,PPL107_L,PPL107,L,L,,dopamine,dopamine,0.6942208950275229,dopamine,dopamine,dopamine,0,True,True
519619,MBON29,MBON29,cb_intrinsic,MBON,,MBON29(y4y5)_L,MBON29,L,L,,acetylcholine,acetylcholine,0.9577966019231431,,acetylcholine,acetylcholine,1,True,True
519842,M_smPNm1,M_smPNm1,cb_intrinsic,ALPN,,M_smPNm1_L,M_smPNm1,L,L,,gaba,gaba,0.5753192776826562,,gaba,gaba,-1,True,True
519843,VP2+_adPN,VP2+_adPN,cb_intrinsic,ALPN,,VP2+_adPN_R,VP2+_adPN,R,R,,acetylcholine,acetylcholine,0.8747370066844511,acetylcholine,acetylcholine,acetylcholine,1,True,True
519850,DA4m_adPN,DA4m_adPN,cb_intrinsic,ALPN,,DA4m_adPN_R,DA4m_adPN,R,R,,acetylcholine,acetylcholine,0.955224381910041,acetylcholine,acetylcholine,acetylcholine,1,True,True
519854,KCg-m,KCg-m,cb_intrinsic,Kenyon_Cell,,KCg-m_R,KCg-m,R,R,,acetylcholine,dopamine,0.7381715731693621,,dopamine,acetylcholine,1,True,True
519857,KCg-m,KCg-m,cb_intrinsic,Kenyon_Cell,,KCg-m_R,KCg-m,R,R,,acetylcholine,dopamine,0.7263151951075437,,dopamine,acetylcholine,1,True,True
519869,M_adPNm8,M_adPNm8,cb_intrinsic,ALPN,,M_adPNm8_R,M_adPNm8,R,R,,acetylcholine,acetylcholine,0.9228784066453029,acetylcholine,acetylcholine,acetylcholine,1,True,True
519941,EPG,EPG,cb_intrinsic,CX,,EPG(PB08)_L3,EPG,L,L,,acetylcholine,acetylcholine,0.9067867354609964,acetylcholine,acetylcholine,acetylcholine,1,True,True
519970,VA3_adPN,VA3_adPN,cb_intrinsic,ALPN,,VA3_adPN_R,VA3_adPN,R,R,,acetylcholine,acetylcholine,0.9356386686188672,acetylcholine,acetylcholine,acetylcholine,1,True,True
520003,DL1_adPN,DL1_adPN,cb_intrinsic,ALPN,,DL1_adPN_R,DL1_adPN,R,R,,acetylcholine,acetylcholine,0.952201087388689,acetylcholine,acetylcholine,acetylcholine,1,True,True
520151,MBON01,MBON01,cb_intrinsic,MBON,,MBON01(y5B'2a)_L,MBON01,L,L,,glutamate,glutamate,0.7048690729841128,glutamate,glutamate,glutamate,-1,True,True
520183,KCab-s,KCab-s,cb_intrinsic,Kenyon_Cell,,KCab-s_R,"KCab-m,KCab-c,KCab-s",R,R,,acetylcholine,dopamine,0.7959463117997417,,dopamine,acetylcholine,1,True,True
520185,KCa'b'-ap2,KCa'b'-ap2,cb_intrinsic,Kenyon_Cell,,KCa'b'-ap2_L,KCa'b'-ap2,L,L,,acetylcholine,dopamine,0.6971677620793466,,dopamine,acetylcholine,1,True,True
520186,MBON16,MBON16,cb_intrinsic,MBON,,MBON16(a'3ap)_L,MBON16,L,L,,acetylcholine,acetylcholine,0.9087181990088351,acetylcholine,acetylcholine,acetylcholine,1,True,True
520204,KCg-d,KCg-d,cb_intrinsic,Kenyon_Cell,,KCg-d_R,KCg-d,R,R,,acetylcholine,dopamine,0.7588689072327044,,dopamine,acetylcholine,1,True,True
520206,KCg-d,KCg-d,cb_intrinsic,Kenyon_Cell,,KCg-d_R,KCg-d,R,R,,acetylcholine,dopamine,0.6392287856267977,,dopamine,acetylcholine,1,True,True
520384,PAM12,PAM12,cb_intrinsic,DAN,,PAM12(y3)_R,PAM12,R,R,,dopamine,dopamine,0.9087199615131888,dopamine,dopamine,dopamine,0,True,True
520395,MBON15,MBON15,cb_intrinsic,MBON,,MBON15(a'1)_L,MBON15,L,L,,acetylcholine,acetylcholine,0.951699793043629,acetylcholine,acetylcholine,acetylcholine,1,True,True
520403,PAM10,PAM10,cb_intrinsic,DAN,,PAM10(B1)_L,PAM10,L,L,,dopamine,dopamine,0.9137559725176996,dopamine,dopamine,dopamine,0,True,True
520466,DM2_lPN,DM2_lPN,cb_intrinsic,ALPN,,DM2_lPN_R,DM2_lPN,R,R,,acetylcholine,acetylcholine,0.9487144961928552,acetylcholine,acetylcholine,acetylcholine,1,True,True
520475,DM5_lPN,DM5_lPN,cb_intrinsic,ALPN,,DM5_lPN_R,DM5_lPN,R,R,,acetylcholine,acetylcholine,0.9504384030915339,acetylcholine,acetylcholine,acetylcholine,1,True,True
520575,PEG,PEG,cb_intrinsic,CX,,PEG(PB07)_R7,PEG,R,R,,acetylcholine,acetylcholine,0.835721272763837,acetylcholine,acetylcholine,acetylcholine,1,True,True
520581,EPG,EPG,cb_intrinsic,CX,,EPG(PB08)_R4,EPG,R,R,,acetylcholine,acetylcholine,0.9119448276656861,acetylcholine,acetylcholine,acetylcholine,1,True,True
520616,PAM11,PAM11,cb_intrinsic,DAN,,PAM11(a1)_L,PAM11,L,L,,dopamine,dopamine,0.8965755708132851,dopamine,dopamine,dopamine,0,True,True
520812,EPG,EPG,cb_intrinsic,CX,,EPG(PB08)_R8,EPG,R,R,,acetylcholine,acetylcholine,0.8795760356124478,acetylcholine,acetylcholine,acetylcholine,1,True,True
520818,EPG,EPG,cb_intrinsic,CX,,EPG(PB08)_L4,EPG,L,L,,acetylcholine,acetylcholine,0.8872126638882181,acetylcholine,acetylcholine,acetylcholine,1,True,True
520823,KCab-s,KCab-s,cb_intrinsic,Kenyon_Cell,,KCab-s_R,"KCab-m,KCab-c,KCab-s",R,R,,acetylcholine,dopamine,0.7423689223512336,,dopamine,acetylcholine,1,True,True
520916,VM6_adPN,VM6_adPN,cb_intrinsic,ALPN,,VM6_adPN_R,VC5_adPN,R,R,,acetylcholine,acetylcholine,0.9396717232084455,acetylcholine,acetylcholine,acetylcholine,1,True,True
521086,MBON12,MBON12,cb_intrinsic,MBON,,MBON12(y2a'1)_R,MBON12,R,R,,acetylcholine,acetylcholine,0.9443129281542206,acetylcholine,acetylcholine,acetylcholine,1,True,True
521108,M_lv2PN9t49_b,M_lv2PN9t49_b,cb_intrinsic,ALPN,,M_lv2PN9t49_b_R,M_lv2PN9t49,R,R,,gaba,gaba,0.8294561838622617,,gaba,gaba,-1,True,True
521156,M_lvPNm25,M_lvPNm25,cb_intrinsic,ALPN,,M_lvPNm25_R,M_lvPNm25,R,R,,acetylcholine,acetylcholine,0.961353420869904,acetylcholine,acetylcholine,acetylcholine,1,True,True
521384,KCg-m,KCg-m,cb_intrinsic,Kenyon_Cell,,KCg-m_R,KCg-m,R,R,,acetylcholine,dopamine,0.738844168717528,,dopamine,acetylcholine,1,True,True
521409,EPG,EPG,cb_intrinsic,CX,,EPG(PB08)_L8,EPG,L,L,,acetylcholine,acetylcholine,0.9292009732665409,acetylcholine,acetylcholine,acetylcholine,1,True,True
521437,VA3_adPN,VA3_adPN,cb_intrinsic,ALPN,,VA3_adPN_R,VA3_adPN,R,R,,acetylcholine,acetylcholine,0.9532043402376099,acetylcholine,acetylcholine,acetylcholine,1,True,True
521526,MBON03,MBON03,cb_intrinsic,MBON,,MBON03(B'2mp)_R,MBON03,R,R,,glutamate,glutamate,0.7734825453703182,glutamate,glutamate,glutamate,-1,True,True
521575,DL2v_adPN,DL2v_adPN,cb_intrinsic,ALPN,,DL2v_adPN_R,DL2v_adPN,R,R,,acetylcholine,acetylcholine,0.9064884428556199,acetylcholine,acetylcholine,acetylcholine,1,True,True
521781,KCab-s,KCab-s,cb_intrinsic,Kenyon_Cell,,KCab-s_R,"KCab-m,KCab-c,KCab-s",R,R,,acetylcholine,dopamine,0.7599857416305325,,dopamine,acetylcholine,1,True,True
521812,EPG,EPG,cb_intrinsic,CX,,EPG(PB08)_R7,EPG,R,R,,acetylcholine,acetylcholine,0.8996769422324645,acetylcholine,acetylcholine,acetylcholine,1,True,True
521813,EPG,EPG,cb_intrinsic,CX,,EPG(PB08)_L2,EPG,L,L,,acetylcholine,acetylcholine,0.8914613649164629,acetylcholine,acetylcholine,acetylcholine,1,True,True
521814,PEN_a(PEN1),PEN_a(PEN1),cb_intrinsic,CX,,PEN_a(PB06a)_R9,PEN_a(PEN1),R,R,,acetylcholine,acetylcholine,0.7642572974272193,acetylcholine,acetylcholine,acetylcholine,1,True,True
522377,DA3_adPN,DA3_adPN,cb_intrinsic,ALPN,,DA3_adPN_R,DA3_adPN,R,R,,acetylcholine,acetylcholine,0.9351583276134516,acetylcholine,acetylcholine,acetylcholine,1,True,True
522439,M_lvPNm37,M_lvPNm37,cb_intrinsic,ALPN,,M_lvPNm37_R,M_lvPNm37,R,R,,acetylcholine,acetylcholine,0.608784933038709,acetylcholine,acetylcholine,acetylcholine,1,True,True
522444,MBON02,MBON02,cb_intrinsic,MBON,,MBON02(B2B'2a)_R,MBON02,R,R,,glutamate,glutamate,0.75165842778397,glutamate,glutamate,glutamate,-1,True,True
522749,MBON02,MBON02,cb_intrinsic,MBON,,MBON02(B2B'2a)_L,MBON02,L,L,,glutamate,glutamate,0.7287420160676475,glutamate,glutamate,glutamate,-1,True,True
522973,PEG,PEG,cb_intrinsic,CX,,PEG(PB07)_L3,PEG,L,L,,acetylcholine,acetylcholine,0.8295974135233476,acetylcholine,acetylcholine,acetylcholine,1,True,True
522981,KCg-m,KCg-m,cb_intrinsic,Kenyon_Cell,,KCg-m_L,KCg-m,L,L,,acetylcholine,dopamine,0.7373679881484713,,dopamine,acetylcholine,1,True,True
522992,PEG,PEG,cb_intrinsic,CX,,PEG(PB07)_R2,PEG,R,R,,acetylcholine,acetylcholine,0.849711816119635,acetylcholine,acetylcholine,acetylcholine,1,True,True
523043,MBON33,MBON33,cb_intrinsic,MBON,,MBON33(y2y3)_R,MBON33,R,R,,acetylcholine,acetylcholine,0.935972549393622,acetylcholine,acetylcholine,acetylcholine,1,True,True
523057,KCg-m,KCg-m,cb_intrinsic,Kenyon_Cell,,KCg-m_R,KCg-m,R,R,,acetylcholine,dopamine,0.6868737022659565,,dopamine,acetylcholine,1,True,True
523060,MBON09,MBON09,cb_intrinsic,MBON,,MBON09(y3B'1)_R,MBON09,R,R,,gaba,gaba,0.7136886813702801,gaba,gaba,gaba,-1,True,True
523351,DL2d_adPN,DL2d_adPN,cb_intrinsic,ALPN,,DL2d_adPN_R,DL2d_adPN,R,R,,acetylcholine,acetylcholine,0.8710145911087841,acetylcholine,acetylcholine,acetylcholine,1,True,True
523358,KCg-m,KCg-m,cb_intrinsic,Kenyon_Cell,,KCg-m_R,KCg-m,R,R,,acetylcholine,dopamine,0.7354569827447186,,dopamine,acetylcholine,1,True,True
523382,PAM08,PAM08,cb_intrinsic,DAN,,PAM08(y4)_L,PAM08,L,L,,dopamine,dopamine,0.8356697819314642,dopamine,dopamine,dopamine,0,True,True
523553,PAM05,PAM05,cb_intrinsic,DAN,,PAM05(B'2p)_L,PAM05,L,L,,dopamine,dopamine,0.8884239888423989,dopamine,dopamine,dopamine,0,True,True
523628,MBON21,MBON21,cb_intrinsic,MBON,,MBON21(y4y5)_R,MBON21,R,R,,acetylcholine,acetylcholine,0.9263567859584617,,acetylcholine,acetylcholine,1,True,True
523630,KCg-m,KCg-m,cb_intrinsic,Kenyon_Cell,,KCg-m_R,KCg-m,R,R,,acetylcholine,dopamine,0.755526811880536,,dopamine,acetylcholine,1,True,True
523638,PAM01,PAM01,cb_intrinsic,DAN,,PAM01(y5)_R,PAM01,R,R,,dopamine,dopamine,0.9036556603773584,dopamine,dopamine,dopamine,0,True,True
523786,EPG,EPG,cb_intrinsic,CX,,EPG(PB08)_R4,EPG,R,R,,acetylcholine,acetylcholine,0.9017250046175068,acetylcholine,acetylcholine,acetylcholine,1,True,True
523791,PAM04,PAM04,cb_intrinsic,DAN,,PAM04(B2)_R,PAM04,R,R,,dopamine,dopamine,0.9066327375041376,dopamine,dopamine,dopamine,0,True,True
523806,PEG,PEG,cb_intrinsic,CX,,PEG(PB07)_R6,PEG,R,R,,acetylcholine,acetylcholine,0.8192635649868713,acetylcholine,acetylcholine,acetylcholine,1,True,True
523807,PEG,PEG,cb_intrinsic,CX,,PEG(PB07)_L4,PEG,L,L,,acetylcholine,acetylcholine,0.8519213421591124,acetylcholine,acetylcholine,acetylcholine,1,True,True
523897,M_lvPNm45,M_lvPNm45,cb_intrinsic,ALPN,,M_lvPNm45_L,M_lvPNm45,L,L,,acetylcholine,acetylcholine,0.9605019537246736,acetylcholine,acetylcholine,acetylcholine,1,True,True
523941,M_lvPNm35,M_lvPNm35,cb_intrinsic,ALPN,,M_lvPNm35_R,M_lvPNm35,R,R,,acetylcholine,acetylcholine,0.6196476133043612,acetylcholine,acetylcholine,acetylcholine,1,True,True
523942,PAM08,PAM08,cb_intrinsic,DAN,,PAM08(y4)_R,PAM08,R,R,,dopamine,dopamine,0.9001525531596286,dopamine,dopamine,dopamine,0,True,True
523987,MBON29,MBON29,cb_intrinsic,MBON,,MBON29(y4y5)_R,MBON29,R,R,,acetylcholine,acetylcholine,0.9475817485299046,,acetylcholine,acetylcholine,1,True,True
524069,PAM08,PAM08,cb_intrinsic,DAN,,PAM08(y4)_R,PAM08,R,R,,dopamine,dopamine,0.8058061927503327,dopamine,dopamine,dopamine,0,True,True
524073,EPG,EPG,cb_intrinsic,CX,,EPG(PB08)_L2,EPG,L,L,,acetylcholine,acetylcholine,0.8894709879080531,acetylcholine,acetylcholine,acetylcholine,1,True,True
524207,VA7m_lPN,VA7m_lPN,cb_intrinsic,ALPN,,VA7m_lPN_R,VA7m_lPN,R,R,,acetylcholine,acetylcholine,0.9164773036838008,acetylcholine,acetylcholine,acetylcholine,1,True,True
524455,KCg-d,KCg-d,cb_intrinsic,Kenyon_Cell,,KCg-d_L,KCg-d,L,L,,acetylcholine,dopamine,0.7948181768319438,,dopamine,acetylcholine,1,True,True
524472,M_lvPNm48,M_lvPNm48,cb_intrinsic,ALPN,,M_lvPNm48_R,M_lvPNm48,R,R,,acetylcholine,acetylcholine,0.9090829090034258,acetylcholine,acetylcholine,acetylcholine,1,True,True
524717,PEN_b(PEN2),PEN_b(PEN2),cb_intrinsic,CX,,PEN_b(PB06b)_L6,PEN_b(PEN2),L,L,,acetylcholine,acetylcholine,0.8029051616563103,acetylcholine,acetylcholine,acetylcholine,1,True,True
524733,MBON10,MBON10,cb_intrinsic,MBON,,MBON10(B'1)_L,MBON10,L,L,,gaba,gaba,0.7380062822908989,gaba,gaba,gaba,-1,True,True
524809,KCg-m,KCg-m,cb_intrinsic,Kenyon_Cell,,KCg-m_R,KCg-m,R,R,,acetylcholine,dopamine,0.722733089120835,,dopamine,acetylcholine,1,True,True
524851,KCg-m,KCg-m,cb_intrinsic,Kenyon_Cell,,KCg-m_R,KCg-m,R,R,,acetylcholine,dopamine,0.7739213269873647,,dopamine,acetylcholine,1,True,True
524893,MBON26,MBON26,cb_intrinsic,MBON,,MBON26(b'2d)_L,MBON26,L,L,,acetylcholine,acetylcholine,0.9439090911897418,,acetylcholine,acetylcholine,1,True,True
524990,VP3+_l2PN,VP3+_l2PN,cb_intrinsic,ALPN,BI,VP3+_l2PN_L,VP3+_l2PN,L,L,,acetylcholine,acetylcholine,0.9596839922368601,,acetylcholine,acetylcholine,1,True,True
525062,PEG,PEG,cb_intrinsic,CX,,PEG(PB07)_R3,PEG,R,R,,acetylcholine,acetylcholine,0.8791613386015542,acetylcholine,acetylcholine,acetylcholine,1,True,True
525064,VP4+_vPN,VP4+_vPN,cb_intrinsic,ALPN,BI,VP4+_vPN_R,VP4+_vPN,R,R,,gaba,gaba,0.7577854506082552,gaba,gaba,gaba,-1,True,True
525065,VP4_vPN,VP4_vPN,cb_intrinsic,ALPN,,VP4_vPN_R,VP4_vPN,R,R,,gaba,gaba,0.7904412932798848,gaba,gaba,gaba,-1,True,True
525105,DL5_adPN,DL5_adPN,cb_intrinsic,ALPN,,DL5_adPN_R,DL5_adPN,R,R,,acetylcholine,acetylcholine,0.9568655064661526,acetylcholine,acetylcholine,acetylcholine,1,True,True
525305,KCg-m,KCg-m,cb_intrinsic,Kenyon_Cell,,KCg-m_R,KCg-m,R,R,,acetylcholine,dopamine,0.8112704768173176,,dopamine,acetylcholine,1,True,True
525662,KCa'b'-m,KCa'b'-m,cb_intrinsic,Kenyon_Cell,,KCa'b'-m_R,KCa'b'-m,R,R,,acetylcholine,dopamine,0.602315486749449,,dopamine,acetylcholine,1,True,True
525780,MBON04,MBON04,cb_intrinsic,MBON,,MBON04(B'2mp_bilateral)_R,MBON04,R,R,,glutamate,glutamate,0.7343107307936425,glutamate,glutamate,glutamate,-1,True,True
525787,PAM05,PAM05,cb_intrinsic,DAN,,PAM05(B'2p)_L,PAM05,L,L,,dopamine,dopamine,0.8743109575563648,dopamine,dopamine,dopamine,0,True,True
526670,KCg-m,KCg-m,cb_intrinsic,Kenyon_Cell,,KCg-m_R,KCg-m,R,R,,acetylcholine,dopamine,0.7082511070465922,,dopamine,acetylcholine,1,True,True
526720,KCa'b'-ap2,KCa'b'-ap2,cb_intrinsic,Kenyon_Cell,,KCa'b'-ap2_R,KCa'b'-ap2,R,R,,acetylcholine,dopamine,0.7087293632075472,,dopamine,acetylcholine,1,True,True
526724,KCa'b'-ap1,KCa'b'-ap1,cb_intrinsic,Kenyon_Cell,,KCa'b'-ap1_R,KCa'b'-ap1,R,R,,acetylcholine,dopamine,0.6567281643932588,,dopamine,acetylcholine,1,True,True
526900,KCg-d,KCg-d,cb_intrinsic,Kenyon_Cell,,KCg-d_R,KCg-d,R,R,,acetylcholine,dopamine,0.7786170938649578,,dopamine,acetylcholine,1,True,True
527209,KCg-m,KCg-m,cb_intrinsic,Kenyon_Cell,,KCg-m_R,KCg-m,R,R,,acetylcholine,dopamine,0.7616574659617112,,dopamine,acetylcholine,1,True,True
527211,KCg-m,KCg-m,cb_intrinsic,Kenyon_Cell,,KCg-m_R,KCg-m,R,R,,acetylcholine,dopamine,0.8087627898244626,,dopamine,acetylcholine,1,True,True
527523,VM7d_adPN,VM7d_adPN,cb_intrinsic,ALPN,,VM7d_adPN_R,VM7d_adPN,R,R,,acetylcholine,acetylcholine,0.9485860514884559,acetylcholine,acetylcholine,acetylcholine,1,True,True
527524,VM5d_adPN,VM5d_adPN,cb_intrinsic,ALPN,,VM5d_adPN_R,VM5d_adPN,R,R,,acetylcholine,acetylcholine,0.9298726008413056,acetylcholine,acetylcholine,acetylcholine,1,True,True
527566,M_vPNml72,M_vPNml72,cb_intrinsic,ALPN,,M_vPNml72_R,M_vPNml72,R,R,,gaba,gaba,0.8535137521566841,gaba,gaba,gaba,-1,True,True
527577,VA6_adPN,VA6_adPN,cb_intrinsic,ALPN,,VA6_adPN_R,VA6_adPN,R,R,,acetylcholine,acetylcholine,0.9580093480767501,acetylcholine,acetylcholine,acetylcholine,1,True,True
528100,PAM09,PAM09,cb_intrinsic,DAN,,PAM09(B1ped)_L,PAM09,L,L,,dopamine,dopamine,0.8681005468414539,dopamine,dopamine,dopamine,0,True,True
529039,KCab-c,KCab-c,cb_intrinsic,Kenyon_Cell,,KCab-c_R,"KCab-m,KCab-c,KCab-s",R,R,,acetylcholine,dopamine,0.7684337063039345,,dopamine,acetylcholine,1,True,True
529041,KCab-s,KCab-s,cb_intrinsic,Kenyon_Cell,,KCab-s_R,"KCab-m,KCab-c,KCab-s",R,R,,acetylcholine,dopamine,0.8003962475201554,,dopamine,acetylcholine,1,True,True
529371,KCg-m,KCg-m,cb_intrinsic,Kenyon_Cell,,KCg-m_L,KCg-m,L,L,,acetylcholine,dopamine,0.7231806500015963,,dopamine,acetylcholine,1,True,True
529385,PEN_b(PEN2),PEN_b(PEN2),cb_intrinsic,CX,,PEN_b(PB06b)_L7,PEN_b(PEN2),L,L,,acetylcholine,acetylcholine,0.8705523849030586,acetylcholine,acetylcholine,acetylcholine,1,True,True
529490,KCa'b'-ap1,KCa'b'-ap1,cb_intrinsic,Kenyon_Cell,,KCa'b'-ap1_L,KCa'b'-ap1,L,L,,acetylcholine,dopamine,0.5820005119204329,,dopamine,acetylcholine,1,True,True
529512,PPL106,PPL106,cb_intrinsic,DAN,,PPL106_R,PPL106,R,R,,dopamine,dopamine,0.8074165474983918,dopamine,dopamine,dopamine,0,True,True
529516,PPL106,PPL106,cb_intrinsic,DAN,,PPL106_L,PPL106,L,L,,dopamine,dopamine,0.8070244374974006,dopamine,dopamine,dopamine,0,True,True
529665,VA7l_adPN,VA7l_adPN,cb_intrinsic,ALPN,,VA7l_adPN_L,VA7l_adPN,L,L,,acetylcholine,acetylcholine,0.9591172806841349,acetylcholine,acetylcholine,acetylcholine,1,True,True
530565,KCa'b'-ap2,KCa'b'-ap2,cb_intrinsic,Kenyon_Cell,,KCa'b'-ap2_L,KCa'b'-ap2,L,L,,acetylcholine,dopamine,0.6931331640058055,,dopamine,acetylcholine,1,True,True
530875,MBON04,MBON04,cb_intrinsic,MBON,,MBON04(B'2mp_bilateral)_L,MBON04,L,L,,glutamate,glutamate,0.7116118886835213,glutamate,glutamate,glutamate,-1,True,True
531096,KCab-p,KCab-p,cb_intrinsic,Kenyon_Cell,,KCab-p_L,KCab-p,L,L,,acetylcholine,dopamine,0.718294434144036,,dopamine,acetylcholine,1,True,True
531244,M_vPNml87,M_vPNml87,cb_intrinsic,ALPN,,M_vPNml87_L,M_vPNml87,L,L,,gaba,gaba,0.7405050794473572,,gaba,gaba,-1,True,True
531346,KCg-m,KCg-m,cb_intrinsic,Kenyon_Cell,,KCg-m_L,KCg-m,L,L,,acetylcholine,dopamine,0.7765773990667478,,dopamine,acetylcholine,1,True,True
531428,KCg-d,KCg-d,cb_intrinsic,Kenyon_Cell,,KCg-d_R,KCg-d,R,R,,acetylcholine,dopamine,0.7793313027046845,,dopamine,acetylcholine,1,True,True
531560,M_vPNml83,M_vPNml83,cb_intrinsic,ALPN,,M_vPNml83_L,M_vPNml83,L,L,,gaba,gaba,0.6006390592564995,,gaba,gaba,-1,True,True
531829,MBON10,MBON10,cb_intrinsic,MBON,,MBON10(B'1)_L,MBON10,L,L,,gaba,gaba,0.7298701341996345,gaba,gaba,gaba,-1,True,True
532284,KCg-m,KCg-m,cb_intrinsic,Kenyon_Cell,,KCg-m_L,KCg-m,L,L,,acetylcholine,dopamine,0.7538856132075472,,dopamine,acetylcholine,1,True,True
532287,KCab-s,KCab-s,cb_intrinsic,Kenyon_Cell,,KCab-s_R,"KCab-m,KCab-c,KCab-s",R,R,,acetylcholine,dopamine,0.792627010130682,,dopamine,acetylcholine,1,True,True
532290,KCab-s,KCab-s,cb_intrinsic,Kenyon_Cell,,KCab-s_R,"KCab-m,KCab-c,KCab-s",R,R,,acetylcholine,dopamine,0.7571353926982666,,dopamine,acetylcholine,1,True,True
532304,M_adPNm5,M_adPNm5,cb_intrinsic,ALPN,,M_adPNm5_R,M_adPNm5,R,R,,acetylcholine,acetylcholine,0.9705446362307844,acetylcholine,acetylcholine,acetylcholine,1,True,True
532544,KCg-m,KCg-m,cb_intrinsic,Kenyon_Cell,,KCg-m_R,KCg-m,R,R,,acetylcholine,dopamine,0.7444295468251917,,dopamine,acetylcholine,1,True,True
532662,CB2711,CB2711,cb_intrinsic,ALPN,,CB2711_L,,L,L,,gaba,gaba,0.8017434302212177,gaba,gaba,gaba,-1,True,True
532715,PAM05,PAM05,cb_intrinsic,DAN,,PAM05(B'2p)_L,PAM05,L,L,,dopamine,dopamine,0.8800481734243275,dopamine,dopamine,dopamine,0,True,True
532766,M_l2PNm16,M_l2PNm16,cb_intrinsic,ALPN,,M_l2PNm16_L,M_l2PNm16,L,L,,acetylcholine,acetylcholine,0.9474875572116178,,acetylcholine,acetylcholine,1,True,True
533081,KCab-s,KCab-s,cb_intrinsic,Kenyon_Cell,,KCab-s_R,"KCab-m,KCab-c,KCab-s",R,R,,acetylcholine,dopamine,0.8011308659893566,,dopamine,acetylcholine,1,True,True
533201,KCg-m,KCg-m,cb_intrinsic,Kenyon_Cell,,KCg-m_R,KCg-m,R,R,,acetylcholine,dopamine,0.7403082373601241,,dopamine,acetylcholine,1,True,True
533211,KCab-p,KCab-p,cb_intrinsic,Kenyon_Cell,,KCab-p_R,KCab-p,R,R,,acetylcholine,dopamine,0.7542920784666068,,dopamine,acetylcholine,1,True,True
533220,KCg-d,KCg-d,cb_intrinsic,Kenyon_Cell,,KCg-d_R,KCg-d,R,R,,acetylcholine,dopamine,0.7663291745748204,,dopamine,acetylcholine,1,True,True
533294,PAM01,PAM01,cb_intrinsic,DAN,,PAM01(y5)_L,PAM01,L,L,,dopamine,dopamine,0.9177308857200823,dopamine,dopamine,dopamine,0,True,True
533345,KCg-d,KCg-d,cb_intrinsic,Kenyon_Cell,,KCg-d_R,KCg-d,R,R,,acetylcholine,dopamine,0.8050969601677149,,dopamine,acetylcholine,1,True,True
533346,KCg-m,KCg-m,cb_intrinsic,Kenyon_Cell,,KCg-m_R,KCg-m,R,R,,acetylcholine,dopamine,0.6987492853058891,,dopamine,acetylcholine,1,True,True
533371,KCg-m,KCg-m,cb_intrinsic,Kenyon_Cell,,KCg-m_R,KCg-m,R,R,,acetylcholine,dopamine,0.7393219057506545,,dopamine,acetylcholine,1,True,True
533585,KCg-m,KCg-m,cb_intrinsic,Kenyon_Cell,,KCg-m_R,KCg-m,R,R,,acetylcholine,dopamine,0.7006494312539495,,dopamine,acetylcholine,1,True,True
534136,KCa'b'-ap1,KCa'b'-ap1,cb_intrinsic,Kenyon_Cell,,KCa'b'-ap1_L,KCa'b'-ap1,L,L,,acetylcholine,dopamine,0.6820715962441315,,dopamine,acetylcholine,1,True,True
534175,M_vPNml88,M_vPNml88,cb_intrinsic,ALPN,,M_vPNml88_R,M_vPNml88,R,R,,gaba,gaba,0.8340633806573206,gaba,gaba,gaba,-1,True,True
534428,KCg-m,KCg-m,cb_intrinsic,Kenyon_Cell,,KCg-m_R,KCg-m,R,R,,acetylcholine,dopamine,0.7365110375793986,,dopamine,acetylcholine,1,True,True
534582,KCg-m,KCg-m,cb_intrinsic,Kenyon_Cell,,KCg-m_L,KCg-m,L,L,,acetylcholine,dopamine,0.7447612921669525,,dopamine,acetylcholine,1,True,True
534786,KCg-d,KCg-d,cb_intrinsic,Kenyon_Cell,,KCg-d_R,KCg-d,R,R,,acetylcholine,dopamine,0.7772509764222739,,dopamine,acetylcholine,1,True,True
534983,KCab-s,KCab-s,cb_intrinsic,Kenyon_Cell,,KCab-s_R,"KCab-m,KCab-c,KCab-s",R,R,,acetylcholine,dopamine,0.7453084221109828,,dopamine,acetylcholine,1,True,True
535347,PEG,PEG,cb_intrinsic,CX,,PEG(PB07)_R4,PEG,R,R,,acetylcholine,acetylcholine,0.8685973780051841,acetylcholine,acetylcholine,acetylcholine,1,True,True
535357,KCg-m,KCg-m,cb_intrinsic,Kenyon_Cell,,KCg-m_R,KCg-m,R,R,,acetylcholine,dopamine,0.7055897135274657,,dopamine,acetylcholine,1,True,True
535720,KCg-d,KCg-d,cb_intrinsic,Kenyon_Cell,,KCg-d_R,KCg-d,R,R,,acetylcholine,dopamine,0.7924727835775628,,dopamine,acetylcholine,1,True,True
535795,KCg-d,KCg-d,cb_intrinsic,Kenyon_Cell,,KCg-d_L,KCg-d,L,L,,acetylcholine,dopamine,0.7803520265548568,,dopamine,acetylcholine,1,True,True
535798,KCa'b'-ap1,KCa'b'-ap1,cb_intrinsic,Kenyon_Cell,,KCa'b'-ap1_L,KCa'b'-ap1,L,L,,acetylcholine,dopamine,0.6668342097123414,,dopamine,acetylcholine,1,True,True
535896,VM6_lvPN,VM6_lvPN,cb_intrinsic,ALPN,BI,VM6_lvPN_R,,R,R,,acetylcholine,acetylcholine,0.9419708844297742,acetylcholine,acetylcholine,acetylcholine,1,True,True
536046,KCg-m,KCg-m,cb_intrinsic,Kenyon_Cell,,KCg-m_L,KCg-m,L,L,,acetylcholine,dopamine,0.7464295073375262,,dopamine,acetylcholine,1,True,True
536289,KCab-s,KCab-s,cb_intrinsic,Kenyon_Cell,,KCab-s_R,"KCab-m,KCab-c,KCab-s",R,R,,acetylcholine,dopamine,0.7924098775459203,,dopamine,acetylcholine,1,True,True
536292,KCg-m,KCg-m,cb_intrinsic,Kenyon_Cell,,KCg-m_R,KCg-m,R,R,,acetylcholine,dopamine,0.7501462188193115,,dopamine,acetylcholine,1,True,True
536363,KCg-d,KCg-d,cb_intrinsic,Kenyon_Cell,,KCg-d_R,KCg-d,R,R,,acetylcholine,dopamine,0.8169383298392733,,dopamine,acetylcholine,1,True,True
537061,KCab-s,KCab-s,cb_intrinsic,Kenyon_Cell,,KCab-s_R,"KCab-m,KCab-c,KCab-s",R,R,,acetylcholine,dopamine,0.8137824914417642,,dopamine,acetylcholine,1,True,True
537082,KCg-m,KCg-m,cb_intrinsic,Kenyon_Cell,,KCg-m_R,KCg-m,R,R,,acetylcholine,dopamine,0.708898028838779,,dopamine,acetylcholine,1,True,True
537090,KCg-d,KCg-d,cb_intrinsic,Kenyon_Cell,,KCg-d_L,KCg-d,L,L,,acetylcholine,dopamine,0.735179783184376,,dopamine,acetylcholine,1,True,True
537099,KCg-m,KCg-m,cb_intrinsic,Kenyon_Cell,,KCg-m_L,KCg-m,L,L,,acetylcholine,dopamine,0.8080316430817609,,dopamine,acetylcholine,1,True,True
537458,KCg-m,KCg-m,cb_intrinsic,Kenyon_Cell,,KCg-m_L,KCg-m,L,L,,acetylcholine,dopamine,0.7034954848148521,,dopamine,acetylcholine,1,True,True
537495,M_vPNml86,M_vPNml86,cb_intrinsic,ALPN,,M_vPNml86_L,M_vPNml86,L,L,,gaba,gaba,0.8399063300879317,,gaba,gaba,-1,True,True
537652,KCg-m,KCg-m,cb_intrinsic,Kenyon_Cell,,KCg-m_R,KCg-m,R,R,,acetylcholine,dopamine,0.7676516498040288,,dopamine,acetylcholine,1,True,True
537759,KCg-m,KCg-m,cb_intrinsic,Kenyon_Cell,,KCg-m_R,KCg-m,R,R,,acetylcholine,dopamine,0.7460602487135506,,dopamine,acetylcholine,1,True,True
538094,M_adPNm8,M_adPNm8,cb_intrinsic,ALPN,,M_adPNm8_L,M_adPNm8,L,L,,acetylcholine,acetylcholine,0.9292273902431006,acetylcholine,acetylcholine,acetylcholine,1,True,True
538096,KCg-m,KCg-m,cb_intrinsic,Kenyon_Cell,,KCg-m_L,KCg-m,L,L,,acetylcholine,dopamine,0.7028650432196301,,dopamine,acetylcholine,1,True,True
539245,KCg-m,KCg-m,cb_intrinsic,Kenyon_Cell,,KCg-m_L,KCg-m,L,L,,acetylcholine,dopamine,0.774809833418324,,dopamine,acetylcholine,1,True,True
539249,KCg-m,KCg-m,cb_intrinsic,Kenyon_Cell,,KCg-m_R,KCg-m,R,R,,acetylcholine,dopamine,0.7851817446896879,,dopamine,acetylcholine,1,True,True
539367,KCa'b'-m,KCa'b'-m,cb_intrinsic,Kenyon_Cell,,KCa'b'-m_R,KCa'b'-m,R,R,,acetylcholine,dopamine,0.7029683814858491,,dopamine,acetylcholine,1,True,True
539381,KCab-s,KCab-s,cb_intrinsic,Kenyon_Cell,,KCab-s_R,"KCab-m,KCab-c,KCab-s",R,R,,acetylcholine,dopamine,0.7701290618448637,,dopamine,acetylcholine,1,True,True
539583,KCa'b'-ap1,KCa'b'-ap1,cb_intrinsic,Kenyon_Cell,,KCa'b'-ap1_L,KCa'b'-ap1,L,L,,acetylcholine,dopamine,0.6614881654312669,,dopamine,acetylcholine,1,True,True
539948,KCg-m,KCg-m,cb_intrinsic,Kenyon_Cell,,KCg-m_L,KCg-m,L,L,,acetylcholine,dopamine,0.7555725120236774,,dopamine,acetylcholine,1,True,True
540383,MBON10,MBON10,cb_intrinsic,MBON,,MBON10(B'1)_R,MBON10,R,R,,gaba,gaba,0.8276322924801135,gaba,gaba,gaba,-1,True,True
540535,KCg-m,KCg-m,cb_intrinsic,Kenyon_Cell,,KCg-m_L,KCg-m,L,L,,acetylcholine,dopamine,0.7408698738929534,,dopamine,acetylcholine,1,True,True
541683,KCg-m,KCg-m,cb_intrinsic,Kenyon_Cell,,KCg-m_R,KCg-m,R,R,,acetylcholine,dopamine,0.7219313291805844,,dopamine,acetylcholine,1,True,True
541716,KCg-m,KCg-m,cb_intrinsic,Kenyon_Cell,,KCg-m_R,KCg-m,R,R,,acetylcholine,dopamine,0.7580377702168608,,dopamine,acetylcholine,1,True,True
541882,KCa'b'-ap1,KCa'b'-ap1,cb_intrinsic,Kenyon_Cell,,KCa'b'-ap1_R,KCa'b'-ap1,R,R,,acetylcholine,dopamine,0.6419629243921697,,dopamine,acetylcholine,1,True,True
542101,KCa'b'-ap2,KCa'b'-ap2,cb_intrinsic,Kenyon_Cell,,KCa'b'-ap2_R,KCa'b'-ap2,R,R,,acetylcholine,dopamine,0.75558855247127,,dopamine,acetylcholine,1,True,True
542106,KCa'b'-m,KCa'b'-m,cb_intrinsic,Kenyon_Cell,,KCa'b'-m_R,KCa'b'-m,R,R,,acetylcholine,dopamine,0.7003049361539927,,dopamine,acetylcholine,1,True,True
542818,KCg-d,KCg-d,cb_intrinsic,Kenyon_Cell,,KCg-d_L,KCg-d,L,L,,acetylcholine,dopamine,0.7630993941655119,,dopamine,acetylcholine,1,True,True
543037,KCg-m,KCg-m,cb_intrinsic,Kenyon_Cell,,KCg-m_L,KCg-m,L,L,,acetylcholine,dopamine,0.7217777919428862,,dopamine,acetylcholine,1,True,True
543506,EPGt,EPGt,cb_intrinsic,CX,,EPGt(PB09)_L9,EPGt,L,L,,acetylcholine,acetylcholine,0.8716071321545341,acetylcholine,acetylcholine,acetylcholine,1,True,True
543571,KCg-m,KCg-m,cb_intrinsic,Kenyon_Cell,,KCg-m_L,KCg-m,L,L,,acetylcholine,dopamine,0.7219551282051282,,dopamine,acetylcholine,1,True,True
543605,KCg-m,KCg-m,cb_intrinsic,Kenyon_Cell,,KCg-m_R,KCg-m,R,R,,acetylcholine,dopamine,0.753188075910487,,dopamine,acetylcholine,1,True,True
543677,PAM01,PAM01,cb_intrinsic,DAN,,PAM01(y5)_R,PAM01,R,R,,dopamine,dopamine,0.9169150425046652,dopamine,dopamine,dopamine,0,True,True
543682,KCg-m,KCg-m,cb_intrinsic,Kenyon_Cell,,KCg-m_R,KCg-m,R,R,,acetylcholine,dopamine,0.7557123342051185,,dopamine,acetylcholine,1,True,True
543948,KCg-m,KCg-m,cb_intrinsic,Kenyon_Cell,,KCg-m_R,KCg-m,R,R,,acetylcholine,dopamine,0.7236979865271692,,dopamine,acetylcholine,1,True,True
544257,PAM10,PAM10,cb_intrinsic,DAN,,PAM10(B1)_R,PAM10,R,R,,dopamine,dopamine,0.9113790955079921,dopamine,dopamine,dopamine,0,True,True
544359,PAM10,PAM10,cb_intrinsic,DAN,,PAM10(B1)_R,PAM10,R,R,,dopamine,dopamine,0.9060684085377007,dopamine,dopamine,dopamine,0,True,True
544476,KCab-s,KCab-s,cb_intrinsic,Kenyon_Cell,,KCab-s_R,"KCab-m,KCab-c,KCab-s",R,R,,acetylcholine,dopamine,0.7230571724876221,,dopamine,acetylcholine,1,True,True
544634,KCg-m,KCg-m,cb_intrinsic,Kenyon_Cell,,KCg-m_L,KCg-m,L,L,,acetylcholine,dopamine,0.7332228146932823,,dopamine,acetylcholine,1,True,True
544736,KCg-m,KCg-m,cb_intrinsic,Kenyon_Cell,,KCg-m_R,KCg-m,R,R,,acetylcholine,dopamine,0.720990942192531,,dopamine,acetylcholine,1,True,True
544770,PAM04,PAM04,cb_intrinsic,DAN,,PAM04(B2)_R,PAM04,R,R,,dopamine,dopamine,0.916349548558861,dopamine,dopamine,dopamine,0,True,True
544813,KCab-m,KCab-m,cb_intrinsic,Kenyon_Cell,,KCab-m_L,"KCab-m,KCab-c,KCab-s",L,L,,acetylcholine,dopamine,0.7844046476921437,,dopamine,acetylcholine,1,True,True
545066,KCab-m,KCab-m,cb_intrinsic,Kenyon_Cell,,KCab-m_R,"KCab-m,KCab-c,KCab-s",R,R,,acetylcholine,dopamine,0.6956550816736548,,dopamine,acetylcholine,1,True,True
545375,KC,KC,cb_intrinsic,Kenyon_Cell,,KC_L_fragment,,L,L,,acetylcholine,unclear,0.49049493539097944,,unclear,acetylcholine,1,True,True
545415,KCab-s,KCab-s,cb_intrinsic,Kenyon_Cell,,KCab-s_L,"KCab-m,KCab-c,KCab-s",L,L,,acetylcholine,dopamine,0.7801683566508364,,dopamine,acetylcholine,1,True,True
545597,KCa'b'-ap2,KCa'b'-ap2,cb_intrinsic,Kenyon_Cell,,KCa'b'-ap2_R,KCa'b'-ap2,R,R,,acetylcholine,dopamine,0.697296877285359,,dopamine,acetylcholine,1,True,True
545674,KCg-m,KCg-m,cb_intrinsic,Kenyon_Cell,,KCg-m_L,KCg-m,L,L,,acetylcholine,dopamine,0.7322425314465408,,dopamine,acetylcholine,1,True,True
545809,KCab-s,KCab-s,cb_intrinsic,Kenyon_Cell,,KCab-s_R,"KCab-m,KCab-c,KCab-s",R,R,,acetylcholine,dopamine,0.7326818268740438,,dopamine,acetylcholine,1,True,True
546275,KCab-p,KCab-p,cb_intrinsic,Kenyon_Cell,,KCab-p_L,KCab-p,L,L,,acetylcholine,dopamine,0.7164434451070486,,dopamine,acetylcholine,1,True,True
546905,KCab-p,KCab-p,cb_intrinsic,Kenyon_Cell,,KCab-p_R,KCab-p,R,R,,acetylcholine,dopamine,0.7107114779874214,,dopamine,acetylcholine,1,True,True
546981,KCg-m,KCg-m,cb_intrinsic,Kenyon_Cell,,KCg-m_L,KCg-m,L,L,,acetylcholine,dopamine,0.787222118438259,,dopamine,acetylcholine,1,True,True
547260,PAM10,PAM10,cb_intrinsic,DAN,,PAM10(B1)_R,PAM10,R,R,,dopamine,dopamine,0.910878537735849,dopamine,dopamine,dopamine,0,True,True
547275,KCg-m,KCg-m,cb_intrinsic,Kenyon_Cell,,KCg-m_R,KCg-m,R,R,,acetylcholine,dopamine,0.771919435329505,,dopamine,acetylcholine,1,True,True
547276,KCg-m,KCg-m,cb_intrinsic,Kenyon_Cell,,KCg-m_R,KCg-m,R,R,,acetylcholine,dopamine,0.7357180293501048,,dopamine,acetylcholine,1,True,True
547293,KCa'b'-m,KCa'b'-m,cb_intrinsic,Kenyon_Cell,,KCa'b'-m_R,KCa'b'-m,R,R,,acetylcholine,dopamine,0.6822015010049925,,dopamine,acetylcholine,1,True,True
547586,KCab-c,KCab-c,cb_intrinsic,Kenyon_Cell,,KCab-c_R,"KCab-m,KCab-c,KCab-s",R,R,,acetylcholine,dopamine,0.7075946561985564,,dopamine,acetylcholine,1,True,True
547655,DL2d_adPN,DL2d_adPN,cb_intrinsic,ALPN,,DL2d_adPN_L,DL2d_adPN,L,L,,acetylcholine,acetylcholine,0.9449941180021637,acetylcholine,acetylcholine,acetylcholine,1,True,True
548340,KCab-m,KCab-m,cb_intrinsic,Kenyon_Cell,,KCab-m_L,"KCab-m,KCab-c,KCab-s",L,L,,acetylcholine,dopamine,0.8142743655715354,,dopamine,acetylcholine,1,True,True
548435,KCa'b'-m,KCa'b'-m,cb_intrinsic,Kenyon_Cell,,KCa'b'-m_L,KCa'b'-m,L,L,,acetylcholine,dopamine,0.6855305178088441,,dopamine,acetylcholine,1,True,True
548595,KCg-m,KCg-m,cb_intrinsic,Kenyon_Cell,,KCg-m_L,KCg-m,L,L,,acetylcholine,dopamine,0.8286204255873824,,dopamine,acetylcholine,1,True,True
548654,KCa'b'-ap2,KCa'b'-ap2,cb_intrinsic,Kenyon_Cell,,KCa'b'-ap2_R,KCa'b'-ap2,R,R,,acetylcholine,dopamine,0.7481030492544697,,dopamine,acetylcholine,1,True,True
549323,KCab-m,KCab-m,cb_intrinsic,Kenyon_Cell,,KCab-m_L,"KCab-m,KCab-c,KCab-s",L,L,,acetylcholine,dopamine,0.7452120868208256,,dopamine,acetylcholine,1,True,True
549344,KCa'b'-ap2,KCa'b'-ap2,cb_intrinsic,Kenyon_Cell,,KCa'b'-ap2_R,KCa'b'-ap2,R,R,,acetylcholine,dopamine,0.7893197898799313,,dopamine,acetylcholine,1,True,True
550362,KCab-s,KCab-s,cb_intrinsic,Kenyon_Cell,,KCab-s_R,"KCab-m,KCab-c,KCab-s",R,R,,acetylcholine,dopamine,0.7431767162991588,,dopamine,acetylcholine,1,True,True
550365,KCab-m,KCab-m,cb_intrinsic,Kenyon_Cell,,KCab-m_L,"KCab-m,KCab-c,KCab-s",L,L,,acetylcholine,dopamine,0.7219139859779358,,dopamine,acetylcholine,1,True,True
550378,KCab-s,KCab-s,cb_intrinsic,Kenyon_Cell,,KCab-s_L,"KCab-m,KCab-c,KCab-s",L,L,,acetylcholine,dopamine,0.7798625765475008,,dopamine,acetylcholine,1,True,True
550403,KCab-s,KCab-s,cb_intrinsic,Kenyon_Cell,,KCab-s_R,"KCab-m,KCab-c,KCab-s",R,R,,acetylcholine,dopamine,0.7668804194112612,,dopamine,acetylcholine,1,True,True
550530,KCab-m,KCab-m,cb_intrinsic,Kenyon_Cell,,KCab-m_L,"KCab-m,KCab-c,KCab-s",L,L,,acetylcholine,dopamine,0.7864349941037736,,dopamine,acetylcholine,1,True,True
550557,KCab-c,KCab-c,cb_intrinsic,Kenyon_Cell,,KCab-c_L,"KCab-m,KCab-c,KCab-s",L,L,,acetylcholine,dopamine,0.7854701257861635,,dopamine,acetylcholine,1,True,True
550598,KCab-s,KCab-s,cb_intrinsic,Kenyon_Cell,,KCab-s_R,"KCab-m,KCab-c,KCab-s",R,R,,acetylcholine,dopamine,0.7973639698875549,,dopamine,acetylcholine,1,True,True
550671,KCab-c,KCab-c,cb_intrinsic,Kenyon_Cell,,KCab-c_L,"KCab-m,KCab-c,KCab-s",L,L,,acetylcholine,dopamine,0.786325379208287,,dopamine,acetylcholine,1,True,True
550753,KCab-m,KCab-m,cb_intrinsic,Kenyon_Cell,,KCab-m_R,"KCab-m,KCab-c,KCab-s",R,R,,acetylcholine,dopamine,0.6506342736764975,,dopamine,acetylcholine,1,True,True
550775,KCab-m,KCab-m,cb_intrinsic,Kenyon_Cell,,KCab-m_R,"KCab-m,KCab-c,KCab-s",R,R,,acetylcholine,dopamine,0.7021084377147085,,dopamine,acetylcholine,1,True,True
550868,KCg-m,KCg-m,cb_intrinsic,Kenyon_Cell,,KCg-m_R,KCg-m,R,R,,acetylcholine,dopamine,0.7602740160275918,,dopamine,acetylcholine,1,True,True
550950,KCab-s,KCab-s,cb_intrinsic,Kenyon_Cell,,KCab-s_R,"KCab-m,KCab-c,KCab-s",R,R,,acetylcholine,dopamine,0.7991406196005253,,dopamine,acetylcholine,1,True,True
551264,KCab-s,KCab-s,cb_intrinsic,Kenyon_Cell,,KCab-s_L,"KCab-m,KCab-c,KCab-s",L,L,,acetylcholine,dopamine,0.691145178197065,,dopamine,acetylcholine,1,True,True
551434,KCa'b'-m,KCa'b'-m,cb_intrinsic,Kenyon_Cell,,KCa'b'-m_R,KCa'b'-m,R,R,,acetylcholine,dopamine,0.7161483317343567,,dopamine,acetylcholine,1,True,True
551436,KCa'b'-ap2,KCa'b'-ap2,cb_intrinsic,Kenyon_Cell,,KCa'b'-ap2_R,KCa'b'-ap2,R,R,,acetylcholine,dopamine,0.7152735510921755,,dopamine,acetylcholine,1,True,True
551561,KCab-s,KCab-s,cb_intrinsic,Kenyon_Cell,,KCab-s_R,"KCab-m,KCab-c,KCab-s",R,R,,acetylcholine,dopamine,0.7817998465109314,,dopamine,acetylcholine,1,True,True
551700,KCab-s,KCab-s,cb_intrinsic,Kenyon_Cell,,KCab-s_L,"KCab-m,KCab-c,KCab-s",L,L,,acetylcholine,dopamine,0.7271955444639461,,dopamine,acetylcholine,1,True,True
552080,KCa'b'-ap2,KCa'b'-ap2,cb_intrinsic,Kenyon_Cell,,KCa'b'-ap2_R,KCa'b'-ap2,R,R,,acetylcholine,dopamine,0.7443872794567818,,dopamine,acetylcholine,1,True,True
552118,KCg-m,KCg-m,cb_intrinsic,Kenyon_Cell,,KCg-m_L,KCg-m,L,L,,acetylcholine,dopamine,0.7599479922593131,,dopamine,acetylcholine,1,True,True
552335,KCab-c,KCab-c,cb_intrinsic,Kenyon_Cell,,KCab-c_L,"KCab-m,KCab-c,KCab-s",L,L,,acetylcholine,dopamine,0.7218784110400748,,dopamine,acetylcholine,1,True,True
552362,PAM12,PAM12,cb_intrinsic,DAN,,PAM12(y3)_R,PAM12,R,R,,dopamine,dopamine,0.9093946540880503,dopamine,dopamine,dopamine,0,True,True
552553,KCab-p,KCab-p,cb_intrinsic,Kenyon_Cell,,KCab-p_R,KCab-p,R,R,,acetylcholine,dopamine,0.6273652291105122,,dopamine,acetylcholine,1,True,True
552693,KCg-m,KCg-m,cb_intrinsic,Kenyon_Cell,,KCg-m_R,KCg-m,R,R,,acetylcholine,dopamine,0.7124330378306628,,dopamine,acetylcholine,1,True,True
552867,KCg-m,KCg-m,cb_intrinsic,Kenyon_Cell,,KCg-m_R,KCg-m,R,R,,acetylcholine,dopamine,0.7682309304950814,,dopamine,acetylcholine,1,True,True
553058,KCab-c,KCab-c,cb_intrinsic,Kenyon_Cell,,KCab-c_L,"KCab-m,KCab-c,KCab-s",L,L,,acetylcholine,dopamine,0.8251049815922687,,dopamine,acetylcholine,1,True,True
553201,PAM09,PAM09,cb_intrinsic,DAN,,PAM09(B1ped)_R,PAM09,R,R,,dopamine,dopamine,0.7401405171887403,dopamine,dopamine,dopamine,0,True,True
553483,KCg-d,KCg-d,cb_intrinsic,Kenyon_Cell,,KCg-d_L,KCg-d,L,L,,acetylcholine,dopamine,0.7117381484712982,,dopamine,acetylcholine,1,True,True
553756,KCa'b'-ap1,KCa'b'-ap1,cb_intrinsic,Kenyon_Cell,,KCa'b'-ap1_R,KCa'b'-ap1,R,R,,acetylcholine,dopamine,0.6687371775468335,,dopamine,acetylcholine,1,True,True
555966,VP3+_l2PN,VP3+_l2PN,cb_intrinsic,ALPN,BI,VP3+_l2PN_R,VP3+_l2PN,R,R,,acetylcholine,acetylcholine,0.9427506375595248,,acetylcholine,acetylcholine,1,True,True
555967,VP3+_l2PN,VP3+_l2PN,cb_intrinsic,ALPN,BI,VP3+_l2PN_R,VP3+_l2PN,R,R,,acetylcholine,acetylcholine,0.9302466829232909,,acetylcholine,acetylcholine,1,True,True
556005,KCg-d,KCg-d,cb_intrinsic,Kenyon_Cell,,KCg-d_L,KCg-d,L,L,,acetylcholine,dopamine,0.7642940932501362,,dopamine,acetylcholine,1,True,True
556300,MBON25-like,MBON25-like,cb_intrinsic,MBON,,MBON25-like(y1y2)_R,,R,R,,glutamate,glutamate,0.8114422177727242,,glutamate,glutamate,-1,True,True
556346,EPG,EPG,cb_intrinsic,CX,,EPG(PB08)_L6,EPG,L,L,,acetylcholine,acetylcholine,0.9179994138680619,acetylcholine,acetylcholine,acetylcholine,1,True,True
556347,EPG,EPG,cb_intrinsic,CX,,EPG(PB08)_R4,EPG,R,R,,acetylcholine,acetylcholine,0.908167017589041,acetylcholine,acetylcholine,acetylcholine,1,True,True
556574,M_l2PN3t18,M_l2PN3t18,cb_intrinsic,ALPN,,M_l2PN3t18_L,M_l2PN3t18,L,L,,acetylcholine,acetylcholine,0.8890376423612367,,acetylcholine,acetylcholine,1,True,True
558665,MBON10,MBON10,cb_intrinsic,MBON,,MBON10(B'1)_R,MBON10,R,R,,gaba,gaba,0.7608933482348457,gaba,gaba,gaba,-1,True,True
561474,KCa'b'-ap1,KCa'b'-ap1,cb_intrinsic,Kenyon_Cell,,KCa'b'-ap1_L,KCa'b'-ap1,L,L,,acetylcholine,dopamine,0.6843231688651417,,dopamine,acetylcholine,1,True,True
562782,MBON16,MBON16,cb_intrinsic,MBON,,MBON16(a'3ap)_R,MBON16,R,R,,acetylcholine,acetylcholine,0.9406164080100562,acetylcholine,acetylcholine,acetylcholine,1,True,True
562916,KCa'b'-ap1,KCa'b'-ap1,cb_intrinsic,Kenyon_Cell,,KCa'b'-ap1_R,KCa'b'-ap1,R,R,,acetylcholine,dopamine,0.6308195615326286,,dopamine,acetylcholine,1,True,True
563873,M_lPNm11D,M_lPNm11D,cb_intrinsic,ALPN,,M_lPNm11D_L,M_lPNm11D,L,L,,acetylcholine,acetylcholine,0.9427052385616495,acetylcholine,acetylcholine,acetylcholine,1,True,True
564174,DL2d_adPN,DL2d_adPN,cb_intrinsic,ALPN,,DL2d_adPN_L,DL2d_adPN,L,L,,acetylcholine,acetylcholine,0.9317219884190393,acetylcholine,acetylcholine,acetylcholine,1,True,True
564848,M_lvPNm45,M_lvPNm45,cb_intrinsic,ALPN,,M_lvPNm45_R,M_lvPNm45,R,R,,acetylcholine,acetylcholine,0.9416987168491027,acetylcholine,acetylcholine,acetylcholine,1,True,True
564952,KCa'b'-m,KCa'b'-m,cb_intrinsic,Kenyon_Cell,,KCa'b'-m_R,KCa'b'-m,R,R,,acetylcholine,dopamine,0.6670586685327251,,dopamine,acetylcholine,1,True,True
566092,KCg-m,KCg-m,cb_intrinsic,Kenyon_Cell,,KCg-m_R,KCg-m,R,R,,acetylcholine,dopamine,0.8012217726631966,,dopamine,acetylcholine,1,True,True
566095,KCg-m,KCg-m,cb_intrinsic,Kenyon_Cell,,KCg-m_R,KCg-m,R,R,,acetylcholine,dopamine,0.7202001529831719,,dopamine,acetylcholine,1,True,True
566096,KCg-m,KCg-m,cb_intrinsic,Kenyon_Cell,,KCg-m_R,KCg-m,R,R,,acetylcholine,dopamine,0.7585151336477988,,dopamine,acetylcholine,1,True,True
567409,PAM04,PAM04,cb_intrinsic,DAN,,PAM04(B2)_R,PAM04,R,R,,dopamine,dopamine,0.9001802837953258,dopamine,dopamine,dopamine,0,True,True
567586,KCa'b'-m,KCa'b'-m,cb_intrinsic,Kenyon_Cell,,KCa'b'-m_R,KCa'b'-m,R,R,,acetylcholine,dopamine,0.6978675314465409,,dopamine,acetylcholine,1,True,True
567978,KCg-m,KCg-m,cb_intrinsic,Kenyon_Cell,,KCg-m_L,KCg-m,L,L,,acetylcholine,dopamine,0.7772712694389687,,dopamine,acetylcholine,1,True,True
568673,KCab-m,KCab-m,cb_intrinsic,Kenyon_Cell,,KCab-m_L,"KCab-m,KCab-c,KCab-s",L,L,,acetylcholine,dopamine,0.7018549858370541,,dopamine,acetylcholine,1,True,True
569213,KCg-m,KCg-m,cb_intrinsic,Kenyon_Cell,,KCg-m_R,KCg-m,R,R,,acetylcholine,dopamine,0.7159965287272506,,dopamine,acetylcholine,1,True,True
569417,KCab-s,KCab-s,cb_intrinsic,Kenyon_Cell,,KCab-s_R,"KCab-m,KCab-c,KCab-s",R,R,,acetylcholine,dopamine,0.7270935985258181,,dopamine,acetylcholine,1,True,True
569775,KCg-m,KCg-m,cb_intrinsic,Kenyon_Cell,,KCg-m_R,KCg-m,R,R,,acetylcholine,dopamine,0.7551353602341366,,dopamine,acetylcholine,1,True,True
570453,KCa'b'-ap2,KCa'b'-ap2,cb_intrinsic,Kenyon_Cell,,KCa'b'-ap2_L,KCa'b'-ap2,L,L,,acetylcholine,dopamine,0.7416497885797534,,dopamine,acetylcholine,1,True,True
570526,KCg-m,KCg-m,cb_intrinsic,Kenyon_Cell,,KCg-m_L,KCg-m,L,L,,acetylcholine,dopamine,0.8156276071749454,,dopamine,acetylcholine,1,True,True
570566,KCab-m,KCab-m,cb_intrinsic,Kenyon_Cell,,KCab-m_L,"KCab-m,KCab-c,KCab-s",L,L,,acetylcholine,dopamine,0.7634952830188679,,dopamine,acetylcholine,1,True,True
570938,KCab-m,KCab-m,cb_intrinsic,Kenyon_Cell,,KCab-m_R,"KCab-m,KCab-c,KCab-s",R,R,,acetylcholine,dopamine,0.7642909043262818,,dopamine,acetylcholine,1,True,True
571903,KCab-p,KCab-p,cb_intrinsic,Kenyon_Cell,,KCab-p_L,KCab-p,L,L,,acetylcholine,dopamine,0.6369078350386432,,dopamine,acetylcholine,1,True,True
575249,KCa'b'-ap2,KCa'b'-ap2,cb_intrinsic,Kenyon_Cell,,KCa'b'-ap2_R,KCa'b'-ap2,R,R,,acetylcholine,dopamine,0.6758297212306646,,dopamine,acetylcholine,1,True,True
575260,KCab-c,KCab-c,cb_intrinsic,Kenyon_Cell,,KCab-c_R,"KCab-m,KCab-c,KCab-s",R,R,,acetylcholine,dopamine,0.6625980678207871,,dopamine,acetylcholine,1,True,True
575369,KCab-s,KCab-s,cb_intrinsic,Kenyon_Cell,,KCab-s_L,"KCab-m,KCab-c,KCab-s",L,L,,acetylcholine,dopamine,0.8044145664049948,,dopamine,acetylcholine,1,True,True
577933,PAM06,PAM06,cb_intrinsic,DAN,,PAM06(B'2m)_L,PAM06,L,L,,dopamine,dopamine,0.9117262738305818,dopamine,dopamine,dopamine,0,True,True
579717,KCg-m,KCg-m,cb_intrinsic,Kenyon_Cell,,KCg-m_R,KCg-m,R,R,,acetylcholine,dopamine,0.7580678420455716,,dopamine,acetylcholine,1,True,True
579919,MBON10,MBON10,cb_intrinsic,MBON,,MBON10(B'1)_R,MBON10,R,R,,gaba,gaba,0.7742222170011603,gaba,gaba,gaba,-1,True,True
579941,KCab-c,KCab-c,cb_intrinsic,Kenyon_Cell,,KCab-c_L,"KCab-m,KCab-c,KCab-s",L,L,,acetylcholine,dopamine,0.7774472849281222,,dopamine,acetylcholine,1,True,True
579942,KCab-m,KCab-m,cb_intrinsic,Kenyon_Cell,,KCab-m_L,"KCab-m,KCab-c,KCab-s",L,L,,acetylcholine,dopamine,0.7396728034356519,,dopamine,acetylcholine,1,True,True
580088,KCab-s,KCab-s,cb_intrinsic,Kenyon_Cell,,KCab-s_L,"KCab-m,KCab-c,KCab-s",L,L,,acetylcholine,dopamine,0.7709767938300509,,dopamine,acetylcholine,1,True,True
580215,KCg-m,KCg-m,cb_intrinsic,Kenyon_Cell,,KCg-m_L,KCg-m,L,L,,acetylcholine,dopamine,0.7457422827621615,,dopamine,acetylcholine,1,True,True
580386,KCab-m,KCab-m,cb_intrinsic,Kenyon_Cell,,KCab-m_L,"KCab-m,KCab-c,KCab-s",L,L,,acetylcholine,dopamine,0.8046768184304075,,dopamine,acetylcholine,1,True,True
580421,KCa'b'-ap2,KCa'b'-ap2,cb_intrinsic,Kenyon_Cell,,KCa'b'-ap2_L,KCa'b'-ap2,L,L,,acetylcholine,dopamine,0.6978221045449151,,dopamine,acetylcholine,1,True,True
580579,PAM03,PAM03,cb_intrinsic,DAN,,PAM03(B2B'2a)_R,PAM03,R,R,,dopamine,dopamine,0.9060748999428244,dopamine,dopamine,dopamine,0,True,True
580598,KCab-c,KCab-c,cb_intrinsic,Kenyon_Cell,,KCab-c_L,"KCab-m,KCab-c,KCab-s",L,L,,acetylcholine,dopamine,0.6862074338489433,,dopamine,acetylcholine,1,True,True
580622,KCg-m,KCg-m,cb_intrinsic,Kenyon_Cell,,KCg-m_L,KCg-m,L,L,,acetylcholine,dopamine,0.7977281660949114,,dopamine,acetylcholine,1,True,True
580641,KCg-m,KCg-m,cb_intrinsic,Kenyon_Cell,,KCg-m_L,KCg-m,L,L,,acetylcholine,dopamine,0.7549047216746456,,dopamine,acetylcholine,1,True,True
580809,KCab-m,KCab-m,cb_intrinsic,Kenyon_Cell,,KCab-m_L,"KCab-m,KCab-c,KCab-s",L,L,,acetylcholine,dopamine,0.7661136412925613,,dopamine,acetylcholine,1,True,True
581043,KCg-m,KCg-m,cb_intrinsic,Kenyon_Cell,,KCg-m_L,KCg-m,L,L,,acetylcholine,dopamine,0.741138372059166,,dopamine,acetylcholine,1,True,True
581228,KCab-c,KCab-c,cb_intrinsic,Kenyon_Cell,,KCab-c_L,"KCab-m,KCab-c,KCab-s",L,L,,acetylcholine,dopamine,0.7528281899584266,,dopamine,acetylcholine,1,True,True
581328,KCg-m,KCg-m,cb_intrinsic,Kenyon_Cell,,KCg-m_L,KCg-m,L,L,,acetylcholine,dopamine,0.7657279222954114,,dopamine,acetylcholine,1,True,True
581393,KCab-m,KCab-m,cb_intrinsic,Kenyon_Cell,,KCab-m_L,"KCab-m,KCab-c,KCab-s",L,L,,acetylcholine,dopamine,0.7189512578616352,,dopamine,acetylcholine,1,True,True
583848,KCg-m,KCg-m,cb_intrinsic,Kenyon_Cell,,KCg-m_R,KCg-m,R,R,,acetylcholine,dopamine,0.7157853462233015,,dopamine,acetylcholine,1,True,True
583851,KCa'b'-ap2,KCa'b'-ap2,cb_intrinsic,Kenyon_Cell,,KCa'b'-ap2_R,KCa'b'-ap2,R,R,,acetylcholine,dopamine,0.7240893605870021,,dopamine,acetylcholine,1,True,True
583883,KCg-m,KCg-m,cb_intrinsic,Kenyon_Cell,,KCg-m_R,KCg-m,R,R,,acetylcholine,dopamine,0.7313222763237979,,dopamine,acetylcholine,1,True,True
591438,KCg-m,KCg-m,cb_intrinsic,Kenyon_Cell,,KCg-m_R,KCg-m,R,R,,acetylcholine,dopamine,0.7400860642171466,,dopamine,acetylcholine,1,True,True
901937,KCab-p,KCab-p,cb_intrinsic,Kenyon_Cell,,KCab-p_L,KCab-p,L,L,,acetylcholine,dopamine,0.7767832539065032,,dopamine,acetylcholine,1,True,True
909818,PAM03,PAM03,cb_intrinsic,DAN,,PAM03(B2B'2a)_R,PAM03,R,R,,dopamine,dopamine,0.9096576313225263,dopamine,dopamine,dopamine,0,True,True
915829,KCab-m,KCab-m,cb_intrinsic,Kenyon_Cell,,KCab-m_L,"KCab-m,KCab-c,KCab-s",L,L,,acetylcholine,dopamine,0.7458540793151641,,dopamine,acetylcholine,1,True,True
915893,KCab-p,KCab-p,cb_intrinsic,Kenyon_Cell,,KCab-p_L,KCab-p,L,L,,acetylcholine,dopamine,0.6369651705736611,,dopamine,acetylcholine,1,True,True
915901,M_vPNml84,M_vPNml84,cb_intrinsic,ALPN,,M_vPNml84_R,M_vPNml84,R,R,,gaba,gaba,0.7436767507949067,gaba,gaba,gaba,-1,True,True
918516,KCab-s,KCab-s,cb_intrinsic,Kenyon_Cell,,KCab-s_R,"KCab-m,KCab-c,KCab-s",R,R,,acetylcholine,dopamine,0.8164079640193066,,dopamine,acetylcholine,1,True,True
919290,KCab-c,KCab-c,cb_intrinsic,Kenyon_Cell,,KCab-c_L,"KCab-m,KCab-c,KCab-s",L,L,,acetylcholine,dopamine,0.6897693192406243,,dopamine,acetylcholine,1,True,True
920537,PAM09,PAM09,cb_intrinsic,DAN,,PAM09(B1ped)_L,PAM09,L,L,,dopamine,dopamine,0.8794597065889276,dopamine,dopamine,dopamine,0,True,True
923406,KCab-s,KCab-s,cb_intrinsic,Kenyon_Cell,,KCab-s_R,"KCab-m,KCab-c,KCab-s",R,R,,acetylcholine,dopamine,0.7694331401323632,,dopamine,acetylcholine,1,True,True
933708,PAM14,PAM14,cb_intrinsic,DAN,,PAM14(B'1m)_R,PAM14,R,R,,dopamine,dopamine,0.8923322406992857,dopamine,dopamine,dopamine,0,True,True
945591,KCab-m,KCab-m,cb_intrinsic,Kenyon_Cell,,KCab-m_L,,L,L,,acetylcholine,dopamine,0.6790575424762977,,dopamine,acetylcholine,1,True,True
946152,KCab-s,KCab-s,cb_intrinsic,Kenyon_Cell,,KCab-s_R,"KCab-m,KCab-c,KCab-s",R,R,,acetylcholine,dopamine,0.7714132502523489,,dopamine,acetylcholine,1,True,True
953362,KCab-m,KCab-m,cb_intrinsic,Kenyon_Cell,,KCab-m_L,,L,L,,acetylcholine,dopamine,0.8307223633284954,,dopamine,acetylcholine,1,True,True
