condition,amplitude,post_pulse_update,mean_fast_rms,mean_slow_rms,mean_joint_rms,mean_joint_rms_per_amplitude,mean_linear_deviation_per_amplitude
initial_shared,0.001,0,0.0005301501099563946,2.334176553389153e-05,0.0003752359105316391,0.37523591053163907,1.3119553152819333e-07
initial_shared,0.001,1,0.00023507475004279932,2.9787076428913086e-05,0.00016755246516678498,0.167552465166785,5.987325771155838e-08
initial_shared,0.001,2,0.00013869076513442266,3.1632644206174216e-05,0.00010059330311153739,0.10059330311153739,3.628121361265312e-08
initial_shared,0.001,3,9.652660250643113e-05,3.207869008041561e-05,7.195556943369087e-05,0.07195556943369087,2.6431791974715075e-08
initial_shared,0.001,4,7.467806747974004e-05,3.2089514980908175e-05,5.75699049411147e-05,0.0575699049411147,2.135546866977567e-08
initial_shared,0.001,5,6.243067115253591e-05,3.198713462621839e-05,4.980643612307627e-05,0.04980643612307627,1.8569769536441403e-08
initial_shared,0.001,6,5.53703503066725e-05,3.188791693578946e-05,4.5512318205791354e-05,0.04551231820579135,1.710390923830487e-08
initial_shared,0.001,7,5.1319946884484694e-05,3.1835655972096794e-05,4.314897843253852e-05,0.04314897843253852,1.6304932869285642e-08
initial_shared,0.001,8,4.907519901086085e-05,3.184616129102491e-05,4.1895940822983855e-05,0.041895940822983854,1.5858408913822408e-08
initial_shared,0.001,9,4.7931391074683534e-05,3.192364837375926e-05,4.129844433148346e-05,0.04129844433148346,1.5699010049963896e-08
initial_shared,0.001,10,4.746901173068322e-05,3.2067336592409316e-05,4.1100600981356866e-05,0.041100600981356865,1.5771415366233226e-08
initial_shared,0.001,11,4.743742775419294e-05,3.227432301756284e-05,4.115717008279529e-05,0.04115717008279529,1.5925356639854498e-08
initial_shared,0.001,12,4.768600327303121e-05,3.254090607055343e-05,4.1384761150074876e-05,0.041384761150074875,1.6129427008010495e-08
initial_shared,0.001,13,4.812323109057894e-05,3.2863211205023875e-05,4.1734580890528195e-05,0.04173458089052819,1.6310924033729294e-08
initial_shared,0.001,14,4.869287695795214e-05,3.32374850746322e-05,4.2177267506585974e-05,0.04217726750658597,1.668333030788024e-08
initial_shared,0.001,15,4.9359997162496766e-05,3.366022714054895e-05,4.269449541647722e-05,0.04269449541647722,1.7204659459125393e-08
initial_shared,0.001,16,5.010258899034126e-05,3.4128240614315265e-05,4.32743305853257e-05,0.0432743305853257,1.7797981332312097e-08
initial_shared,0.001,17,5.090655083666579e-05,3.4638642652364534e-05,4.3908646048153966e-05,0.04390864604815396,1.833429265923445e-08
initial_shared,0.001,18,5.176264154467346e-05,3.5188855998391556e-05,4.459166491797735e-05,0.04459166491797734,1.8872518889810558e-08
initial_shared,0.001,19,5.266465194698938e-05,3.5776591337200334e-05,4.531912196230349e-05,0.045319121962303484,1.9489879750989273e-08
initial_shared,0.001,20,5.360830283868611e-05,3.6399826297049536e-05,4.608776762904688e-05,0.04608776762904688,2.0121811590305512e-08
initial_shared,0.001,21,5.4590574558840986e-05,3.7056782603472904e-05,4.68950645859655e-05,0.0468950645859655,2.0857516127676782e-08
initial_shared,0.001,22,5.5609294224897046e-05,3.77459048629659e-05,4.773899640623121e-05,0.04773899640623121,2.1520675459180548e-08
initial_shared,0.001,23,5.666287399496773e-05,3.846583925203169e-05,4.8617940155432325e-05,0.048617940155432325,2.216605529750171e-08
initial_shared,0.001,24,5.775014477578259e-05,3.92154141593892e-05,4.953058063907284e-05,0.04953058063907284,2.3050059996732627e-08
initial_shared,0.001,25,5.887024720201759e-05,3.9993622527412854e-05,5.047585005344831e-05,0.05047585005344831,2.351081501664036e-08
initial_shared,0.001,26,6.002255504303424e-05,4.079960462427143e-05,5.145288151698264e-05,0.051452881516982636,2.4438531076076807e-08
initial_shared,0.001,27,6.120662780125175e-05,4.163263381032374e-05,5.2460978015396455e-05,0.05246097801539645,2.5326295933083034e-08
initial_shared,0.001,28,6.242217251472555e-05,4.249210253328197e-05,5.3499585197052373e-05,0.05349958519705237,2.6385249060977238e-08
initial_shared,0.001,29,6.366901921196034e-05,4.337750981531455e-05,5.456827199530755e-05,0.054568271995307546,2.7483516421049617e-08
initial_shared,0.001,30,6.494710047034498e-05,4.4288451392384334e-05,5.566671430564381e-05,0.05566671430564381,2.8543847835841744e-08
initial_shared,0.001,31,6.625643713913702e-05,4.522460930550005e-05,5.6794681995706286e-05,0.05679468199570629,2.982577703424711e-08
initial_shared,0.001,32,6.759712752760317e-05,4.618574290094864e-05,5.7952028528905804e-05,0.057952028528905804,3.1312063503786675e-08
initial_shared,0.001,33,6.896933827065789e-05,4.717168261470631e-05,5.9138682706138945e-05,0.059138682706138944,3.267022991038514e-08
initial_shared,0.001,34,7.037329559580482e-05,4.818232218087499e-05,6.035464011371975e-05,0.06035464011371975,3.4198903920755095e-08
initial_shared,0.001,35,7.18092811205833e-05,4.921761326087821e-05,6.159995827402551e-05,0.06159995827402551,3.577635026018957e-08
initial_shared,0.001,36,7.327762542841496e-05,5.027756023532864e-05,6.287475055203499e-05,0.06287475055203498,3.759521065322108e-08
initial_shared,0.001,37,7.477870483107497e-05,5.136221612537458e-05,6.417918246189142e-05,0.06417918246189142,3.937335223719024e-08
initial_shared,0.001,38,7.631293686798228e-05,5.2471678271655387e-05,6.551346710516953e-05,0.06551346710516953,4.113732713189914e-08
initial_shared,0.001,39,7.78807777152471e-05,5.360608543785514e-05,6.687786231674553e-05,0.06687786231674553,4.297856485444922e-08
initial_shared,0.001,40,7.94827187652709e-05,5.476561494221835e-05,6.827266729471684e-05,0.06827266729471683,4.508128597324707e-08
initial_shared,0.001,41,8.111928588574662e-05,5.5950479816987064e-05,6.969822081456825e-05,0.06969822081456824,4.7018834852885137e-08
initial_shared,0.001,42,8.279103545566546e-05,5.716092713405118e-05,7.11548979848752e-05,0.07115489798487519,4.922427955942676e-08
initial_shared,0.001,43,8.449855427806255e-05,5.8397236078366325e-05,7.264310916075631e-05,0.07264310916075631,5.137876640951587e-08
initial_shared,0.001,44,8.624245637883886e-05,5.965971574893023e-05,7.416329690188455e-05,0.07416329690188454,5.415636108035241e-08
initial_shared,0.001,45,8.802338432910899e-05,6.094870440414839e-05,7.571593614420538e-05,0.07571593614420538,5.7205393103969706e-08
initial_shared,0.001,46,8.984200621130236e-05,6.22645684476409e-05,7.730153172474888e-05,0.07730153172474888,6.045655457972734e-08
initial_shared,0.001,47,9.169901546483208e-05,6.360770064934222e-05,7.892061726853643e-05,0.07892061726853643,6.370972009778069e-08
initial_shared,0.001,48,9.359512901320111e-05,6.497851961931989e-05,8.057375358878505e-05,0.08057375358878505,6.729852685394901e-08
initial_shared,0.001,49,9.553108786682798e-05,6.637746878699232e-05,8.226152833727854e-05,0.08226152833727854,7.13853134301164e-08
initial_shared,0.001,50,9.750765666214988e-05,6.780501562788696e-05,8.398455514749015e-05,0.08398455514749015,7.583332823730728e-08
initial_shared,0.001,51,9.952562268906533e-05,6.926165151175554e-05,8.574347274263071e-05,0.08574347274263071,8.05151508803009e-08
initial_shared,0.001,52,0.00010158579609422481,7.074789056338155e-05,8.75389443496614e-05,0.0875389443496614,8.519021542799333e-08
initial_shared,0.001,53,0.00010368900897122698,7.226426882865606e-05,8.93716566091342e-05,0.08937165660913421,8.983564340392402e-08
initial_shared,0.001,54,0.00010583611433758723,7.381134435271545e-05,9.124231880440156e-05,0.09124231880440155,9.514147243161446e-08
initial_shared,0.001,55,0.00010802798899194532,7.538969668850933e-05,9.315166413311247e-05,0.09315166413311246,1.0059581720695197e-07
initial_shared,0.001,56,0.0001102655302910405,7.699992602849934e-05,9.510044731346907e-05,0.09510044731346906,1.0666294896706186e-07
initial_shared,0.001,57,0.00011254965992195742,7.864265355589638e-05,9.708944676206878e-05,0.09708944676206878,1.1235613043013662e-07
initial_shared,0.001,58,0.0001148813175502068,8.031852039030592e-05,9.911946034818706e-05,0.09911946034818706,1.1932454037034593e-07
initial_shared,0.001,59,0.00011726146853680731,8.202818777650323e-05,0.00010119130982356432,0.10119130982356432,1.2693366151587706e-07
initial_shared,0.001,60,0.00011969110137473925,8.37723366783537e-05,0.00010330583906394127,0.10330583906394127,1.3395945328163156e-07
initial_shared,0.001,61,0.0001221712234726257,8.55516679250144e-05,0.00010546391158904793,0.10546391158904793,1.4166763237827187e-07
initial_shared,0.001,62,0.00012470286699473848,8.73669014321593e-05,0.00010766641355354179,0.10766641355354178,1.4998757093121765e-07
initial_shared,0.001,63,0.0001272870872930335,8.921877639650297e-05,0.00010991425284156744,0.10991425284156744,1.588237605639527e-07
initial_shared,0.001,64,0.0001299249630265646,9.110805157562517e-05,0.00011220835918760851,0.1122083591876085,1.6798726554847675e-07
initial_shared,0.001,65,0.00013261759518168808,9.303550437703507e-05,0.00011454968318412616,0.11454968318412616,1.782768267205693e-07
initial_shared,0.001,66,0.0001353661112059776,9.500193160722956e-05,0.00011693919893333214,0.11693919893333214,1.887720333251564e-07
initial_shared,0.001,67,0.00013817166014925972,9.700814943120903e-05,0.00011937790117435059,0.11937790117435058,2.0036967274381302e-07
initial_shared,0.001,68,0.0001410354185908457,9.905499322482158e-05,0.00012186680862089312,0.12186680862089312,2.122623808694613e-07
initial_shared,0.001,69,0.00014395858630594988,0.00010114331739247189,0.0001244069613458903,0.12440696134589029,2.2487918459559065e-07
initial_shared,0.001,70,0.00014694238826282803,0.00010327399615549273,0.00012699942223258693,0.12699942223258692,2.3874109976489245e-07
initial_shared,0.001,71,0.00014998807652632698,0.00010544792291540581,0.0001296452777928218,0.12964527779282178,2.539974350498775e-07
initial_shared,0.001,72,0.00015309693064452282,0.00010766601068000032,0.00013234563854498758,0.13234563854498757,2.7008250215639634e-07
initial_shared,0.001,73,0.0001562702557720283,0.00010992919301261924,0.00013510163829576677,0.13510163829576677,2.8717972063112425e-07
initial_shared,0.001,74,0.0001595093845904018,0.00011223842331552401,0.00013791443494534376,0.13791443494534375,3.0551878791399206e-07
initial_shared,0.001,75,0.0001628156782462007,0.00011459467516685491,0.00014078521115365618,0.14078521115365616,3.249674612296126e-07
initial_shared,0.001,76,0.0001661905260869869,0.00011699894315826288,0.00014371517451774554,0.14371517451774554,3.458910070585408e-07
initial_shared,0.001,77,0.00016963534738171601,0.00011945224273003568,0.0001467055584893164,0.1467055584893164,3.6787415033150264e-07
initial_shared,0.001,78,0.0001731515903273268,0.0001219556111295256,0.00014975762218234876,0.14975762218234875,3.910516868848941e-07
initial_shared,0.001,79,0.0001767407335644664,0.0001245101058143612,0.00015287265059185054,0.15287265059185054,4.1549646609575377e-07
initial_shared,0.001,80,0.00018040428483607525,0.00012711680775029363,0.00015605195515414383,0.15605195515414383,4.4239800336462127e-07
initial_shared,0.001,81,0.00018414378698562646,0.00012977681933065853,0.00015929687636279702,0.15929687636279702,4.705699600855726e-07
initial_shared,0.001,82,0.00018796081174712867,0.0001324912660823525,0.00016260878086812235,0.16260878086812233,5.009476523999452e-07
initial_shared,0.001,83,0.00019185696508145005,0.0001352612968919832,0.00016598906464943642,0.1659890646494364,5.333968633618036e-07
initial_shared,0.001,84,0.00019583388817477878,0.0001380880826309418,0.00016943915302890619,0.1694391530289062,5.671029882451965e-07
initial_shared,0.001,85,0.00019989325086263118,0.00014097282007794287,0.0001729604984650235,0.17296049846502348,6.041631982101292e-07
initial_shared,0.001,86,0.00020403676532608673,0.00014391672983141385,0.00017655458761510552,0.1765545876151055,6.42152250445076e-07
initial_shared,0.001,87,0.00020826617153459244,0.00014692105717389046,0.00018022293327268384,0.18022293327268382,6.832757275553177e-07
initial_shared,0.001,88,0.00021258325011570855,0.00014998707324059452,0.0001839670822780103,0.18396708227801029,7.272316980231584e-07
initial_shared,0.001,89,0.0002169898185293755,0.0001531160746082943,0.00018778861313831734,0.18778861313831732,7.738317738032537e-07
initial_shared,0.001,90,0.00022148773082090274,0.00015630938486063868,0.00019168913652146898,0.19168913652146896,8.232815571580012e-07
initial_shared,0.001,91,0.00022607887952134378,0.00015956835427900933,0.00019567029622626027,0.19567029622626025,8.760364837034852e-07
initial_shared,0.001,92,0.0002307651966381288,0.00016289436029461808,0.00019973376993798585,0.19973376993798583,9.325109816603287e-07
initial_shared,0.001,93,0.00023554865669131808,0.00016628880945688325,0.00020388127178362967,0.20388127178362966,9.912835470962999e-07
initial_shared,0.001,94,0.00024043126871049964,0.00016975313587409214,0.00020811454707204413,0.20811454707204413,1.0553864411650468e-06
initial_shared,0.001,95,0.0002454150913691181,0.00017328880315553357,0.00021243538182757023,0.21243538182757024,1.1226053696611926e-06
initial_shared,0.001,96,0.0002505022225016219,0.00017689730526935225,0.00021684559708343756,0.21684559708343756,1.1929986564525088e-06
initial_shared,0.001,97,0.0002556948008955226,0.00018058016686703048,0.0002213470500488571,0.22134705004885707,1.268165034182124e-06
initial_shared,0.001,98,0.00026099501141415985,0.0001843389428010803,0.00022594163687070348,0.22594163687070348,1.3488514111939254e-06
initial_shared,0.001,99,0.0002664050855213351,0.00018817522016878593,0.00023063129376943607,0.23063129376943606,1.4349068481350425e-06
initial_shared,0.001,100,0.0002719273010347712,0.00019209061900528815,0.0002354179971790873,0.2354179971790873,1.526078530010545e-06
initial_shared,0.001,101,0.00027756398099720376,0.0001960867916883278,0.00024030376285166192,0.2403037628516619,1.6236691355969494e-06
initial_shared,0.001,102,0.0002833174977625205,0.00020016542529333024,0.00024529064917789824,0.24529064917789822,1.7275658643380566e-06
initial_shared,0.001,103,0.00028919027342043147,0.00020432824061468626,0.00025038075703270933,0.25038075703270934,1.8380086739168996e-06
initial_shared,0.001,104,0.00029518478011134324,0.00020857699359460598,0.00025557623053958686,0.25557623053958684,1.9551509484014854e-06
initial_shared,0.001,105,0.00030130353898734976,0.00021291347665510285,0.00026087925701399027,0.2608792570139903,2.0807058333668014e-06
initial_shared,0.001,106,0.00030754912653521547,0.0002173395192715855,0.0002662920708483917,0.26629207084839174,2.214119719490251e-06
initial_shared,0.001,107,0.00031392417152633284,0.0002218569878667091,0.00027181695170757947,0.27181695170757947,2.3559455519755434e-06
initial_shared,0.001,108,0.00032043135589600004,0.0002264677882958557,0.0002774562260504318,0.2774562260504318,2.506885705278171e-06
initial_shared,0.001,109,0.0003270734215168225,0.00023117386373485788,0.00028321227017909424,0.2832122701790942,2.665666713726627e-06
initial_shared,0.001,110,0.00033385315962745687,0.00023597719797939718,0.0002890875054808536,0.2890875054808536,2.8359733740656593e-06
initial_shared,0.001,111,0.0003407734276407248,0.00024087981630002816,0.0002950844084829094,0.2950844084829094,3.01524177870085e-06
initial_shared,0.001,112,0.000347837134725667,0.00024588378513559344,0.0003012055024013961,0.3012055024013961,3.206555300300583e-06
initial_shared,0.001,113,0.00035504725400109494,0.00025099121354355474,0.0003074533647744174,0.30745336477441737,3.4100729470362682e-06
initial_shared,0.001,114,0.00036240681921763314,0.0002562042538487992,0.0003138306258106295,0.31383062581062954,3.627066416589703e-06
initial_shared,0.001,115,0.0003699189294364776,0.00026152510219005793,0.000320339971313858,0.320339971313858,3.857290078987103e-06
initial_shared,0.001,116,0.00037758674457263777,0.0002669560013206499,0.000326984141252823,0.326984141252823,4.102261544634443e-06
initial_shared,0.001,117,0.0003854134924471999,0.00027249923887189784,0.0003337659331242062,0.33376593312420616,4.3623808380790994e-06
initial_shared,0.001,118,0.0003934024656278959,0.0002781571507212211,0.0003406882015030483,0.3406882015030483,4.639041476559128e-06
initial_shared,0.001,119,0.00040155702296393813,0.0002839321191474536,0.0003477538581761975,0.3477538581761975,4.9356392558008896e-06
initial_shared,0.001,120,0.0004098806019524983,0.00028982657625537873,0.00035496588067988064,0.3549658806798806,5.2495058987663805e-06
initial_shared,0.001,121,0.00041837670096101214,0.0002958430057773455,0.0003623273027710205,0.3623273027710205,5.584203799319883e-06
initial_shared,0.001,122,0.0004270488983357119,0.0003019839414300224,0.0003698412247890501,0.36984122478905007,5.939119127032779e-06
initial_shared,0.001,123,0.0004359008435879475,0.00030825196971573767,0.0003775108097105451,0.37751080971054507,6.314922374957282e-06
initial_shared,0.001,124,0.00044493625477373883,0.00031464972898566693,0.00038533928125415186,0.38533928125415184,6.718084786514863e-06
initial_shared,0.001,125,0.00045415893696467655,0.0003211799137659473,0.00039332993631055745,0.39332993631055746,7.147646804728687e-06
initial_shared,0.001,126,0.0004635727737986475,0.0003278452740640868,0.00040148613978128567,0.40148613978128567,7.603021534661471e-06
initial_shared,0.001,127,0.0004731817258411085,0.00033464861491786364,0.00040981132344828985,0.40981132344828985,8.086730767263342e-06
initial_shared,0.001,128,0.00048298983424163673,0.0003415928015760639,0.0004183089902002858,0.4183089902002858,8.601375815959535e-06
initial_shared,0.001,129,0.000493001227115039,0.0003486807583901469,0.0004269827172641984,0.4269827172641984,9.147959883552325e-06
initial_shared,0.001,130,0.0005032201144827529,0.0003559154682279502,0.0004358361530451815,0.4358361530451815,9.730275542298601e-06
initial_shared,0.001,131,0.0005136507953031788,0.00036329997666736453,0.00044487302289767603,0.444873022897676,1.0350204013668005e-05
initial_shared,0.001,132,0.000524297660045185,0.00037083739276150095,0.0004540971309235907,0.45409713092359066,1.1008563623763398e-05
initial_shared,0.001,133,0.000535165188216167,0.0003785308884935149,0.0004635123583224922,0.46351235832249216,1.1708174255297797e-05
initial_shared,0.001,134,0.000546257950321716,0.00038638370309449296,0.00047312266628597634,0.4731226662859763,1.2452049298061539e-05
initial_shared,0.001,135,0.000557580612493018,0.0003943991402518617,0.00048293209752927095,0.4829320975292709,1.3243453611332229e-05
initial_shared,0.001,136,0.0005691379355825427,0.00040258057487779466,0.0004929447785328924,0.49294477853289237,1.4086891545402037e-05
initial_shared,0.001,137,0.0005809347864741613,0.0004109314495494725,0.000503164924618223,0.5031649246182229,1.4981756284421548e-05
initial_shared,0.001,138,0.000592976122260893,0.00041945527909314367,0.0005135968326853731,0.513596832685373,1.5934940906065077e-05
initial_shared,0.001,139,0.0006052670042084081,0.0004281556494412098,0.0005242448888074754,0.5242448888074754,1.69529637237992e-05
initial_shared,0.001,140,0.0006178126127565466,0.0004370362230263665,0.0005351135790933032,0.5351135790933031,1.8031644218205234e-05
initial_shared,0.001,141,0.0006306182206231812,0.0004461007351743749,0.0005462074726877019,0.5462074726877019,1.9178227513350395e-05
initial_shared,0.001,142,0.0006436892116795944,0.0004553530000822907,0.0005575312351092773,0.5575312351092773,2.0398292245454402e-05
initial_shared,0.001,143,0.0006570310814170725,0.0004647969122095093,0.0005690896290875878,0.5690896290875879,2.1697262088122586e-05
initial_shared,0.001,144,0.0006706494440705705,0.00047443644481978084,0.0005808875180802239,0.5808875180802239,2.3078115950938343e-05
initial_shared,0.001,145,0.0006845500283913678,0.00048427565320792367,0.0005929298651500409,0.5929298651500409,2.454470364540578e-05
initial_shared,0.001,146,0.0006987386756539084,0.0004943186751504637,0.0006052217319985148,0.6052217319985148,2.6105645058706816e-05
initial_shared,0.001,147,0.0007132213533804096,0.0005045697396465267,0.0006177682904582074,0.6177682904582074,2.7764784469807368e-05
initial_shared,0.001,148,0.0007280041516383932,0.0005150331559700535,0.0006305748158845697,0.6305748158845697,2.9529704081855784e-05
initial_shared,0.001,149,0.0007430932805708917,0.0005257133260693761,0.0006436466907938523,0.6436466907938523,3.1409616096356214e-05
initial_shared,0.001,150,0.0007584950931371539,0.0005366147424367822,0.0006569894171204126,0.6569894171204126,3.3406203310578325e-05
initial_shared,0.001,151,0.0007742160595488943,0.0005477419923399685,0.000670608603187903,0.6706086031879029,3.552958578896527e-05
initial_shared,0.001,152,0.0007902627911481122,0.0005590997544819879,0.0006845099761288636,0.6845099761288637,3.7786607761396406e-05
initial_shared,0.001,153,0.0008066420315889204,0.000570692804389123,0.0006986993789946304,0.6986993789946304,4.0187128245768944e-05
initial_shared,0.001,154,0.0008233606657242309,0.0005825260207074211,0.0007131827784567271,0.7131827784567271,4.2739451594911895e-05
initial_shared,0.001,155,0.0008404257164577882,0.0005946043787454122,0.0007279662603526016,0.7279662603526016,4.545625472770382e-05
initial_shared,0.001,156,0.0008578443646667809,0.0006069329585674575,0.0007430560444910806,0.7430560444910805,4.834233408280578e-05
initial_shared,0.001,157,0.0008756239246555379,0.0006195169430932932,0.0007584584697070267,0.7584584697070267,5.1412465598554396e-05
initial_shared,0.001,158,0.000893771866867048,0.0006323616233187822,0.0007741800091035911,0.7741800091035911,5.467877089136789e-05
initial_shared,0.001,159,0.0009122958217416347,0.0006454724018391073,0.0007902272737185367,0.7902272737185366,5.815009577984194e-05
initial_shared,0.001,160,0.0009312035723861036,0.0006588547905693866,0.0008066070073614747,0.8066070073614747,6.184034732538902e-05
initial_shared,0.001,161,0.0009505030538417726,0.0006725144151766703,0.0008233260880016634,0.8233260880016634,6.576917890084775e-05
initial_shared,0.001,162,0.0009702023787089177,0.0006864570180044622,0.0008403915437535683,0.8403915437535683,6.99478831187386e-05
initial_shared,0.001,163,0.0009903098228028235,0.0007006884593510615,0.0008578105451192025,0.8578105451192024,7.439123679556169e-05
initial_shared,0.001,164,0.0010108338350879667,0.0007152147240048144,0.0008755904133915208,0.8755904133915208,7.911342136019808e-05
initial_shared,0.001,165,0.001031783028347157,0.0007300419187867234,0.0008937386142647827,0.8937386142647827,8.413693890338879e-05
initial_shared,0.001,166,0.0010531661963975954,0.0007451762714219623,0.0009122627673112674,0.9122627673112674,8.948368694821839e-05
initial_shared,0.001,167,0.0010749923275797965,0.0007606241436138012,0.0009311706591069704,0.9311706591069704,9.516746638016655e-05
initial_shared,0.001,168,0.0010972705845060304,0.0007763920263256047,0.0009504702296152249,0.9504702296152249,0.00010121102458864467
initial_shared,0.001,169,0.0011200103211249446,0.0007924865460637426,0.0009701695846026041,0.970169584602604,0.00010763584403495224
initial_shared,0.001,170,0.0011432210726667412,0.0008089144668423074,0.00099027699063769,0.9902769906376899,0.00011447167597159891
initial_shared,0.001,171,0.0011669125953008902,0.0008256826870316646,0.0010108008966951921,1.010800896695192,0.00012173637022715801
initial_shared,0.001,172,0.0011910948145688804,0.0008427982544064356,0.0010317499105363917,1.0317499105363916,0.00012946715544585955
initial_shared,0.001,173,0.0012157778813726848,0.000860268354508003,0.0010531328262735518,1.0531328262735518,0.00013769191154682018
initial_shared,0.001,174,0.0012409721583037552,0.0008781003289054519,0.0010749586239372643,1.0749586239372642,0.00014643564862680506
initial_shared,0.001,175,0.0012666882135682412,0.000896301665759953,0.0010972364621159544,1.0972364621159543,0.000155732256348737
initial_shared,0.001,176,0.0012929368298532592,0.0009148800078799391,0.0011199756863637927,1.1199756863637926,0.00016561937271570768
initial_shared,0.001,177,0.001319729018460258,0.0009338431560669955,0.0011431858387253534,1.1431858387253533,0.00017613112263544276
initial_shared,0.001,178,0.0013470760073195846,0.0009531990748404149,0.0011668766531556431,1.1668766531556432,0.00018731011745785388
initial_shared,0.001,179,0.0013749892558965803,0.0009729558865411946,0.0011910580617156346,1.1910580617156346,0.00019920424605340093
initial_shared,0.001,180,0.0014034804792623081,0.0009931218868814455,0.0012157402148176223,1.2157402148176224,0.00021184705887156808
initial_shared,0.001,181,0.0014325616089183506,0.0010137055398797114,0.0012409334565436944,1.2409334565436945,0.00022529111973295721
initial_shared,0.001,182,0.0014622448172322516,0.0010347154788330289,0.0012666483391481015,1.2666483391481016,0.00023959635833426646
initial_shared,0.001,183,0.001492542550746923,0.001056160527172318,0.0012928956508010628,1.2928956508010627,0.00025480728691896
initial_shared,0.001,184,0.0015234675009764113,0.0010780496728884338,0.0013196863882866936,1.3196863882866936,0.00027098271569564545
initial_shared,0.001,185,0.0015550326101844596,0.0011003921025860002,0.0013470317742477998,1.3470317742477997,0.0002881875907165796
initial_shared,0.001,186,0.00158725110387599,0.0011231971894635256,0.0013749432710302581,1.374943271030258,0.00030647791205761285
initial_shared,0.001,187,0.0016201364531437548,0.0011464744947356066,0.0014034325595306551,1.4034325595306552,0.00032593250747307834
initial_shared,0.001,188,0.0016537024298718375,0.0011702337806535985,0.001432511576378483,1.4325115763784828,0.0003466165176928633
initial_shared,0.001,189,0.001687963057186304,0.0011944850047865428,0.001462192482999628,1.462192482999628,0.00036862182078723497
initial_shared,0.001,190,0.0017229326846442616,0.001219238330369345,0.0014924877132426592,1.492487713242659,0.0003920182748258198
initial_shared,0.001,191,0.0017586259235635483,0.0012445041308978258,0.0015234099379278622,1.5234099379278623,0.00041690022934287027
initial_shared,0.001,192,0.0017950576953263615,0.0012702929964736158,0.0015549720953198154,1.5549720953198154,0.00044335909631128154
initial_shared,0.001,193,0.00183224323153905,0.0012966157303672676,0.0015871873898163147,1.5871873898163147,0.0004714900937639837
initial_shared,0.001,194,0.0018701980576238475,0.00132348335522791,0.001620069285013496,1.620069285013496,0.0005014049950090218
initial_shared,0.001,195,0.001908938017532824,0.0013509071223654528,0.0016536315217618258,1.6536315217618258,0.0005332207543705233
initial_shared,0.001,196,0.0019484792834444094,0.0013788985119677051,0.0016878881238527686,1.6878881238527685,0.0005670574825027518
initial_shared,0.001,197,0.0019888383648306186,0.0014074692390521333,0.0017228534056818268,1.7228534056818268,0.0006030375236582792
initial_shared,0.001,198,0.002030032108726429,0.0014366312565953368,0.0017585419736831599,1.7585419736831598,0.0006412908331934211
initial_shared,0.001,199,0.0020720776675891743,0.0014663967695240838,0.0017949687134947083,1.7949687134947083,0.0006819772751935661
initial_shared,0.001,200,0.0021149925812459437,0.0014967782290582854,0.001832148834944855,1.832148834944855,0.0007252400277764265
initial_shared,0.001,201,0.002158794738599765,0.0015277883312478345,0.0018700978493520833,1.8700978493520832,0.0007712409938999294
initial_shared,0.001,202,0.002203502346603024,0.0015594400359834806,0.0019088315593836442,1.908831559383644,0.0008201764675300422
initial_shared,0.001,203,0.002249134049430504,0.0015917465731765997,0.0019483661303638128,1.948366130363813,0.0008722085269900786
initial_shared,0.001,204,0.002295708841721287,0.0016247214471268893,0.001988718041983487,1.988718041983487,0.0009275272177619574
initial_shared,0.001,205,0.002343246058372938,0.0016583784173883202,0.0020299040745941953,2.0299040745941954,0.00098636799087045
initial_shared,0.001,206,0.002391765495286825,0.0016927315382246995,0.002071941395014657,2.0719413950146572,0.001048927913713922
initial_shared,0.001,207,0.0024412872854499817,0.0017277951430908437,0.0021148474786718495,2.1148474786718494,0.0011154621304306212
initial_shared,0.001,208,0.0024918319997636854,0.0017635838607010066,0.0021586401743586186,2.1586401743586183,0.0011862144618889057
initial_shared,0.001,209,0.0025434206270164134,0.0018001126171375147,0.00220333769353754,2.2033376935375397,0.0012614452019674887
initial_shared,0.001,210,0.0025960745522192025,0.0018373966424771872,0.0022489586005434116,2.2489586005434115,0.001341443974308863
initial_shared,0.001,211,0.0026498156168944286,0.0018754514698930472,0.00229552184701105,2.2955218470110497,0.0014265018358722513
initial_shared,0.001,212,0.002704666052944792,0.0019142929478400455,0.002343046738690297,2.343046738690297,0.0015169598858326152
initial_shared,0.001,213,0.002760648601520744,0.0019539372463559233,0.002391553006618957,2.391553006618957,0.0016131336076937294
initial_shared,0.001,214,0.002817786393496064,0.0019944008688939155,0.0024410607429774206,2.4410607429774207,0.0017154015029628646
initial_shared,0.001,215,0.0028761030305399777,0.0020357006409851834,0.002491590443249906,2.491590443249906,0.0018241613363348468
initial_shared,0.001,216,0.002935622613017942,0.0020778537261308795,0.0025431630288135247,2.5431630288135247,0.0019398155952849478
initial_shared,0.001,217,0.0029963697153422906,0.002120877644791226,0.0025957998404733153,2.5957998404733154,0.002062791428733426
initial_shared,0.001,218,0.0030583693934251206,0.002164790259875097,0.0026495226368395716,2.6495226368395715,0.002193548365781072
initial_shared,0.001,219,0.003121647177852488,0.0022096098019571348,0.0027043536006861077,2.7043536006861078,0.0023325845252355347
initial_shared,0.001,220,0.0031862290943418387,0.0022553548515391385,0.0027603153435114343,2.7603153435114343,0.0024804431122238497
initial_shared,0.001,221,0.003252141725379347,0.002302044375636776,0.0028174309560594674,2.8174309560594675,0.0026376611474899776
initial_shared,0.001,222,0.0033194121701254397,0.0023496977189212103,0.0028757239815659667,2.8757239815659665,0.002804816925454693
initial_shared,0.001,223,0.003388068025753039,0.002398334602005241,0.0029352184042805303,2.9352184042805303,0.002982549586402463
initial_shared,0.001,224,0.0034581374383000785,0.002447975153597133,0.0029959386919595947,2.9959386919595947,0.0031715230018696753
initial_shared,0.001,225,0.0035296491074157392,0.0024986398896900508,0.0030579097900990115,3.0579097900990115,0.0033724496264867024
initial_shared,0.001,226,0.0036026322637914953,0.0025503497378113614,0.0031211571188196094,3.1211571188196094,0.0035860980406694615
initial_shared,0.001,227,0.003677116737544019,0.0026031260415797864,0.003185706614196654,3.185706614196654,0.003813261535462061
initial_shared,0.001,228,0.003753132885107456,0.0026569905721187596,0.0032515846907304824,3.2515846907304824,0.004054814076501333
initial_shared,0.001,229,0.0038307117595565306,0.002711965515450337,0.0033188183344892317,3.3188183344892317,0.004311617856099134
initial_shared,0.001,230,0.003909884902665671,0.002768073510877611,0.003387434998793824,3.387434998793824,0.0045846506969289755
initial_shared,0.001,231,0.0039906844393286295,0.002825337630619735,0.00345746265038888,3.45746265038888,0.004874972326279086
initial_shared,0.001,232,0.004073143254754289,0.002883781409499085,0.003528929883820469,3.528929883820469,0.005183605334802416
initial_shared,0.001,233,0.004157294655913959,0.002943428826459531,0.0036018657185341277,3.6018657185341274,0.005511774357571483
initial_shared,0.001,234,0.004243172718930154,0.0030043043519214206,0.0036762998186772723,3.6762998186772724,0.0058606804576674144
initial_shared,0.001,235,0.004330812144504158,0.003066432901726553,0.00375226239086396,3.75226239086396,0.006231622063034415
initial_shared,0.001,236,0.004420248270754507,0.0031298399241507973,0.0038297842271305246,3.8297842271305247,0.00662597151251349
initial_shared,0.001,237,0.004511517061874813,0.003194551315575396,0.00390889666395769,3.90889666395769,0.007045221058427666
initial_shared,0.001,238,0.004604655199633213,0.0032605934822374184,0.003989631660276775,3.9896316602767747,0.007490925100089236
initial_shared,0.001,239,0.004699699924885158,0.003327993343118746,0.004072021707220711,4.072021707220711,0.007964805776537123
initial_shared,0.001,240,0.004796689357456398,0.003396778333017182,0.004156100013957199,4.156100013957199,0.008468565179356825
initial_shared,0.001,241,0.004895662171925685,0.0034669764140804,0.004241900325325045,4.241900325325045,0.009004102715987016
initial_shared,0.001,242,0.004996657801080097,0.003538616075635946,0.00432945703916901,4.32945703916901,0.009573409736524648
initial_shared,0.001,243,0.0050997163915382435,0.003611726351577885,0.004418805187842044,4.418805187842043,0.010178590815845835
initial_shared,0.001,244,0.0052048787323040495,0.0036863368302471576,0.004509980401024231,4.509980401024231,0.010821933547224289
initial_shared,0.001,245,0.005312186403091838,0.003762477637197819,0.004603018984261789,4.603018984261789,0.011505833569213576
initial_shared,0.001,246,0.005421681741918375,0.003840179487626239,0.004697957921717993,4.697957921717992,0.012232810745095028
initial_shared,0.001,247,0.005533407794169333,0.003919473655656395,0.004794834834224002,4.794834834224002,0.013005569484559366
initial_shared,0.001,248,0.0056474083806645385,0.004000391997316482,0.004893688027955771,4.89368802795577,0.013826969699741986
initial_shared,0.001,249,0.00576372809053383,0.004082966960501142,0.004994556494401171,4.994556494401171,0.014700045494701074
initial_shared,0.001,250,0.0058824122345134495,0.00416723158024485,0.005097479881494846,5.097479881494846,0.015628035202084653
initial_shared,0.001,251,0.006003506952166139,0.00425321952409724,0.00520249857401441,5.20249857401441,0.016614345422220515
initial_shared,0.001,252,0.006127059011507765,0.004340965035073961,0.005309653554721454,5.309653554721454,0.01766269850453849
initial_shared,0.001,253,0.0062531161588379285,0.004430503010213306,0.00541898663825437,5.41898663825437,0.01877690134150474
initial_shared,0.001,254,0.006381726776197067,0.00452186892712956,0.005530540243529933,5.5305402435299325,0.0199611150372766
initial_shared,0.001,255,0.006512940137374744,0.004615098948761552,0.005644357584260861,5.644357584260861,0.02121967076273113
initial_shared,0.001,256,0.0066468062988939034,0.004710229852669402,0.0057604825771958995,5.7604825771959,0.022557185911946415
initial_shared,1.0,0,0.4037593577607303,0.017776958046549496,0.2857775701631832,0.2857775701631832,0.08945845339722035
initial_shared,1.0,1,0.17872498098710357,0.022680593317862142,0.12739145069351068,0.12739145069351068,0.04017553138416431
initial_shared,1.0,2,0.10521968573713075,0.024073967049927453,0.07632814439716674,0.07632814439716674,0.024275772487356767
initial_shared,1.0,3,0.0729945394810385,0.024396103281316833,0.05444295942189955,0.05444295942189955,0.017524168480680016
initial_shared,1.0,4,0.05621313486337279,0.024380650919140993,0.043393702700875704,0.043393702700875704,0.01418901480961272
initial_shared,1.0,5,0.04673148879485048,0.024272346784568646,0.03737924716681905,0.03737924716681905,0.012440863766552158
initial_shared,1.0,6,0.041196582126423145,0.02415968210294526,0.03400306738527994,0.03400306738527994,0.011523650471363047
initial_shared,1.0,7,0.037953095754120474,0.024076103961824153,0.03209451135497347,0.03209451135497347,0.01106973574244451
initial_shared,1.0,8,0.03608394016644706,0.0240338454413073,0.031028471660621743,0.031028471660621743,0.010883861146338089
initial_shared,1.0,9,0.03505134180152545,0.024036327644555436,0.030457965265523707,0.030457965265523707,0.010858240462231876
initial_shared,1.0,10,0.03453442517126523,0.02408314159197176,0.03018742061334174,0.03018742061334174,0.010932502810394089
initial_shared,1.0,11,0.034341030823024726,0.024172217897174005,0.0301055984822819,0.0301055984822819,0.01107258671845928
initial_shared,1.0,12,0.034355389169120086,0.0243008293852683,0.030148452600123266,0.030148452600123266,0.011259098854143265
initial_shared,1.0,13,0.03450697299612531,0.02446606923050335,0.03027836194951037,0.03027836194951037,0.011480832391245043
initial_shared,1.0,14,0.03475226532894052,0.024665079628752796,0.030472559975681754,0.030472559975681754,0.011731171527775532
initial_shared,1.0,15,0.035064054548507036,0.02489515711176568,0.030716720261035082,0.030716720261035082,0.012006107145347817
initial_shared,1.0,16,0.03542503980900844,0.025153796192422938,0.031001403899364385,0.031001403899364385,0.012303142086677672
initial_shared,1.0,17,0.035823968215841814,0.025438701835532027,0.03132007942894228,0.03132007942894228,0.012620684599486214
initial_shared,1.0,18,0.036253305485295546,0.025747786445401218,0.031668006522661045,0.031668006522661045,0.012957705732372576
initial_shared,1.0,19,0.03670783350500508,0.026079159348657465,0.03204159262788347,0.03204159262788347,0.013313542698951648
initial_shared,1.0,20,0.03718380530553234,0.026431112684654225,0.032438012566697476,0.032438012566697476,0.013687782206780292
initial_shared,1.0,21,0.03767842938712833,0.0268021061113271,0.03285497505441347,0.03285497505441347,0.014080190125146844
initial_shared,1.0,22,0.038189553998746295,0.02719075145093982,0.03329057636423513,0.03329057636423513,0.014490665159729629
initial_shared,1.0,23,0.03871546646112055,0.02759579806715058,0.03374320289060672,0.03374320289060672,0.01491920961179078
initial_shared,1.0,24,0.03925476527526518,0.028016118222314357,0.034211464962606734,0.034211464962606734,0.015365908999027133
initial_shared,1.0,25,0.03980627531554963,0.02845069444244382,0.03469414994633707,0.03469414994633707,0.01583091783589346
initial_shared,1.0,26,0.04036899222156638,0.028898607371281262,0.03519018868703242,0.03519018868703242,0.016314448577959648
initial_shared,1.0,27,0.040942042384517076,0.02935902423787324,0.03569862915432193,0.03569862915432193,0.016816764516378042
initial_shared,1.0,28,0.04152465584680728,0.029831189460546643,0.03621861731922408,0.03621861731922408,0.017338173279437177
initial_shared,1.0,29,0.04211614627562263,0.03031441519612532,0.03674938157025628,0.03674938157025628,0.017879022361835122
initial_shared,1.0,30,0.04271589588525008,0.03080807346887382,0.03729022043199692,0.03729022043199692,0.018439695445509156
initial_shared,1.0,31,0.04332334366477841,0.03131158877764131,0.03784049233469227,0.03784049233469227,0.01902060975360749
initial_shared,1.0,32,0.04393797719227317,0.03182443193578022,0.03839960800703536,0.03839960800703536,0.019622213126875825
initial_shared,1.0,33,0.04455932451489387,0.03234611438938299,0.038967023179920755,0.038967023179920755,0.02024498271571888
initial_shared,1.0,34,0.0451869487601458,0.03287618328647294,0.039542233231411546,0.039542233231411546,0.020889423038503344
initial_shared,1.0,35,0.0458204426504234,0.03341421731261056,0.04012476813471505,0.04012476813471505,0.021556065015746154
initial_shared,1.0,36,0.04645942548177327,0.03395982262106018,0.04071418891842067,0.04071418891842067,0.022245464307106916
initial_shared,1.0,37,0.04710353784849521,0.03451263005196396,0.04131008336963539,0.04131008336963539,0.02295820125901263
initial_shared,1.0,38,0.047752439760448115,0.035072291715426786,0.041912063432321914,0.041912063432321914,0.02369487968203597
initial_shared,1.0,39,0.04840580737889642,0.03563847890069966,0.04251976234337946,0.04251976234337946,0.024456126447246748
initial_shared,1.0,40,0.049063331236172104,0.036210880058108276,0.04313283264361334,0.04313283264361334,0.02524259059543492
initial_shared,1.0,41,0.04972471366736988,0.03678919848515621,0.043750943593079475,0.043750943593079475,0.02605494337750989
initial_shared,1.0,42,0.05038966725760153,0.03737315129001215,0.04437377967428373,0.04437377967428373,0.02689387756037397
initial_shared,1.0,43,0.051057913068950925,0.03796246751436751,0.04500103860700317,0.04500103860700317,0.02776010741130738
initial_shared,1.0,44,0.051729179555449825,0.03855688691024243,0.04563243001164314,0.04563243001164314,0.028654368238866752
initial_shared,1.0,45,0.05240320131792304,0.039156159168688524,0.046267674164199316,0.046267674164199316,0.02957741614161663
initial_shared,1.0,46,0.05307971723105021,0.03976004265344183,0.04690650017308878,0.04690650017308878,0.03053002844601358
initial_shared,1.0,47,0.05375847097934283,0.04036830352092739,0.04754864568352439,0.04754864568352439,0.03151300260030883
initial_shared,1.0,48,0.0544392098480746,0.04098071529504776,0.04819385580605343,0.04819385580605343,0.032527156301257604
initial_shared,1.0,49,0.055121683313424756,0.04159705732188291,0.04884188142794611,0.04884188142794611,0.033573328109511004
initial_shared,1.0,50,0.055805643235826576,0.042217115100966596,0.04949247926960418,0.04949247926960418,0.03465237651783597
initial_shared,1.0,51,0.05649084344596919,0.04284067871972379,0.05014541079415935,0.05014541079415935,0.03576518031727285
initial_shared,1.0,52,0.057177038343742714,0.04346754322761258,0.05080044138514357,0.05080044138514357,0.036912638735807426
initial_shared,1.0,53,0.057863984298937826,0.044097507381835196,0.051457340442679925,0.051457340442679925,0.038095670655078004
initial_shared,1.0,54,0.058551438188624495,0.044730373303781004,0.05211588024916247,0.05211588024916247,0.03931521535892027
initial_shared,1.0,55,0.05923915727825879,0.04536594623520292,0.05277583567887544,0.05277583567887544,0.04057223232035942
initial_shared,1.0,56,0.059926900221810936,0.04600403385648859,0.05343698431340242,0.05343698431340242,0.04186770073555472
initial_shared,1.0,57,0.06061442554764165,0.04664444623101429,0.05409910548269664,0.05409910548269664,0.04320262025699371
initial_shared,1.0,58,0.0613014924599505,0.04728699514301491,0.054761980328750154,0.054761980328750154,0.04457801061225239
initial_shared,1.0,59,0.06198786072295409,0.047931493947642866,0.05542539157032029,0.05542539157032029,0.04599491167702538
initial_shared,1.0,60,0.06267329021963042,0.04857775719336007,0.0560891230368731,0.0560891230368731,0.04745438387648962
initial_shared,1.0,61,0.0633575426899788,0.049225600305624645,0.0567529604239567,0.0567529604239567,0.04895750723597892
initial_shared,1.0,62,0.0640403801707234,0.04987483962806851,0.05741669039408155,0.05741669039408155,0.050505382416840695
initial_shared,1.0,63,0.06472156604162163,0.050525292043320444,0.058080100931579594,0.058080100931579594,0.05209913026182959
initial_shared,1.0,64,0.0654008646788542,0.05117677485375963,0.05874298105280402,0.05874298105280402,0.053739892156626105
initial_shared,1.0,65,0.06607804168788357,0.05182910533645005,0.05940512072840838,0.05940512072840838,0.05542883025320427
initial_shared,1.0,66,0.06675286536392838,0.052482101360711714,0.06006631189681115,0.06006631189681115,0.05716712656161936
initial_shared,1.0,67,0.06742510508760902,0.053135580910171135,0.060726347376329634,0.060726347376329634,0.05895598419088408
initial_shared,1.0,68,0.06809453288515988,0.05378936181116702,0.06138502153711106,0.06138502153711106,0.06079662688074962
initial_shared,1.0,69,0.06876092380472792,0.05444326197894602,0.06204213064453752,0.06204213064453752,0.0626902988620628
initial_shared,1.0,70,0.06942405554843835,0.055097099526787444,0.0626974726545129,0.0626974726545129,0.0646382653495727
initial_shared,1.0,71,0.070083709474101,0.055750692532197645,0.06335084764448394,0.06335084764448394,0.06664181236731254
initial_shared,1.0,72,0.07073966898470073,0.05640385959998613,0.06400205717713044,0.06400205717713044,0.0687022478182468
initial_shared,1.0,73,0.07139172316180456,0.057056419075636404,0.06465090592707147,0.06465090592707147,0.07082089994359854
initial_shared,1.0,74,0.07203966467750726,0.05770819007338429,0.06529720099011273,0.06529720099011273,0.07299911854384264
initial_shared,1.0,75,0.07268329087721952,0.058358992018444154,0.06594075223126944,0.06594075223126944,0.07523827498436986
initial_shared,1.0,76,0.07332240407798885,0.05900864515205635,0.06658137271508295,0.06658137271508295,0.07753976216149912
initial_shared,1.0,77,0.07395681144409895,0.059656970059823344,0.06721887835937346,0.06721887835937346,0.07990499525119285
initial_shared,1.0,78,0.07458632620047906,0.06030378874296215,0.0678530890943879,0.0678530890943879,0.0823354109447158
initial_shared,1.0,79,0.07521076707764793,0.0609489240169184,0.06848382828186939,0.06848382828186939,0.08483246861121407
initial_shared,1.0,80,0.07582995972110684,0.06159220020425366,0.06911092378576836,0.06911092378576836,0.0873976496034355
initial_shared,1.0,81,0.07644373607180412,0.062233443020283774,0.06973420756256077,0.06973420756256077,0.09003245814202002
initial_shared,1.0,82,0.07705193409809019,0.06287247993681049,0.07035351567582326,0.07035351567582326,0.09273842199485133
initial_shared,1.0,83,0.07765440085235804,0.06350914049730903,0.07096869008118972,0.07096869008118972,0.09551709095939406
initial_shared,1.0,84,0.07825098831620181,0.06414325608262368,0.07157957626468227,0.07157957626468227,0.09837004005987393
initial_shared,1.0,85,0.07884155776514798,0.06477466097051593,0.07218602607282992,0.07218602607282992,0.10129886708498659
initial_shared,1.0,86,0.07942597744568879,0.06540319185971402,0.07278789623145115,0.07278789623145115,0.10430519473143457
initial_shared,1.0,87,0.0800041238308005,0.06602868798854725,0.07338504906147093,0.07338504906147093,0.10739067049209737
initial_shared,1.0,88,0.08057588208456802,0.06665099217823613,0.07397735318085252,0.07397735318085252,0.11055696656025935
initial_shared,1.0,89,0.08114114536344699,0.06726995022010894,0.0745646828630673,0.0745646828630673,0.11380578110975026
initial_shared,1.0,90,0.08169981458919845,0.06788541181118682,0.07514691831836513,0.07514691831836513,0.11713883879455632
initial_shared,1.0,91,0.08225179995448105,0.06849722974732592,0.07572394611083706,0.07572394611083706,0.1205578907871119
initial_shared,1.0,92,0.08279702000314267,0.06910526123283622,0.0762956592672927,0.0762956592672927,0.12406471551985375
initial_shared,1.0,93,0.0833354025053344,0.0697093674325695,0.07686195752290169,0.07686195752290169,0.12766111907974886
initial_shared,1.0,94,0.08386688297730374,0.07030941371919783,0.07742274662233013,0.07742274662233013,0.13134893669016554
initial_shared,1.0,95,0.08439140623764813,0.0709052705935989,0.07797793957311167,0.07797793957311167,0.13513003218082859
initial_shared,1.0,96,0.08490892519765258,0.07149681246133746,0.07852745541661295,0.07852745541661295,0.13900629997051475
initial_shared,1.0,97,0.08541940174116576,0.07208391917618265,0.07907122040942163,0.07907122040942163,0.14297966465325526
initial_shared,1.0,98,0.0859228053451472,0.07266647521670036,0.07960916686540295,0.07960916686540295,0.14705208301172035
initial_shared,1.0,99,0.08641911498128099,0.07324437045457989,0.08014123456109984,0.08014123456109984,0.1512255433454316
initial_shared,1.0,100,0.08690831631819264,0.07381749992545786,0.08066736908796047,0.08066736908796047,0.15550206807360614
initial_shared,1.0,101,0.08739040439863527,0.07438576360493067,0.0811875231908762,0.0811875231908762,0.1598837130268544
initial_shared,1.0,102,0.08786538130482821,0.07494906745469211,0.08170165596643975,0.08170165596643975,0.16437256936702122
initial_shared,1.0,103,0.08833325641785461,0.07550732279555047,0.08220973273209725,0.08220973273209725,0.16897076454152776
initial_shared,1.0,104,0.08879404663145672,0.07606044628204624,0.08271172512453627,0.08271172512453627,0.17368046298337209
initial_shared,1.0,105,0.08924777536953007,0.07660836011537549,0.08320761064092255,0.08320761064092255,0.17850386757295122
initial_shared,1.0,106,0.08969447345885768,0.07715099276246358,0.08369737344391386,0.08369737344391386,0.1834432198218265
initial_shared,1.0,107,0.09013417751980818,0.077688277520251,0.08418100284210742,0.08418100284210742,0.18850080219992496
initial_shared,1.0,108,0.09056693034740765,0.07822015372937549,0.08465849404280344,0.08465849404280344,0.19367893859088608
initial_shared,1.0,109,0.0909927816533811,0.07874656631945252,0.08512984834600722,0.08512984834600722,0.19897999481991135
initial_shared,1.0,110,0.09141178420696072,0.07926746562357272,0.08559507097266028,0.08559507097266028,0.20440638222850827
initial_shared,1.0,111,0.09182399748295972,0.07978280775014947,0.08605417321421394,0.08605417321421394,0.2099605561991679
initial_shared,1.0,112,0.09222948578011789,0.08029255375516275,0.08650717103732693,0.08650717103732693,0.21564501874523886
initial_shared,1.0,113,0.09262831721206294,0.08079667033446483,0.08695408484956198,0.08695408484956198,0.22146231989110793
initial_shared,1.0,114,0.09302056293573935,0.08129512945551029,0.08739493893295056,0.08739493893295056,0.22741505934809658
initial_shared,1.0,115,0.09340629995862618,0.08178790819436221,0.08782976288063234,0.08782976288063234,0.23350588599821365
initial_shared,1.0,116,0.09378560618067065,0.08227498853586357,0.08825858884471348,0.08825858884471348,0.23973750210173997
initial_shared,1.0,117,0.09415856349796864,0.08275635771268333,0.08868145337852251,0.08868145337852251,0.246112662429869
initial_shared,1.0,118,0.09452525613292924,0.08323200699058052,0.08909839595387732,0.08909839595387732,0.2526341769284638
initial_shared,1.0,119,0.09488577031410296,0.0837019329969385,0.0895094594552939,0.0895094594552939,0.25930491154121793
initial_shared,1.0,120,0.09524019441693225,0.08416613632222993,0.08991468956865822,0.08991468956865822,0.26612778999631737
initial_shared,1.0,121,0.09558861763952511,0.0846246217786113,0.0903141342426946,0.0903141342426946,0.2731057955865975
initial_shared,1.0,122,0.09593113094295241,0.08507739845157782,0.09070784421394026,0.09070784421394026,0.2802419720538496
initial_shared,1.0,123,0.09626782544595283,0.08552447920764684,0.09109587192370715,0.09109587192370715,0.28753942578077696
initial_shared,1.0,124,0.09659879195801938,0.08596588048663088,0.0914782711828161,0.0914782711828161,0.2950013277753482
initial_shared,1.0,125,0.09692412359841324,0.08640162245841213,0.0918550986562265,0.0918550986562265,0.30263091314868446
initial_shared,1.0,126,0.09724391206425374,0.08683172841410548,0.09222641160170843,0.09222641160170843,0.3104314850572603
initial_shared,1.0,127,0.09755824859296436,0.08725622477434361,0.0925922683956368,0.0925922683956368,0.31840641553861593
initial_shared,1.0,128,0.09786722327424409,0.08767514094889625,0.09295272811357273,0.09295272811357273,0.3265591473499084
initial_shared,1.0,129,0.09817092620778518,0.0880885088993958,0.09330785096254127,0.09330785096254127,0.33489319502523895
initial_shared,1.0,130,0.09846944532673385,0.08849636315193489,0.09365769712258364,0.09365769712258364,0.3434121475789374
initial_shared,1.0,131,0.09876286883335378,0.08889874037638433,0.09400232788627161,0.09400232788627161,0.35211966866959216
initial_shared,1.0,132,0.09905128149264197,0.08929567940563893,0.09434180367216356,0.09434180367216356,0.3610195005657816
initial_shared,1.0,133,0.09933476796926499,0.08968722094374978,0.09467618570204102,0.09467618570204102,0.3701154636546123
initial_shared,1.0,134,0.09961341001162448,0.09007340756900481,0.09500553451419416,0.09500553451419416,0.37941145989185987
initial_shared,1.0,135,0.09988728727912391,0.0904542827960498,0.09532990996412337,0.09532990996412337,0.38891147422272604
initial_shared,1.0,136,0.10015647886506387,0.09082989239599647,0.09564937267239,0.09564937267239,0.39861957488435357
initial_shared,1.0,137,0.10042105923292037,0.09120028220147497,0.0959639808495958,0.0959639808495958,0.4085399184476799
initial_shared,1.0,138,0.100681102805168,0.0915655000081974,0.09627379361904288,0.09627379361904288,0.4186767480567414
initial_shared,1.0,139,0.10093667969507558,0.09192559335791373,0.09657886774659867,0.09657886774659867,0.4290343986917883
initial_shared,1.0,140,0.10118785894912495,0.09228061124506842,0.09687926015884059,0.09687926015884059,0.43961729632749696
initial_shared,1.0,141,0.10143470656804995,0.09263060272383183,0.09717502625060336,0.09717502625060336,0.45042996159357906
initial_shared,1.0,142,0.10167728718520612,0.09297561728286412,0.09746622096073862,0.09746622096073862,0.46147701051457596
initial_shared,1.0,143,0.10191566215789838,0.09331570502506856,0.09775289783909152,0.09775289783909152,0.4727631575338638
initial_shared,1.0,144,0.10214988958167665,0.0936509153013415,0.09803510845658658,0.09803510845658658,0.48429321813496656
initial_shared,1.0,145,0.10238002687310743,0.09398129819687585,0.0983129044338725,0.0983129044338725,0.4960721085440549
initial_shared,1.0,146,0.10260612818236772,0.09430690293460371,0.09858633536017247,0.09858633536017247,0.5081048502339747
initial_shared,1.0,147,0.1028282456243936,0.09462777921633923,0.0988554500768192,0.0988554500768192,0.5203965705665538
initial_shared,1.0,148,0.10304642946732194,0.09494397595921984,0.0991202961580029,0.0991202961580029,0.5329525055469213
initial_shared,1.0,149,0.10326072699698736,0.09525554184381,0.09938091962971757,0.09938091962971757,0.5457780022910264
initial_shared,1.0,150,0.10347118472118638,0.09556252469312623,0.09963736578717283,0.09963736578717283,0.5588785203844385
initial_shared,1.0,151,0.10367784602679779,0.09586497243692245,0.09988967845355057,0.09988967845355057,0.5722596352274102
initial_shared,1.0,152,0.1038807528680339,0.09616293169010215,0.10013790019263076,0.10013790019263076,0.58592703976093
initial_shared,1.0,153,0.10407994700881773,0.09645644906073164,0.10038207356060302,0.10038207356060302,0.5998865458092658
initial_shared,1.0,154,0.10427546627916691,0.09674556965289237,0.10062223847918439,0.10062223847918439,0.6141440893412762
initial_shared,1.0,155,0.10446734872501766,0.09703033876046072,0.10085843516884695,0.10085843516884695,0.628705729689119
initial_shared,1.0,156,0.1046556315806528,0.0973108005812439,0.10109070303242382,0.10109070303242382,0.6435776534010544
initial_shared,1.0,157,0.10484034949259685,0.0975869986133886,0.10131907989201881,0.10131907989201881,0.6587661777454854
initial_shared,1.0,158,0.10502153602461087,0.09785897522958305,0.10154360259426337,0.10154360259426337,0.6742777525331929
initial_shared,1.0,159,0.10519922652756844,0.09812677281654844,0.10176430901389358,0.10176430901389358,0.6901189608481024
initial_shared,1.0,160,0.10537345249454994,0.09839043239352963,0.10198123450298756,0.10198123450298756,0.7062965256499918
initial_shared,1.0,161,0.10554424653977426,0.09864999438041903,0.10219441479216847,0.10219441479216847,0.7228173093627106
initial_shared,1.0,162,0.10571163996015988,0.09890549884545002,0.10240388487841658,0.10240388487841658,0.7396883181754078
initial_shared,1.0,163,0.10587566399299145,0.09915698477458537,0.10260967930782636,0.10260967930782636,0.756916704478366
initial_shared,1.0,164,0.10603635049697313,0.09940449098606445,0.1028118329461355,0.1028118329461355,0.7745097691992582
initial_shared,1.0,165,0.10619373034042143,0.09964805534565384,0.10301037981339724,0.10301037981339724,0.7924749661578729
initial_shared,1.0,166,0.10634783405933955,0.09988771532426388,0.10320535363309659,0.10320535363309659,0.8108199045181468
initial_shared,1.0,167,0.10649869280570494,0.10012350785173077,0.10339678827023699,0.10339678827023699,0.8295523517369691
initial_shared,1.0,168,0.10664633814139558,0.10035546925073091,0.10358471760516193,0.10358471760516193,0.8486802367006742
initial_shared,1.0,169,0.10679080127789291,0.10058363580685302,0.10376917535986661,0.10376917535986661,0.8682116534937749
initial_shared,1.0,170,0.1069321146295339,0.10080804293694492,0.10395019555299305,0.10395019555299305,0.8881548642365289
initial_shared,1.0,171,0.10707030982411156,0.10102872586574294,0.10412781175913077,0.10412781175913077,0.9085183034250136
initial_shared,1.0,172,0.10720542003423518,0.10124571962748401,0.10430205829186806,0.10430205829186806,0.9293105801328045
initial_shared,1.0,173,0.10733747863642962,0.1014590592743058,0.10447296965327327,0.10447296965327327,0.9505404824448751
initial_shared,1.0,174,0.10746651926119874,0.1016687789400133,0.10464058004755863,0.10464058004755863,0.9722169814334846
initial_shared,1.0,175,0.1075925773655532,0.1018749134123845,0.10480492499166896,0.10480492499166896,0.9943492334383252
initial_shared,1.0,176,0.10771568699391575,0.1020774968096862,0.1049660389661705,0.1049660389661705,1.0169465863926757
initial_shared,1.0,177,0.1078358839474057,0.10227656352981757,0.10512395753045008,0.10512395753045008,1.0400185815283889
initial_shared,1.0,178,0.10795320501443542,0.10247214778940571,0.10527871665711767,0.10527871665711767,1.0635749579860017
initial_shared,1.0,179,0.10806768761363517,0.10266428364027397,0.10543035260295337,0.10543035260295337,1.0876256572523624
initial_shared,1.0,180,0.10817936859384499,0.10285300522114296,0.10557890136123771,0.10557890136123771,1.1121808279249934
initial_shared,1.0,181,0.10828828709219342,0.10303834752738922,0.10572440051614018,0.10572440051614018,1.1372508279316982
initial_shared,1.0,182,0.10839448152575987,0.10322034448412928,0.10586688676581645,0.10586688676581645,1.1628462316568688
initial_shared,1.0,183,0.1084979925322016,0.10339903124269402,0.10600639854698495,0.10600639854698495,1.1889778314729926
initial_shared,1.0,184,0.10859885980000325,0.10357444222101216,0.10614297341937716,0.10614297341937716,1.2156566452839848
initial_shared,1.0,185,0.10869712484940676,0.10374661257159504,0.10627665022003076,0.10627665022003076,1.2428939187599513
initial_shared,1.0,186,0.10879282795576146,0.10391557741283915,0.1064074671363478,0.1064074671363478,1.2707011321299326
initial_shared,1.0,187,0.10888601171999346,0.10408137214284534,0.10653546364731706,0.10653546364731706,1.2990900030938908
initial_shared,1.0,188,0.1089767180774597,0.10424403247340118,0.10666067900317908,0.10666067900317908,1.328072493243003
initial_shared,1.0,189,0.10906498978126473,0.10440359454678771,0.10678315307478593,0.10678315307478593,1.3576608122943883
initial_shared,1.0,190,0.10915086989160035,0.10456009412294115,0.10690292567592385,0.10690292567592385,1.3878674239522815
initial_shared,1.0,191,0.10923440291835665,0.10471356785236097,0.1070200377391069,0.1070200377391069,1.4187050498809806
initial_shared,1.0,192,0.10931563180564303,0.10486405226966418,0.10713452932030855,0.10713452932030855,1.4501866773547212
initial_shared,1.0,193,0.10939460073571941,0.10501158457739561,0.10724644140117974,0.10724644140117974,1.4823255626656118
initial_shared,1.0,194,0.10947135323116586,0.10515620157652952,0.10735581439871586,0.10735581439871586,1.5151352383901155
initial_shared,1.0,195,0.10954593377472992,0.10529794076851244,0.10746268951305744,0.10746268951305744,1.548629517569866
initial_shared,1.0,196,0.10961838614441376,0.10543683988509131,0.10756710766803225,0.10756710766803225,1.582822500814097
initial_shared,1.0,197,0.10968875524373117,0.10557293680449825,0.10766911038580093,0.10766911038580093,1.617728581230633
initial_shared,1.0,198,0.10975708523808567,0.1057062695046802,0.10776873883674895,0.10776873883674895,1.6533624515179883
initial_shared,1.0,199,0.10982342008220485,0.10583687655930447,0.10786603433542648,0.10786603433542648,1.689739109735462
initial_shared,1.0,200,0.10988780454261082,0.10596479627404495,0.10796103844226666,0.10796103844226666,1.726873865332046
initial_shared,1.0,201,0.10995028155489395,0.10609006726796844,0.10805379190831614,0.10805379190831614,1.764782347004299
initial_shared,1.0,202,0.11001089536967479,0.10621272822941467,0.10814433613921483,0.10814433613921483,1.8034805074175932
initial_shared,1.0,203,0.11006968927724202,0.10633281825309793,0.10823271224058277,0.10823271224058277,1.842984631224355
initial_shared,1.0,204,0.11012670646287952,0.10645037624086984,0.10831896111864295,0.10831896111864295,1.8833113416140432
initial_shared,1.0,205,0.11018198937993506,0.10656544115500749,0.10840312331972739,0.10840312331972739,1.9244776077432633
initial_shared,1.0,206,0.11023558061669039,0.10667805241052403,0.1084852396390405,0.1084852396390405,1.966500750981604
initial_shared,1.0,207,0.11028752186516518,0.1067882489783598,0.10856535018695954,0.10856535018695954,2.0093984534635583
initial_shared,1.0,208,0.11033785457629179,0.10689607007322147,0.10864349503792739,0.10864349503792739,2.0531887645969746
initial_shared,1.0,209,0.1103866205559017,0.10700155482787722,0.10871971437740535,0.10871971437740535,2.097890108722239
initial_shared,1.0,210,0.11043385882316765,0.10710474229739253,0.10879404692538058,0.10879404692538058,2.1435212945278286
initial_shared,1.0,211,0.11047960991764845,0.10720567192408782,0.10886653233936083,0.10886653233936083,2.1901015203534504
initial_shared,1.0,212,0.11052391333506238,0.10730438207273929,0.10893720918891014,0.10893720918891014,2.23765038440154
initial_shared,1.0,213,0.11056680825076334,0.10740091213757115,0.10900611638839676,0.10900611638839676,2.2861878916606075
initial_shared,1.0,214,0.11060833332813819,0.10749530077898192,0.10907329220003767,0.10907329220003767,2.335734463217619
initial_shared,1.0,215,0.11064852460389896,0.1075875864505535,0.1091387734556679,0.1091387734556679,2.3863109458628795
initial_shared,1.0,216,0.11068741983587946,0.10767780761098034,0.10920259783552279,0.10920259783552279,2.437938618282442
initial_shared,1.0,217,0.1107250557036909,0.10776600233941111,0.10926480227735771,0.10926480227735771,2.490639201827487
initial_shared,1.0,218,0.11076146748680682,0.10785220876691004,0.1093254230308223,0.1093254230308223,2.544434869587467
initial_shared,1.0,219,0.11079669021894004,0.10793646478928477,0.10938449610017027,0.10938449610017027,2.5993482552819773
initial_shared,1.0,220,0.11083075782139955,0.10801880767409094,0.10944205659972579,0.10944205659972579,2.655402463437042
initial_shared,1.0,221,0.11086370420349233,0.10809927463165454,0.10949813961548643,0.10949813961548643,2.7126210782994535
initial_shared,1.0,222,0.11089556206880576,0.10817790246924386,0.10955277941390149,0.10955277941390149,2.771028174512776
initial_shared,1.0,223,0.11092636342861399,0.10825472774453325,0.10960600979542717,0.10960600979542717,2.8306483269488734
initial_shared,1.0,224,0.11095613979574548,0.10832978678421068,0.109657864183466,0.109657864183466,2.8915066209669495
initial_shared,1.0,225,0.11098492262583458,0.10840311547886489,0.10970837576322906,0.10970837576322906,2.953628662822058
initial_shared,1.0,226,0.11101274121268732,0.1084747489143292,0.10975757622455652,0.10975757622455652,3.017040591732476
initial_shared,1.0,227,0.11103962470890645,0.10854472281010086,0.10980549750878763,0.10980549750878763,3.0817690892905336
initial_shared,1.0,228,0.11106560255170361,0.10861307140919393,0.10985217096774694,0.10985217096774694,3.1478413911707577
initial_shared,1.0,229,0.11109070197219677,0.10867982913857667,0.10989762693430838,0.10989762693430838,3.2152852995140124
initial_shared,1.0,230,0.11111495065608099,0.1087450298026241,0.1099418956801237,0.1099418956801237,3.2841291932830665
initial_shared,1.0,231,0.11113837515009799,0.10880870730192978,0.10998500693723276,0.10998500693723276,3.354402040972505
initial_shared,1.0,232,0.11116100156887138,0.10887089418368537,0.11002698956513546,0.11002698956513546,3.426133412857714
initial_shared,1.0,233,0.11118285481754563,0.10893162301725391,0.11006787182543658,0.11006787182543658,3.499353493583577
initial_shared,1.0,234,0.11120395976068076,0.10899092588843126,0.11010768173743585,0.11010768173743585,3.5740930941939233
initial_shared,1.0,235,0.11122433942880301,0.10904883458094859,0.11014644623378156,0.11014644623378156,3.6503836661245943
initial_shared,1.0,236,0.11124401829644898,0.10910538003455297,0.11018419258781655,0.11018419258781655,3.7282573127699083
initial_shared,1.0,237,0.1112630181027102,0.10916059318603447,0.11022094668795208,0.11022094668795208,3.807746805194058
initial_shared,1.0,238,0.11128136125381352,0.10921450391427082,0.11025673424555357,0.11025673424555357,3.8888855942725966
initial_shared,1.0,239,0.11129906942832929,0.10926714221090608,0.11029158066747127,0.11029158066747127,3.971707825113046
initial_shared,1.0,240,0.11131616267050874,0.10931853693364586,0.11032550998940081,0.11032550998940081,4.056248352577352
initial_shared,1.0,241,0.11133266157670768,0.10936871701766993,0.11035854656645812,0.11035854656645812,4.142542754133424
initial_shared,1.0,242,0.11134858563243528,0.1094177107102535,0.11039071386994646,0.11039071386994646,4.230627346090687
initial_shared,1.0,243,0.1113639539964374,0.10946554560419171,0.11042203488564241,0.11042203488564241,4.32053919851382
initial_shared,1.0,244,0.11137878495434324,0.10951224892868137,0.1104525319911832,0.1104525319911832,4.41231615093854
initial_shared,1.0,245,0.11139309648977556,0.1095578474746507,0.11048222720399531,0.11048222720399531,4.505996828106876
initial_shared,1.0,246,0.11140690653133603,0.10960236736098494,0.11051114219230353,0.11051114219230353,4.601620656077774
initial_shared,1.0,247,0.11142023098193501,0.10964583416291629,0.11053929733508001,0.11053929733508001,4.699227880059172
initial_shared,1.0,248,0.1114330871398549,0.10968827325656408,0.11056671363655302,0.11056671363655302,4.798859579087068
initial_shared,1.0,249,0.11144548995212197,0.10972970925518308,0.11059341054247274,0.11059341054247274,4.900557685823591
initial_shared,1.0,250,0.11145745502994342,0.10977016637183665,0.11061940764442547,0.11061940764442547,5.004365002297356
initial_shared,1.0,251,0.11146899694792141,0.10980966851198974,0.11064472386894819,0.11064472386894819,5.110325218905459
initial_shared,1.0,252,0.11148013103604776,0.10984823905043593,0.11066937826920636,0.11066937826920636,5.218482931795013
initial_shared,1.0,253,0.11149087027123986,0.10988590020035642,0.11069338814474121,0.11069338814474121,5.328883663744222
initial_shared,1.0,254,0.11150122942034747,0.10992267470425947,0.11071677196864935,0.11071677196864935,5.441573880293172
initial_shared,1.0,255,0.11151122083238321,0.10995858455942006,0.1107395466384046,0.1107395466384046,5.556601012191826
initial_shared,1.0,256,0.11152085679740979,0.10999365053823354,0.11076172841860334,0.11076172841860334,5.674013474208501
trained-s42,0.001,0,0.0006131679301853223,2.7395127119586058e-05,0.0004340077208977107,0.43400772089771067,1.5159562918991795e-07
trained-s42,0.001,1,0.00023912905026792001,3.231914998680791e-05,0.0001706283399626817,0.1706283399626817,6.40470285921897e-08
trained-s42,0.001,2,0.0001392490421305948,3.3488801364756226e-05,0.00010128244914452849,0.10128244914452848,3.896031941173323e-08
trained-s42,0.001,3,9.56627811910085e-05,3.364682186099512e-05,7.174048653009138e-05,0.07174048653009138,2.884416636230198e-08
trained-s42,0.001,4,7.105166163594549e-05,3.335818664208511e-05,5.556818929155636e-05,0.05556818929155636,2.392662637019146e-08
trained-s42,0.001,5,5.574616059998766e-05,3.280520903951337e-05,4.583760597223683e-05,0.04583760597223683,2.15163812728262e-08
trained-s42,0.001,6,4.577626006139655e-05,3.2087113933868876e-05,3.967491114875874e-05,0.039674911148758735,2.0345029527215072e-08
trained-s42,0.001,7,3.9064140444840013e-05,3.1269795925770904e-05,3.5589967900338465e-05,0.035589967900338464,1.980630335551061e-08
trained-s42,0.001,8,3.442264580476057e-05,3.0399063163841916e-05,3.2755605710101644e-05,0.032755605710101644,1.98379367947156e-08
trained-s42,0.001,9,3.1136342557115176e-05,2.9507119886317762e-05,3.0696340003656305e-05,0.030696340003656303,1.9724312014505054e-08
trained-s42,0.001,10,2.875733489644594e-05,2.861671898057947e-05,2.913149662439752e-05,0.02913149662439752,1.9908510806244333e-08
trained-s42,0.001,11,2.6996710018688477e-05,2.7743885331972855e-05,2.7891206175151626e-05,0.027891206175151624,2.0172826279970567e-08
trained-s42,0.001,12,2.566434817729266e-05,2.689974887256659e-05,2.6870664815182582e-05,0.02687066481518258,2.0374083381277277e-08
trained-s42,0.001,13,2.463329473165703e-05,2.609181547701666e-05,2.600423719140204e-05,0.02600423719140204,2.0842316990791416e-08
trained-s42,0.001,14,2.3817562024329717e-05,2.5324878370388723e-05,2.5250171931457207e-05,0.02525017193145721,2.1494164524612585e-08
trained-s42,0.001,15,2.3157983989504747e-05,2.460168881106614e-05,2.458136383903559e-05,0.02458136383903559,2.1993529341240594e-08
trained-s42,0.001,16,2.2613171258828152e-05,2.3923461741737582e-05,2.3979740210979556e-05,0.023979740210979556,2.2431587154836375e-08
trained-s42,0.001,17,2.2153716227870875e-05,2.3290263034973623e-05,2.3432859695301687e-05,0.023432859695301688,2.3195975437736228e-08
trained-s42,0.001,18,2.1758440556135522e-05,2.2701310480057088e-05,2.2931854141958677e-05,0.022931854141958675,2.382327748769013e-08
trained-s42,0.001,19,2.1411915050050413e-05,2.215520996913876e-05,2.2470172798392125e-05,0.022470172798392123,2.4416104803270955e-08
trained-s42,0.001,20,2.1102787907425978e-05,2.1650140207883187e-05,2.2042807192202602e-05,0.022042807192202602,2.4985224889158636e-08
trained-s42,0.001,21,2.0822633375852632e-05,2.118399847353639e-05,2.1645802295017036e-05,0.021645802295017037,2.5367043424218338e-08
trained-s42,0.001,22,2.0565144399987095e-05,2.075451358667387e-05,2.127594072753513e-05,0.02127594072753513,2.5764855120996763e-08
trained-s42,0.001,23,2.0325562513354015e-05,2.0359332555197226e-05,2.0930535745410425e-05,0.020930535745410424,2.6357958841208706e-08
trained-s42,0.001,24,2.0100270390629853e-05,1.9996086992831168e-05,2.060729309270933e-05,0.020607293092709332,2.7064282613427048e-08
trained-s42,0.001,25,1.9886498633971948e-05,1.9662441009610123e-05,2.0304217026784992e-05,0.02030421702678499,2.734411316549804e-08
trained-s42,0.001,26,1.9682110342154202e-05,1.9356126503591964e-05,2.0019544273230075e-05,0.020019544273230074,2.7888217664912295e-08
trained-s42,0.001,27,1.9485448175737696e-05,1.907496761651422e-05,1.9751700647737353e-05,0.019751700647737354,2.850243529677281e-08
trained-s42,0.001,28,1.9295219118545222e-05,1.8816895647296218e-05,1.9499268096098196e-05,0.019499268096098196,2.885561396708708e-08
trained-s42,0.001,29,1.911040779628719e-05,1.8579958446471758e-05,1.926096042472235e-05,0.019260960424722348,2.9269614141585272e-08
trained-s42,0.001,30,1.8930213570962673e-05,1.8362325006062927e-05,1.9035606411571226e-05,0.019035606411571225,2.9670190587185756e-08
trained-s42,0.001,31,1.87540019161744e-05,1.816228584973487e-05,1.8822135705125604e-05,0.018822135705125604,3.0050093043166236e-08
trained-s42,0.001,32,1.8581267608832924e-05,1.797825075391892e-05,1.8619567745259367e-05,0.018619567745259368,3.041013618093981e-08
trained-s42,0.001,33,1.84116061032162e-05,1.7808745846597675e-05,1.8427002877239633e-05,0.018427002877239633,3.0702154577022735e-08
trained-s42,0.001,34,1.8244692239065013e-05,1.765240790807933e-05,1.8243614581238736e-05,0.018243614581238736,3.1130677235982746e-08
trained-s42,0.001,35,1.8080263843541805e-05,1.7507979296801214e-05,1.8068643506740618e-05,0.018068643506740617,3.136565647223547e-08
trained-s42,0.001,36,1.7918107366249436e-05,1.737430182819321e-05,1.7901390998405382e-05,0.017901390998405382,3.157387878185699e-08
trained-s42,0.001,37,1.775804879633879e-05,1.725031013916381e-05,1.774121444013323e-05,0.01774121444013323,3.1855710933295204e-08
trained-s42,0.001,38,1.759994508401954e-05,1.7135026264259042e-05,1.7587522725587438e-05,0.01758752272558744,3.232274471795644e-08
trained-s42,0.001,39,1.7443679297015867e-05,1.702755298044443e-05,1.743977261629397e-05,0.01743977261629397,3.2587165923831514e-08
trained-s42,0.001,40,1.728915325523888e-05,1.6927068179664875e-05,1.7297463841173604e-05,0.017297463841173602,3.301164488348211e-08
trained-s42,0.001,41,1.713628546031292e-05,1.6832820107974543e-05,1.7160136972056793e-05,0.017160136972056792,3.340627109804236e-08
trained-s42,0.001,42,1.6985007554638634e-05,1.674412099552783e-05,1.7027369544357207e-05,0.017027369544357206,3.372437654154565e-08
trained-s42,0.001,43,1.683526136247893e-05,1.666034314012984e-05,1.689877336753846e-05,0.01689877336753846,3.3966832315640166e-08
trained-s42,0.001,44,1.668699764510608e-05,1.6580913602711608e-05,1.6773991967275103e-05,0.016773991967275102,3.3934595076182374e-08
trained-s42,0.001,45,1.6540173091424377e-05,1.6505310028449523e-05,1.6652697393038415e-05,0.016652697393038415,3.414025909569414e-08
trained-s42,0.001,46,1.6394750935945695e-05,1.6433057756207677e-05,1.6534589481735077e-05,0.016534589481735078,3.424401019461694e-08
trained-s42,0.001,47,1.625069930954843e-05,1.636372374661063e-05,1.6419392338978336e-05,0.016419392338978336,3.4331855557580834e-08
trained-s42,0.001,48,1.6107989311467227e-05,1.6296915845539873e-05,1.63068531141695e-05,0.0163068531141695,3.445132975882349e-08
trained-s42,0.001,49,1.596659556481059e-05,1.6232277994500263e-05,1.619674007558767e-05,0.016196740075587673,3.461411560007895e-08
trained-s42,0.001,50,1.5826495517673698e-05,1.6169487223617765e-05,1.608884092174532e-05,0.01608884092174532,3.469446526077758e-08
trained-s42,0.001,51,1.5687667986885695e-05,1.6108251933470365e-05,1.5982961138601098e-05,0.015982961138601096,3.496959790463689e-08
trained-s42,0.001,52,1.555009466360686e-05,1.6048308201127183e-05,1.5878923055897657e-05,0.015878923055897658,3.5160124059547824e-08
trained-s42,0.001,53,1.5413758101412083e-05,1.5989418007482458e-05,1.5776563934026395e-05,0.015776563934026395,3.539971174513134e-08
trained-s42,0.001,54,1.5278642267997655e-05,1.5931367603269738e-05,1.5675735382456825e-05,0.015675735382456823,3.5539486871039966e-08
trained-s42,0.001,55,1.51447320063228e-05,1.5873964767390843e-05,1.5576301755729265e-05,0.015576301755729265,3.554991282612935e-08
trained-s42,0.001,56,1.5012012945953831e-05,1.5817036973929704e-05,1.547813916654386e-05,0.015478139166543859,3.550462924759576e-08
trained-s42,0.001,57,1.4880471397839366e-05,1.5760430112288442e-05,1.5381134741403718e-05,0.015381134741403717,3.552575094977563e-08
trained-s42,0.001,58,1.4750094195136633e-05,1.5704006531232675e-05,1.528518553649021e-05,0.015285185536490211,3.5829974645405564e-08
trained-s42,0.001,59,1.4620869617244069e-05,1.5647644213220286e-05,1.5190198540257331e-05,0.01519019854025733,3.598631228812337e-08
trained-s42,0.001,60,1.4492786223668111e-05,1.559123475709918e-05,1.5096089044466876e-05,0.015096089044466876,3.5768590318137637e-08
trained-s42,0.001,61,1.4365831691731007e-05,1.5534682250536093e-05,1.5002779457026172e-05,0.015002779457026171,3.5791851194045556e-08
trained-s42,0.001,62,1.4239995208963623e-05,1.547790262850856e-05,1.491020010084846e-05,0.014910200100848458,3.5873405575481907e-08
trained-s42,0.001,63,1.4115265550578881e-05,1.5420822837479852e-05,1.4818287832552595e-05,0.014818287832552594,3.601880637517643e-08
trained-s42,0.001,64,1.3991632735475565e-05,1.5363378566489454e-05,1.47269856415466e-05,0.0147269856415466,3.616547093656992e-08
trained-s42,0.001,65,1.3869086396061433e-05,1.530551509374123e-05,1.463624223576398e-05,0.014636242235763978,3.615791970256605e-08
trained-s42,0.001,66,1.3747615907689593e-05,1.524718545456072e-05,1.454601115367926e-05,0.01454601115367926,3.6156372144865883e-08
trained-s42,0.001,67,1.3627211643813105e-05,1.518834940075722e-05,1.445625077486931e-05,0.01445625077486931,3.62054600923682e-08
trained-s42,0.001,68,1.3507864217754225e-05,1.512897367369463e-05,1.4366924072944125e-05,0.014366924072944124,3.610755647082158e-08
trained-s42,0.001,69,1.3389563276703555e-05,1.5069030904108317e-05,1.4277997426398967e-05,0.014277997426398967,3.6231429801054235e-08
trained-s42,0.001,70,1.327230021064993e-05,1.50084992287272e-05,1.4189441685641745e-05,0.014189441685641744,3.613798534939467e-08
trained-s42,0.001,71,1.3156064811420849e-05,1.4947361530978272e-05,1.4101230137212221e-05,0.01410123013721222,3.63369380751513e-08
trained-s42,0.001,72,1.3040848438206597e-05,1.4885605544418273e-05,1.4013340068797865e-05,0.014013340068797866,3.63179922788471e-08
trained-s42,0.001,73,1.2926641792897125e-05,1.4823222257705943e-05,1.3925750803922766e-05,0.013925750803922766,3.6381829310952964e-08
trained-s42,0.001,74,1.2813436182438695e-05,1.4760206764709635e-05,1.3838444743560263e-05,0.013838444743560262,3.63270095183975e-08
trained-s42,0.001,75,1.2701222721614578e-05,1.4696556920640575e-05,1.375140625496752e-05,0.01375140625496752,3.6249001221506646e-08
trained-s42,0.001,76,1.2589992270472084e-05,1.463227389811263e-05,1.3664621894458185e-05,0.013664621894458185,3.6316489727558784e-08
trained-s42,0.001,77,1.24797360505429e-05,1.4567361825312052e-05,1.3578080489054638e-05,0.013578080489054638,3.635171800594206e-08
trained-s42,0.001,78,1.2370445674734422e-05,1.4501826292038322e-05,1.3491772341396606e-05,0.013491772341396606,3.640083020286623e-08
trained-s42,0.001,79,1.2262112702548844e-05,1.443567545363525e-05,1.3405689572648041e-05,0.01340568957264804,3.635786314144125e-08
trained-s42,0.001,80,1.2154728814111503e-05,1.4368918965140341e-05,1.3319825614939207e-05,0.013319825614939206,3.628602228432867e-08
trained-s42,0.001,81,1.2048285427362667e-05,1.4301568482029746e-05,1.3234175282349994e-05,0.013234175282349993,3.622631591296e-08
trained-s42,0.001,82,1.1942774183645223e-05,1.4233637015434685e-05,1.3148734641187605e-05,0.013148734641187605,3.6130240051922495e-08
trained-s42,0.001,83,1.1838187150220284e-05,1.4165138380111034e-05,1.3063500768021732e-05,0.013063500768021732,3.6035742381530125e-08
trained-s42,0.001,84,1.1734516124070785e-05,1.4096088015924019e-05,1.297847186103312e-05,0.01297847186103312,3.5897708351257106e-08
trained-s42,0.001,85,1.1631752744744274e-05,1.4026502087012324e-05,1.2893646792386314e-05,0.012893646792386314,3.5896317080857095e-08
trained-s42,0.001,86,1.1529889699297712e-05,1.395639747772087e-05,1.2809025641004296e-05,0.012809025641004296,3.570461477258395e-08
trained-s42,0.001,87,1.1428918434947306e-05,1.3885791594904723e-05,1.2724608516649293e-05,0.012724608516649293,3.5799650081472596e-08
trained-s42,0.001,88,1.1328831660915994e-05,1.3814703143991308e-05,1.2640397111227734e-05,0.012640397111227733,3.5718862160687874e-08
trained-s42,0.001,89,1.1229621472250252e-05,1.374315056386148e-05,1.2556392981481735e-05,0.012556392981481736,3.5600248876146595e-08
trained-s42,0.001,90,1.113128000893054e-05,1.3671153104285023e-05,1.2472598416308365e-05,0.012472598416308364,3.552663987120321e-08
trained-s42,0.001,91,1.1033799562678229e-05,1.3598730220304822e-05,1.2389016151294477e-05,0.012389016151294476,3.54457022166058e-08
trained-s42,0.001,92,1.0937173133457458e-05,1.3525901358931163e-05,1.2305649477425911e-05,0.012305649477425911,3.522065970069481e-08
trained-s42,0.001,93,1.0841392770175767e-05,1.3452686220593596e-05,1.2222501632770474e-05,0.012222501632770473,3.5097791414039555e-08
trained-s42,0.001,94,1.0746451142050978e-05,1.3379104702466275e-05,1.2139576463603091e-05,0.01213957646360309,3.5004818392517016e-08
trained-s42,0.001,95,1.0652340805920545e-05,1.3305176822479082e-05,1.2056878044699954e-05,0.012056878044699954,3.4946641214596085e-08
trained-s42,0.001,96,1.0559054558628496e-05,1.3230922234268585e-05,1.1974410560101433e-05,0.011974410560101434,3.499205290719283e-08
trained-s42,0.001,97,1.0466585582049879e-05,1.3156360998851084e-05,1.1892178779286387e-05,0.011892178779286387,3.483203366621462e-08
trained-s42,0.001,98,1.037492597173936e-05,1.3081512791289468e-05,1.1810186958028208e-05,0.011810186958028207,3.486559180784896e-08
trained-s42,0.001,99,1.028406921612934e-05,1.3006397275116467e-05,1.1728440140129857e-05,0.011728440140129857,3.4795371191551105e-08
trained-s42,0.001,100,1.0194008273241476e-05,1.2931033760612495e-05,1.1646943100873716e-05,0.011646943100873716,3.46363461555345e-08
trained-s42,0.001,101,1.0104735965572983e-05,1.285544144433377e-05,1.1565700648864233e-05,0.011565700648864233,3.457423000442841e-08
trained-s42,0.001,102,1.0016245189225904e-05,1.2779639614572536e-05,1.1484717826024079e-05,0.01148471782602408,3.451238595314367e-08
trained-s42,0.001,103,9.92852960246749e-06,1.2703646895347853e-05,1.140399978548786e-05,0.01140399978548786,3.432957618628873e-08
trained-s42,0.001,104,9.84158207760641e-06,1.2627481701531774e-05,1.1323551349461596e-05,0.011323551349461596,3.421570701266131e-08
trained-s42,0.001,105,9.755395963905596e-06,1.2551162444838668e-05,1.1243377678500958e-05,0.011243377678500959,3.405310514059305e-08
trained-s42,0.001,106,9.669964657946466e-06,1.2474706843713441e-05,1.116348369032679e-05,0.011163483690326789,3.392127690879038e-08
trained-s42,0.001,107,9.585281502430963e-06,1.2398132681967685e-05,1.1083874427734147e-05,0.011083874427734147,3.377260412656963e-08
trained-s42,0.001,108,9.501340164644009e-06,1.2321457268227507e-05,1.1004554926808267e-05,0.011004554926808267,3.3483059568300436e-08
trained-s42,0.001,109,9.418133674084585e-06,1.2244697542184505e-05,1.0925529838267676e-05,0.010925529838267676,3.329988417467222e-08
trained-s42,0.001,110,9.335655877099876e-06,1.2167869998565896e-05,1.0846804027939479e-05,0.010846804027939479,3.317110262384631e-08
trained-s42,0.001,111,9.253900272723497e-06,1.209099121931275e-05,1.0768382345339597e-05,0.010768382345339597,3.299203521886207e-08
trained-s42,0.001,112,9.17286074501197e-06,1.2014076809439074e-05,1.0690269357464458e-05,0.010690269357464458,3.286381317150664e-08
trained-s42,0.001,113,9.09253098307294e-06,1.193714254604957e-05,1.0612469726726471e-05,0.010612469726726472,3.267557537204141e-08
trained-s42,0.001,114,9.0129045326931e-06,1.1860203685889734e-05,1.0534987844428762e-05,0.010534987844428762,3.2525941783474805e-08
trained-s42,0.001,115,8.93397541176424e-06,1.178327487104043e-05,1.045782803841006e-05,0.01045782803841006,3.249993969503661e-08
trained-s42,0.001,116,8.855737534059913e-06,1.1706370968878235e-05,1.0380994792697777e-05,0.010380994792697777,3.236406496818809e-08
trained-s42,0.001,117,8.778184866093988e-06,1.1629506050748855e-05,1.0304492238872364e-05,0.010304492238872363,3.215413882472026e-08
trained-s42,0.001,118,8.701311289965434e-06,1.1552693720083437e-05,1.0228324272942981e-05,0.010228324272942981,3.201316223738932e-08
trained-s42,0.001,119,8.625110843980534e-06,1.1475947793356728e-05,1.0152495046261668e-05,0.010152495046261667,3.1743854094880584e-08
trained-s42,0.001,120,8.549577810058413e-06,1.1399280899847892e-05,1.0077008202766833e-05,0.010077008202766833,3.156827878966999e-08
trained-s42,0.001,121,8.474706173416144e-06,1.1322705879154015e-05,1.0001867439028169e-05,0.010001867439028169,3.141129417741943e-08
trained-s42,0.001,122,8.40049030849986e-06,1.1246235149134062e-05,9.927076433583031e-06,0.00992707643358303,3.1237444063504746e-08
trained-s42,0.001,123,8.326924436414279e-06,1.116988072247321e-05,9.852638624727187e-06,0.009852638624727187,3.103751741260956e-08
trained-s42,0.001,124,8.25400277319104e-06,1.1093654176537051e-05,9.77855725109178e-06,0.00977855725109178,3.0924724201012994e-08
trained-s42,0.001,125,8.18171953245357e-06,1.1017567201760264e-05,9.704835664913699e-06,0.009704835664913699,3.07176301423221e-08
trained-s42,0.001,126,8.110069450298204e-06,1.0941630388736207e-05,9.631476861288905e-06,0.009631476861288905,3.051262272592183e-08
trained-s42,0.001,127,8.039046770579226e-06,1.0865854591672036e-05,9.558483820570134e-06,0.009558483820570134,3.0298463470836654e-08
trained-s42,0.001,128,7.968645964047088e-06,1.0790249921606124e-05,9.485859238523187e-06,0.009485859238523187,3.0200839538088756e-08
trained-s42,0.001,129,7.898861702800297e-06,1.0714826505289821e-05,9.413605945061821e-06,0.00941360594506182,3.010240870455717e-08
trained-s42,0.001,130,7.82968872886422e-06,1.0639594177821041e-05,9.341726671368643e-06,0.009341726671368643,2.9846406227778626e-08
trained-s42,0.001,131,7.761121382378733e-06,1.0564562195524445e-05,9.270223686480747e-06,0.009270223686480747,2.96411705056231e-08
trained-s42,0.001,132,7.693154535308157e-06,1.0489739402390503e-05,9.19909928237706e-06,0.00919909928237706,2.9535033827821194e-08
trained-s42,0.001,133,7.625782839180117e-06,1.0415134878188084e-05,9.128355827293733e-06,0.009128355827293733,2.935568881860584e-08
trained-s42,0.001,134,7.5590013129318375e-06,1.0340757051609596e-05,9.05799550234725e-06,0.00905799550234725,2.9062732971915376e-08
trained-s42,0.001,135,7.492804515424244e-06,1.0266613830312534e-05,8.988020029592039e-06,0.008988020029592038,2.887657285520618e-08
trained-s42,0.001,136,7.427187487405901e-06,1.0192713173796596e-05,8.918431390094548e-06,0.008918431390094548,2.867623679932301e-08
trained-s42,0.001,137,7.362144982317779e-06,1.01190628422904e-05,8.849231358740169e-06,0.008849231358740169,2.8447278904964352e-08
trained-s42,0.001,138,7.297671999850975e-06,1.0045669932573495e-05,8.780421459963286e-06,0.008780421459963285,2.829243328717156e-08
trained-s42,0.001,139,7.2337636101128765e-06,9.972541631231926e-06,8.7120033245767e-06,0.0087120033245767,2.8110673096981955e-08
trained-s42,0.001,140,7.170414964030689e-06,9.899684550659674e-06,8.64397831150729e-06,0.00864397831150729,2.7978284405135133e-08
trained-s42,0.001,141,7.107621160822835e-06,9.827105226986537e-06,8.57634773670065e-06,0.00857634773670065,2.784501250501392e-08
trained-s42,0.001,142,7.045377174919041e-06,9.754810037161256e-06,8.509112795187738e-06,0.008509112795187738,2.771966467377737e-08
trained-s42,0.001,143,6.983678213315511e-06,9.682804962345979e-06,8.442274572326015e-06,0.008442274572326014,2.7617283485606076e-08
trained-s42,0.001,144,6.922519617095468e-06,9.611095678209669e-06,8.375834053677511e-06,0.00837583405367751,2.7534066981257767e-08
trained-s42,0.001,145,6.861896747505206e-06,9.539687794161307e-06,8.309792214021728e-06,0.008309792214021729,2.7392364627993756e-08
trained-s42,0.001,146,6.801804788116572e-06,9.468586561957534e-06,8.244149766469996e-06,0.008244149766469996,2.7276103829358392e-08
trained-s42,0.001,147,6.742238906536808e-06,9.397797326806917e-06,8.178907489003167e-06,0.008178907489003167,2.7092850984258063e-08
trained-s42,0.001,148,6.683194810915049e-06,9.327324633430402e-06,8.114065939066821e-06,0.008114065939066821,2.69142069181654e-08
trained-s42,0.001,149,6.624667649185073e-06,9.25717338969992e-06,8.049625667648637e-06,0.008049625667648637,2.6674967492270702e-08
trained-s42,0.001,150,6.56665315131798e-06,9.18734766952905e-06,7.985587001460493e-06,0.007985587001460492,2.64828362091247e-08
trained-s42,0.001,151,6.509146802749273e-06,9.117851800654814e-06,7.92195032527109e-06,0.00792195032527109,2.6277570606695595e-08
trained-s42,0.001,152,6.452143930719114e-06,9.048689760442892e-06,7.858715771218998e-06,0.007858715771218999,2.615788024133045e-08
trained-s42,0.001,153,6.395640268894621e-06,8.979865610661225e-06,7.795883700640873e-06,0.0077958837006408726,2.5942628458950072e-08
trained-s42,0.001,154,6.339631457778774e-06,8.911382859400412e-06,7.73345412977668e-06,0.00773345412977668,2.5695765725209756e-08
trained-s42,0.001,155,6.284113052237896e-06,8.843245059344882e-06,7.671427077092195e-06,0.007671427077092195,2.5399183619665395e-08
trained-s42,0.001,156,6.22908087313174e-06,8.775455165815533e-06,7.609802337626861e-06,0.007609802337626861,2.519311376986785e-08
trained-s42,0.001,157,6.174530749844148e-06,8.70801634414808e-06,7.548579842182323e-06,0.007548579842182324,2.4977435548973887e-08
trained-s42,0.001,158,6.120458160403886e-06,8.64093168001038e-06,7.487759339693989e-06,0.007487759339693989,2.4768468655038263e-08
trained-s42,0.001,159,6.066859093830509e-06,8.574203721603156e-06,7.427340490014137e-06,0.007427340490014137,2.4629813362357677e-08
trained-s42,0.001,160,6.013729525996287e-06,8.507835195472391e-06,7.367323059630825e-06,0.007367323059630825,2.4423750045464527e-08
trained-s42,0.001,161,5.961065176182363e-06,8.441828505739049e-06,7.307706532239716e-06,0.007307706532239716,2.424173394504809e-08
trained-s42,0.001,162,5.90886199852773e-06,8.376185910418642e-06,7.248490412011085e-06,0.007248490412011085,2.4058205498229857e-08
trained-s42,0.001,163,5.857115920926737e-06,8.310909413825087e-06,7.189674054213278e-06,0.007189674054213278,2.39766407670288e-08
trained-s42,0.001,164,5.805823232019081e-06,8.246001302202197e-06,7.131257131896639e-06,0.007131257131896639,2.3680520042471395e-08
trained-s42,0.001,165,5.75497963988521e-06,8.181463115806961e-06,7.0732386572901505e-06,0.00707323865729015,2.3477354733893426e-08
trained-s42,0.001,166,5.7045813140309355e-06,8.117296515503295e-06,7.015617907991386e-06,0.007015617907991386,2.333807614067995e-08
trained-s42,0.001,167,5.654624354255988e-06,8.053503205860902e-06,6.958394164577903e-06,0.006958394164577903,2.3177215562103037e-08
trained-s42,0.001,168,5.605104748369621e-06,7.990084640669681e-06,6.901566523834437e-06,0.006901566523834436,2.306404125637197e-08
trained-s42,0.001,169,5.556018857105528e-06,7.927042076593946e-06,6.84513412669738e-06,0.00684513412669738,2.2932404747902603e-08
trained-s42,0.001,170,5.507362748869911e-06,7.864376702294568e-06,6.7890959612042e-06,0.0067890959612042,2.282480693803309e-08
trained-s42,0.001,171,5.459132774494725e-06,7.802089527041541e-06,6.733451031950663e-06,0.006733451031950663,2.275467027071893e-08
trained-s42,0.001,172,5.411325360289587e-06,7.740181695334187e-06,6.678198458230171e-06,0.006678198458230171,2.2531651646906965e-08
trained-s42,0.001,173,5.3639365831488405e-06,7.678653959841911e-06,6.623336995420563e-06,0.006623336995420563,2.2287357067759722e-08
trained-s42,0.001,174,5.316962797344349e-06,7.6175069686084155e-06,6.568865455756338e-06,0.006568865455756338,2.2080035388107133e-08
trained-s42,0.001,175,5.2704003203115225e-06,7.556741391792718e-06,6.51478265437097e-06,0.00651478265437097,2.1863220265876683e-08
trained-s42,0.001,176,5.224245651961659e-06,7.496357684737903e-06,6.461087359666628e-06,0.006461087359666628,2.1668963070943832e-08
trained-s42,0.001,177,5.178495206999446e-06,7.436356235933267e-06,6.407778271433345e-06,0.006407778271433345,2.150333267886636e-08
trained-s42,0.001,178,5.133145356707849e-06,7.376737584262386e-06,6.354854162933949e-06,0.0063548541629339485,2.128884435064783e-08
trained-s42,0.001,179,5.088192580440117e-06,7.317501785415793e-06,6.30231357518522e-06,0.00630231357518522,2.1110968782704474e-08
trained-s42,0.001,180,5.043633478853411e-06,7.258648954535019e-06,6.250155136538098e-06,0.006250155136538098,2.0972275740783122e-08
trained-s42,0.001,181,4.999464631049283e-06,7.200179221728428e-06,6.1983774781079786e-06,0.006198377478107978,2.0810847658101052e-08
trained-s42,0.001,182,4.955682549927908e-06,7.142092511966374e-06,6.146979089091684e-06,0.006146979089091684,2.070049261170725e-08
trained-s42,0.001,183,4.912283905279921e-06,7.084388700581237e-06,6.095958496651485e-06,0.006095958496651485,2.0587229495190034e-08
trained-s42,0.001,184,4.869265306382218e-06,7.027067759213062e-06,6.0453142621950994e-06,0.006045314262195099,2.043196963021171e-08
trained-s42,0.001,185,4.826623491913272e-06,6.970129356706462e-06,5.995044826651273e-06,0.005995044826651272,2.0221008129688403e-08
trained-s42,0.001,186,4.784354993883925e-06,6.91357305376687e-06,5.945148487478044e-06,0.005945148487478043,2.0081306806655735e-08
trained-s42,0.001,187,4.742456763260397e-06,6.85739849933734e-06,5.895623765047959e-06,0.005895623765047958,1.9907092780133905e-08
trained-s42,0.001,188,4.700925404032474e-06,6.801605084632517e-06,5.846468892838962e-06,0.005846468892838961,1.9815508156892974e-08
trained-s42,0.001,189,4.6597577032777966e-06,6.746192556369391e-06,5.79768238696718e-06,0.00579768238696718,1.9638946225691403e-08
trained-s42,0.001,190,4.6189505501442875e-06,6.69115999925168e-06,5.749262422356662e-06,0.0057492624223566624,1.951926873806979e-08
trained-s42,0.001,191,4.578500828919518e-06,6.636506939452728e-06,5.701207430810164e-06,0.005701207430810163,1.9336289787854783e-08
trained-s42,0.001,192,4.538405232432611e-06,6.582232533313269e-06,5.653515554212675e-06,0.005653515554212675,1.9192603074182184e-08
trained-s42,0.001,193,4.498660807456257e-06,6.528335963292744e-06,5.606185093861028e-06,0.005606185093861028,1.9075442710064645e-08
trained-s42,0.001,194,4.459264481926717e-06,6.474816435257755e-06,5.559214319187191e-06,0.00555921431918719,1.894325956956708e-08
trained-s42,0.001,195,4.420213171467643e-06,6.4216731274281695e-06,5.512601480149132e-06,0.005512601480149132,1.8755701150763044e-08
trained-s42,0.001,196,4.381503846398445e-06,6.368904898360083e-06,5.466344664607398e-06,0.0054663446646073975,1.8637272513384996e-08
trained-s42,0.001,197,4.343133506461402e-06,6.316510965732987e-06,5.420442182935457e-06,0.005420442182935457,1.844261021163911e-08
trained-s42,0.001,198,4.305099150008686e-06,6.264490076835278e-06,5.3748920727431164e-06,0.005374892072743116,1.8321348333340136e-08
trained-s42,0.001,199,4.267397845017273e-06,6.212841240684147e-06,5.3296925537340036e-06,0.0053296925537340036,1.8193540789346463e-08
trained-s42,0.001,200,4.230026817910282e-06,6.161563249308043e-06,5.284841784058624e-06,0.005284841784058624,1.8047002722826015e-08
trained-s42,0.001,201,4.192983004742971e-06,6.110654984786498e-06,5.240337859458789e-06,0.005240337859458789,1.787774137965289e-08
trained-s42,0.001,202,4.1562636292157245e-06,6.0601151403661724e-06,5.196178882325203e-06,0.0051961788823252026,1.7737795126661132e-08
trained-s42,0.001,203,4.119865729592341e-06,6.009942567949965e-06,5.152362974393744e-06,0.005152362974393743,1.7576411487248225e-08
trained-s42,0.001,204,4.083786611205166e-06,5.96013591901438e-06,5.108888248802854e-06,0.005108888248802854,1.7399113623254706e-08
trained-s42,0.001,205,4.048023472699861e-06,5.910693798960614e-06,5.065752750511828e-06,0.005065752750511828,1.7225185086543358e-08
trained-s42,0.001,206,4.0125735775809415e-06,5.8616147644071735e-06,5.0229545231342966e-06,0.005022954523134297,1.7085774391806107e-08
trained-s42,0.001,207,3.977434054425533e-06,5.812897459932226e-06,4.980491608481762e-06,0.004980491608481762,1.6989622628336346e-08
trained-s42,0.001,208,3.942602304697039e-06,5.764540508580202e-06,4.938362146178061e-06,0.004938362146178061,1.683128646008669e-08
trained-s42,0.001,209,3.908075607777755e-06,5.716542530343412e-06,4.89656422606291e-06,0.0048965642260629105,1.6614646228473595e-08
trained-s42,0.001,210,3.873851255697316e-06,5.668901792855201e-06,4.855095738738082e-06,0.004855095738738082,1.6458368658915637e-08
trained-s42,0.001,211,3.8399265984322295e-06,5.621616843424807e-06,4.813954761892296e-06,0.004813954761892296,1.631284268219865e-08
trained-s42,0.001,212,3.8062989768346637e-06,5.5746861455148726e-06,4.773139321526191e-06,0.004773139321526191,1.6189182815605135e-08
trained-s42,0.001,213,3.772965871126662e-06,5.528108106194998e-06,4.732647467319933e-06,0.004732647467319933,1.6056961163327325e-08
trained-s42,0.001,214,3.7399246796996228e-06,5.48188122991422e-06,4.692477273686918e-06,0.004692477273686918,1.5861768948656134e-08
trained-s42,0.001,215,3.7071727466281273e-06,5.436003700431691e-06,4.652626607310213e-06,0.0046526266073102125,1.5753178009261947e-08
trained-s42,0.001,216,3.6747076731805603e-06,5.390473900368054e-06,4.613093553980165e-06,0.004613093553980165,1.5657885780407877e-08
trained-s42,0.001,217,3.642526960916327e-06,5.345290248758364e-06,4.5738761818681455e-06,0.004573876181868146,1.5513590609217553e-08
trained-s42,0.001,218,3.6106280910624748e-06,5.3004509200113275e-06,4.534972408919597e-06,0.004534972408919597,1.541222019988893e-08
trained-s42,0.001,219,3.5790085592315604e-06,5.255954354029096e-06,4.496380314297647e-06,0.004496380314297646,1.526681596781328e-08
trained-s42,0.001,220,3.5476659982081868e-06,5.211798704692128e-06,4.458097865397141e-06,0.0044580978653971405,1.5121530953383566e-08
trained-s42,0.001,221,3.5165979654982083e-06,5.167982389207845e-06,4.4201231542073505e-06,0.004420123154207351,1.4892570887581108e-08
trained-s42,0.001,222,3.4858019402451775e-06,5.12450341968599e-06,4.382454005530846e-06,0.004382454005530846,1.4736287857639945e-08
trained-s42,0.001,223,3.4552755208260713e-06,5.0813601312817965e-06,4.34508848048242e-06,0.00434508848048242,1.4616866611434252e-08
trained-s42,0.001,224,3.425016465795739e-06,5.0385507085283705e-06,4.308024616856478e-06,0.004308024616856478,1.4486235946078078e-08
trained-s42,0.001,225,3.3950224116538613e-06,4.996073364492445e-06,4.271260420866973e-06,0.004271260420866973,1.434752670455529e-08
trained-s42,0.001,226,3.3652910460071237e-06,4.953926253558682e-06,4.234793885341491e-06,0.004234793885341491,1.4208650943016672e-08
trained-s42,0.001,227,3.3358200106880036e-06,4.912107590065521e-06,4.198623020282677e-06,0.004198623020282677,1.406513039777853e-08
trained-s42,0.001,228,3.306607078371398e-06,4.870615476700361e-06,4.162745822997385e-06,0.004162745822997385,1.3927548771715731e-08
trained-s42,0.001,229,3.2776499583466964e-06,4.8294481151837045e-06,4.127160323788395e-06,0.004127160323788395,1.3787480190790363e-08
trained-s42,0.001,230,3.248946419067496e-06,4.788603614553542e-06,4.091864522785648e-06,0.004091864522785648,1.36667883689135e-08
trained-s42,0.001,231,3.2204943019741987e-06,4.748080056520311e-06,4.056856433571933e-06,0.004056856433571933,1.3548609307073596e-08
trained-s42,0.001,232,3.1922913071065515e-06,4.707875639492236e-06,4.022134082009866e-06,0.004022134082009866,1.3432329850262318e-08
trained-s42,0.001,233,3.164335288185489e-06,4.667988449458714e-06,3.987695489600661e-06,0.003987695489600661,1.3314823848012174e-08
trained-s42,0.001,234,3.136624079199916e-06,4.628416625140893e-06,3.953538701404255e-06,0.0039535387014042545,1.3190187914120985e-08
trained-s42,0.001,235,3.1091555624401532e-06,4.589158260292427e-06,3.91966175547969e-06,0.00391966175547969,1.3043659980689632e-08
trained-s42,0.001,236,3.081927564490107e-06,4.550211417436842e-06,3.8860626498819945e-06,0.0038860626498819946,1.2918313265492856e-08
trained-s42,0.001,237,3.0549380264826074e-06,4.511574234037185e-06,3.852739472376446e-06,0.0038527394723764457,1.276555435775168e-08
trained-s42,0.001,238,3.0281849011790613e-06,4.473244717350779e-06,3.819690239200321e-06,0.0038196902392003207,1.2632755102468627e-08
trained-s42,0.001,239,3.001666072408419e-06,4.435220902756929e-06,3.7869129560862094e-06,0.0037869129560862093,1.2565087508328483e-08
trained-s42,0.001,240,2.9753793976418316e-06,4.397501049308294e-06,3.7544057494476438e-06,0.003754405749447644,1.2469055777871812e-08
trained-s42,0.001,241,2.949322968301277e-06,4.360083243822541e-06,3.7221667379645334e-06,0.0037221667379645335,1.2316518733503178e-08
trained-s42,0.001,242,2.9234947003171002e-06,4.322965366166756e-06,3.690193849894414e-06,0.003690193849894414,1.2243516164616975e-08
trained-s42,0.001,243,2.897892624909374e-06,4.2861455950594505e-06,3.6584852342947927e-06,0.0036584852342947927,1.2170490578862237e-08
trained-s42,0.001,244,2.8725147563659773e-06,4.249622121893395e-06,3.627039041098428e-06,0.003627039041098428,1.2038910016738688e-08
trained-s42,0.001,245,2.847359103289746e-06,4.213392846678342e-06,3.5958532476517657e-06,0.0035958532476517654,1.1966261805479673e-08
trained-s42,0.001,246,2.8224238028277985e-06,4.177455917978661e-06,3.564926027984149e-06,0.003564926027984149,1.1863628609625057e-08
trained-s42,0.001,247,2.797706821959743e-06,4.141809376445021e-06,3.534255425675763e-06,0.003534255425675763,1.17952723822841e-08
trained-s42,0.001,248,2.773206305927526e-06,4.106451429486391e-06,3.5038396527742267e-06,0.0035038396527742265,1.1677779736849144e-08
trained-s42,0.001,249,2.7489203814351053e-06,4.0713799831887575e-06,3.4736767376909477e-06,0.0034736767376909476,1.158380961441361e-08
trained-s42,0.001,250,2.724847113258476e-06,4.036593243609179e-06,3.4437648602243968e-06,0.0034437648602243967,1.1463360415319084e-08
trained-s42,0.001,251,2.7009847055171953e-06,4.002089182954737e-06,3.414102118390362e-06,0.0034141021183903618,1.1356498491435186e-08
trained-s42,0.001,252,2.6773312214828903e-06,3.9678658730087345e-06,3.3846866130858536e-06,0.0033846866130858534,1.1296512426898827e-08
trained-s42,0.001,253,2.6538848622656495e-06,3.933921487897746e-06,3.3555165596988648e-06,0.0033555165596988647,1.1227038840714896e-08
trained-s42,0.001,254,2.630643908259494e-06,3.900254080016857e-06,3.326590133998798e-06,0.003326590133998798,1.1126074834581811e-08
trained-s42,0.001,255,2.607606417671195e-06,3.8668617362645854e-06,3.2979054440696143e-06,0.0032979054440696143,1.1060240578328803e-08
trained-s42,0.001,256,2.584770700231131e-06,3.833742615493162e-06,3.2694607398944784e-06,0.0032694607398944782,1.0943965882525223e-08
trained-s42,1.0,0,0.46698526512327204,0.020863975551687206,0.33053785208208314,0.33053785208208314,0.10346999945630264
trained-s42,1.0,1,0.18033658896434668,0.024591150358787384,0.12869816595903927,0.12869816595903927,0.04208335183605449
trained-s42,1.0,2,0.10458209334337573,0.025446129407194408,0.07611596556332301,0.07611596556332301,0.02526788428980646
trained-s42,1.0,3,0.07133511597074624,0.025530532093897274,0.05359845347466229,0.05359845347466229,0.018275082586524792
trained-s42,1.0,4,0.05239906475652235,0.025278087085869438,0.04117974379681247,0.04117974379681247,0.014573907520882577
trained-s42,1.0,5,0.04046363269667135,0.024827428539874376,0.033623990493370365,0.033623990493370365,0.0124445847951953
trained-s42,1.0,6,0.03255535246509242,0.02425233823806049,0.028771783117256804,0.028771783117256804,0.011164038846733608
trained-s42,1.0,7,0.027127529983995702,0.023601156651436007,0.025504515857717583,0.025504515857717583,0.010365191752266656
trained-s42,1.0,8,0.02329451217326396,0.022907256462340687,0.023198002270572216,0.023198002270572216,0.009850247361536613
trained-s42,1.0,9,0.02051918422761235,0.0221940222725966,0.02149108282263093,0.02149108282263093,0.009507841787213015
trained-s42,1.0,10,0.018463371639880113,0.021477966185661165,0.020169917548266292,0.020169917548266292,0.00927222777811817
trained-s42,1.0,11,0.016907254339857944,0.020770753414675863,0.01910486555391168,0.01910486555391168,0.00910346257438351
trained-s42,1.0,12,0.01570446942854031,0.02008055583492465,0.018215654571921397,0.018215654571921397,0.008977073077702173
trained-s42,1.0,13,0.01475568770038232,0.01941298260632453,0.01745161165455237,0.01745161165455237,0.008878149246635412
trained-s42,1.0,14,0.013992358238291128,0.018771740916183822,0.01678011705099427,0.01678011705099427,0.008797643900818133
trained-s42,1.0,15,0.013366401456191246,0.018159116770014246,0.016179698447618802,0.016179698447618802,0.008730032322895273
trained-s42,1.0,16,0.012843584774208472,0.017576332001982935,0.015635850260934128,0.015635850260934128,0.00867186639141022
trained-s42,1.0,17,0.012399207168311483,0.017023813891214254,0.015138481840548912,0.015138481840548912,0.008620917861915597
trained-s42,1.0,18,0.01201523948032106,0.016501400753280892,0.014680348279257873,0.014680348279257873,0.008575684374532988
trained-s42,1.0,19,0.01167838561598297,0.016008500191640032,0.014256073466631292,0.014256073466631292,0.008535109775824702
trained-s42,1.0,20,0.011378746783754366,0.015544211257643638,0.013861535581591393,0.013861535581591393,0.008498420710695878
trained-s42,1.0,21,0.011108881052640747,0.01510741886172252,0.01349347201948268,0.01349347201948268,0.008465031041025091
trained-s42,1.0,22,0.010863138768239067,0.014696867036106355,0.013149223595058449,0.013149223595058449,0.008434480877065453
trained-s42,1.0,23,0.010637187338461975,0.014311215107990114,0.012826565415213941,0.012826565415213941,0.008406397558022947
trained-s42,1.0,24,0.010427669832948004,0.01394908066918736,0.012523593653367786,0.012523593653367786,0.008380470125497225
trained-s42,1.0,25,0.010231959203096316,0.013609072288786328,0.012238649283656521,0.012238649283656521,0.008356431590899738
trained-s42,1.0,26,0.010047978515441513,0.013289813606264458,0.011970264882393528,0.011970264882393528,0.008334048132595388
trained-s42,1.0,27,0.009874070604274785,0.012989961584628403,0.011717128244789403,0.011717128244789403,0.008313110796418926
trained-s42,1.0,28,0.009708899566634153,0.012708218571164366,0.01147805480500563,0.01147805480500563,0.00829343175703504
trained-s42,1.0,29,0.009551380827798854,0.01244334152734896,0.011251969597599375,0.011251969597599375,0.008274839230588388
trained-s42,1.0,30,0.009400624711551432,0.012194147323829126,0.01103789145314418,0.01103789145314418,0.008257176552575752
trained-s42,1.0,31,0.009255896075090454,0.011959515930656861,0.01083492217191463,0.01083492217191463,0.008240299787997368
trained-s42,1.0,32,0.009116582556216916,0.011738391585446444,0.01064223724328112,0.01064223724328112,0.008224076722503046
trained-s42,1.0,33,0.008982169705290272,0.01152978277158089,0.010459078332010187,0.010459078332010187,0.008208385963807092
trained-s42,1.0,34,0.008852222397886696,0.01133276141975093,0.010284747354789526,0.010284747354789526,0.008193115761568691
trained-s42,1.0,35,0.008726369587952199,0.011146460572125837,0.010118600741639632,0.010118600741639632,0.008178163731005583
trained-s42,1.0,36,0.008604292749562193,0.010970072397600266,0.009960045061372023,0.009960045061372023,0.00816343587709504
trained-s42,1.0,37,0.008485716261190733,0.010802845481562868,0.00980853271163057,0.00980853271163057,0.008148846266026433
trained-s42,1.0,38,0.008370400227353471,0.0106440818333612,0.009663558317287135,0.009663558317287135,0.00813431636116953
trained-s42,1.0,39,0.008258133915624317,0.010493134101737175,0.009524655190744224,0.009524655190744224,0.008119774784918949
trained-s42,1.0,40,0.008148731671652469,0.010349402404150911,0.00939139256222197,0.00939139256222197,0.008105156505570595
trained-s42,1.0,41,0.0080420284062364,0.010212331625533913,0.009263372624444217,0.009263372624444217,0.008090402659714405
trained-s42,1.0,42,0.007937876573700497,0.010081408517702969,0.009140228065638167,0.009140228065638167,0.008075460029968
trained-s42,1.0,43,0.00783614373148691,0.009956158642884454,0.009021619662318384,0.009021619662318384,0.008060280691517823
trained-s42,1.0,44,0.007736709864455156,0.00983614414084082,0.008907234084854207,0.008907234084854207,0.008044821768616726
trained-s42,1.0,45,0.007639466517926659,0.009720960838900668,0.008796782155086919,0.008796782155086919,0.008029044707362668
trained-s42,1.0,46,0.007544314277499264,0.00961023607525639,0.008689996605097438,0.008689996605097438,0.008012915488616091
trained-s42,1.0,47,0.007451161919132725,0.00950362638949105,0.008586630567672945,0.008586630567672945,0.007996404077893695
trained-s42,1.0,48,0.007359925965490791,0.009400815447726241,0.008486456268892639,0.008486456268892639,0.007979483829355684
trained-s42,1.0,49,0.007270528742208696,0.009301511810037808,0.008389262993615188,0.008389262993615188,0.007962131897760585
trained-s42,1.0,50,0.007182898681972649,0.009205447397947387,0.008294856361734231,0.008294856361734231,0.007944328274500355
trained-s42,1.0,51,0.007096968705311547,0.0091123756767891,0.008203056631171844,0.008203056631171844,0.007926056109673958
trained-s42,1.0,52,0.0070126767773636,0.00902206982750641,0.008113697917891141,0.008113697917891141,0.007907301015071228
trained-s42,1.0,53,0.006929964432898011,0.008934321449264645,0.008026626797040666,0.008026626797040666,0.007888051300885905
trained-s42,1.0,54,0.0068487769353762105,0.008848939004952351,0.007941701521371665,0.007941701521371665,0.00786829754132424
trained-s42,1.0,55,0.0067690628766398225,0.008765746792721405,0.007858791226478078,0.007858791226478078,0.00784803228212581
trained-s42,1.0,56,0.006690773582228812,0.008684583209556757,0.007777774691227082,0.007777774691227082,0.007827250315156735
trained-s42,1.0,57,0.006613863336601113,0.008605300312254063,0.007698540159610682,0.007698540159610682,0.007805947898944914
trained-s42,1.0,58,0.006538289000931545,0.008527762136764863,0.007620984226362789,0.007620984226362789,0.007784123003084954
trained-s42,1.0,59,0.006464009492725983,0.008451844153642963,0.007545011259250887,0.007545011259250887,0.007761775152131415
trained-s42,1.0,60,0.006390985562602267,0.008377432139919419,0.007470532662812355,0.007470532662812355,0.00773890541676243
trained-s42,1.0,61,0.006319180379791864,0.008304421403855313,0.007397466675161642,0.007397466675161642,0.0077155158776643805
trained-s42,1.0,62,0.006248558628456377,0.008232716163871553,0.00732573760224157,0.00732573760224157,0.007691609844261915
trained-s42,1.0,63,0.0061790868056242594,0.008162228684594326,0.007255275433447816,0.007255275433447816,0.007667191616078352
trained-s42,1.0,64,0.006110732766253345,0.008092878637100502,0.007186015278626641,0.007186015278626641,0.0076422665409827785
trained-s42,1.0,65,0.006043465901241426,0.008024592772866926,0.00711789723769273,0.00711789723769273,0.007616840638651608
trained-s42,1.0,66,0.00597725688207019,0.007957303620270818,0.007050865536283689,0.007050865536283689,0.007590921001619764
trained-s42,1.0,67,0.005912077801255383,0.0078909499872708,0.006984868855925295,0.006984868855925295,0.0075645150621990636
trained-s42,1.0,68,0.005847901733024197,0.007825475722912478,0.006919859427935682,0.006919859427935682,0.0075376310997248485
trained-s42,1.0,69,0.005784702948825701,0.007760829412295047,0.0068557929395533955,0.0068557929395533955,0.007510277973974183
trained-s42,1.0,70,0.005722456774447061,0.007696964562018611,0.006792628566233847,0.006792628566233847,0.007482464780902804
trained-s42,1.0,71,0.005661139586596248,0.007633838253585316,0.006730328191144876,0.006730328191144876,0.0074542012848201585
trained-s42,1.0,72,0.005600728503253741,0.007571411735977351,0.00666885659929554,0.00666885659929554,0.0074254975086938
trained-s42,1.0,73,0.005541201680131052,0.0075096494702280555,0.006608181045441359,0.006608181045441359,0.007396363836448513
trained-s42,1.0,74,0.005482538122749569,0.007448519087874096,0.0065482711439406385,0.0065482711439406385,0.00736681091433709
trained-s42,1.0,75,0.005424717269410044,0.00738799108066651,0.006489098504248307,0.006489098504248307,0.007336849823413085
trained-s42,1.0,76,0.005367719891703604,0.007328038760715716,0.0064306370812020515,0.0064306370812020515,0.007306491452602076
trained-s42,1.0,77,0.005311527012504877,0.007268637699108351,0.006372862385432039,0.006372862385432039,0.007275747168351577
trained-s42,1.0,78,0.005256120421893271,0.007209765807923329,0.006315751736817055,0.006315751736817055,0.007244628354495281
trained-s42,1.0,79,0.005201482822417351,0.007151402772505155,0.006259284001934704,0.006259284001934704,0.007213146495532367
trained-s42,1.0,80,0.0051475970198452655,0.007093530452498276,0.006203439466521006,0.006203439466521006,0.007181313213920273
trained-s42,1.0,81,0.005094446881443371,0.007036132042105502,0.006148199757040669,0.006148199757040669,0.007149140142521533
trained-s42,1.0,82,0.005042016583356325,0.006979192692723858,0.006093547866358157,0.006093547866358157,0.007116638830039783
trained-s42,1.0,83,0.004990290761671841,0.006922698564126345,0.006039467678815884,0.006039467678815884,0.007083821074873083
trained-s42,1.0,84,0.004939254602503131,0.006866637404119513,0.0059859443224700454,0.0059859443224700454,0.007050698465093275
trained-s42,1.0,85,0.004888893891848483,0.006810997875394773,0.005932963803937798,0.005932963803937798,0.00701728263599035
trained-s42,1.0,86,0.004839194925019185,0.00675576983702322,0.005880513123219521,0.005880513123219521,0.006983585073288338
trained-s42,1.0,87,0.004790144236852205,0.006700944337719226,0.0058285801557502095,0.0058285801557502095,0.006949617171905701
trained-s42,1.0,88,0.00474172883956259,0.006646512853443121,0.0057771533090006455,0.0057771533090006455,0.0069153904604568345
trained-s42,1.0,89,0.004693936135051954,0.006592467993665703,0.00572622187906714,0.00572622187906714,0.006880916205298176
trained-s42,1.0,90,0.004646754073016276,0.006538803100193202,0.005675775890889582,0.005675775890889582,0.006846205483358601
trained-s42,1.0,91,0.004600170719084721,0.00648551197793943,0.0056258057576818645,0.0056258057576818645,0.0068112694757500765
trained-s42,1.0,92,0.004554174434115357,0.0064325891083961044,0.005576302469995461,0.005576302469995461,0.006776119231979054
trained-s42,1.0,93,0.004508754419227727,0.00638002957482839,0.005527257775445556,0.005527257775445556,0.006740765393114679
trained-s42,1.0,94,0.004463899661109836,0.006327828964726807,0.0054786636873845485,0.0054786636873845485,0.006705218711472616
trained-s42,1.0,95,0.004419599752160379,0.006275983113020649,0.005430512667224829,0.005430512667224829,0.006669489755178254
trained-s42,1.0,96,0.0043758444176695355,0.0062244884030089945,0.0053827976019185635,0.0053827976019185635,0.006633588934799062
trained-s42,1.0,97,0.004332623869163349,0.006173341661685939,0.005335511885025436,0.005335511885025436,0.006597526367689595
trained-s42,1.0,98,0.0042899283501532355,0.0061225399221556285,0.005288649091442526,0.005288649091442526,0.006561312180506359
trained-s42,1.0,99,0.00424774856725369,0.0060720804772083,0.005242203179149771,0.005242203179149771,0.0065249562622387465
trained-s42,1.0,100,0.004206075408027331,0.006021961002345208,0.005196168446434685,0.005196168446434685,0.006488468298110274
trained-s42,1.0,101,0.004164899997328321,0.005972179265440492,0.005150539381531645,0.005150539381531645,0.006451857876596492
trained-s42,1.0,102,0.004124213756172464,0.0059227332869472155,0.005105310779861307,0.005105310779861307,0.006415134362080338
trained-s42,1.0,103,0.004084008282713376,0.005873621254800103,0.005060477639290594,0.005060477639290594,0.0063783069717516854
trained-s42,1.0,104,0.004044275335423765,0.005824841565200185,0.0050160351794066105,0.0050160351794066105,0.006341384747571396
trained-s42,1.0,105,0.004005006988426813,0.005776392822669193,0.004971978902816641,0.004971978902816641,0.006304376465931101
trained-s42,1.0,106,0.003966195562348921,0.00572827352998854,0.004928304378479989,0.004928304378479989,0.0062672908298896796
trained-s42,1.0,107,0.003927833334782024,0.00568048251314573,0.0048850073790479304,0.0048850073790479304,0.00623013635109582
trained-s42,1.0,108,0.003889913049456794,0.00563301852668836,0.004842083848582095,0.004842083848582095,0.006192921327160563
trained-s42,1.0,109,0.0038524275078574994,0.005585880518622292,0.004799529893752549,0.004799529893752549,0.006155653871365601
trained-s42,1.0,110,0.003815369632759072,0.0055390674249332335,0.004757341687171294,0.004757341687171294,0.00611834198364696
trained-s42,1.0,111,0.0037787327424894357,0.005492578298655522,0.004715515650606657,0.004715515650606657,0.006080993352785466
trained-s42,1.0,112,0.003742510084546006,0.005446412238065036,0.0046740482275695145,0.0046740482275695145,0.006043615595023747
trained-s42,1.0,113,0.0037066950535213396,0.005400568347416785,0.004632935943123348,0.004632935943123348,0.006006216174640806
trained-s42,1.0,114,0.0036712813475243394,0.00535504574253314,0.004592175469372646,0.004592175469372646,0.005968802322658189
trained-s42,1.0,115,0.003636262796207328,0.005309843608700756,0.004551763590640993,0.004551763590640993,0.005931381075676798
trained-s42,1.0,116,0.0036016332867317676,0.005264961133026222,0.0045116971339038674,0.0045116971339038674,0.005893959347606139
trained-s42,1.0,117,0.0035673869405024776,0.005220397569098524,0.004471973072605573,0.004471973072605573,0.005856543804750505
trained-s42,1.0,118,0.0035335179219993435,0.0051761521280970346,0.004432588388679521,0.004432588388679521,0.005819141012782751
trained-s42,1.0,119,0.0035000206690733475,0.00513222386898382,0.004393540098987839,0.004393540098987839,0.005781757390687908
trained-s42,1.0,120,0.003466889605494715,0.005088612139734832,0.004354825396747723,0.004354825396747723,0.005744399090380761
trained-s42,1.0,121,0.003434119365287814,0.005045316100302802,0.0043164414635215465,0.0043164414635215465,0.005707072163923937
trained-s42,1.0,122,0.0034017046260066105,0.005002334749909628,0.004278385414029934,0.004278385414029934,0.005669782619369451
trained-s42,1.0,123,0.0033696401789155097,0.004959667453100875,0.004240654635162921,0.004240654635162921,0.005632536091017806
trained-s42,1.0,124,0.003337920977395962,0.004917313265171933,0.004203246407716955,0.004203246407716955,0.0055953381997057815
trained-s42,1.0,125,0.0033065421389592625,0.004875271401052599,0.004166158180842571,0.004166158180842571,0.005558194287663125
trained-s42,1.0,126,0.003275498666113938,0.0048335408688732606,0.004129387247407831,0.004129387247407831,0.005521109744234419
trained-s42,1.0,127,0.0032447860013334706,0.004792120795490822,0.004092931152956489,0.004092931152956489,0.005484089583059213
trained-s42,1.0,128,0.003214399431328975,0.004751010296934653,0.004056787384518512,0.004056787384518512,0.005447138773746786
trained-s42,1.0,129,0.0031843344866609026,0.00471020837175932,0.004020953462103445,0.004020953462103445,0.005410262127809992
trained-s42,1.0,130,0.003154586550478882,0.004669714104473855,0.003985426908706023,0.003985426908706023,0.0053734643574488575
trained-s42,1.0,131,0.003125151373177833,0.004629526397241435,0.003950205292058401,0.003950205292058401,0.005336750001018269
trained-s42,1.0,132,0.003096024663810204,0.004589644262745163,0.003915286234294244,0.003915286234294244,0.005300123438049512
trained-s42,1.0,133,0.0030672021898713294,0.004550066616665433,0.0038806673316607227,0.0038806673316607227,0.005263588963493311
trained-s42,1.0,134,0.0030386799447398496,0.004510792403056955,0.003846346290262008,0.003846346290262008,0.0052271506458123965
trained-s42,1.0,135,0.0030104538313853765,0.004471820540004555,0.0038123207724687627,0.0038123207724687627,0.005190812496668055
trained-s42,1.0,136,0.002982519946320177,0.0044331497731906165,0.0037785884208873213,0.0037785884208873213,0.005154578431548217
trained-s42,1.0,137,0.0029548743853312215,0.004394779068548621,0.0037451470130354793,0.0037451470130354793,0.005118452132391882
trained-s42,1.0,138,0.002927513323523597,0.004356707165723858,0.0037119942282728587,0.0037119942282728587,0.005082437269036564
trained-s42,1.0,139,0.002900433107644881,0.004318932914286542,0.0036791278826928072,0.0036791278826928072,0.005046537270842252
trained-s42,1.0,140,0.002873630047283985,0.004281455018102519,0.0036465456984260698,0.0036465456984260698,0.005010755561341708
trained-s42,1.0,141,0.0028471006017696697,0.0042442722348349305,0.003614245489694274,0.003614245489694274,0.004975095367416853
trained-s42,1.0,142,0.0028208411872320937,0.00420738330480147,0.003582225049099315,0.003582225049099315,0.004939559846387431
trained-s42,1.0,143,0.002794848380764041,0.00417078688419804,0.0035504821863875263,0.0035504821863875263,0.004904152034349697
trained-s42,1.0,144,0.0027691189450428895,0.004134481613647748,0.003519014777991416,0.003519014777991416,0.004868874802744788
trained-s42,1.0,145,0.0027436492945189265,0.004098466199121436,0.0034878206048815086,0.0034878206048815086,0.004833731037838957
trained-s42,1.0,146,0.0027184363765942817,0.004062739234160623,0.0034568975947484324,0.0034568975947484324,0.00479872337322775
trained-s42,1.0,147,0.0026934768632123026,0.004027299274409752,0.003426243548566411,0.003426243548566411,0.004763854489375394
trained-s42,1.0,148,0.0026687676175428878,0.00399214497286495,0.003395856401261741,0.003395856401261741,0.004729126841965993
trained-s42,1.0,149,0.002644305571257361,0.003957274847136839,0.0033657340373445116,0.0033657340373445116,0.004694542848178333
trained-s42,1.0,150,0.0026200876932747467,0.0039226874866813465,0.003335874401820153,0.003335874401820153,0.004660104784138915
trained-s42,1.0,151,0.0025961109697363273,0.003888381332359328,0.003306275359441311,0.003306275359441311,0.00462581492234811
trained-s42,1.0,152,0.0025723724646761407,0.0038543549404673636,0.003276934876912029,0.003276934876912029,0.004591675354191145
trained-s42,1.0,153,0.002548869324144979,0.0038206068006073988,0.0032478509156904844,0.0032478509156904844,0.0045576880958277674
trained-s42,1.0,154,0.002525598730738802,0.0037871353523605193,0.003219021423916622,0.003219021423916622,0.004523855101337494
trained-s42,1.0,155,0.0025025578755309957,0.003753939023798589,0.0031904443483625725,0.0031904443483625725,0.004490178252391391
trained-s42,1.0,156,0.0024797439841555773,0.0037210163032992635,0.003162117685312246,0.003162117685312246,0.00445665930865806
trained-s42,1.0,157,0.0024571543634267848,0.003688365638341887,0.0031340394419734465,0.0031340394419734465,0.004423299949093502
trained-s42,1.0,158,0.0024347863865854242,0.0036559854239574764,0.0031062076202909906,0.0031062076202909906,0.0043901017851661565
trained-s42,1.0,159,0.0024126374108671845,0.0036238740634529196,0.003078620223986638,0.003078620223986638,0.004357066362869378
trained-s42,1.0,160,0.0023907048900814777,0.0035920299461273844,0.0030512752870069243,0.0030512752870069243,0.004324195131151466
trained-s42,1.0,161,0.002368986311878934,0.0035604514289787363,0.003024170838771448,0.003024170838771448,0.004291489480340456
trained-s42,1.0,162,0.002347479154476449,0.0035291368827046533,0.0029973049142853836,0.0029973049142853836,0.004258950734451417
trained-s42,1.0,163,0.002326181086922178,0.0034980846489257285,0.002970675607078691,0.002970675607078691,0.004226580095191287
trained-s42,1.0,164,0.002305089552165439,0.0034672931207492823,0.0029442809534864648,0.0029442809534864648,0.004194378770836077
trained-s42,1.0,165,0.002284202244974594,0.003436760583952303,0.0029181190263645094,0.0029181190263645094,0.00416234786976856
trained-s42,1.0,166,0.0022635168622469133,0.0034064853822825297,0.002892187934436396,0.002892187934436396,0.0041304884126476624
trained-s42,1.0,167,0.0022430310597109744,0.0033764659092296086,0.002866485800448201,0.002866485800448201,0.004098801354507392
trained-s42,1.0,168,0.0022227426112360277,0.0033467004588630823,0.0028410107361223724,0.0028410107361223724,0.004067287607484701
trained-s42,1.0,169,0.002202649284614647,0.0033171873361804017,0.0028157608566768103,0.0028157608566768103,0.004035948030860423
trained-s42,1.0,170,0.002182748902292398,0.003287924838584689,0.0027907342960588047,0.0027907342960588047,0.004004783417659161
trained-s42,1.0,171,0.0021630392564382043,0.0032589112948261524,0.002765929195399571,0.002765929195399571,0.0039737945084014365
trained-s42,1.0,172,0.0021435182409752923,0.003230144989241738,0.0027413437098584167,0.0027413437098584167,0.003942981982455502
trained-s42,1.0,173,0.002124183809266585,0.003201624219891193,0.002716976026739724,0.002716976026739724,0.003912346443440187
trained-s42,1.0,174,0.0021050338330902175,0.003173347278676456,0.002692824298018222,0.002692824298018222,0.0038818884903030378
trained-s42,1.0,175,0.0020860663823552136,0.0031453124880358304,0.0026688867722753926,0.0026688867722753926,0.0038516085822334735
trained-s42,1.0,176,0.002067279277090484,0.0031175180999336886,0.0026451615589116175,0.0026451615589116175,0.0038215072832768534
trained-s42,1.0,177,0.002048670677017103,0.0030899624182095615,0.0026216469308009173,0.0026216469308009173,0.0037915849494357494
trained-s42,1.0,178,0.002030238604732277,0.0030626437473568633,0.0025983411088591375,0.0025983411088591375,0.003761841957228657
trained-s42,1.0,179,0.0020119811679931957,0.0030355603297157405,0.0025752423108190547,0.0025752423108190547,0.0037322786489335604
trained-s42,1.0,180,0.0019938964487590293,0.003008710521911375,0.0025523488118869655,0.0025523488118869655,0.0037028952777662803
trained-s42,1.0,181,0.001975982590886114,0.0029820925550885324,0.002529658837839432,0.002529658837839432,0.003673692112007499
trained-s42,1.0,182,0.0019582377053350033,0.002955704767829211,0.0025071706653542174,0.0025071706653542174,0.00364466934059528
trained-s42,1.0,183,0.001940660028734238,0.0029295454157585313,0.0024848825719532997,0.0024848825719532997,0.0036158271181906025
trained-s42,1.0,184,0.0019232477961832841,0.0029036128071644376,0.0024627928654932622,0.0024627928654932622,0.0035871655421619514
trained-s42,1.0,185,0.0019059991954740558,0.002877905258883362,0.002440899840950159,0.002440899840950159,0.0035586846963684663
trained-s42,1.0,186,0.0018889125447218412,0.0028524210633753596,0.002419201829997722,0.002419201829997722,0.003530384599380127
trained-s42,1.0,187,0.0018719861114869071,0.0028271585265142937,0.0023976971525750813,0.0023976971525750813,0.003502265257917414
trained-s42,1.0,188,0.0018552181922561238,0.002802115891975993,0.002376384103949983,0.002376384103949983,0.003474326678580464
trained-s42,1.0,189,0.0018386070980878086,0.0027772915402655995,0.002355261065432779,0.002355261065432779,0.0034465687599952123
trained-s42,1.0,190,0.0018221511722001306,0.0027526837753479214,0.00233432638668377,0.00233432638668377,0.003418991409767246
trained-s42,1.0,191,0.0018058488498170037,0.0027282909326811692,0.0023135784712955184,0.0023135784712955184,0.003391594459141687
trained-s42,1.0,192,0.0017896985119828191,0.002704111284847175,0.002293015665155149,0.002293015665155149,0.003364377778672379
trained-s42,1.0,193,0.0017736985808060146,0.002680143196228795,0.0022726363846339043,0.0022726363846339043,0.0033373411493115325
trained-s42,1.0,194,0.0017578474623460064,0.0026563850060853083,0.0022524390250086143,0.0022524390250086143,0.003310484355738991
trained-s42,1.0,195,0.001742143656246897,0.0026328350269101573,0.002232422002613487,0.002232422002613487,0.003283807142963494
trained-s42,1.0,196,0.0017265856006758538,0.002609491674995395,0.0022125837710037385,0.0022125837710037385,0.0032573092044855777
trained-s42,1.0,197,0.0017111718447658261,0.002586353189617181,0.0021929227228512016,0.0021929227228512016,0.0032309902768051
trained-s42,1.0,198,0.0016959008741198453,0.0025634179945428688,0.002173437335014838,0.002173437335014838,0.003204850000535024
trained-s42,1.0,199,0.001680771235433592,0.0025406844021321996,0.0021541260427274393,0.0021541260427274393,0.0031788880422660764
trained-s42,1.0,200,0.001665781483759251,0.0025181508808835903,0.0021349873764548656,0.0021349873764548656,0.003153103962176042
trained-s42,1.0,201,0.0016509302157505924,0.002495815747855925,0.0021160197938408978,0.0021160197938408978,0.0031274973798135035
trained-s42,1.0,202,0.0016362159999603215,0.0024736774068828964,0.0020972217929065657,0.0020972217929065657,0.0031020678643909803
trained-s42,1.0,203,0.0016216374904007118,0.002451734248001475,0.002078591896791958,0.002078591896791958,0.003076814948308052
trained-s42,1.0,204,0.0016071932539266961,0.0024299846722632616,0.0020601286014332015,0.0020601286014332015,0.003051738183075749
trained-s42,1.0,205,0.0015928819592101956,0.002408427073962876,0.002041830438461818,0.002041830438461818,0.0030268370743158765
trained-s42,1.0,206,0.0015787022470845112,0.002387059904546001,0.002023695962668833,0.002023695962668833,0.003002111097084474
trained-s42,1.0,207,0.0015646528783184162,0.0023658815717213086,0.002005723749571151,0.002005723749571151,0.0029775596958490197
trained-s42,1.0,208,0.0015507324513403002,0.0023448905135200655,0.00198791232952371,0.00198791232952371,0.0029531823563632422
trained-s42,1.0,209,0.0015369397324676965,0.0023240851478293005,0.0019702602864008476,0.0019702602864008476,0.0029289785018592794
trained-s42,1.0,210,0.0015232734200050142,0.0023034639455982763,0.001952766209190623,0.001952766209190623,0.0029049475467614557
trained-s42,1.0,211,0.0015097322667906772,0.002283025373487009,0.0019354287056183351,0.0019354287056183351,0.00288108888044265
trained-s42,1.0,212,0.001496315039949461,0.002262767895770466,0.0019182463874844943,0.0019182463874844943,0.002857401883652893
trained-s42,1.0,213,0.0014830204962006696,0.0022426899385635914,0.0019012178401850073,0.0019012178401850073,0.0028338859598283045
trained-s42,1.0,214,0.0014698474132082246,0.002222790073870124,0.0018843417434300184,0.0018843417434300184,0.0028105404155362116
trained-s42,1.0,215,0.0014567946127134008,0.0022030667593067603,0.0018676167267559396,0.0018676167267559396,0.00278736460317334
trained-s42,1.0,216,0.0014438609142006851,0.0021835184572621983,0.0018510414213117623,0.0018510414213117623,0.002764357871242051
trained-s42,1.0,217,0.0014310451764002637,0.0021641437262967817,0.0018346145308695263,0.0018346145308695263,0.002741519494425508
trained-s42,1.0,218,0.001418346177817943,0.002144941072211832,0.0018183346965123786,0.0018183346965123786,0.002718848809120768
trained-s42,1.0,219,0.0014057627991504668,0.0021259090449069983,0.0018022006252072951,0.0018022006252072951,0.0026963450841221894
trained-s42,1.0,220,0.001393293898314494,0.0021070461577527722,0.001786210993790849,0.001786210993790849,0.002674007618243327
trained-s42,1.0,221,0.0013809383486469253,0.002088350990852633,0.0017703645242288925,0.0017703645242288925,0.002651835665326817
trained-s42,1.0,222,0.0013686951066511574,0.0020698220917449777,0.001754659951968932,0.001754659951968932,0.002629828464987915
trained-s42,1.0,223,0.0013565630415431208,0.002051458039384294,0.0017390959968516142,0.0017390959968516142,0.002607985274731041
trained-s42,1.0,224,0.0013445410564168446,0.002033257419195416,0.0017236713958876414,0.0017236713958876414,0.002586305335734322
trained-s42,1.0,225,0.0013326281286110456,0.0020152187671306524,0.0017083848857778704,0.0017083848857778704,0.002564787890099753
trained-s42,1.0,226,0.0013208231711363478,0.001997340720682794,0.001693235238084515,0.001693235238084515,0.002543432148369759
trained-s42,1.0,227,0.001309125151198994,0.001979621894141994,0.0016782212319700173,0.0016782212319700173,0.002522237315397694
trained-s42,1.0,228,0.001297533030788137,0.0019620608817738834,0.0016633416326945361,0.0016633416326945361,0.002501202612616574
trained-s42,1.0,229,0.0012860457952443359,0.001944656327504807,0.0016485952438762602,0.0016485952438762602,0.0024803272261629825
trained-s42,1.0,230,0.0012746624333313883,0.0019274069193042976,0.0016339808966463847,0.0016339808966463847,0.0024596103183169293
trained-s42,1.0,231,0.0012633819631600587,0.0019103112200851216,0.0016194973596424058,0.0016194973596424058,0.0024390511166940037
trained-s42,1.0,232,0.0012522033589454254,0.0018933679390841938,0.0016051434708507077,0.0016051434708507077,0.0024186487848522472
trained-s42,1.0,233,0.0012411256751017734,0.001876575717966176,0.0015909180596507273,0.0015909180596507273,0.0023984024980370664
trained-s42,1.0,234,0.0012301479876101397,0.001859933246161485,0.001576819991977541,0.001576819991977541,0.00237831139986278
trained-s42,1.0,235,0.0012192692562249892,0.0018434392155320105,0.001562848090103234,0.001562848090103234,0.002358374683744191
trained-s42,1.0,236,0.0012084886111308171,0.001827092321639331,0.0015490012447260837,0.0015490012447260837,0.002338591477671269
trained-s42,1.0,237,0.0011978050727554238,0.0018108912739908103,0.0015352783120948256,0.0015352783120948256,0.002318960951214884
trained-s42,1.0,238,0.0011872177321985281,0.0017948347650807018,0.0015216781660350406,0.0015216781660350406,0.002299482261092674
trained-s42,1.0,239,0.0011767257014537087,0.001778921580928208,0.0015081997436368123,0.0015081997436368123,0.0022801545068864013
trained-s42,1.0,240,0.0011663280226200214,0.0017631504087205357,0.0014948418964497012,0.0014948418964497012,0.002260976880202903
trained-s42,1.0,241,0.0011560238441367487,0.0017475199793748363,0.0014816035433436636,0.0014816035433436636,0.0022419485108622333
trained-s42,1.0,242,0.0011458122964252567,0.0017320290911739468,0.0014684836358874946,0.0014684836358874946,0.0022230685027748464
trained-s42,1.0,243,0.001135692484568955,0.0017166764975546744,0.0014554810894315325,0.0014554810894315325,0.0022043360033872413
trained-s42,1.0,244,0.0011256635443140334,0.0017014609592279515,0.0014425948354826175,0.0014425948354826175,0.0021857501502823545
trained-s42,1.0,245,0.0011157246352835812,0.0016863812726658543,0.0014298238359172191,0.0014298238359172191,0.002167310058036293
trained-s42,1.0,246,0.0011058748806379742,0.001671436215319984,0.0014171670272837855,0.0014171670272837855,0.002149014874035425
trained-s42,1.0,247,0.001096113433634527,0.0016566246133811312,0.0014046233866621283,0.0014046233866621283,0.0021308637126743095
trained-s42,1.0,248,0.00108643950676396,0.0016419452809073615,0.0013921919069676916,0.0013921919069676916,0.0021128556795024208
trained-s42,1.0,249,0.0010768522599731954,0.0016273970308207728,0.0013798715600423712,0.0013798715600423712,0.0020949899095467897
trained-s42,1.0,250,0.0010673508990044732,0.0016129787172154948,0.001367661359911686,0.001367661359911686,0.002077265503235599
trained-s42,1.0,251,0.001057934601873855,0.0015986891537594482,0.0013555602859183203,0.0013555602859183203,0.0020596816040881196
trained-s42,1.0,252,0.001048602576242046,0.0015845272194001793,0.0013435673674311718,0.0013435673674311718,0.0020422373137889147
trained-s42,1.0,253,0.0010393540530964352,0.001570491759428252,0.0013316816231544121,0.0013316816231544121,0.0020249317528377646
trained-s42,1.0,254,0.001030188231961716,0.0015565816608482134,0.0013199020841274116,0.0013199020841274116,0.0020077640382090874
trained-s42,1.0,255,0.001021104354407169,0.001542795802968566,0.0013082277931563704,0.0013082277931563704,0.001990733283425421
trained-s42,1.0,256,0.0010121016843849353,0.0015291330771421794,0.0012966578090602022,0.0012966578090602022,0.00197383859464218
edges_gain_only-s42,0.001,0,0.0005301501099563946,2.334176553389153e-05,0.0003752359105316391,0.37523591053163907,1.3119553152819333e-07
edges_gain_only-s42,0.001,1,0.00024105999791585947,2.9889953328132478e-05,0.0001717608502966783,0.1717608502966783,6.194030386330474e-08
edges_gain_only-s42,0.001,2,0.00014492288767024397,3.1864606191606174e-05,0.00010492859501029956,0.10492859501029955,3.8582483882087286e-08
edges_gain_only-s42,0.001,3,0.00010007693679855035,3.233473627182378e-05,7.438648707898473e-05,0.07438648707898474,2.7861458305027292e-08
edges_gain_only-s42,0.001,4,7.399078560013032e-05,3.219596853300134e-05,5.7103242943584465e-05,0.057103242943584466,2.1983381290022293e-08
edges_gain_only-s42,0.001,5,5.718796388027877e-05,3.175089531760803e-05,4.633106729002707e-05,0.04633106729002707,1.8584013715047807e-08
edges_gain_only-s42,0.001,6,4.5883462919973405e-05,3.112767077286239e-05,3.932185738184485e-05,0.03932185738184485,1.651267345928685e-08
edges_gain_only-s42,0.001,7,3.810304524806654e-05,3.039521770734497e-05,3.462270988953206e-05,0.03462270988953206,1.555493266975599e-08
edges_gain_only-s42,0.001,8,3.2658490732009754e-05,2.959726918588487e-05,3.137089897655513e-05,0.03137089897655513,1.4734967886834624e-08
edges_gain_only-s42,0.001,9,2.8789669633999924e-05,2.876405581569714e-05,2.903736224191262e-05,0.02903736224191262,1.4168800626518463e-08
edges_gain_only-s42,0.001,10,2.5997432113722048e-05,2.7917298812927764e-05,2.7295523290965954e-05,0.027295523290965955,1.3897908630882195e-08
edges_gain_only-s42,0.001,11,2.3949761777173416e-05,2.7072846686106793e-05,2.594284491491555e-05,0.02594284491491555,1.3861916858902819e-08
edges_gain_only-s42,0.001,12,2.2423660636144085e-05,2.6242290790951926e-05,2.4852503935268177e-05,0.024852503935268177,1.3665364545322274e-08
edges_gain_only-s42,0.001,13,2.126768229937162e-05,2.543404669935626e-05,2.3943976246484427e-05,0.023943976246484425,1.3709762430702164e-08
edges_gain_only-s42,0.001,14,2.0377607162231328e-05,2.4654117711714557e-05,2.3165331419825553e-05,0.023165331419825554,1.3871485698790432e-08
edges_gain_only-s42,0.001,15,1.9680707524221998e-05,2.390665277374693e-05,2.2482547910805803e-05,0.0224825479108058,1.4185764182312157e-08
edges_gain_only-s42,0.001,16,1.91255748049147e-05,2.319436436917006e-05,2.1872980682516314e-05,0.021872980682516314,1.4173799073651608e-08
edges_gain_only-s42,0.001,17,1.867547005384784e-05,2.2518847821198118e-05,2.1321294670915277e-05,0.021321294670915276,1.4445974275027016e-08
edges_gain_only-s42,0.001,18,1.8303901266335214e-05,2.188082868686286e-05,2.0816896763384998e-05,0.020816896763384996,1.4379766986005314e-08
edges_gain_only-s42,0.001,19,1.7991602803722016e-05,2.128035746573211e-05,2.0352290190847566e-05,0.020352290190847565,1.4629045572619211e-08
edges_gain_only-s42,0.001,20,1.7724442689772154e-05,2.0716964421865003e-05,1.9922018266630863e-05,0.019922018266630863,1.473762865918954e-08
edges_gain_only-s42,0.001,21,1.749194546866256e-05,2.018978355551485e-05,1.952197857120564e-05,0.01952197857120564,1.4903025238340247e-08
edges_gain_only-s42,0.001,22,1.7286254884740508e-05,1.9697652652230008e-05,1.9148980389696838e-05,0.019148980389696837,1.4932379880982163e-08
edges_gain_only-s42,0.001,23,1.7101403281907923e-05,1.9239194577397634e-05,1.8800455687227667e-05,0.018800455687227668,1.512007583776818e-08
edges_gain_only-s42,0.001,24,1.693280619394343e-05,1.8812882857424234e-05,1.847427177782794e-05,0.01847427177782794,1.5200907637531317e-08
edges_gain_only-s42,0.001,25,1.6776909098038985e-05,1.8417094774631736e-05,1.816860659549144e-05,0.01816860659549144,1.5256028706966113e-08
edges_gain_only-s42,0.001,26,1.6630943271353406e-05,1.8050154181342967e-05,1.7881866869823916e-05,0.017881866869823917,1.539576161095504e-08
edges_gain_only-s42,0.001,27,1.6492751164445526e-05,1.7710365531669344e-05,1.7612633119511956e-05,0.017612633119511955,1.5507459220566597e-08
edges_gain_only-s42,0.001,28,1.6360656165197744e-05,1.7396040246078826e-05,1.7359621535868692e-05,0.017359621535868692,1.5605716008627057e-08
edges_gain_only-s42,0.001,29,1.6233362342603755e-05,1.7105517769016846e-05,1.7121658103784305e-05,0.017121658103784305,1.5707397192772814e-08
edges_gain_only-s42,0.001,30,1.610987498522842e-05,1.683718107966557e-05,1.6897660534599627e-05,0.016897660534599627,1.5727646336644338e-08
edges_gain_only-s42,0.001,31,1.598943493796688e-05,1.6589468050169514e-05,1.6686624692879977e-05,0.016686624692879976,1.5812202146133818e-08
edges_gain_only-s42,0.001,32,1.587146666133201e-05,1.636087996217083e-05,1.6487615601545966e-05,0.016487615601545966,1.5947526185977167e-08
edges_gain_only-s42,0.001,33,1.575553614510904e-05,1.6149986427406213e-05,1.629976017132556e-05,0.016299760171325558,1.606051865322969e-08
edges_gain_only-s42,0.001,34,1.5641317171436035e-05,1.595542929985638e-05,1.6122241954007952e-05,0.01612224195400795,1.6029581416266263e-08
edges_gain_only-s42,0.001,35,1.552856450796604e-05,1.5775923493397405e-05,1.5954296243884922e-05,0.015954296243884922,1.6101484301493197e-08
edges_gain_only-s42,0.001,36,1.5417095220733518e-05,1.5610257675983626e-05,1.5795207679696103e-05,0.015795207679696104,1.6106248170954934e-08
edges_gain_only-s42,0.001,37,1.530677203412251e-05,1.54572930857842e-05,1.56443064547144e-05,0.015644306454714398,1.623791381090215e-08
edges_gain_only-s42,0.001,38,1.519749213923693e-05,1.5315962564708277e-05,1.550096638566247e-05,0.015500966385662469,1.6322532321590468e-08
edges_gain_only-s42,0.001,39,1.5089178260367754e-05,1.5185267922281733e-05,1.5364602236122534e-05,0.015364602236122533,1.6356349107296535e-08
edges_gain_only-s42,0.001,40,1.4981771691309452e-05,1.506427773436657e-05,1.5234667516819755e-05,0.015234667516819754,1.644902416842276e-08
edges_gain_only-s42,0.001,41,1.4875228197189212e-05,1.4952124518753361e-05,1.5110652879802282e-05,0.015110652879802282,1.6546329031710978e-08
edges_gain_only-s42,0.001,42,1.4769514119868067e-05,1.4848002012933773e-05,1.4992084109292105e-05,0.014992084109292104,1.6554740960837195e-08
edges_gain_only-s42,0.001,43,1.4664602627690432e-05,1.4751161992453175e-05,1.4878519656011744e-05,0.014878519656011745,1.6613266295333787e-08
edges_gain_only-s42,0.001,44,1.4560472944562056e-05,1.4660911079925064e-05,1.476954939902571e-05,0.01476954939902571,1.684343238964629e-08
edges_gain_only-s42,0.001,45,1.4457109178808276e-05,1.4576607855220164e-05,1.4664793076213158e-05,0.014664793076213158,1.6933885261342193e-08
edges_gain_only-s42,0.001,46,1.4354497752595563e-05,1.4497660105640114e-05,1.4563897938936908e-05,0.014563897938936907,1.6999470596879445e-08
edges_gain_only-s42,0.001,47,1.4252627663487818e-05,1.4423521838013172e-05,1.446653764271995e-05,0.01446653764271995,1.6960952701116203e-08
edges_gain_only-s42,0.001,48,1.415148920655093e-05,1.435368995651819e-05,1.4372410050456598e-05,0.014372410050456598,1.7017002818211626e-08
edges_gain_only-s42,0.001,49,1.4051074457238196e-05,1.4287702205054775e-05,1.4281236499369782e-05,0.014281236499369781,1.7003188010234574e-08
edges_gain_only-s42,0.001,50,1.3951375805753747e-05,1.4225134069056623e-05,1.4192759507969606e-05,0.014192759507969605,1.7152639570046452e-08
edges_gain_only-s42,0.001,51,1.3852386964750557e-05,1.4165596295800008e-05,1.4106742070189666e-05,0.014106742070189667,1.7249643912668985e-08
edges_gain_only-s42,0.001,52,1.3754101745383871e-05,1.410873279257844e-05,1.402296586874618e-05,0.01402296586874618,1.724621887488427e-08
edges_gain_only-s42,0.001,53,1.3656514589966642e-05,1.4054217797963705e-05,1.394123010114327e-05,0.01394123010114327,1.724710582542234e-08
edges_gain_only-s42,0.001,54,1.3559619948743114e-05,1.4001754144786734e-05,1.3861350217414192e-05,0.01386135021741419,1.7225637826278273e-08
edges_gain_only-s42,0.001,55,1.3463412379606762e-05,1.395107118466526e-05,1.3783156836258089e-05,0.013783156836258088,1.7384643377832117e-08
edges_gain_only-s42,0.001,56,1.33678870013628e-05,1.3901922202965433e-05,1.3706494631566868e-05,0.013706494631566868,1.7545436150864574e-08
edges_gain_only-s42,0.001,57,1.3273039232847883e-05,1.3854083644311524e-05,1.363122166846245e-05,0.013631221668462451,1.7463059527212965e-08
edges_gain_only-s42,0.001,58,1.3178863759419048e-05,1.3807352227331183e-05,1.3557207406680037e-05,0.013557207406680037,1.747971873098664e-08
edges_gain_only-s42,0.001,59,1.3085355863297002e-05,1.376154434020409e-05,1.3484332957847281e-05,0.01348433295784728,1.7559509642902238e-08
edges_gain_only-s42,0.001,60,1.2992510698218185e-05,1.371649412602828e-05,1.3412489691083723e-05,0.013412489691083723,1.7647873258273378e-08
edges_gain_only-s42,0.001,61,1.290032408049113e-05,1.367205145126295e-05,1.334157854365697e-05,0.01334157854365697,1.760625085509005e-08
edges_gain_only-s42,0.001,62,1.2808790916733174e-05,1.3628081593109978e-05,1.3271508991545325e-05,0.013271508991545325,1.754264888340216e-08
edges_gain_only-s42,0.001,63,1.2717906762434666e-05,1.3584463660439636e-05,1.320219896899643e-05,0.01320219896899643,1.7524617641179245e-08
edges_gain_only-s42,0.001,64,1.2627666969762483e-05,1.3541089088328755e-05,1.3133573633879768e-05,0.013133573633879767,1.753517756961701e-08
edges_gain_only-s42,0.001,65,1.2538067196622957e-05,1.3497861153678875e-05,1.306556531165285e-05,0.01306556531165285,1.7460878071269836e-08
edges_gain_only-s42,0.001,66,1.2449102565060783e-05,1.3454693609485663e-05,1.2998112325268976e-05,0.012998112325268976,1.7622242396922245e-08
edges_gain_only-s42,0.001,67,1.2360769006748471e-05,1.3411509959885344e-05,1.293115925141927e-05,0.01293115925141927,1.7663261707416504e-08
edges_gain_only-s42,0.001,68,1.2273061830408793e-05,1.336824241390647e-05,1.286465562688488e-05,0.01286465562688488,1.7727404848057143e-08
edges_gain_only-s42,0.001,69,1.218597670944773e-05,1.3324831416087759e-05,1.279855615757805e-05,0.01279855615757805,1.7876117238942004e-08
edges_gain_only-s42,0.001,70,1.209950936394153e-05,1.3281224857317442e-05,1.2732820116456126e-05,0.012732820116456127,1.7892700329366952e-08
edges_gain_only-s42,0.001,71,1.2013655511614607e-05,1.323737702500326e-05,1.2667410743223014e-05,0.012667410743223013,1.7809299857778464e-08
edges_gain_only-s42,0.001,72,1.1928410711148002e-05,1.319324847082248e-05,1.2602295050192222e-05,0.012602295050192221,1.777241550136747e-08
edges_gain_only-s42,0.001,73,1.1843770624469688e-05,1.3148805683060586e-05,1.253744377665541e-05,0.012537443776655409,1.7651655112729925e-08
edges_gain_only-s42,0.001,74,1.175973078732366e-05,1.310401950044689e-05,1.2472830409121873e-05,0.012472830409121873,1.7739903198467473e-08
edges_gain_only-s42,0.001,75,1.1676287314977746e-05,1.3058865824253621e-05,1.2408431853553091e-05,0.01240843185355309,1.7828334388996116e-08
edges_gain_only-s42,0.001,76,1.159343591070293e-05,1.301332486708421e-05,1.2344227560930573e-05,0.012344227560930572,1.7765935151065938e-08
edges_gain_only-s42,0.001,77,1.1511172378383718e-05,1.2967380299659893e-05,1.2280199296878348e-05,0.012280199296878349,1.7608181568899405e-08
edges_gain_only-s42,0.001,78,1.1429492291649181e-05,1.2921019153062495e-05,1.2216330898045121e-05,0.01221633089804512,1.7618083921386458e-08
edges_gain_only-s42,0.001,79,1.1348391827119013e-05,1.2874231861121874e-05,1.2152608687140369e-05,0.012152608687140368,1.75117156024053e-08
edges_gain_only-s42,0.001,80,1.12678666876573e-05,1.2827011313344885e-05,1.2089020432728562e-05,0.012089020432728562,1.7510528700808894e-08
edges_gain_only-s42,0.001,81,1.118791282695164e-05,1.277935292297029e-05,1.2025555716731827e-05,0.012025555716731827,1.7532849767761136e-08
edges_gain_only-s42,0.001,82,1.1108526309751885e-05,1.2731254444957214e-05,1.1962205735762924e-05,0.011962205735762925,1.7472516455336813e-08
edges_gain_only-s42,0.001,83,1.1029703014046863e-05,1.2682715725945838e-05,1.1898963033704227e-05,0.011898963033704227,1.7517141210172637e-08
edges_gain_only-s42,0.001,84,1.0951439165856713e-05,1.2633738380481924e-05,1.1835821555344812e-05,0.011835821555344812,1.7463283302552668e-08
edges_gain_only-s42,0.001,85,1.0873730733173692e-05,1.2584325466430157e-05,1.1772776175688214e-05,0.011772776175688214,1.7405961252821165e-08
edges_gain_only-s42,0.001,86,1.079657355001671e-05,1.2534481967429358e-05,1.1709823001195591e-05,0.01170982300119559,1.731178279729413e-08
edges_gain_only-s42,0.001,87,1.0719963798843086e-05,1.2484213360227981e-05,1.1646958816017291e-05,0.01164695881601729,1.728544399049886e-08
edges_gain_only-s42,0.001,88,1.0643897625698217e-05,1.2433526971157404e-05,1.1584181616453863e-05,0.011584181616453863,1.724650435856331e-08
edges_gain_only-s42,0.001,89,1.0568371258340352e-05,1.2382430719502448e-05,1.1521489982948543e-05,0.011521489982948543,1.717097614221228e-08
edges_gain_only-s42,0.001,90,1.049338095292803e-05,1.2330933367972946e-05,1.1458883178382313e-05,0.011458883178382312,1.7048692141002905e-08
edges_gain_only-s42,0.001,91,1.0418922665654443e-05,1.227904483681038e-05,1.1396361144528007e-05,0.011396361144528007,1.6958345566589473e-08
edges_gain_only-s42,0.001,92,1.0344992563189313e-05,1.2226775259206472e-05,1.1333924232941644e-05,0.011333924232941644,1.6922061886530015e-08
edges_gain_only-s42,0.001,93,1.0271587071658052e-05,1.2174135614346036e-05,1.1271573557017155e-05,0.011271573557017155,1.6895482742788452e-08
edges_gain_only-s42,0.001,94,1.0198702423038181e-05,1.2121137423093634e-05,1.1209310597637215e-05,0.011209310597637214,1.6827869218890874e-08
edges_gain_only-s42,0.001,95,1.012633501197619e-05,1.206779215757675e-05,1.1147137056827647e-05,0.011147137056827646,1.6744449900566176e-08
edges_gain_only-s42,0.001,96,1.005448115320928e-05,1.2014112106135438e-05,1.1085055191567154e-05,0.011085055191567153,1.6591060291704514e-08
edges_gain_only-s42,0.001,97,9.983137056998426e-06,1.196010963434157e-05,1.102306740231676e-05,0.011023067402316759,1.6547350699019632e-08
edges_gain_only-s42,0.001,98,9.912299173293607e-06,1.1905797307102585e-05,1.096117644590385e-05,0.01096117644590385,1.6539338256655018e-08
edges_gain_only-s42,0.001,99,9.841963962017459e-06,1.1851187911811017e-05,1.089938534497694e-05,0.010899385344976939,1.649588043073472e-08
edges_gain_only-s42,0.001,100,9.77212789904064e-06,1.1796294701098235e-05,1.0837697497612044e-05,0.010837697497612044,1.639300202673467e-08
edges_gain_only-s42,0.001,101,9.702787227880874e-06,1.17411303572447e-05,1.0776116016554563e-05,0.010776116016554564,1.6406913166055897e-08
edges_gain_only-s42,0.001,102,9.633938556475891e-06,1.1685708076021416e-05,1.0714644565045741e-05,0.010714644565045742,1.634547587620956e-08
edges_gain_only-s42,0.001,103,9.565578378808977e-06,1.1630040716939823e-05,1.0653286687899331e-05,0.010653286687899331,1.636800140123841e-08
edges_gain_only-s42,0.001,104,9.497703246152796e-06,1.1574141570843093e-05,1.0592046289164724e-05,0.010592046289164724,1.6283388105245113e-08
edges_gain_only-s42,0.001,105,9.430309880594613e-06,1.151802349867793e-05,1.0530927214279552e-05,0.010530927214279551,1.6236117585981603e-08
edges_gain_only-s42,0.001,106,9.363394778847918e-06,1.1461699759397566e-05,1.0469933517931065e-05,0.010469933517931065,1.607670083963832e-08
edges_gain_only-s42,0.001,107,9.296954388480679e-06,1.140518274270508e-05,1.0409068844764194e-05,0.010409068844764193,1.6028964842730618e-08
edges_gain_only-s42,0.001,108,9.2309854609846e-06,1.134848552235599e-05,1.034833743562798e-05,0.010348337435627979,1.5987779380045508e-08
edges_gain_only-s42,0.001,109,9.16548473227529e-06,1.1291620445528976e-05,1.0287743207208927e-05,0.010287743207208927,1.581338537337156e-08
edges_gain_only-s42,0.001,110,9.100448563475004e-06,1.123459982624892e-05,1.0227289962872392e-05,0.010227289962872392,1.5777252107510236e-08
edges_gain_only-s42,0.001,111,9.035874044269772e-06,1.117743617381511e-05,1.0166982016109893e-05,0.010166982016109893,1.568488902575966e-08
edges_gain_only-s42,0.001,112,8.971757732948318e-06,1.1120141492488548e-05,1.0106823229234611e-05,0.010106823229234611,1.5623950762953868e-08
edges_gain_only-s42,0.001,113,8.908096161940129e-06,1.1062727880530526e-05,1.0046817572124559e-05,0.010046817572124559,1.5540423266711426e-08
edges_gain_only-s42,0.001,114,8.844886449803546e-06,1.1005207008546617e-05,9.986969105366709e-06,0.009986969105366708,1.5507409970431806e-08
edges_gain_only-s42,0.001,115,8.782125216433844e-06,1.0947590309806469e-05,9.927281591341356e-06,0.009927281591341356,1.5477299713965633e-08
edges_gain_only-s42,0.001,116,8.719809385460996e-06,1.0889889204661477e-05,9.867758979327394e-06,0.009867758979327394,1.5464465158493216e-08
edges_gain_only-s42,0.001,117,8.657935625416334e-06,1.0832114891137522e-05,9.808405034539968e-06,0.009808405034539969,1.550561882225158e-08
edges_gain_only-s42,0.001,118,8.596500877507493e-06,1.0774278131046354e-05,9.749223458151122e-06,0.00974922345815112,1.5556385476316233e-08
edges_gain_only-s42,0.001,119,8.535502222414694e-06,1.0716389767240151e-05,9.690218099370968e-06,0.009690218099370968,1.543878679444396e-08
edges_gain_only-s42,0.001,120,8.474936206252939e-06,1.0658460260040096e-05,9.631392411045772e-06,0.009631392411045773,1.5442599087907755e-08
edges_gain_only-s42,0.001,121,8.414800031341792e-06,1.0600499759595635e-05,9.57275000682045e-06,0.00957275000682045,1.537020903875698e-08
edges_gain_only-s42,0.001,122,8.355090659030363e-06,1.0542518533700117e-05,9.514294500880895e-06,0.009514294500880895,1.5216150804082193e-08
edges_gain_only-s42,0.001,123,8.295804951860532e-06,1.0484526083999031e-05,9.456029078794327e-06,0.009456029078794326,1.5159104864010932e-08
edges_gain_only-s42,0.001,124,8.236939860253692e-06,1.0426531925177609e-05,9.39795701003356e-06,0.009397957010033561,1.5081052721797814e-08
edges_gain_only-s42,0.001,125,8.178492454935209e-06,1.0368545734920256e-05,9.340081743093865e-06,0.009340081743093864,1.506268021568955e-08
edges_gain_only-s42,0.001,126,8.120459768233502e-06,1.0310576495185036e-05,9.282406358838709e-06,0.009282406358838709,1.49681225572668e-08
edges_gain_only-s42,0.001,127,8.062838993342113e-06,1.0252632894952186e-05,9.22493388072769e-06,0.00922493388072769,1.4845647313996812e-08
edges_gain_only-s42,0.001,128,8.005626976581366e-06,1.0194723777592772e-05,9.167667292668901e-06,0.0091676672926689,1.4738375383917155e-08
edges_gain_only-s42,0.001,129,7.94882093877054e-06,1.0136857476812749e-05,9.110609490970103e-06,0.009110609490970104,1.4697677430852518e-08
edges_gain_only-s42,0.001,130,7.892418049277363e-06,1.0079042246755783e-05,9.0537633359952e-06,0.0090537633359952,1.4637867068658409e-08
edges_gain_only-s42,0.001,131,7.836415431950836e-06,1.0021286131567968e-05,8.99713157376698e-06,0.00899713157376698,1.4465756640285817e-08
edges_gain_only-s42,0.001,132,7.780810125461206e-06,9.96359686260579e-06,8.940716768149327e-06,0.008940716768149327,1.4357470683333165e-08
edges_gain_only-s42,0.001,133,7.725599307594287e-06,9.905982090398484e-06,8.884521521811381e-06,0.008884521521811382,1.4283811169629925e-08
edges_gain_only-s42,0.001,134,7.670780168532878e-06,9.848449089237111e-06,8.828548255894669e-06,0.008828548255894669,1.4264464292825696e-08
edges_gain_only-s42,0.001,135,7.61635011614456e-06,9.791004862983014e-06,8.772799360051672e-06,0.008772799360051672,1.4288706519163151e-08
edges_gain_only-s42,0.001,136,7.562306277408497e-06,9.733656395663272e-06,8.717277108560034e-06,0.008717277108560035,1.4281953693631356e-08
edges_gain_only-s42,0.001,137,7.5086459049393e-06,9.676410662604303e-06,8.661983847722935e-06,0.008661983847722935,1.4150164693858577e-08
edges_gain_only-s42,0.001,138,7.4553664167246095e-06,9.619273915713744e-06,8.606921610629766e-06,0.008606921610629766,1.4015028214814243e-08
edges_gain_only-s42,0.001,139,7.402464894209085e-06,9.562252489426911e-06,8.55209234790603e-06,0.008552092347906031,1.401264636362474e-08
edges_gain_only-s42,0.001,140,7.349938838559005e-06,9.505352714361964e-06,8.497498208484879e-06,0.008497498208484878,1.393001025144598e-08
edges_gain_only-s42,0.001,141,7.297785451941729e-06,9.44858039887348e-06,8.44314093533217e-06,0.00844314093533217,1.380493725703687e-08
edges_gain_only-s42,0.001,142,7.246002134998599e-06,9.391941483626346e-06,8.389022447721759e-06,0.008389022447721758,1.3739245840527311e-08
edges_gain_only-s42,0.001,143,7.194586216604726e-06,9.335441400572024e-06,8.33514436487787e-06,0.00833514436487787,1.373067252135019e-08
edges_gain_only-s42,0.001,144,7.143535191301499e-06,9.279085454570368e-06,8.281508320491762e-06,0.008281508320491762,1.3651874245210346e-08
edges_gain_only-s42,0.001,145,7.0928464977440105e-06,9.222878888197245e-06,8.228115903026373e-06,0.008228115903026374,1.3532617447168476e-08
edges_gain_only-s42,0.001,146,7.042517205776247e-06,9.166826670328667e-06,8.174968400504262e-06,0.008174968400504261,1.3515891971843176e-08
edges_gain_only-s42,0.001,147,6.992545131661737e-06,9.11093394182283e-06,8.122067532694475e-06,0.008122067532694474,1.3440244955553103e-08
edges_gain_only-s42,0.001,148,6.942927698081022e-06,9.055204939696263e-06,8.069414355023586e-06,0.008069414355023586,1.3385193708982223e-08
edges_gain_only-s42,0.001,149,6.893662332350349e-06,8.999644610968905e-06,8.017010333388065e-06,0.008017010333388065,1.3271254926202394e-08
edges_gain_only-s42,0.001,150,6.844746577974671e-06,8.944257178796142e-06,7.96485659067089e-06,0.00796485659067089,1.3218187400369928e-08
edges_gain_only-s42,0.001,151,6.796177991211945e-06,8.88904691635415e-06,7.912954290586851e-06,0.007912954290586851,1.31342001341257e-08
edges_gain_only-s42,0.001,152,6.747953927691777e-06,8.834017752563963e-06,7.86130432915559e-06,0.00786130432915559,1.3044794637330184e-08
edges_gain_only-s42,0.001,153,6.7000719797440495e-06,8.77917369749136e-06,7.809907757942437e-06,0.007809907757942437,1.2960264499701892e-08
edges_gain_only-s42,0.001,154,6.652529977731357e-06,8.724518417748926e-06,7.758765547938057e-06,0.007758765547938057,1.2851857458519356e-08
edges_gain_only-s42,0.001,155,6.605325227932344e-06,8.670055706277919e-06,7.707878523043463e-06,0.007707878523043462,1.2754382170911124e-08
edges_gain_only-s42,0.001,156,6.558455399510718e-06,8.615788941946628e-06,7.657247439194126e-06,0.007657247439194125,1.2678160953165258e-08
edges_gain_only-s42,0.001,157,6.511918210850983e-06,8.561721423695002e-06,7.606873037212731e-06,0.00760687303721273,1.2600668183699329e-08
edges_gain_only-s42,0.001,158,6.465711230049242e-06,8.507856325453435e-06,7.556755929053706e-06,0.0075567559290537056,1.2481092518941881e-08
edges_gain_only-s42,0.001,159,6.419832126719498e-06,8.454196825308865e-06,7.50689677922366e-06,0.00750689677922366,1.2346618072321487e-08
edges_gain_only-s42,0.001,160,6.3742785181689275e-06,8.40074582201822e-06,7.4572960808048676e-06,0.0074572960808048675,1.2244128034737216e-08
edges_gain_only-s42,0.001,161,6.3290481367533325e-06,8.347506129278457e-06,7.407954332892529e-06,0.007407954332892528,1.2168544844612436e-08
edges_gain_only-s42,0.001,162,6.284138670612978e-06,8.294480361069844e-06,7.358871911290063e-06,0.007358871911290063,1.2162523008963979e-08
edges_gain_only-s42,0.001,163,6.239548104904194e-06,8.241671107559095e-06,7.310049310417628e-06,0.007310049310417627,1.209189992463234e-08
edges_gain_only-s42,0.001,164,6.195273921685062e-06,8.189080986828564e-06,7.261486829914357e-06,0.007261486829914357,1.1959492604575592e-08
edges_gain_only-s42,0.001,165,6.151313753211989e-06,8.136712306320403e-06,7.213184664889932e-06,0.007213184664889931,1.1929417033109301e-08
edges_gain_only-s42,0.001,166,6.1076655765298645e-06,8.084567279563416e-06,7.165143109530928e-06,0.007165143109530927,1.1843776674276796e-08
edges_gain_only-s42,0.001,167,6.06432699081618e-06,8.0326481069141e-06,7.117362293923918e-06,0.0071173622939239185,1.1748097493110363e-08
edges_gain_only-s42,0.001,168,6.021296015286983e-06,7.98095669035106e-06,7.069842364447924e-06,0.007069842364447924,1.1705654717460373e-08
edges_gain_only-s42,0.001,169,5.978570340611475e-06,7.929495034916813e-06,7.022583388601046e-06,0.007022583388601046,1.1625688915975269e-08
edges_gain_only-s42,0.001,170,5.93614783420168e-06,7.878264974647758e-06,6.975585418400081e-06,0.0069755854184000805,1.1557400894148795e-08
edges_gain_only-s42,0.001,171,5.89402629951281e-06,7.827268122885132e-06,6.928848357004704e-06,0.006928848357004704,1.1548754968225585e-08
edges_gain_only-s42,0.001,172,5.852203824765083e-06,7.7765063688417e-06,6.882372389241877e-06,0.006882372389241877,1.1443781147757347e-08
edges_gain_only-s42,0.001,173,5.810677967849523e-06,7.72598114091363e-06,6.8361572161655845e-06,0.006836157216165584,1.14238768669845e-08
edges_gain_only-s42,0.001,174,5.76944672356322e-06,7.675693795745794e-06,6.790202689318127e-06,0.006790202689318126,1.1418537191710915e-08
edges_gain_only-s42,0.001,175,5.728508211028023e-06,7.625645800657624e-06,6.744508777952472e-06,0.006744508777952472,1.1320853016399245e-08
edges_gain_only-s42,0.001,176,5.687860093143755e-06,7.575838372787748e-06,6.6990751199663875e-06,0.006699075119966387,1.1272685569561014e-08
edges_gain_only-s42,0.001,177,5.64750040709763e-06,7.5262727420124775e-06,6.653901521659779e-06,0.006653901521659779,1.1279943242600034e-08
edges_gain_only-s42,0.001,178,5.607427171300327e-06,7.476950023545105e-06,6.608987719787919e-06,0.006608987719787919,1.114091066317657e-08
edges_gain_only-s42,0.001,179,5.56763826942711e-06,7.4278714013911255e-06,6.5643334352081035e-06,0.006564333435208103,1.1002890310406024e-08
edges_gain_only-s42,0.001,180,5.528131633322345e-06,7.3790376493986015e-06,6.5199381809594936e-06,0.006519938180959493,1.094529347854966e-08
edges_gain_only-s42,0.001,181,5.488905347940401e-06,7.3304497008802345e-06,6.475801626369043e-06,0.006475801626369042,1.0856399759511372e-08
edges_gain_only-s42,0.001,182,5.449957476321857e-06,7.282108350668916e-06,6.431923356699408e-06,0.006431923356699408,1.0777041459196722e-08
edges_gain_only-s42,0.001,183,5.411285760965393e-06,7.234014508473741e-06,6.388302887395471e-06,0.006388302887395471,1.073041098543776e-08
edges_gain_only-s42,0.001,184,5.372888592369606e-06,7.1861686984514885e-06,6.344939794482506e-06,0.006344939794482506,1.065276335464219e-08
edges_gain_only-s42,0.001,185,5.334763940970355e-06,7.138571775382091e-06,6.301833662766065e-06,0.006301833662766065,1.0541438121115468e-08
edges_gain_only-s42,0.001,186,5.296909700061797e-06,7.0912241007305e-06,6.258983768931503e-06,0.006258983768931503,1.0506663831992482e-08
edges_gain_only-s42,0.001,187,5.259324110383359e-06,7.044126142943165e-06,6.216389598605492e-06,0.0062163895986054925,1.0394138395576122e-08
edges_gain_only-s42,0.001,188,5.222005204660382e-06,6.997278419711182e-06,6.174050578752315e-06,0.006174050578752315,1.0342935142183678e-08
edges_gain_only-s42,0.001,189,5.1849510848961985e-06,6.950681232316473e-06,6.131966045587123e-06,0.006131966045587123,1.025721820639546e-08
edges_gain_only-s42,0.001,190,5.14815991813989e-06,6.904335010740522e-06,6.090135436787364e-06,0.006090135436787364,1.0174574511782465e-08
edges_gain_only-s42,0.001,191,5.111629829544983e-06,6.858239971947287e-06,6.048558053585556e-06,0.006048558053585556,1.0097981226127682e-08
edges_gain_only-s42,0.001,192,5.075358962746874e-06,6.812396329129159e-06,6.007233203879108e-06,0.006007233203879108,9.942717750163205e-09
edges_gain_only-s42,0.001,193,5.0393454236155044e-06,6.766804267782456e-06,5.966160165662427e-06,0.005966160165662427,9.853468551534007e-09
edges_gain_only-s42,0.001,194,5.003587518788989e-06,6.7214639837625595e-06,5.92533830910754e-06,0.0059253383091075395,9.79363345101752e-09
edges_gain_only-s42,0.001,195,4.968083275489556e-06,6.6763752429849095e-06,5.8847666440215135e-06,0.005884766644021514,9.742222255786386e-09
edges_gain_only-s42,0.001,196,4.932830940593569e-06,6.63153842525618e-06,5.8444446218542356e-06,0.0058444446218542355,9.665997007644735e-09
edges_gain_only-s42,0.001,197,4.89782878914003e-06,6.5869533251459325e-06,5.804371375957066e-06,0.005804371375957066,9.600933598567644e-09
edges_gain_only-s42,0.001,198,4.863074918741953e-06,6.542619814039587e-06,5.764546008812736e-06,0.005764546008812736,9.597744760655893e-09
edges_gain_only-s42,0.001,199,4.828567788671538e-06,6.4985379275479725e-06,5.724967870206664e-06,0.005724967870206664,9.48403386484679e-09
edges_gain_only-s42,0.001,200,4.794305416027901e-06,6.454707294575022e-06,5.685635893073269e-06,0.005685635893073269,9.442139066853644e-09
edges_gain_only-s42,0.001,201,4.760286155933492e-06,6.411127832247282e-06,5.646549318642475e-06,0.005646549318642475,9.325748755520245e-09
edges_gain_only-s42,0.001,202,4.7265083129476444e-06,6.367799402238821e-06,5.6077073347737665e-06,0.005607707334773767,9.251947875354882e-09
edges_gain_only-s42,0.001,203,4.692970140395624e-06,6.324721673002264e-06,5.5691090000504664e-06,0.005569109000050467,9.17442655119099e-09
edges_gain_only-s42,0.001,204,4.659670020408399e-06,6.281894253932685e-06,5.530753394649852e-06,0.005530753394649852,9.06213501597285e-09
edges_gain_only-s42,0.001,205,4.626606168337927e-06,6.2393168889834865e-06,5.492639605095556e-06,0.005492639605095556,8.937898563661848e-09
edges_gain_only-s42,0.001,206,4.593776800404366e-06,6.196989147205358e-06,5.454766620656971e-06,0.005454766620656971,8.92191975260802e-09
edges_gain_only-s42,0.001,207,4.561180469678142e-06,6.1549106248045235e-06,5.417133587800399e-06,0.005417133587800399,8.913805531444122e-09
edges_gain_only-s42,0.001,208,4.528815385676799e-06,6.113080929622078e-06,5.379739516286975e-06,0.005379739516286975,8.839675180625841e-09
edges_gain_only-s42,0.001,209,4.496680072433218e-06,6.0714996152652714e-06,5.3425835177720635e-06,0.005342583517772064,8.763545673742947e-09
edges_gain_only-s42,0.001,210,4.464772774904785e-06,6.030166121761694e-06,5.305664522740206e-06,0.005305664522740206,8.70411014094088e-09
edges_gain_only-s42,0.001,211,4.433091850884236e-06,5.9890798439761705e-06,5.2689814840777755e-06,0.005268981484077775,8.60708982479566e-09
edges_gain_only-s42,0.001,212,4.401635763362367e-06,5.948240356155447e-06,5.232533501438014e-06,0.005232533501438014,8.539417466654103e-09
edges_gain_only-s42,0.001,213,4.370402786166247e-06,5.9076468656421594e-06,5.196319387239577e-06,0.005196319387239577,8.541836183855119e-09
edges_gain_only-s42,0.001,214,4.339391444006119e-06,5.8672989744386195e-06,5.160338284037798e-06,0.005160338284037798,8.489627508277324e-09
edges_gain_only-s42,0.001,215,4.308600172711452e-06,5.8271960424912585e-06,5.124589159891148e-06,0.005124589159891149,8.412384696913493e-09
edges_gain_only-s42,0.001,216,4.27802731882123e-06,5.787337346239011e-06,5.0890708985973355e-06,0.005089070898597336,8.398611325176057e-09
edges_gain_only-s42,0.001,217,4.24767143399473e-06,5.747722100922919e-06,5.0537824359827206e-06,0.00505378243598272,8.351263102556035e-09
edges_gain_only-s42,0.001,218,4.217530966432845e-06,5.708349797658649e-06,5.018722821166873e-06,0.005018722821166873,8.320243661393487e-09
edges_gain_only-s42,0.001,219,4.187604378512564e-06,5.669219537113186e-06,4.983890888084729e-06,0.004983890888084729,8.29655653093578e-09
edges_gain_only-s42,0.001,220,4.157890138686566e-06,5.630330761051694e-06,4.949285667566052e-06,0.004949285667566051,8.257130686011048e-09
edges_gain_only-s42,0.001,221,4.12838675170454e-06,5.591682544895618e-06,4.914905997672589e-06,0.0049149059976725884,8.189313670572374e-09
edges_gain_only-s42,0.001,222,4.099092738242448e-06,5.553274202303449e-06,4.880750859149768e-06,0.0048807508591497675,8.093554552315598e-09
edges_gain_only-s42,0.001,223,4.0700066247108795e-06,5.515104846408395e-06,4.846819121259683e-06,0.0048468191212596825,8.016591034871336e-09
edges_gain_only-s42,0.001,224,4.041126881284536e-06,5.477173658946505e-06,4.8131096692468906e-06,0.004813109669246891,7.953232101400832e-09
edges_gain_only-s42,0.001,225,4.012452033812201e-06,5.4394798888048855e-06,4.7796214500418685e-06,0.004779621450041869,7.833761735508421e-09
edges_gain_only-s42,0.001,226,3.983980604789793e-06,5.402022596809286e-06,4.7463533027226345e-06,0.004746353302722634,7.790944458637592e-09
edges_gain_only-s42,0.001,227,3.955711277543991e-06,5.364800935276965e-06,4.7133041862221835e-06,0.004713304186222183,7.739489604052025e-09
edges_gain_only-s42,0.001,228,3.927642475623817e-06,5.327814141844774e-06,4.680472999122893e-06,0.004680472999122893,7.685137612462207e-09
edges_gain_only-s42,0.001,229,3.89977279846262e-06,5.291061204038727e-06,4.647858571947775e-06,0.004647858571947775,7.656513738484298e-09
edges_gain_only-s42,0.001,230,3.872100993275153e-06,5.254541236569349e-06,4.615459869939362e-06,0.0046154598699393624,7.603513003983742e-09
edges_gain_only-s42,0.001,231,3.844625508393951e-06,5.218253288015788e-06,4.583275695271173e-06,0.004583275695271173,7.556111841297158e-09
edges_gain_only-s42,0.001,232,3.817344981087766e-06,5.182196402849666e-06,4.551304927607098e-06,0.004551304927607098,7.471192073331824e-09
edges_gain_only-s42,0.001,233,3.790258001959077e-06,5.146369690166749e-06,4.519546463754132e-06,0.0045195464637541325,7.452688660903661e-09
edges_gain_only-s42,0.001,234,3.763363292645497e-06,5.110772181845806e-06,4.48799921210355e-06,0.0044879992121035495,7.366074191930881e-09
edges_gain_only-s42,0.001,235,3.7366594092068283e-06,5.075402899862573e-06,4.456662005797453e-06,0.004456662005797453,7.315663019344132e-09
edges_gain_only-s42,0.001,236,3.710145015518439e-06,5.0402609044575e-06,4.425533745523277e-06,0.0044255337455232765,7.181915565186341e-09
edges_gain_only-s42,0.001,237,3.6838187544544453e-06,5.0053450555232815e-06,4.394613209140389e-06,0.004394613209140389,7.134307814090745e-09
edges_gain_only-s42,0.001,238,3.6576792073541565e-06,4.97065450411564e-06,4.363899314504352e-06,0.0043638993145043515,7.079364411727564e-09
edges_gain_only-s42,0.001,239,3.6317252542118e-06,4.936188307846119e-06,4.3333910519631245e-06,0.004333391051963125,7.053821226471537e-09
edges_gain_only-s42,0.001,240,3.6059553476543217e-06,4.901945206368384e-06,4.303087051720188e-06,0.004303087051720188,7.016242746024355e-09
edges_gain_only-s42,0.001,241,3.5803682621510716e-06,4.8679244729984565e-06,4.272986382726076e-06,0.004272986382726076,7.019185099149747e-09
edges_gain_only-s42,0.001,242,3.55496275991259e-06,4.834124828256549e-06,4.243087794652331e-06,0.004243087794652331,6.987866440145887e-09
edges_gain_only-s42,0.001,243,3.5297376244929617e-06,4.800545405016951e-06,4.213390280702849e-06,0.004213390280702849,6.950054097457232e-09
edges_gain_only-s42,0.001,244,3.5046914011979657e-06,4.767185015990055e-06,4.183892552011238e-06,0.004183892552011239,6.870569948942962e-09
edges_gain_only-s42,0.001,245,3.479822921126056e-06,4.734042693999686e-06,4.154593565209716e-06,0.0041545935652097165,6.868510822085049e-09
edges_gain_only-s42,0.001,246,3.4551309333598506e-06,4.701117395911442e-06,4.125492199352836e-06,0.004125492199352836,6.84823514914952e-09
edges_gain_only-s42,0.001,247,3.4306141866214687e-06,4.668407971528292e-06,4.096587272322609e-06,0.0040965872723226085,6.835090447812946e-09
edges_gain_only-s42,0.001,248,3.406271383122697e-06,4.635913437513717e-06,4.067877678030701e-06,0.004067877678030701,6.803249164584818e-09
edges_gain_only-s42,0.001,249,3.382101373018446e-06,4.603632735660396e-06,4.039362329426815e-06,0.004039362329426814,6.723483899729059e-09
edges_gain_only-s42,0.001,250,3.358102730897513e-06,4.571564775743063e-06,4.0110400060716826e-06,0.004011040006071683,6.706468551494759e-09
edges_gain_only-s42,0.001,251,3.334274400961091e-06,4.539708447231982e-06,3.98290963107765e-06,0.00398290963107765,6.6748455968418085e-09
edges_gain_only-s42,0.001,252,3.310615174674184e-06,4.508062670663566e-06,3.954970081197908e-06,0.003954970081197908,6.64837631467846e-09
edges_gain_only-s42,0.001,253,3.287123783732721e-06,4.476626454037533e-06,3.9272202579152025e-06,0.003927220257915203,6.627310778917196e-09
edges_gain_only-s42,0.001,254,3.26379915814473e-06,4.44539861268671e-06,3.899659036434093e-06,0.0038996590364340925,6.555786793130961e-09
edges_gain_only-s42,0.001,255,3.240640044592947e-06,4.414378040565216e-06,3.8722852598393395e-06,0.0038722852598393393,6.495254403752366e-09
edges_gain_only-s42,0.001,256,3.2176452368436627e-06,4.383563673692586e-06,3.845097815077361e-06,0.003845097815077361,6.462023860050567e-09
edges_gain_only-s42,1.0,0,0.4037593577607303,0.017776958046549496,0.2857775701631832,0.2857775701631832,0.08945845339722035
edges_gain_only-s42,1.0,1,0.1829344801352644,0.022753204450291664,0.13035118261464865,0.13035118261464865,0.04145221727023398
edges_gain_only-s42,1.0,2,0.10966436461822429,0.024238325319431375,0.07941932597789944,0.07941932597789944,0.02553821253866651
edges_gain_only-s42,1.0,3,0.0754243752478993,0.024576207403278857,0.0561065915312392,0.0561065915312392,0.018318887903915684
edges_gain_only-s42,1.0,4,0.055457940454986296,0.024450959789959578,0.04288841912668667,0.04288841912668667,0.014271930469067296
edges_gain_only-s42,1.0,5,0.042529598675167035,0.024093737614392284,0.03461611239477737,0.03461611239477737,0.01179356896156648
edges_gain_only-s42,1.0,6,0.03375814781476026,0.02360192162066405,0.02919832509542918,0.02919832509542918,0.010221764926688245
edges_gain_only-s42,1.0,7,0.027654641689547173,0.023027370102918863,0.02553533561261673,0.02553533561261673,0.009200900018135814
edges_gain_only-s42,1.0,8,0.02332939219416909,0.022402671048485197,0.022975364739273592,0.022975364739273592,0.008520386888110975
edges_gain_only-s42,1.0,9,0.02021351267836568,0.021750186178706506,0.021117854106700324,0.021117854106700324,0.008053021509272531
edges_gain_only-s42,1.0,10,0.017931438432620753,0.021085899512840834,0.019714589213971557,0.019714589213971557,0.007721517824075683
edges_gain_only-s42,1.0,11,0.016231359906877924,0.020421433320316852,0.018611080261357032,0.018611080261357032,0.007478424507196103
edges_gain_only-s42,1.0,12,0.01494276276287159,0.01976527350986338,0.01771037061059802,0.01771037061059802,0.007294113534185669
edges_gain_only-s42,1.0,13,0.013948990149600195,0.019123585277757923,0.01695084280462857,0.01695084280462857,0.007149730881852274
edges_gain_only-s42,1.0,14,0.013169234224275022,0.018500786177543506,0.01629275020943698,0.01629275020943698,0.007033077050099581
edges_gain_only-s42,1.0,15,0.012546750737868657,0.017899962425413526,0.015710044341988187,0.015710044341988187,0.006936157567977401
edges_gain_only-s42,1.0,16,0.012041161746320103,0.017323178541199937,0.0151853654606975,0.0151853654606975,0.006853683877980441
edges_gain_only-s42,1.0,17,0.01162339969551174,0.016771711352690778,0.014706929425559715,0.014706929425559715,0.006782125731322811
edges_gain_only-s42,1.0,18,0.011272332024069635,0.01624622906396915,0.014266565562448926,0.014266565562448926,0.00671909941873273
edges_gain_only-s42,1.0,19,0.010972460299952679,0.015746929926923517,0.013858466774243103,0.013858466774243103,0.006662967890769641
edges_gain_only-s42,1.0,20,0.010712318167567519,0.01527365037000159,0.013478386311529112,0.013478386311529112,0.006612579931522238
edges_gain_only-s42,1.0,21,0.01048333922272571,0.014825950449609885,0.013123119075683826,0.013123119075683826,0.0065671002174891215
edges_gain_only-s42,1.0,22,0.010279051966047,0.014403181201884935,0.012790164458667643,0.012790164458667643,0.006525899997839286
edges_gain_only-s42,1.0,23,0.010094507660529113,0.014004538735461584,0.01247750620235564,0.01247750620235564,0.00648848697547935
edges_gain_only-s42,1.0,24,0.009925875643847492,0.013629107032664387,0.012183466870779354,0.012183466870779354,0.006454461493145531
edges_gain_only-s42,1.0,25,0.009770160822743417,0.013275893025301045,0.011906612295250479,0.011906612295250479,0.006423487523957337
edges_gain_only-s42,1.0,26,0.00962500516079428,0.012943854248182162,0.01164568744542949,0.01164568744542949,0.006395274158731882
edges_gain_only-s42,1.0,27,0.009488544087938679,0.012631921186033637,0.011399572104600257,0.011399572104600257,0.006369564771769702
edges_gain_only-s42,1.0,28,0.009359303508450423,0.012339015291908399,0.011167252063833854,0.011167252063833854,0.0063461280086740054
edges_gain_only-s42,1.0,29,0.00923611841683939,0.01206406291516399,0.010947797775267075,0.010947797775267075,0.006324753400013086
edges_gain_only-s42,1.0,30,0.009118070703370895,0.011806006594980616,0.010740350715658086,0.010740350715658086,0.0063052467854837055
edges_gain_only-s42,1.0,31,0.009004436376384617,0.011563813864471636,0.010544112478353688,0.010544112478353688,0.006287428622100435
edges_gain_only-s42,1.0,32,0.008894644198710845,0.011336483341444195,0.010358337372157711,0.010358337372157711,0.0062711321284509
edges_gain_only-s42,1.0,33,0.008788243177385106,0.011123050077839553,0.010182327718106657,0.010182327718106657,0.006256201164909056
edges_gain_only-s42,1.0,34,0.008684874326282021,0.01092258842775244,0.010015428819254268,0.010015428819254268,0.006242490313023298
edges_gain_only-s42,1.0,35,0.008584250842145414,0.010734214804305638,0.009857026654372686,0.009857026654372686,0.006229863161415003
edges_gain_only-s42,1.0,36,0.008486140193867437,0.010557088659748637,0.009706544441846095,0.009706544441846095,0.006218192687566604
edges_gain_only-s42,1.0,37,0.008390352286235808,0.01039041353897979,0.009563441129776362,0.009563441129776362,0.006207360078539283
edges_gain_only-s42,1.0,38,0.008296729599228402,0.010233436329523424,0.0094272090508675,0.0094272090508675,0.0061972547708265035
edges_gain_only-s42,1.0,39,0.008205140091364537,0.010085447394203887,0.009297372718685738,0.009297372718685738,0.006187773546308908
edges_gain_only-s42,1.0,40,0.008115470694852172,0.009945779508991476,0.009173486694717667,0.009173486694717667,0.006178820830751858
edges_gain_only-s42,1.0,41,0.008027623369941478,0.009813806596409833,0.009055134169219313,0.009055134169219313,0.006170308231299404
edges_gain_only-s42,1.0,42,0.00794151268958208,0.009688942652235796,0.008941926054966815,0.008941926054966815,0.006162153587920147
edges_gain_only-s42,1.0,43,0.00785706265349636,0.009570639827062877,0.008833499020887307,0.008833499020887307,0.006154281282178742
edges_gain_only-s42,1.0,44,0.007774204854331257,0.009458387224723594,0.008729514338985542,0.008729514338985542,0.006146621700208081
edges_gain_only-s42,1.0,45,0.007692877129879524,0.009351709024031808,0.008629656486735948,0.008629656486735948,0.006139110973581521
edges_gain_only-s42,1.0,46,0.0076130225352267515,0.009250162650736892,0.008533631844407903,0.008533631844407903,0.0061316906485081694
edges_gain_only-s42,1.0,47,0.007534588352339041,0.00915333725554431,0.008441167453245328,0.008441167453245328,0.006124307382663471
edges_gain_only-s42,1.0,48,0.007457525864690076,0.00906085191369058,0.00835200996002546,0.00835200996002546,0.0061169124379949185
edges_gain_only-s42,1.0,49,0.007381789443248338,0.008972353836402205,0.008265924209421798,0.008265924209421798,0.006109461628270769
edges_gain_only-s42,1.0,50,0.0073073361514561855,0.00888751675500106,0.008182692138350446,0.008182692138350446,0.006101915016804273
edges_gain_only-s42,1.0,51,0.007234125570085078,0.008806039378227184,0.008102111804339179,0.008102111804339179,0.0060942364959527765
edges_gain_only-s42,1.0,52,0.007162119597654919,0.008727643752540835,0.008023996325035308,0.008023996325035308,0.0060863935453258295
edges_gain_only-s42,1.0,53,0.007091281990325333,0.008652073520378353,0.007948172663641182,0.007948172663641182,0.00607835719033974
edges_gain_only-s42,1.0,54,0.007021578139958897,0.008579092812235959,0.00787448081603953,0.00787448081603953,0.006070101667434264
edges_gain_only-s42,1.0,55,0.0069529755589062695,0.00850848478625915,0.007802773213675668,0.007802773213675668,0.006061603813472953
edges_gain_only-s42,1.0,56,0.006885442966168667,0.008440050151355022,0.007732913388619766,0.007732913388619766,0.006052843407492592
edges_gain_only-s42,1.0,57,0.00681895039717798,0.008373606102038647,0.0076647753934407864,0.0076647753934407864,0.006043802727170137
edges_gain_only-s42,1.0,58,0.006753469268270902,0.00830898482887577,0.007598242953435793,0.007598242953435793,0.006034466425878408
edges_gain_only-s42,1.0,59,0.0066889725636516476,0.008246032772774442,0.007533209082105859,0.007533209082105859,0.00602482102902749
edges_gain_only-s42,1.0,60,0.006625433884527292,0.008184609312579671,0.007469574880192056,0.007469574880192056,0.006014855345858716
edges_gain_only-s42,1.0,61,0.0065628283939786905,0.008124585880433239,0.007407249424912618,0.007407249424912618,0.006004559737941367
edges_gain_only-s42,1.0,62,0.006501131837390726,0.008065845050767106,0.007346148786164476,0.007346148786164476,0.005993926429861558
edges_gain_only-s42,1.0,63,0.006440321362171161,0.008008279639406644,0.007286195850496342,0.007286195850496342,0.005982948955673218
edges_gain_only-s42,1.0,64,0.006380374574711687,0.007951791886133371,0.0072273194236945094,0.0072273194236945094,0.005971622471775023
edges_gain_only-s42,1.0,65,0.006321270266103501,0.00789629263311262,0.007169454057276832,0.007169454057276832,0.005959943293644498
edges_gain_only-s42,1.0,66,0.00626298789825547,0.007841700941999784,0.007112539580007635,0.007112539580007635,0.005947908856051376
edges_gain_only-s42,1.0,67,0.006205507747941195,0.0077879429688276075,0.007056520515157425,0.007056520515157425,0.005935517749518697
edges_gain_only-s42,1.0,68,0.00614881060071598,0.007734951694915332,0.007001345760423504,0.007001345760423504,0.005922769628549753
edges_gain_only-s42,1.0,69,0.006092878363925712,0.0076826663290651635,0.006946968516675274,0.006946968516675274,0.0059096647601783285
edges_gain_only-s42,1.0,70,0.006037693422813867,0.007631031732377926,0.0068933456494372275,0.0068933456494372275,0.005896204326209294
edges_gain_only-s42,1.0,71,0.005983238665762183,0.007579997804551611,0.006840437346576765,0.006840437346576765,0.005882390373775858
edges_gain_only-s42,1.0,72,0.005929497590939133,0.007529519553154094,0.006788207182275668,0.006788207182275668,0.005868225413833366
edges_gain_only-s42,1.0,73,0.0058764543359790065,0.007479555912693102,0.006736621458828724,0.006736621458828724,0.00585371273106285
edges_gain_only-s42,1.0,74,0.005824093572080776,0.007430070040739031,0.006685649312007257,0.006685649312007257,0.0058388560065691115
edges_gain_only-s42,1.0,75,0.005772400522811388,0.0073810287728598096,0.006635262391182175,0.006635262391182175,0.005823659370410826
edges_gain_only-s42,1.0,76,0.005721360908427014,0.007332402042770817,0.0065854345053227735,0.0065854345053227735,0.005808127481736605
edges_gain_only-s42,1.0,77,0.005670960888259466,0.007284162837193898,0.006536141557903986,0.006536141557903986,0.005792265382465257
edges_gain_only-s42,1.0,78,0.005621187003466865,0.0072362871280763925,0.006487361474618694,0.006487361474618694,0.005776078366879165
edges_gain_only-s42,1.0,79,0.005572026441179571,0.0071887531606414186,0.006439073900661318,0.006439073900661318,0.00575957204795459
edges_gain_only-s42,1.0,80,0.005523466631291439,0.007141541595455709,0.0063912601091908935,0.0063912601091908935,0.005742752314245633
edges_gain_only-s42,1.0,81,0.0054754954415417705,0.007094635155802107,0.006343902866165448,0.006343902866165448,0.00572562527200355
edges_gain_only-s42,1.0,82,0.005428101059920192,0.007048018437919257,0.006296986271984746,0.006296986271984746,0.005708197264323021
edges_gain_only-s42,1.0,83,0.005381272124836193,0.0070016778174963245,0.0062504957512788655,0.0062504957512788655,0.005690474727297046
edges_gain_only-s42,1.0,84,0.005334997547181761,0.006955601050254934,0.00620441774935849,0.00620441774935849,0.005672464371270449
edges_gain_only-s42,1.0,85,0.005289266650569196,0.006909777575844451,0.006158739951477513,0.006158739951477513,0.005654172851889833
edges_gain_only-s42,1.0,86,0.0052440690715946725,0.00686419784638706,0.0061134508603146774,0.0061134508603146774,0.005635607063339536
edges_gain_only-s42,1.0,87,0.005199394702363269,0.0068188536562718526,0.006068539945157474,0.006068539945157474,0.005616773906937093
edges_gain_only-s42,1.0,88,0.005155233839871522,0.0067737377486656696,0.006023997483939667,0.006023997483939667,0.005597680350226065
edges_gain_only-s42,1.0,89,0.005111576821095165,0.00672884390754297,0.005979814446152525,0.005979814446152525,0.005578333473712314
edges_gain_only-s42,1.0,90,0.005068414540091199,0.006684166790220784,0.005935982621023151,0.005935982621023151,0.0055587402336106755
edges_gain_only-s42,1.0,91,0.005025737928608991,0.006639701616004316,0.005892494214112803,0.005892494214112803,0.005538907819645871
edges_gain_only-s42,1.0,92,0.004983538346841449,0.006595444566016465,0.005849342229760015,0.005849342229760015,0.005518843200109119
edges_gain_only-s42,1.0,93,0.004941807343379669,0.006551392278644815,0.00580652008370603,0.00580652008370603,0.005498553449636364
edges_gain_only-s42,1.0,94,0.004900536531135073,0.006507542009957489,0.00576402163783428,0.00576402163783428,0.005478045667615807
edges_gain_only-s42,1.0,95,0.004859718096561803,0.006463891487130514,0.005721841326290374,0.005721841326290374,0.005457326773287323
edges_gain_only-s42,1.0,96,0.004819344203979026,0.006420438909841397,0.00567997390051044,0.00567997390051044,0.0054364037518608715
edges_gain_only-s42,1.0,97,0.004779407144260766,0.00637718291390201,0.005638414470924914,0.005638414470924914,0.005415283558765253
edges_gain_only-s42,1.0,98,0.004739899631265933,0.006334122399016652,0.005597158528380626,0.005597158528380626,0.005393973038563255
edges_gain_only-s42,1.0,99,0.004700814381749763,0.006291256629034105,0.005556201820943645,0.005556201820943645,0.005372479039987125
edges_gain_only-s42,1.0,100,0.0046621444936868674,0.006248585167447937,0.005515540478109372,0.005515540478109372,0.005350808241464725
edges_gain_only-s42,1.0,101,0.004623883137340636,0.006206107717337893,0.005475170780413938,0.005475170780413938,0.005328967358372737
edges_gain_only-s42,1.0,102,0.004586023572829695,0.006163824355172231,0.005435089300120692,0.005435089300120692,0.005306962984414967
edges_gain_only-s42,1.0,103,0.004548559352419388,0.0061217352170151226,0.005395292806722594,0.005395292806722594,0.005284801644437729
edges_gain_only-s42,1.0,104,0.004511484087789556,0.006079840567364074,0.005355778205870391,0.005355778205870391,0.005262489843211229
edges_gain_only-s42,1.0,105,0.004474791748742787,0.0060381409782607615,0.005316542762082465,0.005316542762082465,0.00524003381624215
edges_gain_only-s42,1.0,106,0.004438476175678853,0.005996636967734415,0.005277583688099564,0.005277583688099564,0.00521743993298536
edges_gain_only-s42,1.0,107,0.0044025316444801735,0.005955329210861088,0.005238898500454021,0.005238898500454021,0.00519471430506137
edges_gain_only-s42,1.0,108,0.0043669523601172384,0.005914218524634427,0.005200484794928977,0.005200484794928977,0.005171863019916414
edges_gain_only-s42,1.0,109,0.0043317327702737315,0.005873305685527973,0.005162340274914057,0.005162340274914057,0.005148892072171324
edges_gain_only-s42,1.0,110,0.00429686734037969,0.005832591551196505,0.00512446272171603,0.00512446272171603,0.005125807405029301
edges_gain_only-s42,1.0,111,0.004262350776662661,0.005792077060665111,0.005086850090424332,0.005086850090424332,0.005102614786226634
edges_gain_only-s42,1.0,112,0.00422817790220731,0.00575176319708474,0.005049500430664758,0.005049500430664758,0.005079319878162566
edges_gain_only-s42,1.0,113,0.004194343610406836,0.005711650934747955,0.005012411839336267,0.005012411839336267,0.005055928284982649
edges_gain_only-s42,1.0,114,0.004160842830658809,0.005671741185778331,0.004975582414605833,0.004975582414605833,0.005032445584023638
edges_gain_only-s42,1.0,115,0.0041276708942296955,0.005632034897990139,0.004939010460351457,0.004939010460351457,0.005008877100763911
edges_gain_only-s42,1.0,116,0.004094823010091985,0.00559253309005341,0.004902694288710636,0.004902694288710636,0.004985228129070856
edges_gain_only-s42,1.0,117,0.004062294495748188,0.00555323675127411,0.004866632256875205,0.004866632256875205,0.004961503868130609
edges_gain_only-s42,1.0,118,0.004030080870501554,0.005514146802120294,0.0048308227831177246,0.0048308227831177246,0.004937709397696241
edges_gain_only-s42,1.0,119,0.00399817757588071,0.005475264127958697,0.004795264249899523,0.004795264249899523,0.004913849788137558
edges_gain_only-s42,1.0,120,0.003966580391968865,0.005436589634233376,0.004759955204455083,0.004759955204455083,0.004889929871472823
edges_gain_only-s42,1.0,121,0.003935284943826153,0.005398124193051555,0.004724894124086141,0.004724894124086141,0.0048659544962148474
edges_gain_only-s42,1.0,122,0.0039042871995570603,0.005359868579672372,0.004690079586942163,0.004690079586942163,0.0048419283305728604
edges_gain_only-s42,1.0,123,0.003873582999711521,0.005321823753952525,0.0046555102352696855,0.0046555102352696855,0.004817855921867491
edges_gain_only-s42,1.0,124,0.0038431683838302776,0.005283990341965093,0.004621184614096803,0.004621184614096803,0.004793741827501267
edges_gain_only-s42,1.0,125,0.0038130394539173263,0.0052463689922698405,0.004587101319000454,0.004587101319000454,0.0047695904856236634
edges_gain_only-s42,1.0,126,0.0037831925029761307,0.0052089603925413236,0.004553259056260315,0.004553259056260315,0.004745406139139769
edges_gain_only-s42,1.0,127,0.0037536236087684994,0.005171765247494266,0.004519656461403937,0.004519656461403937,0.004721193040032929
edges_gain_only-s42,1.0,128,0.0037243292011812706,0.005134784117261268,0.004486292242783884,0.004486292242783884,0.004696955270767292
edges_gain_only-s42,1.0,129,0.003695305612509605,0.00509801748472706,0.004453165032583621,0.004453165032583621,0.0046726969169927565
edges_gain_only-s42,1.0,130,0.003666549286911221,0.0050614658831502615,0.004420273545405856,0.004420273545405856,0.004648421900963033
edges_gain_only-s42,1.0,131,0.0036380569139527986,0.005025129667911909,0.0043876165043835935,0.0043876165043835935,0.0046241340433525345
edges_gain_only-s42,1.0,132,0.0036098250442070773,0.004989009372527663,0.004355192682151931,0.004355192682151931,0.004599837046214773
edges_gain_only-s42,1.0,133,0.0035818503505165946,0.004953105179938311,0.004323000708589961,0.004323000708589961,0.004575534663025762
edges_gain_only-s42,1.0,134,0.0035541296984948527,0.004917417536522658,0.004291039451363396,0.004291039451363396,0.004551230329825115
edges_gain_only-s42,1.0,135,0.003526659759816268,0.004881946602596514,0.004259307538172211,0.004259307538172211,0.0045269276427033186
edges_gain_only-s42,1.0,136,0.003499437377869733,0.004846692482957619,0.004227803641846674,0.004227803641846674,0.004502630068403619
edges_gain_only-s42,1.0,137,0.00347245958501398,0.0048116553832678625,0.004196526576553305,0.004196526576553305,0.004478340847561232
edges_gain_only-s42,1.0,138,0.0034457232555404125,0.0047768354717744365,0.004165475075242653,0.004165475075242653,0.004454063230303345
edges_gain_only-s42,1.0,139,0.003419225530374564,0.004742232720865808,0.004134647871660516,0.004134647871660516,0.004429800373000647
edges_gain_only-s42,1.0,140,0.003392963458874154,0.004707847298692786,0.004104043779425873,0.004104043779425873,0.004405555283944972
edges_gain_only-s42,1.0,141,0.0033669342230527753,0.004673679063559342,0.004073661492986979,0.004073661492986979,0.004381331003510279
edges_gain_only-s42,1.0,142,0.0033411350239220274,0.004639727915237903,0.004043499741241874,0.004043499741241874,0.0043571304621131315
edges_gain_only-s42,1.0,143,0.0033155631060089374,0.004605993709014925,0.0040135572507949795,0.0040135572507949795,0.004332956516663843
edges_gain_only-s42,1.0,144,0.0032902157587657447,0.004572476404170577,0.0039838328282217755,0.0039838328282217755,0.004308811870434833
edges_gain_only-s42,1.0,145,0.003265090347828212,0.004539175750339665,0.003954325195779183,0.003954325195779183,0.0042846992319693885
edges_gain_only-s42,1.0,146,0.003240184286223274,0.0045060914482669325,0.003925033069327556,0.003925033069327556,0.004260621241982241
edges_gain_only-s42,1.0,147,0.0032154950324275143,0.004473223184409665,0.003895955178207421,0.003895955178207421,0.0042365804560551
edges_gain_only-s42,1.0,148,0.0031910199664357654,0.004440570812211523,0.0038670903171930757,0.0038670903171930757,0.004212579300280749
edges_gain_only-s42,1.0,149,0.0031667567315073857,0.004408133808198834,0.003838437176524869,0.003838437176524869,0.0041886202221560346
edges_gain_only-s42,1.0,150,0.003142702845707791,0.004375911867363843,0.0038099945222566977,0.0038099945222566977,0.0041647055340292595
edges_gain_only-s42,1.0,151,0.003118855953567281,0.004343904546745877,0.0037817610960776803,0.0037817610960776803,0.00414083750164496
edges_gain_only-s42,1.0,152,0.003095213720265051,0.00431211134977583,0.0037537356185818687,0.0037537356185818687,0.004117018343436636
edges_gain_only-s42,1.0,153,0.003071773850923742,0.004280531805726922,0.0037259168444112954,0.0037259168444112954,0.004093250181355239
edges_gain_only-s42,1.0,154,0.003048533959353774,0.004249165454720446,0.0036983034975394957,0.0036983034975394957,0.004069535109074677
edges_gain_only-s42,1.0,155,0.0030254919599338433,0.00421801157738533,0.0036708942794017037,0.0036708942794017037,0.0040458751662885125
edges_gain_only-s42,1.0,156,0.003002645624531539,0.004187069748579392,0.003643688002731911,0.003643688002731911,0.004022272233653642
edges_gain_only-s42,1.0,157,0.002979992772633981,0.004156339266390235,0.0036166833427680994,0.0036166833427680994,0.00399872826222107
edges_gain_only-s42,1.0,158,0.002957531290279349,0.004125819452568869,0.0035898790167362134,0.0035898790167362134,0.003975245104150805
edges_gain_only-s42,1.0,159,0.00293525908597443,0.004095509778731721,0.0035632738390150957,0.0035632738390150957,0.003951824460002488
edges_gain_only-s42,1.0,160,0.002913174147117243,0.004065409373563334,0.0035368664601897505,0.0035368664601897505,0.003928468131333244
edges_gain_only-s42,1.0,161,0.002891274405079038,0.004035517637676355,0.00351065566560935,0.00351065566560935,0.0039051777382189783
edges_gain_only-s42,1.0,162,0.0028695578379207445,0.004005833741437494,0.0034846401281656385,0.0034846401281656385,0.0038819549544442528
edges_gain_only-s42,1.0,163,0.0028480225246991517,0.003976356929644385,0.0034588186063562814,0.0034588186063562814,0.003858801317569764
edges_gain_only-s42,1.0,164,0.002826666600744957,0.003947086531232239,0.003433189931413635,0.003433189931413635,0.0038357182415148725
edges_gain_only-s42,1.0,165,0.0028054880949031254,0.003918021610827275,0.003407752739165824,0.003407752739165824,0.0038127072853948625
edges_gain_only-s42,1.0,166,0.0027844851123435474,0.0038891613321267817,0.0033825057549424892,0.0033825057549424892,0.003789769870940523
edges_gain_only-s42,1.0,167,0.0027636559511969843,0.0038605048265289233,0.0033574477661954256,0.0033574477661954256,0.003766907307595126
edges_gain_only-s42,1.0,168,0.0027429986389598767,0.0038320512995985516,0.003332577491556753,0.003332577491556753,0.003744120935804954
edges_gain_only-s42,1.0,169,0.0027225114947287167,0.0038037998153190177,0.003307893689472967,0.003307893689472967,0.003721412002195563
edges_gain_only-s42,1.0,170,0.002702192684485933,0.0037757494850409997,0.003283395083017796,0.003283395083017796,0.003698781751622868
edges_gain_only-s42,1.0,171,0.0026820405009938863,0.003747899331186357,0.0032590803970214705,0.0032590803970214705,0.003676231380408296
edges_gain_only-s42,1.0,172,0.0026620532743339064,0.003720248460950033,0.003234948420941974,0.003234948420941974,0.0036537619805202433
edges_gain_only-s42,1.0,173,0.002642229274281827,0.0036927959221514854,0.0032109978858395876,0.0032109978858395876,0.0036313746637737826
edges_gain_only-s42,1.0,174,0.0026225668663615483,0.0036655406627701895,0.003187227505258555,0.003187227505258555,0.003609070517301061
edges_gain_only-s42,1.0,175,0.0026030644172150307,0.0036384818315189234,0.0031636361091561135,0.0031636361091561135,0.0035868504780983885
edges_gain_only-s42,1.0,176,0.0025837203345243187,0.0036116183635336386,0.0031402224220906465,0.0031402224220906465,0.0035647155470876195
edges_gain_only-s42,1.0,177,0.0025645330408705642,0.003584949238862641,0.003116985200718461,0.003116985200718461,0.003542666659272366
edges_gain_only-s42,1.0,178,0.0025455009307894226,0.0035584734938176,0.003093923223175111,0.003093923223175111,0.0035207046958270856
edges_gain_only-s42,1.0,179,0.0025266224888397014,0.003532189997861095,0.0030710352090011104,0.0030710352090011104,0.0034988305588706447
edges_gain_only-s42,1.0,180,0.00250789621429416,0.0035060978225147643,0.0030483200001693196,0.0030483200001693196,0.0034770449979025855
edges_gain_only-s42,1.0,181,0.0024893206093301694,0.0034801958555307436,0.0030257763345810187,0.0030257763345810187,0.003455348833074142
edges_gain_only-s42,1.0,182,0.002470894142407083,0.00345448314140695,0.003003403026780074,0.003003403026780074,0.0034337427807994733
edges_gain_only-s42,1.0,183,0.0024526153676675388,0.0034289585039127602,0.002981198799901407,0.002981198799901407,0.0034122276148441065
edges_gain_only-s42,1.0,184,0.002434482871659566,0.0034036208997202774,0.0029591624669200846,0.0029591624669200846,0.0033908039916498256
edges_gain_only-s42,1.0,185,0.0024164952200294867,0.003378469267456959,0.0029372928224458295,0.0029372928224458295,0.003369472559047142
edges_gain_only-s42,1.0,186,0.0023986510983696726,0.0033535025216841724,0.0029155886966546964,0.0029155886966546964,0.003348233899622637
edges_gain_only-s42,1.0,187,0.00238094898582556,0.003328719564768345,0.0028940488277432196,0.0028940488277432196,0.00332708866660499
edges_gain_only-s42,1.0,188,0.002363387612832403,0.0033041193286313377,0.0028726720748846065,0.0028726720748846065,0.003306037362564024
edges_gain_only-s42,1.0,189,0.0023459655273577623,0.003279700659558609,0.0028514571729925334,0.0028514571729925334,0.0032850805933140863
edges_gain_only-s42,1.0,190,0.0023286815624570007,0.0032554624967042175,0.0028304030276802804,0.0028304030276802804,0.003264218765028452
edges_gain_only-s42,1.0,191,0.002311534263754416,0.0032314037057492428,0.002809508384361297,0.002809508384361297,0.003243452427659536
edges_gain_only-s42,1.0,192,0.0022945224502580234,0.0032075231841191773,0.002788772119440611,0.002788772119440611,0.0032227819726651213
edges_gain_only-s42,1.0,193,0.002277644822650858,0.0031838198452712758,0.002768193070130874,0.002768193070130874,0.003202207812980371
edges_gain_only-s42,1.0,194,0.002260900115941641,0.0031602924859896876,0.002747770020484455,0.002747770020484455,0.0031817303923199463
edges_gain_only-s42,1.0,195,0.0022442870609078033,0.003136940062991707,0.0027275018452091937,0.0027275018452091937,0.003161350046157717
edges_gain_only-s42,1.0,196,0.002227804422879169,0.003113761438627259,0.0027073873785584276,0.0027073873785584276,0.0031410671294722485
edges_gain_only-s42,1.0,197,0.002211451078758404,0.003090755469905822,0.002687425498454583,0.002687425498454583,0.0031208819346323475
edges_gain_only-s42,1.0,198,0.0021952257562475362,0.003067921100000026,0.002667615070548341,0.002667615070548341,0.0031007947508921905
edges_gain_only-s42,1.0,199,0.0021791273388078324,0.0030452571100821626,0.002647954932004496,0.002647954932004496,0.003080805876013566
edges_gain_only-s42,1.0,200,0.0021631546196887045,0.0030227623846285625,0.002628443941909103,0.002628443941909103,0.0030609155721404756
edges_gain_only-s42,1.0,201,0.002147306411629434,0.0030004358552136847,0.0026090809946601678,0.0026090809946601678,0.003041124050652075
edges_gain_only-s42,1.0,202,0.0021315816212417555,0.0029782763775516364,0.002589864980093862,0.002589864980093862,0.003021431510464025
edges_gain_only-s42,1.0,203,0.002115979111291719,0.0029562828499943164,0.0025707947942738055,0.0025707947942738055,0.003001838131136589
edges_gain_only-s42,1.0,204,0.00210049778110957,0.002934454112535659,0.0025518693146945213,0.0025518693146945213,0.002982344096027654
edges_gain_only-s42,1.0,205,0.002085136561065109,0.002912789036580858,0.002533087450201322,0.002533087450201322,0.002962949543657548
edges_gain_only-s42,1.0,206,0.0020698942915028553,0.00289128649141519,0.002514448071195723,0.002514448071195723,0.0029436546403667804
edges_gain_only-s42,1.0,207,0.002054770008507561,0.0028699454138666667,0.002495950167475941,0.002495950167475941,0.002924459417880481
edges_gain_only-s42,1.0,208,0.0020397626153212654,0.0028487646382938563,0.0024775926154213886,0.0024775926154213886,0.0029053640120413897
edges_gain_only-s42,1.0,209,0.0020248710364377843,0.0028277430909924,0.0024593743531453453,0.0024593743531453453,0.0028863684856746206
edges_gain_only-s42,1.0,210,0.00201009426717186,0.0028068795667621975,0.002441294272293844,0.002441294272293844,0.002867472936279089
edges_gain_only-s42,1.0,211,0.00199543129466819,0.0027861730794217143,0.002423351386951248,0.002423351386951248,0.0028486773299485017
edges_gain_only-s42,1.0,212,0.0019808810982621487,0.002765622450381222,0.002405544597649858,0.002405544597649858,0.0028299817359977533
edges_gain_only-s42,1.0,213,0.0019664426929157817,0.002745226564605026,0.002387872856196699,0.002387872856196699,0.0028113861635647606
edges_gain_only-s42,1.0,214,0.0019521151026004099,0.002724984302207685,0.0023703351152560125,0.0023703351152560125,0.0027928906118921378
edges_gain_only-s42,1.0,215,0.0019378973454341072,0.0027048946848785846,0.0023529304063837817,0.0023529304063837817,0.0027744949949245565
edges_gain_only-s42,1.0,216,0.0019237884205228976,0.002684956505007719,0.0023356576218724625,0.0023356576218724625,0.0027561993562266467
edges_gain_only-s42,1.0,217,0.0019097874072186074,0.002665168670722775,0.0023185157533439937,0.0023185157533439937,0.002738003633008203
edges_gain_only-s42,1.0,218,0.0018958934131121053,0.002645530133670665,0.0023015038292678648,0.0023015038292678648,0.0027199077182374952
edges_gain_only-s42,1.0,219,0.001882105443688439,0.002626039825421671,0.002284620824431172,0.002284620824431172,0.0027019115538882152
edges_gain_only-s42,1.0,220,0.0018684225973190703,0.002606696596833317,0.0022678657056958594,0.0022678657056958594,0.0026840150818323886
edges_gain_only-s42,1.0,221,0.0018548439780209562,0.002587499416847834,0.0022512375100079084,0.0022512375100079084,0.002666218168918654
edges_gain_only-s42,1.0,222,0.0018413686769354087,0.002568447266467118,0.0022347352759573636,0.0022347352759573636,0.002648520675150425
edges_gain_only-s42,1.0,223,0.0018279958349450287,0.002549539000081293,0.0022183579899715407,0.0022183579899715407,0.002630922506422061
edges_gain_only-s42,1.0,224,0.0018147245450744736,0.002530773610264901,0.002202104698190442,0.002202104698190442,0.0026134235061764984
edges_gain_only-s42,1.0,225,0.0018015539278806872,0.002512150054678352,0.002185974438069216,0.002185974438069216,0.0025960235212464993
edges_gain_only-s42,1.0,226,0.0017884831741840376,0.002493667200430382,0.0021699662239633524,0.0021699662239633524,0.002578722416308279
edges_gain_only-s42,1.0,227,0.0017755113943924907,0.0024753240924760486,0.0021540791393756223,0.0021540791393756223,0.0025615199855836914
edges_gain_only-s42,1.0,228,0.0017626377550674175,0.0024571195908164793,0.002138312184625125,0.002138312184625125,0.0025444161010763485
edges_gain_only-s42,1.0,229,0.001749861434711539,0.002439052764318143,0.0021226644851549386,0.0021226644851549386,0.0025274105081435454
edges_gain_only-s42,1.0,230,0.0017371816414805188,0.002421122493114676,0.0021071350698997774,0.0021071350698997774,0.0025105030439998496
edges_gain_only-s42,1.0,231,0.0017245975009654807,0.002403327786759891,0.002091723008454998,0.002091723008454998,0.0024936935052666414
edges_gain_only-s42,1.0,232,0.0017121082132705028,0.0023856676358248357,0.002076427390149208,0.002076427390149208,0.0024769816650234014
edges_gain_only-s42,1.0,233,0.0016997129896551468,0.0023681410395392476,0.0020612473138274384,0.0020612473138274384,0.0024603672853649103
edges_gain_only-s42,1.0,234,0.0016874110673518181,0.0023507469707912823,0.0020461818740347476,0.0020461818740347476,0.002443850130287268
edges_gain_only-s42,1.0,235,0.0016752016493224203,0.0023334844462168,0.0020312301762769234,0.0020312301762769234,0.0024274299523052113
edges_gain_only-s42,1.0,236,0.0016630839988647898,0.0023163524186178975,0.002016391314329795,0.002016391314329795,0.002411106513407003
edges_gain_only-s42,1.0,237,0.0016510573103158933,0.002299349926279023,0.0020016644024585593,0.0020016644024585593,0.0023948795554324534
edges_gain_only-s42,1.0,238,0.0016391208342004635,0.002282476007264601,0.001987048578342354,0.001987048578342354,0.002378748795780091
edges_gain_only-s42,1.0,239,0.0016272738481703866,0.002265729655153776,0.0019725429650511487,0.0019725429650511487,0.0023627139652260864
edges_gain_only-s42,1.0,240,0.00161551560434405,0.0022491099114610143,0.0019581467027706104,0.0019581467027706104,0.0023467747779844163
edges_gain_only-s42,1.0,241,0.001603845380257316,0.0022326157825422743,0.0019438589220547155,0.0019438589220547155,0.002330930957316766
edges_gain_only-s42,1.0,242,0.0015922623988282988,0.002216246314219579,0.0019296787534865932,0.0019296787534865932,0.002315182227554182
edges_gain_only-s42,1.0,243,0.0015807659866996452,0.0022000006030022208,0.0019156053996317777,0.0019156053996317777,0.0022995282405738997
edges_gain_only-s42,1.0,244,0.0015693554273724776,0.0021838776203369848,0.0019016379734252448,0.0019016379734252448,0.0022839687382496445
edges_gain_only-s42,1.0,245,0.0015580299960362518,0.002167876468379656,0.0018877756594730185,0.0018877756594730185,0.0022685033925431146
edges_gain_only-s42,1.0,246,0.0015467890371144777,0.0021519962157437,0.0018740176516800161,0.0018740176516800161,0.0022531318658311197
edges_gain_only-s42,1.0,247,0.0015356318365084176,0.002136235893223883,0.0018603630980700522,0.0018603630980700522,0.0022378538682518885
edges_gain_only-s42,1.0,248,0.0015245576964753732,0.00212059461700472,0.0018468112026448335,0.0018468112026448335,0.0022226690554855563
edges_gain_only-s42,1.0,249,0.0015135659824983695,0.0021050714678858807,0.0018333611750266533,0.0018333611750266533,0.0022075770780238878
edges_gain_only-s42,1.0,250,0.001502655996152433,0.002089665473391684,0.0018200121678453433,0.0018200121678453433,0.0021925776454279795
edges_gain_only-s42,1.0,251,0.0014918271039355605,0.002074375761439878,0.001806763418327582,0.001806763418327582,0.0021776703844665285
edges_gain_only-s42,1.0,252,0.0014810786398572506,0.0020592014107366193,0.001793614121955803,0.001793614121955803,0.002162854965715474
edges_gain_only-s42,1.0,253,0.001470409953732346,0.0020441415661601693,0.001780563518812875,0.001780563518812875,0.0021481310171070447
edges_gain_only-s42,1.0,254,0.0014598203938041535,0.002029195357536391,0.0017676108396098528,0.0017676108396098528,0.002133498178338894
edges_gain_only-s42,1.0,255,0.0014493093081055603,0.0020143618732785984,0.0017547552912707774,0.0017547552912707774,0.002118956114799288
edges_gain_only-s42,1.0,256,0.0014388761026233026,0.001999640227038776,0.0017419961190741548,0.0017419961190741548,0.002104504455573439
time_constants_only-s42,0.001,0,0.0006131679301853223,2.7395127119586058e-05,0.0004340077208977107,0.43400772089771067,1.5159562918991795e-07
time_constants_only-s42,0.001,1,0.0002268942311003259,3.2136226066592846e-05,0.00016204099585571385,0.16204099585571385,5.891383130563609e-08
time_constants_only-s42,0.001,2,0.0001303123204583066,3.3134073451813335e-05,9.508992939554667e-05,0.09508992939554667,3.4994233933333244e-08
time_constants_only-s42,0.001,3,9.240957240787315e-05,3.3325041264575406e-05,6.951960331756408e-05,0.06951960331756407,2.59765880911702e-08
time_constants_only-s42,0.001,4,7.391654911366279e-05,3.335725794575785e-05,5.7485986590355245e-05,0.05748598659035525,2.1866174570148628e-08
time_constants_only-s42,0.001,5,6.382821005964553e-05,3.339470582366581e-05,5.1187535160154184e-05,0.05118753516015418,1.956634831061081e-08
time_constants_only-s42,0.001,6,5.802883045910503e-05,3.3482856615505704e-05,4.772382307182557e-05,0.04772382307182557,1.843222101443915e-08
time_constants_only-s42,0.001,7,5.464019021359608e-05,3.363220555037439e-05,4.5798498127945736e-05,0.04579849812794574,1.7938729230439054e-08
time_constants_only-s42,0.001,8,5.268994719676512e-05,3.3842143303814086e-05,4.476309087380379e-05,0.044763090873803785,1.7653886801031032e-08
time_constants_only-s42,0.001,9,5.163447909439938e-05,3.4108664059977e-05,4.4269274509538547e-05,0.04426927450953855,1.7717027744358453e-08
time_constants_only-s42,0.001,10,5.115683196336468e-05,3.442711951195201e-05,4.412165017138159e-05,0.04412165017138159,1.7959376839175118e-08
time_constants_only-s42,0.001,11,5.106681339521327e-05,3.4793198110839315e-05,4.4206999085987955e-05,0.04420699908598796,1.821943859470057e-08
time_constants_only-s42,0.001,12,5.124720197372728e-05,3.5203216668499204e-05,4.44577216326132e-05,0.044457721632613204,1.8458816671926403e-08
time_constants_only-s42,0.001,13,5.162377146945124e-05,3.5654144627507684e-05,4.483219365896933e-05,0.04483219365896932,1.8666535828417924e-08
time_constants_only-s42,0.001,14,5.214825862533011e-05,3.6143532509822285e-05,4.530394014151375e-05,0.045303940141513746,1.921586973225038e-08
time_constants_only-s42,0.001,15,5.278848126983654e-05,3.666941719573145e-05,4.585554308208062e-05,0.04585554308208062,1.9749988761434813e-08
time_constants_only-s42,0.001,16,5.35224630643477e-05,3.723022848665665e-05,4.647514353582315e-05,0.04647514353582315,2.0628357530112588e-08
time_constants_only-s42,0.001,17,5.4334858574296225e-05,3.7824709046813236e-05,4.715439568655485e-05,0.04715439568655485,2.1365749753515468e-08
time_constants_only-s42,0.001,18,5.5214723398924154e-05,3.845184728182538e-05,4.7887240726786795e-05,0.047887240726786795,2.1998688854217425e-08
time_constants_only-s42,0.001,19,5.6154100455277294e-05,3.911082381683339e-05,4.8669158288960685e-05,0.048669158288960686,2.247546052800964e-08
time_constants_only-s42,0.001,20,5.714710219060615e-05,3.980096942820131e-05,4.9496695284261096e-05,0.049496695284261094,2.2983524733016532e-08
time_constants_only-s42,0.001,21,5.818930745659146e-05,4.052173263992006e-05,5.0367163524504946e-05,0.050367163524504946,2.3807482755252782e-08
time_constants_only-s42,0.001,22,5.927735720391202e-05,4.127265500094539e-05,5.127843980242006e-05,0.05127843980242006,2.4854112185360566e-08
time_constants_only-s42,0.001,23,6.040867772082173e-05,4.2053352531909737e-05,5.222882958224323e-05,0.05222882958224322,2.5853545514705792e-08
time_constants_only-s42,0.001,24,6.158128824879649e-05,4.286350215789792e-05,5.321697192066233e-05,0.05321697192066233,2.667314867416418e-08
time_constants_only-s42,0.001,25,6.279366606801218e-05,4.370283183830092e-05,5.424177215105174e-05,0.05424177215105174,2.7363116077361774e-08
time_constants_only-s42,0.001,26,6.404464792204966e-05,4.457111436737286e-05,5.5302352078118924e-05,0.05530235207811892,2.8177498946664805e-08
time_constants_only-s42,0.001,27,6.533335958302527e-05,4.5468162203527417e-05,5.639801345393268e-05,0.05639801345393268,2.9236416246470598e-08
time_constants_only-s42,0.001,28,6.66591626634733e-05,4.639382481847193e-05,5.752821013146702e-05,0.057528210131467014,3.0619478594891996e-08
time_constants_only-s42,0.001,29,6.802161417350031e-05,4.7347987110273524e-05,5.869252642433689e-05,0.05869252642433689,3.2273785472479136e-08
time_constants_only-s42,0.001,30,6.942043530884901e-05,4.833056813006329e-05,5.989065998849179e-05,0.059890659988491794,3.386814082626366e-08
time_constants_only-s42,0.001,31,7.085548601399475e-05,4.934152064623454e-05,6.112240766000218e-05,0.061122407660002175,3.5570681174242965e-08
time_constants_only-s42,0.001,32,7.232674673265382e-05,5.038083091422895e-05,6.238765522753831e-05,0.06238765522753831,3.710771126214568e-08
time_constants_only-s42,0.001,33,7.38343014350248e-05,5.1448518813153286e-05,6.368636779684956e-05,0.06368636779684957,3.884543805951855e-08
time_constants_only-s42,0.001,34,7.537832571770568e-05,5.254463748355114e-05,6.501858276595429e-05,0.06501858276595429,4.0878248563243284e-08
time_constants_only-s42,0.001,35,7.695907597701908e-05,5.366927374199026e-05,6.63844036801565e-05,0.0663844036801565,4.3162563415388204e-08
time_constants_only-s42,0.001,36,7.857688058997465e-05,5.4822547488866205e-05,6.778399474114159e-05,0.06778399474114159,4.5830120459974194e-08
time_constants_only-s42,0.001,37,8.023213304754631e-05,5.6004611815764203e-05,6.921757677220592e-05,0.06921757677220593,4.8452168337257844e-08
time_constants_only-s42,0.001,38,8.192528405287698e-05,5.721565288586141e-05,7.068542240602042e-05,0.07068542240602042,5.140677578807384e-08
time_constants_only-s42,0.001,39,8.365683867705661e-05,5.845588903352804e-05,7.218785391997467e-05,0.07218785391997466,5.416976084862682e-08
time_constants_only-s42,0.001,40,8.542734942940724e-05,5.972557119026906e-05,7.37252391869409e-05,0.0737252391869409,5.6916475986124314e-08
time_constants_only-s42,0.001,41,8.723741358435943e-05,6.102498183093544e-05,7.5297989502227e-05,0.075297989502227,5.983148054926371e-08
time_constants_only-s42,0.001,42,8.908766972775751e-05,6.235443461189342e-05,7.690655720634248e-05,0.07690655720634249,6.319033521533367e-08
time_constants_only-s42,0.001,43,9.097879658225328e-05,6.371427400461536e-05,7.855143462281734e-05,0.07855143462281733,6.643754479034539e-08
time_constants_only-s42,0.001,44,9.291150700910886e-05,6.510487502843222e-05,8.023315021362015e-05,0.08023315021362015,7.039654972974157e-08
time_constants_only-s42,0.001,45,9.488655132253934e-05,6.652664235594259e-05,8.195226989031522e-05,0.08195226989031522,7.411870720833326e-08
time_constants_only-s42,0.001,46,9.690470897138845e-05,6.79800095998291e-05,8.370939162241246e-05,0.08370939162241246,7.891003835079801e-08
time_constants_only-s42,0.001,47,9.896679559270204e-05,6.94654394967454e-05,8.5505149353974e-05,0.085505149353974,8.303716377633705e-08
time_constants_only-s42,0.001,48,0.00010107365244879349,7.098342283400743e-05,8.734020616397337e-05,0.08734020616397337,8.786564112500937e-08
time_constants_only-s42,0.001,49,0.00010322615315478435,7.253447821312061e-05,8.921525781924938e-05,0.08921525781924938,9.271462368671469e-08
time_constants_only-s42,0.001,50,0.00010542519788308098,7.411915155253063e-05,9.113102896562186e-05,0.09113102896562186,9.807831647275894e-08
time_constants_only-s42,0.001,51,0.00010767171650414454,7.573801576695687e-05,9.308827457489758e-05,0.09308827457489759,1.0353132513263758e-07
time_constants_only-s42,0.001,52,0.00010996666487269451,7.739166979549563e-05,9.508777717966187e-05,0.09508777717966187,1.0959109800682243e-07
time_constants_only-s42,0.001,53,0.0001123110267720167,7.908073903764598e-05,9.713034796437703e-05,0.09713034796437703,1.1626824083973599e-07
time_constants_only-s42,0.001,54,0.00011470581354833778,8.080587424962184e-05,9.921682591254489e-05,0.0992168259125449,1.230848244275863e-07
time_constants_only-s42,0.001,55,0.0001171520619764628,8.256775181004271e-05,0.00010134807650388525,0.10134807650388525,1.3038366465270774e-07
time_constants_only-s42,0.001,56,0.00011965083544958998,8.436707297883614e-05,0.0001035249919378925,0.1035249919378925,1.386377679398617e-07
time_constants_only-s42,0.001,57,0.0001222032265889606,8.62045634076082e-05,0.00010574849229771012,0.10574849229771012,1.466925024805407e-07
time_constants_only-s42,0.001,58,0.00012481035181054732,8.808097311754376e-05,0.00010801952227198706,0.10801952227198706,1.5569724019935224e-07
time_constants_only-s42,0.001,59,0.0001274733567026546,8.999707725065088e-05,0.00011033905444900001,0.11033905444900001,1.6470936703311343e-07
time_constants_only-s42,0.001,60,0.00013019341213279807,9.195367451210739e-05,0.00011270808633246156,0.11270808633246156,1.7449328633659123e-07
time_constants_only-s42,0.001,61,0.0001329717165525442,9.395158710855299e-05,0.00011512764155647419,0.11512764155647419,1.854885093364175e-07
time_constants_only-s42,0.001,62,0.00013580949823091657,9.59916616588082e-05,0.0001175987714650006,0.1175987714650006,1.9695095129832308e-07
time_constants_only-s42,0.001,63,0.00013870801184646,9.807476800603677e-05,0.00012012255259067424,0.12012255259067424,2.0918882064681166e-07
time_constants_only-s42,0.001,64,0.0001416685408214054,0.00010020179990685553,0.0001227000882210029,0.12270008822100291,2.2242068184431324e-07
time_constants_only-s42,0.001,65,0.00014469239829806226,0.00010237367540367096,0.00012533250906042543,0.12533250906042542,2.3595335589372208e-07
time_constants_only-s42,0.001,66,0.00014778092432655285,0.00010459133559025509,0.00012802097105839871,0.1280209710583987,2.508416663395645e-07
time_constants_only-s42,0.001,67,0.00015093549089077767,0.00010685574577652352,0.00013076665874394228,0.13076665874394228,2.6690569047004403e-07
time_constants_only-s42,0.001,68,0.00015415749970202166,0.00010916789482393281,0.00013357078364790407,0.13357078364790406,2.842835474604683e-07
time_constants_only-s42,0.001,69,0.0001574483835295419,0.00011152879603107394,0.00013643458540105852,0.13643458540105852,3.0272905992288246e-07
time_constants_only-s42,0.001,70,0.0001608096064058071,0.00011393948668549524,0.00013935933164373383,0.13935933164373382,3.2249766808820164e-07
time_constants_only-s42,0.001,71,0.0001642426642395796,0.0001164010293368914,0.00014234631887728372,0.14234631887728372,3.4331849175768274e-07
time_constants_only-s42,0.001,72,0.00016774908619374807,0.00011891451054647273,0.00014539687272904396,0.14539687272904395,3.649655682971684e-07
time_constants_only-s42,0.001,73,0.0001713304326020983,0.00012148104191894246,0.00014851234715608158,0.14851234715608158,3.882539118735747e-07
time_constants_only-s42,0.001,74,0.00017498829931153454,0.00012410176054045992,0.00015169412711326885,0.15169412711326885,4.130765019306623e-07
time_constants_only-s42,0.001,75,0.00017872431696662193,0.0001267778292809397,0.00015494362825405205,0.15494362825405206,4.391019723128704e-07
time_constants_only-s42,0.001,76,0.00018254014831503535,0.0001295104368896268,0.00015826229540312763,0.1582622954031276,4.67833570954031e-07
time_constants_only-s42,0.001,77,0.00018643749670948416,0.00013230079851328587,0.00016165160766354444,0.16165160766354444,4.979802467534587e-07
time_constants_only-s42,0.001,78,0.0001904180990405505,0.00013515015577527398,0.00016511307436502894,0.16511307436502892,5.30131962284531e-07
time_constants_only-s42,0.001,79,0.0001944837304699497,0.0001380597779389035,0.00016864823826276144,0.16864823826276143,5.644054823404769e-07
time_constants_only-s42,0.001,80,0.0001986362035368558,0.0001410309619989022,0.0001722586750540541,0.1722586750540541,6.012122141496917e-07
time_constants_only-s42,0.001,81,0.0002028773713350662,0.0001440650325923042,0.00017594599516833863,0.17594599516833861,6.401736706296515e-07
time_constants_only-s42,0.001,82,0.00020720912510594798,0.00014716334401690444,0.00017971184320133947,0.17971184320133946,6.81700634161171e-07
time_constants_only-s42,0.001,83,0.00021163339745382465,0.00015032727872768924,0.0001835578991498575,0.1835578991498575,7.258040564230625e-07
time_constants_only-s42,0.001,84,0.00021615216131143722,0.00015355824891700315,0.00018748587845861115,0.18748587845861114,7.73497752275943e-07
time_constants_only-s42,0.001,85,0.00022076743180501996,0.00015685769857016132,0.00019149753393448465,0.19149753393448465,8.251624845623042e-07
time_constants_only-s42,0.001,86,0.000225481271975054,0.0001602271011191604,0.0001955946580812435,0.1955946580812435,8.787640483399987e-07
time_constants_only-s42,0.001,87,0.0002302957821381838,0.00016366796209688427,0.00019977907805176863,0.19977907805176862,9.363205661656423e-07
time_constants_only-s42,0.001,88,0.0002352131112037258,0.00016718181825977629,0.0002040526618101326,0.2040526618101326,9.97889522973316e-07
time_constants_only-s42,0.001,89,0.00024023545372670334,0.00017077024045891064,0.00020841731760711348,0.2084173176071135,1.0634278207937541e-06
time_constants_only-s42,0.001,90,0.00024536504952604304,0.00017443483227994134,0.00021287499320236624,0.21287499320236625,1.134257593910031e-06
time_constants_only-s42,0.001,91,0.0002506041907862546,0.00017817723199773253,0.00021742768075605734,0.21742768075605734,1.2083499853424375e-06
time_constants_only-s42,0.001,92,0.00025595521440463504,0.00018199911157623929,0.0002220774120079782,0.2220774120079782,1.2870329596209179e-06
time_constants_only-s42,0.001,93,0.0002614205067392042,0.0001859021792913289,0.00022682626208733733,0.22682626208733733,1.3715928218649155e-06
time_constants_only-s42,0.001,94,0.0002670025077203534,0.0001898881802395615,0.0002316763520902718,0.2316763520902718,1.4617314531819054e-06
time_constants_only-s42,0.001,95,0.0002727037091886359,0.0001939588959268876,0.00023662984795235457,0.23662984795235456,1.557539188916124e-06
time_constants_only-s42,0.001,96,0.000278526654249297,0.00019811614509523674,0.00024168896041471186,0.24168896041471186,1.660235808515621e-06
time_constants_only-s42,0.001,97,0.0002844739418691547,0.00020236178622205555,0.00024685594869704365,0.24685594869704364,1.770060451842334e-06
time_constants_only-s42,0.001,98,0.00029054822638034476,0.00020669771674285294,0.0002521331198922397,0.25213311989223974,1.8871585034714374e-06
time_constants_only-s42,0.001,99,0.0002967522233873568,0.0002111258744775056,0.0002575228329541472,0.2575228329541472,2.0092405611721127e-06
time_constants_only-s42,0.001,100,0.000303088696854988,0.00021564823826792886,0.0002630274915189595,0.26302749151895954,2.1399720675782675e-06
time_constants_only-s42,0.001,101,0.000309560474754332,0.0002202668291265025,0.00026864955339057255,0.26864955339057256,2.2798535323142683e-06
time_constants_only-s42,0.001,102,0.00031617044605886097,0.0002249837102813973,0.00027439152882786103,0.274391528827861,2.4289960622261496e-06
time_constants_only-s42,0.001,103,0.0003229215610627012,0.00022980098953953682,0.00028025598169666193,0.28025598169666194,2.5877842139878118e-06
time_constants_only-s42,0.001,104,0.0003298168325555799,0.0002347208202278469,0.000286245530532269,0.28624553053226903,2.75687361388697e-06
time_constants_only-s42,0.001,105,0.0003368593372543336,0.00023974539954594296,0.0002923628486885428,0.2923628486885428,2.937732725777873e-06
time_constants_only-s42,0.001,106,0.00034405221938089064,0.0002448769721136366,0.00029861066785358996,0.29861066785359,3.1299908196151246e-06
time_constants_only-s42,0.001,107,0.0003513986906302978,0.00025011783095361007,0.0003049917784339099,0.3049917784339099,3.333563997243556e-06
time_constants_only-s42,0.001,108,0.0003589020265631455,0.00025547031657398344,0.00031150902709992047,0.31150902709992045,3.5515027437874134e-06
time_constants_only-s42,0.001,109,0.0003665655759543796,0.00026093681986860483,0.0003181653233607866,0.31816532336078657,3.784318665256532e-06
time_constants_only-s42,0.001,110,0.00037439276143804047,0.00026651978272640127,0.00032496364018553333,0.3249636401855333,4.031379993963089e-06
time_constants_only-s42,0.001,111,0.0003823870754232783,0.0002722216996586407,0.0003319070123174626,0.33190701231746256,4.2938112385106065e-06
time_constants_only-s42,0.001,112,0.0003905520843109721,0.00027804511593609437,0.00033899853793929724,0.33899853793929724,4.574030058789624e-06
time_constants_only-s42,0.001,113,0.0003988914324274874,0.00028399263274371105,0.00034624138305296853,0.34624138305296853,4.872443322490625e-06
time_constants_only-s42,0.001,114,0.0004074088436082318,0.000290066906561826,0.00035363878213786454,0.35363878213786454,5.18894949301916e-06
time_constants_only-s42,0.001,115,0.0004161081141083975,0.0002962706496198662,0.0003611940342533345,0.3611940342533345,5.527646459196566e-06
time_constants_only-s42,0.001,116,0.0004249931299921231,0.0003026066315380244,0.0003689105137284454,0.36891051372844536,5.8876041095598165e-06
time_constants_only-s42,0.001,117,0.00043406785722780524,0.0003090776822394866,0.0003767916656509043,0.37679166565090433,6.269410623624789e-06
time_constants_only-s42,0.001,118,0.0004433363391704581,0.0003156866914278853,0.0003848410042026176,0.3848410042026176,6.67843081510397e-06
time_constants_only-s42,0.001,119,0.00045280271287668187,0.00032243660929219217,0.0003930621223464465,0.3930621223464465,7.1155812119754565e-06
time_constants_only-s42,0.001,120,0.00046247120786943726,0.00032933044948031697,0.00040145869233389956,0.4014586923338996,7.57933651322169e-06
time_constants_only-s42,0.001,121,0.00047234613925672633,0.00033637129006586577,0.0004100344621382568,0.4100344621382568,8.070967085767642e-06
time_constants_only-s42,0.001,122,0.0004824319070015676,0.00034356227460479783,0.0004187932554673738,0.4187932554673738,8.596179388170016e-06
time_constants_only-s42,0.001,123,0.0004927330083940384,0.0003509066122716628,0.00042773897900340313,0.42773897900340313,9.159598417224024e-06
time_constants_only-s42,0.001,124,0.0005032540498520316,0.0003584075831416,0.000436875631366213,0.436875631366213,9.756189042265523e-06
time_constants_only-s42,0.001,125,0.0005139997216766682,0.0003660685355470396,0.000446207287488756,0.446207287488756,1.0391173924270794e-05
time_constants_only-s42,0.001,126,0.000524974814980751,0.00037389288702250413,0.00045573810875502866,0.4557381087550286,1.106967239996945e-05
time_constants_only-s42,0.001,127,0.000536184231115254,0.0003818841319159119,0.000465472351551515,0.46547235155151495,1.1790762170668967e-05
time_constants_only-s42,0.001,128,0.0005476329663707054,0.00039004583641969923,0.00047541435641743887,0.47541435641743884,1.2560412797982769e-05
time_constants_only-s42,0.001,129,0.0005593261299380409,0.0003983816443162638,0.0004855685607463561,0.4855685607463561,1.3380640353837246e-05
time_constants_only-s42,0.001,130,0.0005712689417745158,0.0004068952736000471,0.000495939496171277,0.4959394961712769,1.4253082949290957e-05
time_constants_only-s42,0.001,131,0.0005834667244525945,0.00041559052529205803,0.0005065317874859059,0.5065317874859059,1.5184304738035205e-05
time_constants_only-s42,0.001,132,0.0005959249174785031,0.0004244712808411435,0.0005173501598253698,0.5173501598253698,1.6179237138069064e-05
time_constants_only-s42,0.001,133,0.0006086490861067593,0.0004335415027242283,0.0005283994439890283,0.5283994439890283,1.723629529162066e-05
time_constants_only-s42,0.001,134,0.0006216448997039116,0.00044280523870880077,0.000539684565727902,0.539684565727902,1.836431845066567e-05
time_constants_only-s42,0.001,135,0.0006349181630581151,0.0004522666217834164,0.0005512105637484268,0.5512105637484268,1.9562799482956336e-05
time_constants_only-s42,0.001,136,0.000648474792579836,0.0004619298747453774,0.0005629825778878463,0.5629825778878462,2.0838336455926128e-05
time_constants_only-s42,0.001,137,0.0006623208301015403,0.00047179930777706616,0.0005750058560674861,0.575005856067486,2.219949650524633e-05
time_constants_only-s42,0.001,138,0.0006764624535111835,0.00048187932679295093,0.0005872857638412782,0.5872857638412782,2.3649830385320865e-05
time_constants_only-s42,0.001,139,0.0006909059645933382,0.0004921744265139815,0.0005998277745519609,0.5998277745519609,2.5199203699543243e-05
time_constants_only-s42,0.001,140,0.0007056578147828916,0.0005026892032522286,0.0006126374894079099,0.6126374894079099,2.684584885608603e-05
time_constants_only-s42,0.001,141,0.0007207245831273417,0.000513428347802889,0.0006257206218754316,0.6257206218754316,2.8595877891184427e-05
time_constants_only-s42,0.001,142,0.0007361129781189677,0.0005243966505054734,0.0006390830008100395,0.6390830008100394,3.0463319777624796e-05
time_constants_only-s42,0.001,143,0.0007518298672258714,0.0005355990018347838,0.0006527305877065916,0.6527305877065916,3.245270793593156e-05
time_constants_only-s42,0.001,144,0.000767882253078212,0.0005470404003736738,0.0006666694662553656,0.6666694662553656,3.457442010998726e-05
time_constants_only-s42,0.001,145,0.0007842772958872072,0.0005587259507223776,0.0006809058543958786,0.6809058543958786,3.6834549200893794e-05
time_constants_only-s42,0.001,146,0.0008010223010832473,0.000570660866501489,0.0006954460984294926,0.6954460984294926,3.924419158005849e-05
time_constants_only-s42,0.001,147,0.0008181247435333313,0.0005828504684936054,0.0007102966862039026,0.7102966862039026,4.18077840074554e-05
time_constants_only-s42,0.001,148,0.0008355922429036829,0.0005953001943993664,0.0007254642369272362,0.7254642369272362,4.453680915554447e-05
time_constants_only-s42,0.001,149,0.0008534325826551024,0.0006080155962954578,0.0007409555110644217,0.7409555110644217,4.744447217832064e-05
time_constants_only-s42,0.001,150,0.0008716537119822191,0.0006210023452174044,0.0007567774133344535,0.7567774133344535,5.0543998175773774e-05
time_constants_only-s42,0.001,151,0.0008902637584560053,0.0006342662315238011,0.0007729370001405686,0.7729370001405685,5.384311795711434e-05
time_constants_only-s42,0.001,152,0.0009092710046316246,0.0006478131722230444,0.0007894414691048697,0.7894414691048697,5.7361213327572324e-05
time_constants_only-s42,0.001,153,0.00092868392494725,0.0006616492051317996,0.0008062981779214042,0.8062981779214041,6.111074316883581e-05
time_constants_only-s42,0.001,154,0.0009485111715637384,0.0006757804986197207,0.0008235146401996972,0.8235146401996972,6.510444871728224e-05
time_constants_only-s42,0.001,155,0.0009687615801182315,0.0006902133551301024,0.0008410985302225168,0.8410985302225168,6.935709700055464e-05
time_constants_only-s42,0.001,156,0.0009894441616996907,0.0007049542095399372,0.0008590576776520794,0.8590576776520794,7.389182629389596e-05
time_constants_only-s42,0.001,157,0.0010105681367126491,0.0007200096321625822,0.000877400088263583,0.8774000882635831,7.87228610476486e-05
time_constants_only-s42,0.001,158,0.0010321429168653876,0.000735386331994224,0.0008961339349045599,0.89613393490456,8.386799590281254e-05
time_constants_only-s42,0.001,159,0.0010541781116451428,0.0007510911643739904,0.0009152675643669151,0.915267564366915,8.934685536162376e-05
time_constants_only-s42,0.001,160,0.0010766835221604147,0.0007671311305064274,0.0009348094936447515,0.9348094936447514,9.518829153306989e-05
time_constants_only-s42,0.001,161,0.001099669169874064,0.0007835133763531626,0.0009547684260268572,0.9547684260268572,0.0001014156156223029
time_constants_only-s42,0.001,162,0.001123145301832499,0.0008002452031587039,0.0009751532584265393,0.9751532584265392,0.00010804544243675295
time_constants_only-s42,0.001,163,0.0011471223579562872,0.0008173340648588963,0.0009959730614818784,0.9959730614818785,0.00011511150322188234
time_constants_only-s42,0.001,164,0.0011716110164978976,0.0008347875776489301,0.0010172371096598362,1.017237109659836,0.00012263785982454418
time_constants_only-s42,0.001,165,0.001196622173500847,0.0008526135180176152,0.001038954868620526,1.0389548686205259,0.00013065618917463341
time_constants_only-s42,0.001,166,0.0012221669617271443,0.000870819823416877,0.0010611360063918108,1.0611360063918107,0.00013919738449422636
time_constants_only-s42,0.001,167,0.001248256750909416,0.0008894146094913697,0.001083790400584378,1.083790400584378,0.00014829146734849933
time_constants_only-s42,0.001,168,0.0012749031210806286,0.0009084061514731305,0.0011069281153987243,1.1069281153987243,0.00015799421210492562
time_constants_only-s42,0.001,169,0.0013021179424888845,0.0009278029091852386,0.0011305594579055771,1.130559457905577,0.00016833167804368375
time_constants_only-s42,0.001,170,0.0013299133252746423,0.0009476135192495864,0.001154694945869096,1.154694945869096,0.00017934036823537373
time_constants_only-s42,0.001,171,0.0013583016319063035,0.0009678468049650825,0.0011793453189613307,1.1793453189613308,0.00019106251787547314
time_constants_only-s42,0.001,172,0.001387295470135435,0.0009885117726802582,0.0012045215332171756,1.2045215332171755,0.0002035535928854842
time_constants_only-s42,0.001,173,0.001416907727129965,0.0010096176200084983,0.0012302347840617348,1.2302347840617347,0.00021686397923434113
time_constants_only-s42,0.001,174,0.0014471515718520688,0.0010311737418673462,0.0012564965101572458,1.2564965101572458,0.00023104130609365582
time_constants_only-s42,0.001,175,0.0014780404473190027,0.0010531897334551395,0.001283318390168282,1.283318390168282,0.0002461385062904596
time_constants_only-s42,0.001,176,0.0015095880592034098,0.0010756753861658238,0.0013107123345208812,1.310712334520881,0.00026222738608360744
time_constants_only-s42,0.001,177,0.0015418084238618401,0.0010986407107476093,0.0013386905225628814,1.3386905225628813,0.0002793675733679247
time_constants_only-s42,0.001,178,0.0015747158408520342,0.001122095914514937,0.001367265377387384,1.367265377387384,0.00029763492601439425
time_constants_only-s42,0.001,179,0.0016083249237961125,0.0011460514303902733,0.0013964495955221196,1.3964495955221197,0.00031709867450951934
time_constants_only-s42,0.001,180,0.0016426505916072676,0.0011705179174611904,0.0014262561421066041,1.426256142106604,0.00033783445174259414
time_constants_only-s42,0.001,181,0.0016777080800638266,0.0011955062503537395,0.0014566982531961765,1.4566982531961765,0.00035992315542437135
time_constants_only-s42,0.001,182,0.0017135129355239536,0.0012210275334017398,0.0014877894379565321,1.4877894379565322,0.00038345597381302696
time_constants_only-s42,0.001,183,0.0017500810340205812,0.0012470931171957834,0.0015195434964518095,1.5195434964518095,0.00040852851098764495
time_constants_only-s42,0.001,184,0.0017874285941365962,0.0012737145792580302,0.0015519745191275504,1.5519745191275505,0.00043523751506994643
time_constants_only-s42,0.001,185,0.0018255721729618596,0.0013009037470143158,0.0015850968939094226,1.5850968939094225,0.0004636867603454705
time_constants_only-s42,0.001,186,0.0018645286577740425,0.001328672699359231,0.001618925302055947,1.618925302055947,0.0004939985881087423
time_constants_only-s42,0.001,187,0.001904315294419294,0.001357033766961113,0.0016534747346257574,1.6534747346257574,0.0005263006353700151
time_constants_only-s42,0.001,188,0.001944949722613203,0.0013859995379325936,0.001688760515132361,1.6887605151323608,0.000560709254802387
time_constants_only-s42,0.001,189,0.001986449921396828,0.0014155828770561361,0.0017247982760253593,1.7247982760253593,0.0005973630200020951
time_constants_only-s42,0.001,190,0.0020288342468045366,0.001445796907968555,0.0017616039730707048,1.7616039730707047,0.0006364143116327273
time_constants_only-s42,0.001,191,0.0020721214355778955,0.0014766550369327337,0.0017991938972440021,1.799193897244002,0.0006780247588042288
time_constants_only-s42,0.001,192,0.0021163306463409313,0.001508170949241865,0.0018375846969652999,1.8375846969652998,0.0007223468295293095
time_constants_only-s42,0.001,193,0.002161481405089226,0.0015403586181157074,0.001876793350360981,1.8767933503609808,0.0007695662101017203
time_constants_only-s42,0.001,194,0.0022075936692991143,0.0015732323163435025,0.0019168372069574603,1.9168372069574602,0.0008198625639479222
time_constants_only-s42,0.001,195,0.002254687776717278,0.0016068066097801642,0.001957733955524537,1.9577339555245368,0.000873451033553455
time_constants_only-s42,0.001,196,0.0023027845181861463,0.0016410963699138121,0.001999501671168083,1.9995016711680829,0.0009305420410631876
time_constants_only-s42,0.001,197,0.00235190510954751,0.001676116782932121,0.0020421588028715115,2.0421588028715116,0.0009913625617197345
time_constants_only-s42,0.001,198,0.0024020712158605256,0.00171188335387995,0.0020857241891476977,2.0857241891476974,0.0010561483758905995
time_constants_only-s42,0.001,199,0.0024533049023056815,0.0017484119103078131,0.0021302170312664445,2.1302170312664446,0.0011251856729667259
time_constants_only-s42,0.001,200,0.0025056287717672965,0.0017857186052807653,0.002175656973711152,2.1756569737111517,0.0011987257292983573
time_constants_only-s42,0.001,201,0.002559065828840281,0.001823819942143259,0.0022220640360362436,2.2220640360362434,0.001277074444751556
time_constants_only-s42,0.001,202,0.0026136395831392397,0.0018627327618273139,0.002269458667145176,2.269458667145176,0.001360541809457464
time_constants_only-s42,0.001,203,0.0026693740421966047,0.0019024742540767953,0.002317861745809063,2.317861745809063,0.0014494499224744833
time_constants_only-s42,0.001,204,0.002726293670645592,0.0019430619685055126,0.0023672945616996224,2.367294561699622,0.001544165507941317
time_constants_only-s42,0.001,205,0.0027844234748956396,0.001984513823485456,0.0024177788677951233,2.417778867795123,0.0016450531471023204
time_constants_only-s42,0.001,206,0.0028437888996050193,0.0020268481105080883,0.002469336822561489,2.469336822561489,0.0017525495890141584
time_constants_only-s42,0.001,207,0.002904415994716752,0.0020700834970021694,0.0025219910872881154,2.5219910872881153,0.0018670624731142553
time_constants_only-s42,0.001,208,0.0029663313194627917,0.0021142390344552845,0.0025757647741428734,2.5757647741428733,0.0019890464550898065
time_constants_only-s42,0.001,209,0.0030295619753567763,0.002159334186951634,0.0026306814768868956,2.6306814768868954,0.0021189793832477313
time_constants_only-s42,0.001,210,0.0030941355723043454,0.00220538879208468,0.0026867652353180986,2.6867652353180986,0.0022574063924267716
time_constants_only-s42,0.001,211,0.003160080335213025,0.0022524231201106505,0.00274404062093345,2.74404062093345,0.0024048664854326046
time_constants_only-s42,0.001,212,0.0032274250383831802,0.002300457847787795,0.002802532688418885,2.8025326884188853,0.002561950931585135
time_constants_only-s42,0.001,213,0.003296199033015112,0.00234951408630217,0.0028622670029436565,2.8622670029436565,0.0027292922236162274
time_constants_only-s42,0.001,214,0.003366432305493014,0.0023996133768247807,0.0029232696719055274,2.923269671905527,0.0029075329090616654
time_constants_only-s42,0.001,215,0.0034381553658316055,0.002450777694990973,0.0029855672825322113,2.9855672825322115,0.003097417052938528
time_constants_only-s42,0.001,216,0.0035113993913893477,0.0025030294877593736,0.0030491869997627775,3.0491869997627776,0.003299688634109895
time_constants_only-s42,0.001,217,0.003586196211031038,0.002556391640534724,0.0031141565436270334,3.1141565436270335,0.0035151355220337166
time_constants_only-s42,0.001,218,0.0036625782476429436,0.002610887521195311,0.003180504174229969,3.1805041742299687,0.0037446140748288075
time_constants_only-s42,0.001,219,0.0037405785377264975,0.002666540960017968,0.003248258694794747,3.248258694794747,0.003989062034252999
time_constants_only-s42,0.001,220,0.003820230810869613,0.0027233762791491123,0.0033174495095028653,3.317449509502865,0.00424945292838169
time_constants_only-s42,0.001,221,0.0039015694865884676,0.002781418304979714,0.0033881066267723867,3.3881066267723865,0.004526800712309216
time_constants_only-s42,0.001,222,0.003984629621031932,0.00284069234787711,0.0034602606202524897,3.4602606202524897,0.004822221220097813
time_constants_only-s42,0.001,223,0.004069446968700764,0.002901224230368907,0.003533942675917329,3.533942675917329,0.005136895627395879
time_constants_only-s42,0.001,224,0.004156057988080162,0.0029630403152054213,0.0036091846068446918,3.609184606844692,0.005472069499693903
time_constants_only-s42,0.001,225,0.004244499857167984,0.003026167465188293,0.003686018845660865,3.6860188456608647,0.005829072579094134
time_constants_only-s42,0.001,226,0.004334810472555486,0.00309063312033012,0.003764478475685304,3.764478475685304,0.0062093116245665785
time_constants_only-s42,0.001,227,0.004427028454078652,0.003156465237431793,0.003844597208819207,3.844597208819207,0.006614300609980982
time_constants_only-s42,0.001,228,0.004521193170118262,0.0032236923482090243,0.003926409423961064,3.9264094239610636,0.007045640804100143
time_constants_only-s42,0.001,229,0.004617344739661205,0.0032923435311520213,0.004009950156649831,4.009950156649831,0.007505041173362818
time_constants_only-s42,0.001,230,0.004715524036144084,0.0033624484748075445,0.004095255127263008,4.095255127263008,0.007994321312548642
time_constants_only-s42,0.001,231,0.0048157727012518,0.0034340374120887763,0.00418236072199178,4.18236072199178,0.008515430115882143
time_constants_only-s42,0.001,232,0.00491813315925193,0.0035071411978370133,0.004271304032952754,4.271304032952754,0.009070432221481652
time_constants_only-s42,0.001,233,0.00502264866764987,0.0035817912907136424,0.004362122879901094,4.3621228799010945,0.0096615073266486
time_constants_only-s42,0.001,234,0.005129363252338437,0.00365801975659591,0.004454855774302967,4.454855774302967,0.010290997340075436
time_constants_only-s42,0.001,235,0.005238321758725816,0.0037358592837018908,0.004549541954996619,4.549541954996619,0.01096139200089109
time_constants_only-s42,0.001,236,0.0053495698442172675,0.0038153431983673973,0.004646221390334619,4.646221390334619,0.01167533956725159
time_constants_only-s42,0.001,237,0.00546315407730018,0.0038965054604166737,0.00474493483332004,4.744934833320039,0.012435616136673154
time_constants_only-s42,0.001,238,0.00557912175316398,0.003979380700525284,0.004845723730850559,4.845723730850558,0.013245246830308496
time_constants_only-s42,0.001,239,0.0056975210804478486,0.0040640041943620355,0.004948630320569386,4.948630320569386,0.014107404609482397
time_constants_only-s42,0.001,240,0.005818401115240312,0.004150411886123516,0.005053697602575594,5.0536976025755935,0.01502548201430597
time_constants_only-s42,0.001,241,0.005941811789478834,0.004238640390104711,0.00516096935641841,5.16096935641841,0.01600307897152735
time_constants_only-s42,0.001,242,0.006067803835287601,0.004328727049992136,0.005270490121898892,5.2704901218988915,0.01704406010108867
time_constants_only-s42,0.001,243,0.006196429087855421,0.004420709875866379,0.00538230534754682,5.382305347546819,0.01815239906017752
time_constants_only-s42,0.001,244,0.006327739950179187,0.004514627591134522,0.005496461101840463,5.496461101840463,0.019332533457016902
time_constants_only-s42,0.001,245,0.0064617899362445184,0.0046105196176970155,0.005613004379730698,5.613004379730698,0.020589034007980952
time_constants_only-s42,0.001,246,0.0065986333610986445,0.004708426124627972,0.005731982944318365,5.731982944318365,0.021926826216388272
time_constants_only-s42,0.001,247,0.00673832546591875,0.004808388012118832,0.005853445392234665,5.853445392234665,0.02335111978686449
time_constants_only-s42,0.001,248,0.006880922394794043,0.00491044689177313,0.005977441132211098,5.977441132211098,0.024867469990577092
time_constants_only-s42,0.001,249,0.007026481223999925,0.005014645133432024,0.006104020421154753,6.104020421154753,0.026481763175232945
time_constants_only-s42,0.001,250,0.007175059871224678,0.00512102584333698,0.006233234303009667,6.233234303009667,0.028200297287974782
time_constants_only-s42,0.001,251,0.007326717290916251,0.005229632941460367,0.006365134752970175,6.3651347529701745,0.030029670892156874
time_constants_only-s42,0.001,252,0.007481513169845958,0.0053405110506540825,0.006499774456699538,6.499774456699538,0.03197703595114099
time_constants_only-s42,0.001,253,0.007639508231756288,0.005453705613318753,0.006637207033705926,6.637207033705926,0.03404988439369338
time_constants_only-s42,0.001,254,0.007800764034229161,0.005569262807718981,0.006777486886037591,6.7774868860375905,0.0362562381909219
time_constants_only-s42,0.001,255,0.007965343075858432,0.005687229619790575,0.0069206692895609654,6.920669289560966,0.03860459229315288
time_constants_only-s42,0.001,256,0.008133308711957568,0.005807653810395341,0.00706681033191568,7.066810331915679,0.0411039882572934
time_constants_only-s42,1.0,0,0.46698526512327204,0.020863975551687206,0.33053785208208314,0.33053785208208314,0.10346999945630264
time_constants_only-s42,1.0,1,0.17198251465614775,0.024464880499620603,0.12283518924143648,0.12283518924143648,0.03926315292523151
time_constants_only-s42,1.0,2,0.0985001038534971,0.025201935790225276,0.07190306825468376,0.07190306825468376,0.023216318784830457
time_constants_only-s42,1.0,3,0.06953342561869712,0.025316203241318717,0.05236495906551139,0.05236495906551139,0.017181366802519808
time_constants_only-s42,1.0,4,0.05528401028942609,0.025299986367639794,0.04309053808632367,0.04309053808632367,0.01442098884944978
time_constants_only-s42,1.0,5,0.04741829179358342,0.025278371177059767,0.03817021057512793,0.03817021057512793,0.01304188386913635
time_constants_only-s42,1.0,6,0.04281288270408203,0.02528655514988495,0.035402136215756295,0.035402136215756295,0.01234592826274532
time_constants_only-s42,1.0,7,0.04004092469143589,0.0253332110387986,0.03380123923692176,0.03380123923692176,0.012021915687135383
time_constants_only-s42,1.0,8,0.03836253623547563,0.02541848009245606,0.032874055107254864,0.032874055107254864,0.011914693815339453
time_constants_only-s42,1.0,9,0.037363181604612584,0.025539789315860224,0.032355045863276144,0.032355045863276144,0.011941291744403875
time_constants_only-s42,1.0,10,0.03680046935386607,0.02569394407051063,0.03209487481802863,0.03209487481802863,0.012055491246954021
time_constants_only-s42,1.0,11,0.03652843992540202,0.025877887577484167,0.032006720693680206,0.032006720693680206,0.012230778484046878
time_constants_only-s42,1.0,12,0.03645675744955425,0.026088942585180405,0.03203851403912783,0.03203851403912783,0.012451544415043876
time_constants_only-s42,1.0,13,0.0365279237421974,0.02632484764192025,0.032158002573130964,0.032158002573130964,0.01270836871200419
time_constants_only-s42,1.0,14,0.0367043000689771,0.026583719047978505,0.03234450676869505,0.03234450676869505,0.012995430677775944
time_constants_only-s42,1.0,15,0.036960563055110265,0.026863990513990427,0.032584272467658465,0.032584272467658465,0.013309057168185746
time_constants_only-s42,1.0,16,0.03727921426081779,0.02716435259553998,0.03286779921686202,0.03286779921686202,0.01364689230107016
time_constants_only-s42,1.0,17,0.03764784177907566,0.027483698140775642,0.033188272855601476,0.033188272855601476,0.014007413605321567
time_constants_only-s42,1.0,18,0.038057413810170235,0.027821077405451894,0.033540627221812704,0.033540627221812704,0.01438964295623933
time_constants_only-s42,1.0,19,0.03850119245898718,0.028175660922270238,0.033920968456008,0.033920968456008,0.01479297055894585
time_constants_only-s42,1.0,20,0.03897402880863562,0.028546710469262573,0.03432621279759341,0.03432621279759341,0.015217045392709384
time_constants_only-s42,1.0,21,0.03947189994459706,0.02893355617708517,0.034753854150947484,0.034753854150947484,0.01566170365701495
time_constants_only-s42,1.0,22,0.03999159520704032,0.02933557921582721,0.0352018086208847,0.0352018086208847,0.01612692334841226
time_constants_only-s42,1.0,23,0.0405305041151896,0.029752198520553726,0.035668310037905764,0.035668310037905764,0.01661279222088399
time_constants_only-s42,1.0,24,0.04108646884204611,0.03018286123120597,0.03615183724734211,0.03615183724734211,0.017119485464968654
time_constants_only-s42,1.0,25,0.041657677558705496,0.030627035802870108,0.03665106087011525,0.03665106087011525,0.017647251288479122
time_constants_only-s42,1.0,26,0.04224258964919607,0.031084207115507172,0.03716480565693915,0.03716480565693915,0.018196399072483625
time_constants_only-s42,1.0,27,0.04283988006572025,0.03155387362978169,0.03769202218580715,0.03769202218580715,0.018767290828949915
time_constants_only-s42,1.0,28,0.04344839743708778,0.03203554524640006,0.03823176502617949,0.03823176502617949,0.01936033514507389
time_constants_only-s42,1.0,29,0.04406713281990676,0.03252874244860996,0.03878317644729152,0.03878317644729152,0.01997598190177386
time_constants_only-s42,1.0,30,0.044695192321695575,0.033032995951449096,0.03934547175106415,0.03934547175106415,0.020614720072845424
time_constants_only-s42,1.0,31,0.04533178061027082,0.03354784644601046,0.039917930459449996,0.039917930459449996,0.02127707299510757
time_constants_only-s42,1.0,32,0.04597618348963097,0.03407284490209172,0.04049988682285038,0.04049988682285038,0.021963597080272332
time_constants_only-s42,1.0,33,0.04662775567894124,0.03460755272160906,0.041090723093882266,0.041090723093882266,0.02267487962313311
time_constants_only-s42,1.0,34,0.047285909275681916,0.03515154238986191,0.04168986325952588,0.04168986325952588,0.02341153782516434
time_constants_only-s42,1.0,35,0.04795010496201349,0.03570439734577464,0.042296767949790016,0.042296767949790016,0.024174217734792815
time_constants_only-s42,1.0,36,0.048619846794194135,0.036265712566357945,0.04291093162120441,0.04291093162120441,0.024963591839211013
time_constants_only-s42,1.0,37,0.049294673085878524,0.03683509402300809,0.04353187704588428,0.04353187704588428,0.025780360234461168
time_constants_only-s42,1.0,38,0.04997415316495191,0.037412159331537846,0.04415915359244281,0.04415915359244281,0.026625248552972165
time_constants_only-s42,1.0,39,0.05065788139250246,0.037996537171980364,0.044792333436544096,0.044792333436544096,0.027499008416770644
time_constants_only-s42,1.0,40,0.05134547444972218,0.038587867291819296,0.04543100985149622,0.04543100985149622,0.028402416252854855
time_constants_only-s42,1.0,41,0.05203656692576814,0.0391857999970333,0.046074794306244386,0.046074794306244386,0.029336273712909075
time_constants_only-s42,1.0,42,0.05273081012976486,0.03978999610096952,0.0467233155851394,0.0467233155851394,0.03030140618677513
time_constants_only-s42,1.0,43,0.053427866987232786,0.04040012624765779,0.04737621639538076,0.04737621639538076,0.031298664376520666
time_constants_only-s42,1.0,44,0.05412741233640909,0.04101587064747354,0.04803315323505653,0.04803315323505653,0.032328922483533654
time_constants_only-s42,1.0,45,0.054829130654831686,0.041636918424812916,0.04869379458888616,0.04869379458888616,0.03339307845105002
time_constants_only-s42,1.0,46,0.055532713670084194,0.04226296712165632,0.04935781918634349,0.04935781918634349,0.03449205435265166
time_constants_only-s42,1.0,47,0.05623786028311334,0.04289372252554664,0.05002491563952665,0.05002491563952665,0.03562679540816101
time_constants_only-s42,1.0,48,0.05694427488886483,0.04352889754740577,0.05069478083134504,0.05069478083134504,0.03679827045834677
time_constants_only-s42,1.0,49,0.057651665880426056,0.044168212278499985,0.05136711888767473,0.05136711888767473,0.03800747207047839
time_constants_only-s42,1.0,50,0.05835974579476547,0.04481139327712783,0.052041640764515125,0.052041640764515125,0.03925541600924707
time_constants_only-s42,1.0,51,0.059068230956472685,0.045458172816577984,0.05271806354334001,0.05271806354334001,0.04054314111818892
time_constants_only-s42,1.0,52,0.059776839889459324,0.046108288753751864,0.05339610931615165,0.05339610931615165,0.0418717098762907
time_constants_only-s42,1.0,53,0.060485294045428004,0.04676148410531755,0.05407550524973748,0.05407550524973748,0.04324220763531412
time_constants_only-s42,1.0,54,0.06119331734529486,0.04741750628386773,0.054755982858664655,0.054755982858664655,0.04465574288833615
time_constants_only-s42,1.0,55,0.06190063515059736,0.04807610687134494,0.05543727720555469,0.05543727720555469,0.046113447729431295
time_constants_only-s42,1.0,56,0.06260697474430016,0.04873704109485338,0.05611912681622359,0.05611912681622359,0.047616477488932385
time_constants_only-s42,1.0,57,0.06331206562199648,0.049400067719012834,0.05680127371548421,0.05680127371548421,0.04916601054556473
time_constants_only-s42,1.0,58,0.06401563950356795,0.05006494856468313,0.05748346309999755,0.05748346309999755,0.05076324831902422
time_constants_only-s42,1.0,59,0.0647174305121303,0.050731448081087815,0.05816544317998628,0.05816544317998628,0.05240941540269427
time_constants_only-s42,1.0,60,0.0654171738356748,0.05139933347305087,0.05884696443332327,0.05884696443332327,0.054105760237384865
time_constants_only-s42,1.0,61,0.06611460875290967,0.05206837390172701,0.05952778084981394,0.05952778084981394,0.05585355371836464
time_constants_only-s42,1.0,62,0.06680947547552073,0.05273834085015675,0.06020764831000468,0.06020764831000468,0.05765409109996043
time_constants_only-s42,1.0,63,0.06750151820151544,0.05340900777744554,0.060886326051650494,0.060886326051650494,0.059508690372836154
time_constants_only-s42,1.0,64,0.0681904833882313,0.054080149949239195,0.06156357562298539,0.06156357562298539,0.06141869354685414
time_constants_only-s42,1.0,65,0.06887612210683526,0.054751544186343856,0.06223916201777807,0.06223916201777807,0.06338546565529712
time_constants_only-s42,1.0,66,0.06955818818544371,0.05542296903534127,0.0629128527007375,0.0629128527007375,0.0654103960100548
time_constants_only-s42,1.0,67,0.0702364407186113,0.056094204777307644,0.06358441897005007,0.06358441897005007,0.06749489693124068
time_constants_only-s42,1.0,68,0.07091064206411957,0.05676503318474417,0.06425363472188639,0.06425363472188639,0.06964040552904506
time_constants_only-s42,1.0,69,0.0715805602545266,0.057435237923000954,0.0649202779284839,0.0649202779284839,0.07184838228435643
time_constants_only-s42,1.0,70,0.07224596815586085,0.058104604021335236,0.06558412992764898,0.06558412992764898,0.07412031227293137
time_constants_only-s42,1.0,71,0.07290664472284936,0.05877291885237693,0.06624497652918612,0.06624497652918612,0.07645770442142899
time_constants_only-s42,1.0,72,0.07356237494660763,0.05943997136088276,0.06690260764053294,0.06690260764053294,0.07886209228188187
time_constants_only-s42,1.0,73,0.07421294995057531,0.060105552567557875,0.06755681747190484,0.06755681747190484,0.08133503426142204
time_constants_only-s42,1.0,74,0.07485816735949162,0.06076945587054769,0.06820740495875183,0.06820740495875183,0.08387811373149734
time_constants_only-s42,1.0,75,0.07549783200487943,0.061431476864083644,0.06885417395899784,0.06885417395899784,0.08649293925688009
time_constants_only-s42,1.0,76,0.07613175719743122,0.06209141385927774,0.06949693422587933,0.06949693422587933,0.08918114417105943
time_constants_only-s42,1.0,77,0.07675976216910105,0.06274906780821508,0.07013549992944648,0.07013549992944648,0.09194438873273313
time_constants_only-s42,1.0,78,0.07738167595228232,0.06340424266190219,0.07076969194476519,0.07076969194476519,0.09478435819975457
time_constants_only-s42,1.0,79,0.0779973351942721,0.0640567454986815,0.07139933670879728,0.07139933670879728,0.09770276473553671
time_constants_only-s42,1.0,80,0.0786065852796822,0.064706386939353,0.07202426698002894,0.07202426698002894,0.10070134724695193
time_constants_only-s42,1.0,81,0.07920928159978881,0.06535298124776234,0.07264432259188845,0.07264432259188845,0.10378187120244498
time_constants_only-s42,1.0,82,0.07980528660505551,0.06599634629846071,0.07325934879487885,0.07325934879487885,0.10694613114183027
time_constants_only-s42,1.0,83,0.08039447389354801,0.06663630423529539,0.07386919878115802,0.07386919878115802,0.11019594860837625
time_constants_only-s42,1.0,84,0.08097672579030338,0.06727268160677266,0.07447373243022366,0.07447373243022366,0.11353317433513756
time_constants_only-s42,1.0,85,0.08155193424650316,0.06790530925472085,0.07507281669942158,0.07507281669942158,0.1169596884488772
time_constants_only-s42,1.0,86,0.08212000188816931,0.06853402294712825,0.07566632649762235,0.07566632649762235,0.12047740039805852
time_constants_only-s42,1.0,87,0.08268083999586658,0.06915866341046971,0.07625414357147123,0.07625414357147123,0.12408825096959264
time_constants_only-s42,1.0,88,0.08323437040095757,0.06977907681258899,0.0768361577485341,0.0768361577485341,0.1277942116280552
time_constants_only-s42,1.0,89,0.08378052503893865,0.07039511433013501,0.07741226649424834,0.07741226649424834,0.1315972859703805
time_constants_only-s42,1.0,90,0.08431924481627151,0.07100663270317806,0.07798237452642674,0.07798237452642674,0.13549951088119055
time_constants_only-s42,1.0,91,0.08485048142538414,0.07161349463076574,0.07854639497763284,0.07854639497763284,0.13950295628451098
time_constants_only-s42,1.0,92,0.08537419635987759,0.07221556893156011,0.07910424890876962,0.07910424890876962,0.14360972644167141
time_constants_only-s42,1.0,93,0.08589035941303429,0.07281273007868198,0.07965586428481232,0.07965586428481232,0.14782196203407819
time_constants_only-s42,1.0,94,0.08639895116645001,0.07340485888182173,0.08020117762484384,0.08020117762484384,0.15214183924834296
time_constants_only-s42,1.0,95,0.08689996059838238,0.07399184253383305,0.08074013271555197,0.08074013271555197,0.15657157221397386
time_constants_only-s42,1.0,96,0.08739338589325912,0.0745735745066116,0.08127268097921138,0.08127268097921138,0.1611134135186959
time_constants_only-s42,1.0,97,0.08787923424267899,0.07514995470218042,0.08179878148744296,0.08179878148744296,0.16576965520036163
time_constants_only-s42,1.0,98,0.08835752096644034,0.07572088958761039,0.08231840046542671,0.08231840046542671,0.17054263029758604
time_constants_only-s42,1.0,99,0.08882827045053626,0.07628629245570957,0.0828315119468,0.0828315119468,0.1754347131884343
time_constants_only-s42,1.0,100,0.08929151271794929,0.07684608282887052,0.08333809566317361,0.08333809566317361,0.18044832290931578
time_constants_only-s42,1.0,101,0.08974728798221995,0.07740018713603451,0.08383813976873185,0.08383813976873185,0.18558592130384122
time_constants_only-s42,1.0,102,0.09019564173080548,0.07794853775991134,0.08433163777426274,0.08433163777426274,0.19085001736254165
time_constants_only-s42,1.0,103,0.09063662754509927,0.078491074455515,0.08481859072385386,0.08481859072385386,0.19624316616933385
time_constants_only-s42,1.0,104,0.09107030408363752,0.07902774297614996,0.08529900494068056,0.08529900494068056,0.20176797231050433
time_constants_only-s42,1.0,105,0.09149673717908359,0.07955849565452161,0.08577289339312959,0.08577289339312959,0.20742708961155237
time_constants_only-s42,1.0,106,0.0919159969003158,0.08008329103417783,0.08624027397758549,0.08624027397758549,0.21322322426852824
time_constants_only-s42,1.0,107,0.09232816028633596,0.0806020939932685,0.08670117102786692,0.08670117102786692,0.21915913425588526
time_constants_only-s42,1.0,108,0.09273330718181774,0.08111487532142997,0.08715561290745724,0.08715561290745724,0.22523763336525832
time_constants_only-s42,1.0,109,0.09313152191529055,0.08162161184712077,0.08760363296735024,0.08760363296735024,0.2314615913206735
time_constants_only-s42,1.0,110,0.09352289332519714,0.08212228662817965,0.0880452696506726,0.0880452696506726,0.23783393503174227
time_constants_only-s42,1.0,111,0.09390751400598896,0.08261688753354532,0.0884805654410925,0.0884805654410925,0.24435765088381137
time_constants_only-s42,1.0,112,0.09428547859944716,0.08310540842382055,0.08890956649947467,0.08890956649947467,0.2510357866340963
time_constants_only-s42,1.0,113,0.0946568845507369,0.08358784831537878,0.08933232269791312,0.08933232269791312,0.25787145275836765
time_constants_only-s42,1.0,114,0.09502183019478508,0.08406421133464034,0.08974888659826945,0.08974888659826945,0.2648678248668273
time_constants_only-s42,1.0,115,0.09538041758601579,0.08453450610213714,0.09015931462535166,0.09015931462535166,0.2720281438231718
time_constants_only-s42,1.0,116,0.09573274980594193,0.08499874638324914,0.09056366602828803,0.09056366602828803,0.27935571850766827
time_constants_only-s42,1.0,117,0.09607892998942251,0.08545695013162677,0.09096200186438304,0.09096200186438304,0.28685392824967393
time_constants_only-s42,1.0,118,0.09641906102953547,0.08590913931920317,0.09135438480687985,0.09135438480687985,0.294526224593283
time_constants_only-s42,1.0,119,0.09675324748413199,0.08635534016145788,0.09174088026289212,0.09174088026289212,0.30237613167538335
time_constants_only-s42,1.0,120,0.0970815929605842,0.08679558213268093,0.09212155454213544,0.09212155454213544,0.3104072497589826
time_constants_only-s42,1.0,121,0.0974042009595855,0.08722989858751756,0.09249647559573383,0.09249647559573383,0.3186232560013728
time_constants_only-s42,1.0,122,0.09772117382074186,0.08765832564862748,0.09286571197494924,0.09286571197494924,0.3270279073731881
time_constants_only-s42,1.0,123,0.0980326128943127,0.08808090262491816,0.09322933309800457,0.09322933309800457,0.3356250419476683
time_constants_only-s42,1.0,124,0.09833861830313201,0.08849767177994584,0.09358740905487203,0.09358740905487203,0.3444185808487284
time_constants_only-s42,1.0,125,0.09863928811066834,0.08890867728213336,0.09394000967137504,0.09394000967137504,0.3534125310117156
time_constants_only-s42,1.0,126,0.09893471805315354,0.08931396574020181,0.09428720464761117,0.09428720464761117,0.3626109869485395
time_constants_only-s42,1.0,127,0.0992250031750654,0.089713585923208,0.09462906427777418,0.09462906427777418,0.3720181316546164
time_constants_only-s42,1.0,128,0.09951023534231641,0.09010758822717146,0.09496565793861486,0.09496565793861486,0.3816382402118996
time_constants_only-s42,1.0,129,0.09979050363345882,0.09049602423463804,0.09529705406836353,0.09529705406836353,0.39147568169826535
time_constants_only-s42,1.0,130,0.10006589604204959,0.09087894733784958,0.09562332136790723,0.09562332136790723,0.4015349198309821
time_constants_only-s42,1.0,131,0.10033649634738592,0.09125641168335019,0.09594452669708096,0.09594452669708096,0.411820517291114
time_constants_only-s42,1.0,132,0.10060238659606399,0.0916284725129848,0.09626073654030627,0.09626073654030627,0.4223371361890338
time_constants_only-s42,1.0,133,0.10086364558686198,0.09199518561823955,0.09657201594097395,0.09657201594097395,0.4330895412159165
time_constants_only-s42,1.0,134,0.10112034902922215,0.09235660732919157,0.09687842861622002,0.09687842861622002,0.4440826018210848
time_constants_only-s42,1.0,135,0.10137257031732529,0.09271279430724466,0.09718003727047478,0.09718003727047478,0.4553212939017368
time_constants_only-s42,1.0,136,0.10162037931823735,0.09306380297229852,0.09747690270579534,0.09747690270579534,0.466810703027228
time_constants_only-s42,1.0,137,0.10186384335904428,0.09340969056145042,0.0977690848276913,0.0977690848276913,0.4785560256981545
time_constants_only-s42,1.0,138,0.10210302538632446,0.09375051307260793,0.09805664075698657,0.09805664075698657,0.4905625736395741
time_constants_only-s42,1.0,139,0.10233798875499121,0.09408632728458034,0.09833962823983418,0.09833962823983418,0.5028357724992871
time_constants_only-s42,1.0,140,0.10256879050973317,0.09441718877782772,0.0986181012797961,0.0986181012797961,0.5153811691726947
time_constants_only-s42,1.0,141,0.10279548686954713,0.09474315320969386,0.09889211355113425,0.09889211355113425,0.528204430356136
time_constants_only-s42,1.0,142,0.10301813096180874,0.09506427505152093,0.09916171665043563,0.09916171665043563,0.5413113470215677
time_constants_only-s42,1.0,143,0.10323677432126818,0.09538060819638204,0.09942696117548512,0.09942696117548512,0.5547078359803992
time_constants_only-s42,1.0,144,0.10345146542263245,0.09569220618897889,0.09968789608140709,0.09968789608140709,0.5683999431993977
time_constants_only-s42,1.0,145,0.1036622501017975,0.09599912136460206,0.09994456847276134,0.09994456847276134,0.5823938465822487
time_constants_only-s42,1.0,146,0.10386917175486218,0.09630140527244375,0.10019702393406513,0.10019702393406513,0.5966958586297143
time_constants_only-s42,1.0,147,0.10407227282826231,0.09659910835632604,0.10044530714082553,0.10044530714082553,0.6113124283350844
time_constants_only-s42,1.0,148,0.10427159328198604,0.09689227991581426,0.10068946104260545,0.10068946104260545,0.6262501451206133
time_constants_only-s42,1.0,149,0.10446717234073494,0.09718096905526497,0.10092952825194665,0.10092952825194665,0.6415157403025326
time_constants_only-s42,1.0,150,0.10465904688583585,0.09746522319025228,0.10116554947700902,0.10116554947700902,0.6571160917775699
time_constants_only-s42,1.0,151,0.10484725159066498,0.09774508828279915,0.1013975637025771,0.1013975637025771,0.6730582268606926
time_constants_only-s42,1.0,152,0.10503182214315894,0.09802061049075947,0.10162561065059474,0.10162561065059474,0.6893493228242131
time_constants_only-s42,1.0,153,0.10521279184782789,0.0982918341951424,0.10184972809420495,0.10184972809420495,0.7059967129940178
time_constants_only-s42,1.0,154,0.10539019319165198,0.09855880315131825,0.10206995318842857,0.10206995318842857,0.7230078886772263
time_constants_only-s42,1.0,155,0.10556405782333703,0.0988215597791766,0.10228632214157628,0.10228632214157628,0.7403905027599629
time_constants_only-s42,1.0,156,0.1057344172789618,0.09908014578275949,0.10249887085058391,0.10249887085058391,0.7581523725395747
time_constants_only-s42,1.0,157,0.10590130352311336,0.09933460244831724,0.10270763536746273,0.10270763536746273,0.7763014826813412
time_constants_only-s42,1.0,158,0.10606474629242867,0.0995849698719951,0.10291265011528358,0.10291265011528358,0.7948459908171173
time_constants_only-s42,1.0,159,0.1062247768928965,0.09983128708078684,0.1031139499142553,0.1031139499142553,0.8137942288245152
time_constants_only-s42,1.0,160,0.10638142569579026,0.1000735931104013,0.10331156920040496,0.10331156920040496,0.8331547076479663
time_constants_only-s42,1.0,161,0.10653472348448466,0.1003119257015877,0.10350554209696403,0.10350554209696403,0.8529361208469536
time_constants_only-s42,1.0,162,0.10668470088511678,0.10054632246750994,0.10369590264966895,0.10369590264966895,0.8731473483886645
time_constants_only-s42,1.0,163,0.10683139007440805,0.10077681992821,0.10388268527444898,0.10388268527444898,0.8937974599969538
time_constants_only-s42,1.0,164,0.10697482244104871,0.10100345454076445,0.10406592400050431,0.10406592400050431,0.9148957201699254
time_constants_only-s42,1.0,165,0.10711503104155497,0.1012262626301526,0.10424565373804731,0.10424565373804731,0.9364515909267735
time_constants_only-s42,1.0,166,0.10725204931487672,0.10144527992096836,0.10442190933818957,0.10442190933818957,0.9584747369994379
time_constants_only-s42,1.0,167,0.10738590961682676,0.10166054152698104,0.10459472485754404,0.10459472485754404,0.980975031129684
time_constants_only-s42,1.0,168,0.10751664784779372,0.10187208307551666,0.1047641364852728,0.1047641364852728,1.0039625551720497
time_constants_only-s42,1.0,169,0.10764429810694168,0.10207993960219283,0.10493017920097385,0.10493017920097385,1.027447608344813
time_constants_only-s42,1.0,170,0.10776889755150783,0.10228414547840028,0.1050928892899966,0.1050928892899966,1.05144070889714
time_constants_only-s42,1.0,171,0.10789048115213545,0.1024847364148793,0.10525230258347983,0.10525230258347983,1.0759526012191136
time_constants_only-s42,1.0,172,0.10800908776546092,0.10268174684973343,0.10540845630562122,0.10540845630562122,1.1009942580872312
time_constants_only-s42,1.0,173,0.1081247551840554,0.10287521196547326,0.10556138748512947,0.10556138748512947,1.126576887653938
time_constants_only-s42,1.0,174,0.10823752299912634,0.10306516676552313,0.1057111340172925,0.1057111340172925,1.1527119372197818
time_constants_only-s42,1.0,175,0.10834743158761659,0.10325164643203721,0.10585773427577869,0.10585773427577869,1.1794110988214284
time_constants_only-s42,1.0,176,0.10845452050056269,0.10343468624661087,0.10600122625202715,0.10600122625202715,1.206686315434129
time_constants_only-s42,1.0,177,0.10855883313493292,0.10361432230067633,0.10614165028433821,0.10614165028433821,1.2345497832771941
time_constants_only-s42,1.0,178,0.10866041052905889,0.10379059006803662,0.10627904521144374,0.10627904521144374,1.2630139614978588
time_constants_only-s42,1.0,179,0.10875929629827268,0.10396352568945852,0.10641345145594965,0.10641345145594965,1.2920915744102146
time_constants_only-s42,1.0,180,0.10885553337831182,0.10413316577650114,0.10654490932507986,0.10654490932507986,1.321795619082212
time_constants_only-s42,1.0,181,0.10894916667372413,0.1042995467981729,0.1066734600308858,0.1066734600308858,1.352139369920821
time_constants_only-s42,1.0,182,0.1090402408432388,0.10446270582882378,0.106799144925172,0.106799144925172,1.383136385670058
time_constants_only-s42,1.0,183,0.1091288014717142,0.10462268077068342,0.10692200619802425,0.10692200619802425,1.4148005145151272
time_constants_only-s42,1.0,184,0.1092148933655405,0.1047795088480876,0.10704208527001832,0.10704208527001832,1.4471459021454132
time_constants_only-s42,1.0,185,0.10929856375257792,0.10493322804631966,0.10715942515560499,0.10715942515560499,1.4801869954733806
time_constants_only-s42,1.0,186,0.10937985832134688,0.10508387671597805,0.10727406820635409,0.10727406820635409,1.513938551521034
time_constants_only-s42,1.0,187,0.1094588239720818,0.10523149373893421,0.10738605760769983,0.10738605760769983,1.5484156425442985
time_constants_only-s42,1.0,188,0.10953550778123057,0.10537611809582231,0.1074954366582223,0.1074954366582223,1.5836336634350452
time_constants_only-s42,1.0,189,0.1096099564411586,0.10551778926874374,0.10760224865513678,0.10760224865513678,1.6196083388370268
time_constants_only-s42,1.0,190,0.10968221730752918,0.10565654620575252,0.10770653693097443,0.10770653693097443,1.6563557299613096
time_constants_only-s42,1.0,191,0.1097523377973972,0.10579242953552927,0.10780834563491146,0.10780834563491146,1.6938922411716484
time_constants_only-s42,1.0,192,0.10982036508615325,0.10592547919521486,0.1079077184129066,0.1079077184129066,1.7322346286121304
time_constants_only-s42,1.0,193,0.10988634512064618,0.10605573569939948,0.10800469853649661,0.10800469853649661,1.7714000075655862
time_constants_only-s42,1.0,194,0.1099503261538976,0.10618323959740258,0.10809933041629875,0.10809933041629875,1.8114058585032609
time_constants_only-s42,1.0,195,0.11001235361620035,0.10630803188023998,0.10819165721422243,0.10819165721422243,1.8522700375444088
time_constants_only-s42,1.0,196,0.11007247454871388,0.10643015320151647,0.10828172270671346,0.10828172270671346,1.894010782257543
time_constants_only-s42,1.0,197,0.11013073535640812,0.10654964517199592,0.10836957078667907,0.10836957078667907,1.936646720588153
time_constants_only-s42,1.0,198,0.1101871813917084,0.10666654897586253,0.10845524456178146,0.10845524456178146,1.9801968800027994
time_constants_only-s42,1.0,199,0.11024185748388679,0.10678090578905375,0.10853878685218321,0.10853878685218321,2.024680695548196
time_constants_only-s42,1.0,200,0.11029480939262963,0.10689275713059278,0.10862024106544116,0.10862024106544116,2.0701180175205436
time_constants_only-s42,1.0,201,0.11034608110571156,0.10700214468913222,0.10869964978648672,0.10869964978648672,2.116529121924063
time_constants_only-s42,1.0,202,0.11039571618590788,0.107109109818041,0.10877705518887858,0.10877705518887858,2.1639347191683536
time_constants_only-s42,1.0,203,0.11044375872755899,0.10721369409338928,0.10885249979461728,0.10885249979461728,2.212355962273387
time_constants_only-s42,1.0,204,0.11049025094045398,0.10731593889550434,0.1089260250450681,0.1089260250450681,2.261814458118417
time_constants_only-s42,1.0,205,0.11053523567456319,0.10741588548330508,0.10899767265911962,0.10899767265911962,2.312332275517859
time_constants_only-s42,1.0,206,0.11057875349584163,0.10751357501592534,0.10906748308636081,0.10906748308636081,2.3639319567661
time_constants_only-s42,1.0,207,0.11062084568627503,0.10760904887504054,0.10913549726932192,0.10913549726932192,2.4166365258874247
time_constants_only-s42,1.0,208,0.11066155236675533,0.10770234764853531,0.10920175512861907,0.10920175512861907,2.4704695004938593
time_constants_only-s42,1.0,209,0.11070091314701226,0.10779351237692882,0.10926629655364131,0.10926629655364131,2.525454901225778
time_constants_only-s42,1.0,210,0.11073896607800562,0.10788258349982305,0.10932916032946952,0.10932916032946952,2.581617263645498
time_constants_only-s42,1.0,211,0.11077575011261553,0.10796960112300528,0.10939038552079652,0.10939038552079652,2.6389816477394463
time_constants_only-s42,1.0,212,0.11081130202011599,0.10805460548201698,0.10945001015188752,0.10945001015188752,2.6975736505974925
time_constants_only-s42,1.0,213,0.11084565806027905,0.10813763614246158,0.10950807164516374,0.10950807164516374,2.757419417250201
time_constants_only-s42,1.0,214,0.11087885455140702,0.10821873265123336,0.10956460744793879,0.10956460744793879,2.8185456518014815
time_constants_only-s42,1.0,215,0.11091092669096689,0.10829793375491123,0.10961965403646187,0.10961965403646187,2.880979630334001
time_constants_only-s42,1.0,216,0.11094190782877757,0.1083752785315922,0.10967324710159866,0.10967324710159866,2.944749213049213
time_constants_only-s42,1.0,217,0.11097183160729383,0.10845080527065197,0.1097254221140956,0.1097254221140956,3.0098828559929056
time_constants_only-s42,1.0,218,0.11100073064201288,0.10852455186424863,0.10977621381567687,0.10977621381567687,3.076409624232306
time_constants_only-s42,1.0,219,0.1110286376167292,0.10859655572857269,0.1098256567560926,0.1098256567560926,3.1443592044813578
time_constants_only-s42,1.0,220,0.11105558271618299,0.10866685391991512,0.1098737840375113,0.1098737840375113,3.2137619195676788
time_constants_only-s42,1.0,221,0.11108159631376821,0.10873548301848034,0.10992062863627529,0.10992062863627529,3.2846487406640765
time_constants_only-s42,1.0,222,0.11110670827286412,0.10880247948381502,0.10996622320894445,0.10996622320894445,3.3570513012064933
time_constants_only-s42,1.0,223,0.11113094798959543,0.10886787905167704,0.1100105998294641,0.1100105998294641,3.431001911457445
time_constants_only-s42,1.0,224,0.11115434269555272,0.10893171668179018,0.11005378909610662,0.11005378909610662,3.5065335737862906
time_constants_only-s42,1.0,225,0.11117691961497334,0.10899402713461916,0.11009582151380637,0.11009582151380637,3.5836799959752734
time_constants_only-s42,1.0,226,0.11119870607138044,0.10905484492136423,0.11013672751940504,0.11013672751940504,3.662475606252583
time_constants_only-s42,1.0,227,0.11121972734497983,0.10911420356752355,0.11017653604029438,0.11017653604029438,3.7429555702561057
time_constants_only-s42,1.0,228,0.11124000830896942,0.10917213657914646,0.11021527579391115,0.11021527579391115,3.8251558052702124
time_constants_only-s42,1.0,229,0.11125957485981482,0.10922867642790146,0.11025297551596183,0.11025297551596183,3.9091129960446014
time_constants_only-s42,1.0,230,0.11127844878822762,0.10928385520277839,0.11028966168534088,0.11028966168534088,3.9948646137637494
time_constants_only-s42,1.0,231,0.11129665409020974,0.10933770451906087,0.11032536167437933,0.11032536167437933,4.082448929152268
time_constants_only-s42,1.0,232,0.11131421366249057,0.10939025558019481,0.11036010210191612,0.11036010210191612,4.171905031563145
time_constants_only-s42,1.0,233,0.11133114882354,0.10944153859570367,0.11039390830203386,0.11039390830203386,4.263272846868254
time_constants_only-s42,1.0,234,0.11134747930734465,0.10949158394189738,0.11042680491415571,0.11042680491415571,4.3565931548739805
time_constants_only-s42,1.0,235,0.11136322748890032,0.10954042087726328,0.11045881735848283,0.11045881735848283,4.451907605577281
time_constants_only-s42,1.0,236,0.11137841208387611,0.10958807846276883,0.1104899691283549,0.1104899691283549,4.549258741059582
time_constants_only-s42,1.0,237,0.11139305345243002,0.10963458478653966,0.11052028406834506,0.11052028406834506,4.648690011741441
time_constants_only-s42,1.0,238,0.11140716901870078,0.10967996797234966,0.11054978457224318,0.11054978457224318,4.750245798048456
time_constants_only-s42,1.0,239,0.11142077740147327,0.10972425515838735,0.11057849315962132,0.11057849315962132,4.853971428220995
time_constants_only-s42,1.0,240,0.11143389621993788,0.10976747303496842,0.11060643163170819,0.11060643163170819,4.959913199582705
time_constants_only-s42,1.0,241,0.11144654169724875,0.10980964768648438,0.11063362079819164,0.11063362079819164,5.068118399629416
time_constants_only-s42,1.0,242,0.11145873101236109,0.10985080497092918,0.11066008184493867,0.11066008184493867,5.178635325522433
time_constants_only-s42,1.0,243,0.11147048013411935,0.10989096948407515,0.11068583473862231,0.11068583473862231,5.291513307358993
time_constants_only-s42,1.0,244,0.11148180394399962,0.10993016626988714,0.11071089912074511,0.11071089912074511,5.4068027295490015
time_constants_only-s42,1.0,245,0.11149271738096156,0.10996841928220442,0.11073529414278592,0.11073529414278592,5.524555053053401
time_constants_only-s42,1.0,246,0.11150323564873205,0.11000575218260557,0.11075903894011034,0.11075903894011034,5.644822838083361
time_constants_only-s42,1.0,247,0.11151337240761579,0.11004218761326545,0.11078215138205891,0.11078215138205891,5.767659768981047
time_constants_only-s42,1.0,248,0.11152314021150497,0.11007774845476039,0.1108046489086909,0.1108046489086909,5.893120677243904
time_constants_only-s42,1.0,249,0.11153255202331329,0.11011245670669931,0.11082654873756075,0.11082654873756075,6.021261565664188
time_constants_only-s42,1.0,250,0.11154162101961586,0.11014633363634574,0.11084786783564932,0.11084786783564932,6.152139633506241
time_constants_only-s42,1.0,251,0.11155035960402672,0.11017940031013883,0.110868622692597,0.110868622692597,6.285813302223838
time_constants_only-s42,1.0,252,0.11155877927773404,0.1102116775035865,0.1108888292045505,0.1108888292045505,6.4223422417491225
time_constants_only-s42,1.0,253,0.11156689133979444,0.11024318513840345,0.11090850275573647,0.11090850275573647,6.561787396935184
time_constants_only-s42,1.0,254,0.11157470638086348,0.11027394275551577,0.11092765818707245,0.11092765818707245,6.704211014991833
time_constants_only-s42,1.0,255,0.1115822351240584,0.11030396933828539,0.11094631013955401,0.11094631013955401,6.849676672645142
time_constants_only-s42,1.0,256,0.11158948883196829,0.1103332836269394,0.11096447340923621,0.11096447340923621,6.998249304366198
trained-s43,0.001,0,0.0006184030285476106,2.800457616593677e-05,0.0004377251203684173,0.4377251203684173,1.5278619547636256e-07
trained-s43,0.001,1,0.00023807070993689633,3.289527823994168e-05,0.00016994205389800682,0.16994205389800682,6.37892786432951e-08
trained-s43,0.001,2,0.00013567968453473856,3.3931374246334515e-05,9.890544564325793e-05,0.09890544564325793,3.776153953351384e-08
trained-s43,0.001,3,9.030078260430777e-05,3.3899441877628355e-05,6.82321265905385e-05,0.0682321265905385,2.630901929022874e-08
trained-s43,0.001,4,6.382460105181615e-05,3.3381888944474344e-05,5.096943249912103e-05,0.05096943249912103,1.991286897220831e-08
trained-s43,0.001,5,4.665651472633224e-05,3.2572915358754885e-05,4.026970605476609e-05,0.04026970605476609,1.594237049927752e-08
trained-s43,0.001,6,3.504265832174424e-05,3.1586808421169036e-05,3.338420185189333e-05,0.03338420185189333,1.33295494655006e-08
trained-s43,0.001,7,2.6955143746202118e-05,3.0502848239393832e-05,2.8803188247672237e-05,0.028803188247672237,1.1554675270072748e-08
trained-s43,0.001,8,2.1165010878902334e-05,2.9375356168178005e-05,2.562066853883707e-05,0.02562066853883707,1.0399000693642261e-08
trained-s43,0.001,9,1.6904054897426258e-05,2.824011111229646e-05,2.3293356912373163e-05,0.02329335691237316,9.576162645110829e-09
trained-s43,0.001,10,1.3687885238988758e-05,2.7119851807043963e-05,2.1501654560685638e-05,0.02150165456068564,8.989170920636625e-09
trained-s43,0.001,11,1.1206645381286013e-05,2.6028540876091394e-05,2.005825727149257e-05,0.020058257271492567,8.544529177015364e-09
trained-s43,0.001,12,9.257174869443347e-06,2.4974386270231185e-05,1.8851488267007558e-05,0.018851488267007558,8.201520725103036e-09
trained-s43,0.001,13,7.702236437091217e-06,2.3961871993421087e-05,1.7812704590734744e-05,0.017812704590734744,7.905925068993445e-09
trained-s43,0.001,14,6.4463811695587305e-06,2.2993086404872266e-05,1.6898222137827562e-05,0.016898222137827563,7.655827035676386e-09
trained-s43,0.001,15,5.421471605976686e-06,2.206858088698713e-05,1.6079265015070557e-05,0.016079265015070558,7.435906328037685e-09
trained-s43,0.001,16,4.577745948477416e-06,2.118792449593483e-05,1.5336240891888478e-05,0.015336240891888477,7.253150113536763e-09
trained-s43,0.001,17,3.878126116045799e-06,2.0350064232150215e-05,1.4655380441585064e-05,0.014655380441585064,7.1029339661824425e-09
trained-s43,0.001,18,3.2944859343123192e-06,1.9553561296033402e-05,1.4026706656830871e-05,0.01402670665683087,6.949197897443611e-09
trained-s43,0.001,19,2.8051427917917136e-06,1.8796747668115046e-05,1.3442775454954897e-05,0.013442775454954897,6.817038853562042e-09
trained-s43,0.001,20,2.393136168102827e-06,1.8077831148900755e-05,1.2897876297959054e-05,0.012897876297959054,6.6871603732409045e-09
trained-s43,0.001,21,2.0450249164379796e-06,1.739496622829187e-05,1.238751355000002e-05,0.012387513550000019,6.5728277048218385e-09
trained-s43,0.001,22,1.7500331435636767e-06,1.6746302135740616e-05,1.1908062931130408e-05,0.011908062931130408,6.463281075644895e-09
trained-s43,0.001,23,1.4994340120403244e-06,1.6130015320328017e-05,1.1456539295449884e-05,0.011456539295449883,6.365002933554053e-09
trained-s43,0.001,24,1.2860981154542637e-06,1.5544331227002473e-05,1.1030436603203768e-05,0.011030436603203768,6.2596912599407864e-09
trained-s43,0.001,25,1.1041573403737764e-06,1.4987538486934665e-05,1.0627615509364541e-05,0.01062761550936454,6.162459828450308e-09
trained-s43,0.001,26,9.487507683366874e-07,1.4457997835101476e-05,1.0246223033920625e-05,0.010246223033920625,6.074392067804969e-09
trained-s43,0.001,27,8.158299203810946e-07,1.395414716112487e-05,9.884634113486487e-06,0.009884634113486487,5.997871226442826e-09
trained-s43,0.001,28,7.020074150950817e-07,1.3474503889045635e-05,9.541408427909932e-06,0.009541408427909931,5.916756461501634e-09
trained-s43,0.001,29,6.044378977446004e-07,1.3017665376673026e-05,9.215257955042454e-06,0.009215257955042454,5.833397480906539e-09
trained-s43,0.001,30,5.207233426930939e-07,1.2582307999865823e-05,8.90502226762434e-06,0.00890502226762434,5.7623914515058646e-09
trained-s43,0.001,31,4.488369449914476e-07,1.2167185202121946e-05,8.609649356849076e-06,0.008609649356849075,5.697825217401264e-09
trained-s43,0.001,32,3.870614645239053e-07,1.177112491876501e-05,8.3281805730289e-06,0.0083281805730289,5.6285148350193765e-09
trained-s43,0.001,33,3.339388391813735e-07,1.139302655638226e-05,8.059738594554041e-06,0.00805973859455404,5.559830104416321e-09
trained-s43,0.001,34,2.8822879876675404e-07,1.1031857617809544e-05,7.803517615632071e-06,0.007803517615632071,5.4939142270815915e-09
trained-s43,0.001,35,2.4887462515811704e-07,1.068665037542326e-05,7.558775399979484e-06,0.007558775399979484,5.433389145055173e-09
trained-s43,0.001,36,2.1497469946845345e-07,1.0356498274098902e-05,7.324826510255824e-06,0.007324826510255823,5.37170471763967e-09
trained-s43,0.001,37,1.8575877685833334e-07,1.0040552493400468e-05,7.101036674335828e-06,0.007101036674335828,5.30829726634077e-09
trained-s43,0.001,38,1.6056810739518034e-07,9.738018466725298e-06,6.886817890759553e-06,0.006886817890759553,5.244085867669214e-09
trained-s43,0.001,39,1.388387317196698e-07,9.448152594825512e-06,6.681624252457563e-06,0.006681624252457562,5.184627093316852e-09
trained-s43,0.001,40,1.2008740908191074e-07,9.170259026483062e-06,6.484948257436624e-06,0.006484948257436624,5.129594388858554e-09
trained-s43,0.001,41,1.0389972303944685e-07,8.903686579065542e-06,6.296317551717203e-06,0.006296317551717203,5.076500966337085e-09
trained-s43,0.001,42,8.99200246567716e-08,8.64782580876321e-06,6.115292031735734e-06,0.0061152920317357334,5.022975225990021e-09
trained-s43,0.001,43,7.784288866227858e-08,8.402106259032587e-06,5.941461265775473e-06,0.005941461265775473,4.9714058497309014e-09
trained-s43,0.001,44,6.74058578151123e-08,8.165993847813343e-06,5.774442161053108e-06,0.005774442161053108,4.914717032821755e-09
trained-s43,0.001,45,5.838327082500199e-08,7.93898835541414e-06,5.613876814743357e-06,0.005613876814743356,4.860707455241665e-09
trained-s43,0.001,46,5.058099874041997e-08,7.72062119422308e-06,5.459430650561938e-06,0.005459430650561938,4.8101595622377055e-09
trained-s43,0.001,47,4.383195630656999e-08,7.510453145915778e-06,5.31079059855303e-06,0.00531079059855303,4.762418101857011e-09
trained-s43,0.001,48,3.799226677563025e-08,7.3080724290103925e-06,5.167663559226571e-06,0.005167663559226572,4.719460136329956e-09
trained-s43,0.001,49,3.2937982618766635e-08,7.1130927918575585e-06,5.029774924672297e-06,0.005029774924672296,4.670347528080583e-09
trained-s43,0.001,50,2.856227932252274e-08,6.9251516963498715e-06,4.896867193793111e-06,0.004896867193793111,4.623360704251333e-09
trained-s43,0.001,51,2.477305348785063e-08,6.743908738615349e-06,4.768698778165906e-06,0.004768698778165906,4.580082859312731e-09
trained-s43,0.001,52,2.1490862357878097e-08,6.5690440964344305e-06,4.645042844529792e-06,0.004645042844529793,4.532571613841017e-09
trained-s43,0.001,53,1.8647158586836277e-08,6.400257132896628e-06,4.52568628141664e-06,0.004525686281416639,4.487955673214455e-09
trained-s43,0.001,54,1.618277361013618e-08,6.237265035836095e-06,4.4104287015954565e-06,0.004410428701595456,4.443408699916767e-09
trained-s43,0.001,55,1.4046617427528841e-08,6.079801639045022e-06,4.2990815811663065e-06,0.004299081581166307,4.400066477335319e-09
trained-s43,0.001,56,1.2194560209316959e-08,5.927616293632568e-06,4.191467440357894e-06,0.004191467440357894,4.359867729680683e-09
trained-s43,0.001,57,1.0588471626635833e-08,5.780472773455584e-06,4.087419053238601e-06,0.004087419053238601,4.318613879870073e-09
trained-s43,0.001,58,9.195394641985311e-09,5.638148344781116e-06,3.986778777273418e-06,0.003986778777273418,4.277097830771473e-09
trained-s43,0.001,59,7.986834822357938e-09,5.500432822345589e-06,3.88939787613072e-06,0.00388939787613072,4.233934789523232e-09
trained-s43,0.001,60,6.9381488038169655e-09,5.367127744472442e-06,3.7951359288891192e-06,0.003795135928889119,4.192788724800518e-09
trained-s43,0.001,61,6.028017322237814e-09,5.238045621228803e-06,3.703860292599118e-06,0.003703860292599118,4.152251853060712e-09
trained-s43,0.001,62,5.237991706303871e-09,5.113009179583819e-06,3.615445564044409e-06,0.003615445564044409,4.114867342635432e-09
trained-s43,0.001,63,4.552102977951446e-09,4.9918507086328386e-06,3.5297731132789447e-06,0.0035297731132789448,4.075820560428236e-09
trained-s43,0.001,64,3.956524778679448e-09,4.874411440360835e-06,3.446730643081016e-06,0.003446730643081016,4.035507656550311e-09
trained-s43,0.001,65,3.4392828209230896e-09,4.760540970087141e-06,3.366211777074321e-06,0.003366211777074321,3.99894759908671e-09
trained-s43,0.001,66,2.990004136772577e-09,4.650096734305055e-06,3.288115688903037e-06,0.003288115688903037,3.960681532070386e-09
trained-s43,0.001,67,2.5997007267108236e-09,4.5429435008002166e-06,3.212346740452425e-06,0.003212346740452425,3.920627371318607e-09
trained-s43,0.001,68,2.260582882104801e-09,4.438952909390737e-06,3.138814156145118e-06,0.003138814156145118,3.883129453483962e-09
trained-s43,0.001,69,1.9658977365615627e-09,4.338003055677738e-06,3.0674317278671966e-06,0.0030674317278671964,3.846186306672917e-09
trained-s43,0.001,70,1.7097900443352316e-09,4.239978089130235e-06,2.9981175301980664e-06,0.0029981175301980662,3.809238421011408e-09
trained-s43,0.001,71,1.4871817558849779e-09,4.144767839145647e-06,2.9307936555517627e-06,0.0029307936555517627,3.770892591234542e-09
trained-s43,0.001,72,1.2936679310265004e-09,4.052267479155347e-06,2.8653859763205093e-06,0.002865385976320509,3.73366028944985e-09
trained-s43,0.001,73,1.1254267551237553e-09,3.9623772029061716e-06,2.8018239157056018e-06,0.002801823915705602,3.69706506566704e-09
trained-s43,0.001,74,9.79141679575047e-10,3.87500194012925e-06,2.7400402464593618e-06,0.0027400402464593616,3.662910930853182e-09
trained-s43,0.001,75,8.519341073312847e-10,3.7900510618248608e-06,2.6799708823309834e-06,0.0026799708823309833,3.630387383175918e-09
trained-s43,0.001,76,7.413051111924898e-10,3.7074381284368578e-06,2.6215546998758267e-06,0.0026215546998758265,3.5981045289980336e-09
trained-s43,0.001,77,6.450849467531335e-10,3.627080655581448e-06,2.564733372705325e-06,0.002564733372705325,3.5632293017217873e-09
trained-s43,0.001,78,5.613894295559938e-10,3.548899885550495e-06,2.50945120984164e-06,0.00250945120984164,3.5293579483377397e-09
trained-s43,0.001,79,4.885820404596511e-10,3.472820579462829e-06,2.4556550086893094e-06,0.0024556550086893094,3.4939432102915618e-09
trained-s43,0.001,80,4.2524117804809116e-10,3.39877081793483e-06,2.4032939140438357e-06,0.0024032939140438358,3.461818058092147e-09
trained-s43,0.001,81,3.701317391951263e-10,3.326681821900291e-06,2.352319291357955e-06,0.002352319291357955,3.425950566285316e-09
trained-s43,0.001,82,3.2218051038036563e-10,3.256487783686046e-06,2.302684607267557e-06,0.002302684607267557,3.3923546050182905e-09
trained-s43,0.001,83,2.80454816702253e-10,3.1881257081803144e-06,2.254345317260203e-06,0.002254345317260203,3.3605668229943607e-09
trained-s43,0.001,84,2.441440077274038e-10,3.1215352544652022e-06,2.207258753676509e-06,0.002207258753676509,3.328690160914539e-09
trained-s43,0.001,85,2.1254341573858914e-10,3.0566586098201998e-06,2.161384036604844e-06,0.002161384036604844,3.297492070316323e-09
trained-s43,0.001,86,1.8504041776564222e-10,2.9934403452961296e-06,2.116681971747162e-06,0.002116681971747162,3.2649184018478895e-09
trained-s43,0.001,87,1.611023584671799e-10,2.9318273041742923e-06,2.073114971540328e-06,0.0020731149715403283,3.2356557263088097e-09
trained-s43,0.001,88,1.4026606031517737e-10,2.8717684779974153e-06,2.030646967491041e-06,0.002030646967491041,3.203935755747607e-09
trained-s43,0.001,89,1.2212871615773867e-10,2.8132148983651763e-06,1.9892433336592893e-06,0.0019892433336592893,3.17304278528777e-09
trained-s43,0.001,90,1.0633999049937388e-10,2.756119541082979e-06,1.948870818877874e-06,0.001948870818877874,3.141492676154122e-09
trained-s43,0.001,91,9.259515648531086e-11,2.700437222615423e-06,1.9094974735313016e-06,0.0019094974735313014,3.109727835692254e-09
trained-s43,0.001,92,8.062913108056335e-11,2.6461245222766513e-06,1.8710925945339937e-06,0.0018710925945339936,3.077308732008314e-09
trained-s43,0.001,93,7.021130056265215e-11,2.5931396937264947e-06,1.83362666274702e-06,0.00183362666274702,3.0465186075408356e-09
trained-s43,0.001,94,6.114102344195943e-11,2.541442567721188e-06,1.7970712742112378e-06,0.0017970712742112378,3.0191582317669867e-09
trained-s43,0.001,95,5.3243720358689596e-11,2.490994499363513e-06,1.761399102846557e-06,0.001761399102846557,2.9907972750660727e-09
trained-s43,0.001,96,4.636747829942709e-11,2.44175828640134e-06,1.7265838426795457e-06,0.0017265838426795456,2.9613069163615385e-09
trained-s43,0.001,97,4.038010002384613e-11,2.393698107985563e-06,1.6926001645381775e-06,0.0016926001645381774,2.9331383749881895e-09
trained-s43,0.001,98,3.5166535957642805e-11,2.3467794560679504e-06,1.6594236675423445e-06,0.0016594236675423445,2.9048780221239693e-09
trained-s43,0.001,99,3.0626655490098545e-11,2.30096906969449e-06,1.6270308326418935e-06,0.0016270308326418934,2.87460418020256e-09
trained-s43,0.001,100,2.6673307502801528e-11,2.256234895469652e-06,1.5953989946603729e-06,0.0015953989946603728,2.8480001596913917e-09
trained-s43,0.001,101,2.3230632703465664e-11,2.212546025856833e-06,1.5645062986666511e-06,0.001564506298666651,2.8202208845178853e-09
trained-s43,0.001,102,2.0232598285560423e-11,2.169872645510962e-06,1.534331662026182e-06,0.0015343316620261818,2.793147558688258e-09
trained-s43,0.001,103,1.762172206566694e-11,2.1281859880848653e-06,1.5048547438583656e-06,0.0015048547438583657,2.765577012328638e-09
trained-s43,0.001,104,1.5347962879879272e-11,2.0874582857113007e-06,1.4760559093148601e-06,0.0014760559093148602,2.7387095329689313e-09
trained-s43,0.001,105,1.3367755634445783e-11,2.04766273447733e-06,1.4479162051662014e-06,0.0014479162051662013,2.714661753543636e-09
trained-s43,0.001,106,1.1643171829581998e-11,2.0087734455007822e-06,1.4204173252075803e-06,0.0014204173252075803,2.6898732209275534e-09
trained-s43,0.001,107,1.0141188931048783e-11,1.9707654081068525e-06,1.3935415842207249e-06,0.0013935415842207248,2.6660699240404937e-09
trained-s43,0.001,108,8.833054825513689e-12,1.93361446021664e-06,1.3672718970353959e-06,0.0013672718970353958,2.639912978067802e-09
trained-s43,0.001,109,7.69373466266135e-12,1.8972972445812416e-06,1.3415917475821948e-06,0.0013415917475821948,2.615617166309963e-09
trained-s43,0.001,110,6.701429810753547e-12,1.8617911794504923e-06,1.31648516815221e-06,0.0013164851681522099,2.591633753565131e-09
trained-s43,0.001,111,5.837158904452882e-12,1.8270744267627208e-06,1.291936716903761e-06,0.001291936716903761,2.5674075354183592e-09
trained-s43,0.001,112,5.084393175266075e-12,1.793125866054372e-06,1.2679314594137022e-06,0.001267931459413702,2.543453206546848e-09
trained-s43,0.001,113,4.428739296277119e-12,1.7599250595859156e-06,1.24445494401771e-06,0.0012444549440177098,2.519737372415536e-09
trained-s43,0.001,114,3.857663210107832e-12,1.7274522293736595e-06,1.2214931855693114e-06,0.0012214931855693114,2.4953871294906733e-09
trained-s43,0.001,115,3.3602496588084316e-12,1.6956882334075896e-06,1.199032648623354e-06,0.0011990326486233539,2.4711857821892396e-09
trained-s43,0.001,116,2.9269929675014437e-12,1.6646145315673035e-06,1.1770602233349252e-06,0.0011770602233349252,2.44685894068317e-09
trained-s43,0.001,117,2.5496147737817043e-12,1.6342131736377487e-06,1.1555632169851992e-06,0.0011555632169851992,2.422653604443279e-09
trained-s43,0.001,118,2.2209055350559373e-12,1.6044667690848487e-06,1.1345293326095709e-06,0.0011345293326095708,2.399247866359066e-09
trained-s43,0.001,119,1.934586347978327e-12,1.5753584720602273e-06,1.1139466583943954e-06,0.0011139466583943954,2.375659060866228e-09
trained-s43,0.001,120,1.6851887736422292e-12,1.5468719533834274e-06,1.093803647865421e-06,0.001093803647865421,2.3527246983096655e-09
trained-s43,0.001,121,1.4679501360812525e-12,1.5189913912725432e-06,1.074089113333359e-06,0.0010740891133333588,2.3296920218279583e-09
trained-s43,0.001,122,1.278722382158624e-12,1.4917014391715217e-06,1.0547922031443442e-06,0.0010547922031443442,2.3076837584724677e-09
trained-s43,0.001,123,1.1138927324207726e-12,1.4649872224612696e-06,1.0359023993543402e-06,0.0010359023993543402,2.284679841811222e-09
trained-s43,0.001,124,9.703145301740357e-13,1.4388343139828123e-06,1.0174095004213967e-06,0.0010174095004213967,2.26237082532865e-09
trained-s43,0.001,125,8.452471035100172e-13,1.413228716619649e-06,9.993036088895128e-07,0.0009993036088895128,2.2403060700846265e-09
trained-s43,0.001,126,7.363033659260013e-13,1.3881568512464016e-06,9.815751228670488e-07,0.0009815751228670487,2.2166246585187915e-09
trained-s43,0.001,127,6.41404136950161e-13,1.3636055394700989e-06,9.642147238229653e-07,0.0009642147238229652,2.194758295731469e-09
trained-s43,0.001,128,5.587384456341152e-13,1.3395619895772628e-06,9.47213366649917e-07,0.0009472133666499169,2.1734527030568408e-09
trained-s43,0.001,129,4.867289015188339e-13,1.3160137869228301e-06,9.305622728681917e-07,0.0009305622728681917,2.1522048260904014e-09
trained-s43,0.001,130,4.240015633512975e-13,1.292948875655971e-06,9.142529177039138e-07,0.0009142529177039138,2.131127042473832e-09
trained-s43,0.001,131,3.693596809393046e-13,1.270355549382576e-06,8.982770234864235e-07,0.0008982770234864235,2.1105835483964478e-09
trained-s43,0.001,132,3.2176084183010755e-13,1.248222436976744e-06,8.82626549615486e-07,0.000882626549615486,2.0896416702498735e-09
trained-s43,0.001,133,2.802970604674417e-13,1.226538494181537e-06,8.672936866221265e-07,0.0008672936866221266,2.0692785100423263e-09
trained-s43,0.001,134,2.4417742646510933e-13,1.205292987585029e-06,8.522708448379864e-07,0.0008522708448379864,2.0487669781588435e-09
trained-s43,0.001,135,2.1271302580948046e-13,1.18447549034842e-06,8.375506513746436e-07,0.0008375506513746435,2.0292850694930664e-09
trained-s43,0.001,136,1.853037626682031e-13,1.164075867573017e-06,8.231259397765054e-07,0.0008231259397765054,2.0088109607370766e-09
trained-s43,0.001,137,1.61426919156362e-13,1.1440842683374174e-06,8.089897443902465e-07,0.0008089897443902465,1.9892849650133247e-09
trained-s43,0.001,138,1.406271687321453e-13,1.1244911133043758e-06,7.951352916015412e-07,0.0007951352916015412,1.9696354364680635e-09
trained-s43,0.001,139,1.2250788755310083e-13,1.1052870888585939e-06,7.815559956898552e-07,0.0007815559956898552,1.9505637096979138e-09
trained-s43,0.001,140,1.067235847432049e-13,1.086463141018436e-06,7.682454545233765e-07,0.0007682454545233765,1.9312730009188887e-09
trained-s43,0.001,141,9.29733083677192e-14,1.0680104603799004e-06,7.551974389127974e-07,0.0007551974389127975,1.9121880468907373e-09
trained-s43,0.001,142,8.099490449394392e-14,1.049920480719605e-06,7.424058916234749e-07,0.0007424058916234748,1.8934585344717773e-09
trained-s43,0.001,143,7.056000917391307e-14,1.0321848652730202e-06,7.298649176726772e-07,0.0007298649176726772,1.8745830148886162e-09
trained-s43,0.001,144,6.146969827872216e-14,1.0147955024876877e-06,7.175687813266555e-07,0.0007175687813266554,1.8563267660619296e-09
trained-s43,0.001,145,5.3550688213587535e-14,9.977444997512987e-07,7.055119016657239e-07,0.0007055119016657239,1.8387902588118908e-09
trained-s43,0.001,146,4.6652030908418395e-14,9.810241754937068e-07,6.936888469995426e-07,0.0006936888469995426,1.8210593832812163e-09
trained-s43,0.001,147,4.064223498069711e-14,9.646270514171286e-07,6.820943293730368e-07,0.0006820943293730367,1.803572109986837e-09
trained-s43,0.001,148,3.5406756353039603e-14,9.485458470339756e-07,6.707232007040623e-07,0.0006707232007040623,1.785734994390854e-09
trained-s43,0.001,149,3.084581416354288e-14,9.327734759075682e-07,6.595704501251885e-07,0.0006595704501251885,1.7680857326827122e-09
trained-s43,0.001,150,2.6872487664152734e-14,9.173030338069745e-07,6.486311956079049e-07,0.0006486311956079049,1.7508428047749735e-09
trained-s43,0.001,151,2.3411058624776455e-14,9.021277996913395e-07,6.379006846586457e-07,0.0006379006846586457,1.734256610367031e-09
trained-s43,0.001,152,2.039556711499686e-14,8.872412257004653e-07,6.273742872410633e-07,0.0006273742872410633,1.718167561077106e-09
trained-s43,0.001,153,1.776855397955328e-14,8.726369348021884e-07,6.170474941124707e-07,0.0006170474941124707,1.700455051534811e-09
trained-s43,0.001,154,1.547996459176428e-14,8.583087113042329e-07,6.069159101147098e-07,0.0006069159101147098,1.6838238295791334e-09
trained-s43,0.001,155,1.3486194557962091e-14,8.442505020790028e-07,5.969752550402104e-07,0.0005969752550402104,1.6670637514427885e-09
trained-s43,0.001,156,1.17492587757952e-14,8.304564070827144e-07,5.872213569280035e-07,0.0005872213569280035,1.6501516371506052e-09
trained-s43,0.001,157,1.0236067083056571e-14,8.169206764716085e-07,5.77650150024576e-07,0.0005776501500245761,1.6335791158762315e-09
trained-s43,0.001,158,8.917792981137677e-15,8.036377054410996e-07,5.682576711345987e-07,0.0005682576711345987,1.617872250976197e-09
trained-s43,0.001,159,7.769324742240382e-15,7.906020315888842e-07,5.590400577563609e-07,0.0005590400577563609,1.602046780838161e-09
trained-s43,0.001,160,6.768786233396481e-15,7.778083299182373e-07,5.49993544548569e-07,0.000549993544548569,1.586651051295452e-09
trained-s43,0.001,161,5.8971200713947896e-15,7.652514065459608e-07,5.411144588811924e-07,0.0005411144588811925,1.5711514160787747e-09
trained-s43,0.001,162,5.137724265641074e-15,7.529261976953008e-07,5.323992201233503e-07,0.0005323992201233503,1.5556298265127482e-09
trained-s43,0.001,163,4.476136145388985e-15,7.408277653672382e-07,5.238443365824506e-07,0.0005238443365824506,1.5410553100762663e-09
trained-s43,0.001,164,3.89975624645059e-15,7.28951293130241e-07,5.154464025270963e-07,0.0005154464025270962,1.5260890127307428e-09
trained-s43,0.001,165,3.3976084755424463e-15,7.172920832175545e-07,5.072020961345581e-07,0.0005072020961345581,1.5115496399642363e-09
trained-s43,0.001,166,2.9601307939308167e-15,7.058455531777296e-07,4.991081771223425e-07,0.0004991081771223425,1.4963203745181662e-09
trained-s43,0.001,167,2.578993140737383e-15,6.946072324787203e-07,4.911614843469237e-07,0.0004911614843469237,1.4814845419149052e-09
trained-s43,0.001,168,2.2469385641840587e-15,6.835727607136227e-07,4.833589345350119e-07,0.00048335893453501185,1.4673125647279963e-09
trained-s43,0.001,169,1.957645043501313e-15,6.727378782847621e-07,4.7569751569620554e-07,0.00047569751569620554,1.452415089323727e-09
trained-s43,0.001,170,1.7056049695523686e-15,6.620984327242596e-07,4.68174291592309e-07,0.000468174291592309,1.4380691868433105e-09
trained-s43,0.001,171,1.4860202221769506e-15,6.516503700862742e-07,4.607863956507277e-07,0.0004607863956507277,1.4239322706168423e-09
trained-s43,0.001,172,1.294710766181115e-15,6.413897328083905e-07,4.535310294522408e-07,0.00045353102945224074,1.409892359070386e-09
trained-s43,0.001,173,1.1280350340509806e-15,6.313126582399719e-07,4.4640546169038954e-07,0.0004464054616903895,1.396411381372578e-09
trained-s43,0.001,174,9.828205106192234e-16,6.214153761422596e-07,4.39407026403781e-07,0.00043940702640378097,1.3830764950782026e-09
trained-s43,0.001,175,8.563033475263262e-16,6.116942037385582e-07,4.325331194760401e-07,0.0004325331194760401,1.369770039899909e-09
trained-s43,0.001,176,7.460756996331864e-16,6.021455470711496e-07,4.2578119959529327e-07,0.0004257811995952933,1.356564484382852e-09
trained-s43,0.001,177,6.500398390658759e-16,5.927658958870309e-07,4.1914878463783865e-07,0.00041914878463783864,1.343213227505153e-09
trained-s43,0.001,178,5.663682447922145e-16,5.835518201222617e-07,4.126334491822036e-07,0.00041263344918220356,1.3304897729340667e-09
trained-s43,0.001,179,4.934687639153978e-16,5.744999733043923e-07,4.0623282691502623e-07,0.0004062328269150262,1.3175668717098656e-09
trained-s43,0.001,180,4.2995430287005197e-16,5.656070831918403e-07,3.99944604012094e-07,0.000399944604012094,1.305168806566594e-09
trained-s43,0.001,181,3.746164169465294e-16,5.568699561701702e-07,3.937665222469829e-07,0.0003937665222469829,1.292268288373371e-09
trained-s43,0.001,182,3.2640228343165303e-16,5.4828547054762e-07,3.8769637425027906e-07,0.000387696374250279,1.2795120004169252e-09
trained-s43,0.001,183,2.8439467728776306e-16,5.398505777405049e-07,3.817320043477866e-07,0.0003817320043477866,1.2672287215119702e-09
trained-s43,0.001,184,2.4779448728141055e-16,5.31562299292388e-07,3.758713064527607e-07,0.00037587130645276074,1.2546771800602683e-09
trained-s43,0.001,185,2.1590550865305226e-16,5.234177219854599e-07,3.7011222060913377e-07,0.00037011222060913374,1.2421808816341029e-09
trained-s43,0.001,186,1.8812119058736063e-16,5.15414002561227e-07,3.644527363295442e-07,0.0003644527363295442,1.230078113596735e-09
trained-s43,0.001,187,1.6391309167992234e-16,5.075483608009899e-07,3.588908877024965e-07,0.0003588908877024965,1.2182057494010542e-09
trained-s43,0.001,188,1.4282081254315254e-16,4.998180769618732e-07,3.5342475157936024e-07,0.00035342475157936024,1.2061897428492286e-09
trained-s43,0.001,189,1.244432358926995e-16,4.922204954991021e-07,3.4805245020641763e-07,0.0003480524502064176,1.1942663733065679e-09
trained-s43,0.001,190,1.0843089542473615e-16,4.847530200870551e-07,3.4277214770421535e-07,0.00034277214770421537,1.1824246600980662e-09
trained-s43,0.001,191,9.447931782574276e-17,4.774131126232208e-07,3.3758204936325633e-07,0.00033758204936325633,1.1705324134653132e-09
trained-s43,0.001,192,8.232323224484354e-17,4.7019829104630894e-07,3.3248040010117093e-07,0.0003324804001011709,1.158920016984587e-09
trained-s43,0.001,193,7.1731523193355e-17,4.631061280702313e-07,3.274654835675063e-07,0.0003274654835675063,1.1479294108937778e-09
trained-s43,0.001,194,6.25028277925219e-17,4.561342519162577e-07,3.2253562266143885e-07,0.00032253562266143884,1.1368483122403029e-09
trained-s43,0.001,195,5.446170883893226e-17,4.4928034113728464e-07,3.176891758719794e-07,0.0003176891758719794,1.1259128377470788e-09
trained-s43,0.001,196,4.7455313953717416e-17,4.4254212640735966e-07,3.1292453854335837e-07,0.00031292453854335836,1.1147281207339473e-09
trained-s43,0.001,197,4.135046844724127e-17,4.3591738919921284e-07,3.0824014193989883e-07,0.00030824014193989884,1.1035915366705986e-09
trained-s43,0.001,198,3.603114096295876e-17,4.2940395723914125e-07,3.03634450032135e-07,0.00030363445003213504,1.0925202512061744e-09
trained-s43,0.001,199,3.139623724239643e-17,4.229997079888018e-07,2.991059619588111e-07,0.0002991059619588111,1.0815507788976094e-09
trained-s43,0.001,200,2.7357675634355344e-17,4.1670256299493877e-07,2.9465320803153567e-07,0.00029465320803153565,1.071225356937503e-09
trained-s43,0.001,201,2.383871312414657e-17,4.1051049171093865e-07,2.9027475243702866e-07,0.0002902747524370287,1.0607674081875187e-09
trained-s43,0.001,202,2.0772484182170904e-17,4.0442150449706654e-07,2.859691882875415e-07,0.0002859691882875415,1.050542446851082e-09
trained-s43,0.001,203,1.8100729914367012e-17,3.984336561857902e-07,2.817351401419216e-07,0.00028173514014192164,1.040237226039304e-09
trained-s43,0.001,204,1.5772689804554214e-17,3.925450428445901e-07,2.7757126171657355e-07,0.00027757126171657355,1.0302361244846635e-09
trained-s43,0.001,205,1.3744136697128537e-17,3.867538018819222e-07,2.7347623596038574e-07,0.00027347623596038576,1.0201610241302794e-09
trained-s43,0.001,206,1.1976535435897344e-17,3.81058110445576e-07,2.694487739221992e-07,0.0002694487739221992,1.0105811283735796e-09
trained-s43,0.001,207,1.0436310121982571e-17,3.754561840869973e-07,2.654876138063405e-07,0.00026548761380634046,1.0012152879556263e-09
trained-s43,0.001,208,9.094205916036663e-18,3.699462760559807e-07,2.6159152047389446e-07,0.00026159152047389443,9.915939532011705e-10
trained-s43,0.001,209,7.92473285137535e-18,3.645266773673381e-07,2.577592854898455e-07,0.0002577592854898455,9.820485511637115e-10
trained-s43,0.001,210,6.90568111057661e-18,3.59195714279695e-07,2.539897253403179e-07,0.0002539897253403179,9.726216094080214e-10
trained-s43,0.001,211,6.017698823930289e-18,3.539517484962133e-07,2.502816815745078e-07,0.0002502816815745078,9.63322647973661e-10
trained-s43,0.001,212,5.243924362515699e-18,3.487931768773569e-07,2.46634020601578e-07,0.000246634020601578,9.541618413410242e-10
trained-s43,0.001,213,4.5696658043535654e-18,3.437184292114427e-07,2.4304563211419945e-07,0.00024304563211419945,9.449982052446454e-10
trained-s43,0.001,214,3.982121485524131e-18,3.387259673570404e-07,2.395154284821364e-07,0.0002395154284821364,9.36358598104507e-10
trained-s43,0.001,215,3.4701369533159e-18,3.3381428655237997e-07,2.360423456781372e-07,0.00023604234567813718,9.275326901806285e-10
trained-s43,0.001,216,3.0239929386787632e-18,3.2898191260626116e-07,2.3262534129160745e-07,0.00023262534129160745,9.185044572425658e-10
trained-s43,0.001,217,2.6352206109027565e-18,3.2422740161199426e-07,2.2926339432633528e-07,0.00022926339432633526,9.098253799177711e-10
trained-s43,0.001,218,2.2964406725653486e-18,3.195493400808004e-07,2.259555052948202e-07,0.00022595550529482021,9.012125408850142e-10
trained-s43,0.001,219,2.001223167389765e-18,3.149463429347655e-07,2.2270069479907662e-07,0.0002227006947990766,8.927457139130705e-10
trained-s43,0.001,220,1.743965388994481e-18,3.104170536113528e-07,2.194980036045356e-07,0.0002194980036045356,8.838721933554898e-10
trained-s43,0.001,221,1.5197853230750359e-18,3.059601427065662e-07,2.1634649168061673e-07,0.00021634649168061673,8.754053612796091e-10
trained-s43,0.001,222,1.3244289733657458e-18,3.015743103254989e-07,2.1324523986281658e-07,0.00021324523986281658,8.66968501796744e-10
trained-s43,0.001,223,1.154189546334603e-18,2.972582802857997e-07,2.101933457539404e-07,0.00021019334575394038,8.58624393918089e-10
trained-s43,0.001,224,1.0058370783574444e-18,2.9301080419726535e-07,2.0718992660881003e-07,0.00020718992660881,8.505266590068987e-10
trained-s43,0.001,225,8.765570453063011e-19,2.888306577577092e-07,2.0423411671504708e-07,0.00020423411671504707,8.424114417233038e-10
trained-s43,0.001,226,7.638969215917951e-19,2.847166415917024e-07,2.013250679861526e-07,0.0002013250679861526,8.343645356935116e-10
trained-s43,0.001,227,6.657196363100733e-19,2.8066758050439303e-07,1.9846194943387756e-07,0.00019846194943387756,8.263779523431599e-10
trained-s43,0.001,228,5.801629683775966e-19,2.7668232353839984e-07,1.9564394720845284e-07,0.00019564394720845285,8.184042886336791e-10
trained-s43,0.001,229,5.056041894387205e-19,2.7275974207051425e-07,1.928702632527543e-07,0.0001928702632527543,8.103058121706697e-10
trained-s43,0.001,230,4.406292702679412e-19,2.688987301727801e-07,1.9014011555762447e-07,0.00019014011555762447,8.025497632950589e-10
trained-s43,0.001,231,3.8400602747284027e-19,2.6509820325535794e-07,1.8745273720223328e-07,0.00018745273720223327,7.950511985665722e-10
trained-s43,0.001,232,3.3466072583361863e-19,2.613571001045363e-07,1.8480737779516895e-07,0.00018480737779516895,7.87821081508109e-10
trained-s43,0.001,233,2.916577148388293e-19,2.5767437997493345e-07,1.8220330141831457e-07,0.00018220330141831457,7.802170955946343e-10
trained-s43,0.001,234,2.5418164927313323e-19,2.5404902064510635e-07,1.7963978525195588e-07,0.00017963978525195587,7.72765765151089e-10
trained-s43,0.001,235,2.2152202788605787e-19,2.504800217473771e-07,1.7711612192932426e-07,0.00017711612192932425,7.654985918406887e-10
trained-s43,0.001,236,1.9305970615071078e-19,2.469664029205161e-07,1.746316182303461e-07,0.00017463161823034608,7.580859245755951e-10
trained-s43,0.001,237,1.682551469709908e-19,2.435072024150422e-07,1.7218559409544157e-07,0.00017218559409544156,7.505803581691778e-10
trained-s43,0.001,238,1.4663817894931059e-19,2.4010147729720893e-07,1.6977738276976428e-07,0.0001697773827697643,7.433187121337925e-10
trained-s43,0.001,239,1.2779908365451117e-19,2.3674830330719446e-07,1.6740633070292675e-07,0.00016740633070292673,7.362360455369466e-10
trained-s43,0.001,240,1.1138081624094825e-19,2.3344677360334962e-07,1.6507179666104925e-07,0.00016507179666104926,7.293691727995313e-10
trained-s43,0.001,241,9.707223403344704e-20,2.301959995873096e-07,1.627731523102023e-07,0.0001627731523102023,7.222380980362291e-10
trained-s43,0.001,242,8.460219179582079e-20,2.2699510939479213e-07,1.6050978114923971e-07,0.0001605097811492397,7.154606316699069e-10
trained-s43,0.001,243,7.373440202681742e-20,2.2384324877681336e-07,1.582810791329121e-07,0.0001582810791329121,7.083183895807258e-10
trained-s43,0.001,244,6.426295026541825e-20,2.2073957873037082e-07,1.56086452996507e-07,0.000156086452996507,7.014735925321981e-10
trained-s43,0.001,245,5.600839178807012e-20,2.1768327680017585e-07,1.539253211763126e-07,0.0001539253211763126,6.947441193937919e-10
trained-s43,0.001,246,4.881434715191274e-20,2.1467353720480025e-07,1.5179711389881687e-07,0.00015179711389881688,6.882996334067316e-10
trained-s43,0.001,247,4.254453690692531e-20,2.1170956852037533e-07,1.497012715428354e-07,0.0001497012715428354,6.816170762294337e-10
trained-s43,0.001,248,3.7080197757890187e-20,2.0879059502607908e-07,1.4763724559091478e-07,0.00014763724559091476,6.749511713584456e-10
trained-s43,0.001,249,3.231783039586905e-20,2.059158555535457e-07,1.4560449781574174e-07,0.00014560449781574172,6.684568913180209e-10
trained-s43,0.001,250,2.8167237821279146e-20,2.0308460309440382e-07,1.4360250000263142e-07,0.00014360250000263142,6.619433136229654e-10
trained-s43,0.001,251,2.4549815280013774e-20,2.0029610546155354e-07,1.416307344171204e-07,0.0001416307344171204,6.556663514017944e-10
trained-s43,0.001,252,2.13970593037652e-20,1.9754964364769192e-07,1.3968869264426893e-07,0.00013968869264426893,6.491751493798136e-10
trained-s43,0.001,253,1.8649270087168376e-20,1.9484451259525116e-07,1.3777587613308976e-07,0.00013777587613308977,6.431480982247869e-10
trained-s43,0.001,254,1.6254419603202197e-20,1.92180020555657e-07,1.3589179574347516e-07,0.00013589179574347514,6.366875328604847e-10
trained-s43,0.001,255,1.4167165370010958e-20,1.8955548827054645e-07,1.3403597116723048e-07,0.00013403597116723047,6.305248166151081e-10
trained-s43,0.001,256,1.234799144982309e-20,1.869702500606161e-07,1.3220793169800613e-07,0.00013220793169800612,6.244447371109503e-10
trained-s43,1.0,0,0.4709722864789247,0.021328128559841595,0.3333690025325176,0.3333690025325176,0.10435624950346874
trained-s43,1.0,1,0.17963118798125144,0.025032321748763135,0.12824667258664782,0.12824667258664782,0.0418380427544808
trained-s43,1.0,2,0.10212292656794175,0.025788872283950395,0.07448639738133825,0.07448639738133825,0.02449566539262413
trained-s43,1.0,3,0.06779197529659332,0.02573636222748449,0.05129475668250274,0.05129475668250274,0.017000075188114045
trained-s43,1.0,4,0.047837796214871484,0.0253220056879229,0.03830032461281381,0.03830032461281381,0.012723933729818707
trained-s43,1.0,5,0.03493710510844409,0.02469359940282518,0.030275537472450775,0.030275537472450775,0.010041293213318278
trained-s43,1.0,6,0.02622232361711617,0.023936135887046465,0.025120900844315387,0.025120900844315387,0.00830339094448287
trained-s43,1.0,7,0.020156568429794738,0.023107973370804374,0.021693272675337213,0.021693272675337213,0.0071438886139877245
trained-s43,1.0,8,0.015815066273407404,0.022249025780926645,0.019311941080494808,0.019311941080494808,0.006337448070306465
trained-s43,1.0,9,0.012621671035014872,0.0213856149136435,0.01757011314373376,0.01757011314373376,0.005747524757030069
trained-s43,1.0,10,0.01021313207050271,0.02053449694190495,0.016228551961119084,0.016228551961119084,0.005293706485757778
trained-s43,1.0,11,0.008356765834863663,0.019705968040112095,0.015146986708991159,0.015146986708991159,0.004928886431481316
trained-s43,1.0,12,0.006899779928082115,0.01890607209160258,0.014241815011322795,0.014241815011322795,0.004624896811941394
trained-s43,1.0,13,0.005738856046351,0.018138091813703038,0.013461731035932435,0.013461731035932435,0.00436430182357803
trained-s43,1.0,14,0.004802110557748829,0.01740352922699932,0.012774162603932932,0.012774162603932932,0.0041358964488978495
trained-s43,1.0,15,0.004038243079476453,0.01670274253443549,0.01215771109278974,0.01215771109278974,0.00393222122314944
trained-s43,1.0,16,0.003409819305329364,0.01603535916989542,0.011597843063970768,0.011597843063970768,0.003748147640187339
trained-s43,1.0,17,0.0028889811814831836,0.015400544608518068,0.011084363923229115,0.011084363923229115,0.003580043721528952
trained-s43,1.0,18,0.0024546284983867224,0.014797179087705722,0.010609895113986153,0.010609895113986153,0.0034252649932252854
trained-s43,1.0,19,0.002090521849101207,0.014223974833694208,0.010168932781931187,0.010168932781931187,0.003281834974841499
trained-s43,1.0,20,0.0017839795241076993,0.013679554374065771,0.009757252249339632,0.009757252249339632,0.00314823967326971
trained-s43,1.0,21,0.0015249670165427295,0.013162503517287602,0.00937152327553131,0.00937152327553131,0.0030232921642457623
trained-s43,1.0,22,0.0013054508079554715,0.012671407095088592,0.009009056124377217,0.009009056124377217,0.0029060416289961
trained-s43,1.0,23,0.0011189327062099395,0.012204872975655038,0.008667630489340977,0.008667630489340977,0.002795711065292434
trained-s43,1.0,24,0.0009601091794653276,0.011761548159254263,0.00834537803247828,0.00834537803247828,0.002691653756713841
trained-s43,1.0,25,0.0008246182547832676,0.011340129176899132,0.00804070006927959,0.00804070006927959,0.002593322424876268
trained-s43,1.0,26,0.0007088486544647917,0.010939368491560401,0.007752208812810968,0.007752208812810968,0.002500247039696912
trained-s43,1.0,27,0.0006097938492562298,0.010558078108988986,0.007478684716680521,0.007478684716680521,0.0024120185984473222
trained-s43,1.0,28,0.0005249388318424622,0.01019513120509333,0.007219044974323654,0.007219044974323654,0.0023282770823871354
trained-s43,1.0,29,0.0004521712569352018,0.009849462187485898,0.006972319767680291,0.006972319767680291,0.0022487025312049372
trained-s43,1.0,30,0.0003897108702529621,0.009520065988719087,0.006737634286801675,0.006737634286801675,0.002173008076712322
trained-s43,1.0,31,0.0003360528696252427,0.009205996357008125,0.00651419459204207,0.00651419459204207,0.0021009347863651423
trained-s43,1.0,32,0.0002899220761969655,0.008906363873985712,0.006301276594501171,0.006301276594501171,0.0020322475020868916
trained-s43,1.0,33,0.00025023554148608337,0.00862033355851128,0.006098217170196927,0.006098217170196927,0.001966731613357232
trained-s43,1.0,34,0.0002160718191107357,0.00834712233293602,0.005904406967504798,0.005904406967504798,0.001904190430073951
trained-s43,1.0,35,0.00018664558439673563,0.008085996340161532,0.005719284438894928,0.005719284438894928,0.001844443073681945
trained-s43,1.0,36,0.00016128655550119765,0.007836268299592069,0.005542330891804299,0.005542330891804299,0.0017873226969353805
trained-s43,1.0,37,0.00013942189977940396,0.007597294730530676,0.005373066189080042,0.005373066189080042,0.0017326750929429788
trained-s43,1.0,38,0.00012056151257201169,0.007368473422598732,0.005211045183630834,0.005211045183630834,0.0016803573766118636
trained-s43,1.0,39,0.00010428563589428942,0.007149240843521908,0.005055854530964594,0.005055854530964594,0.0016302369669091532
trained-s43,1.0,40,9.023444219348772e-05,0.00693906971306327,0.00490710993937833,0.00490710993937833,0.0015821906350364334
trained-s43,1.0,41,7.809921685743775e-05,0.006737466642868891,0.004764453709512288,0.004764453709512288,0.0015361037165456436
trained-s43,1.0,42,6.76149034823176e-05,0.006543969935929668,0.004627552571927821,0.004627552571927821,0.0014918693709627985
trained-s43,1.0,43,5.8553772502040004e-05,0.0063581474411375915,0.004496095704744031,0.004496095704744031,0.001449387975177906
trained-s43,1.0,44,5.072004418423135e-05,0.006179594587786745,0.004369792986463442,0.004369792986463442,0.0014085665322847865
trained-s43,1.0,45,4.394530762322139e-05,0.006007932500124311,0.004248373387995274,0.004248373387995274,0.0013693181654979487
trained-s43,1.0,46,3.808461848972316e-05,0.005842806277953744,0.004131583545467806,0.004131583545467806,0.0013315616240359165
trained-s43,1.0,47,3.3013165532075945e-05,0.005683883308315586,0.004019186403624255,0.004019186403624255,0.0012952208924956639
trained-s43,1.0,48,2.8623424470799933e-05,0.005530851755386491,0.003910960022627377,0.003910960022627377,0.0012602247785024412
trained-s43,1.0,49,2.4822722391612048e-05,0.005383419108198552,0.0038066964544748766,0.0038066964544748766,0.0012265065762589553
trained-s43,1.0,50,2.153115225648015e-05,0.005241310864984005,0.003706200738147001,0.003706200738147001,0.0011940037249406604
trained-s43,1.0,51,1.8679787298528697e-05,0.005104269284288781,0.003609289959007925,0.003609289959007925,0.0011626575093996827
trained-s43,1.0,52,1.6209149065311168e-05,0.004972052207476356,0.0035157923718112504,0.0035157923718112504,0.001132412807450331
trained-s43,1.0,53,1.4067893175928362e-05,0.00484443202330211,0.0034255466342861824,0.0034255466342861824,0.0011032177982182884
trained-s43,1.0,54,1.2211681446615069e-05,0.00472119462969381,0.003338401046555105,0.003338401046555105,0.0010750237667841028
trained-s43,1.0,55,1.0602212551907381e-05,0.004602138540140894,0.0032542128988262186,0.0032542128988262186,0.0010477848580824158
trained-s43,1.0,56,9.206389003525155e-06,0.004487074001988539,0.0031728478321516713,0.0031728478321516713,0.0010214578978844234
trained-s43,1.0,57,7.995601402676996e-06,0.004375822204074158,0.0030941792659495066,0.0030941792659495066,0.0009960022034428502
trained-s43,1.0,58,6.945111455726301e-06,0.004268214546223192,0.0030180878720349317,0.0030180878720349317,0.0009713794071750841
trained-s43,1.0,59,6.033522319139794e-06,0.004164091946242405,0.0029444610773086237,0.0029444610773086237,0.0009475533062267675
trained-s43,1.0,60,5.242321550617817e-06,0.0040633042011262955,0.002873192606430511,0.002873192606430511,0.0009244897183058049
trained-s43,1.0,61,4.5554878459509e-06,0.003965709405171825,0.0028041820660118883,0.0028041820660118883,0.0009021563438581521
trained-s43,1.0,62,3.959151959034752e-06,0.0038711733997446184,0.0027373345521751187,0.0027373345521751187,0.0008805226401993522
trained-s43,1.0,63,3.4413044773308574e-06,0.0037795692667209287,0.002672560289759758,0.002672560289759758,0.0008595597108347531
trained-s43,1.0,64,2.9915436231360466e-06,0.003690776865669182,0.002609774303046717,0.002609774303046717,0.0008392401913523423
trained-s43,1.0,65,2.6008579155920166e-06,0.00360468238485795,0.0025488960967154244,0.0025488960967154244,0.0008195381593253353
trained-s43,1.0,66,2.2614383699673114e-06,0.003521177950764147,0.002489849378519181,0.002489849378519181,0.0008004290353035759
trained-s43,1.0,67,1.966516460793153e-06,0.003440161242794674,0.0024325617859197873,0.0024325617859197873,0.0007818895015826911
trained-s43,1.0,68,1.7102241887887268e-06,0.0033615351520538636,0.0023769646440781333,0.0023769646440781333,0.0007638974205772704
trained-s43,1.0,69,1.4874730958700098e-06,0.003285207444240622,0.00232299272692802,0.00232299272692802,0.0007464317700813701
trained-s43,1.0,70,1.293849802983729e-06,0.003211090479260121,0.0022705840584795003,0.0022705840584795003,0.0007294725610542774
trained-s43,1.0,71,1.125525662534934e-06,0.0031391009212725714,0.0022196797074578597,0.0022196797074578597,0.0007130007825436905
trained-s43,1.0,72,9.79178606079173e-07,0.003069159470463805,0.0021702235973777868,0.0021702235973777868,0.0006969983466854758
trained-s43,1.0,73,8.519255644332583e-07,0.003001190640281956,0.00212216234882545,0.00212216234882545,0.0006814480213583922
trained-s43,1.0,74,7.412640180934044e-07,0.00293512251850922,0.0020754451103555064,0.0020754451103555064,0.0006663333915957723
trained-s43,1.0,75,6.450213566486224e-07,0.002870886565248716,0.002030023415526058,0.002030023415526058,0.0006516388025283781
trained-s43,1.0,76,5.613110754095004e-07,0.0028084174001920727,0.0019858510323810773,0.0019858510323810773,0.0006373493312800506
trained-s43,1.0,77,4.884948308432204e-07,0.0027476526489993137,0.0019428838547525251,0.0019428838547525251,0.0006234507246501003
trained-s43,1.0,78,4.251495616825812e-07,0.0026885327582905107,0.0019010797713839005,0.0019010797713839005,0.0006099293692471999
trained-s43,1.0,79,3.700390215710177e-07,0.002631000827480935,0.001860398546976532,0.001860398546976532,0.00059677226679153
trained-s43,1.0,80,3.2208909000980465e-07,0.002575002484447637,0.0018208017342391082,0.0018208017342391082,0.0005839669793813362
trained-s43,1.0,81,2.803663913813461e-07,0.0025204857286147907,0.0017822525629063541,0.0017822525629063541,0.000571501613546333
trained-s43,1.0,82,2.4405972978415907e-07,0.0024674008029687863,0.0017447158492199606,0.0017447158492199606,0.0005593647915830551
trained-s43,1.0,83,2.124640199705622e-07,0.0024157000790773035,0.0017081579146092536,0.0017081579146092536,0.0005475456170955593
trained-s43,1.0,84,1.8496632245626078e-07,0.0023653379500141744,0.0016725465099656006,0.0016725465099656006,0.0005360336474196623
trained-s43,1.0,85,1.610337426220928e-07,0.002316270703514769,0.0016378507259403993,0.0016378507259403993,0.000524818882753312
trained-s43,1.0,86,1.4020292771369096e-07,0.0022684564515515924,0.0016040409431402856,0.0016040409431402856,0.0005138917240799594
trained-s43,1.0,87,1.2207094556486983e-07,0.0022218550090069267,0.0015710887463301474,0.0015710887463301474,0.0005032429716122274
trained-s43,1.0,88,1.0628737459425352e-07,0.002176427823707902,0.0015389668749561129,0.0015389668749561129,0.0004928637921039058
trained-s43,1.0,89,9.254742706911115e-08,0.002132137887908088,0.0015076491605502307,0.0015076491605502307,0.00048274570655993835
trained-s43,1.0,90,8.05859850352353e-08,0.002088949666191447,0.0014771104757482726,0.0014771104757482726,0.0004728805673870557
trained-s43,1.0,91,7.017241793475433e-08,0.0020468290148781335,0.00144732667729901,0.00144732667729901,0.00046326054832940066
trained-s43,1.0,92,6.110607746091535e-08,0.0020057431210201114,0.0014182745629260482,0.0014182745629260482,0.00045387812460077036
trained-s43,1.0,93,5.3212386737121725e-08,0.0019656604358240628,0.0013899318242495066,0.0013899318242495066,0.0004447260594304363
trained-s43,1.0,94,4.633944308577652e-08,0.0019265506138672888,0.0013622770038042315,0.0013622770038042315,0.0004357973897616423
trained-s43,1.0,95,4.0355062921157164e-08,0.0018883844519855747,0.001335289451826272,0.001335289451826272,0.0004270854181840225
trained-s43,1.0,96,3.514421361022649e-08,0.0018511338464968238,0.0013089492960048606,0.0013089492960048606,0.0004185836918408742
trained-s43,1.0,97,3.060678375493744e-08,0.0018147717315172421,0.0012832373978649333,0.0012832373978649333,0.0004102859983527459
trained-s43,1.0,98,2.6655640452722158e-08,0.001779272035229461,0.001258135321843688,0.001258135321843688,0.00040218635349100135
trained-s43,1.0,99,2.3214944503739932e-08,0.0017446096410960643,0.0012336253078641464,0.0012336253078641464,0.0003942789845093508
trained-s43,1.0,100,2.021868237185522e-08,0.0017107603335915164,0.001209690232961631,0.001209690232961631,0.000386558330051796
trained-s43,1.0,101,1.7609390123216302e-08,0.0016777007628042547,0.0011863135862535076,0.0011863135862535076,0.0003790190276510995
trained-s43,1.0,102,1.533704424843585e-08,0.0016454084084923692,0.0011634794435225941,0.0011634794435225941,0.00037165590219803924
trained-s43,1.0,103,1.3358095927411798e-08,0.001613861544739703,0.0011411724422251538,0.0011411724422251538,0.00036446395869538185
trained-s43,1.0,104,1.1634632025975233e-08,0.0015830391989355031,0.0011193777524850575,0.0011193777524850575,0.0003574383775383155
trained-s43,1.0,105,1.0133643913513925e-08,0.0015529211263500076,0.001098081059115953,0.001098081059115953,0.0003505745030663777
trained-s43,1.0,106,8.826392554595787e-09,0.0015234877741750164,0.0010772685361940628,0.0010772685361940628,0.0003438678406989219
trained-s43,1.0,107,7.687854975327164e-09,0.0014947202578740125,0.0010569268303351647,0.0010569268303351647,0.00033731404565152864
trained-s43,1.0,108,6.696243184868717e-09,0.0014666003286543028,0.0010370430376938937,0.0010370430376938937,0.000330908920494707
trained-s43,1.0,109,5.832585549909408e-09,0.0014391103459729883,0.0010176046845225073,0.0010176046845225073,0.00032464840975247064
trained-s43,1.0,110,5.080362147726615e-09,0.0014122332602148136,0.0009985997149222607,0.0009985997149222607,0.000318528588553309
trained-s43,1.0,111,4.425187497083583e-09,0.0013859525840171575,0.0009800164705670996,0.0009800164705670996,0.0003125456609376025
trained-s43,1.0,112,3.854534616883942e-09,0.001360252365980681,0.0009618436721142737,0.0009618436721142737,0.00030669595755263734
trained-s43,1.0,113,3.357494624601103e-09,0.0013351171759099607,0.0009440704087678802,0.0009440704087678802,0.0003009759257659332
trained-s43,1.0,114,2.9245675095500214e-09,0.0013105320790612704,0.0009266861200692904,0.0009266861200692904,0.00029538212857551564
trained-s43,1.0,115,2.547479944802917e-09,0.0012864826202210584,0.0009096805846389275,0.0009096805846389275,0.00028991123781364433
trained-s43,1.0,116,2.219026885064147e-09,0.001262954802489826,0.0008930439051742021,0.0008930439051742021,0.0002845600319179649
trained-s43,1.0,117,1.9329334428552466e-09,0.0012399350743512283,0.0008767664993059813,0.0008767664993059813,0.00027932538809392985
trained-s43,1.0,118,1.6837347377642933e-09,0.001217410307361164,0.000860839083822391,0.000860839083822391,0.0002742042825749436
trained-s43,1.0,119,1.4666712355660387e-09,0.0011953677805678872,0.0008452526636521712,0.0008452526636521712,0.00026919378661758794
trained-s43,1.0,120,1.277597684562147e-09,0.001173795167954122,0.0008299985229849073,0.0008299985229849073,0.0002642910608211962
trained-s43,1.0,121,1.1129037528483961e-09,0.001152680522351123,0.0008150682138965517,0.0008150682138965517,0.00025949335306964054
trained-s43,1.0,122,9.69445001588465e-10,0.0011320122599808116,0.000800453545419066,0.000800453545419066,0.0002547979958678122
trained-s43,1.0,123,8.444826789331368e-10,0.0011117791516797677,0.0007861465773348423,0.0007861465773348423,0.0002502024002847226
trained-s43,1.0,124,7.356313917075904e-10,0.0010919703027827646,0.0007721396059522144,0.0007721396059522144,0.0002457040583797141
trained-s43,1.0,125,6.408134895097915e-10,0.0010725751497458532,0.0007584251617176192,0.0007584251617176192,0.0002413005336144026
trained-s43,1.0,126,5.582193161593514e-10,0.0010535834401313772,0.0007449959950628634,0.0007449959950628634,0.00023698946452403545
trained-s43,1.0,127,4.862726584498577e-10,0.0010349852244668225,0.0007318450706484607,0.0007318450706484607,0.00023276855965925194
trained-s43,1.0,128,4.236006187213659e-10,0.001016770848449436,0.0007189655618514648,0.0007189655618514648,0.00022863559316073245
trained-s43,1.0,129,3.6900735074179586e-10,0.0009989309381565055,0.0007063508403075578,0.0007063508403075578,0.00022458840556480593
trained-s43,1.0,130,3.2145125003094064e-10,0.00098145639346734,0.0006939944712596896,0.0006939944712596896,0.00022062489925677898
trained-s43,1.0,131,2.8002503290765096e-10,0.00096433837539724,0.0006818902046018388,0.0006818902046018388,0.00021674303875262457
trained-s43,1.0,132,2.4393841997443084e-10,0.0009475683021287919,0.0006700319720727167,0.0006700319720727167,0.0002129408445346208
trained-s43,1.0,133,2.1250304042934708e-10,0.0009311378344872746,0.000658413876985328,0.000658413876985328,0.00020921639557701277
trained-s43,1.0,134,1.851192854411339e-10,0.0009150388706202142,0.000647030190464848,0.000647030190464848,0.00020556782523177672
trained-s43,1.0,135,1.6126485632611428e-10,0.000899263538985165,0.0006358753464902348,0.0006358753464902348,0.00020199331858136076
trained-s43,1.0,136,1.4048480179647356e-10,0.000883804186296279,0.0006249439333711664,0.0006249439333711664,0.00019849111415447604
trained-s43,1.0,137,1.2238282805050816e-10,0.0008686533789587524,0.0006142306947623485,0.0006142306947623485,0.00019505949525182867
trained-s43,1.0,138,1.0661373225606515e-10,0.0008538038828824013,0.000603730515389556,0.000603730515389556,0.00019169679851005567
trained-s43,1.0,139,9.287681616523405e-11,0.0008392486710944075,0.000593438426432658,0.000593438426432658,0.00018840140128800805
trained-s43,1.0,140,8.091015024089417e-11,0.0008249809032260365,0.0005833495910205365,0.0005833495910205365,0.00018517173078819445
trained-s43,1.0,141,7.048556774655488e-11,0.0008109939312863759,0.0005734593083137358,0.0005734593083137358,0.00018200625340835156
trained-s43,1.0,142,6.140431716471399e-11,0.0007972812858150204,0.0005637630037129326,0.0005637630037129326,0.00017890347937434572
trained-s43,1.0,143,5.349326609331626e-11,0.0007838366737871502,0.000554256227377603,0.000554256227377603,0.00017586195860694803
trained-s43,1.0,144,4.660160058146764e-11,0.0007706539720488194,0.0005449346495840694,0.0005449346495840694,0.00017288027988753577
trained-s43,1.0,145,4.059794599854436e-11,0.0007577272207139928,0.0005357940560565009,0.0005357940560565009,0.00016995707097789813
trained-s43,1.0,146,3.536786163564993e-11,0.0007450506196837861,0.0005268303455056452,0.0005268303455056452,0.00016709099568978594
trained-s43,1.0,147,3.081165812079326e-11,0.0007326185221962781,0.000518039525067856,0.000518039525067856,0.000164280754193989
trained-s43,1.0,148,2.6842493840841613e-11,0.0007204254319340247,0.0005094177082597968,0.0005094177082597968,0.0001615250802345263
trained-s43,1.0,149,2.338472077813894e-11,0.0007084659980481191,0.0005009611114599206,0.0005009611114599206,0.00015882274045692102
trained-s43,1.0,150,2.0372440595927295e-11,0.0006967350075563705,0.0004926660485331702,0.0004926660485331702,0.00015617253562666186
trained-s43,1.0,151,1.77482477011541e-11,0.0006852273857129316,0.0004845289310923442,0.0004845289310923442,0.00015357329632870469
trained-s43,1.0,152,1.5462135236738502e-11,0.0006739381871342302,0.00047654626222318273,0.00047654626222318273,0.0001510238851741706
trained-s43,1.0,153,1.3470540420494225e-11,0.0006628625965630182,0.000468714637024633,0.000468714637024633,0.00014852319278048888
trained-s43,1.0,154,1.173551497570914e-11,0.0006519959208926749,0.00046103073696917825,0.00046103073696917825,0.00014607013967108442
trained-s43,1.0,155,1.0224000750542027e-11,0.0006413335875988526,0.0004534913287938455,0.0004534913287938455,0.00014366367373937314
trained-s43,1.0,156,8.907199848446948e-12,0.0006308711424569048,0.0004460932628861819,0.0004460932628861819,0.00014130276872081538
trained-s43,1.0,157,7.760025254328e-12,0.0006206042405334187,0.00043883346691430764,0.00043883346691430764,0.00013898642723073534
trained-s43,1.0,158,6.760622549290853e-12,0.0006105286512077966,0.00043170894937770947,0.00043170894937770947,0.0001367136740530789
trained-s43,1.0,159,5.889953750681099e-12,0.0006006402481823388,0.00042471679254330264,0.00042471679254330264,0.0001344835602064606
trained-s43,1.0,160,5.1314338373410136e-12,0.0005909350077858539,0.0004178541512459026,0.0004178541512459026,0.0001322951611150803
trained-s43,1.0,161,4.470614627916172e-12,0.0005814090093057336,0.0004111182531230367,0.0004111182531230367,0.00013014757371269747
trained-s43,1.0,162,3.89490985734645e-12,0.0005720584267571461,0.000404506392794886,0.000404506392794886,0.00012803991947485025
trained-s43,1.0,163,3.3933548076141808e-12,0.0005628795296245697,0.00039801593238862745,0.00039801593238862745,0.00012597134110785087
trained-s43,1.0,164,2.9563975370075674e-12,0.000553868680947736,0.0003916443001849925,0.0003916443001849925,0.0001239410015631859
trained-s43,1.0,165,2.575716740228533e-12,0.000545022332099394,0.00038538898692558804,0.00038538898692558804,0.0001219480850921863
trained-s43,1.0,166,2.244063235527166e-12,0.0005363370208496755,0.00037924754444419636,0.00037924754444419636,0.00011999179640833756
trained-s43,1.0,167,1.9551218126506815e-12,0.0005278093687385016,0.00037321758380878546,0.00037321758380878546,0.00011807136003823348
trained-s43,1.0,168,1.7033907667119363e-12,0.0005194360808764641,0.0003672967751807117,0.0003672967751807117,0.00011618601831386247
trained-s43,1.0,169,1.4840772768766423e-12,0.0005112139416772873,0.0003614828447971141,0.0003614828447971141,0.00011433503229212196
trained-s43,1.0,170,1.2930059242524057e-12,0.0005031398115564508,0.00035577357263648807,0.00035577357263648807,0.00011251768193548968
trained-s43,1.0,171,1.126539163798071e-12,0.0004952106272876072,0.000350166792670711,0.000350166792670711,0.00011073326379834336
trained-s43,1.0,172,9.815080587787023e-13,0.0004874233995221769,0.00034466039111113116,0.00034466039111113116,0.00010898109096694694
trained-s43,1.0,173,8.551518662137929e-13,0.0004797752088405746,0.00033925230361636237,0.00033925230361636237,0.0001072604938128423
trained-s43,1.0,174,7.450654899768233e-13,0.00047226320518614764,0.00033394051489201885,0.00033394051489201885,0.00010557081863860605
trained-s43,1.0,175,6.491536124084775e-13,0.0004648846064495762,0.00032872305768973467,0.00032872305768973467,0.00010391142683514908
trained-s43,1.0,176,5.65590814397153e-13,0.00045763669545627816,0.00032359801067693717,0.00032359801067693717,0.00010228169534870508
trained-s43,1.0,177,4.927867978536784e-13,0.00045051681991451295,0.0003185634984001507,0.0003185634984001507,0.00010068101501869639
trained-s43,1.0,178,4.2935610352681346e-13,0.0004435223876457309,0.00031361768791234496,0.00031361768791234496,9.910879238827523e-05
trained-s43,1.0,179,3.740917157348083e-13,0.0004366508681548951,0.00030875878988331936,0.00030875878988331936,9.756444696058919e-05
trained-s43,1.0,180,3.259420713480304e-13,0.00042989978886618486,0.0003039850559379444,0.0003039850559379444,9.604741238184766e-05
trained-s43,1.0,181,2.839910447408824e-13,0.00042326673462259414,0.0002992947783023232,0.0002992947783023232,9.455713530364692e-05
trained-s43,1.0,182,2.474404924892734e-13,0.00041674934688386024,0.0002946862892366424,0.0002946862892366424,9.309307454749961e-05
trained-s43,1.0,183,2.155950613632658e-13,0.0004103453202669666,0.0002901579585889377,0.0002901579585889377,9.165470217452196e-05
trained-s43,1.0,184,1.8784894728292563e-13,0.0004040524016431268,0.00028570819315656547,0.00028570819315656547,9.024150277259537e-05
trained-s43,1.0,185,1.6367436091690035e-13,0.00039786839064412047,0.00028133543704423594,0.00028133543704423594,8.885297175289806e-05
trained-s43,1.0,186,1.4261147726778858e-13,0.0003917911354164605,0.0002770381686617562,0.0002770381686617562,8.748861716099401e-05
trained-s43,1.0,187,1.2425968636021566e-13,0.0003858185337503986,0.0002728149015223577,0.0002728149015223577,8.61479576369911e-05
trained-s43,1.0,188,1.0826996179009787e-13,0.0003799485304405122,0.00026866418237634954,0.00026866418237634954,8.483052308003983e-05
trained-s43,1.0,189,9.433821968675055e-14,0.00037417911779765855,0.0002645845915731243,0.0002645845915731243,8.353585314014049e-05
trained-s43,1.0,190,8.219952997582062e-14,0.0003685083306110006,0.0002605747394987728,0.0002605747394987728,8.226349969354442e-05
trained-s43,1.0,191,7.162307664269646e-14,0.00036293424911653283,0.00025663326867514814,0.00025663326867514814,8.101302359224603e-05
trained-s43,1.0,192,6.240775989954363e-14,0.00035745499667124683,0.0002527588521152534,0.0002527588521152534,7.978399531198582e-05
trained-s43,1.0,193,5.4378373118131403e-14,0.0003520687379316041,0.00024895019203522676,0.00024895019203522676,7.857599519448921e-05
trained-s43,1.0,194,4.738226565851915e-14,0.0003467736775637192,0.00024520601894230317,0.00024520601894230317,7.738861338617891e-05
trained-s43,1.0,195,4.128644036078786e-14,0.0003415680604982747,0.00024152509181506692,0.00024152509181506692,7.622144866217988e-05
trained-s43,1.0,196,3.5975021655709296e-14,0.00033645017001286606,0.0002379061967474644,0.0002379061967474644,7.507410891834489e-05
trained-s43,1.0,197,3.1347052280314333e-14,0.000331418327235104,0.0002343481465974443,0.0002343481465974443,7.394621049596793e-05
trained-s43,1.0,198,2.7314569745108916e-14,0.00032647088907064104,0.0002308497795218514,0.0002308497795218514,7.283737887634614e-05
trained-s43,1.0,199,2.380093647616245e-14,0.0003216062487478558,0.00022740995936157643,0.00022740995936157643,7.174724736087475e-05
trained-s43,1.0,200,2.0739379583168488e-14,0.00031682283485895505,0.00022402757496351285,0.00022402757496351285,7.06754569664863e-05
trained-s43,1.0,201,1.807172075208047e-14,0.0003121191095286805,0.00022070153888563673,0.00022070153888563673,6.962165688382247e-05
trained-s43,1.0,202,1.574727076376415e-14,0.00030749356842024934,0.00021743078740120794,0.00021743078740120794,6.858550369076796e-05
trained-s43,1.0,203,1.372186441745347e-14,0.00030294473851158823,0.00021421427892632944,0.00021421427892632944,6.756666215643687e-05
trained-s43,1.0,204,1.1957021052387152e-14,0.00029847117977454055,0.00021105099520732674,0.00021105099520732674,6.656480330303486e-05
trained-s43,1.0,205,1.0419212949358558e-14,0.00029407148272720285,0.0002079399395899878,0.0002079399395899878,6.5579605446443e-05
trained-s43,1.0,206,9.07922724451721e-15,0.00028974426602340825,0.00020488013531507092,0.00020488013531507092,6.461075517535224e-05
trained-s43,1.0,207,7.911610788016554e-15,0.00028548817979515015,0.00020187062788175496,0.00020187062788175496,6.365794429648403e-05
trained-s43,1.0,208,6.8941859648333185e-15,0.0002813019023053656,0.00019891048268079974,0.00019891048268079974,6.272087150849658e-05
trained-s43,1.0,209,6.007629346251039e-15,0.0002771841393441545,0.00019599878456760854,0.00019599878456760854,6.179924228408205e-05
trained-s43,1.0,210,5.235104195900848e-15,0.0002731336241929234,0.00019313463783687427,0.00019313463783687427,6.089276814519266e-05
trained-s43,1.0,211,4.561940219541025e-15,0.00026914911627971675,0.00019031716527175433,0.00019031716527175433,6.0001167098031555e-05
trained-s43,1.0,212,3.975354935479562e-15,0.0002652294016067718,0.0001875455084461985,0.0001875455084461985,5.9124162651919804e-05
trained-s43,1.0,213,3.464210653538066e-15,0.000261373291615409,0.0001848188269223047,0.0001848188269223047,5.826148410172636e-05
trained-s43,1.0,214,3.018802767029466e-15,0.00025757962148039034,0.00018213629704424815,0.00018213629704424815,5.7412867139679294e-05
trained-s43,1.0,215,2.6306753124309104e-15,0.000253847252432626,0.00017949711358068317,0.00017949711358068317,5.657805170938641e-05
trained-s43,1.0,216,2.2924602941706643e-15,0.0002501750671707478,0.00017690048648023578,0.00017690048648023578,5.5756784656515096e-05
trained-s43,1.0,217,1.997737673556199e-15,0.0002465619721431764,0.00017434564248516865,0.00017434564248516865,5.494881763449566e-05
trained-s43,1.0,218,1.740913358325496e-15,0.00024300689789137183,0.00017183182537409595,0.00017183182537409595,5.415390632225025e-05
trained-s43,1.0,219,1.5171129468008773e-15,0.00023950879366911197,0.0001693582921572387,0.0001693582921572387,5.3371813798867664e-05
trained-s43,1.0,220,1.3220891268071467e-15,0.00023606663337701013,0.00016692431727276241,0.00016692431727276241,5.260230577458485e-05
trained-s43,1.0,221,1.1521409563900919e-15,0.0002326794102108275,0.00016452918880256257,0.00016452918880256257,5.18451539947542e-05
trained-s43,1.0,222,1.0040435478520057e-15,0.00022934613815460625,0.0001621722095280689,0.0001621722095280689,5.1100134678643545e-05
trained-s43,1.0,223,8.749868875610476e-16,0.00022606585132011692,0.00015985269646316452,0.00015985269646316452,5.03670285745114e-05
trained-s43,1.0,224,7.625223791530884e-16,0.00022283760309201107,0.00015756998024971737,0.00015756998024971737,4.964562110625729e-05
trained-s43,1.0,225,6.645163864815465e-16,0.00021966046667232537,0.00015532340554260285,0.00015532340554260285,4.893570158243349e-05
trained-s43,1.0,226,5.791097038196112e-16,0.0002165335331179969,0.00015311232962201746,0.00015311232962201746,4.823706416553111e-05
trained-s43,1.0,227,5.046822581493832e-16,0.00021345591235737604,0.00015093612311226198,0.00015093612311226198,4.7549506759687424e-05
trained-s43,1.0,228,4.398223299216202e-16,0.0002104267314837409,0.00014879416877507397,0.00014879416877507397,4.687283184590284e-05
trained-s43,1.0,229,3.83299764261409e-16,0.00020744513564415092,0.00014668586213814226,0.00014668586213814226,4.620684543809602e-05
trained-s43,1.0,230,3.340426093276091e-16,0.00020451028696180082,0.0001446106107330961,0.0001446106107330961,4.5551357504129244e-05
trained-s43,1.0,231,2.9111676507467966e-16,0.0002016213637142745,0.0001425678335144428,0.0001425678335144428,4.490618217929164e-05
trained-s43,1.0,232,2.5370824984894665e-16,0.00019877756114786103,0.00014055696143537615,0.00014055696143537615,4.427113682996263e-05
trained-s43,1.0,233,2.2110776088468627e-16,0.00019597808993097364,0.0001385774363541785,0.0001385774363541785,4.3646042830142694e-05
trained-s43,1.0,234,1.926972000064845e-16,0.0001932221761133977,0.00013662871100540485,0.00013662871100540485,4.3030725239210185e-05
trained-s43,1.0,235,1.6793794649990864e-16,0.00019050906182906832,0.0001347102494968215,0.0001347102494968215,4.2425011977054115e-05
trained-s43,1.0,236,1.4636063246429461e-16,0.00018783800290729188,0.00013282152562028453,0.00013282152562028453,4.182873520485057e-05
trained-s43,1.0,237,1.275562441486869e-16,0.00018520827060133238,0.0001309620240740352,0.0001309620240740352,4.12417297979562e-05
trained-s43,1.0,238,1.1116835236271078e-16,0.00018261915031061361,0.0001291312395591603,0.0001291312395591603,4.066383393508429e-05
trained-s43,1.0,239,9.688635352620386e-17,0.0001800699409083444,0.00012732867630415123,0.00012732867630415123,4.00948892954132e-05
trained-s43,1.0,240,8.443957524360035e-17,0.0001775599554515999,0.00012555384856700758,0.00012555384856700758,3.9534740255588975e-05
trained-s43,1.0,241,7.359214262386896e-17,0.00017508851944253507,0.00012380627940572923,0.00012380627940572923,3.898323485407703e-05
trained-s43,1.0,242,6.413850498188024e-17,0.00017265497174159087,0.00012208550132405065,0.00012208550132405065,3.844022386192158e-05
trained-s43,1.0,243,5.589953408730709e-17,0.00017025866521845363,0.00012039105673173874,0.00012039105673173874,3.7905560062785866e-05
trained-s43,1.0,244,4.8719128029862656e-17,0.00016789896349110085,0.00011872249563874998,0.00011872249563874998,3.737910030076047e-05
trained-s43,1.0,245,4.2461250287873606e-17,0.00016557524305594755,0.00011707937716147133,0.00011707937716147133,3.6860703717744616e-05
trained-s43,1.0,246,3.700735093179891e-17,0.00016328689229569088,0.00011546126882116045,0.00011546126882116045,3.635023219755022e-05
trained-s43,1.0,247,3.2254117555851116e-17,0.00016103331131169733,0.00011386774642542554,0.00011386774642542554,3.5847550274585214e-05
trained-s43,1.0,248,2.811151591577466e-17,0.00015881391189021736,0.00011229839404433556,0.00011229839404433556,3.535252488896458e-05
trained-s43,1.0,249,2.450108378531064e-17,0.00015662811601434653,0.00011075280295821774,0.00011075280295821774,3.486502622688741e-05
trained-s43,1.0,250,2.1354442794402538e-17,0.00015447535784639,0.00010923057305940093,0.00010923057305940093,3.43849261038837e-05
trained-s43,1.0,251,1.8612002594253876e-17,0.00015235508127006743,0.00010773131111429225,0.00010773131111429225,3.3912099464462155e-05
trained-s43,1.0,252,1.622183090219514e-17,0.00015026674150988377,0.00010625463190844488,0.00010625463190844488,3.3446423026415836e-05
trained-s43,1.0,253,1.4138669161894122e-17,0.00014820980324636648,0.00010480015691382972,0.00010480015691382972,3.298777642161224e-05
trained-s43,1.0,254,1.2323074680831921e-17,0.00014618374174368582,0.00010336751508618322,0.00010336751508618322,3.253604117904749e-05
trained-s43,1.0,255,1.0740673406740499e-17,0.00014418804167023628,0.00010195634203103259,0.00010195634203103259,3.209110136760861e-05
trained-s43,1.0,256,9.361507961731595e-18,0.00014222219789561844,0.00010056628056724692,0.00010056628056724692,3.165284284119289e-05
edges_gain_only-s43,0.001,0,0.0005301501099563946,2.334176553389153e-05,0.0003752359105316391,0.37523591053163907,1.3119553152819333e-07
edges_gain_only-s43,0.001,1,0.00023968210724302705,2.9856579255478256e-05,0.0001707910697739834,0.1707910697739834,6.136963712248808e-08
edges_gain_only-s43,0.001,2,0.00014271634528829305,3.1764749816416337e-05,0.00010338930904442656,0.10338930904442656,3.765865742877564e-08
edges_gain_only-s43,0.001,3,9.675176721616883e-05,3.213980365373317e-05,7.210393907207139e-05,0.07210393907207138,2.676481507416433e-08
edges_gain_only-s43,0.001,4,6.94293688820551e-05,3.1879546054081025e-05,5.40483596909639e-05,0.054048359690963894,2.038298861638271e-08
edges_gain_only-s43,0.001,5,5.131398455322977e-05,3.129107482540558e-05,4.25325877055392e-05,0.0425325877055392,1.612026813795744e-08
edges_gain_only-s43,0.001,6,3.870528523728931e-05,3.0509818428565962e-05,3.488394863079514e-05,0.034883948630795136,1.3324901756107329e-08
edges_gain_only-s43,0.001,7,2.969086606271229e-05,2.9612442333781176e-05,2.9683194999364265e-05,0.029683194999364265,1.14763120013188e-08
edges_gain_only-s43,0.001,8,2.311502653896814e-05,2.8648904367177534e-05,2.605828511174457e-05,0.02605828511174457,1.0193194336812025e-08
edges_gain_only-s43,0.001,9,1.823125915019444e-05,2.765341636816901e-05,2.3449222345499016e-05,0.023449222345499017,9.273963185348308e-09
edges_gain_only-s43,0.001,10,1.4543107023178571e-05,2.6649595403071364e-05,2.1496183488596495e-05,0.021496183488596495,8.606528529453704e-09
edges_gain_only-s43,0.001,11,1.1714590692809363e-05,2.565362333308873e-05,1.9970830675061275e-05,0.019970830675061276,8.116375985740456e-09
edges_gain_only-s43,0.001,12,9.514819944868208e-06,2.4676424897809705e-05,1.8729771389983292e-05,0.01872977138998329,7.737474224583289e-09
edges_gain_only-s43,0.001,13,7.782618966442856e-06,2.3725212738222028e-05,1.7683132490722508e-05,0.01768313249072251,7.454074817532216e-09
edges_gain_only-s43,0.001,14,6.40366235155647e-06,2.2804583634362604e-05,1.6774158342566342e-05,0.01677415834256634,7.203552400901398e-09
edges_gain_only-s43,0.001,15,5.295544952894474e-06,2.1917292728129893e-05,1.5966451511385906e-05,0.015966451511385905,6.98551217813793e-09
edges_gain_only-s43,0.001,16,4.397913822840395e-06,2.1064799685974294e-05,1.523617390904989e-05,0.01523617390904989,6.80790777034476e-09
edges_gain_only-s43,0.001,17,3.665863784659488e-06,2.0247654195385673e-05,1.4567319500066648e-05,0.014567319500066648,6.6601670289607745e-09
edges_gain_only-s43,0.001,18,3.0654650948742756e-06,1.9465769083816158e-05,1.3948842041344075e-05,0.013948842041344075,6.531021217153045e-09
edges_gain_only-s43,0.001,19,2.570701799647456e-06,1.8718614689064805e-05,1.3372893571730358e-05,0.013372893571730358,6.41357790753063e-09
edges_gain_only-s43,0.001,20,2.1613526602091777e-06,1.8005357950845906e-05,1.2833729299097506e-05,0.012833729299097506,6.283590322568947e-09
edges_gain_only-s43,0.001,21,1.8215076907312147e-06,1.732496236212171e-05,1.2327015738058728e-05,0.012327015738058727,6.175741467739457e-09
edges_gain_only-s43,0.001,22,1.538516149925306e-06,1.6676260182712256e-05,1.1849386007547088e-05,0.011849386007547088,6.077813115069558e-09
edges_gain_only-s43,0.001,23,1.3022297581060694e-06,1.605800466356817e-05,1.1398148838382913e-05,0.011398148838382912,5.988413801659099e-09
edges_gain_only-s43,0.001,24,1.1044491100600453e-06,1.546890810467164e-05,1.0971094982620234e-05,0.010971094982620234,5.8953561316305026e-09
edges_gain_only-s43,0.001,25,9.385115323204435e-07,1.4907669286242121e-05,1.0566366125488829e-05,0.010566366125488828,5.828544046207529e-09
edges_gain_only-s43,0.001,26,7.989786915589091e-07,1.437299347676999e-05,1.0182364985070118e-05,0.010182364985070117,5.749916977771042e-09
edges_gain_only-s43,0.001,27,6.813954835768669e-07,1.3863606671504754e-05,9.817692630392308e-06,0.009817692630392307,5.6695653765817195e-09
edges_gain_only-s43,0.001,28,5.82101461497132e-07,1.3378265797068687e-05,9.471104388079005e-06,0.009471104388079004,5.596165229094935e-09
edges_gain_only-s43,0.001,29,4.980813125322871e-07,1.2915765748131382e-05,9.141478345103608e-06,0.009141478345103609,5.5394706933600685e-09
edges_gain_only-s43,0.001,30,4.26845259351457e-07,1.2474944153138463e-05,8.827792636189942e-06,0.008827792636189942,5.466950846252766e-09
edges_gain_only-s43,0.001,31,3.663328705443864e-07,1.2054684353371932e-05,8.529108804893756e-06,0.008529108804893756,5.3958518587311584e-09
edges_gain_only-s43,0.001,32,3.148352379880173e-07,1.1653917078893188e-05,8.24455944614006e-06,0.00824455944614006,5.3344011107717755e-09
edges_gain_only-s43,0.001,33,2.7093185079730734e-07,1.127162118415057e-05,7.973338900713212e-06,0.007973338900713212,5.27745266326594e-09
edges_gain_only-s43,0.001,34,2.3343931431116783e-07,1.0906823638906503e-05,7.714696089453327e-06,0.007714696089453327,5.2222284862970885e-09
edges_gain_only-s43,0.001,35,2.0136954744205607e-07,1.0558598898427007e-05,7.467928825598516e-06,0.007467928825598516,5.161751900930886e-09
edges_gain_only-s43,0.001,36,1.7389574434201013e-07,1.0226067909178023e-05,7.232379258415261e-06,0.00723237925841526,5.102095257343636e-09
edges_gain_only-s43,0.001,37,1.5032452007161158e-07,9.908396891832886e-06,7.007430164723371e-06,0.007007430164723371,5.039438244851017e-09
edges_gain_only-s43,0.001,38,1.3007314663971327e-07,9.604795835026683e-06,6.7925017708447324e-06,0.006792501770844732,4.980674457261848e-09
edges_gain_only-s43,0.001,39,1.1265085061765294e-07,9.314516902314526e-06,6.587049050264101e-06,0.006587049050264101,4.926425564685686e-09
edges_gain_only-s43,0.001,40,9.764347767860646e-08,9.036852690293766e-06,6.390559312252002e-06,0.006390559312252002,4.877148804815519e-09
edges_gain_only-s43,0.001,41,8.47008384979888e-08,8.771134523391675e-06,6.202550108406459e-06,0.006202550108406459,4.824912814729614e-09
edges_gain_only-s43,0.001,42,7.352627409382357e-08,8.516730647054714e-06,6.022567284805466e-06,0.006022567284805465,4.773426252663717e-09
edges_gain_only-s43,0.001,43,6.386800414968155e-08,8.273044518970223e-06,5.8501832653118226e-06,0.005850183265311822,4.721442032100345e-09
edges_gain_only-s43,0.001,44,5.5511964548023385e-08,8.03951301477574e-06,5.684995396183241e-06,0.005684995396183241,4.676942812612389e-09
edges_gain_only-s43,0.001,45,4.827584376434974e-08,7.815604777775994e-06,5.526624483748568e-06,0.005526624483748567,4.63307050870104e-09
edges_gain_only-s43,0.001,46,4.200411458973549e-08,7.600818533354097e-06,5.374713376364739e-06,0.005374713376364739,4.590999461593542e-09
edges_gain_only-s43,0.001,47,3.656387992181336e-08,7.394681506016961e-06,5.2289256713130215e-06,0.005228925671313021,4.551168850928919e-09
edges_gain_only-s43,0.001,48,3.184140275754116e-08,7.1967478601518345e-06,5.0889444784832106e-06,0.00508894447848321,4.51576901364891e-09
edges_gain_only-s43,0.001,49,2.7739193760192972e-08,7.006597247104297e-06,4.954471289722961e-06,0.004954471289722961,4.4765283230586765e-09
edges_gain_only-s43,0.001,50,2.4173565811746133e-08,6.8238333578114495e-06,4.825224875513176e-06,0.004825224875513176,4.4368081263518984e-09
edges_gain_only-s43,0.001,51,2.1072575915698368e-08,6.648082579677291e-06,4.700940273321126e-06,0.004700940273321126,4.396961903410119e-09
edges_gain_only-s43,0.001,52,1.8374290802584813e-08,6.47899268554182e-06,4.581367812505097e-06,0.004581367812505097,4.35722338340419e-09
edges_gain_only-s43,0.001,53,1.602532555018614e-08,6.316231595675031e-06,4.4662722015579035e-06,0.0044662722015579035,4.321265324657887e-09
edges_gain_only-s43,0.001,54,1.3979604129662136e-08,6.159486260902114e-06,4.355431709267612e-06,0.0043554317092676115,4.283990108782033e-09
edges_gain_only-s43,0.001,55,1.219731258055196e-08,6.00846150523878e-06,4.248637323678427e-06,0.004248637323678427,4.251834426671637e-09
edges_gain_only-s43,0.001,56,1.064401083164961e-08,5.862878978401286e-06,4.145691993727698e-06,0.004145691993727698,4.221562649693668e-09
edges_gain_only-s43,0.001,57,9.289874837687636e-09,5.722476166057949e-06,4.046409915580942e-06,0.004046409915580942,4.1871527708861115e-09
edges_gain_only-s43,0.001,58,8.109056146968332e-09,5.587005460044463e-06,3.950615864401404e-06,0.003950615864401404,4.1494959221034874e-09
edges_gain_only-s43,0.001,59,7.079130205004188e-09,5.456233257107068e-06,3.8581445486314866e-06,0.0038581445486314866,4.120626094423756e-09
edges_gain_only-s43,0.001,60,6.180628929702249e-09,5.3299391100956065e-06,3.768840003209325e-06,0.003768840003209325,4.091710159315054e-09
edges_gain_only-s43,0.001,61,5.396638474411043e-09,5.207914951717738e-06,3.6825550355231574e-06,0.0036825550355231574,4.060616181073993e-09
edges_gain_only-s43,0.001,62,4.712454464356616e-09,5.089964361344033e-06,3.5991507029297854e-06,0.0035991507029297853,4.030066804245769e-09
edges_gain_only-s43,0.001,63,4.115286233446552e-09,4.97590184069661e-06,3.518495797431816e-06,0.003518495797431816,4.001322359485374e-09
edges_gain_only-s43,0.001,64,3.5940019769848348e-09,4.865552147879469e-06,3.4404663722941033e-06,0.003440466372294103,3.969576526292084e-09
edges_gain_only-s43,0.001,65,3.1389089907502058e-09,4.7587497127826065e-06,3.3649453267364905e-06,0.0033649453267364906,3.940463525271458e-09
edges_gain_only-s43,0.001,66,2.74156452726349e-09,4.655337998311834e-06,3.2918219527405427e-06,0.0032918219527405426,3.9096221373936974e-09
edges_gain_only-s43,0.001,67,2.3946114152148747e-09,4.5551690042126246e-06,3.2209915830132317e-06,0.0032209915830132317,3.877619475657401e-09
edges_gain_only-s43,0.001,68,2.0916367546867597e-09,4.458102728685176e-06,3.152355209363005e-06,0.003152355209363005,3.848526894250993e-09
edges_gain_only-s43,0.001,69,1.8270489167780037e-09,4.364006681418491e-06,3.085819137635791e-06,0.003085819137635791,3.8255392239258205e-09
edges_gain_only-s43,0.001,70,1.5959714389178315e-09,4.272755446547357e-06,3.0212946781100103e-06,0.0030212946781100103,3.79642039833423e-09
edges_gain_only-s43,0.001,71,1.3941502736231304e-09,4.184230239588627e-06,2.9586978317576163e-06,0.0029586978317576165,3.770202130553797e-09
edges_gain_only-s43,0.001,72,1.217873893298989e-09,4.098318512855726e-06,2.8979490108816634e-06,0.0028979490108816636,3.743993401549402e-09
edges_gain_only-s43,0.001,73,1.0639033168522127e-09,4.014913581650046e-06,2.838972774520843e-06,0.002838972774520843,3.7164686492150127e-09
edges_gain_only-s43,0.001,74,9.294116791246437e-10,3.933914283544054e-06,2.7816975873130073e-06,0.0027816975873130073,3.686351091048678e-09
edges_gain_only-s43,0.001,75,8.119314340064211e-10,3.855224650558033e-06,2.726055587522214e-06,0.002726055587522214,3.659009966743042e-09
edges_gain_only-s43,0.001,76,7.093083604632603e-10,3.778753575325014e-06,2.671982350851148e-06,0.002671982350851148,3.631036648780537e-09
edges_gain_only-s43,0.001,77,6.196616955067072e-10,3.704414553636103e-06,2.6194167082911713e-06,0.0026194167082911712,3.6035167892531526e-09
edges_gain_only-s43,0.001,78,5.413492008308279e-10,3.632125401005246e-06,2.5683005456235456e-06,0.0025683005456235454,3.5794787984063263e-09
edges_gain_only-s43,0.001,79,4.729368194150949e-10,3.5618079921510185e-06,2.5185786191428923e-06,0.0025185786191428924,3.552823099761912e-09
edges_gain_only-s43,0.001,80,4.1317219885230537e-10,3.493388035372206e-06,2.4701983960679153e-06,0.0024701983960679153,3.524726945455759e-09
edges_gain_only-s43,0.001,81,3.609616238528562e-10,3.4267948551970093e-06,2.4231099008131127e-06,0.0024231099008131126,3.4968981913899006e-09
edges_gain_only-s43,0.001,82,3.1534983512087967e-10,3.3619611640304486e-06,2.377265553489362e-06,0.002377265553489362,3.4724760306227093e-09
edges_gain_only-s43,0.001,83,2.755025019108492e-10,3.2988228860166254e-06,2.3326200453325185e-06,0.0023326200453325186,3.447810194287762e-09
edges_gain_only-s43,0.001,84,2.4069086682578913e-10,3.23731896785386e-06,2.289130204911376e-06,0.002289130204911376,3.423275357593553e-09
edges_gain_only-s43,0.001,85,2.1027835737606115e-10,3.177391211466457e-06,2.246754879794582e-06,0.002246754879794582,3.40216250071234e-09
edges_gain_only-s43,0.001,86,1.8370893184529043e-10,3.1189841057828507e-06,2.2054548175887732e-06,0.002205454817588773,3.3789953161688318e-09
edges_gain_only-s43,0.001,87,1.6049686198742455e-10,3.0620446815319293e-06,2.165192563255452e-06,0.0021651925632554516,3.3552894526633716e-09
edges_gain_only-s43,0.001,88,1.4021783677530054e-10,3.006522371505887e-06,2.1259323602951697e-06,0.0021259323602951696,3.330909855976439e-09
edges_gain_only-s43,0.001,89,1.2250119018765124e-10,2.952368875646723e-06,2.0876400553440303e-06,0.00208764005534403,3.3070379420099675e-09
edges_gain_only-s43,0.001,90,1.0702311615919958e-10,2.899538042939581e-06,2.0502830146555727e-06,0.0020502830146555727,3.2821321949229705e-09
edges_gain_only-s43,0.001,91,9.350073667541118e-11,2.8479857440713935e-06,2.0138300340536477e-06,0.002013830034053648,3.2590018004730797e-09
edges_gain_only-s43,0.001,92,8.168692643771516e-11,2.7976697721466497e-06,1.9782512687253724e-06,0.001978251268725372,3.2375723342826146e-09
edges_gain_only-s43,0.001,93,7.136579615457233e-11,2.7485497471562214e-06,1.9435181656684477e-06,0.0019435181656684477,3.216001681021593e-09
edges_gain_only-s43,0.001,94,6.234873643763119e-11,2.700586996049484e-06,1.9096033788878338e-06,0.0019096033788878338,3.1918392919810657e-09
edges_gain_only-s43,0.001,95,5.447097430545855e-11,2.653744481842554e-06,1.8764807192665248e-06,0.0018764807192665248,3.1696715664983555e-09
edges_gain_only-s43,0.001,96,4.758855731316658e-11,2.607986715565201e-06,1.8441250923016924e-06,0.0018441250923016924,3.146618458678718e-09
edges_gain_only-s43,0.001,97,4.1575724129053514e-11,2.5632796766529367e-06,1.8125124418126796e-06,0.0018125124418126796,3.1246037682071247e-09
edges_gain_only-s43,0.001,98,3.6322603371006984e-11,2.519590726985941e-06,1.781619689156786e-06,0.001781619689156786,3.101221436415522e-09
edges_gain_only-s43,0.001,99,3.1733206962610816e-11,2.4768885626513295e-06,1.7514246991196046e-06,0.0017514246991196046,3.0784653183109926e-09
edges_gain_only-s43,0.001,100,2.7723674828775446e-11,2.4351431295769576e-06,1.7219062202587757e-06,0.0017219062202587757,3.0568738511342073e-09
edges_gain_only-s43,0.001,101,2.4220743171239622e-11,2.3943255672229918e-06,1.6930438450876512e-06,0.001693043845087651,3.0342818127186552e-09
edges_gain_only-s43,0.001,102,2.1160404298494472e-11,2.3544081450851434e-06,1.6648179651760981e-06,0.0016648179651760982,3.0129928905480553e-09
edges_gain_only-s43,0.001,103,1.848673724727176e-11,2.31536421432858e-06,1.637209736950347e-06,0.001637209736950347,2.991771732850217e-09
edges_gain_only-s43,0.001,104,1.6150887580135913e-11,2.2771681532744844e-06,1.610201043146048e-06,0.001610201043146048,2.970045210086947e-09
edges_gain_only-s43,0.001,105,1.4110173034380898e-11,2.2397953165668765e-06,1.583774456863685e-06,0.001583774456863685,2.948375969580522e-09
edges_gain_only-s43,0.001,106,1.2327303962988058e-11,2.2032219952337716e-06,1.5579132133274783e-06,0.0015579132133274783,2.926836373431581e-09
edges_gain_only-s43,0.001,107,1.0769702352692881e-11,2.1674253540821957e-06,1.532601165616916e-06,0.001532601165616916,2.9064388337587543e-09
edges_gain_only-s43,0.001,108,9.408905699313223e-12,2.1323834223730802e-06,1.5078227780728627e-06,0.0015078227780728627,2.8844916570229958e-09
edges_gain_only-s43,0.001,109,8.220048135519514e-12,2.0980750197409975e-06,1.4835630739148674e-06,0.0014835630739148673,2.864020626785291e-09
edges_gain_only-s43,0.001,110,7.181405333759577e-12,2.064479744693419e-06,1.459807627108884e-06,0.001459807627108884,2.8434745591629887e-09
edges_gain_only-s43,0.001,111,6.2739977278695045e-12,2.031577930673024e-06,1.4365425312986087e-06,0.0014365425312986087,2.82323147546222e-09
edges_gain_only-s43,0.001,112,5.481243808714025e-12,1.9993506118116087e-06,1.4137543755898235e-06,0.0014137543755898235,2.802050087155328e-09
edges_gain_only-s43,0.001,113,4.788656994051266e-12,1.967779493333686e-06,1.3914302236225652e-06,0.001391430223622565,2.7818501892344502e-09
edges_gain_only-s43,0.001,114,4.1835811461223725e-12,1.9368469197819993e-06,1.36955759110316e-06,0.0013695575911031599,2.762869616144428e-09
edges_gain_only-s43,0.001,115,3.6549591194708735e-12,1.9065358551384162e-06,1.3481244317475693e-06,0.0013481244317475694,2.743033507220922e-09
edges_gain_only-s43,0.001,116,3.193130829586313e-12,1.8768298439278538e-06,1.3271191097777011e-06,0.0013271191097777011,2.7238782326474723e-09
edges_gain_only-s43,0.001,117,2.7896568411942672e-12,1.8477129945830465e-06,1.3065303881585212e-06,0.0013065303881585211,2.7040905753558888e-09
edges_gain_only-s43,0.001,118,2.437163842969589e-12,1.8191699571167362e-06,1.2863474128099049e-06,0.001286347412809905,2.683908192200937e-09
edges_gain_only-s43,0.001,119,2.12921032668917e-12,1.7911858920952632e-06,1.266559690667647e-06,0.001266559690667647,2.6638362453934244e-09
edges_gain_only-s43,0.001,120,1.860168546028423e-12,1.7637464562481598e-06,1.24715707950791e-06,0.0012471570795079098,2.6442635302718863e-09
edges_gain_only-s43,0.001,121,1.6251218466047795e-12,1.7368377793051633e-06,1.2281297715685133e-06,0.0012281297715685132,2.6265589153708266e-09
edges_gain_only-s43,0.001,122,1.4197747772083207e-12,1.7104464468003228e-06,1.2094682813896007e-06,0.0012094682813896006,2.6077668495740522e-09
edges_gain_only-s43,0.001,123,1.2403746758679614e-12,1.6845594768769774e-06,1.1911634294122835e-06,0.0011911634294122834,2.5878911781275097e-09
edges_gain_only-s43,0.001,124,1.083643010824378e-12,1.659164305310381e-06,1.1732063313880326e-06,0.0011732063313880327,2.5688724030673797e-09
edges_gain_only-s43,0.001,125,9.467155143816128e-13,1.6342487762429122e-06,1.1555883918274859e-06,0.001155588391827486,2.5496559323414298e-09
edges_gain_only-s43,0.001,126,8.27089817635489e-13,1.6098011091965709e-06,1.1383012806747583e-06,0.0011383012806747582,2.5305461433337445e-09
edges_gain_only-s43,0.001,127,7.225797311570673e-13,1.585809900703735e-06,1.1213369344605603e-06,0.0011213369344605603,2.511332082606252e-09
edges_gain_only-s43,0.001,128,6.312753176922853e-13,1.562264101664319e-06,1.1046875402912926e-06,0.0011046875402912926,2.4924880089182723e-09
edges_gain_only-s43,0.001,129,5.515079414452807e-13,1.539153005515659e-06,1.0883455274838884e-06,0.0010883455274838885,2.474989399838867e-09
edges_gain_only-s43,0.001,130,4.81819830358271e-13,1.5164662351556296e-06,1.072303558319065e-06,0.001072303558319065,2.4575526337639567e-09
edges_gain_only-s43,0.001,131,4.2093739416206684e-13,1.4941937293649624e-06,1.0565545184404484e-06,0.0010565545184404485,2.4399797045270304e-09
edges_gain_only-s43,0.001,132,3.6774798170927433e-13,1.472325732327574e-06,1.0410915094443284e-06,0.0010410915094443284,2.4218074752917883e-09
edges_gain_only-s43,0.001,133,3.212795108207576e-13,1.450852780526359e-06,1.0259078396135857e-06,0.0010259078396135856,2.404218483784941e-09
edges_gain_only-s43,0.001,134,2.806827418966394e-13,1.4297656943850177e-06,1.0109970180075696e-06,0.0010109970180075696,2.3871486167586378e-09
edges_gain_only-s43,0.001,135,2.452157409119492e-13,1.409055564460768e-06,9.963527446988714e-07,0.0009963527446988714,2.369215823676909e-09
edges_gain_only-s43,0.001,136,2.1423031830040683e-13,1.3887137446434783e-06,9.819689059643856e-07,0.0009819689059643855,2.3511512185705737e-09
edges_gain_only-s43,0.001,137,1.8716019442943506e-13,1.3687318429623343e-06,9.678395677846415e-07,0.0009678395677846414,2.3346237629203543e-09
edges_gain_only-s43,0.001,138,1.6351063240145383e-13,1.349101708849071e-06,9.539589668375486e-07,0.0009539589668375486,2.316905007866981e-09
edges_gain_only-s43,0.001,139,1.428494176639528e-13,1.3298154259973676e-06,9.403215054492248e-07,0.0009403215054492247,2.2996998674888226e-09
edges_gain_only-s43,0.001,140,1.2479894741883933e-13,1.3108653063645674e-06,9.269217473525735e-07,0.0009269217473525735,2.2837127566000594e-09
edges_gain_only-s43,0.001,141,1.090293251241624e-13,1.2922438790210752e-06,9.137544098026157e-07,0.0009137544098026157,2.266900516137428e-09
edges_gain_only-s43,0.001,142,9.525235074945179e-14,1.2739438861955494e-06,9.008143607800204e-07,0.0009008143607800203,2.2495974690860393e-09
edges_gain_only-s43,0.001,143,8.321623245861623e-14,1.25595827282205e-06,8.880966115998187e-07,0.0008880966115998186,2.2335418239813414e-09
edges_gain_only-s43,0.001,144,7.270099747352422e-14,1.238280179635455e-06,8.755963120291289e-07,0.000875596312029129,2.2161533947301513e-09
edges_gain_only-s43,0.001,145,6.35144694475975e-14,1.2209029351726588e-06,8.633087446311487e-07,0.0008633087446311488,2.199635398671741e-09
edges_gain_only-s43,0.001,146,5.5488751034772644e-14,1.203820056863882e-06,8.512293255368278e-07,0.0008512293255368279,2.18378341913251e-09
edges_gain_only-s43,0.001,147,4.8477163607135296e-14,1.1870252332802978e-06,8.393535918920431e-07,0.000839353591892043,2.1679153133032135e-09
edges_gain_only-s43,0.001,148,4.2351562117906704e-14,1.1705123283990763e-06,8.276772048734428e-07,0.0008276772048734428,2.1514126295271116e-09
edges_gain_only-s43,0.001,149,3.699999303125735e-14,1.1542753719864254e-06,8.161959428882267e-07,0.0008161959428882267,2.1353217649369526e-09
edges_gain_only-s43,0.001,150,3.2324650239015385e-14,1.138308550812723e-06,8.049056953623086e-07,0.0008049056953623086,2.1188592745302127e-09
edges_gain_only-s43,0.001,151,2.8240085374984572e-14,1.1226062111402884e-06,7.938024644994356e-07,0.0007938024644994356,2.1026263022460715e-09
edges_gain_only-s43,0.001,152,2.467164813156286e-14,1.1071628415107195e-06,7.828823531099969e-07,0.0007828823531099968,2.0877921907758536e-09
edges_gain_only-s43,0.001,153,2.155412040917247e-14,1.0919730826631743e-06,7.721415716243092e-07,0.0007721415716243093,2.0728250209090888e-09
edges_gain_only-s43,0.001,154,1.8830524982792193e-14,1.077031711592589e-06,7.615764268200739e-07,0.0007615764268200739,2.0569622313321666e-09
edges_gain_only-s43,0.001,155,1.645108490012799e-14,1.0623336428590539e-06,7.51183322748245e-07,0.000751183322748245,2.0418499441824345e-09
edges_gain_only-s43,0.001,156,1.4372312372176178e-14,1.0478739212607497e-06,7.409587555520145e-07,0.0007409587555520145,2.0273513019662274e-09
edges_gain_only-s43,0.001,157,1.2556214934434538e-14,1.0336477208070441e-06,7.308993127406803e-07,0.0007308993127406804,2.0122899467164138e-09
edges_gain_only-s43,0.001,158,1.0969600931960345e-14,1.019650336974042e-06,7.210016677134933e-07,0.0007210016677134933,1.9970665636414145e-09
edges_gain_only-s43,0.001,159,9.58347243232327e-15,1.0058771848397677e-06,7.112625784410342e-07,0.0007112625784410343,1.9827442180479087e-09
edges_gain_only-s43,0.001,160,8.372496085067445e-15,9.923237958919609e-07,7.016788852079812e-07,0.0007016788852079811,1.9682987024864775e-09
edges_gain_only-s43,0.001,161,7.31453977061203e-15,9.789858115274467e-07,6.922475060164732e-07,0.0006922475060164732,1.9537675436029417e-09
edges_gain_only-s43,0.001,162,6.390267672800261e-15,9.658589857418547e-07,6.829654384880265e-07,0.0006829654384880265,1.939474262777593e-09
edges_gain_only-s43,0.001,163,5.582787393416327e-15,9.529391754054376e-07,6.738297529875017e-07,0.0006738297529875016,1.9249447062633115e-09
edges_gain_only-s43,0.001,164,4.877340951334036e-15,9.402223387693923e-07,6.648375915669127e-07,0.0006648375915669127,1.9105235591594835e-09
edges_gain_only-s43,0.001,165,4.261035421604999e-15,9.277045357320447e-07,6.559861681536464e-07,0.0006559861681536464,1.8964308456244392e-09
edges_gain_only-s43,0.001,166,3.722606705547173e-15,9.153819192454525e-07,6.472727624740158e-07,0.0006472727624740158,1.8821860266058906e-09
edges_gain_only-s43,0.001,167,3.2522143452241273e-15,9.03250738066943e-07,6.386947219988895e-07,0.0006386947219988895,1.868105821891223e-09
edges_gain_only-s43,0.001,168,2.8412612492160767e-15,8.913073305469486e-07,6.30249457551027e-07,0.000630249457551027,1.8544329136333612e-09
edges_gain_only-s43,0.001,169,2.4822365408925903e-15,8.795481209497776e-07,6.219344407034735e-07,0.0006219344407034735,1.8408252493269085e-09
edges_gain_only-s43,0.001,170,2.1685785410143147e-15,8.679696233285421e-07,6.137472065195455e-07,0.0006137472065195455,1.8272288689558483e-09
edges_gain_only-s43,0.001,171,1.8945546959114983e-15,8.565684294331059e-07,6.056853450024598e-07,0.0006056853450024598,1.8138328380416211e-09
edges_gain_only-s43,0.001,172,1.6551567719909905e-15,8.453412149787571e-07,5.977465055279542e-07,0.0005977465055279542,1.7997951121445177e-09
edges_gain_only-s43,0.001,173,1.4460093778936963e-15,8.34284730538995e-07,5.899283904045149e-07,0.0005899283904045149,1.7865275060587159e-09
edges_gain_only-s43,0.001,174,1.2632900720746628e-15,8.233958059403468e-07,5.822287579809818e-07,0.0005822287579809818,1.7738387543223243e-09
edges_gain_only-s43,0.001,175,1.103659372392292e-15,8.126713398617857e-07,5.746454152922261e-07,0.0005746454152922261,1.760672038254808e-09
edges_gain_only-s43,0.001,176,9.641997690942638e-16,8.021083082527811e-07,5.671762240116111e-07,0.0005671762240116111,1.747369617867778e-09
edges_gain_only-s43,0.001,177,8.423624228885847e-16,7.917037522814556e-07,5.598190919290518e-07,0.0005598190919290519,1.7343120833226496e-09
edges_gain_only-s43,0.001,178,7.359205787440741e-16,7.814547831577378e-07,5.525719763614994e-07,0.0005525719763614993,1.7219271318247593e-09
edges_gain_only-s43,0.001,179,6.429288416409023e-16,7.713585764177898e-07,5.45432880111421e-07,0.000545432880111421,1.7092973058123443e-09
edges_gain_only-s43,0.001,180,5.616876415862749e-16,7.614123718427981e-07,5.383998514093756e-07,0.0005383998514093756,1.6963354151291013e-09
edges_gain_only-s43,0.001,181,4.907121643047096e-16,7.5161346909418e-07,5.314709808276402e-07,0.0005314709808276402,1.6840110825481474e-09
edges_gain_only-s43,0.001,182,4.2870522564272786e-16,7.41959233973482e-07,5.246444057066254e-07,0.0005246444057066254,1.6719476655872404e-09
edges_gain_only-s43,0.001,183,3.7453355524413415e-16,7.324470846791941e-07,5.179183004369755e-07,0.0005179183004369755,1.6597917153627195e-09
edges_gain_only-s43,0.001,184,3.272070739709517e-16,7.230744983415559e-07,5.112908810803752e-07,0.0005112908810803752,1.647328044943323e-09
edges_gain_only-s43,0.001,185,2.858608170162644e-16,7.138390101193208e-07,5.047604047308642e-07,0.0005047604047308642,1.6347926794907916e-09
edges_gain_only-s43,0.001,186,2.497391187038579e-16,7.047382063173786e-07,4.983251646482626e-07,0.0004983251646482626,1.6225415029147602e-09
edges_gain_only-s43,0.001,187,2.181818022902103e-16,6.957697275824992e-07,4.91983492517902e-07,0.000491983492517902,1.6102053686903897e-09
edges_gain_only-s43,0.001,188,1.9061209995849724e-16,6.869312638889101e-07,4.857337549048941e-07,0.0004857337549048941,1.59827140241997e-09
edges_gain_only-s43,0.001,189,1.6652613730809851e-16,6.782205562661265e-07,4.795743544758904e-07,0.0004795743544758904,1.5866204661250092e-09
edges_gain_only-s43,0.001,190,1.4548370228636633e-16,6.696353945142201e-07,4.7350372838353405e-07,0.00047350372838353405,1.574869176846168e-09
edges_gain_only-s43,0.001,191,1.2710021309120569e-16,6.611736164200255e-07,4.675203477122332e-07,0.00046752034771223316,1.5634242043611246e-09
edges_gain_only-s43,0.001,192,1.110396829565761e-16,6.528331039458457e-07,4.6162271478316976e-07,0.00046162271478316974,1.5517591118408818e-09
edges_gain_only-s43,0.001,193,9.700857897907089e-17,6.446117846304785e-07,4.558093641449736e-07,0.00045580936414497356,1.5400614635166463e-09
edges_gain_only-s43,0.001,194,8.475046294953671e-17,6.365076297662452e-07,4.5007886128468837e-07,0.00045007886128468834,1.527825594162584e-09
edges_gain_only-s43,0.001,195,7.404129499780149e-17,6.285186538337562e-07,4.444298022280893e-07,0.0004444298022280893,1.5158459101731288e-09
edges_gain_only-s43,0.001,196,6.468534986908259e-17,6.206429099872699e-07,4.388608103473506e-07,0.0004388608103473506,1.504909504718058e-09
edges_gain_only-s43,0.001,197,5.651163380009875e-17,6.128784940949917e-07,4.333705392179681e-07,0.0004333705392179681,1.4934896082748835e-09
edges_gain_only-s43,0.001,198,4.9370757254698575e-17,6.052235422589708e-07,4.279576708650612e-07,0.00042795767086506117,1.4821498937098273e-09
edges_gain_only-s43,0.001,199,4.313221041458953e-17,5.976762267651117e-07,4.2262091289959926e-07,0.00042262091289959925,1.4708730270558131e-09
edges_gain_only-s43,0.001,200,3.768197316209156e-17,5.902347569255732e-07,4.173589991140664e-07,0.0004173589991140664,1.459767130119347e-09
edges_gain_only-s43,0.001,201,3.2920435165608167e-17,5.82897382635653e-07,4.121706919975599e-07,0.0004121706919975599,1.4490486119072397e-09
edges_gain_only-s43,0.001,202,2.8760570294584346e-17,5.756623843460913e-07,4.0705477564513787e-07,0.00040705477564513786,1.438127455194059e-09
edges_gain_only-s43,0.001,203,2.512635073785622e-17,5.685280791432435e-07,4.0201006005714973e-07,0.00040201006005714975,1.4272119067464796e-09
edges_gain_only-s43,0.001,204,2.1951355676029693e-17,5.614928180937708e-07,3.9703537926164994e-07,0.0003970353792616499,1.4166660835256408e-09
edges_gain_only-s43,0.001,205,1.9177556164626386e-17,5.545549857875912e-07,3.921295909912151e-07,0.0003921295909912151,1.4061713189452111e-09
edges_gain_only-s43,0.001,206,1.6754257425670954e-17,5.477129984783515e-07,3.872915753680595e-07,0.0003872915753680595,1.3953040502761013e-09
edges_gain_only-s43,0.001,207,1.4637169732442737e-17,5.409653022553429e-07,3.8252023361138326e-07,0.00038252023361138324,1.3849208864118703e-09
edges_gain_only-s43,0.001,208,1.2787599515738418e-17,5.343103767046217e-07,3.7781449062617673e-07,0.0003778144906261767,1.3740466019982417e-09
edges_gain_only-s43,0.001,209,1.1171743439313835e-17,5.277467284684525e-07,3.7317329044905835e-07,0.00037317329044905833,1.363574531197567e-09
edges_gain_only-s43,0.001,210,9.760068820447558e-18,5.212728956166086e-07,3.6859559933925123e-07,0.00036859559933925123,1.3530941171072291e-09
edges_gain_only-s43,0.001,211,8.526774937539835e-18,5.14887444327276e-07,3.640804034316278e-07,0.0003640804034316278,1.3427597540610814e-09
edges_gain_only-s43,0.001,212,7.449321562274655e-18,5.085889659666259e-07,3.596267066716555e-07,0.0003596267066716555,1.3326964134177038e-09
edges_gain_only-s43,0.001,213,6.5080163582174456e-18,5.02376082139403e-07,3.552335343867019e-07,0.0003552335343867019,1.3225720416816846e-09
edges_gain_only-s43,0.001,214,5.685655642689758e-18,4.962474403604117e-07,3.50899930225314e-07,0.000350899930225314,1.3130114168917654e-09
edges_gain_only-s43,0.001,215,4.967209446980567e-18,4.902017125017938e-07,3.4662495505927684e-07,0.00034662495505927686,1.3031208986503078e-09
edges_gain_only-s43,0.001,216,4.339547017396901e-18,4.842375965248028e-07,3.4240768820816347e-07,0.00034240768820816345,1.2931040791836048e-09
edges_gain_only-s43,0.001,217,3.791196635787817e-18,4.783538163590595e-07,3.3824722735395543e-07,0.00033824722735395545,1.2833829964074056e-09
edges_gain_only-s43,0.001,218,3.3121365521311112e-18,4.7254911817988985e-07,3.3414268590872336e-07,0.0003341426859087234,1.2739113676909827e-09
edges_gain_only-s43,0.001,219,2.89361096756805e-18,4.6682227286874063e-07,3.300931947544034e-07,0.00033009319475440336,1.2644423435923618e-09
edges_gain_only-s43,0.001,220,2.5279708703338193e-18,4.611720728542029e-07,3.2609790000906346e-07,0.00032609790000906344,1.2548936781713074e-09
edges_gain_only-s43,0.001,221,2.2085335004416543e-18,4.55597336079381e-07,3.221559658322569e-07,0.00032215596583225686,1.2451654594491856e-09
edges_gain_only-s43,0.001,222,1.9294605721621688e-18,4.500968982357012e-07,3.1826656893349574e-07,0.00031826656893349574,1.2356059636357607e-09
edges_gain_only-s43,0.001,223,1.685651637029822e-18,4.446696205283689e-07,3.144289040632584e-07,0.0003144289040632584,1.2261302552870217e-09
edges_gain_only-s43,0.001,224,1.4726506568252068e-18,4.3931438264797935e-07,3.106421790431679e-07,0.0003106421790431679,1.2169120665196876e-09
edges_gain_only-s43,0.001,225,1.2865647718693729e-18,4.3403008537065936e-07,3.0690561660456936e-07,0.0003069056166045694,1.207605657800477e-09
edges_gain_only-s43,0.001,226,1.123992905562154e-18,4.28815650001995e-07,3.0321845399532786e-07,0.00030321845399532783,1.1982634666445389e-09
edges_gain_only-s43,0.001,227,9.819638531394727e-19,4.236700170139358e-07,2.9957994201597397e-07,0.000299579942015974,1.1888800884518915e-09
edges_gain_only-s43,0.001,228,8.578817204132885e-19,4.185921461152629e-07,2.959893450695325e-07,0.0002959893450695325,1.1797289572695255e-09
edges_gain_only-s43,0.001,229,7.494787583696414e-19,4.1358101665046064e-07,2.9244594144356717e-07,0.00029244594144356716,1.170864922320291e-09
edges_gain_only-s43,0.001,230,6.547737405851109e-19,4.086356246271045e-07,2.889490212082261e-07,0.0002889490212082261,1.1620589091543453e-09
edges_gain_only-s43,0.001,231,5.720357512349218e-19,4.0375498541983106e-07,2.854978881282381e-07,0.0002854978881282381,1.1533128063694486e-09
edges_gain_only-s43,0.001,232,4.997526227337733e-19,3.989381316002384e-07,2.8209185812841996e-07,0.00028209185812841993,1.144453325374085e-09
edges_gain_only-s43,0.001,233,4.366032813598022e-19,3.941841128259692e-07,2.7873025921524594e-07,0.00027873025921524593,1.1356359720583418e-09
edges_gain_only-s43,0.001,234,3.8143357546633484e-19,3.8949199570253285e-07,2.7541243137914257e-07,0.0002754124313791426,1.126683616294545e-09
edges_gain_only-s43,0.001,235,3.332351698332507e-19,3.848608631484501e-07,2.7213772614557697e-07,0.000272137726145577,1.1180661602763498e-09
edges_gain_only-s43,0.001,236,2.911271763334252e-19,3.8028981391352486e-07,2.689055062344237e-07,0.00026890550623442374,1.1091761553905492e-09
edges_gain_only-s43,0.001,237,2.5434000212144495e-19,3.757779624753314e-07,2.657151454867708e-07,0.0002657151454867708,1.1006413158047584e-09
edges_gain_only-s43,0.001,238,2.2220129682666516e-19,3.7132443958219727e-07,2.6256602924886616e-07,0.0002625660292488662,1.0920169892706709e-09
edges_gain_only-s43,0.001,239,1.941236738300242e-19,3.6692839039792263e-07,2.59457553060236e-07,0.000259457553060236,1.0839894569072587e-09
edges_gain_only-s43,0.001,240,1.695939715697605e-19,3.6258897515951717e-07,2.563891231187752e-07,0.0002563891231187752,1.0756736508766032e-09
edges_gain_only-s43,0.001,241,1.4816387471022793e-19,3.583053690037098e-07,2.533601561580714e-07,0.0002533601561580714,1.06758341962584e-09
edges_gain_only-s43,0.001,242,1.294417126431259e-19,3.540767595519506e-07,2.5037007773974294e-07,0.00025037007773974295,1.0593828119632962e-09
edges_gain_only-s43,0.001,243,1.1308530344438893e-19,3.4990235014024185e-07,2.4741832453727473e-07,0.0002474183245372747,1.0512583994607422e-09
edges_gain_only-s43,0.001,244,9.879570703597729e-20,3.4578135695645527e-07,2.445043423117957e-07,0.0002445043423117957,1.0434068583636114e-09
edges_gain_only-s43,0.001,245,8.631176335085556e-20,3.4171300994544385e-07,2.416275865520895e-07,0.00024162758655208951,1.0354526680175412e-09
edges_gain_only-s43,0.001,246,7.540530601686433e-20,3.3769655175973693e-07,2.3878752173262393e-07,0.00023878752173262392,1.0274806544054308e-09
edges_gain_only-s43,0.001,247,6.58770020444192e-20,3.3373123674512937e-07,2.359836205962541e-07,0.0002359836205962541,1.0194983144810175e-09
edges_gain_only-s43,0.001,248,5.755270527872946e-20,3.298163332293718e-07,2.3321536577257085e-07,0.00023321536577257084,1.0117111525362387e-09
edges_gain_only-s43,0.001,249,5.0280276191240686e-20,3.2595112225606645e-07,2.3048224888262997e-07,0.00023048224888262995,1.0037773292995541e-09
edges_gain_only-s43,0.001,250,4.392680089514249e-20,3.2213489435985507e-07,2.2778376825866565e-07,0.00022778376825866565,9.960858275158222e-10
edges_gain_only-s43,0.001,251,3.8376157755615974e-20,3.1836695473999077e-07,2.251194326023581e-07,0.0002251194326023581,9.886197015547029e-10
edges_gain_only-s43,0.001,252,3.352690041033074e-20,3.1464661903211075e-07,2.224887579950257e-07,0.00022248875799502568,9.81007671687967e-10
edges_gain_only-s43,0.001,253,2.929040144764714e-20,3.10973213907936e-07,2.1989126832167634e-07,0.00021989126832167635,9.732726447029969e-10
edges_gain_only-s43,0.001,254,2.5589231387917585e-20,3.0734607695724693e-07,2.1732649518755183e-07,0.00021732649518755182,9.653685813741396e-10
edges_gain_only-s43,0.001,255,2.235574543276332e-20,3.03764557228846e-07,2.1479397830064612e-07,0.00021479397830064613,9.577302929159291e-10
edges_gain_only-s43,0.001,256,1.9530846415792093e-20,3.00228013871018e-07,2.1229326451036566e-07,0.00021229326451036566,9.502580850428472e-10
edges_gain_only-s43,1.0,0,0.4037593577607303,0.017776958046549496,0.2857775701631832,0.2857775701631832,0.08945845339722035
edges_gain_only-s43,1.0,1,0.18197254119750286,0.022729450659459756,0.12967414268716274,0.12967414268716274,0.04115209091674692
edges_gain_only-s43,1.0,2,0.10811622764935576,0.02416651663664623,0.07833928770224595,0.07833928770224595,0.02507057142047399
edges_gain_only-s43,1.0,3,0.07314610023061995,0.02443634244333719,0.0545422283555302,0.0545422283555302,0.017580173798532148
edges_gain_only-s43,1.0,4,0.05241010525674896,0.024225171072462113,0.040846037071660186,0.040846037071660186,0.013219215853108842
edges_gain_only-s43,1.0,5,0.03869048922939594,0.023767652235092564,0.03213271186583667,0.03213271186583667,0.010415343039109745
edges_gain_only-s43,1.0,6,0.029152375352217298,0.023166553753136497,0.026354946152468754,0.026354946152468754,0.008543112069537359
edges_gain_only-s43,1.0,7,0.022336823859252057,0.022479498740071217,0.022430152868274444,0.022430152868274444,0.007265812252236421
edges_gain_only-s43,1.0,8,0.01736658658492581,0.021743804915699404,0.019696361858334382,0.019696361858334382,0.0063733718332121304
edges_gain_only-s43,1.0,9,0.013676784046759453,0.020984968797532404,0.017729769370267885,0.017729769370267885,0.005729628207310929
edges_gain_only-s43,1.0,10,0.010892153237970156,0.020220588144716535,0.016258378638923137,0.016258378638923137,0.005246793862810626
edges_gain_only-s43,1.0,11,0.008758639080514646,0.0194627275155837,0.015109585421431456,0.015109585421431456,0.004869166307033652
edges_gain_only-s43,1.0,12,0.007101451951971666,0.018719536031751895,0.014174968638739065,0.014174968638739065,0.00456179014194848
edges_gain_only-s43,1.0,13,0.005798413214061779,0.01799639288839368,0.013386585488959846,0.013386585488959846,0.00430273668659347
edges_gain_only-s43,1.0,14,0.004762759189204981,0.017296721199506197,0.012701570548444048,0.012701570548444048,0.004078107269428583
edges_gain_only-s43,1.0,15,0.003931906920527515,0.016622564764913278,0.012092483619228116,0.012092483619228116,0.0038789307440549882
edges_gain_only-s43,1.0,16,0.0032600138538150564,0.01597499568508513,0.011541397298974292,0.011541397298974292,0.003699280430822605
edges_gain_only-s43,1.0,17,0.002712984126701609,0.015354403022772722,0.011036308443084383,0.011036308443084383,0.003535137530444561
edges_gain_only-s43,1.0,18,0.0022650767605639876,0.014760697856664716,0.010568957218899406,0.010568957218899406,0.0033837010452662875
edges_gain_only-s43,1.0,19,0.0018965773312280103,0.014193459243121386,0.010133490447474665,0.010133490447474665,0.0032429634462642874
edges_gain_only-s43,1.0,20,0.0015921832314450646,0.013652038926217537,0.009725632190933043,0.009725632190933043,0.003111445091893465
edges_gain_only-s43,1.0,21,0.0013398717934555021,0.013135636633350774,0.009342161094330585,0.009342161094330585,0.0029880249307899284
edges_gain_only-s43,1.0,22,0.0011300972436970335,0.01264335439623725,0.008980575450724742,0.008980575450724742,0.0028718305172702736
edges_gain_only-s43,1.0,23,0.0009552131944793422,0.012174235956721726,0.00863887491199636,0.00863887491199636,0.0027621651115325124
edges_gain_only-s43,1.0,24,0.0008090504645412858,0.011727295288258251,0.008315415695518797,0.008315415695518797,0.0026584585792160786
edges_gain_only-s43,1.0,25,0.0006866032077821763,0.01130153732658124,0.008008813054161927,0.008008813054161927,0.0025602336953672845
edges_gain_only-s43,1.0,26,0.0005837911566553891,0.010895972894711734,0.007717874520695572,0.007717874520695572,0.002467082745638757
edges_gain_only-s43,1.0,27,0.0004972765791522979,0.010509629475324337,0.007441553670565906,0.007441553670565906,0.0023786509834750258
edges_gain_only-s43,1.0,28,0.00042432100689634316,0.010141558728243835,0.0071789175674672615,0.0071789175674672615,0.0022946249276906126
edges_gain_only-s43,1.0,29,0.0003626719532712557,0.009790841801606325,0.00692912370359855,0.00692912370359855,0.0022147238321853493
edges_gain_only-s43,1.0,30,0.00031047228858312317,0.009456592832205893,0.006691403358890646,0.006691403358890646,0.0021386935145571253
edges_gain_only-s43,1.0,31,0.00026618743138534154,0.009137961121106274,0.006465049449805355,0.006465049449805355,0.002066301815481051
edges_gain_only-s43,1.0,32,0.00022854655079727814,0.008834132391448899,0.0062494075663495794,0.0062494075663495794,0.0019973351550400644
edges_gain_only-s43,1.0,33,0.00019649486214287832,0.008544329241501617,0.006043869168114744,0.006043869168114744,0.0019315959697989585
edges_gain_only-s43,1.0,34,0.00016915496470951743,0.008267811080811364,0.0058478663692869874,0.0058478663692869874,0.0018689007104643407
edges_gain_only-s43,1.0,35,0.0001457953513208373,0.008003873645809057,0.005660867824605996,0.005660867824605996,0.0018090782803582186
edges_gain_only-s43,1.0,36,0.00012580479221001276,0.007751848223207913,0.005482375418544646,0.005482375418544646,0.0017519687771003504
edges_gain_only-s43,1.0,37,0.00010867141687751735,0.007511100654357106,0.00531192152857032,0.00531192152857032,0.0016974224635008055
edges_gain_only-s43,1.0,38,9.396563681624713e-05,0.007281030186848856,0.005149066710738458,0.005149066710738458,0.001645298915674445
edges_gain_only-s43,1.0,39,8.132613980998836e-05,0.007061068223651271,0.004993397698912508,0.004993397698912508,0.0015954662961209607
edges_gain_only-s43,1.0,40,7.044842060279802e-05,0.006850677025090171,0.0048445256544672665,0.0048445256544672665,0.001547800710503131
edges_gain_only-s43,1.0,41,6.107533033820619e-05,0.006649348346976476,0.004702084579160273,0.004702084579160273,0.001502185670397175
edges_gain_only-s43,1.0,42,5.298929766796473e-05,0.006456602095329926,0.004565729894269285,0.004565729894269285,0.0014585115863192813
edges_gain_only-s43,1.0,43,4.600589119076322e-05,0.0062719849646202495,0.004435137122704659,0.004435137122704659,0.001416675333202397
edges_gain_only-s43,1.0,44,3.996849049097357e-05,0.006095069120599612,0.004310000688408016,0.004310000688408016,0.0013765798319426829
edges_gain_only-s43,1.0,45,3.474386219339005e-05,0.005925450912805044,0.0041900328010145114,0.0041900328010145114,0.0013381336673634072
edges_gain_only-s43,1.0,46,3.021847293920918e-05,0.005762749588271699,0.004074962389725609,0.004074962389725609,0.0013012507558627464
edges_gain_only-s43,1.0,47,2.629542207708374e-05,0.005606606061694712,0.003964534113800499,0.003964534113800499,0.0012658500315536403
edges_gain_only-s43,1.0,48,2.2891868590092776e-05,0.005456681780918282,0.0038585074681595677,0.0038585074681595677,0.001231855110708816
edges_gain_only-s43,1.0,49,1.9936882381908074e-05,0.005312657558770501,0.003756655886430456,0.003756655886430456,0.0011991940387151845
edges_gain_only-s43,1.0,50,1.7369640418157943e-05,0.005174232474651336,0.003658765909477604,0.003658765909477604,0.0011677990408512306
edges_gain_only-s43,1.0,51,1.5137910064608468e-05,0.005041122899401265,0.0035646364535091464,0.0035646364535091464,0.0011376062247470265
edges_gain_only-s43,1.0,52,1.3196770716561406e-05,0.004913061449562385,0.003474078037786618,0.003474078037786618,0.0011085553952270774
edges_gain_only-s43,1.0,53,1.1507539460930611e-05,0.0047897960755387235,0.0033869121143815,0.0033869121143815,0.0010805898160936795
edges_gain_only-s43,1.0,54,1.0036860711992718e-05,0.004671089180821484,0.0033029704255563646,0.0033029704255563646,0.0010536559938296019
edges_gain_only-s43,1.0,55,8.755938069618088e-06,0.004556716749968664,0.0032220943717383476,0.0032220943717383476,0.0010277035034659049
edges_gain_only-s43,1.0,56,7.639881879670186e-06,0.0044464675540464215,0.0031441344376659857,0.0031441344376659857,0.0010026848015155386
edges_gain_only-s43,1.0,57,6.667155863181826e-06,0.004340142426484699,0.0030689496709718346,0.0030689496709718346,0.0009785550274944276
edges_gain_only-s43,1.0,58,5.819107246565953e-06,0.004237553488400061,0.002996407127093436,0.002996407127093436,0.0009552718858965251
edges_gain_only-s43,1.0,59,5.07956534975054e-06,0.004138523527335603,0.0029263814242630323,0.0029263814242630323,0.0009327954496217543
edges_gain_only-s43,1.0,60,4.434499772880038e-06,0.004042885317590889,0.0028587542584465955,0.0028587542584465955,0.0009110880513920554
edges_gain_only-s43,1.0,61,3.871727616996163e-06,0.003950481047182158,0.0027934139946538465,0.0027934139946538465,0.000890114121810826
edges_gain_only-s43,1.0,62,3.3806629063374905e-06,0.0038611617377693184,0.0027302552540363744,0.0027302552540363744,0.0008698400750689144
edges_gain_only-s43,1.0,63,2.9521014237519567e-06,0.003774786703993889,0.002669178529447211,0.002669178529447211,0.0008502341932673568
edges_gain_only-s43,1.0,64,2.578036026102985e-06,0.003691223068037561,0.002610089840511904,0.002610089840511904,0.00083126650106074
edges_gain_only-s43,1.0,65,2.2514973151110084e-06,0.003610345270702674,0.002552900386603093,0.002552900386603093,0.0008129086733829112
edges_gain_only-s43,1.0,66,1.966416356351458e-06,0.003532034645667196,0.002497526244770406,0.002497526244770406,0.0007951339205029108
edges_gain_only-s43,1.0,67,1.717506325175931e-06,0.0034561789821981083,0.0024438880597317516,0.0024438880597317516,0.0007779169120557514
edges_gain_only-s43,1.0,68,1.5001601046055324e-06,0.0033826721535217185,0.0023919107804649168,0.0023919107804649168,0.0007612336744980816
edges_gain_only-s43,1.0,69,1.3103615533506852e-06,0.0033114137364753534,0.0023415233907703088,0.0023415233907703088,0.0007450615164600713
edges_gain_only-s43,1.0,70,1.1446087130942517e-06,0.003242308668367848,0.00229265866625097,0.00229265866625097,0.0007293789529168944
edges_gain_only-s43,1.0,71,9.998473479866075e-07,0.003175266926061245,0.0022452529470889096,0.0022452529470889096,0.0007141656298130522
edges_gain_only-s43,1.0,72,8.734129752286351e-07,0.003110203226265625,0.002199245925886534,0.002199245925886534,0.0006994022534825479
edges_gain_only-s43,1.0,73,7.629808091008024e-07,0.003047036732847351,0.002154580440518629,0.002154580440518629,0.0006850705345368788
edges_gain_only-s43,1.0,74,6.665220357393856e-07,0.002985690795932307,0.0021112022895067163,0.0021112022895067163,0.0006711531233152149
edges_gain_only-s43,1.0,75,5.82265911811412e-07,0.0029260927059158114,0.0020690600579653887,0.0020690600579653887,0.0006576335515217204
edges_gain_only-s43,1.0,76,5.086667454135654e-07,0.0028681734492148683,0.002028104944805182,0.002028104944805182,0.0006444961883500378
edges_gain_only-s43,1.0,77,4.443750887105141e-07,0.0028118675025909454,0.001988290617228081,0.001988290617228081,0.0006317261804572764
edges_gain_only-s43,1.0,78,3.8821276779934757e-07,0.0027571126088885745,0.001949573052097068,0.001949573052097068,0.000619309421064945
edges_gain_only-s43,1.0,79,3.391510055377333e-07,0.0027038496143331446,0.001911910420846305,0.001911910420846305,0.0006072324840031908
edges_gain_only-s43,1.0,80,2.962914354864115e-07,0.0026520222527347554,0.0018752629368574223,0.0018752629368574223,0.0005954826112230945
edges_gain_only-s43,1.0,81,2.5884951897002575e-07,0.0026015769989065256,0.0018395927517849864,0.0018395927517849864,0.0005840476576951528
edges_gain_only-s43,1.0,82,2.2614007956953368e-07,0.0025524629201954226,0.0018048638505529346,0.0018048638505529346,0.0005729160494408214
edges_gain_only-s43,1.0,83,1.9756468210746865e-07,0.002504631497494664,0.001771041924775601,0.001771041924775601,0.0005620767739212803
edges_gain_only-s43,1.0,84,1.7260063820630259e-07,0.00245803651078592,0.0017380942918116303,0.0017380942918116303,0.0005515193296684608
edges_gain_only-s43,1.0,85,1.5079139893027024e-07,0.0024126339088616313,0.0017059898026342262,0.0017059898026342262,0.000541233698849307
edges_gain_only-s43,1.0,86,1.317381691534763e-07,0.0023683816739997494,0.001674698746134306,0.001674698746134306,0.000531210329285575
edges_gain_only-s43,1.0,87,1.1509259631024601e-07,0.002325239717651528,0.001644192775354833,0.001644192775354833,0.0005214401023034294
edges_gain_only-s43,1.0,88,1.005503781333313e-07,0.002283169771697023,0.0016144448305923174,0.0016144448305923174,0.0005119143093603172
edges_gain_only-s43,1.0,89,8.784568728387152e-08,0.0022421352865194598,0.0015854290673209838,0.0015854290673209838,0.0005026246313510757
edges_gain_only-s43,1.0,90,7.674630829329259e-08,0.002202101336221658,0.0015571207891679074,0.0015571207891679074,0.0004935631181596266
edges_gain_only-s43,1.0,91,6.704938163711247e-08,0.0021630345347923748,0.0015294963886315213,0.0015294963886315213,0.00048472216537322096
edges_gain_only-s43,1.0,92,5.857768544206852e-08,0.0021249029544475246,0.0015025332893384674,0.0015025332893384674,0.00047609449461969843
edges_gain_only-s43,1.0,93,5.117639778394124e-08,0.002087676038258969,0.0014762098842615173,0.0014762098842615173,0.00046767314419870955
edges_gain_only-s43,1.0,94,4.471026391005089e-08,0.0020513245398305936,0.0014505054930631005,0.0014505054930631005,0.00045945144263977747
edges_gain_only-s43,1.0,95,3.906112397755237e-08,0.002015820443550651,0.0014254003057044024,0.0014254003057044024,0.0004514230021602638
edges_gain_only-s43,1.0,96,3.412574843728883e-08,0.001981136907760635,0.0014008753422590763,0.0014008753422590763,0.00044358169853411875
edges_gain_only-s43,1.0,97,2.9813951359381315e-08,0.0019472481993587875,0.0013769124066704548,0.0013769124066704548,0.0004359216606675592
edges_gain_only-s43,1.0,98,2.6046944312561474e-08,0.0019141296421860002,0.0013534940502545017,0.0013534940502545017,0.0004284372549921761
edges_gain_only-s43,1.0,99,2.2755893630552612e-08,0.0018817575601091786,0.0013306035314533755,0.0013306035314533755,0.0004211230749997622
edges_gain_only-s43,1.0,100,1.98806626482794e-08,0.0018501092291844962,0.001308224782009521,0.001308224782009521,0.00041397392888546913
edges_gain_only-s43,1.0,101,1.7368713393960542e-08,0.0018191628248167432,0.0012863423696015063,0.0012863423696015063,0.00040698483266813127
edges_gain_only-s43,1.0,102,1.5174146773302664e-08,0.0017888973829216876,0.0012649414703815285,0.0012649414703815285,0.0004001509957343427
edges_gain_only-s43,1.0,103,1.3256861940995008e-08,0.001759292756132334,0.0012440078380084546,0.0012440078380084546,0.00039346781328928313
edges_gain_only-s43,1.0,104,1.1581825321694581e-08,0.0017303295767318063,0.001223527777437331,0.001223527777437331,0.00038693085499534987
edges_gain_only-s43,1.0,105,1.0118429347518748e-08,0.001701989214573995,0.0012034881151647184,0.0012034881151647184,0.00038053586049578616
edges_gain_only-s43,1.0,106,8.839933827737929e-09,0.0016742537395447324,0.0011838761726846892,0.0011838761726846892,0.0003742787330857565
edges_gain_only-s43,1.0,107,7.722977155180881e-09,0.0016471059021453606,0.0011646797527592933,0.0011646797527592933,0.00036815552214072573
edges_gain_only-s43,1.0,108,6.747149192062107e-09,0.001620529085581285,0.0011458871055400207,0.0011458871055400207,0.0003621624285223388
edges_gain_only-s43,1.0,109,5.89461850802561e-09,0.0015945072884606336,0.0011274869163338825,0.0011274869163338825,0.0003562957881894529
edges_gain_only-s43,1.0,110,5.14980657483071e-09,0.0015690250907509692,0.0011094682815311536,0.0011094682815311536,0.00035055207103746266
edges_gain_only-s43,1.0,111,4.49910339994551e-09,0.0015440676260393437,0.0010918206889902527,0.0010918206889902527,0.0003449278754708455
edges_gain_only-s43,1.0,112,3.930618377928783e-09,0.001519620561787271,0.0010745340040758896,0.0010745340040758896,0.0003394199191824611
edges_gain_only-s43,1.0,113,3.4339630718069142e-09,0.0014956700724544957,0.0010575984506546918,0.0010575984506546918,0.0003340250359737337
edges_gain_only-s43,1.0,114,3.0000619001084585e-09,0.0014722028177110782,0.0010410045956888144,0.0010410045956888144,0.00032874017019169223
edges_gain_only-s43,1.0,115,2.6209858219501363e-09,0.0014492059199314677,0.0010247433333218418,0.0010247433333218418,0.0003235623731682506
edges_gain_only-s43,1.0,116,2.2898075884033183e-09,0.0014266669477593808,0.0010088058732573978,0.0010088058732573978,0.0003184887957634739
edges_gain_only-s43,1.0,117,2.0004752049184083e-09,0.0014045738914359588,0.000993183723313515,0.000993183723313515,0.00031351668829291714
edges_gain_only-s43,1.0,118,1.7477013938043613e-09,0.0013829151515944679,0.0009778686814992887,0.0009778686814992887,0.0003086433912558134
edges_gain_only-s43,1.0,119,1.5268668937651687e-09,0.001361679514876301,0.000962852818772785,0.000962852818772785,0.00030386633691893814
edges_gain_only-s43,1.0,120,1.333936037046697e-09,0.0013408561445262686,0.0009481284723909059,0.0009481284723909059,0.00029918304050318854
edges_gain_only-s43,1.0,121,1.1653831061314388e-09,0.0013204345588803137,0.0009336882306979048,0.0009336882306979048,0.0002945911012158542
edges_gain_only-s43,1.0,122,1.0181278950653331e-09,0.0013004046204235858,0.0009195249253882757,0.0009195249253882757,0.00029008819600525606
edges_gain_only-s43,1.0,123,8.894793428277572e-10,0.001280756521843156,0.0009056316216445331,0.0009056316216445331,0.0002856720765774388
edges_gain_only-s43,1.0,124,7.770863579189138e-10,0.0012614807710174317,0.0008920016075231247,0.0008920016075231247,0.00028134056737319437
edges_gain_only-s43,1.0,125,6.788950118573568e-10,0.0012425681796185135,0.0008786283858950797,0.0008786283858950797,0.00027709156222294244
edges_gain_only-s43,1.0,126,5.931108516873715e-10,0.00122400984951096,0.0008655056648284841,0.0008655056648284841,0.0002729230223337711
edges_gain_only-s43,1.0,127,5.181661561230693e-10,0.001205797163558387,0.000852627351087763,0.000852627351087763,0.0002688329722557234
edges_gain_only-s43,1.0,128,4.5269129388057125e-10,0.0011879217720820174,0.0008399875405584301,0.0008399875405584301,0.0002648194993568935
edges_gain_only-s43,1.0,129,3.954896924330977e-10,0.0011703755835724724,0.0008275805116793319,0.0008275805116793319,0.0002608807505272789
edges_gain_only-s43,1.0,130,3.455159699905471e-10,0.0011531507573060537,0.0008154007202215705,0.0008154007202215705,0.0002570149280944494
edges_gain_only-s43,1.0,131,3.0185684712274324e-10,0.0011362396912293488,0.0008034427907216257,0.0008034427907216257,0.0002532202897713256
edges_gain_only-s43,1.0,132,2.6371441843873113e-10,0.001119635011454429,0.0007917015090533389,0.0007917015090533389,0.0002494951474207032
edges_gain_only-s43,1.0,133,2.303916092750817e-10,0.001103329569702651,0.0007801718206204067,0.0007801718206204067,0.000245837860841124
edges_gain_only-s43,1.0,134,2.0127942389357942e-10,0.001087316427173355,0.0007688488189498287,0.0007688488189498287,0.0002422468416392371
edges_gain_only-s43,1.0,135,1.7584582778233426e-10,0.0010715888526395723,0.0007577277443453696,0.0007577277443453696,0.0002387205470985252
edges_gain_only-s43,1.0,136,1.5362599276006132e-10,0.0010561403107946167,0.0007468039756473537,0.0007468039756473537,0.00023525748152343625
edges_gain_only-s43,1.0,137,1.3421383822274004e-10,0.0010409644579114244,0.000736073027163356,0.000736073027163356,0.00023185619226060957
edges_gain_only-s43,1.0,138,1.172545899622391e-10,0.0010260551348023645,0.0007255305436900365,0.0007255305436900365,0.00022851526855035442
edges_gain_only-s43,1.0,139,1.0243830015917988e-10,0.0010114063596939197,0.0007151722954747767,0.0007151722954747767,0.00022523334035749336
edges_gain_only-s43,1.0,140,8.949418987274734e-11,0.000997012321210444,0.0007049941732544499,0.0007049941732544499,0.0002220090774379655
edges_gain_only-s43,1.0,141,7.818569202937076e-11,0.000982867373485869,0.0006949921847988726,0.0006949921847988726,0.000218841187060466
edges_gain_only-s43,1.0,142,6.830613235751568e-11,0.0009689660278050976,0.0006851624490003799,0.0006851624490003799,0.00021572841470998097
edges_gain_only-s43,1.0,143,5.967495078114694e-11,0.0009553029538243148,0.0006755011967367143,0.0006755011967367143,0.0002126695378450072
edges_gain_only-s43,1.0,144,5.2134404703339604e-11,0.0009418729641963066,0.0006660047599994843,0.0006660047599994843,0.0002096633719030673
edges_gain_only-s43,1.0,145,4.554668211459182e-11,0.000928671017264018,0.0006566695737987977,0.0006566695737987977,0.0002067087636323904
edges_gain_only-s43,1.0,146,3.979138367483327e-11,0.0009156922119740738,0.000647492172566578,0.000647492172566578,0.00020380459016603865
edges_gain_only-s43,1.0,147,3.4763325351519744e-11,0.0009029317777453364,0.0006384691829925528,0.0006384691829925528,0.00020094976171069345
edges_gain_only-s43,1.0,148,3.0370613689356644e-11,0.0008903850745336891,0.0006295973240700617,0.0006295973240700617,0.0001981432173915141
edges_gain_only-s43,1.0,149,2.6532965669333187e-11,0.0008780475872059398,0.000620873403117807,0.000620873403117807,0.00019538392510719033
edges_gain_only-s43,1.0,150,2.3180244035796858e-11,0.000865914919848733,0.0006122943117556453,0.0006122943117556453,0.00019267088177032612
edges_gain_only-s43,1.0,151,2.0251173793652093e-11,0.0008539827981618143,0.0006038570275968818,0.0006038570275968818,0.00019000310782212076
edges_gain_only-s43,1.0,152,1.769222166265105e-11,0.0008422470557542272,0.0005955586045582184,0.0005955586045582184,0.00018737965337399512
edges_gain_only-s43,1.0,153,1.5456620097955876e-11,0.0008307036374762478,0.0005873961752157863,0.0005873961752157863,0.00018479959245755524
edges_gain_only-s43,1.0,154,1.35035104572538e-11,0.0008193485952662183,0.000579366947868415,0.000579366947868415,0.00018226202251314238
edges_gain_only-s43,1.0,155,1.1797196512663887e-11,0.0008081780819715853,0.0005714682021684455,0.0005714682021684455,0.00017976606574666163
edges_gain_only-s43,1.0,156,1.0306493392255742e-11,0.0007971883500545923,0.0005636972882065176,0.0005636972882065176,0.00017731086689340612
edges_gain_only-s43,1.0,157,9.004156412641578e-12,0.0007863757475385986,0.0005560516236451837,0.0005560516236451837,0.00017489559315458114
edges_gain_only-s43,1.0,158,7.86638350637841e-12,0.0007757367167212319,0.000548528692808971,0.000548528692808971,0.00017251943227655973
edges_gain_only-s43,1.0,159,6.8723804801255945e-12,0.0007652677900766415,0.0005411260437868365,0.0005411260437868365,0.00017018159273837527
edges_gain_only-s43,1.0,160,6.0039804186095304e-12,0.0007549655848678951,0.0005338412846225565,0.0005338412846225565,0.00016788130493047943
edges_gain_only-s43,1.0,161,5.24531194588912e-12,0.0007448268062808968,0.0005266720855307411,0.0005266720855307411,0.00016561781634823734
edges_gain_only-s43,1.0,162,4.5825095771216365e-12,0.000734848238387613,0.0005196161725068698,0.0005196161725068698,0.0001633903956875454
edges_gain_only-s43,1.0,163,4.0034593959439555e-12,0.0007250267478695965,0.000512671329960221,0.000512671329960221,0.0001611983276929233
edges_gain_only-s43,1.0,164,3.4975784952878962e-12,0.0007153592769653611,0.0005058353957269124,0.0005058353957269124,0.00015904091600163578
edges_gain_only-s43,1.0,165,3.0556211052296314e-12,0.0007058428432555862,0.0004991062609180183,0.0004991062609180183,0.0001569174810492342
edges_gain_only-s43,1.0,166,2.669509806502295e-12,0.0006964745344588512,0.0004924818662395975,0.0004924818662395975,0.00015482736171538135
edges_gain_only-s43,1.0,167,2.3321878830008883e-12,0.0006872515115411969,0.00048596020419148524,0.00048596020419148524,0.00015276991100626527
edges_gain_only-s43,1.0,168,2.037490306032171e-12,0.0006781710029038915,0.00047953931495742355,0.00047953931495742355,0.00015074449822095946
edges_gain_only-s43,1.0,169,1.7800309887309871e-12,0.0006692303025996394,0.0004732172851437302,0.0004732172851437302,0.0001487505084103261
edges_gain_only-s43,1.0,170,1.5551044347166661e-12,0.000660426770718786,0.00046699224805238685,0.00046699224805238685,0.00014678734019461174
edges_gain_only-s43,1.0,171,1.3585998276073522e-12,0.0006517578284652785,0.000460862380199217,0.000460862380199217,0.00014485440754830538
edges_gain_only-s43,1.0,172,1.1869257114574711e-12,0.0006432209572830621,0.0004548259006961558,0.0004548259006961558,0.00014295113862531993
edges_gain_only-s43,1.0,173,1.036944518271906e-12,0.0006348136993683622,0.0004488810716134873,0.0004488810716134873,0.0001410769738407569
edges_gain_only-s43,1.0,174,9.059150948823824e-13,0.0006265336510295115,0.0004430261932845335,0.0004430261932845335,0.00013923136894045655
edges_gain_only-s43,1.0,175,7.914426895015635e-13,0.0006183784671451682,0.00043725960745809105,0.00043725960745809105,0.00013741379033426209
edges_gain_only-s43,1.0,176,6.914351240650664e-13,0.00061034585541335,0.0004315796932318839,0.0004315796932318839,0.00013562371769086022
edges_gain_only-s43,1.0,177,6.040646298237329e-13,0.0006024335771739654,0.0004259848676341803,0.0004259848676341803,0.0001338606418972012
edges_gain_only-s43,1.0,178,5.277343653907181e-13,0.0005946394411143789,0.000420473581172956,0.000420473581172956,0.00013212406814911746
edges_gain_only-s43,1.0,179,4.610492646424367e-13,0.0005869613094650039,0.0004150443222168399,0.0004150443222168399,0.00013041351021316226
edges_gain_only-s43,1.0,180,4.027905690220696e-13,0.0005793970919138391,0.0004096956126920411,0.0004096956126920411,0.0001287284934695708
edges_gain_only-s43,1.0,181,3.518935049121627e-13,0.0005719447430267662,0.0004044260062582237,0.0004044260062582237,0.0001270685554582199
edges_gain_only-s43,1.0,182,3.0742784898367357e-13,0.0005646022646576522,0.0003992340900127077,0.0003992340900127077,0.00012543324295863503
edges_gain_only-s43,1.0,183,2.685809191281005e-13,0.0005573677024368116,0.00039411848200743537,0.00039411848200743537,0.0001238221133715872
edges_gain_only-s43,1.0,184,2.3464273107888863e-13,0.0005502391460034315,0.00038907783141332115,0.00038907783141332115,0.0001222347333219111
edges_gain_only-s43,1.0,185,2.0499301208268962e-13,0.0005432147261410975,0.00038411081649476346,0.00038411081649476346,0.00012067067965044746
edges_gain_only-s43,1.0,186,1.7908986084460734e-13,0.000536292613273095,0.0003792161435456601,0.0003792161435456601,0.00011912953942219375
edges_gain_only-s43,1.0,187,1.5645985914106487e-13,0.0005294710205251615,0.0003743925490551034,0.0003743925490551034,0.0001176109066963165
edges_gain_only-s43,1.0,188,1.3668941518991003e-13,0.0005227481974845773,0.00036963879529438914,0.00036963879529438914,0.00011611438597175348
edges_gain_only-s43,1.0,189,1.194171845831599e-13,0.000516122432291678,0.00036495367179594017,0.00036495367179594017,0.00011463958976046967
edges_gain_only-s43,1.0,190,1.0432749229310644e-13,0.0005095920482673929,0.00036033599296861595,0.00036033599296861595,0.00011318613999193946
edges_gain_only-s43,1.0,191,9.114454949790873e-14,0.0005031554065841867,0.0003557845999863529,0.0003557845999863529,0.00011175366525701413
edges_gain_only-s43,1.0,192,7.962741986809314e-14,0.000496810901736865,0.0003512983575855408,0.0003512983575855408,0.00011034180314034409
edges_gain_only-s43,1.0,193,6.956560649581875e-14,0.0004905569616253573,0.0003468761541235592,0.0003468761541235592,0.00010895019930673852
edges_gain_only-s43,1.0,194,6.077521578787992e-14,0.0004843920500259579,0.0003425169033262082,0.0003425169033262082,0.000107578504893286
edges_gain_only-s43,1.0,195,5.3095589219248106e-14,0.0004783146595933085,0.00033821953933936365,0.00033821953933936365,0.00010622638074455085
edges_gain_only-s43,1.0,196,4.638636878349403e-14,0.0004723233157702156,0.0003339830194936344,0.0003339830194936344,0.00010489349379475457
edges_gain_only-s43,1.0,197,4.0524933756784435e-14,0.0004664165742605852,0.00032980632251745874,0.00032980632251745874,0.00010357951813856322
edges_gain_only-s43,1.0,198,3.5404155963801397e-14,0.00046059302049577584,0.00032568844815975754,0.00032568844815975754,0.00010228413469386607
edges_gain_only-s43,1.0,199,3.093044511049858e-14,0.00045485126923322245,0.00032162841690611956,0.00032162841690611956,0.000101007030767922
edges_gain_only-s43,1.0,200,2.7022037550432064e-14,0.0004491899632886056,0.00031762526908230937,0.00031762526908230937,9.974790026370047e-05
edges_gain_only-s43,1.0,201,2.360750157201804e-14,0.0004436077724992688,0.0003136780641212922,0.0003136780641212922,9.850644377374637e-05
edges_gain_only-s43,1.0,202,2.062442986985926e-14,0.0004381033943660338,0.00030978588101706684,0.00030978588101706684,9.728236746514373e-05
edges_gain_only-s43,1.0,203,1.8018302880515235e-14,0.00043267555268638026,0.0003059478173581768,0.0003059478173581768,9.607538341251002e-05
edges_gain_only-s43,1.0,204,1.5741489152672906e-14,0.00042732299513653323,0.00030216298761798866,0.00030216298761798866,9.488521073620467e-05
edges_gain_only-s43,1.0,205,1.375237579180387e-14,0.0004220444965987207,0.00029843052550741815,0.00029843052550741815,9.37115726300534e-05
edges_gain_only-s43,1.0,206,1.201460941446965e-14,0.0004168388556912703,0.0002947495815213379,0.0002947495815213379,9.255419826558945e-05
edges_gain_only-s43,1.0,207,1.0496429070232665e-14,0.00041170489315280393,0.0002911193217960307,0.0002911193217960307,9.141282336320921e-05
edges_gain_only-s43,1.0,208,9.170087941072253e-15,0.00040664145497687254,0.0002875389303257107,0.0002875389303257107,9.028718744297344e-05
edges_gain_only-s43,1.0,209,8.011344700425622e-15,0.0004016474096259745,0.0002840076069925376,0.0002840076069925376,8.917703528751961e-05
edges_gain_only-s43,1.0,210,6.9990218166431345e-15,0.0003967216453704295,0.00028052456568491545,0.00028052456568491545,8.808211829430114e-05
edges_gain_only-s43,1.0,211,6.114617051064014e-15,0.0003918630748169005,0.0002770890374996417,0.0002770890374996417,8.700219079577151e-05
edges_gain_only-s43,1.0,212,5.341966735398646e-15,0.0003870706297909536,0.000273700267123331,0.000273700267123331,8.593701319038905e-05
edges_gain_only-s43,1.0,213,4.666949455971276e-15,0.00038234326382798083,0.00027035751459376245,0.00027035751459376245,8.488634971816087e-05
edges_gain_only-s43,1.0,214,4.077228168776467e-15,0.00037767994922761254,0.0002670600532170358,0.0002670600532170358,8.384997010062992e-05
edges_gain_only-s43,1.0,215,3.5620248346510215e-15,0.00037307967891592116,0.00026380717088434765,0.00026380717088434765,8.282764776506514e-05
edges_gain_only-s43,1.0,216,3.1119231719518652e-15,0.00036854146475526607,0.00026059816887687165,0.00026059816887687165,8.181916063110955e-05
edges_gain_only-s43,1.0,217,2.7186968354666258e-15,0.00036406433613017175,0.00025743236086582305,0.00025743236086582305,8.082429168824707e-05
edges_gain_only-s43,1.0,218,2.3751590615988395e-15,0.00035964734254846685,0.00025430907475174205,0.00025430907475174205,7.984282674108073e-05
edges_gain_only-s43,1.0,219,2.075031133965285e-15,0.0003552895509980255,0.00025122765079542756,0.00025122765079542756,7.887455590871975e-05
edges_gain_only-s43,1.0,220,1.8128277443309244e-15,0.00035099004426260224,0.0002481874404270525,0.0002481874404270525,7.791927441818273e-05
edges_gain_only-s43,1.0,221,1.5837566634345049e-15,0.0003467479237940335,0.0002451878082771173,0.0002451878082771173,7.69767802000558e-05
edges_gain_only-s43,1.0,222,1.3836312748822532e-15,0.0003425623069651908,0.00024222813023399412,0.00024222813023399412,7.604687548307282e-05
edges_gain_only-s43,1.0,223,1.2087939693095918e-15,0.00033843232866032443,0.00023930779456846977,0.00023930779456846977,7.512936530559226e-05
edges_gain_only-s43,1.0,224,1.0560493126612838e-15,0.000334357137588823,0.00023642619932718028,0.00023642619932718028,7.422405978361245e-05
edges_gain_only-s43,1.0,225,9.226056626126596e-16,0.00033033589957236155,0.0002335827546569752,0.0002335827546569752,7.333077145236613e-05
edges_gain_only-s43,1.0,226,8.060241055316971e-16,0.0003263677949689714,0.00023077688098346042,0.00023077688098346042,7.244931677094575e-05
edges_gain_only-s43,1.0,227,7.041739363364465e-16,0.0003224520189340015,0.00022800800919552547,0.00022800800919552547,7.157951561975634e-05
edges_gain_only-s43,1.0,228,6.151936864665959e-16,0.0003185877818073855,0.00022527558091918248,0.00022527558091918248,7.07211907106947e-05
edges_gain_only-s43,1.0,229,5.374570845694024e-16,0.00031477430757118557,0.00022257904742688537,0.00022257904742688537,6.987416838143475e-05
edges_gain_only-s43,1.0,230,4.695433652166529e-16,0.00031101083416667336,0.0002199178698617395,0.0002199178698617395,6.903827809487815e-05
edges_gain_only-s43,1.0,231,4.1021129869189376e-16,0.00030729661373517226,0.00021729151940780351,0.00021729151940780351,6.82133519678259e-05
edges_gain_only-s43,1.0,232,3.583765119705661e-16,0.00030363091082059163,0.0002146994760190882,0.0002146994760190882,6.739922577256693e-05
edges_gain_only-s43,1.0,233,3.1309162646843537e-16,0.00030001300330933237,0.00021214122908417107,0.00021214122908417107,6.65957380086952e-05
edges_gain_only-s43,1.0,234,2.735289934785491e-16,0.0002964421822573216,0.00020961627730389055,0.00020961627730389055,6.580272975690365e-05
edges_gain_only-s43,1.0,235,2.389655443665282e-16,0.0002929177508975695,0.00020712412798958333,0.00020712412798958333,6.502004512476463e-05
edges_gain_only-s43,1.0,236,2.087695748812073e-16,0.0002894390248370766,0.0002046642972023184,0.0002046642972023184,6.424753085190991e-05
edges_gain_only-s43,1.0,237,1.8238919968344734e-16,0.0002860053316560221,0.00020223630946948078,0.00020223630946948078,6.348503638658295e-05
edges_gain_only-s43,1.0,238,1.5934228286960581e-16,0.00028261600989013837,0.00019983969706520124,0.00019983969706520124,6.273241432834742e-05
edges_gain_only-s43,1.0,239,1.3920760146527648e-16,0.0002792704103840492,0.0001974740009673112,0.0001974740009673112,6.198951924537646e-05
edges_gain_only-s43,1.0,240,1.2161716243048354e-16,0.00027596789471362796,0.00019513876974178152,0.00019513876974178152,6.125620860177813e-05
edges_gain_only-s43,1.0,241,1.062494731555276e-16,0.000272707835624288,0.00019283355985264038,0.00019283355985264038,6.053234217368108e-05
edges_gain_only-s43,1.0,242,9.282366296047123e-17,0.0002694896169755946,0.0001905579356228083,0.0001905579356228083,5.981778193984222e-05
edges_gain_only-s43,1.0,243,8.109435529522706e-17,0.00026631263242817883,0.0001883114683056057,0.0001883114683056057,5.911239274067338e-05
edges_gain_only-s43,1.0,244,7.084717664460304e-17,0.0002631762863087886,0.00018609373669643676,0.00018609373669643676,5.841604150540479e-05
edges_gain_only-s43,1.0,245,6.189484225794789e-17,0.0002600799930244855,0.0001839043267185637,0.0001839043267185637,5.7728597443528996e-05
edges_gain_only-s43,1.0,246,5.4073736614237826e-17,0.0002570231770821041,0.0001817428314368666,0.0001817428314368666,5.704993186197036e-05
edges_gain_only-s43,1.0,247,4.7240915141219667e-17,0.00025400527255342885,0.00017960885067966678,0.00017960885067966678,5.6379918326990166e-05
edges_gain_only-s43,1.0,248,4.127149625139143e-17,0.0002510257223437371,0.00017750199052150793,0.00017750199052150793,5.5718433030263784e-05
edges_gain_only-s43,1.0,249,3.605637991016101e-17,0.00024808398076090306,0.00017542186509978755,0.00017542186509978755,5.50653527600663e-05
edges_gain_only-s43,1.0,250,3.150025247114243e-17,0.00024517950831978903,0.00017336809294090632,0.00017336809294090632,5.4420558429465895e-05
edges_gain_only-s43,1.0,251,2.7519842789717943e-17,0.0002423117763822189,0.0001713403002412253,0.0001713403002412253,5.378393160855993e-05
edges_gain_only-s43,1.0,252,2.4042402494763572e-17,0.00023948026486034397,0.0001693381192430997,0.0001693381192430997,5.315535598089881e-05
edges_gain_only-s43,1.0,253,2.10043758139297e-17,0.00023668446183508984,0.0001673611879650806,0.0001673611879650806,5.253471745676899e-05
edges_gain_only-s43,1.0,254,1.8350237987014927e-17,0.0002339238636295042,0.00016540915025377962,0.00016540915025377962,5.192190396471167e-05
edges_gain_only-s43,1.0,255,1.6031479897453706e-17,0.00023119797534806107,0.00016348165616521422,0.00016348165616521422,5.131680491203029e-05
edges_gain_only-s43,1.0,256,1.4005722982163407e-17,0.00022850630997613773,0.00016157836132804222,0.00016157836132804222,5.0719311667258896e-05
time_constants_only-s43,0.001,0,0.0006184030285476106,2.800457616593677e-05,0.0004377251203684173,0.4377251203684173,1.5278619547636256e-07
time_constants_only-s43,0.001,1,0.00022778886551061986,3.276614317887005e-05,0.00016273023800337703,0.16273023800337702,5.9314899646352594e-08
time_constants_only-s43,0.001,2,0.0001302216389600904,3.372052321594711e-05,9.513291083566191e-05,0.0951329108356619,3.4960827125462916e-08
time_constants_only-s43,0.001,3,9.216835978371274e-05,3.386496460521515e-05,6.949948753017459e-05,0.06949948753017458,2.586651806004493e-08
time_constants_only-s43,0.001,4,7.378017446193119e-05,3.38568215600894e-05,5.756412142420634e-05,0.05756412142420634,2.163361849201114e-08
time_constants_only-s43,0.001,5,6.391212901853246e-05,3.38640652315335e-05,5.142130015902736e-05,0.05142130015902736,1.922186179607435e-08
time_constants_only-s43,0.001,6,5.837504310214727e-05,3.393324576638247e-05,4.812328926331972e-05,0.04812328926331972,1.8191015653098956e-08
time_constants_only-s43,0.001,7,5.5245144147096634e-05,3.407494822569186e-05,4.6350918764739935e-05,0.046350918764739936,1.7504916083572135e-08
time_constants_only-s43,0.001,8,5.352762339848283e-05,3.428822311088933e-05,4.544896322369928e-05,0.045448963223699276,1.7149669659803178e-08
time_constants_only-s43,0.001,9,5.267539625108562e-05,3.4568532721866814e-05,4.5072280810245335e-05,0.045072280810245335,1.7115182822510973e-08
time_constants_only-s43,0.001,10,5.237718723456833e-05,3.4910600153553295e-05,4.503160674352533e-05,0.04503160674352533,1.718562787103342e-08
time_constants_only-s43,0.001,11,5.245035877120452e-05,3.530944106095507e-05,4.521907634788507e-05,0.045219076347885065,1.750410131982888e-08
time_constants_only-s43,0.001,12,5.2783926215770976e-05,3.576069075903899e-05,4.557068719756012e-05,0.04557068719756012,1.7986573937593323e-08
time_constants_only-s43,0.001,13,5.330788721699907e-05,3.626065159996897e-05,4.604688748009168e-05,0.046046887480091676,1.8187380305926444e-08
time_constants_only-s43,0.001,14,5.397652945200864e-05,3.6806236525225166e-05,4.6622254166492176e-05,0.046622254166492176,1.8617340239962756e-08
time_constants_only-s43,0.001,15,5.475912972350833e-05,3.7394882399382486e-05,4.7279830296767706e-05,0.0472798302967677,1.9061061052261004e-08
time_constants_only-s43,0.001,16,5.563456390886452e-05,3.802446237035336e-05,4.8007912480123236e-05,0.04800791248012323,1.9686637836568338e-08
time_constants_only-s43,0.001,17,5.6588040032553404e-05,3.8693208046150495e-05,4.87981701590451e-05,0.0487981701590451,2.059042545240832e-08
time_constants_only-s43,0.001,18,5.7609037483101594e-05,3.939964482704439e-05,4.964451122895732e-05,0.04964451122895732,2.1417345437169897e-08
time_constants_only-s43,0.001,19,5.868996696057225e-05,4.014253913375307e-05,5.0542376261114576e-05,0.050542376261114574,2.2252631531810978e-08
time_constants_only-s43,0.001,20,5.982528529494272e-05,4.09208556052854e-05,5.1488288296624806e-05,0.05148828829662481,2.3118239241981285e-08
time_constants_only-s43,0.001,21,6.101090214260149e-05,4.173372475762876e-05,5.247955787023538e-05,0.05247955787023538,2.385286408281195e-08
time_constants_only-s43,0.001,22,6.224377669439011e-05,4.258041522735711e-05,5.351408286119262e-05,0.05351408286119262,2.467068821907422e-08
time_constants_only-s43,0.001,23,6.352164214611055e-05,4.346031424317012e-05,5.459021165635255e-05,0.05459021165635255,2.576570324688995e-08
time_constants_only-s43,0.001,24,6.484281396936785e-05,4.437291091466758e-05,5.570664570330735e-05,0.05570664570330735,2.6864259475818506e-08
time_constants_only-s43,0.001,25,6.620605367812948e-05,4.531778386222781e-05,5.686236862991849e-05,0.05686236862991849,2.8313236896674993e-08
time_constants_only-s43,0.001,26,6.76104732952126e-05,4.629459118751144e-05,5.8056595176662974e-05,0.05805659517666297,2.9490389069913226e-08
time_constants_only-s43,0.001,27,6.905546221732657e-05,4.730306281746148e-05,5.928873066164349e-05,0.05928873066164349,3.0920454996423474e-08
time_constants_only-s43,0.001,28,7.054063629715392e-05,4.834299451647301e-05,6.055834204054565e-05,0.06055834204054565,3.2909939538289437e-08
time_constants_only-s43,0.001,29,7.206580016883762e-05,4.941424336085281e-05,6.186513594542995e-05,0.06186513594542995,3.4583408074589077e-08
time_constants_only-s43,0.001,30,7.363091295130948e-05,5.051672318094239e-05,6.320893780879635e-05,0.06320893780879636,3.640737465795819e-08
time_constants_only-s43,0.001,31,7.523606720516074e-05,5.165040176325341e-05,6.458967899453292e-05,0.06458967899453293,3.86787979403818e-08
time_constants_only-s43,0.001,32,7.688147093701219e-05,5.2815298866153676e-05,6.600738567951528e-05,0.06600738567951528,4.070827377550703e-08
time_constants_only-s43,0.001,33,7.856743030962529e-05,5.401148273725442e-05,6.746216741373619e-05,0.06746216741373619,4.3128404541574434e-08
time_constants_only-s43,0.001,34,8.02943401184925e-05,5.523906888646565e-05,6.89542110254423e-05,0.06895421102544229,4.549699280452884e-08
time_constants_only-s43,0.001,35,8.206267188022905e-05,5.649821850334924e-05,7.048377290323114e-05,0.07048377290323114,4.787839199114558e-08
time_constants_only-s43,0.001,36,8.387296668526891e-05,5.778913626980631e-05,7.205117378233372e-05,0.07205117378233372,5.046885137125638e-08
time_constants_only-s43,0.001,37,8.572582850042736e-05,5.9112069788038344e-05,7.365679441306425e-05,0.07365679441306425,5.3077259115374026e-08
time_constants_only-s43,0.001,38,8.76219178548254e-05,6.046730753371656e-05,7.530107083050344e-05,0.07530107083050344,5.612855089117527e-08
time_constants_only-s43,0.001,39,8.956194815643538e-05,6.185517791326615e-05,7.698449158713125e-05,0.07698449158713125,5.94992997991951e-08
time_constants_only-s43,0.001,40,9.154668138666025e-05,6.32760483562075e-05,7.870759459137936e-05,0.07870759459137937,6.306291396093706e-08
time_constants_only-s43,0.001,41,9.357692446403962e-05,6.473032413054699e-05,8.047096421886474e-05,0.08047096421886474,6.676554504002032e-08
time_constants_only-s43,0.001,42,9.565352610081271e-05,6.621844722795818e-05,8.227522872818351e-05,0.0822752287281835,7.105236845805104e-08
time_constants_only-s43,0.001,43,9.777737709462852e-05,6.774089599854215e-05,8.412105995075365e-05,0.08412105995075364,7.517028849454873e-08
time_constants_only-s43,0.001,44,9.994940435358057e-05,6.929818373729801e-05,8.600916892036906e-05,0.08600916892036906,7.961316234897029e-08
time_constants_only-s43,0.001,45,0.00010217057235189241,7.089085842477482e-05,8.794030629014765e-05,0.08794030629014765,8.435419117561645e-08
time_constants_only-s43,0.001,46,0.00010444187998463706,7.25195012565048e-05,8.9915259577222e-05,0.089915259577222,8.993717878715534e-08
time_constants_only-s43,0.001,47,0.00010676436263457914,7.418472723625683e-05,9.193485429206865e-05,0.09193485429206864,9.548821164536007e-08
time_constants_only-s43,0.001,48,0.00010913908854696621,7.588718313807201e-05,9.399995069674887e-05,0.09399995069674887,1.0086244790302818e-07
time_constants_only-s43,0.001,49,0.00011156715747440018,7.762754788636771e-05,9.611144288020274e-05,0.09611144288020274,1.0676271422426462e-07
time_constants_only-s43,0.001,50,0.00011404970284244229,7.940653210660577e-05,9.827025957229928e-05,0.09827025957229928,1.1294934700551536e-07
time_constants_only-s43,0.001,51,0.00011658788867039212,8.12248764321617e-05,0.00010047736141432717,0.10047736141432717,1.2031474994830616e-07
time_constants_only-s43,0.001,52,0.00011918291428746122,8.308335260621246e-05,0.00010273374390814202,0.10273374390814201,1.2784180535579597e-07
time_constants_only-s43,0.001,53,0.00012183600973831794,8.498276233355435e-05,0.00010504043407441298,0.10504043407441298,1.3501537032688956e-07
time_constants_only-s43,0.001,54,0.00012454843480612623,8.6923936461375e-05,0.0001073984893641596,0.1073984893641596,1.431760789260534e-07
time_constants_only-s43,0.001,55,0.00012732148340549276,8.89077357550007e-05,0.0001098090003493363,0.1098090003493363,1.520393037738493e-07
time_constants_only-s43,0.001,56,0.00013015647996392313,9.093504937764689e-05,0.00011227308785382743,0.11227308785382743,1.6258044051544027e-07
time_constants_only-s43,0.001,57,0.00013305478448560163,9.300679570870205e-05,0.00011479190608385942,0.11479190608385942,1.7409377951745255e-07
time_constants_only-s43,0.001,58,0.0001360177895248454,9.512392182268724e-05,0.00011736664054300168,0.11736664054300168,1.8589844596906624e-07
time_constants_only-s43,0.001,59,0.0001390469192975726,9.72874034773771e-05,0.00011999850740496662,0.11999850740496662,1.9841324005739266e-07
time_constants_only-s43,0.001,60,0.00014214363272993934,9.9498244686993e-05,0.000122688755013779,0.122688755013779,2.114430253528078e-07
time_constants_only-s43,0.001,61,0.00014530942170516535,0.00010175747816399896,0.00012543866296710316,0.12543866296710315,2.254934842201736e-07
time_constants_only-s43,0.001,62,0.00014854581491786939,0.00010406616459945989,0.00012824954398863727,0.12824954398863728,2.4024507140712274e-07
time_constants_only-s43,0.001,63,0.00015185437433316547,0.00010642539342288005,0.00013112274212003473,0.13112274212003472,2.5643880541024425e-07
time_constants_only-s43,0.001,64,0.00015523669975472005,0.00010883628254518114,0.00013405963521164092,0.1340596352116409,2.7377980768079436e-07
time_constants_only-s43,0.001,65,0.00015869442827861632,0.00011129997871108442,0.0001370616347014734,0.1370616347014734,2.914853799793686e-07
time_constants_only-s43,0.001,66,0.00016222922991031115,0.00011381765782481677,0.00014013018317140044,0.14013018317140044,3.1167181865370124e-07
time_constants_only-s43,0.001,67,0.00016584281815199136,0.00011639052497714462,0.00014326676045337125,0.14326676045337125,3.3277021094995836e-07
time_constants_only-s43,0.001,68,0.00016953694190415005,0.00011901981401953009,0.00014647287873767405,0.14647287873767403,3.557613546234133e-07
time_constants_only-s43,0.001,69,0.00017331339159348631,0.00012170678963523582,0.0001497500869367334,0.1497500869367334,3.8002121157944733e-07
time_constants_only-s43,0.001,70,0.00017717399686923192,0.00012445274628306878,0.00015309996890029254,0.15309996890029254,4.0599937424560913e-07
time_constants_only-s43,0.001,71,0.00018112062756724573,0.00012725900849706355,0.00015652414407667505,0.15652414407667506,4.347779487214751e-07
time_constants_only-s43,0.001,72,0.00018515519850687934,0.00013012693206255075,0.00016002427075027779,0.16002427075027778,4.6540779038234555e-07
time_constants_only-s43,0.001,73,0.00018927966680756545,0.0001330579041261515,0.00016360204451908858,0.16360204451908858,4.976129195359061e-07
time_constants_only-s43,0.001,74,0.00019349603276851086,0.00013605334433413658,0.00016725919925428883,0.16725919925428884,5.311623975461493e-07
time_constants_only-s43,0.001,75,0.00019780633972582307,0.00013911470388874752,0.00017099750662478131,0.1709975066247813,5.675178765914409e-07
time_constants_only-s43,0.001,76,0.0002022126793701621,0.00014224346772789766,0.00017481878004960624,0.17481878004960624,6.061177579997021e-07
time_constants_only-s43,0.001,77,0.0002067171877414263,0.00014544115378253153,0.00017872487207213196,0.17872487207213195,6.482603866221041e-07
time_constants_only-s43,0.001,78,0.0002113220520307563,0.00014870931462170482,0.0001827176789567999,0.18271767895679988,6.928467152109966e-07
time_constants_only-s43,0.001,79,0.00021602950444987848,0.00015204953753973917,0.00018679913717183463,0.18679913717183463,7.414672894768226e-07
time_constants_only-s43,0.001,80,0.000220841831367136,0.00015546344516715536,0.00019097122891814113,0.1909712289181411,7.927855746558072e-07
time_constants_only-s43,0.001,81,0.00022576136659502557,0.00015895269649942377,0.00019523597866062865,0.19523597866062864,8.478819957512105e-07
time_constants_only-s43,0.001,82,0.00023079049849100849,0.0001625189872584999,0.00019959545737830936,0.19959545737830936,9.063970747689259e-07
time_constants_only-s43,0.001,83,0.00023593166603449946,0.00016616405206265134,0.0002040517811758777,0.2040517811758777,9.693334937858787e-07
time_constants_only-s43,0.001,84,0.0002411873636556617,0.00016988966332818809,0.0002086071136255584,0.2086071136255584,1.0371413069895955e-06
time_constants_only-s43,0.001,85,0.00024656014452082364,0.0001736976314429436,0.0002132636677347759,0.21326366773477587,1.1088965808983735e-06
time_constants_only-s43,0.001,86,0.00025205261540496397,0.0001775898092553902,0.00021802370480727875,0.21802370480727876,1.185000593499807e-06
time_constants_only-s43,0.001,87,0.00025766743931203846,0.00018156808866711147,0.00022288953456892833,0.22288953456892832,1.2676146703205128e-06
time_constants_only-s43,0.001,88,0.0002634073431061932,0.0001856344047912544,0.00022786352127051655,0.22786352127051654,1.3557536690462223e-06
time_constants_only-s43,0.001,89,0.00026927511077954474,0.00018979073455157065,0.00023294807922471524,0.23294807922471525,1.4510904306363068e-06
time_constants_only-s43,0.001,90,0.0002752735912026024,0.00019403909967877057,0.00023814567850468643,0.23814567850468643,1.553245555157259e-06
time_constants_only-s43,0.001,91,0.0002814056955550394,0.00019838156569899519,0.0002434588430461047,0.2434588430461047,1.6626098140985171e-06
time_constants_only-s43,0.001,92,0.0002876744014310784,0.00020282024460430948,0.00024889015410688213,0.24889015410688212,1.7784410897208933e-06
time_constants_only-s43,0.001,93,0.0002940827485778443,0.00020735729431282007,0.0002544422475832541,0.25444224758325407,1.9030271376707486e-06
time_constants_only-s43,0.001,94,0.00030063384924691435,0.00021199492063437848,0.0002601178207926912,0.2601178207926912,2.0356822788859665e-06
time_constants_only-s43,0.001,95,0.00030733088348005656,0.0002167353784562141,0.00026591963023148564,0.2659196302314856,2.1764135983803695e-06
time_constants_only-s43,0.001,96,0.0003141771005526102,0.00022158097100383585,0.00027185049210735776,0.27185049210735773,2.32680418514196e-06
time_constants_only-s43,0.001,97,0.00032117582255094797,0.00022653405362918228,0.00027791328594973353,0.2779132859497335,2.487976480482487e-06
time_constants_only-s43,0.001,98,0.0003283304454103288,0.00023159703545718726,0.0002841109558804996,0.2841109558804996,2.660211939717311e-06
time_constants_only-s43,0.001,99,0.0003356444446994279,0.0002367723761762743,0.00029044651264781437,0.29044651264781435,2.842780070317181e-06
time_constants_only-s43,0.001,100,0.0003431213660605893,0.00024206259189927683,0.00029692303049064575,0.2969230304906457,3.0385790721234605e-06
time_constants_only-s43,0.001,101,0.00035076483957705734,0.0002474702521685124,0.00030354365421926397,0.303543654219264,3.2478667192861836e-06
time_constants_only-s43,0.001,102,0.0003585785726500321,0.0002529979850875579,0.0003103115971912352,0.3103115971912352,3.47288877422665e-06
time_constants_only-s43,0.001,103,0.00036656635977863616,0.0002586484765479667,0.00031723014664651535,0.31723014664651533,3.71298859128465e-06
time_constants_only-s43,0.001,104,0.00037473207954103166,0.0002644244718927432,0.0003243026626412463,0.3243026626412463,3.967433866168536e-06
time_constants_only-s43,0.001,105,0.0003830796898372701,0.00027032877830498276,0.0003315325762725813,0.3315325762725813,4.240409551172634e-06
time_constants_only-s43,0.001,106,0.0003916132431324218,0.00027636426209657976,0.0003389233973803852,0.3389233973803852,4.532590163682058e-06
time_constants_only-s43,0.001,107,0.0004003368784601975,0.0002825338557348819,0.00034647871279144615,0.34647871279144615,4.846329879169183e-06
time_constants_only-s43,0.001,108,0.00040925483570283794,0.0002888405565972288,0.0003542021940616762,0.3542021940616762,5.1784317676760805e-06
time_constants_only-s43,0.001,109,0.0004183714376909072,0.0002952874266481158,0.00036209758700303616,0.3620975870030361,5.534147828275593e-06
time_constants_only-s43,0.001,110,0.00042769110963808155,0.0003018775984638577,0.00037016872536764224,0.3701687253676422,5.91311331855105e-06
time_constants_only-s43,0.001,111,0.0004372183743923654,0.0003086142702512605,0.0003784195260730239,0.3784195260730239,6.317521303536175e-06
time_constants_only-s43,0.001,112,0.0004469578497703998,0.0003155007160683251,0.0003868539918297505,0.3868539918297505,6.751635273289563e-06
time_constants_only-s43,0.001,113,0.0004569142662983536,0.00032254027766668577,0.00039547621806377577,0.39547621806377575,7.215136047485914e-06
time_constants_only-s43,0.001,114,0.00046709245335161667,0.0003297363749267646,0.00040429038916452945,0.4042903891645294,7.710244546270267e-06
time_constants_only-s43,0.001,115,0.00047749734801996735,0.0003370925006158111,0.0004133007814684961,0.4133007814684961,8.240644315512726e-06
time_constants_only-s43,0.001,116,0.00048813400244428597,0.0003446122266534206,0.0004225117700524108,0.4225117700524108,8.806077688060224e-06
time_constants_only-s43,0.001,117,0.0004990075757794168,0.00035229920398674946,0.0004319278240394606,0.4319278240394606,9.410209033784398e-06
time_constants_only-s43,0.001,118,0.000510123344709906,0.00036015716449817615,0.00044155351345192645,0.44155351345192645,1.0054559185599831e-05
time_constants_only-s43,0.001,119,0.0005214867030246776,0.00036818992269976717,0.000451393509656146,0.45139350965614594,1.0741314497471811e-05
time_constants_only-s43,0.001,120,0.0005331031598318563,0.00037640137869042207,0.00046145258553769765,0.46145258553769763,1.1475831836911552e-05
time_constants_only-s43,0.001,121,0.000544978346444957,0.000384795517325388,0.0004717356191401508,0.4717356191401508,1.2264807467239006e-05
time_constants_only-s43,0.001,122,0.0005571180313475571,0.00039337641176816966,0.0004822476037578903,0.4822476037578903,1.3106305298733454e-05
time_constants_only-s43,0.001,123,0.0005695280966751742,0.0004021482286873655,0.0004929936364706109,0.49299363647061084,1.4008332437819872e-05
time_constants_only-s43,0.001,124,0.0005822145694091251,0.00041111522453687275,0.0005039789346447926,0.5039789346447926,1.4970369588189863e-05
time_constants_only-s43,0.001,125,0.0005951836019072688,0.0004202817515397709,0.0005152088271282483,0.5152088271282483,1.5997747301921065e-05
time_constants_only-s43,0.001,126,0.0006084414842848176,0.00042965225851011434,0.0005266887617366272,0.5266887617366272,1.7095002686261984e-05
time_constants_only-s43,0.001,127,0.0006219946479153645,0.00043923129231646064,0.0005384243078727867,0.5384243078727867,1.8266318782220633e-05
time_constants_only-s43,0.001,128,0.0006358496646952663,0.0004490235019033837,0.0005504211577419866,0.5504211577419866,1.951815191631793e-05
time_constants_only-s43,0.001,129,0.0006500132545962683,0.000459033637845694,0.0005626851305325955,0.5626851305325955,2.0855767874510643e-05
time_constants_only-s43,0.001,130,0.0006644922880520304,0.0004692665589099633,0.0005752221764708248,0.5752221764708249,2.228379458847171e-05
time_constants_only-s43,0.001,131,0.0006792937804782981,0.00047972722882848654,0.0005880383723397642,0.5880383723397642,2.381292689736638e-05
time_constants_only-s43,0.001,132,0.0006944249218007923,0.0004904207238265697,0.000601139941604904,0.6011399416049039,2.544165246001443e-05
time_constants_only-s43,0.001,133,0.0007098930353045013,0.0005013522307364726,0.0006145332298764186,0.6145332298764186,2.7186436309110715e-05
time_constants_only-s43,0.001,134,0.0007257056299519294,0.0005125270532622101,0.000628224737683178,0.628224737683178,2.904946187458843e-05
time_constants_only-s43,0.001,135,0.0007418703752321519,0.0005239506138658257,0.0006422211067152672,0.6422211067152671,3.103640123363202e-05
time_constants_only-s43,0.001,136,0.0007583951032784369,0.0005356284540084732,0.0006565291211453393,0.6565291211453392,3.315921719075691e-05
time_constants_only-s43,0.001,137,0.000775287830528643,0.0005475662361911605,0.0006711557209719273,0.6711557209719273,3.5425048700490954e-05
time_constants_only-s43,0.001,138,0.00079255673674009,0.0005597697530116215,0.0006861079935932298,0.6861079935932297,3.7849126831461366e-05
time_constants_only-s43,0.001,139,0.0008102101964270273,0.0005722449226366445,0.0007013931901177501,0.7013931901177501,4.043996049484783e-05
time_constants_only-s43,0.001,140,0.00082825676357029,0.0005849977931209758,0.0007170187182947147,0.7170187182947146,4.321174096253203e-05
time_constants_only-s43,0.001,141,0.0008467051919235968,0.0005980345527621222,0.0007329921584666884,0.7329921584666883,4.617108068515381e-05
time_constants_only-s43,0.001,142,0.000865564421040169,0.0006113615203901315,0.0007493212515374508,0.7493212515374508,4.933318075084516e-05
time_constants_only-s43,0.001,143,0.0008848435932683707,0.0006249851615062078,0.0007660139153720703,0.7660139153720703,5.270864289386884e-05
time_constants_only-s43,0.001,144,0.0009045520490750839,0.0006389120821263395,0.0007830782395842254,0.7830782395842254,5.6313360242809854e-05
time_constants_only-s43,0.001,145,0.0009246993359272347,0.0006531490341719408,0.0008005224928649788,0.8005224928649788,6.016531141560129e-05
time_constants_only-s43,0.001,146,0.0009452952170267718,0.0006677029205903619,0.0008183551301166986,0.8183551301166986,6.427945580281267e-05
time_constants_only-s43,0.001,147,0.0009663496630281708,0.000682580798265478,0.0008365847888567201,0.83658478885672,6.867859463787675e-05
time_constants_only-s43,0.001,148,0.0009878728794612294,0.0006977898779785754,0.0008552203050398366,0.8552203050398366,7.337794882587438e-05
time_constants_only-s43,0.001,149,0.0010098752920069836,0.0007133375325376724,0.0008742707078704129,0.8742707078704129,7.83976457997721e-05
time_constants_only-s43,0.001,150,0.001032367557054749,0.0007292312985499828,0.0008937452266230197,0.8937452266230196,8.375911038150771e-05
time_constants_only-s43,0.001,151,0.001055360562598629,0.0007454788791716998,0.0009136532922818156,0.9136532922818156,8.948952652758027e-05
time_constants_only-s43,0.001,152,0.0010788654437886812,0.0007620881477787009,0.0009340045480197923,0.9340045480197923,9.56127012054307e-05
time_constants_only-s43,0.001,153,0.001102893588364529,0.0007790671533864697,0.0009548088545480486,0.9548088545480485,0.00010215008175645088
time_constants_only-s43,0.001,154,0.0011274566240705892,0.0007964241258784382,0.0009760762849805875,0.9760762849805875,0.00010913241038219986
time_constants_only-s43,0.001,155,0.001152566429980763,0.00081416747337191,0.0009978171303001628,0.9978171303001628,0.00011659737786360605
time_constants_only-s43,0.001,156,0.0011782351729765952,0.000832305792045091,0.00102004192443502,1.02004192443502,0.0001245683863413293
time_constants_only-s43,0.001,157,0.0012044752678210858,0.0008508478693444825,0.0010427614225086957,1.0427614225086956,0.00013308466855275136
time_constants_only-s43,0.001,158,0.0012312994120498434,0.0008698026863118928,0.001065986621940092,1.065986621940092,0.0001421827570498175
time_constants_only-s43,0.001,159,0.0012587205707907758,0.0008891794234320762,0.0010897287560625302,1.0897287560625302,0.0001519098537652396
time_constants_only-s43,0.001,160,0.0012867520195393382,0.0009089874635553939,0.0011139993200198178,1.1139993200198177,0.00016230111865236737
time_constants_only-s43,0.001,161,0.0013154073312759273,0.0009292363984561758,0.001138810066002056,1.138810066002056,0.00017339045782834055
time_constants_only-s43,0.001,162,0.0013447003248809588,0.0009499360324028919,0.0011641729749103772,1.1641729749103773,0.0001852509487547108
time_constants_only-s43,0.001,163,0.001374645184104255,0.0009710963886144972,0.0011901003276998002,1.1901003276998001,0.0001979185299376508
time_constants_only-s43,0.001,164,0.0014052563895405074,0.000992727709953501,0.0012166046663752805,1.2166046663752805,0.00021144540765297064
time_constants_only-s43,0.001,165,0.001436548718921029,0.0010148404615106415,0.0012436987952149977,1.2436987952149976,0.00022590134912947807
time_constants_only-s43,0.001,166,0.0014685373037695358,0.0010374453497833964,0.0012713958213157312,1.271395821315731,0.00024134074650287342
time_constants_only-s43,0.001,167,0.001501237598744557,0.0010605533081241055,0.0012997091309496654,1.2997091309496653,0.0002578305626722447
time_constants_only-s43,0.001,168,0.0015346653939076913,0.0010841755223165808,0.0013286524070851636,1.3286524070851635,0.0002754422294494376
time_constants_only-s43,0.001,169,0.0015688368088531204,0.0011083234140182648,0.0013582396192409558,1.3582396192409558,0.000294268981493725
time_constants_only-s43,0.001,170,0.001603768359996186,0.0011330086605518608,0.001388485070421668,1.3884850704216678,0.00031437877216910484
time_constants_only-s43,0.001,171,0.0016394769087676284,0.0011582432010851294,0.0014194033697200248,1.4194033697200248,0.0003358566793764167
time_constants_only-s43,0.001,172,0.0016759796715830682,0.0011840392388945344,0.0014510094389989377,1.4510094389989376,0.0003588036297177764
time_constants_only-s43,0.001,173,0.0017132942519277503,0.001210409239438171,0.001483318530633871,1.483318530633871,0.0003833226250929135
time_constants_only-s43,0.001,174,0.001751438670215633,0.0012373659519048276,0.0015163462535498174,1.5163462535498173,0.0004095020438729011
time_constants_only-s43,0.001,175,0.001790431284743648,0.0012649223917782643,0.001550108520456659,1.550108520456659,0.00043747958836342835
time_constants_only-s43,0.001,176,0.0018302908892823839,0.0012930918800312925,0.001584621620201987,1.584621620201987,0.0004673714670021875
time_constants_only-s43,0.001,177,0.0018710366875220542,0.0013218880175399387,0.0016199021925731628,1.6199021925731627,0.0004993086333004228
time_constants_only-s43,0.001,178,0.0019126883211766938,0.0013513247103574101,0.0016559672548391911,1.655967254839191,0.0005334187569737875
time_constants_only-s43,0.001,179,0.001955265818875027,0.001381416173895956,0.0016928341739434936,1.6928341739434936,0.0005698630653831684
time_constants_only-s43,0.001,180,0.0019987896938061505,0.0014121769257769458,0.0017305207199758096,1.7305207199758095,0.000608787136581065
time_constants_only-s43,0.001,181,0.002043280877908338,0.0014436218091207545,0.0017690450376690705,1.7690450376690705,0.0006503639427019533
time_constants_only-s43,0.001,182,0.0020887607638461823,0.0014757659956410817,0.0018084256719047428,1.8084256719047427,0.0006947733002886196
time_constants_only-s43,0.001,183,0.002135251197099783,0.0015086249864366265,0.0018486815634668932,1.8486815634668932,0.0007422199093977274
time_constants_only-s43,0.001,184,0.0021827745059249124,0.0015422146195861104,0.0018898320694437968,1.8898320694437967,0.0007929142143252056
time_constants_only-s43,0.001,185,0.0022313535391610987,0.0015765510869967323,0.0019318969919362196,1.9318969919362194,0.0008470586318517289
time_constants_only-s43,0.001,186,0.00228101159610157,0.0016116509303915072,0.0019748965359213,1.9748965359212998,0.0009049006554320204
time_constants_only-s43,0.001,187,0.0023317724798345516,0.0016475310521025324,0.0020188513444598065,2.0188513444598066,0.0009667033069457738
time_constants_only-s43,0.001,188,0.0023836605611527503,0.0016842087316092502,0.0020637825423536504,2.06378254235365,0.0010327150926975302
time_constants_only-s43,0.001,189,0.0024367006929090188,0.001721701620863996,0.002109711684778365,2.109711684778365,0.0011032311609580714
time_constants_only-s43,0.001,190,0.002490918268791698,0.001760027755962825,0.002156660795987976,2.156660795987976,0.0011785626914205996
time_constants_only-s43,0.001,191,0.0025463392527298183,0.001799205561782554,0.002204652388189738,2.204652388189738,0.0012590312771786107
time_constants_only-s43,0.001,192,0.002602990147835589,0.0018392538793316217,0.002253709454766197,2.253709454766197,0.001344986693418202
time_constants_only-s43,0.001,193,0.002660898026579459,0.0018801919473809556,0.002303855480211262,2.303855480211262,0.0014368101707543425
time_constants_only-s43,0.001,194,0.0027200905812280783,0.001922039427760774,0.0023551144795740985,2.3551144795740986,0.0015348774672438318
time_constants_only-s43,0.001,195,0.0027805960178496417,0.0019648164169878257,0.0024075109419985554,2.4075109419985554,0.0016396462026786866
time_constants_only-s43,0.001,196,0.0028424432194837966,0.0020085434279405777,0.00246106991746972,2.46106991746972,0.0017515558064822463
time_constants_only-s43,0.001,197,0.002905661657411922,0.0020532414326266887,0.002515816983030288,2.515816983030288,0.0018710961965105423
time_constants_only-s43,0.001,198,0.002970281451681937,0.0020989318525129275,0.00257177827378549,2.57177827378549,0.001998775127347528
time_constants_only-s43,0.001,199,0.0030363333204142594,0.0021456365750434237,0.0026289804603665916,2.6289804603665914,0.0021351638855796116
time_constants_only-s43,0.001,200,0.00310384865904378,0.0021933779532711277,0.002687450794544237,2.6874507945442367,0.0022808557058532487
time_constants_only-s43,0.001,201,0.003172859531442416,0.0022421788387147474,0.0027472171175112075,2.7472171175112075,0.002436478588294466
time_constants_only-s43,0.001,202,0.0032433986796617065,0.0022920625516013216,0.0028083078533621703,2.8083078533621704,0.00260270951129837
time_constants_only-s43,0.001,203,0.003315499539101691,0.002343052930294833,0.0028707520380318826,2.8707520380318825,0.002780263199676119
time_constants_only-s43,0.001,204,0.0033891962528277333,0.0023951743134573563,0.002934579320273148,2.934579320273148,0.002969903995256944
time_constants_only-s43,0.001,205,0.003464523668501063,0.002448451560991855,0.0029998199684413184,2.9998199684413183,0.003172458330349769
time_constants_only-s43,0.001,206,0.003541517337520078,0.002502910077961144,0.0030665048797547316,3.0665048797547314,0.0033888160975034777
time_constants_only-s43,0.001,207,0.003620213609284986,0.00255857580486944,0.0031346656307686955,3.1346656307686955,0.003619894136080711
time_constants_only-s43,0.001,208,0.0037006495387202324,0.00261547522758415,0.003204334428019816,3.204334428019816,0.003866709708421819
time_constants_only-s43,0.001,209,0.0037828629676364264,0.0026736353995661048,0.003275544164080448,3.275544164080448,0.00413032969859932
time_constants_only-s43,0.001,210,0.003866892532510802,0.002733083949211423,0.003348328425060413,3.3483284250604126,0.004411887209797157
time_constants_only-s43,0.001,211,0.003952777603421163,0.0027938490803326122,0.0034227214555297703,3.42272145552977,0.004712630810811864
time_constants_only-s43,0.001,212,0.0040405584846875155,0.0028559596125072996,0.0034987582908508133,3.4987582908508132,0.005033811095185252
time_constants_only-s43,0.001,213,0.004130276175304813,0.002919444940697868,0.0035764746023640606,3.5764746023640606,0.00537685270798974
time_constants_only-s43,0.001,214,0.004221972555448663,0.0029843351111032927,0.0036559068360534613,3.655906836053461,0.005743232739840558
time_constants_only-s43,0.001,215,0.004315690368683334,0.0030506607734362813,0.0037370921827833033,3.7370921827833032,0.0061345290986127374
time_constants_only-s43,0.001,216,0.0044114732446220595,0.0031184532373350333,0.0038200686144150646,3.8200686144150646,0.0065524007379816115
time_constants_only-s43,0.001,217,0.0045093656408557335,0.0031877444436109403,0.0039048748385435692,3.904874838543569,0.00699866125712266
time_constants_only-s43,0.001,218,0.004609412853959729,0.0032585670134726826,0.003991550324952045,3.991550324952045,0.007475267073736851
time_constants_only-s43,0.001,219,0.004711661136199052,0.0033309542304117315,0.004080135365605267,4.080135365605267,0.007984275758531213
time_constants_only-s43,0.001,220,0.004816157747726663,0.0034049400589337294,0.004170671112434542,4.170671112434541,0.00852782236315205
time_constants_only-s43,0.001,221,0.0049229507223481584,0.003480559177385906,0.004263199455503728,4.263199455503728,0.009108278192161976
time_constants_only-s43,0.001,222,0.005032089121226164,0.00355784698111723,0.004357763170786112,4.357763170786113,0.009728120183822292
time_constants_only-s43,0.001,223,0.005143622904489026,0.0036368395511334026,0.004454405833250886,4.454405833250886,0.01039002890518392
time_constants_only-s43,0.001,224,0.00525760303095483,0.0037175737345865093,0.004553171907296632,4.5531719072966315,0.01109683006071092
time_constants_only-s43,0.001,225,0.0053740813737705485,0.003800087088802454,0.004654106675222587,4.654106675222587,0.011851596331111585
time_constants_only-s43,0.001,226,0.005493110905599129,0.003884417966310388,0.004757256378812937,4.757256378812937,0.01265750872140511
time_constants_only-s43,0.001,227,0.005614745522539417,0.003970605460931759,0.004862668095753158,4.862668095753158,0.013518023143642355
time_constants_only-s43,0.001,228,0.005739040133074839,0.004058689457746787,0.004970389811345495,4.970389811345495,0.014436811716476055
time_constants_only-s43,0.001,229,0.005866050653737734,0.004148710617897193,0.005080470409821976,5.0804704098219755,0.015417812310832052
time_constants_only-s43,0.001,230,0.005995834006551647,0.004240710395284427,0.0051929596796948686,5.1929596796948685,0.01646523300948132
time_constants_only-s43,0.001,231,0.006128448198312676,0.004334731090942025,0.005307908381784859,5.307908381784859,0.017583514153368566
time_constants_only-s43,0.001,232,0.006263952270552274,0.004430815783482146,0.005425368191866935,5.425368191866935,0.01877741368444242
time_constants_only-s43,0.001,233,0.006402406298174544,0.004529008421186877,0.005545391737581346,5.545391737581346,0.02005200603463005
time_constants_only-s43,0.001,234,0.006543871344567202,0.004629353767000912,0.00566803255002429,5.668032550024289,0.02141275495353293
time_constants_only-s43,0.001,235,0.006688409736053692,0.00473189747457028,0.005793345253303947,5.793345253303947,0.022865332819759866
time_constants_only-s43,0.001,236,0.0068360846263817825,0.004836686027988709,0.005921385288503667,5.921385288503666,0.024415961424864793
time_constants_only-s43,0.001,237,0.006986960319720306,0.004943766769510019,0.006052209111544665,6.0522091115446655,0.026071222002763905
time_constants_only-s43,0.001,238,0.007141102223650409,0.005053187958201793,0.0061858741899588005,6.185874189958801,0.027838098556941304
time_constants_only-s43,0.001,239,0.007298576932314665,0.005164998723922831,0.006322439032129517,6.322439032129517,0.02972395984040484
time_constants_only-s43,0.001,240,0.00745945189274652,0.005279249107534797,0.006461963011232887,6.461963011232887,0.031736796963025074
time_constants_only-s43,0.001,241,0.0076237956242808415,0.005395990015595835,0.006604506473342034,6.604506473342035,0.03388514768378165
time_constants_only-s43,0.001,242,0.007791677923473022,0.005515273311652207,0.0067501308930398764,6.750130893039876,0.03617794338801947
time_constants_only-s43,0.001,243,0.007963169415703807,0.005637151754748976,0.006898898589612906,6.898898589612906,0.038624861919028
time_constants_only-s43,0.001,244,0.008138341978714152,0.0057616790305057,0.007050872984170701,7.050872984170701,0.041236073366260735
time_constants_only-s43,0.001,245,0.008317268431503683,0.005888909740615033,0.007206118415881757,7.206118415881757,0.04402249431915521
time_constants_only-s43,0.001,246,0.008500022643998559,0.006018899426247278,0.007364700214949606,7.364700214949606,0.04699573319099462
time_constants_only-s43,0.001,247,0.008686679486071151,0.006151704562970631,0.007526684671108224,7.526684671108224,0.05016816038317892
time_constants_only-s43,0.001,248,0.00887731486042435,0.0062873825560547355,0.007692139050824001,7.692139050824001,0.05355293915264828
time_constants_only-s43,0.001,249,0.009072005651050208,0.006425991735935495,0.007861131565831986,7.861131565831986,0.057164076782241495
time_constants_only-s43,0.001,250,0.00927082970948439,0.006567591403186593,0.008033731383546915,8.033731383546915,0.06101648443856596
time_constants_only-s43,0.001,251,0.009473865876760287,0.006712241736557002,0.008210008602340134,8.210008602340134,0.0651260112149088
time_constants_only-s43,0.001,252,0.009681193839704349,0.006860003906471024,0.008390034215165943,8.390034215165944,0.0695095557754674
time_constants_only-s43,0.001,253,0.009892894214653105,0.007010939958122097,0.008573880110140195,8.573880110140195,0.07418508368521168
time_constants_only-s43,0.001,254,0.010109048415540518,0.007165112898872111,0.008761619030346241,8.76161903034624,0.07917173116619533
time_constants_only-s43,0.001,255,0.010329738893852617,0.007322586601996521,0.008953324673027133,8.953324673027133,0.08448972261706011
time_constants_only-s43,0.001,256,0.01055504866489089,0.007483425890018675,0.009149071450596374,9.149071450596374,0.09016070291906407
time_constants_only-s43,1.0,0,0.4709722864789247,0.021328128559841595,0.3333690025325176,0.3333690025325176,0.10435624950346874
time_constants_only-s43,1.0,1,0.17261528267236384,0.024944020851790587,0.12332620931197337,0.12332620931197337,0.03946492810677562
time_constants_only-s43,1.0,2,0.09838574150092877,0.025646697430536807,0.07190483257621841,0.07190483257621841,0.023261349275767153
time_constants_only-s43,1.0,3,0.06929605034857032,0.025723812756656788,0.05231351863259107,0.05231351863259107,0.0172161649975106
time_constants_only-s43,1.0,4,0.05511674532322151,0.025674500548235696,0.04310764524056841,0.04310764524056841,0.014485040553836632
time_constants_only-s43,1.0,5,0.04740608111488582,0.025626633714679763,0.0382971289520223,0.0382971289520223,0.013151452930303398
time_constants_only-s43,1.0,6,0.04298472375128886,0.02561612389801053,0.03564407613444386,0.03564407613444386,0.0125060747128656
time_constants_only-s43,1.0,7,0.04039151695713888,0.025651652947683727,0.03414639940460626,0.03414639940460626,0.01223183085498682
time_constants_only-s43,1.0,8,0.03886980717208816,0.025733069702509763,0.03330580825956839,0.03330580825956839,0.012171594024675646
time_constants_only-s43,1.0,9,0.038002552373127906,0.02585737210875423,0.032859321304853466,0.032859321304853466,0.01224299600814931
time_constants_only-s43,1.0,10,0.03755172423784005,0.026020863828842652,0.03266230684889216,0.03266230684889216,0.012401231768189533
time_constants_only-s43,1.0,11,0.03737711996587639,0.0262199504801945,0.03263201553194549,0.03263201553194549,0.012621059692842414
time_constants_only-s43,1.0,12,0.03739313649673133,0.0264514064359296,0.03271909386933212,0.03271909386933212,0.012887746111830516
time_constants_only-s43,1.0,13,0.03754545625084837,0.026712429246141634,0.032892831007951394,0.032892831007951394,0.013192398317036991
time_constants_only-s43,1.0,14,0.037798333357225586,0.027000612317111105,0.03313330202190712,0.03313330202190712,0.01352949211508276
time_constants_only-s43,1.0,15,0.03812749407459436,0.027313891786941838,0.03342704890089854,0.03342704890089854,0.01389551972580081
time_constants_only-s43,1.0,16,0.038516018251887066,0.027650489754908702,0.03376462722892627,0.03376462722892627,0.014288225328801907
time_constants_only-s43,1.0,17,0.038951839501964944,0.028008862625321672,0.03413916750929801,0.03413916750929801,0.014706158828127383
time_constants_only-s43,1.0,18,0.03942616720170329,0.028387657239989803,0.0345455063578374,0.0345455063578374,0.015148406584297005
time_constants_only-s43,1.0,19,0.039932458297070025,0.02878567484587443,0.0349796448770791,0.0349796448770791,0.015614425905449205
time_constants_only-s43,1.0,20,0.04046573756805187,0.02920184173544206,0.0354384029264374,0.0354384029264374,0.01610393886414622
time_constants_only-s43,1.0,21,0.04102214173822066,0.029635185943208006,0.035919192089167606,0.035919192089167606,0.016616862752347035
time_constants_only-s43,1.0,22,0.041598607662170994,0.030084818534855118,0.03641986111894066,0.03641986111894066,0.01715326481129418
time_constants_only-s43,1.0,23,0.042192661114343076,0.030549919021377908,0.036938590859708215,0.036938590859708215,0.01771332923622681
time_constants_only-s43,1.0,24,0.04280226737193214,0.0310297238973878,0.03747381853931658,0.03747381853931658,0.01829733525975606
time_constants_only-s43,1.0,25,0.043425726137802025,0.031523517370529795,0.03802418317593997,0.03802418317593997,0.018905641245556864
time_constants_only-s43,1.0,26,0.044061596820032044,0.032030624561487614,0.038588485933221756,0.038588485933221756,0.01953867232295243
time_constants_only-s43,1.0,27,0.04470864232912642,0.03255040589152016,0.03916565928896984,0.03916565928896984,0.020196912263217445
time_constants_only-s43,1.0,28,0.045365788470342096,0.03308225307458991,0.03975474433684116,0.03975474433684116,0.02088089640318324
time_constants_only-s43,1.0,29,0.04603209235933835,0.033625585312415746,0.04035487242696434,0.04035487242696434,0.02159120699302692
time_constants_only-s43,1.0,30,0.04670671770707794,0.034179847128294034,0.04096525082906758,0.04096525082906758,0.0223284694421422
time_constants_only-s43,1.0,31,0.04738891799877574,0.03474450609599365,0.041585152557506284,0.041585152557506284,0.023093348095307095
time_constants_only-s43,1.0,32,0.048078018694020924,0.03531905118811617,0.042213905670676025,0.042213905670676025,0.023886545398649046
time_constants_only-s43,1.0,33,0.04877340663224645,0.035902991274633235,0.04285088662369262,0.04285088662369262,0.024708799078051277
time_constants_only-s43,1.0,34,0.04947451894826138,0.03649585377835501,0.04349551334979481,0.04349551334979481,0.025560881321284822
time_constants_only-s43,1.0,35,0.05018083609258124,0.037097183871884716,0.04414724084399223,0.04414724084399223,0.02644359672647559
time_constants_only-s43,1.0,36,0.050891874449516664,0.03770654301538764,0.04480555621166784,0.04480555621166784,0.027357781756734253
time_constants_only-s43,1.0,37,0.051607180099372735,0.038323508637390216,0.04546997483381879,0.04546997483381879,0.028304304088065765
time_constants_only-s43,1.0,38,0.05232632435394611,0.03894767269492075,0.0461400370323544,0.0461400370323544,0.029284061867206435
time_constants_only-s43,1.0,39,0.053048899855459054,0.03957864097330899,0.04681530535760754,0.04681530535760754,0.030297983106167867
time_constants_only-s43,1.0,40,0.053774516629994565,0.040216032362296227,0.047495361810074896,0.047495361810074896,0.03134702546737757
time_constants_only-s43,1.0,41,0.0545028001564467,0.04085947785565663,0.04817980609089774,0.04817980609089774,0.03243217539439969
time_constants_only-s43,1.0,42,0.05523338778433342,0.04150862012049979,0.048868253146743326,0.048868253146743326,0.033554448413976146
time_constants_only-s43,1.0,43,0.055965927125365786,0.042163112597518294,0.04956033160677598,0.04956033160677598,0.034714888624295615
time_constants_only-s43,1.0,44,0.056700074461040716,0.04282261835920232,0.050255682149947314,0.050255682149947314,0.035914568591080644
time_constants_only-s43,1.0,45,0.05743549321904334,0.0434868101343276,0.05095395640252129,0.05095395640252129,0.03715458893041934
time_constants_only-s43,1.0,46,0.058171852922027985,0.044155369119985556,0.05165481556348408,0.05165481556348408,0.03843607835509273
time_constants_only-s43,1.0,47,0.058908827529519495,0.04482798458478482,0.05235792907697641,0.05235792907697641,0.039760193782032244
time_constants_only-s43,1.0,48,0.05964609594142452,0.04550435294149605,0.05306297428292434,0.05306297428292434,0.041128119652398876
time_constants_only-s43,1.0,49,0.0603833400430093,0.046184177278107696,0.05376963489528741,0.05376963489528741,0.04254106859947708
time_constants_only-s43,1.0,50,0.06112024450304437,0.046867167177065176,0.05447760059678586,0.05447760059678586,0.044000281068070926
time_constants_only-s43,1.0,51,0.06185649757405629,0.04755303746289864,0.05518656677730179,0.05518656677730179,0.045507024948104435
time_constants_only-s43,1.0,52,0.06259179105653684,0.04824150830399482,0.055896234378493594,0.055896234378493594,0.047062595109880576
time_constants_only-s43,1.0,53,0.06332581740026197,0.04893230439310225,0.05660630776740047,0.05660630776740047,0.048668315316894875
time_constants_only-s43,1.0,54,0.06405827245641876,0.04962515462504905,0.05731649597894313,0.05731649597894313,0.05032553643822729
time_constants_only-s43,1.0,55,0.06478885431149672,0.05031979176266957,0.05802651182530746,0.05802651182530746,0.05203563717099459
time_constants_only-s43,1.0,56,0.06551726412162247,0.05101595214003685,0.05873607209858561,0.05873607209858561,0.05380002367462578
time_constants_only-s43,1.0,57,0.06624320573726947,0.05171337503726557,0.059444897009201185,0.059444897009201185,0.05562013003538152
time_constants_only-s43,1.0,58,0.0669663863566275,0.05241180273706208,0.06015271047504813,0.06015271047504813,0.0574974179294241
time_constants_only-s43,1.0,59,0.06768651582621997,0.05311097992187341,0.06085923940355451,0.06085923940355451,0.0594333774790264
time_constants_only-s43,1.0,60,0.06840330878012271,0.053810654109267775,0.06156421499742075,0.06156421499742075,0.061429525929526566
time_constants_only-s43,1.0,61,0.06911648395301233,0.05451057511945826,0.0622673720911743,0.0622673720911743,0.06348740857420052
time_constants_only-s43,1.0,62,0.06982576409913145,0.055210494769102496,0.0629684489228128,0.0629684489228128,0.06560859917869874
time_constants_only-s43,1.0,63,0.07053087743066111,0.05591016737062797,0.0636671881095352,0.0636671881095352,0.06779469929977389
time_constants_only-s43,1.0,64,0.071231557071069,0.05660934908583476,0.06436333601404357,0.06436333601404357,0.07004733924130707
time_constants_only-s43,1.0,65,0.07192754208153837,0.05730779849053192,0.06505664351994389,0.06505664351994389,0.07236817767070407
time_constants_only-s43,1.0,66,0.07261857779352374,0.05800527632177902,0.06574686609168816,0.06574686609168816,0.07475890196371815
time_constants_only-s43,1.0,67,0.07330441702309898,0.058701545783427914,0.06643376454294897,0.06643376454294897,0.07722122781456675
time_constants_only-s43,1.0,68,0.0739848196008107,0.05939637206506012,0.06711710454362446,0.06711710454362446,0.07975690035862197
time_constants_only-s43,1.0,69,0.07465955257776345,0.06008952342515784,0.06779665718482733,0.06779665718482733,0.08236769413120013
time_constants_only-s43,1.0,70,0.07532839109205566,0.06078077074615232,0.06847219924959326,0.06847219924959326,0.08505541335006449
time_constants_only-s43,1.0,71,0.07599111949537532,0.061469887799233076,0.06914351390806497,0.06914351390806497,0.08782189179902565
time_constants_only-s43,1.0,72,0.07664753058990728,0.062156651466422186,0.06981039040619055,0.06981039040619055,0.09066899381847507
time_constants_only-s43,1.0,73,0.07729742719445812,0.06284084190306334,0.07047262495126512,0.07047262495126512,0.09359861411789433
time_constants_only-s43,1.0,74,0.07794062131939426,0.06352224325380243,0.07113002058455335,0.07113002058455335,0.09661267866455553
time_constants_only-s43,1.0,75,0.07857693495229943,0.06420064307920978,0.07178238732717519,0.07178238732717519,0.09971314521888908
time_constants_only-s43,1.0,76,0.07920620168663443,0.0648758332627278,0.0724295434511068,0.0724295434511068,0.10290200274495169
time_constants_only-s43,1.0,77,0.07982826478460116,0.06554761013037445,0.07307131446231697,0.07307131446231697,0.10618127347100763
time_constants_only-s43,1.0,78,0.08044297876818887,0.06621577474414579,0.07370753409684246,0.07370753409684246,0.10955301257988623
time_constants_only-s43,1.0,79,0.08105020955515341,0.06688013287801234,0.07433804436127003,0.07433804436127003,0.11301930912286379
time_constants_only-s43,1.0,80,0.08164983349963083,0.0675404954196763,0.07496269515264423,0.07496269515264423,0.11658228718018185
time_constants_only-s43,1.0,81,0.08224174024574632,0.0681966790429717,0.0755813461382856,0.0755813461382856,0.1202441050634051
time_constants_only-s43,1.0,82,0.08282582939786791,0.06884850603765723,0.07619386479180926,0.07619386479180926,0.1240069580823288
time_constants_only-s43,1.0,83,0.08340201318660634,0.06949580451667058,0.0768001280032605,0.0768001280032605,0.1278730780368323
time_constants_only-s43,1.0,84,0.08397021416241923,0.07013840896557443,0.07740002099082892,0.07740002099082892,0.13184473537524996
time_constants_only-s43,1.0,85,0.08453036697478562,0.070776160094785,0.077993438201026,0.077993438201026,0.1359242391704147
time_constants_only-s43,1.0,86,0.0850824188129194,0.0714089053439842,0.0785802837658078,0.0785802837658078,0.1401139377701489
time_constants_only-s43,1.0,87,0.08562632624543272,0.07203649893430548,0.07916046981442135,0.07916046981442135,0.14441622179795294
time_constants_only-s43,1.0,88,0.0861620590592909,0.07265880182973011,0.07973391849026731,0.07973391849026731,0.14883352289111296
time_constants_only-s43,1.0,89,0.08668959722634408,0.07327568258399289,0.08030056070486491,0.08030056070486491,0.15336831644186336
time_constants_only-s43,1.0,90,0.0872089306850878,0.07388701667426122,0.08086033570300628,0.08086033570300628,0.15802312313823974
time_constants_only-s43,1.0,91,0.0877200609252994,0.07449268708197743,0.08141319216886128,0.08141319216886128,0.16280050892987902
time_constants_only-s43,1.0,92,0.08822299850908753,0.07509258401296301,0.08195908674841304,0.08195908674841304,0.16770308793337674
time_constants_only-s43,1.0,93,0.088717764020753,0.07568660509149197,0.08249798464151423,0.08249798464151423,0.1727335230199122
time_constants_only-s43,1.0,94,0.08920438790450559,0.07627465598670521,0.08302985980716064,0.08302985980716064,0.17789452690220298
time_constants_only-s43,1.0,95,0.08968290921590927,0.07685664928085265,0.08355469374256423,0.08355469374256423,0.18318886468323287
time_constants_only-s43,1.0,96,0.09015337544744673,0.07743250581824293,0.08407247603963083,0.08407247603963083,0.18861935479060699
time_constants_only-s43,1.0,97,0.09061584122487241,0.07800215324505287,0.08458320297807181,0.08458320297807181,0.19418887168811214
time_constants_only-s43,1.0,98,0.09107037066119726,0.07856552707702952,0.08508687929541375,0.08508687929541375,0.19990034535333545
time_constants_only-s43,1.0,99,0.09151703331135494,0.07912257002743867,0.08558351569828973,0.08558351569828973,0.20575676556232575
time_constants_only-s43,1.0,100,0.09195590618426995,0.07967323187337721,0.08607312988059586,0.08607312988059586,0.2117611820475233
time_constants_only-s43,1.0,101,0.09238707278478887,0.08021747040494341,0.08655574645376046,0.08655574645376046,0.21791670628306675
time_constants_only-s43,1.0,102,0.09281061993272241,0.08075524938493286,0.08703139432380987,0.08703139432380987,0.22422651561985313
time_constants_only-s43,1.0,103,0.0932266414210111,0.08128654001466984,0.08750010928870407,0.08750010928870407,0.23069385218863775
time_constants_only-s43,1.0,104,0.0936352348603721,0.08181131998155453,0.08796193196461638,0.08796193196461638,0.2373220266937835
time_constants_only-s43,1.0,105,0.09403650119154618,0.08232957315128671,0.08841690735756282,0.08841690735756282,0.2441144204290414
time_constants_only-s43,1.0,106,0.09443054694051041,0.08284129048600791,0.08886508651681177,0.08886508651681177,0.2510744852223322
time_constants_only-s43,1.0,107,0.0948174780428727,0.08334646794794717,0.08930652225459204,0.08930652225459204,0.2582057497686216
time_constants_only-s43,1.0,108,0.09519740479213565,0.08384510811102283,0.08974127259719143,0.08974127259719143,0.2655118175523933
time_constants_only-s43,1.0,109,0.09557044008045826,0.08433721855102413,0.09016939905127822,0.09016939905127822,0.2729963704618266
time_constants_only-s43,1.0,110,0.09593669623549149,0.0848228123020806,0.09059096516869845,0.09059096516869845,0.2806631722607499
time_constants_only-s43,1.0,111,0.09629628704141242,0.08530190765936158,0.09100603756460557,0.09100603756460557,0.28851606932945684
time_constants_only-s43,1.0,112,0.09664932806730225,0.08577452697968693,0.09141468549572074,0.09141468549572074,0.29655899277930964
time_constants_only-s43,1.0,113,0.09699593322006753,0.08624069786888706,0.09181697966304023,0.09181697966304023,0.30479596197537406
time_constants_only-s43,1.0,114,0.09733621766207347,0.08670045154238469,0.09221299294700451,0.09221299294700451,0.31323108550434153
time_constants_only-s43,1.0,115,0.09767029472787075,0.08715382313523064,0.09260279898121011,0.09260279898121011,0.3218685647444559
time_constants_only-s43,1.0,116,0.09799827607767962,0.08760085159605263,0.09298647217741665,0.09298647217741665,0.33071269605551923
time_constants_only-s43,1.0,117,0.09832027343427932,0.08804157882785002,0.09336408825525781,0.09336408825525781,0.33976787205970216
time_constants_only-s43,1.0,118,0.09863639567186447,0.08847605012007355,0.09373572294739041,0.09373572294739041,0.349038585389458
time_constants_only-s43,1.0,119,0.09894674980431974,0.08890431292168285,0.09410145191597162,0.09410145191597162,0.3585294307703921
time_constants_only-s43,1.0,120,0.09925144050420077,0.0893264178132163,0.09446135102372691,0.09446135102372691,0.36824510727745274
time_constants_only-s43,1.0,121,0.09955057053593715,0.08974241667255681,0.09481549567160907,0.09481549567160907,0.37819042097296496
time_constants_only-s43,1.0,122,0.09984423905378687,0.0901523639228253,0.09516396054293805,0.09516396054293805,0.38837028783212896
time_constants_only-s43,1.0,123,0.10013254332295182,0.09055631533147053,0.09550681993994004,0.09550681993994004,0.39878973558688113
time_constants_only-s43,1.0,124,0.10041557762876098,0.09095432845405241,0.09584414743521459,0.09584414743521459,0.4094539066363678
time_constants_only-s43,1.0,125,0.10069343146434956,0.09134646119934463,0.09617601425932693,0.09617601425932693,0.42036806233991314
time_constants_only-s43,1.0,126,0.10096619311181408,0.09173277298424139,0.0965024917523532,0.0965024917523532,0.43153758283378724
time_constants_only-s43,1.0,127,0.10123394617434683,0.0921133234705701,0.09682364892254111,0.09682364892254111,0.4429679723188098
time_constants_only-s43,1.0,128,0.10149677213367203,0.09248817318192566,0.09713955415485484,0.09713955415485484,0.4546648599601912
time_constants_only-s43,1.0,129,0.10175474759349588,0.09285738268494201,0.09745027334939727,0.09745027334939727,0.4666340045802162
time_constants_only-s43,1.0,130,0.10200794745115804,0.09322101244632874,0.09775587153247335,0.09775587153247335,0.478881295712246
time_constants_only-s43,1.0,131,0.10225644349942721,0.09357912306131841,0.09805641225633872,0.09805641225633872,0.4914127570665252
time_constants_only-s43,1.0,132,0.10250030334725191,0.09393177517913001,0.09835195699731387,0.09835195699731387,0.5042345503962836
time_constants_only-s43,1.0,133,0.10273959237595959,0.09427902876516117,0.09864256584940517,0.09864256584940517,0.5173529773765593
time_constants_only-s43,1.0,134,0.10297437107842965,0.09462094296474445,0.09892829608166487,0.09892829608166487,0.5307744844682317
time_constants_only-s43,1.0,135,0.10320469962223752,0.09495757691925254,0.09920920489903161,0.09920920489903161,0.5445056630039233
time_constants_only-s43,1.0,136,0.10343063400876565,0.09528898875011857,0.09948534698807067,0.09948534698807067,0.5585532551256455
time_constants_only-s43,1.0,137,0.10365222922185652,0.09561523564194642,0.09975677616777952,0.09975677616777952,0.5729241550155972
time_constants_only-s43,1.0,138,0.1038695358810692,0.09593637412343303,0.10002354382523605,0.10002354382523605,0.5876254143812247
time_constants_only-s43,1.0,139,0.10408260314633593,0.09625245965109562,0.10028570019979774,0.10028570019979774,0.6026642441013383
time_constants_only-s43,1.0,140,0.10429147902288011,0.09656354744897815,0.10054329498180833,0.10054329498180833,0.6180480174587039
time_constants_only-s43,1.0,141,0.10449620814683011,0.09686969049886676,0.10079637517431479,0.10079637517431479,0.6337842756439473
time_constants_only-s43,1.0,142,0.10469683442193656,0.09717094195410814,0.1010449876345946,0.1010449876345946,0.6498807290537507
time_constants_only-s43,1.0,143,0.1048933998992872,0.09746735305170223,0.10128917747343069,0.10128917747343069,0.6663452625109861
time_constants_only-s43,1.0,144,0.10508594554222386,0.09775897449935535,0.10152898915019323,0.10152898915019323,0.6831859380723198
time_constants_only-s43,1.0,145,0.10527451214099567,0.09804585589681471,0.10176446663343161,0.10176446663343161,0.7004109987227549
time_constants_only-s43,1.0,146,0.10545913847958921,0.09832804612467788,0.101995652661867,0.101995652661867,0.7180288732978083
time_constants_only-s43,1.0,147,0.1056398634116269,0.09860559305241282,0.10222258964228768,0.10222258964228768,0.7360481794595557
time_constants_only-s43,1.0,148,0.10581672430186505,0.09887854321663658,0.10244531872595225,0.10244531872595225,0.7544777290212881
time_constants_only-s43,1.0,149,0.10598975866997508,0.09914694276754363,0.1026638810696394,0.1026638810696394,0.7733265308640898
time_constants_only-s43,1.0,150,0.10615900383794419,0.09941083724279189,0.10287831758149946,0.10287831758149946,0.7926037955805149
time_constants_only-s43,1.0,151,0.10632449743907489,0.09967027087496853,0.1030886687996389,0.1030886687996389,0.8123189400956486
time_constants_only-s43,1.0,152,0.10648627707850805,0.09992528756480157,0.10329497521757577,0.10329497521757577,0.832481591885389
time_constants_only-s43,1.0,153,0.10664437955053463,0.10017593060290159,0.10349727669612761,0.10349727669612761,0.8531015944594054
time_constants_only-s43,1.0,154,0.1067988439743805,0.1004222426309259,0.1036956140946186,0.1036956140946186,0.8741890102061014
time_constants_only-s43,1.0,155,0.10694970838601099,0.10066426591945477,0.10389002761960127,0.10389002761960127,0.8957541271918903
time_constants_only-s43,1.0,156,0.10709701153602563,0.10090204250516464,0.10408055781870207,0.10408055781870207,0.9178074631432562
time_constants_only-s43,1.0,157,0.10724079367619861,0.10113561362849627,0.1042672456916135,0.1042672456916135,0.9403597702363765
time_constants_only-s43,1.0,158,0.10738109502497298,0.10136502060305344,0.10445013231931757,0.10445013231931757,0.9634220410835488
time_constants_only-s43,1.0,159,0.10751795789907567,0.10159030465938954,0.10462925988290711,0.10462925988290711,0.9870055127019886
time_constants_only-s43,1.0,160,0.10765142354248614,0.10181150641951874,0.10480466974824286,0.10480466974824286,1.0111216742757918
time_constants_only-s43,1.0,161,0.10778153426363181,0.10202866686904483,0.10497640406284091,0.10497640406284091,1.0357822709389852
time_constants_only-s43,1.0,162,0.1079083356420341,0.10224182700708351,0.10514450668259955,0.10514450668259955,1.0609993084568057
time_constants_only-s43,1.0,163,0.10803187161116774,0.10245102743787544,0.10530902043634763,0.10530902043634763,1.0867850620902908
time_constants_only-s43,1.0,164,0.10815218870598892,0.102656309358924,0.10546998979681173,0.10546998979681173,1.1131520797320225
time_constants_only-s43,1.0,165,0.10826933228420288,0.1028577136810386,0.10562745851183093,0.10562745851183093,1.1401131906053725
time_constants_only-s43,1.0,166,0.10838335065033536,0.10305528177399993,0.10578147204483912,0.10578147204483912,1.1676815086714711
time_constants_only-s43,1.0,167,0.10849429212345128,0.10324905524607274,0.10593207598901783,0.10593207598901783,1.1958704410191152
time_constants_only-s43,1.0,168,0.10860220510819413,0.10343907580703614,0.10607931599981599,0.10607931599981599,1.2246936943594107
time_constants_only-s43,1.0,169,0.10870714058717915,0.10362538570260296,0.10622323931401773,0.10622323931401773,1.2541652799547045
time_constants_only-s43,1.0,170,0.10880914836621924,0.103808027192032,0.10636389254129211,0.10636389254129211,1.2842995230698753
time_constants_only-s43,1.0,171,0.1089082797279599,0.10398704291969307,0.10650132320261141,0.10650132320261141,1.3151110680193123
time_constants_only-s43,1.0,172,0.10900458735305953,0.10416247604492278,0.10663557976487115,0.10663557976487115,1.3466148854453435
time_constants_only-s43,1.0,173,0.10909812336416562,0.10433437007026138,0.10676671051384143,0.10676671051384143,1.3788262808274308
time_constants_only-s43,1.0,174,0.10918894083650257,0.10450276883321409,0.10689476438518473,0.10689476438518473,1.411760900969803
time_constants_only-s43,1.0,175,0.1092770939839272,0.10466771651646634,0.1070197909821528,0.1070197909821528,1.4454347416388482
time_constants_only-s43,1.0,176,0.10936263467775902,0.10482925751750452,0.10714183880423038,0.10714183880423038,1.4798641573197568
time_constants_only-s43,1.0,177,0.10944561800278259,0.10498743694739945,0.10726095827502438,0.10726095827502438,1.5150658657779688
time_constants_only-s43,1.0,178,0.1095260969791572,0.1051422998994615,0.1073771987056294,0.1073771987056294,1.5510569595571277
time_constants_only-s43,1.0,179,0.10960412592823078,0.10529389195730188,0.10749061030292328,0.10749061030292328,1.5878549122054229
time_constants_only-s43,1.0,180,0.10967976085013592,0.10544225882169318,0.10760124409378657,0.10760124409378657,1.625477586638644
time_constants_only-s43,1.0,181,0.10975305465685335,0.1055874471633971,0.10770914997735728,0.10770914997735728,1.6639432462804162
time_constants_only-s43,1.0,182,0.10982406155928078,0.1057295034490139,0.1078143783627131,0.1078143783627131,1.7032705618638477
time_constants_only-s43,1.0,183,0.10989283613005492,0.10586847398731007,0.10791697972614576,0.10791697972614576,1.743478621136099
time_constants_only-s43,1.0,184,0.109959431705714,0.10600440621706815,0.10801700442730776,0.10801700442730776,1.7845869384413446
time_constants_only-s43,1.0,185,0.11002390170288337,0.10613734714496703,0.1081145026025331,0.1081145026025331,1.8266154641252972
time_constants_only-s43,1.0,186,0.1100863000362344,0.10626734437624658,0.10820952489167954,0.10820952489167954,1.8695845935730813
time_constants_only-s43,1.0,187,0.11014667826148984,0.10639444498966853,0.10830212043833637,0.10830212043833637,1.9135151792392726
time_constants_only-s43,1.0,188,0.11020508860249928,0.10651869680495177,0.10839233905454476,0.10839233905454476,1.9584285386271185
time_constants_only-s43,1.0,189,0.11026158347599808,0.10664014717821188,0.10848023038122957,0.10848023038122957,2.004346465230419
time_constants_only-s43,1.0,190,0.11031621425356644,0.10675884433356433,0.10856584392788354,0.10856584392788354,2.051291239439976
time_constants_only-s43,1.0,191,0.11036903109673193,0.10687483564515618,0.1086492281310886,0.1086492281310886,2.0992856402359705
time_constants_only-s43,1.0,192,0.11042008361520568,0.10698816887918323,0.10873043130798138,0.10873043130798138,2.148352955148563
time_constants_only-s43,1.0,193,0.11046942167868501,0.10709889174536466,0.1088095018610383,0.1088095018610383,2.1985169916115206
time_constants_only-s43,1.0,194,0.11051709328304476,0.10720705167335341,0.10888648707164882,0.10888648707164882,2.249802089522089
time_constants_only-s43,1.0,195,0.11056314548259523,0.10731269575166963,0.10896143356970954,0.10896143356970954,2.3022331328825034
time_constants_only-s43,1.0,196,0.11060762642870459,0.10741587153583582,0.10903438871507205,0.10903438871507205,2.35583556012128
time_constants_only-s43,1.0,197,0.11065058195408273,0.10751662579328247,0.10910539832287408,0.10910539832287408,2.4106353791479465
time_constants_only-s43,1.0,198,0.11069205673465242,0.10761500544197344,0.10917450766212684,0.10917450766212684,2.46665917888296
time_constants_only-s43,1.0,199,0.11073209447456347,0.10771105688551591,0.10924176123962366,0.10924176123962366,2.523934142282517
time_constants_only-s43,1.0,200,0.1107707405484469,0.10780482664269701,0.10930720446107028,0.10930720446107028,2.5824880578089897
time_constants_only-s43,1.0,201,0.1108080366215211,0.10789636032313313,0.10937088038673769,0.10937088038673769,2.642349336537633
time_constants_only-s43,1.0,202,0.11084402432722722,0.107985703579421,0.10943283207862696,0.10943283207862696,2.7035470233069607
time_constants_only-s43,1.0,203,0.11087874407070086,0.10807290144871909,0.10949310167201212,0.10949310167201212,2.7661108120095417
time_constants_only-s43,1.0,204,0.1109122367809369,0.10815799881308524,0.10955173148640716,0.10955173148640716,2.830071058542024
time_constants_only-s43,1.0,205,0.11094454053690518,0.1082410396261717,0.10960876193527554,0.10960876193527554,2.895458798096582
time_constants_only-s43,1.0,206,0.11097569377113548,0.10832206796043581,0.1096642336578124,0.1096642336578124,2.9623057578273926
time_constants_only-s43,1.0,207,0.11100573306790627,0.10840112727251847,0.10971818607585859,0.10971818607585859,3.0306443738357705
time_constants_only-s43,1.0,208,0.11103469522564567,0.10847826023996525,0.1097706583249238,0.1097706583249238,3.1005078059059334
time_constants_only-s43,1.0,209,0.11106261525160134,0.10855350937759872,0.1098216885530297,0.1098216885530297,3.1719299543474637
time_constants_only-s43,1.0,210,0.11108952723002741,0.10862691686102606,0.10987131428867891,0.10987131428867891,3.2449454761780303
time_constants_only-s43,1.0,211,0.11111546507551796,0.10869852356865446,0.10991957233294428,0.10991957233294428,3.3195898019631693
time_constants_only-s43,1.0,212,0.11114046091109098,0.10876837041331136,0.109966498607813,0.109966498607813,3.395899153301115
time_constants_only-s43,1.0,213,0.11116454690685475,0.10883649739398284,0.11001212861715676,0.11001212861715676,3.4739105598235485
time_constants_only-s43,1.0,214,0.11118775337632306,0.10890294386260463,0.11005649660892623,0.11005649660892623,3.5536618780946028
time_constants_only-s43,1.0,215,0.11121011027603375,0.10896774925498529,0.11009963670680582,0.11009963670680582,3.635191808980981
time_constants_only-s43,1.0,216,0.11123164645848133,0.10903095174423853,0.1101415818557514,0.1101415818557514,3.7185399173070905
time_constants_only-s43,1.0,217,0.11125239113483604,0.1090925888351906,0.11018236487022168,0.11018236487022168,3.8037466500103188
time_constants_only-s43,1.0,218,0.11127237098434688,0.10915269807161891,0.11022201731866287,0.11022201731866287,3.8908533572970296
time_constants_only-s43,1.0,219,0.11129161208016482,0.10921131550935259,0.11026056971917646,0.11026056971917646,3.979902312017558
time_constants_only-s43,1.0,220,0.1113101402120018,0.1092684770682443,0.11029805241020967,0.11029805241020967,4.070936729667179
time_constants_only-s43,1.0,221,0.11132798093043933,0.10932421792251999,0.11033449524321408,0.11033449524321408,4.164000789474235
time_constants_only-s43,1.0,222,0.11134515873336634,0.10937857279195319,0.11036992732567949,0.11036992732567949,4.259139656303731
time_constants_only-s43,1.0,223,0.1113616962258797,0.10943157525176024,0.11040437626113513,0.11040437626113513,4.356399503280211
time_constants_only-s43,1.0,224,0.11137761701102296,0.10948325885863926,0.11043787015760742,0.11043787015760742,4.455827532152341
time_constants_only-s43,1.0,225,0.11139294184116623,0.10953365616658862,0.11047043519969198,0.11047043519969198,4.557471998825876
time_constants_only-s43,1.0,226,0.11140769304228444,0.10958279920804344,0.11050209811496109,0.11050209811496109,4.661382233988116
time_constants_only-s43,1.0,227,0.11142189077308293,0.10963071927817236,0.11053288419723115,0.11053288419723115,4.767608669384785
time_constants_only-s43,1.0,228,0.11143555486731907,0.1096774470370837,0.11056281826362234,0.11056281826362234,4.876202861251899
time_constants_only-s43,1.0,229,0.11144870422133757,0.10972301258050357,0.11059192439679469,0.11059192439679469,4.987217515528702
time_constants_only-s43,1.0,230,0.11146135821254514,0.10976744515597778,0.11062022651015906,0.11062022651015906,5.100706512895499
time_constants_only-s43,1.0,231,0.11147353451030251,0.10981077347971993,0.11064774740714292,0.11064774740714292,5.216724935978733
time_constants_only-s43,1.0,232,0.11148525095791459,0.10985302595228305,0.11067450983588242,0.11067450983588242,5.335329095096537
time_constants_only-s43,1.0,233,0.1114965233685708,0.10989423014045709,0.11070053511539366,0.11070053511539366,5.456576556823834
time_constants_only-s43,1.0,234,0.11150736942759114,0.10993441275021826,0.11072584509685278,0.11072584509685278,5.58052616985562
time_constants_only-s43,1.0,235,0.11151780402148845,0.1099736002269371,0.11075046010060875,0.11075046010060875,5.7072380961263045
time_constants_only-s43,1.0,236,0.11152784167232127,0.11001181813817293,0.1107743998417549,0.1107743998417549,5.836773838674989
time_constants_only-s43,1.0,237,0.11153749828597782,0.1100490918190579,0.11079768462654847,0.11079768462654847,5.969196270362367
time_constants_only-s43,1.0,238,0.11154678691856557,0.11008544572716726,0.11082033290175539,0.11082033290175539,6.104569667120682
time_constants_only-s43,1.0,239,0.1115557220030007,0.11012090396664638,0.1108423636431273,0.1108423636431273,6.242959736451652
time_constants_only-s43,1.0,240,0.11156431561254712,0.11015548968683068,0.11086379417599865,0.11086379417599865,6.3844336516940645
time_constants_only-s43,1.0,241,0.11157258159694475,0.11018922575829958,0.11088464258672853,0.11088464258672853,6.529060082147405
time_constants_only-s43,1.0,242,0.11158053151292745,0.11022213445483643,0.11090492552084921,0.11090492552084921,6.676909228712334
time_constants_only-s43,1.0,243,0.11158817738982442,0.11025423742344333,0.11092465956739721,0.11092465956739721,6.828052856489574
time_constants_only-s43,1.0,244,0.111595529927178,0.11028555592007146,0.11094386045242127,0.11094386045242127,6.982564330572461
time_constants_only-s43,1.0,245,0.11160260093702537,0.11031611047415871,0.11096254411828899,0.11096254411828899,7.14051865030402
time_constants_only-s43,1.0,246,0.11160940060107603,0.11034592114752871,0.11098072545606874,0.11098072545606874,7.30199248734509
time_constants_only-s43,1.0,247,0.11161593932277868,0.11037500831100158,0.11099841963340767,0.11099841963340767,7.467064221280793
time_constants_only-s43,1.0,248,0.11162222782594457,0.11040339066365269,0.11101564115522525,0.11101564115522525,7.635813978616418
time_constants_only-s43,1.0,249,0.11162827434001121,0.1104310866876151,0.11103240317343444,0.11103240317343444,7.808323672710165
time_constants_only-s43,1.0,250,0.11163408857192071,0.11045811473823318,0.11104871952752834,0.11104871952752834,7.9846770410278864
time_constants_only-s43,1.0,251,0.11163967878915917,0.1104844924199587,0.11106460296769609,0.11106460296769609,8.164959687998312
time_constants_only-s43,1.0,252,0.11164505370022126,0.11051023702064049,0.11108006631216737,0.11108006631216737,8.349259125106332
time_constants_only-s43,1.0,253,0.11165022199876261,0.11053536551136195,0.11109512222389892,0.11109512222389892,8.537664813718807
time_constants_only-s43,1.0,254,0.1116551913395187,0.11055989406162736,0.11110978244946151,0.11110978244946151,8.730268209310804
time_constants_only-s43,1.0,255,0.11165996814365596,0.11058383866964358,0.11112405804046589,0.11112405804046589,8.927162805777392
time_constants_only-s43,1.0,256,0.11166456072931064,0.11060721486655221,0.11113796077030924,0.11113796077030924,9.128444178995213
